# Blender 4.3.2
# www.blender.org
mtllib 兽1.mtl
o 兽1
v 0.959029 -0.090813 0.617661
v 0.956017 -0.090836 0.618648
v 0.992946 -0.084075 0.629583
v 0.991220 -0.084919 0.627193
v 0.953233 -0.089887 0.619108
v 0.994464 -0.082338 0.631317
v 0.952024 -0.088630 0.618986
v 0.995022 -0.080759 0.631718
v 0.952014 -0.087108 0.618455
v 0.994817 -0.079273 0.631131
v 0.955225 -0.084614 0.616703
v 0.992547 -0.077782 0.627755
v 0.955532 -0.082424 0.615854
v 0.992054 -0.075739 0.626669
v 0.959001 -0.080137 0.613960
v 0.989713 -0.074515 0.623055
v 0.958139 -0.079068 0.613891
v 0.990042 -0.073229 0.623339
v 0.957268 -0.079367 0.614275
v 0.990591 -0.073268 0.624142
v 0.955740 -0.078624 0.614490
v 0.991377 -0.072101 0.625043
v 0.954368 -0.076890 0.614290
v 0.991944 -0.070014 0.625417
v 0.953464 -0.074219 0.613620
v 0.992105 -0.067147 0.625063
v 0.951564 -0.070426 0.612781
v 0.992744 -0.062889 0.624976
v 0.967522 -0.070796 0.607404
v 0.981238 -0.070124 0.605823
v 0.983664 -0.067789 0.612346
v 0.973520 -0.071536 0.603537
v 0.974215 -0.076912 0.604321
v 0.982199 -0.075451 0.606685
v 0.975740 -0.079356 0.603345
v 0.982396 -0.078138 0.605315
v 0.977506 -0.080856 0.601184
v 0.982688 -0.079907 0.602718
v 0.977635 -0.080534 0.600838
v 0.982654 -0.079615 0.602324
v 0.978029 -0.080962 0.600183
v 0.982837 -0.080082 0.601606
v 0.978148 -0.081606 0.600142
v 0.982993 -0.080719 0.601576
v 0.978991 -0.083967 0.598749
v 0.983882 -0.083072 0.600196
v 0.978944 -0.085255 0.599459
v 0.983997 -0.084330 0.600955
v 0.978999 -0.086253 0.599739
v 0.984154 -0.085310 0.601265
v 0.978867 -0.086735 0.600352
v 0.984102 -0.085778 0.601901
v 0.978436 -0.086167 0.601221
v 0.983789 -0.085188 0.602806
v 0.977974 -0.085509 0.601958
v 0.983535 -0.084491 0.603605
v 0.977481 -0.085216 0.602767
v 0.983391 -0.084134 0.604516
v 0.977273 -0.086382 0.603565
v 0.983528 -0.085237 0.605416
v 0.980601 -0.086344 0.605211
v 0.979816 -0.086067 0.606686
v 0.975495 -0.086085 0.605907
v 0.983550 -0.084610 0.608292
v 0.974784 -0.085719 0.606575
v 0.983616 -0.084103 0.609191
v 0.972922 -0.085560 0.608306
v 0.984056 -0.083522 0.611603
v 0.971307 -0.087076 0.610143
v 0.984808 -0.084604 0.614142
v 0.985412 -0.084465 0.615895
v 0.969941 -0.087300 0.611184
v 0.967503 -0.087236 0.612647
v 0.986389 -0.083779 0.618238
v 0.965208 -0.088872 0.614429
v 0.987697 -0.084755 0.621088
v 0.959529 -0.089138 0.616888
v 0.990715 -0.083429 0.626122
v 0.967707 -0.072236 0.607715
v 0.968305 -0.076588 0.608664
v 0.968456 -0.077621 0.608892
v 0.969539 -0.084362 0.610413
v 0.984284 -0.072510 0.613392
v 0.984500 -0.074344 0.613790
v 0.984598 -0.075216 0.613978
v 1.035560 -0.100601 0.432977
v 1.032241 -0.101826 0.432391
v 1.035555 -0.101187 0.433342
v 1.032246 -0.101239 0.432025
v 1.031900 -0.100986 0.433095
v 1.035215 -0.100348 0.434047
v 1.031755 -0.100098 0.433077
v 1.035070 -0.099461 0.434029
v 1.031308 -0.098874 0.433922
v 1.034624 -0.098238 0.434874
v 1.031306 -0.098007 0.433416
v 1.034621 -0.097370 0.434368
v 1.030958 -0.097362 0.434259
v 1.034274 -0.096727 0.435210
v 1.030992 -0.097067 0.433964
v 1.034308 -0.096431 0.434916
v 1.030595 -0.096102 0.434789
v 1.033912 -0.095467 0.435741
v 1.030624 -0.095769 0.434486
v 1.033941 -0.095133 0.435438
v 1.030339 -0.094202 0.434560
v 1.033656 -0.093567 0.435511
v 1.030110 -0.093762 0.435102
v 1.033428 -0.093128 0.436055
v 1.030157 -0.093587 0.434835
v 1.033474 -0.092953 0.435786
v 1.029617 -0.092249 0.435937
v 1.032936 -0.091615 0.436890
v 1.029643 -0.091996 0.435699
v 1.032961 -0.091363 0.436650
v 1.029484 -0.091340 0.435866
v 1.032803 -0.090707 0.436818
v 1.029049 -0.091372 0.437419
v 1.032368 -0.090740 0.438371
v 1.028839 -0.089581 0.437091
v 1.032159 -0.088949 0.438043
v 1.028979 -0.089297 0.436432
v 1.032298 -0.088665 0.437383
v 1.028797 -0.088518 0.436608
v 1.032116 -0.087886 0.437559
v 1.028844 -0.088027 0.436151
v 1.032164 -0.087395 0.437103
v 1.029956 -0.088280 0.432389
v 1.033272 -0.087646 0.433339
v 1.030518 -0.090850 0.431935
v 1.033834 -0.090215 0.432886
v 1.030745 -0.091381 0.431450
v 1.034060 -0.090745 0.432401
v 1.030156 -0.088389 0.431746
v 1.033473 -0.087754 0.432696
v 1.030681 -0.088439 0.429927
v 1.033996 -0.087804 0.430878
v 1.031553 -0.093175 0.429668
v 1.034867 -0.092538 0.430619
v 1.031638 -0.094432 0.430116
v 1.034952 -0.093795 0.431067
v 1.031490 -0.095610 0.431340
v 1.034804 -0.094973 0.432291
v 1.031779 -0.096934 0.431109
v 1.035093 -0.096296 0.432060
v 1.032122 -0.097616 0.430305
v 1.035435 -0.096978 0.431256
v 1.032192 -0.097204 0.429813
v 1.035505 -0.096565 0.430764
v 1.032901 -0.099605 0.428741
v 1.036212 -0.098965 0.429692
v 1.032907 -0.100242 0.429100
v 1.036219 -0.099603 0.430051
v 1.032781 -0.100251 0.429547
v 1.036093 -0.099611 0.430498
v 1.032762 -0.100572 0.429808
v 1.036074 -0.099933 0.430759
v 1.032508 -0.100562 0.430699
v 1.035820 -0.099923 0.431650
v 1.032404 -0.101627 0.431697
v 1.035718 -0.100988 0.432649
v 1.041140 -0.101002 0.415294
v 1.037834 -0.101607 0.414974
v 1.040973 -0.100984 0.415877
v 1.038002 -0.101626 0.414391
v 1.037792 -0.102102 0.415415
v 1.040933 -0.101478 0.416319
v 1.037585 -0.101931 0.416047
v 1.040726 -0.101308 0.416950
v 1.037655 -0.102216 0.415971
v 1.040795 -0.101593 0.416874
v 1.037385 -0.102172 0.416897
v 1.040527 -0.101549 0.417802
v 1.037359 -0.102641 0.417273
v 1.040501 -0.102019 0.418177
v 1.037202 -0.102164 0.417540
v 1.040344 -0.101542 0.418444
v 1.037080 -0.102707 0.418297
v 1.040224 -0.102086 0.419201
v 1.036849 -0.101432 0.418341
v 1.039993 -0.100811 0.419245
v 1.036576 -0.100324 0.418641
v 1.039720 -0.099703 0.419545
v 1.036555 -0.099706 0.418338
v 1.039700 -0.099085 0.419242
v 1.036180 -0.098969 0.419220
v 1.039325 -0.098349 0.420123
v 1.036193 -0.098669 0.418993
v 1.039338 -0.098049 0.419897
v 1.035961 -0.097881 0.419337
v 1.039106 -0.097261 0.420241
v 1.035664 -0.097208 0.419977
v 1.038811 -0.096588 0.420881
v 1.035723 -0.096883 0.419575
v 1.038869 -0.096264 0.420479
v 1.035578 -0.095917 0.419501
v 1.038725 -0.095298 0.420405
v 1.035291 -0.095542 0.420291
v 1.038438 -0.094923 0.421195
v 1.035269 -0.095046 0.420068
v 1.038417 -0.094428 0.420972
v 1.034590 -0.093524 0.421544
v 1.037740 -0.092906 0.422449
v 1.034403 -0.092751 0.421740
v 1.037553 -0.092134 0.422645
v 1.034690 -0.093118 0.420949
v 1.037839 -0.092501 0.421853
v 1.034272 -0.091623 0.421521
v 1.037422 -0.091006 0.422425
v 1.034374 -0.091514 0.421095
v 1.037524 -0.090896 0.422000
v 1.034038 -0.090030 0.421388
v 1.037188 -0.089414 0.422291
v 1.034206 -0.090120 0.420848
v 1.037356 -0.089503 0.421753
v 1.034128 -0.089563 0.420788
v 1.037278 -0.088947 0.421692
v 1.033734 -0.089005 0.421841
v 1.036885 -0.088389 0.422745
v 1.034693 -0.089387 0.418688
v 1.037841 -0.088770 0.419593
v 1.034766 -0.089812 0.418690
v 1.037913 -0.089195 0.419593
v 1.035710 -0.093181 0.417388
v 1.038855 -0.092562 0.418291
v 1.035768 -0.092641 0.416856
v 1.038913 -0.092022 0.417760
v 1.035324 -0.090071 0.416876
v 1.038470 -0.089453 0.417778
v 1.035815 -0.090217 0.415231
v 1.038959 -0.089598 0.416134
v 1.036705 -0.095197 0.415092
v 1.039847 -0.094576 0.415996
v 1.036724 -0.097267 0.416275
v 1.039866 -0.096646 0.417178
v 1.037256 -0.099281 0.415610
v 1.040397 -0.098659 0.416513
v 1.037267 -0.098388 0.415032
v 1.040408 -0.097766 0.415934
v 1.037514 -0.099238 0.414671
v 1.040654 -0.098616 0.415574
v 1.037700 -0.100417 0.414729
v 1.040839 -0.099794 0.415632
v 1.037905 -0.100653 0.414145
v 1.041044 -0.100030 0.415048
v 1.051136 -0.105563 0.379595
v 1.049424 -0.105435 0.379242
v 1.051026 -0.105101 0.379705
v 1.049534 -0.105896 0.379132
v 1.049338 -0.104439 0.378944
v 1.050940 -0.104106 0.379405
v 1.049126 -0.103490 0.379118
v 1.050728 -0.103157 0.379581
v 1.048932 -0.101778 0.378769
v 1.050534 -0.101445 0.379232
v 1.048843 -0.101759 0.379070
v 1.050446 -0.101426 0.379533
v 1.048735 -0.103205 0.380317
v 1.050339 -0.102873 0.380780
v 1.048671 -0.103754 0.380871
v 1.050276 -0.103421 0.381335
v 1.048262 -0.103021 0.381871
v 1.049868 -0.102689 0.382335
v 1.047922 -0.100354 0.381457
v 1.049528 -0.100022 0.381921
v 1.047979 -0.100046 0.381072
v 1.049585 -0.099715 0.381536
v 1.047568 -0.097237 0.380822
v 1.049175 -0.096906 0.381286
v 1.047630 -0.096907 0.380407
v 1.049236 -0.096576 0.380870
v 1.049736 -0.098400 0.373922
v 1.051334 -0.098068 0.374383
v 1.049953 -0.099570 0.373868
v 1.051549 -0.099238 0.374328
v 1.050037 -0.101302 0.374610
v 1.051635 -0.100969 0.375072
v 1.050225 -0.101138 0.373852
v 1.051822 -0.100805 0.374313
v 1.050351 -0.101967 0.373908
v 1.051947 -0.101634 0.374369
v 1.050535 -0.102136 0.373367
v 1.052131 -0.101803 0.373828
v 1.050556 -0.102579 0.373559
v 1.052151 -0.102246 0.374020
v 1.050316 -0.102969 0.374631
v 1.051913 -0.102636 0.375093
v 1.050404 -0.103334 0.374545
v 1.052000 -0.103001 0.375006
v 1.050392 -0.103610 0.374750
v 1.051989 -0.103276 0.375212
v 1.050305 -0.103627 0.375064
v 1.051903 -0.103293 0.375525
v 1.050273 -0.103931 0.375360
v 1.051871 -0.103597 0.375822
v 1.050159 -0.103597 0.375559
v 1.051757 -0.103264 0.376021
v 1.049986 -0.103245 0.375953
v 1.051585 -0.102911 0.376415
v 1.049858 -0.102646 0.376040
v 1.051458 -0.102313 0.376502
v 1.049696 -0.102501 0.376524
v 1.051295 -0.102168 0.376986
v 1.049642 -0.103189 0.377125
v 1.051243 -0.102856 0.377588
v 1.049711 -0.103632 0.377149
v 1.051311 -0.103299 0.377611
v 1.049686 -0.104521 0.377774
v 1.051286 -0.104188 0.378236
v 1.049796 -0.104734 0.377512
v 1.051397 -0.104401 0.377975
v 1.049836 -0.105054 0.377565
v 1.051437 -0.104721 0.378028
v 1.049938 -0.105439 0.377442
v 1.051537 -0.105106 0.377903
v 1.049960 -0.105890 0.377636
v 1.051560 -0.105557 0.378097
v 1.049891 -0.106361 0.378158
v 1.051491 -0.106027 0.378621
v 1.049953 -0.106616 0.378093
v 1.051554 -0.106282 0.378555
v 1.049895 -0.106777 0.378394
v 1.051496 -0.106444 0.378857
v 1.049678 -0.106569 0.379033
v 1.051279 -0.106236 0.379495
v 1.049503 -0.106199 0.379424
v 1.051105 -0.105866 0.379887
v 1.025918 -0.097111 0.461157
v 1.022230 -0.097769 0.460891
v 1.025710 -0.097116 0.461891
v 1.022439 -0.097765 0.460158
v 1.022141 -0.098177 0.461444
v 1.025621 -0.097524 0.462443
v 1.021636 -0.097881 0.463038
v 1.025115 -0.097230 0.464036
v 1.021465 -0.097957 0.463681
v 1.024944 -0.097306 0.464679
v 1.020570 -0.095486 0.465342
v 1.024050 -0.094837 0.466341
v 1.019914 -0.092224 0.465702
v 1.023394 -0.091576 0.466702
v 1.018720 -0.088605 0.467723
v 1.022200 -0.087959 0.468722
v 1.018424 -0.088849 0.468902
v 1.021904 -0.088204 0.469902
v 1.018250 -0.088006 0.469007
v 1.021730 -0.087360 0.470007
v 1.018230 -0.086244 0.468037
v 1.021710 -0.085599 0.469036
v 1.018098 -0.085449 0.468024
v 1.021579 -0.084804 0.469024
v 1.018160 -0.084580 0.467297
v 1.021640 -0.083935 0.468296
v 1.019156 -0.084741 0.463918
v 1.022636 -0.084094 0.464917
v 1.019472 -0.085802 0.463440
v 1.022953 -0.085155 0.464438
v 1.019655 -0.087428 0.463766
v 1.023135 -0.086780 0.464764
v 1.020015 -0.088341 0.463047
v 1.023496 -0.087692 0.464046
v 1.019602 -0.085783 0.462976
v 1.023083 -0.085134 0.463975
v 1.019337 -0.084712 0.463267
v 1.022817 -0.084064 0.464265
v 1.019945 -0.084882 0.461244
v 1.023425 -0.084233 0.462243
v 1.020160 -0.086180 0.461263
v 1.023640 -0.085531 0.462262
v 1.021043 -0.090622 0.460805
v 1.024523 -0.089971 0.461804
v 1.020958 -0.092219 0.462050
v 1.024439 -0.091568 0.463049
v 1.021047 -0.093714 0.462627
v 1.024527 -0.093063 0.463625
v 1.021451 -0.094973 0.461957
v 1.024931 -0.094321 0.462956
v 1.021623 -0.094672 0.461176
v 1.025103 -0.094020 0.462174
v 1.021918 -0.095732 0.460774
v 1.025398 -0.095080 0.461773
v 1.022280 -0.096726 0.460098
v 1.025759 -0.096073 0.461096
v 1.031185 -0.099485 0.446620
v 1.026961 -0.099631 0.447043
v 1.030691 -0.098927 0.448077
v 1.027456 -0.100191 0.445585
v 1.026903 -0.100071 0.447522
v 1.030633 -0.099367 0.448557
v 1.026730 -0.099477 0.447788
v 1.030460 -0.098773 0.448823
v 1.026558 -0.099431 0.448385
v 1.030289 -0.098727 0.449420
v 1.026431 -0.098693 0.448397
v 1.030161 -0.097990 0.449431
v 1.026546 -0.098634 0.447938
v 1.030277 -0.097930 0.448973
v 1.026070 -0.097002 0.448672
v 1.029800 -0.096300 0.449707
v 1.025377 -0.093960 0.449325
v 1.029108 -0.093259 0.450359
v 1.024730 -0.092340 0.450680
v 1.028462 -0.091640 0.451715
v 1.023845 -0.089244 0.451995
v 1.027578 -0.088546 0.453030
v 1.023752 -0.089988 0.452791
v 1.027485 -0.089291 0.453826
v 1.023438 -0.088940 0.453285
v 1.027171 -0.088243 0.454320
v 1.023046 -0.086673 0.453323
v 1.026779 -0.085977 0.454357
v 1.024922 -0.087102 0.446778
v 1.028653 -0.086401 0.447812
v 1.024949 -0.087730 0.447062
v 1.028681 -0.087029 0.448097
v 1.025359 -0.089200 0.446475
v 1.029089 -0.088499 0.447508
v 1.025020 -0.087080 0.446404
v 1.028751 -0.086379 0.447438
v 1.025344 -0.087185 0.445293
v 1.029075 -0.086484 0.446326
v 1.025860 -0.089785 0.445010
v 1.029590 -0.089083 0.446043
v 1.026287 -0.091575 0.444554
v 1.030017 -0.090871 0.445588
v 1.026452 -0.093096 0.444889
v 1.030181 -0.092393 0.445922
v 1.026425 -0.094335 0.445746
v 1.030154 -0.093632 0.446780
v 1.026681 -0.095716 0.445660
v 1.030411 -0.095012 0.446694
v 1.027171 -0.096968 0.444646
v 1.030900 -0.096264 0.445680
v 1.027546 -0.097680 0.443715
v 1.031275 -0.096974 0.444749
v 1.027812 -0.098650 0.443344
v 1.031540 -0.097944 0.444379
v 1.027886 -0.099584 0.443650
v 1.031613 -0.098878 0.444683
v 1.027562 -0.099546 0.444805
v 1.031290 -0.098840 0.445839
v 1.044351 -0.104384 0.404486
v 1.041763 -0.103581 0.404495
v 1.043982 -0.103143 0.405092
v 1.042132 -0.104822 0.403889
v 1.041480 -0.102906 0.405133
v 1.043701 -0.102469 0.405730
v 1.041218 -0.101314 0.405110
v 1.043439 -0.100878 0.405706
v 1.040754 -0.098896 0.405321
v 1.042976 -0.098460 0.405918
v 1.039873 -0.096521 0.407140
v 1.042098 -0.096086 0.407737
v 1.039682 -0.097277 0.408342
v 1.041908 -0.096842 0.408940
v 1.039595 -0.097040 0.408520
v 1.041821 -0.096605 0.409118
v 1.039349 -0.095339 0.408366
v 1.041576 -0.094905 0.408963
v 1.039230 -0.092955 0.407297
v 1.041456 -0.092520 0.407895
v 1.039123 -0.091993 0.407088
v 1.041349 -0.091559 0.407685
v 1.040310 -0.092613 0.403001
v 1.042532 -0.092178 0.403598
v 1.040180 -0.093488 0.404050
v 1.042402 -0.093052 0.404647
v 1.040076 -0.093576 0.404498
v 1.042299 -0.093141 0.405095
v 1.040458 -0.095482 0.404267
v 1.042681 -0.095046 0.404864
v 1.040910 -0.096072 0.402935
v 1.043131 -0.095636 0.403533
v 1.040921 -0.095995 0.402846
v 1.043142 -0.095559 0.403443
v 1.040909 -0.095736 0.402726
v 1.043130 -0.095300 0.403323
v 1.040882 -0.095360 0.402591
v 1.043102 -0.094924 0.403188
v 1.040846 -0.094936 0.402457
v 1.043066 -0.094500 0.403053
v 1.040809 -0.094529 0.402337
v 1.043030 -0.094093 0.402934
v 1.040779 -0.094206 0.402246
v 1.043000 -0.093770 0.402842
v 1.040762 -0.094033 0.402198
v 1.042983 -0.093598 0.402795
v 1.040754 -0.093937 0.402168
v 1.042975 -0.093501 0.402765
v 1.040745 -0.093801 0.402118
v 1.042965 -0.093366 0.402715
v 1.040734 -0.093633 0.402053
v 1.042954 -0.093198 0.402649
v 1.040721 -0.093440 0.401976
v 1.042942 -0.093004 0.402573
v 1.040708 -0.093226 0.401890
v 1.042928 -0.092791 0.402485
v 1.040695 -0.093000 0.401796
v 1.042915 -0.092564 0.402393
v 1.040681 -0.092767 0.401701
v 1.042901 -0.092332 0.402297
v 1.041207 -0.093054 0.399899
v 1.043425 -0.092618 0.400496
v 1.041134 -0.094753 0.401254
v 1.043353 -0.094317 0.401851
v 1.041301 -0.096192 0.401540
v 1.043519 -0.095756 0.402136
v 1.041701 -0.098186 0.401295
v 1.043919 -0.097749 0.401892
v 1.041606 -0.099677 0.402602
v 1.043825 -0.099240 0.403199
v 1.041875 -0.101022 0.402442
v 1.044093 -0.100584 0.403039
v 1.042009 -0.100386 0.401530
v 1.044227 -0.099949 0.402127
v 1.042397 -0.102207 0.401224
v 1.044614 -0.101769 0.401821
v 1.042525 -0.102443 0.400891
v 1.044742 -0.102005 0.401488
v 1.042623 -0.103157 0.400976
v 1.044839 -0.102719 0.401573
v 1.042655 -0.103755 0.401237
v 1.044871 -0.103317 0.401834
v 1.042574 -0.103794 0.401567
v 1.044791 -0.103356 0.402163
v 1.042448 -0.103477 0.401841
v 1.044665 -0.103039 0.402437
v 1.042451 -0.103952 0.402131
v 1.044668 -0.103514 0.402727
v 1.042313 -0.103962 0.402657
v 1.044531 -0.103525 0.403253
v 1.042322 -0.105360 0.403514
v 1.044541 -0.104922 0.404111
v 1.047165 -0.103251 0.393204
v 1.045300 -0.102307 0.391544
v 1.047243 -0.101913 0.392086
v 1.045221 -0.103644 0.392662
v 1.045092 -0.101542 0.391826
v 1.047036 -0.101149 0.392368
v 1.044986 -0.100988 0.391868
v 1.046930 -0.100595 0.392410
v 1.044819 -0.100685 0.392287
v 1.046764 -0.100292 0.392829
v 1.044807 -0.100005 0.391909
v 1.046752 -0.099613 0.392451
v 1.044600 -0.099250 0.392195
v 1.046545 -0.098857 0.392737
v 1.044366 -0.098115 0.392341
v 1.046311 -0.097723 0.392883
v 1.044391 -0.097634 0.391953
v 1.046336 -0.097242 0.392495
v 1.044175 -0.096430 0.391993
v 1.046120 -0.096038 0.392534
v 1.043374 -0.094198 0.393519
v 1.045322 -0.093806 0.394062
v 1.044293 -0.094775 0.390538
v 1.046237 -0.094383 0.391079
v 1.044956 -0.098219 0.390259
v 1.046899 -0.097826 0.390801
v 1.045173 -0.098401 0.389584
v 1.047115 -0.098008 0.390126
v 1.045040 -0.096707 0.389016
v 1.046982 -0.096314 0.389558
v 1.045048 -0.095704 0.388365
v 1.046990 -0.095311 0.388906
v 1.044673 -0.095064 0.389333
v 1.046615 -0.094672 0.389875
v 1.045954 -0.095886 0.385190
v 1.047891 -0.095492 0.385730
v 1.045377 -0.095977 0.387339
v 1.047317 -0.095584 0.387881
v 1.045344 -0.097534 0.388426
v 1.047284 -0.097141 0.388967
v 1.045679 -0.099779 0.388597
v 1.047619 -0.099386 0.389138
v 1.045656 -0.101686 0.389862
v 1.047598 -0.101292 0.390402
v 1.045849 -0.102247 0.389510
v 1.047789 -0.101853 0.390051
v 1.045864 -0.101630 0.389071
v 1.047805 -0.101236 0.389612
v 1.046144 -0.102627 0.388673
v 1.048083 -0.102234 0.389214
v 1.046230 -0.102347 0.388186
v 1.048169 -0.101953 0.388726
v 1.046366 -0.102915 0.388041
v 1.048304 -0.102521 0.388582
v 1.046303 -0.103686 0.388749
v 1.048242 -0.103291 0.389289
v 1.046339 -0.103969 0.388796
v 1.048277 -0.103574 0.389336
v 1.046304 -0.104574 0.389297
v 1.048243 -0.104180 0.389838
v 1.046132 -0.104508 0.389880
v 1.048072 -0.104114 0.390421
v 1.046034 -0.104292 0.390102
v 1.047975 -0.103897 0.390644
v 1.045989 -0.104546 0.390426
v 1.047929 -0.104152 0.390967
v 1.045870 -0.104329 0.390724
v 1.047811 -0.103935 0.391266
v 1.045682 -0.104524 0.391530
v 1.047624 -0.104130 0.392071
v 1.045625 -0.104250 0.391566
v 1.047567 -0.103856 0.392107
v 1.045319 -0.104264 0.392688
v 1.047263 -0.103870 0.393230
v 1.013273 -0.110385 0.523086
v 1.005835 -0.111706 0.523759
v 1.012486 -0.110535 0.525776
v 1.006623 -0.111558 0.521068
v 1.004917 -0.110258 0.525965
v 1.011568 -0.109088 0.527982
v 1.004331 -0.108283 0.526774
v 1.010982 -0.107113 0.528791
v 1.003974 -0.105880 0.526577
v 1.010625 -0.104711 0.528593
v 1.004187 -0.101900 0.523594
v 1.010837 -0.100730 0.525610
v 1.003752 -0.098440 0.523046
v 1.010403 -0.097270 0.525063
v 1.004123 -0.094715 0.519688
v 1.010773 -0.093544 0.521704
v 1.003639 -0.093073 0.520347
v 1.010290 -0.091902 0.522364
v 1.003481 -0.093575 0.521158
v 1.010131 -0.092405 0.523174
v 1.002912 -0.092449 0.522393
v 1.009563 -0.091278 0.524410
v 1.002160 -0.089744 0.523330
v 1.008812 -0.088575 0.525347
v 1.001310 -0.085547 0.523739
v 1.007961 -0.084378 0.525755
v 0.999968 -0.079567 0.524749
v 1.006620 -0.078399 0.526766
v 1.006816 -0.079320 0.501965
v 1.013463 -0.078143 0.503982
v 1.008531 -0.087369 0.500905
v 1.015177 -0.086190 0.502921
v 1.009933 -0.090541 0.498085
v 1.016579 -0.089359 0.500102
v 1.011430 -0.091846 0.493886
v 1.018075 -0.090661 0.495903
v 1.011451 -0.091243 0.493472
v 1.018095 -0.090058 0.495489
v 1.011874 -0.091586 0.492273
v 1.018518 -0.090400 0.494289
v 1.012128 -0.092491 0.491949
v 1.018772 -0.091305 0.493965
v 1.013530 -0.095273 0.488912
v 1.020173 -0.094083 0.490929
v 1.013739 -0.097423 0.489456
v 1.020381 -0.096234 0.491472
v 1.014002 -0.098975 0.489471
v 1.020645 -0.097785 0.491488
v 1.013950 -0.099930 0.490192
v 1.020593 -0.098740 0.492208
v 1.013403 -0.099485 0.491741
v 1.020046 -0.098297 0.493757
v 1.012863 -0.098847 0.493158
v 1.019507 -0.097660 0.495174
v 1.012423 -0.098756 0.494563
v 1.019067 -0.097570 0.496579
v 1.012535 -0.100757 0.495337
v 1.019179 -0.099572 0.497353
v 1.015695 -0.102487 0.495738
v 1.016890 -0.102274 0.496101
v 1.015911 -0.106300 0.497209
v 1.017106 -0.106087 0.497572
v 1.015815 -0.107810 0.498388
v 1.017011 -0.107596 0.498751
v 1.015585 -0.108954 0.499804
v 1.016780 -0.108742 0.500166
v 1.015713 -0.106092 0.497743
v 1.016908 -0.105879 0.498106
v 1.015364 -0.103189 0.497234
v 1.016559 -0.102976 0.497596
v 1.014439 -0.103396 0.500409
v 1.015635 -0.103183 0.500772
v 1.014239 -0.105251 0.502132
v 1.015435 -0.105038 0.502494
v 1.014584 -0.107946 0.502536
v 1.015779 -0.107733 0.502899
v 1.015462 -0.110678 0.501197
v 1.016658 -0.110465 0.501559
v 1.016908 -0.111502 0.496891
v 1.018104 -0.111289 0.497254
v 1.016662 -0.112090 0.498041
v 1.017857 -0.111877 0.498404
v 1.015674 -0.111611 0.501031
v 1.016870 -0.111399 0.501394
v 1.014831 -0.109926 0.502853
v 1.016026 -0.109713 0.503216
v 1.014079 -0.107266 0.503815
v 1.015274 -0.107054 0.504178
v 1.013859 -0.104977 0.503234
v 1.015054 -0.104765 0.503597
v 1.014143 -0.102166 0.500685
v 1.015338 -0.101954 0.501046
v 1.011392 -0.101235 0.499384
v 1.018038 -0.100053 0.501400
v 1.010938 -0.100951 0.500725
v 1.017583 -0.099769 0.502742
v 1.010028 -0.101327 0.503946
v 1.016674 -0.100147 0.505963
v 1.009703 -0.104150 0.506639
v 1.016349 -0.102971 0.508655
v 1.009185 -0.104858 0.508756
v 1.015833 -0.103681 0.510772
v 1.008348 -0.105118 0.511674
v 1.014996 -0.103942 0.513691
v 1.007975 -0.108006 0.514563
v 1.014623 -0.106831 0.516580
v 1.006373 -0.108884 0.520363
v 1.013023 -0.107711 0.522380
vn 0.0957 -0.9583 0.2694
vn -0.1007 -0.6576 0.7466
vn -0.2548 -0.1526 0.9549
vn -0.2549 -0.1524 0.9549
vn -0.3216 0.3095 0.8948
vn -0.3217 0.3093 0.8949
vn -0.3217 0.3098 0.8947
vn -0.3216 0.3095 0.8949
vn -0.3050 0.7784 0.5487
vn -0.3050 0.7782 0.5489
vn -0.3050 0.7783 0.5489
vn -0.3260 0.3812 0.8651
vn -0.3259 0.3811 0.8652
vn -0.2918 0.8325 0.4710
vn -0.2563 -0.1460 0.9555
vn -0.2562 -0.1460 0.9555
vn -0.2561 -0.1462 0.9555
vn -0.2563 -0.1456 0.9556
vn 0.2351 -0.9497 -0.2070
vn 0.2351 -0.9497 -0.2069
vn -0.1463 -0.5407 0.8284
vn -0.1464 -0.5407 0.8284
vn -0.2658 -0.0995 0.9589
vn -0.2657 -0.0995 0.9589
vn -0.3038 0.1334 0.9434
vn -0.3038 0.1335 0.9433
vn -0.2941 0.0636 0.9537
vn -0.2941 0.0637 0.9537
vn -0.0820 0.9476 -0.3087
vn -0.0820 0.9476 -0.3086
vn 0.2993 -0.0997 -0.9489
vn 0.2992 -0.0998 -0.9489
vn 0.2993 -0.0999 -0.9489
vn 0.1745 0.4573 -0.8720
vn 0.0150 0.8272 -0.5618
vn 0.0150 0.8271 -0.5618
vn -0.3101 0.7507 0.5834
vn -0.3104 0.7501 0.5839
vn 0.0074 0.8393 -0.5436
vn 0.0074 0.8392 -0.5437
vn 0.2637 0.1092 -0.9584
vn 0.2636 0.1091 -0.9584
vn 0.2637 0.1090 -0.9584
vn 0.2637 0.1093 -0.9584
vn 0.1461 0.5410 -0.8282
vn 0.3284 -0.4658 -0.8217
vn 0.3285 -0.4654 -0.8219
vn 0.3285 -0.4655 -0.8218
vn 0.3286 -0.4656 -0.8218
vn 0.3157 -0.2395 -0.9181
vn 0.3159 -0.2395 -0.9181
vn 0.3158 -0.2396 -0.9181
vn 0.3157 -0.2395 -0.9182
vn 0.3046 -0.7796 -0.5472
vn 0.3045 -0.7796 -0.5473
vn 0.3045 -0.7795 -0.5474
vn 0.3046 -0.7796 -0.5473
vn -0.0076 -0.8388 0.5444
vn -0.0077 -0.8387 0.5446
vn -0.0526 -0.7607 0.6470
vn -0.0523 -0.7606 0.6471
vn -0.0524 -0.7606 0.6471
vn 0.0593 -0.9263 0.3722
vn 0.0594 -0.9263 0.3720
vn 0.0594 -0.9263 0.3721
vn 0.3273 -0.5728 -0.7516
vn 0.3273 -0.5725 -0.7517
vn 0.3272 -0.5728 -0.7515
vn 0.3151 -0.7183 -0.6203
vn -0.1473 -0.5379 0.8300
vn 0.0140 -0.8710 0.4911
vn 0.1146 -0.9704 0.2127
vn 0.2873 -0.8474 -0.4464
vn 0.2874 -0.8473 -0.4466
vn 0.2876 -0.8472 -0.4468
vn 0.2873 -0.8475 -0.4464
vn 0.1750 -0.9844 0.0176
vn 0.1749 -0.9844 0.0178
vn 0.1049 -0.9657 0.2375
vn 0.1103 -0.9679 0.2258
vn 0.1100 -0.9678 0.2265
vn 0.2831 -0.8600 -0.4246
vn 0.2832 -0.8599 -0.4248
vn 0.2832 -0.8599 -0.4247
vn 0.2831 -0.8600 -0.4245
vn 0.1246 -0.9753 0.1822
vn 0.3287 -0.4754 -0.8161
vn 0.3286 -0.4753 -0.8161
vn 0.3287 -0.4750 -0.8163
vn 0.3287 -0.4751 -0.8162
vn -0.3160 -0.3449 -0.8838
vn -0.4480 -0.2442 -0.8601
vn -0.3295 -0.3378 -0.8816
vn -0.5565 -0.1965 -0.8073
vn -0.6176 -0.2261 -0.7533
vn -0.4731 -0.2577 -0.8425
vn -0.3443 -0.3488 -0.8717
vn -0.3318 -0.3841 -0.8616
vn 0.0917 -0.9687 0.2307
vn -0.6662 -0.5623 -0.4898
vn 0.1370 -0.9677 0.2116
vn -0.5797 -0.7438 -0.3327
vn -0.2911 -0.3280 -0.8987
vn -0.2747 -0.3577 -0.8925
vn -0.3184 -0.3498 -0.8811
vn -0.2838 -0.3249 -0.9022
vn -0.3156 -0.4830 -0.8168
vn -0.4848 -0.2659 -0.8332
vn -0.3657 -0.2961 -0.8824
vn -0.8847 -0.1266 -0.4487
vn -0.8835 -0.1327 -0.4493
vn -0.8559 -0.1582 -0.4923
vn -0.8978 -0.1324 -0.4201
vn -0.2736 -0.3532 -0.8947
vn -0.2748 -0.3293 -0.9033
vn -0.2737 -0.3086 -0.9110
vn -0.3202 -0.3106 -0.8950
vn -0.3619 -0.3983 -0.8428
vn -0.4173 -0.3349 -0.8448
vn -0.3496 -0.2724 -0.8964
vn -0.5029 -0.2907 -0.8140
vn -0.5252 -0.2850 -0.8018
vn -0.5605 -0.2849 -0.7776
vn -0.6375 -0.2486 -0.7293
vn -0.7637 -0.1842 -0.6187
vn -0.7092 -0.2517 -0.6585
vn -0.8792 -0.1735 -0.4438
vn -0.9143 -0.1409 -0.3796
vn -0.8755 -0.2684 -0.4018
vn -0.9154 -0.1705 -0.3648
vn -0.9108 -0.1986 -0.3620
vn -0.9265 -0.1562 -0.3423
vn -0.9226 -0.1813 -0.3405
vn 0.8861 0.0029 -0.4635
vn 0.8286 -0.1355 -0.5431
vn 0.8375 -0.1141 -0.5344
vn 0.9571 0.0902 -0.2755
vn 0.9334 0.0877 -0.3480
vn 0.8966 0.0190 -0.4425
vn 0.8517 -0.1185 -0.5105
vn 0.9084 0.0076 -0.4181
vn 0.9700 -0.2430 0.0066
vn 0.8910 -0.4427 0.1010
vn 0.8175 -0.1521 -0.5555
vn 0.8243 -0.1184 -0.5536
vn 0.8423 -0.1309 -0.5228
vn 0.8519 -0.1623 -0.4980
vn 0.8177 -0.1159 -0.5639
vn 0.8480 -0.2366 -0.4743
vn 0.9157 -0.0021 -0.4018
vn 0.9681 0.2328 0.0930
vn 0.9667 0.2383 0.0934
vn 0.9783 0.2010 0.0510
vn 0.9644 0.2316 0.1276
vn 0.8164 -0.1485 -0.5581
vn 0.8142 -0.1250 -0.5670
vn 0.8104 -0.1054 -0.5763
vn 0.8389 -0.0927 -0.5364
vn 0.8713 -0.1636 -0.4627
vn 0.8899 -0.0577 -0.4525
vn 0.8488 -0.0459 -0.5267
vn 0.8584 -0.0657 -0.5088
vn 0.9352 0.0057 -0.3541
vn 0.9494 0.0146 -0.3138
vn 0.9697 0.0730 -0.2330
vn 0.9834 0.1567 -0.0919
vn 0.9859 0.0825 -0.1458
vn 0.9743 0.1939 0.1146
vn 0.9590 0.2255 0.1716
vn 0.9844 0.0990 0.1452
vn 0.9623 0.1973 0.1874
vn 0.9676 0.1665 0.1897
vn 0.9550 0.2088 0.2106
vn 0.9596 0.1830 0.2137
vn 0.1040 -0.9654 0.2393
vn -0.4284 -0.2422 -0.8705
vn 0.3268 -0.5009 -0.8014
vn 0.3267 -0.5009 -0.8014
vn 0.3267 -0.5012 -0.8013
vn -0.0868 -0.6612 0.7452
vn -0.0868 -0.6610 0.7454
vn -0.0868 -0.6611 0.7452
vn -0.0868 -0.6609 0.7454
vn -0.2716 -0.0241 0.9621
vn -0.2716 -0.0242 0.9621
vn -0.1154 -0.5930 0.7969
vn -0.1150 -0.5927 0.7972
vn -0.1150 -0.5928 0.7971
vn -0.3256 0.4761 0.8169
vn -0.3256 0.4762 0.8169
vn -0.3257 0.4760 0.8169
vn -0.3258 0.4758 0.8170
vn -0.0196 -0.7985 0.6016
vn -0.0196 -0.7982 0.6020
vn -0.0196 -0.7985 0.6017
vn -0.0193 -0.7984 0.6018
vn -0.3190 0.6874 0.6525
vn -0.3190 0.6875 0.6524
vn -0.3190 0.6874 0.6524
vn -0.0843 -0.6677 0.7396
vn -0.0843 -0.6675 0.7398
vn -0.0843 -0.6677 0.7397
vn -0.3224 0.6502 0.6879
vn -0.3218 0.6512 0.6873
vn -0.3223 0.6504 0.6879
vn -0.2583 -0.0919 0.9617
vn -0.2587 -0.0918 0.9616
vn -0.2583 -0.0920 0.9617
vn -0.2591 -0.0917 0.9615
vn -0.0286 -0.7831 0.6213
vn -0.0286 -0.7828 0.6216
vn -0.0286 -0.7829 0.6215
vn -0.0286 -0.7828 0.6217
vn -0.2967 0.8219 0.4862
vn -0.2968 0.8216 0.4867
vn -0.2968 0.8218 0.4863
vn -0.2968 0.8215 0.4868
vn -0.0902 -0.6550 0.7502
vn -0.0901 -0.6548 0.7504
vn -0.0902 -0.6549 0.7503
vn -0.0901 -0.6546 0.7505
vn -0.3204 0.6692 0.6704
vn -0.3199 0.6687 0.6712
vn -0.3201 0.6690 0.6708
vn -0.3199 0.6686 0.6713
vn -0.2123 -0.2905 0.9330
vn -0.2123 -0.2904 0.9330
vn 0.1790 -0.9834 0.0291
vn 0.1791 -0.9834 0.0296
vn 0.1790 -0.9834 0.0293
vn 0.1791 -0.9834 0.0297
vn -0.2971 0.1382 0.9448
vn -0.2972 0.1379 0.9448
vn -0.2972 0.1381 0.9448
vn -0.2973 0.1378 0.9448
vn -0.2677 0.9041 0.3332
vn -0.2675 0.9042 0.3329
vn -0.2676 0.9041 0.3331
vn -0.2191 -0.2636 0.9394
vn -0.2191 -0.2635 0.9395
vn -0.2188 -0.2638 0.9394
vn -0.3203 0.6620 0.6776
vn -0.3208 0.6616 0.6778
vn -0.3204 0.6619 0.6777
vn -0.3208 0.6615 0.6778
vn -0.1557 0.9815 -0.1113
vn -0.1553 0.9816 -0.1115
vn -0.1549 0.9816 -0.1117
vn 0.2300 0.2178 -0.9485
vn 0.2303 0.2177 -0.9485
vn 0.2303 0.2176 -0.9485
vn 0.0744 0.6907 -0.7193
vn 0.0741 0.6905 -0.7195
vn 0.0743 0.6907 -0.7193
vn 0.0741 0.6904 -0.7196
vn -0.2479 -0.1432 0.9581
vn -0.2473 -0.1434 0.9583
vn -0.2467 -0.1436 0.9584
vn -0.1670 0.9831 -0.0747
vn -0.1667 0.9832 -0.0751
vn -0.1669 0.9831 -0.0749
vn -0.1665 0.9832 -0.0753
vn 0.2567 0.0998 -0.9613
vn 0.2566 0.0998 -0.9613
vn 0.2566 0.0999 -0.9613
vn 0.3160 -0.2995 -0.9003
vn 0.3173 -0.7020 -0.6376
vn 0.3183 -0.7017 -0.6375
vn 0.3178 -0.7018 -0.6375
vn 0.3185 -0.7016 -0.6374
vn 0.2310 0.2156 -0.9488
vn 0.2308 0.2159 -0.9487
vn 0.2309 0.2157 -0.9488
vn 0.2310 0.2157 -0.9487
vn 0.0346 0.7695 -0.6378
vn 0.0351 0.7693 -0.6379
vn 0.0347 0.7694 -0.6379
vn 0.0352 0.7692 -0.6380
vn -0.3121 0.7503 0.5827
vn -0.3119 0.7501 0.5832
vn -0.3121 0.7504 0.5827
vn 0.1675 0.4426 -0.8809
vn 0.1679 0.4423 -0.8810
vn 0.1676 0.4426 -0.8809
vn 0.1678 0.4423 -0.8810
vn 0.3270 -0.4606 -0.8252
vn 0.3256 -0.4609 -0.8256
vn 0.3267 -0.4608 -0.8252
vn 0.3253 -0.4609 -0.8257
vn 0.1811 -0.9830 0.0314
vn 0.1807 -0.9830 0.0318
vn 0.1808 -0.9830 0.0313
vn 0.1805 -0.9830 0.0323
vn 0.3254 -0.6088 -0.7235
vn 0.3256 -0.6073 -0.7247
vn 0.3253 -0.6088 -0.7235
vn 0.3256 -0.6072 -0.7248
vn 0.1725 -0.9832 0.0595
vn 0.1727 -0.9832 0.0598
vn 0.1725 -0.9832 0.0596
vn 0.1727 -0.9832 0.0600
vn 0.3222 -0.6637 -0.6750
vn 0.3218 -0.6638 -0.6751
vn 0.3219 -0.6639 -0.6750
vn 0.3212 -0.6643 -0.6749
vn -0.0848 -0.6641 0.7428
vn -0.0854 -0.6642 0.7427
vn -0.0853 -0.6643 0.7426
vn -0.0856 -0.6640 0.7428
vn 0.9497 0.1601 0.2691
vn 0.9498 0.1601 0.2689
vn 0.9498 0.1603 0.2687
vn 0.9500 0.1600 0.2681
vn 0.9500 0.1605 0.2680
vn 0.9498 0.1605 0.2684
vn 0.9498 0.1601 0.2686
vn 0.9501 0.1595 0.2682
vn 0.9497 0.1601 0.2690
vn 0.9496 0.1605 0.2694
vn 0.9496 0.1604 0.2695
vn 0.9497 0.1604 0.2691
vn 0.9496 0.1605 0.2691
vn 0.9499 0.1599 0.2687
vn 0.9499 0.1593 0.2689
vn 0.9496 0.1605 0.2693
vn 0.9499 0.1600 0.2685
vn 0.9499 0.1601 0.2686
vn 0.9499 0.1601 0.2684
vn 0.9499 0.1601 0.2685
vn 0.9497 0.1603 0.2691
vn 0.9493 0.1605 0.2705
vn 0.9501 0.1600 0.2679
vn 0.9510 0.1589 0.2651
vn 0.9498 0.1602 0.2687
vn 0.9494 0.1604 0.2700
vn 0.9499 0.1597 0.2687
vn 0.9498 0.1601 0.2688
vn 0.9499 0.1600 0.2684
vn 0.9497 0.1603 0.2689
vn 0.9497 0.1602 0.2692
vn 0.9497 0.1602 0.2691
vn 0.9497 0.1601 0.2692
vn 0.9500 0.1602 0.2681
vn 0.9494 0.1605 0.2700
vn -0.9491 -0.1606 -0.2710
vn -0.9491 -0.1608 -0.2708
vn -0.9493 -0.1605 -0.2702
vn -0.9498 -0.1599 -0.2689
vn -0.9501 -0.1598 -0.2679
vn -0.9497 -0.1602 -0.2692
vn -0.9496 -0.1603 -0.2693
vn -0.9500 -0.1599 -0.2681
vn -0.9496 -0.1602 -0.2694
vn -0.9496 -0.1605 -0.2691
vn -0.9497 -0.1602 -0.2691
vn -0.9495 -0.1606 -0.2697
vn -0.9495 -0.1603 -0.2695
vn -0.9502 -0.1605 -0.2671
vn -0.9497 -0.1605 -0.2688
vn -0.9496 -0.1604 -0.2694
vn -0.9501 -0.1598 -0.2678
vn -0.9499 -0.1600 -0.2685
vn -0.9498 -0.1601 -0.2689
vn -0.9496 -0.1602 -0.2695
vn -0.9504 -0.1600 -0.2668
vn -0.9495 -0.1603 -0.2696
vn -0.9490 -0.1614 -0.2709
vn -0.9495 -0.1606 -0.2696
vn -0.9496 -0.1603 -0.2692
vn -0.9495 -0.1601 -0.2699
vn -0.9498 -0.1600 -0.2689
vn -0.9497 -0.1598 -0.2695
vn -0.9495 -0.1606 -0.2695
vn -0.9496 -0.1603 -0.2695
vn -0.9496 -0.1603 -0.2694
vn -0.9496 -0.1601 -0.2695
vn -0.9491 -0.1607 -0.2710
vn -0.9500 -0.1600 -0.2681
vn 0.1719 -0.9819 0.0797
vn 0.1718 -0.9818 0.0805
vn 0.1719 -0.9819 0.0798
vn 0.1718 -0.9818 0.0806
vn 0.3261 -0.6449 -0.6912
vn 0.3271 -0.6447 -0.6909
vn 0.3263 -0.6448 -0.6912
vn 0.3272 -0.6447 -0.6909
vn 0.1047 -0.9509 0.2913
vn 0.1047 -0.9507 0.2919
vn 0.1047 -0.9509 0.2914
vn 0.2100 0.2974 -0.9314
vn 0.2087 0.2962 -0.9320
vn 0.2099 0.2973 -0.9314
vn 0.2087 0.2962 -0.9321
vn 0.1671 -0.9814 0.0951
vn 0.1671 -0.9813 0.0956
vn 0.1671 -0.9813 0.0952
vn 0.1671 -0.9813 0.0958
vn 0.3293 -0.6011 -0.7282
vn 0.3287 -0.6010 -0.7285
vn 0.3292 -0.6011 -0.7282
vn 0.3283 -0.6010 -0.7287
vn -0.1405 -0.5172 0.8443
vn -0.1404 -0.5174 0.8441
vn -0.1405 -0.5173 0.8442
vn -0.1405 -0.5171 0.8443
vn 0.3075 -0.7957 -0.5218
vn 0.3077 -0.7957 -0.5217
vn 0.3075 -0.7958 -0.5217
vn 0.3076 -0.7961 -0.5212
vn -0.2609 -0.0805 0.9620
vn -0.2607 -0.0803 0.9621
vn -0.2607 -0.0802 0.9621
vn -0.2608 -0.0804 0.9621
vn -0.2076 -0.3027 0.9302
vn -0.2078 -0.3023 0.9303
vn -0.2077 -0.3023 0.9303
vn -0.3256 0.4072 0.8533
vn -0.0297 -0.7734 0.6332
vn -0.0294 -0.7733 0.6333
vn -0.0294 -0.7735 0.6331
vn -0.0294 -0.7733 0.6334
vn -0.3283 0.5786 0.7466
vn -0.3286 0.5775 0.7474
vn -0.3285 0.5773 0.7475
vn -0.1683 -0.4360 0.8841
vn -0.1684 -0.4355 0.8843
vn -0.1683 -0.4358 0.8842
vn -0.1685 -0.4356 0.8842
vn -0.0653 -0.7027 0.7085
vn -0.0653 -0.7026 0.7086
vn -0.0651 -0.7025 0.7087
vn -0.0653 -0.7024 0.7088
vn -0.3129 0.7605 0.5690
vn -0.3131 0.7604 0.5690
vn -0.3130 0.7605 0.5690
vn -0.3131 0.7603 0.5691
vn -0.2821 0.0314 0.9589
vn -0.2813 0.0311 0.9591
vn -0.2819 0.0314 0.9589
vn -0.2812 0.0310 0.9591
vn 0.0488 -0.8953 0.4427
vn 0.0487 -0.8951 0.4432
vn 0.0488 -0.8953 0.4428
vn -0.3233 0.3776 0.8677
vn -0.3236 0.3771 0.8678
vn -0.3233 0.3774 0.8678
vn -0.3236 0.3769 0.8679
vn -0.0627 -0.7093 0.7021
vn -0.0625 -0.7090 0.7024
vn -0.0626 -0.7091 0.7023
vn -0.0625 -0.7089 0.7026
vn -0.2117 -0.2882 0.9339
vn -0.2117 -0.2884 0.9338
vn -0.2116 -0.2880 0.9340
vn -0.2116 -0.2881 0.9339
vn -0.0511 0.8986 -0.4357
vn -0.0508 0.8984 -0.4361
vn -0.0510 0.8986 -0.4358
vn -0.0507 0.8984 -0.4362
vn -0.1817 -0.3951 0.9005
vn -0.1812 -0.3950 0.9006
vn -0.1812 -0.3952 0.9006
vn -0.1811 -0.3949 0.9007
vn -0.2403 0.9522 0.1884
vn -0.2404 0.9523 0.1878
vn -0.2247 -0.2370 0.9452
vn -0.2250 -0.2371 0.9451
vn -0.2249 -0.2369 0.9451
vn -0.2249 -0.2367 0.9452
vn -0.1321 0.9705 -0.2018
vn -0.1316 0.9704 -0.2027
vn -0.1320 0.9705 -0.2019
vn -0.1316 0.9703 -0.2028
vn -0.2870 0.0642 0.9558
vn -0.2872 0.0633 0.9558
vn -0.2871 0.0641 0.9558
vn -0.2872 0.0631 0.9558
vn 0.0345 -0.8779 0.4775
vn 0.0345 -0.8777 0.4780
vn 0.0345 -0.8779 0.4777
vn 0.0345 -0.8776 0.4781
vn -0.1451 0.9761 -0.1617
vn -0.1446 0.9761 -0.1619
vn -0.1445 0.9761 -0.1621
vn 0.2671 0.0445 -0.9626
vn 0.2680 0.0428 -0.9625
vn 0.2670 0.0445 -0.9627
vn 0.2681 0.0427 -0.9625
vn 0.1804 0.3980 -0.8995
vn 0.1805 0.3979 -0.8995
vn 0.1804 0.3979 -0.8995
vn -0.3230 0.6811 0.6571
vn -0.3226 0.6819 0.6564
vn -0.3225 0.6822 0.6562
vn -0.2662 -0.0528 0.9625
vn -0.2660 -0.0530 0.9625
vn -0.2660 -0.0529 0.9625
vn -0.2659 -0.0530 0.9625
vn -0.1549 0.9790 -0.1322
vn -0.1547 0.9790 -0.1324
vn -0.1547 0.9791 -0.1324
vn -0.1543 0.9791 -0.1328
vn 0.2622 0.0735 -0.9622
vn 0.2621 0.0735 -0.9622
vn 0.2620 0.0735 -0.9623
vn 0.3282 -0.4662 -0.8216
vn 0.3283 -0.4662 -0.8215
vn 0.3287 -0.4660 -0.8215
vn 0.1932 0.3534 -0.9153
vn 0.1936 0.3531 -0.9153
vn 0.1935 0.3531 -0.9153
vn -0.3297 0.5160 0.7906
vn -0.3289 0.5166 0.7906
vn -0.3298 0.5159 0.7906
vn -0.3288 0.5167 0.7905
vn 0.1715 0.4261 -0.8883
vn 0.1712 0.4262 -0.8883
vn 0.1713 0.4262 -0.8882
vn 0.1711 0.4263 -0.8882
vn 0.2770 -0.0035 -0.9609
vn 0.2768 -0.0030 -0.9609
vn -0.0684 0.9163 -0.3945
vn -0.0682 0.9162 -0.3949
vn -0.0684 0.9163 -0.3946
vn -0.0685 0.9161 -0.3950
vn 0.3083 -0.2037 -0.9292
vn 0.3080 -0.2044 -0.9292
vn 0.3081 -0.2039 -0.9292
vn 0.3079 -0.2044 -0.9292
vn 0.9491 0.1620 0.2700
vn 0.9498 0.1617 0.2678
vn 0.9498 0.1621 0.2677
vn 0.9496 0.1621 0.2682
vn 0.9494 0.1626 0.2686
vn 0.9497 0.1620 0.2681
vn 0.9497 0.1622 0.2677
vn 0.9499 0.1617 0.2675
vn 0.9498 0.1620 0.2678
vn 0.9499 0.1622 0.2674
vn 0.9496 0.1620 0.2685
vn 0.9495 0.1623 0.2685
vn 0.9492 0.1625 0.2695
vn 0.9496 0.1620 0.2683
vn 0.9492 0.1629 0.2691
vn 0.9497 0.1622 0.2678
vn 0.9487 0.1632 0.2708
vn 0.9495 0.1623 0.2686
vn 0.9496 0.1620 0.2682
vn 0.9497 0.1620 0.2679
vn 0.9495 0.1630 0.2679
vn 0.9497 0.1620 0.2680
vn 0.9498 0.1619 0.2677
vn 0.9494 0.1621 0.2690
vn 0.9496 0.1621 0.2684
vn 0.9496 0.1619 0.2683
vn 0.9497 0.1620 0.2682
vn 0.9494 0.1626 0.2687
vn 0.9497 0.1617 0.2682
vn 0.9497 0.1621 0.2680
vn 0.9497 0.1623 0.2678
vn 0.9492 0.1624 0.2694
vn 0.9496 0.1620 0.2684
vn 0.9497 0.1619 0.2680
vn 0.9500 0.1619 0.2671
vn 0.9485 0.1630 0.2718
vn -0.9496 -0.1626 -0.2681
vn -0.9490 -0.1616 -0.2708
vn -0.9496 -0.1624 -0.2682
vn -0.9503 -0.1617 -0.2659
vn -0.9493 -0.1622 -0.2692
vn -0.9496 -0.1624 -0.2683
vn -0.9495 -0.1621 -0.2685
vn -0.9490 -0.1627 -0.2699
vn -0.9492 -0.1623 -0.2696
vn -0.9501 -0.1618 -0.2667
vn -0.9496 -0.1620 -0.2682
vn -0.9494 -0.1622 -0.2690
vn -0.9500 -0.1619 -0.2670
vn -0.9497 -0.1621 -0.2681
vn -0.9496 -0.1621 -0.2684
vn -0.9490 -0.1622 -0.2703
vn -0.9495 -0.1620 -0.2688
vn -0.9497 -0.1623 -0.2678
vn -0.9495 -0.1622 -0.2685
vn -0.9493 -0.1622 -0.2693
vn -0.9500 -0.1615 -0.2673
vn -0.9486 -0.1633 -0.2712
vn -0.9493 -0.1624 -0.2693
vn -0.9494 -0.1619 -0.2691
vn -0.9495 -0.1620 -0.2687
vn -0.9493 -0.1620 -0.2695
vn -0.9491 -0.1625 -0.2699
vn -0.9492 -0.1623 -0.2694
vn -0.9495 -0.1621 -0.2686
vn -0.9496 -0.1621 -0.2685
vn -0.9495 -0.1621 -0.2688
vn -0.9494 -0.1623 -0.2690
vn -0.9501 -0.1609 -0.2673
vn -0.9496 -0.1618 -0.2684
vn -0.9494 -0.1622 -0.2688
vn -0.9498 -0.1617 -0.2679
vn -0.9495 -0.1620 -0.2686
vn -0.9495 -0.1619 -0.2686
vn -0.9495 -0.1621 -0.2687
vn -0.9490 -0.1626 -0.2702
vn -0.9496 -0.1623 -0.2681
vn -0.2129 -0.2751 0.9376
vn -0.2137 -0.2748 0.9375
vn -0.2130 -0.2750 0.9376
vn -0.2139 -0.2744 0.9375
vn -0.3157 0.2482 0.9158
vn -0.3159 0.2481 0.9158
vn -0.3158 0.2479 0.9159
vn -0.3161 0.2480 0.9157
vn -0.2271 -0.2259 0.9473
vn -0.2265 -0.2256 0.9475
vn -0.2266 -0.2258 0.9474
vn -0.2263 -0.2260 0.9475
vn -0.3041 0.1574 0.9396
vn -0.3040 0.1574 0.9396
vn 0.1708 -0.9789 0.1120
vn 0.1705 -0.9789 0.1128
vn 0.1707 -0.9789 0.1121
vn 0.1704 -0.9789 0.1129
vn 0.3334 -0.6297 -0.7016
vn 0.3334 -0.6298 -0.7016
vn 0.3331 -0.6299 -0.7016
vn 0.3292 -0.6899 -0.6448
vn 0.3298 -0.6897 -0.6447
vn 0.3294 -0.6899 -0.6447
vn 0.3301 -0.6896 -0.6446
vn -0.0039 -0.8072 0.5902
vn -0.0034 -0.8073 0.5901
vn -0.0036 -0.8071 0.5903
vn -0.0029 -0.8072 0.5903
vn -0.2976 0.1093 0.9484
vn -0.2967 0.1092 0.9487
vn -0.2965 0.1094 0.9487
vn -0.2954 0.1092 0.9491
vn -0.3196 0.7624 0.5627
vn -0.3197 0.7629 0.5619
vn -0.3196 0.7624 0.5626
vn -0.3197 0.7630 0.5619
vn -0.2861 0.0436 0.9572
vn -0.2857 0.0435 0.9573
vn -0.2848 0.0436 0.9576
vn -0.2841 0.0435 0.9578
vn -0.3186 0.7656 0.5589
vn -0.3195 0.7647 0.5596
vn -0.3190 0.7655 0.5588
vn -0.3196 0.7646 0.5596
vn -0.1241 0.9575 -0.2603
vn -0.1238 0.9576 -0.2603
vn -0.1227 0.9577 -0.2602
vn -0.1224 0.9578 -0.2602
vn 0.2582 0.0925 -0.9617
vn 0.2583 0.0928 -0.9616
vn 0.2582 0.0927 -0.9616
vn 0.2585 0.0929 -0.9615
vn 0.3259 -0.3594 -0.8744
vn 0.3268 -0.3593 -0.8741
vn 0.3271 -0.3592 -0.8741
vn 0.3276 -0.3592 -0.8739
vn -0.2432 0.9587 0.1475
vn -0.2422 0.9590 0.1468
vn -0.2430 0.9588 0.1474
vn -0.2422 0.9591 0.1468
vn 0.2823 -0.0225 -0.9591
vn 0.2822 -0.0222 -0.9591
vn 0.2822 -0.0223 -0.9591
vn 0.2822 -0.0221 -0.9591
vn -0.1017 0.9395 -0.3271
vn -0.1015 0.9394 -0.3274
vn -0.1016 0.9395 -0.3272
vn -0.1014 0.9394 -0.3275
vn 0.3268 -0.3634 -0.8725
vn 0.3275 -0.3630 -0.8723
vn 0.3269 -0.3632 -0.8725
vn 0.3277 -0.3629 -0.8723
vn 0.2719 -0.9222 -0.2750
vn 0.2724 -0.9220 -0.2751
vn 0.2722 -0.9221 -0.2751
vn 0.2726 -0.9220 -0.2751
vn 0.2141 0.2732 -0.9378
vn 0.2133 0.2752 -0.9374
vn 0.2139 0.2736 -0.9378
vn 0.2131 0.2755 -0.9374
vn 0.3355 -0.5736 -0.7473
vn 0.3355 -0.5724 -0.7482
vn 0.3355 -0.5735 -0.7474
vn 0.3353 -0.5720 -0.7486
vn 0.2036 -0.9791 0.0035
vn 0.2033 -0.9791 0.0035
vn 0.2034 -0.9791 0.0032
vn 0.3305 -0.6759 -0.6588
vn 0.3316 -0.6766 -0.6574
vn 0.3307 -0.6760 -0.6585
vn 0.3318 -0.6767 -0.6572
vn -0.1286 -0.5396 0.8321
vn -0.1280 -0.5397 0.8321
vn -0.1285 -0.5396 0.8320
vn -0.1278 -0.5397 0.8321
vn -0.0333 -0.7523 0.6579
vn -0.0331 -0.7524 0.6578
vn -0.0333 -0.7523 0.6580
vn -0.0330 -0.7525 0.6577
vn -0.2364 -0.1881 0.9533
vn -0.2362 -0.1882 0.9533
vn -0.2362 -0.1883 0.9533
vn 0.1045 -0.9426 0.3172
vn 0.1045 -0.9425 0.3175
vn 0.1045 -0.9425 0.3173
vn 0.1045 -0.9424 0.3176
vn 0.3335 -0.6352 -0.6966
vn 0.3334 -0.6352 -0.6967
vn 0.3334 -0.6351 -0.6967
vn 0.2793 -0.0081 -0.9602
vn 0.2790 -0.0075 -0.9603
vn 0.2793 -0.0079 -0.9602
vn 0.2789 -0.0075 -0.9603
vn 0.3346 -0.5484 -0.7664
vn 0.3355 -0.5483 -0.7661
vn 0.3350 -0.5481 -0.7664
vn 0.3358 -0.5477 -0.7663
vn 0.0192 0.7791 -0.6266
vn 0.0186 0.7787 -0.6271
vn 0.0189 0.7791 -0.6266
vn 0.0185 0.7786 -0.6272
vn 0.2977 -0.1176 -0.9474
vn 0.2986 -0.1198 -0.9468
vn 0.2978 -0.1179 -0.9473
vn 0.2987 -0.1202 -0.9467
vn 0.1937 0.3461 -0.9180
vn 0.1933 0.3464 -0.9180
vn 0.1932 0.3465 -0.9179
vn 0.3279 -0.3601 -0.8734
vn 0.3272 -0.3585 -0.8743
vn 0.3278 -0.3597 -0.8736
vn 0.3270 -0.3580 -0.8746
vn 0.3268 -0.7234 -0.6082
vn 0.3258 -0.7240 -0.6080
vn 0.3264 -0.7238 -0.6079
vn 0.3256 -0.7242 -0.6079
vn 0.2079 0.2919 -0.9336
vn 0.2094 0.2892 -0.9341
vn 0.2080 0.2916 -0.9336
vn 0.2096 0.2890 -0.9341
vn 0.2972 -0.8645 -0.4054
vn 0.2973 -0.8641 -0.4061
vn 0.2974 -0.8643 -0.4056
vn 0.2972 -0.8641 -0.4061
vn 0.0974 -0.9362 0.3376
vn 0.0974 -0.9362 0.3378
vn 0.0974 -0.9362 0.3377
vn 0.0974 -0.9361 0.3379
vn -0.0426 -0.7352 0.6766
vn -0.0424 -0.7350 0.6768
vn -0.0424 -0.7353 0.6764
vn -0.0424 -0.7348 0.6769
vn -0.3312 0.6719 0.6625
vn -0.3311 0.6714 0.6631
vn -0.3311 0.6713 0.6632
vn 0.9491 0.1623 0.2699
vn 0.9494 0.1617 0.2693
vn 0.9492 0.1622 0.2697
vn 0.9494 0.1619 0.2690
vn 0.9499 0.1613 0.2675
vn 0.9496 0.1617 0.2684
vn 0.9495 0.1620 0.2686
vn 0.9494 0.1616 0.2693
vn 0.9493 0.1621 0.2695
vn 0.9491 0.1631 0.2695
vn 0.9493 0.1630 0.2688
vn 0.9494 0.1620 0.2692
vn 0.9492 0.1623 0.2696
vn 0.9492 0.1620 0.2697
vn 0.9493 0.1629 0.2690
vn 0.9494 0.1627 0.2686
vn 0.9492 0.1628 0.2692
vn 0.9494 0.1625 0.2689
vn 0.9493 0.1620 0.2694
vn 0.9492 0.1621 0.2697
vn 0.9492 0.1622 0.2695
vn 0.9504 0.1603 0.2666
vn 0.9496 0.1618 0.2685
vn 0.9492 0.1630 0.2691
vn 0.9481 0.1591 0.2754
vn 0.9492 0.1625 0.2697
vn 0.9485 0.1631 0.2715
vn 0.9493 0.1622 0.2694
vn 0.9493 0.1624 0.2692
vn 0.9491 0.1628 0.2697
vn 0.9491 0.1626 0.2699
vn 0.9492 0.1624 0.2695
vn 0.9492 0.1624 0.2696
vn 0.9492 0.1623 0.2697
vn 0.9496 0.1597 0.2699
vn 0.9485 0.1649 0.2704
vn 0.9492 0.1624 0.2697
vn 0.9496 0.1616 0.2686
vn 0.9507 0.1603 0.2655
vn -0.9491 -0.1626 -0.2699
vn -0.9485 -0.1627 -0.2718
vn -0.9488 -0.1624 -0.2708
vn -0.9491 -0.1614 -0.2706
vn -0.9487 -0.1623 -0.2714
vn -0.9485 -0.1626 -0.2720
vn -0.9480 -0.1628 -0.2734
vn -0.9485 -0.1627 -0.2719
vn -0.9487 -0.1626 -0.2711
vn -0.9487 -0.1630 -0.2711
vn -0.9490 -0.1628 -0.2700
vn -0.9490 -0.1623 -0.2703
vn -0.9488 -0.1623 -0.2709
vn -0.9488 -0.1624 -0.2709
vn -0.9488 -0.1629 -0.2707
vn -0.9492 -0.1625 -0.2695
vn -0.9491 -0.1626 -0.2696
vn -0.9491 -0.1625 -0.2700
vn -0.9490 -0.1625 -0.2700
vn -0.9489 -0.1623 -0.2706
vn -0.9488 -0.1629 -0.2705
vn -0.9471 -0.1635 -0.2762
vn -0.9482 -0.1637 -0.2723
vn -0.9483 -0.1632 -0.2722
vn -0.9488 -0.1627 -0.2706
vn -0.9484 -0.1622 -0.2725
vn -0.9482 -0.1634 -0.2723
vn -0.9490 -0.1620 -0.2703
vn -0.9487 -0.1632 -0.2708
vn -0.9487 -0.1629 -0.2708
vn -0.9489 -0.1628 -0.2704
vn -0.9489 -0.1627 -0.2705
vn -0.9491 -0.1625 -0.2697
vn -0.9489 -0.1611 -0.2714
vn -0.9480 -0.1672 -0.2708
vn -0.9489 -0.1626 -0.2705
vn -0.9494 -0.1625 -0.2687
vn -0.9498 -0.1615 -0.2679
vn 0.1723 -0.9841 0.0430
vn 0.1723 -0.9841 0.0434
vn 0.1723 -0.9841 0.0431
vn 0.1723 -0.9841 0.0435
vn 0.3015 -0.7898 -0.5342
vn 0.3015 -0.7898 -0.5341
vn 0.1192 -0.9689 0.2168
vn 0.1192 -0.9688 0.2173
vn 0.1192 -0.9689 0.2170
vn 0.1193 -0.9687 0.2175
vn 0.2009 -0.9776 -0.0627
vn 0.2009 -0.9776 -0.0621
vn 0.2008 -0.9777 -0.0617
vn -0.1218 -0.5839 0.8027
vn -0.1216 -0.5837 0.8028
vn -0.1213 -0.5839 0.8027
vn -0.1212 -0.5837 0.8029
vn -0.2458 -0.1552 0.9568
vn -0.2458 -0.1551 0.9568
vn -0.1455 -0.5187 0.8425
vn -0.1454 -0.5186 0.8426
vn -0.1453 -0.5185 0.8427
vn 0.2205 -0.9646 -0.1448
vn 0.2205 -0.9646 -0.1444
vn 0.2205 -0.9646 -0.1447
vn 0.2208 -0.9646 -0.1445
vn -0.2429 -0.1693 0.9552
vn -0.2429 -0.1690 0.9552
vn -0.2429 -0.1692 0.9552
vn -0.3222 0.4542 0.8306
vn -0.3227 0.4539 0.8306
vn -0.3227 0.4540 0.8305
vn -0.3231 0.4536 0.8306
vn -0.2715 -0.0289 0.9620
vn -0.2707 -0.0299 0.9622
vn -0.2714 -0.0291 0.9620
vn -0.3201 0.6215 0.7150
vn -0.3204 0.6212 0.7152
vn -0.3202 0.6215 0.7150
vn -0.3204 0.6215 0.7149
vn -0.1564 0.9834 -0.0924
vn -0.1560 0.9834 -0.0926
vn -0.1561 0.9834 -0.0926
vn -0.1557 0.9834 -0.0928
vn 0.1687 0.4470 -0.8785
vn 0.1689 0.4468 -0.8785
vn 0.1688 0.4470 -0.8785
vn 0.1691 0.4465 -0.8787
vn 0.2990 -0.1553 -0.9415
vn 0.2989 -0.1552 -0.9416
vn 0.2990 -0.1552 -0.9415
vn 0.0992 0.6400 -0.7620
vn 0.0995 0.6397 -0.7622
vn 0.0995 0.6397 -0.7621
vn -0.2729 -0.0173 0.9619
vn -0.2724 -0.0173 0.9620
vn -0.2095 -0.3052 0.9290
vn -0.2099 -0.3047 0.9290
vn -0.2097 -0.3049 0.9290
vn -0.2103 -0.3046 0.9290
vn -0.1469 0.9811 -0.1259
vn -0.1465 0.9811 -0.1263
vn -0.1467 0.9811 -0.1261
vn -0.1461 0.9811 -0.1267
vn 0.2704 0.0308 -0.9622
vn 0.2703 0.0311 -0.9623
vn 0.2471 0.1478 -0.9576
vn 0.2472 0.1478 -0.9576
vn 0.2476 0.1480 -0.9575
vn 0.3226 -0.5926 -0.7381
vn 0.3223 -0.5927 -0.7382
vn 0.3173 -0.3244 -0.8911
vn 0.3165 -0.3249 -0.8912
vn 0.3170 -0.3246 -0.8911
vn 0.1508 0.5010 -0.8522
vn 0.1511 0.5011 -0.8521
vn 0.1509 0.5011 -0.8521
vn -0.2579 0.9191 0.2980
vn -0.2576 0.9193 0.2975
vn -0.2578 0.9191 0.2980
vn -0.2576 0.9193 0.2976
vn 0.1850 0.3925 -0.9009
vn 0.1849 0.3927 -0.9009
vn 0.1850 0.3926 -0.9009
vn 0.1849 0.3928 -0.9009
vn 0.1195 0.5877 -0.8002
vn 0.1195 0.5876 -0.8003
vn 0.1196 0.5876 -0.8002
vn 0.1194 0.5877 -0.8002
vn 0.2780 -0.0124 -0.9605
vn 0.2779 -0.0126 -0.9605
vn 0.2780 -0.0126 -0.9605
vn 0.2779 -0.0124 -0.9605
vn 0.9488 0.1611 0.2717
vn 0.9488 0.1610 0.2716
vn 0.9489 0.1609 0.2716
vn 0.9489 0.1608 0.2714
vn 0.9490 0.1609 0.2713
vn 0.9486 0.1611 0.2724
vn 0.9486 0.1613 0.2723
vn 0.9487 0.1611 0.2721
vn 0.9487 0.1610 0.2721
vn 0.9490 0.1609 0.2711
vn 0.9490 0.1610 0.2711
vn 0.9487 0.1610 0.2720
vn 0.9490 0.1608 0.2711
vn 0.9497 0.1599 0.2691
vn 0.9489 0.1608 0.2715
vn 0.9489 0.1608 0.2716
vn 0.9487 0.1610 0.2723
vn 0.9488 0.1606 0.2721
vn 0.9487 0.1608 0.2721
vn 0.9487 0.1609 0.2721
vn 0.9488 0.1609 0.2718
vn 0.9490 0.1608 0.2713
vn 0.9487 0.1611 0.2722
vn 0.9486 0.1613 0.2725
vn 0.9485 0.1613 0.2727
vn -0.9488 -0.1612 -0.2718
vn -0.9487 -0.1612 -0.2719
vn -0.9489 -0.1609 -0.2716
vn -0.9490 -0.1608 -0.2711
vn -0.9488 -0.1608 -0.2718
vn -0.9488 -0.1613 -0.2717
vn -0.9487 -0.1610 -0.2721
vn -0.9487 -0.1610 -0.2720
vn -0.9487 -0.1611 -0.2720
vn -0.9487 -0.1609 -0.2723
vn -0.9490 -0.1609 -0.2713
vn -0.9492 -0.1606 -0.2707
vn -0.9497 -0.1602 -0.2689
vn -0.9490 -0.1607 -0.2711
vn -0.9489 -0.1613 -0.2712
vn -0.9487 -0.1610 -0.2723
vn -0.9486 -0.1611 -0.2723
vn -0.9489 -0.1603 -0.2718
vn -0.9488 -0.1609 -0.2718
vn -0.9487 -0.1609 -0.2720
vn -0.9488 -0.1609 -0.2717
vn -0.9489 -0.1609 -0.2715
vn -0.9482 -0.1614 -0.2735
vn -0.9481 -0.1615 -0.2738
vn -0.9488 -0.1608 -0.2721
vn 0.0697 -0.9235 0.3772
vn 0.0698 -0.9233 0.3777
vn 0.0697 -0.9234 0.3774
vn 0.0698 -0.9232 0.3779
vn 0.3085 -0.7196 -0.6221
vn 0.3088 -0.7192 -0.6224
vn 0.3084 -0.7191 -0.6227
vn -0.1613 -0.4424 0.8822
vn -0.1610 -0.4420 0.8824
vn -0.1611 -0.4420 0.8824
vn 0.1523 -0.9812 0.1187
vn 0.1520 -0.9811 0.1194
vn 0.1520 -0.9812 0.1189
vn 0.1520 -0.9811 0.1195
vn -0.2563 -0.0594 0.9648
vn -0.2563 -0.0604 0.9647
vn -0.2562 -0.0591 0.9648
vn -0.2563 -0.0606 0.9647
vn -0.2050 0.9759 0.0755
vn -0.2049 0.9759 0.0751
vn -0.2049 0.9759 0.0754
vn -0.2047 0.9760 0.0749
vn -0.1609 -0.4438 0.8816
vn -0.1609 -0.4439 0.8815
vn -0.1609 -0.4440 0.8815
vn -0.2143 -0.2513 0.9439
vn -0.2143 -0.2514 0.9439
vn -0.0836 -0.6593 0.7473
vn -0.0835 -0.6589 0.7476
vn -0.0835 -0.6591 0.7474
vn -0.0837 -0.6588 0.7477
vn -0.1666 -0.4259 0.8893
vn -0.1669 -0.4256 0.8894
vn -0.1668 -0.4255 0.8895
vn 0.3080 -0.7121 -0.6309
vn 0.3080 -0.7123 -0.6307
vn 0.3080 -0.7122 -0.6308
vn -0.1565 -0.4597 0.8742
vn -0.1567 -0.4590 0.8745
vn -0.1567 -0.4592 0.8744
vn -0.1566 -0.4590 0.8745
vn -0.2561 -0.0602 0.9648
vn -0.2561 -0.0604 0.9648
vn -0.2561 -0.0603 0.9648
vn -0.2562 -0.0605 0.9647
vn -0.1544 0.9821 -0.1079
vn -0.1540 0.9821 -0.1080
vn -0.1536 0.9822 -0.1081
vn -0.1532 0.9823 -0.1082
vn 0.3126 -0.3802 -0.8705
vn 0.3127 -0.3808 -0.8702
vn 0.1720 0.4070 -0.8971
vn 0.1723 0.4067 -0.8972
vn 0.1724 0.4065 -0.8972
vn -0.2652 -0.0102 0.9641
vn -0.2656 -0.0101 0.9640
vn -0.2652 -0.0102 0.9642
vn -0.1467 0.9799 -0.1352
vn -0.1464 0.9799 -0.1357
vn -0.1466 0.9799 -0.1353
vn -0.1463 0.9799 -0.1358
vn 0.2372 0.1516 -0.9595
vn 0.2376 0.1515 -0.9595
vn 0.2373 0.1516 -0.9595
vn 0.2378 0.1515 -0.9594
vn 0.2053 0.2871 -0.9356
vn 0.2055 0.2872 -0.9356
vn 0.2052 0.2872 -0.9356
vn 0.2058 0.2870 -0.9356
vn 0.2936 -0.1752 -0.9397
vn 0.2936 -0.1752 -0.9398
vn 0.2934 -0.1749 -0.9398
vn 0.2933 -0.1750 -0.9399
vn 0.3184 -0.5438 -0.7764
vn 0.3176 -0.5443 -0.7765
vn 0.3179 -0.5442 -0.7764
vn 0.3173 -0.5444 -0.7765
vn 0.2466 0.1062 -0.9633
vn 0.2471 0.1061 -0.9632
vn 0.2466 0.1061 -0.9633
vn 0.0879 0.6472 -0.7572
vn 0.0878 0.6471 -0.7573
vn 0.0877 0.6473 -0.7572
vn 0.0879 0.6471 -0.7574
vn 0.0161 0.7980 -0.6025
vn 0.0163 0.7977 -0.6028
vn 0.0161 0.7979 -0.6026
vn 0.0164 0.7977 -0.6029
vn 0.1762 0.3932 -0.9024
vn 0.1757 0.3934 -0.9024
vn 0.1758 0.3932 -0.9025
vn 0.1756 0.3933 -0.9025
vn 0.3051 -0.2738 -0.9121
vn 0.3050 -0.2734 -0.9123
vn 0.3047 -0.2735 -0.9123
vn 0.3050 -0.2735 -0.9122
vn 0.1644 -0.9833 0.0781
vn 0.1644 -0.9833 0.0786
vn 0.1644 -0.9833 0.0782
vn 0.1644 -0.9832 0.0787
vn 0.3042 -0.7537 -0.5826
vn 0.3039 -0.7540 -0.5824
vn 0.3041 -0.7538 -0.5825
vn 0.3039 -0.7541 -0.5823
vn 0.9516 0.1607 0.2619
vn 0.9517 0.1605 0.2618
vn 0.9515 0.1607 0.2624
vn 0.9519 0.1605 0.2612
vn 0.9518 0.1606 0.2614
vn 0.9520 0.1601 0.2609
vn 0.9515 0.1608 0.2622
vn 0.9515 0.1611 0.2622
vn 0.9516 0.1609 0.2617
vn 0.9517 0.1604 0.2618
vn 0.9518 0.1602 0.2615
vn 0.9517 0.1605 0.2616
vn 0.9520 0.1602 0.2607
vn 0.9522 0.1601 0.2603
vn 0.9517 0.1605 0.2619
vn 0.9515 0.1605 0.2623
vn 0.9512 0.1610 0.2631
vn 0.9519 0.1603 0.2612
vn 0.9518 0.1603 0.2613
vn 0.9518 0.1602 0.2616
vn 0.9517 0.1606 0.2616
vn 0.9518 0.1604 0.2614
vn 0.9519 0.1603 0.2611
vn 0.9518 0.1605 0.2614
vn 0.9523 0.1600 0.2600
vn 0.9517 0.1604 0.2616
vn 0.9515 0.1607 0.2622
vn -0.9514 -0.1609 -0.2627
vn -0.9516 -0.1603 -0.2622
vn -0.9515 -0.1608 -0.2622
vn -0.9525 -0.1600 -0.2593
vn -0.9517 -0.1608 -0.2616
vn -0.9517 -0.1605 -0.2618
vn -0.9514 -0.1610 -0.2624
vn -0.9515 -0.1607 -0.2623
vn -0.9511 -0.1610 -0.2634
vn -0.9517 -0.1604 -0.2617
vn -0.9517 -0.1604 -0.2619
vn -0.9517 -0.1605 -0.2619
vn -0.9516 -0.1604 -0.2621
vn -0.9517 -0.1604 -0.2620
vn -0.9517 -0.1606 -0.2617
vn -0.9507 -0.1616 -0.2645
vn -0.9516 -0.1604 -0.2623
vn -0.9516 -0.1608 -0.2621
vn -0.9518 -0.1605 -0.2613
vn -0.9518 -0.1604 -0.2615
vn -0.9516 -0.1606 -0.2621
vn -0.9511 -0.1610 -0.2637
vn -0.9522 -0.1599 -0.2604
vn -0.9519 -0.1603 -0.2611
vn -0.9519 -0.1606 -0.2610
vn -0.1422 -0.4682 0.8721
vn -0.1422 -0.4683 0.8721
vn -0.0545 -0.6985 0.7136
vn -0.0544 -0.6982 0.7139
vn -0.0545 -0.6984 0.7137
vn -0.0540 -0.6981 0.7139
vn -0.2543 -0.0275 0.9667
vn -0.2545 -0.0274 0.9667
vn -0.2544 -0.0273 0.9667
vn -0.2546 -0.0276 0.9667
vn -0.2336 -0.1293 0.9637
vn -0.2335 -0.1292 0.9637
vn -0.2334 -0.1291 0.9638
vn -0.0863 -0.6257 0.7753
vn -0.0860 -0.6256 0.7754
vn -0.0859 -0.6255 0.7755
vn 0.2902 -0.8302 -0.4760
vn 0.2898 -0.8305 -0.4757
vn 0.2899 -0.8304 -0.4758
vn 0.2897 -0.8305 -0.4757
vn -0.0893 -0.6176 0.7814
vn -0.0897 -0.6174 0.7815
vn -0.2676 0.0488 0.9623
vn -0.2678 0.0485 0.9622
vn -0.2678 0.0486 0.9623
vn -0.2679 0.0483 0.9622
vn -0.3082 0.3760 0.8739
vn -0.3080 0.3761 0.8739
vn -0.3080 0.3762 0.8739
vn -0.3078 0.3764 0.8738
vn -0.2858 0.1732 0.9425
vn -0.2869 0.1733 0.9422
vn -0.2861 0.1732 0.9424
vn -0.2869 0.1730 0.9422
vn -0.1400 0.9722 -0.1877
vn -0.1397 0.9722 -0.1878
vn -0.1394 0.9722 -0.1879
vn -0.1388 0.9723 -0.1880
vn 0.3039 -0.7501 -0.5874
vn 0.3046 -0.7499 -0.5872
vn 0.3052 -0.7496 -0.5873
vn 0.2266 -0.9640 -0.1389
vn 0.2259 -0.9644 -0.1378
vn 0.2265 -0.9641 -0.1387
vn 0.2259 -0.9644 -0.1377
vn 0.2259 0.1622 -0.9605
vn 0.2263 0.1620 -0.9605
vn -0.2176 0.9708 0.1012
vn -0.2185 0.9704 0.1025
vn -0.0639 0.9042 -0.4222
vn -0.0637 0.9042 -0.4224
vn -0.3152 0.5783 0.7525
vn -0.3160 0.5812 0.7499
vn -0.3061 0.3442 0.8876
vn -0.3062 0.3453 0.8871
vn -0.3009 0.2837 0.9105
vn -0.3007 0.2836 0.9106
vn -0.2972 0.2559 0.9199
vn -0.2976 0.2559 0.9198
vn -0.2950 0.2399 0.9249
vn -0.2955 0.2398 0.9247
vn -0.2945 0.2304 0.9275
vn -0.2944 0.2298 0.9276
vn -0.2967 0.2473 0.9224
vn -0.2968 0.2467 0.9225
vn -0.3008 0.2888 0.9089
vn -0.3007 0.2884 0.9091
vn -0.3033 0.3179 0.8983
vn -0.3035 0.3177 0.8983
vn -0.3047 0.3315 0.8929
vn -0.3047 0.3304 0.8933
vn -0.3058 0.3397 0.8894
vn -0.3052 0.3384 0.8901
vn -0.3062 0.3446 0.8874
vn -0.3060 0.3436 0.8879
vn -0.3063 0.3469 0.8865
vn -0.3064 0.3458 0.8869
vn -0.3065 0.3469 0.8864
vn -0.3063 0.3461 0.8868
vn -0.1386 0.9710 -0.1946
vn -0.1383 0.9710 -0.1948
vn -0.1380 0.9710 -0.1950
vn 0.3157 -0.5998 -0.7352
vn 0.3154 -0.5999 -0.7353
vn 0.2850 -0.1549 -0.9459
vn 0.2848 -0.1548 -0.9460
vn 0.2847 -0.1546 -0.9461
vn 0.2846 -0.1547 -0.9461
vn 0.2261 0.1628 -0.9604
vn 0.2261 0.1629 -0.9604
vn 0.2264 0.1627 -0.9604
vn 0.3148 -0.6369 -0.7037
vn 0.3148 -0.6365 -0.7041
vn 0.3147 -0.6369 -0.7038
vn 0.3149 -0.6365 -0.7040
vn 0.2278 0.1595 -0.9606
vn 0.2270 0.1599 -0.9607
vn 0.2274 0.1596 -0.9606
vn 0.2266 0.1597 -0.9608
vn -0.2972 0.8033 0.5161
vn -0.2976 0.8030 0.5163
vn -0.2972 0.8033 0.5162
vn -0.2975 0.8031 0.5163
vn 0.2165 0.2066 -0.9542
vn 0.2160 0.2065 -0.9543
vn 0.2159 0.2066 -0.9543
vn -0.0054 0.8151 -0.5793
vn -0.0048 0.8146 -0.5800
vn -0.0051 0.8150 -0.5795
vn -0.0047 0.8144 -0.5802
vn 0.2735 -0.0773 -0.9588
vn 0.2729 -0.0772 -0.9589
vn 0.2727 -0.0772 -0.9590
vn 0.3089 -0.3667 -0.8776
vn 0.3084 -0.3665 -0.8778
vn 0.2105 -0.9754 -0.0655
vn 0.2103 -0.9755 -0.0644
vn 0.2105 -0.9754 -0.0656
vn 0.2103 -0.9755 -0.0643
vn -0.0671 -0.6685 0.7407
vn -0.0678 -0.6681 0.7409
vn -0.0670 -0.6686 0.7406
vn -0.0677 -0.6681 0.7410
vn 0.3158 -0.4937 -0.8103
vn 0.3155 -0.4935 -0.8105
vn 0.1861 -0.9821 0.0288
vn 0.1861 -0.9821 0.0293
vn 0.1861 -0.9821 0.0289
vn 0.3156 -0.4949 -0.8096
vn 0.3152 -0.4946 -0.8099
vn 0.3155 -0.4948 -0.8097
vn 0.3154 -0.4947 -0.8098
vn -0.0972 -0.5922 0.7999
vn -0.0986 -0.5914 0.8003
vn -0.0975 -0.5921 0.8000
vn 0.9546 0.1601 0.2514
vn 0.9544 0.1602 0.2518
vn 0.9543 0.1609 0.2518
vn 0.9547 0.1603 0.2509
vn 0.9543 0.1604 0.2520
vn 0.9545 0.1604 0.2513
vn 0.9540 0.1606 0.2530
vn 0.9535 0.1609 0.2549
vn 0.9548 0.1607 0.2500
vn 0.9551 0.1591 0.2498
vn 0.9545 0.1602 0.2514
vn 0.9533 0.1622 0.2548
vn 0.9538 0.1616 0.2532
vn 0.9546 0.1603 0.2511
vn 0.9544 0.1605 0.2517
vn 0.9548 0.1596 0.2508
vn 0.9544 0.1609 0.2515
vn 0.9545 0.1604 0.2514
vn 0.9545 0.1602 0.2515
vn 0.9541 0.1609 0.2524
vn 0.9545 0.1608 0.2513
vn 0.9544 0.1606 0.2517
vn 0.9544 0.1604 0.2517
vn 0.9550 0.1598 0.2498
vn 0.9544 0.1605 0.2518
vn 0.9540 0.1608 0.2529
vn 0.9537 0.1610 0.2541
vn 0.9544 0.1607 0.2517
vn 0.9530 0.1624 0.2558
vn 0.9545 0.1605 0.2514
vn 0.9532 0.1622 0.2553
vn 0.9544 0.1606 0.2518
vn 0.9544 0.1607 0.2518
vn 0.9545 0.1605 0.2515
vn 0.9544 0.1604 0.2519
vn 0.9488 0.1656 0.2691
vn 0.9552 0.1597 0.2492
vn 0.9553 0.1597 0.2487
vn 0.9546 0.1616 0.2501
vn -0.9541 -0.1607 -0.2528
vn -0.9541 -0.1611 -0.2526
vn -0.9541 -0.1611 -0.2525
vn -0.9543 -0.1604 -0.2521
vn -0.9541 -0.1607 -0.2527
vn -0.9549 -0.1593 -0.2505
vn -0.9555 -0.1584 -0.2487
vn -0.9535 -0.1619 -0.2544
vn -0.9529 -0.1616 -0.2565
vn -0.9541 -0.1598 -0.2534
vn -0.9547 -0.1603 -0.2509
vn -0.9543 -0.1615 -0.2513
vn -0.9542 -0.1608 -0.2524
vn -0.9547 -0.1601 -0.2508
vn -0.9541 -0.1607 -0.2526
vn -0.9540 -0.1609 -0.2530
vn -0.9541 -0.1608 -0.2527
vn -0.9540 -0.1611 -0.2529
vn -0.9543 -0.1607 -0.2521
vn -0.9539 -0.1612 -0.2532
vn -0.9541 -0.1609 -0.2527
vn -0.9542 -0.1605 -0.2525
vn -0.9540 -0.1610 -0.2530
vn -0.9541 -0.1606 -0.2526
vn -0.9546 -0.1595 -0.2517
vn -0.9541 -0.1604 -0.2530
vn -0.9539 -0.1605 -0.2535
vn -0.9545 -0.1604 -0.2513
vn -0.9542 -0.1607 -0.2522
vn -0.9542 -0.1607 -0.2525
vn -0.9541 -0.1608 -0.2526
vn -0.9551 -0.1597 -0.2497
vn -0.9549 -0.1601 -0.2501
vn -0.9541 -0.1609 -0.2526
vn -0.9542 -0.1606 -0.2524
vn -0.9540 -0.1609 -0.2529
vn -0.9545 -0.1604 -0.2514
vn -0.9483 -0.1658 -0.2706
vn -0.9552 -0.1596 -0.2493
vn -0.9545 -0.1603 -0.2514
vn -0.9539 -0.1607 -0.2534
vn -0.9535 -0.1603 -0.2553
vn -0.3249 0.6176 0.7162
vn -0.3248 0.6177 0.7162
vn -0.3250 0.6177 0.7161
vn -0.1756 -0.3825 0.9071
vn -0.1756 -0.3826 0.9071
vn -0.1753 -0.3825 0.9072
vn -0.2446 -0.1194 0.9622
vn -0.2443 -0.1190 0.9624
vn -0.2445 -0.1193 0.9623
vn -0.2439 -0.1193 0.9624
vn 0.0006 -0.8105 0.5858
vn 0.0007 -0.8101 0.5863
vn 0.0003 -0.8102 0.5861
vn 0.0003 -0.8102 0.5862
vn -0.3233 0.4557 0.8293
vn -0.3233 0.4565 0.8289
vn -0.3237 0.4561 0.8290
vn -0.3231 0.4568 0.8289
vn -0.1732 -0.3905 0.9042
vn -0.2330 -0.1709 0.9573
vn -0.2327 -0.1712 0.9574
vn -0.2329 -0.1711 0.9573
vn -0.2324 -0.1710 0.9575
vn -0.3250 0.6051 0.7268
vn -0.3253 0.6051 0.7266
vn -0.3251 0.6051 0.7267
vn -0.3254 0.6051 0.7266
vn -0.2531 -0.0772 0.9644
vn -0.2528 -0.0774 0.9644
vn -0.2526 -0.0774 0.9645
vn -0.1064 -0.5869 0.8027
vn -0.1056 -0.5871 0.8026
vn -0.1055 -0.5870 0.8027
vn -0.1054 -0.5868 0.8028
vn -0.1313 0.9650 -0.2269
vn -0.1310 0.9651 -0.2269
vn -0.1309 0.9651 -0.2270
vn -0.1306 0.9651 -0.2271
vn 0.2420 0.1248 -0.9622
vn 0.2421 0.1248 -0.9622
vn 0.2424 0.1248 -0.9621
vn 0.2427 0.1246 -0.9621
vn -0.1112 0.9503 -0.2908
vn -0.1110 0.9502 -0.2911
vn -0.1111 0.9503 -0.2909
vn -0.1109 0.9502 -0.2911
vn -0.3097 0.2804 0.9085
vn -0.3102 0.2805 0.9084
vn -0.3107 0.2804 0.9082
vn -0.3251 0.5170 0.7918
vn -0.3257 0.5168 0.7917
vn -0.3252 0.5168 0.7919
vn -0.3256 0.5169 0.7917
vn 0.0135 -0.8322 0.5543
vn 0.0136 -0.8321 0.5545
vn 0.0135 -0.8321 0.5544
vn 0.0139 -0.8322 0.5543
vn -0.1312 0.9640 -0.2312
vn -0.1309 0.9640 -0.2313
vn -0.1304 0.9641 -0.2314
vn -0.1302 0.9641 -0.2314
vn 0.1957 -0.9806 0.0103
vn 0.1959 -0.9806 0.0105
vn 0.1963 -0.9805 0.0105
vn 0.3258 -0.5458 -0.7720
vn 0.3254 -0.5459 -0.7720
vn 0.3259 -0.5459 -0.7719
vn 0.3251 -0.5460 -0.7722
vn 0.2742 -0.0321 -0.9611
vn 0.2746 -0.0320 -0.9610
vn 0.2741 -0.0321 -0.9612
vn 0.2745 -0.0320 -0.9611
vn 0.3255 -0.5252 -0.7863
vn 0.3257 -0.5253 -0.7861
vn 0.3258 -0.5254 -0.7860
vn 0.1168 0.5555 -0.8233
vn 0.1165 0.5560 -0.8230
vn 0.1167 0.5556 -0.8232
vn -0.3269 0.5543 0.7654
vn -0.3265 0.5543 0.7656
vn -0.3267 0.5543 0.7655
vn 0.1686 0.4057 -0.8983
vn 0.1682 0.4054 -0.8985
vn 0.1682 0.4055 -0.8985
vn 0.1678 0.4053 -0.8987
vn -0.2945 0.8500 0.4368
vn -0.2945 0.8499 0.4371
vn -0.2945 0.8498 0.4372
vn 0.2031 0.2863 -0.9364
vn 0.2029 0.2866 -0.9363
vn 0.2031 0.2862 -0.9364
vn 0.2028 0.2871 -0.9362
vn 0.3230 -0.6542 -0.6839
vn 0.3236 -0.6540 -0.6838
vn 0.3236 -0.6539 -0.6839
vn 0.3237 -0.6538 -0.6839
vn 0.2890 -0.1204 -0.9497
vn 0.2894 -0.1216 -0.9494
vn 0.2890 -0.1205 -0.9497
vn 0.2895 -0.1218 -0.9494
vn 0.3260 -0.6144 -0.7185
vn 0.3254 -0.6140 -0.7191
vn 0.3258 -0.6143 -0.7187
vn 0.3253 -0.6139 -0.7193
vn 0.1548 -0.9757 0.1549
vn 0.1550 -0.9757 0.1550
vn 0.1548 -0.9757 0.1550
vn 0.1550 -0.9757 0.1551
vn -0.0444 -0.7247 0.6876
vn -0.0450 -0.7240 0.6883
vn -0.0444 -0.7245 0.6879
vn -0.0451 -0.7240 0.6883
vn 0.3119 -0.7678 -0.5596
vn 0.3125 -0.7677 -0.5595
vn 0.3120 -0.7678 -0.5595
vn 0.3125 -0.7677 -0.5594
vn 0.0003 -0.8093 0.5874
vn 0.0002 -0.8088 0.5881
vn 0.0003 -0.8092 0.5875
vn 0.0002 -0.8087 0.5882
vn 0.2426 -0.9541 -0.1754
vn 0.2421 -0.9544 -0.1748
vn 0.2426 -0.9542 -0.1753
vn 0.2420 -0.9544 -0.1746
vn -0.2323 -0.1748 0.9568
vn -0.2310 -0.1731 0.9574
vn -0.2322 -0.1746 0.9569
vn -0.2309 -0.1729 0.9575
vn 0.1878 -0.9814 0.0391
vn 0.1879 -0.9814 0.0394
vn 0.1879 -0.9814 0.0393
vn 0.1879 -0.9814 0.0395
vn -0.2678 -0.0021 0.9635
vn -0.2679 -0.0018 0.9635
vn -0.2682 -0.0019 0.9634
vn -0.2679 -0.0018 0.9634
vn 0.9517 0.1617 0.2609
vn 0.9516 0.1623 0.2608
vn 0.9517 0.1619 0.2608
vn 0.9520 0.1615 0.2602
vn 0.9520 0.1619 0.2600
vn 0.9518 0.1619 0.2605
vn 0.9518 0.1620 0.2605
vn 0.9518 0.1619 0.2606
vn 0.9516 0.1622 0.2609
vn 0.9520 0.1616 0.2600
vn 0.9530 0.1613 0.2565
vn 0.9520 0.1619 0.2598
vn 0.9519 0.1616 0.2601
vn 0.9521 0.1616 0.2595
vn 0.9517 0.1618 0.2608
vn 0.9520 0.1618 0.2599
vn 0.9516 0.1620 0.2611
vn 0.9509 0.1622 0.2635
vn 0.9517 0.1621 0.2608
vn 0.9518 0.1621 0.2603
vn 0.9520 0.1620 0.2596
vn 0.9518 0.1621 0.2606
vn 0.9519 0.1620 0.2602
vn 0.9519 0.1622 0.2601
vn 0.9518 0.1620 0.2604
vn 0.9507 0.1630 0.2639
vn 0.9515 0.1624 0.2613
vn 0.9516 0.1621 0.2613
vn 0.9520 0.1620 0.2597
vn 0.9519 0.1617 0.2601
vn 0.9513 0.1627 0.2619
vn 0.9512 0.1627 0.2623
vn 0.9516 0.1625 0.2608
vn -0.9514 -0.1625 -0.2615
vn -0.9514 -0.1623 -0.2617
vn -0.9515 -0.1619 -0.2614
vn -0.9515 -0.1616 -0.2617
vn -0.9514 -0.1622 -0.2617
vn -0.9515 -0.1621 -0.2616
vn -0.9515 -0.1622 -0.2616
vn -0.9510 -0.1627 -0.2630
vn -0.9513 -0.1623 -0.2620
vn -0.9516 -0.1620 -0.2613
vn -0.9512 -0.1624 -0.2622
vn -0.9511 -0.1625 -0.2627
vn -0.9514 -0.1620 -0.2619
vn -0.9515 -0.1621 -0.2615
vn -0.9504 -0.1627 -0.2651
vn -0.9512 -0.1622 -0.2624
vn -0.9514 -0.1621 -0.2618
vn -0.9514 -0.1623 -0.2615
vn -0.9510 -0.1627 -0.2629
vn -0.9517 -0.1623 -0.2607
vn -0.9518 -0.1620 -0.2603
vn -0.9515 -0.1621 -0.2614
vn -0.9512 -0.1625 -0.2623
vn -0.9511 -0.1623 -0.2628
vn -0.9513 -0.1625 -0.2619
vn -0.9516 -0.1623 -0.2609
vn -0.9514 -0.1623 -0.2616
vn -0.9509 -0.1625 -0.2633
vn -0.9517 -0.1622 -0.2606
vn -0.9514 -0.1621 -0.2619
vn -0.9513 -0.1625 -0.2621
vn -0.9509 -0.1628 -0.2632
vn -0.9512 -0.1610 -0.2631
vn 0.1748 -0.9846 -0.0038
vn 0.1745 -0.9846 -0.0033
vn 0.1745 -0.9846 -0.0036
vn 0.1746 -0.9846 -0.0032
vn -0.0172 -0.8392 0.5435
vn -0.0172 -0.8391 0.5437
vn -0.0172 -0.8391 0.5438
vn -0.1947 -0.4207 0.8861
vn -0.2955 0.0347 0.9547
vn -0.2956 0.0345 0.9547
vn -0.2953 0.0344 0.9548
vn -0.3282 0.5777 0.7474
vn -0.3281 0.5777 0.7474
vn -0.3062 0.1110 0.9455
vn -0.3062 0.1111 0.9455
vn -0.3066 0.1110 0.9453
vn -0.3230 0.6512 0.6868
vn -0.3229 0.6513 0.6867
vn -0.1964 -0.4148 0.8885
vn -0.1967 -0.4145 0.8886
vn 0.2880 -0.8379 -0.4636
vn 0.2880 -0.8383 -0.4629
vn 0.2884 -0.8382 -0.4630
vn -0.0660 -0.7524 0.6554
vn -0.0664 -0.7522 0.6556
vn -0.0664 -0.7524 0.6554
vn -0.0664 -0.7521 0.6557
vn -0.2090 -0.3716 0.9046
vn -0.2089 -0.3716 0.9046
vn -0.2634 -0.1459 0.9536
vn -0.2634 -0.1461 0.9536
vn -0.2634 -0.1460 0.9536
vn -0.2635 -0.1461 0.9535
vn -0.2482 -0.2153 0.9445
vn -0.2484 -0.2154 0.9444
vn -0.2484 -0.2155 0.9444
vn -0.1632 0.9859 -0.0379
vn -0.1629 0.9859 -0.0379
vn -0.1620 0.9861 -0.0379
vn -0.1617 0.9861 -0.0379
vn 0.2557 0.1798 -0.9499
vn 0.2562 0.1797 -0.9498
vn 0.2563 0.1797 -0.9498
vn 0.2563 0.1797 -0.9497
vn 0.0972 0.6852 -0.7218
vn 0.0973 0.6851 -0.7219
vn 0.0974 0.6850 -0.7220
vn -0.0718 0.9451 -0.3188
vn -0.0714 0.9450 -0.3191
vn -0.0716 0.9451 -0.3189
vn -0.0712 0.9450 -0.3192
vn -0.3312 0.5412 0.7730
vn -0.3312 0.5415 0.7727
vn -0.3312 0.5412 0.7729
vn -0.0792 0.9511 -0.2985
vn -0.0789 0.9510 -0.2991
vn -0.0792 0.9511 -0.2986
vn -0.0788 0.9509 -0.2992
vn 0.2056 0.3804 -0.9017
vn 0.2058 0.3797 -0.9019
vn 0.2059 0.3795 -0.9020
vn 0.0650 0.7509 -0.6572
vn 0.0653 0.7507 -0.6574
vn 0.0652 0.7508 -0.6573
vn 0.0654 0.7507 -0.6574
vn 0.3174 -0.2031 -0.9263
vn 0.3175 -0.2034 -0.9262
vn 0.3175 -0.2032 -0.9263
vn 0.3176 -0.2034 -0.9262
vn 0.2840 0.0382 -0.9581
vn 0.2838 0.0386 -0.9581
vn 0.2840 0.0383 -0.9581
vn 0.2838 0.0387 -0.9581
vn 0.3300 -0.5797 -0.7450
vn 0.3300 -0.5799 -0.7448
vn 0.3296 -0.5796 -0.7453
vn 0.3302 -0.5796 -0.7450
vn 0.0790 -0.9507 0.3000
vn 0.0789 -0.9505 0.3006
vn 0.0790 -0.9506 0.3001
vn 0.0789 -0.9504 0.3007
vn 0.0343 -0.9066 0.4207
vn 0.0343 -0.9063 0.4212
vn 0.0343 -0.9065 0.4208
vn 0.0342 -0.9063 0.4213
vn 0.1429 -0.9839 0.1078
vn 0.1428 -0.9838 0.1085
vn 0.1429 -0.9838 0.1079
vn 0.1428 -0.9838 0.1086
vn 0.3272 -0.3248 -0.8874
vn 0.2455 0.2284 -0.9421
vn 0.2450 0.2292 -0.9421
vn 0.3272 -0.3239 -0.8877
vn 0.3273 -0.3240 -0.8877
vn 0.3274 -0.3240 -0.8876
vn 0.3285 -0.5946 -0.7339
vn 0.3288 -0.5943 -0.7340
vn 0.3091 -0.7630 -0.5677
vn 0.3085 -0.7633 -0.5676
vn 0.3082 -0.7635 -0.5675
vn 0.3078 -0.7638 -0.5673
vn -0.3305 0.5609 0.7591
vn -0.3307 0.5607 0.7591
vn -0.3308 0.5607 0.7591
vn -0.3308 0.5608 0.7590
vn -0.3089 0.1283 0.9424
vn -0.3092 0.1284 0.9423
vn -0.3094 0.1284 0.9422
vn 0.1788 -0.9838 -0.0123
vn 0.1789 -0.9838 -0.0122
vn 0.1791 -0.9838 -0.0120
vn 0.1792 -0.9837 -0.0120
vn 0.3230 -0.6624 -0.6759
vn 0.3235 -0.6624 -0.6758
vn 0.3237 -0.6622 -0.6758
vn 0.3239 -0.6621 -0.6758
vn 0.3051 -0.1027 -0.9468
vn 0.3053 -0.1027 -0.9467
vn 0.3060 -0.1027 -0.9465
vn 0.3062 -0.1028 -0.9464
vn 0.1765 0.4781 -0.8604
vn 0.1759 0.4783 -0.8604
vn 0.1754 0.4785 -0.8604
vn 0.1750 0.4786 -0.8604
vn -0.1061 0.9695 -0.2211
vn -0.1060 0.9695 -0.2211
vn -0.1057 0.9695 -0.2211
vn -0.1056 0.9695 -0.2211
vn 0.2744 -0.8791 -0.3898
vn 0.2754 -0.8786 -0.3901
vn 0.2758 -0.8783 -0.3905
vn 0.1148 -0.9743 0.1937
vn 0.1149 -0.9743 0.1937
vn 0.1150 -0.9743 0.1939
vn 0.1151 -0.9742 0.1939
vn -0.0674 -0.7478 0.6605
vn -0.0674 -0.7478 0.6606
vn -0.0670 -0.7478 0.6605
vn -0.0668 -0.7479 0.6605
vn -0.2061 -0.3835 0.9003
vn -0.2059 -0.3835 0.9003
vn -0.2057 -0.3834 0.9004
vn -0.3169 0.2050 0.9261
vn -0.3174 0.2047 0.9259
vn -0.3183 0.2045 0.9257
vn -0.3188 0.2043 0.9256
vn -0.3247 0.6529 0.6843
vn -0.3242 0.6532 0.6843
vn -0.3237 0.6534 0.6843
vn -0.3231 0.6537 0.6843
vn -0.3251 0.2945 0.8987
vn -0.3253 0.2946 0.8986
vn -0.3250 0.2947 0.8986
vn -0.3254 0.2945 0.8985
vn 0.0997 -0.9662 0.2377
vn 0.0996 -0.9661 0.2383
vn 0.0997 -0.9662 0.2378
vn 0.1923 -0.9795 -0.0605
vn 0.1923 -0.9795 -0.0600
vn 0.1923 -0.9795 -0.0603
vn 0.1924 -0.9795 -0.0598
vn 0.3215 -0.6724 -0.6668
vn 0.3216 -0.6725 -0.6665
vn 0.3215 -0.6724 -0.6667
vn 0.3216 -0.6726 -0.6664
vn 0.2432 -0.9360 -0.2544
vn 0.2429 -0.9362 -0.2538
vn 0.2429 -0.9362 -0.2541
vn 0.2430 -0.9363 -0.2537
vn 0.1844 -0.9822 -0.0351
vn 0.1844 -0.9822 -0.0347
vn 0.1844 -0.9822 -0.0349
vn 0.1849 -0.9822 -0.0343
vn 0.3189 -0.6905 -0.6493
vn 0.3190 -0.6905 -0.6492
vn 0.3190 -0.6906 -0.6491
vn 0.2001 -0.9754 -0.0929
vn 0.2003 -0.9754 -0.0926
vn 0.2002 -0.9754 -0.0926
vn 0.2004 -0.9754 -0.0924
vn 0.3180 -0.2139 -0.9237
vn 0.9446 0.1633 0.2847
vn 0.9448 0.1632 0.2842
vn 0.9447 0.1632 0.2843
vn 0.9447 0.1633 0.2845
vn 0.9442 0.1635 0.2858
vn 0.9443 0.1637 0.2856
vn 0.9441 0.1639 0.2860
vn 0.9443 0.1635 0.2857
vn 0.9443 0.1636 0.2857
vn 0.9446 0.1633 0.2848
vn 0.9445 0.1634 0.2851
vn 0.9442 0.1636 0.2859
vn 0.9441 0.1636 0.2860
vn 0.8736 -0.2857 0.3939
vn 0.9441 0.1638 0.2862
vn 0.9444 0.1634 0.2855
vn 0.9443 0.1635 0.2855
vn 0.9443 0.1636 0.2855
vn 0.9443 0.1636 0.2854
vn 0.9171 -0.3983 0.0162
vn 0.9291 -0.2949 0.2232
vn 0.9564 -0.1972 0.2153
vn 0.9308 -0.1864 0.3143
vn 0.9445 0.1635 0.2850
vn 0.9446 0.1634 0.2848
vn 0.9444 0.1634 0.2852
vn 0.9441 0.1637 0.2860
vn 0.9443 0.1635 0.2854
vn 0.9445 0.1632 0.2852
vn 0.9442 0.1635 0.2860
vn 0.9443 0.1637 0.2854
vn 0.9444 0.1636 0.2854
vn 0.9444 0.1635 0.2854
vn 0.9443 0.1636 0.2856
vn 0.9440 0.1639 0.2865
vn 0.9441 0.1635 0.2863
vn 0.9439 0.1637 0.2866
vn 0.9444 0.1631 0.2856
vn -0.9444 -0.1633 -0.2854
vn -0.9444 -0.1633 -0.2852
vn -0.9446 -0.1632 -0.2849
vn -0.9442 -0.1637 -0.2858
vn -0.9442 -0.1638 -0.2858
vn -0.9445 -0.1634 -0.2851
vn -0.9443 -0.1635 -0.2854
vn -0.9444 -0.1634 -0.2854
vn -0.9442 -0.1636 -0.2858
vn -0.9441 -0.1637 -0.2861
vn -0.9444 -0.1634 -0.2855
vn -0.9443 -0.1634 -0.2857
vn -0.8117 -0.5721 -0.1176
vn -0.9445 -0.1633 -0.2852
vn -0.9443 -0.1637 -0.2856
vn -0.9443 -0.1636 -0.2856
vn -0.9443 -0.1635 -0.2856
vn -0.6141 -0.6536 -0.4424
vn -0.7634 -0.5781 -0.2882
vn -0.8083 -0.4954 -0.3182
vn -0.8435 -0.4896 -0.2207
vn -0.9445 -0.1634 -0.2848
vn -0.9443 -0.1637 -0.2854
vn -0.9443 -0.1635 -0.2855
vn -0.9443 -0.1636 -0.2855
vn -0.9445 -0.1626 -0.2853
vn -0.9441 -0.1640 -0.2858
vn -0.9441 -0.1638 -0.2860
vn -0.9443 -0.1636 -0.2854
vn -0.9442 -0.1636 -0.2857
vn -0.9443 -0.1635 -0.2857
vn -0.9439 -0.1639 -0.2867
vn -0.9443 -0.1633 -0.2858
vn -0.9441 -0.1637 -0.2862
vn -0.9442 -0.1633 -0.2860
vn -0.9440 -0.1637 -0.2865
vn -0.9445 -0.1634 -0.2849
vt 0.015600 1.000000
vt 0.015600 0.000000
vt 0.000000 0.000000
vt 0.000000 1.000000
vt 0.031100 1.000000
vt 0.031100 0.000000
vt 0.043400 1.000000
vt 0.043400 0.000000
vt 0.056900 1.000000
vt 0.056900 0.000000
vt 0.084500 1.000000
vt 0.084500 0.000000
vt 0.104100 1.000000
vt 0.104100 0.000000
vt 0.132000 1.000000
vt 0.132000 0.000000
vt 0.142200 1.000000
vt 0.142200 0.000000
vt 0.147600 1.000000
vt 0.147600 0.000000
vt 0.157400 1.000000
vt 0.157400 0.000000
vt 0.173800 1.000000
vt 0.173800 0.000000
vt 0.197700 1.000000
vt 0.197700 0.000000
vt 0.232200 1.000000
vt 0.232200 0.000000
vt 0.364300 1.000000
vt 0.317000 0.000000
vt 0.315600 1.000000
vt 0.410400 1.000000
vt 0.410400 0.000000
vt 0.364300 0.000000
vt 0.435200 1.000000
vt 0.435200 0.000000
vt 0.461000 1.000000
vt 0.461000 0.000000
vt 0.465000 1.000000
vt 0.465000 0.000000
vt 0.472300 1.000000
vt 0.472300 0.000000
vt 0.477900 1.000000
vt 0.477900 0.000000
vt 0.502000 1.000000
vt 0.502000 0.000000
vt 0.514400 1.000000
vt 0.514400 0.000000
vt 0.523100 1.000000
vt 0.523100 0.000000
vt 0.529700 1.000000
vt 0.529700 0.000000
vt 0.539200 1.000000
vt 0.539200 0.000000
vt 0.548300 1.000000
vt 0.548300 0.000000
vt 0.556500 1.000000
vt 0.556500 0.000000
vt 0.568400 1.000000
vt 0.568400 0.000000
vt 0.581200 1.000000
vt 0.850100 1.000000
vt 0.850100 0.000000
vt 0.841800 0.000000
vt 0.858100 1.000000
vt 0.858100 0.000000
vt 0.876800 1.000000
vt 0.876800 0.000000
vt 0.898500 1.000000
vt 0.898500 0.000000
vt 0.911200 1.000000
vt 0.928100 1.000000
vt 0.928100 0.000000
vt 0.911200 0.000000
vt 0.950900 1.000000
vt 0.950900 0.000000
vt 0.984600 1.000000
vt 0.984600 0.000000
vt 1.000000 1.000000
vt 1.000000 0.000000
vt 0.022200 0.001300
vt 0.420200 0.066800
vt 0.056000 0.181300
vt 0.632400 0.000000
vt 0.669800 0.242200
vt 0.439800 0.267300
vt 0.071600 0.307600
vt 0.099700 0.389100
vt 0.714400 0.701300
vt 0.726100 0.659200
vt 0.808000 0.732700
vt 0.834000 0.645700
vt 0.156500 0.963800
vt 0.084600 0.967500
vt 0.172400 0.883700
vt 0.134100 0.423300
vt 0.155200 0.408500
vt 0.444500 0.315000
vt 0.174700 0.458000
vt 0.873300 0.360200
vt 0.905800 0.370700
vt 0.862900 0.378300
vt 0.915500 0.398000
vt 0.023900 0.923400
vt 0.000000 0.863800
vt 0.002600 0.791700
vt 0.078100 0.672900
vt 0.326900 0.858900
vt 0.401100 0.772900
vt 0.088900 0.569000
vt 0.475000 0.626900
vt 0.479000 0.765800
vt 0.534900 0.745100
vt 0.603900 0.660900
vt 0.748900 0.338100
vt 0.689800 0.650300
vt 0.852500 0.585700
vt 1.000000 0.482100
vt 0.890200 0.588700
vt 0.987800 0.546600
vt 0.928900 0.608200
vt 0.989100 0.593200
vt 0.970900 0.621800
vt 0.407500 0.000500
vt 0.427800 0.218200
vt 0.435700 0.302500
vt 0.439400 0.342600
vt 0.911200 0.072900
vt 0.488200 0.762400
vt 0.413700 0.000500
vt 0.014100 0.000000
vt 0.014100 1.000000
vt 0.036400 0.000000
vt 0.036400 1.000000
vt 0.054200 0.000000
vt 0.054200 1.000000
vt 0.084300 0.000000
vt 0.084300 1.000000
vt 0.104700 0.000000
vt 0.104700 1.000000
vt 0.126600 0.000000
vt 0.126600 1.000000
vt 0.135100 0.000000
vt 0.135100 1.000000
vt 0.161000 0.000000
vt 0.161000 1.000000
vt 0.170200 0.000000
vt 0.170200 1.000000
vt 0.201700 0.000000
vt 0.201700 1.000000
vt 0.216000 0.000000
vt 0.216000 1.000000
vt 0.222700 0.000000
vt 0.222700 1.000000
vt 0.258100 0.000000
vt 0.258100 1.000000
vt 0.265200 0.000000
vt 0.265200 1.000000
vt 0.278800 0.000000
vt 0.278800 1.000000
vt 0.311300 0.000000
vt 0.311300 1.000000
vt 0.347900 0.000000
vt 0.347900 1.000000
vt 0.362800 0.000000
vt 0.362800 1.000000
vt 0.378900 0.000000
vt 0.378900 1.000000
vt 0.392600 0.000000
vt 0.392600 1.000000
vt 0.471500 0.000000
vt 0.471500 1.000000
vt 0.523900 0.000000
vt 0.523900 1.000000
vt 0.538600 0.000000
vt 0.538600 1.000000
vt 0.598900 0.000000
vt 0.598900 1.000000
vt 0.636900 0.000000
vt 0.636900 1.000000
vt 0.731900 0.000000
vt 0.731900 1.000000
vt 0.758800 0.000000
vt 0.758800 1.000000
vt 0.793700 0.000000
vt 0.793700 1.000000
vt 0.820700 0.000000
vt 0.820700 1.000000
vt 0.842300 0.000000
vt 0.842300 1.000000
vt 0.855500 0.000000
vt 0.855500 1.000000
vt 0.908400 0.000000
vt 0.908400 1.000000
vt 0.923200 0.000000
vt 0.923200 1.000000
vt 0.932600 0.000000
vt 0.932600 1.000000
vt 0.941100 0.000000
vt 0.941100 1.000000
vt 0.959700 0.000000
vt 0.959700 1.000000
vt 0.989700 0.000000
vt 0.989700 1.000000
vt 0.296500 0.404400
vt 0.268300 0.418600
vt 0.330400 0.448400
vt 0.532700 0.941600
vt 0.615000 1.000000
vt 0.651200 0.954900
vt 1.000000 0.817600
vt 0.868000 0.646300
vt 0.816800 0.679200
vt 0.024600 0.119000
vt 0.000000 0.252800
vt 0.169600 0.243300
vt 0.094900 0.095100
vt 0.413400 0.656900
vt 0.383000 0.680100
vt 0.479100 0.723500
vt 0.800800 0.001000
vt 0.601600 0.006200
vt 0.652700 0.225400
vt 0.858700 0.348800
vt 0.689500 0.981800
vt 0.792000 0.898300
vt 0.192100 0.291000
vt 0.167500 0.310700
vt 0.348200 0.563700
vt 0.317200 0.589800
vt 0.529200 0.876100
vt 0.596300 0.188600
vt 0.530700 0.001200
vt 0.117600 0.000000
vt 0.070700 0.038300
vt 0.817600 0.443700
vt 0.691200 0.536600
vt 0.724700 0.633000
vt 0.964800 0.866400
vt 0.915900 0.869400
vt 0.429200 0.790000
vt 0.889400 0.894400
vt 0.011900 0.000000
vt 0.011900 1.000000
vt 0.025200 0.000000
vt 0.025200 1.000000
vt 0.038400 0.000000
vt 0.038400 1.000000
vt 0.044100 0.000000
vt 0.044100 1.000000
vt 0.063000 0.000000
vt 0.063000 1.000000
vt 0.075000 0.000000
vt 0.075000 1.000000
vt 0.085600 0.000000
vt 0.085600 1.000000
vt 0.104500 0.000000
vt 0.104500 1.000000
vt 0.129300 0.000000
vt 0.129300 1.000000
vt 0.151500 0.000000
vt 0.151500 1.000000
vt 0.165100 0.000000
vt 0.165100 1.000000
vt 0.187900 0.000000
vt 0.187900 1.000000
vt 0.195400 0.000000
vt 0.195400 1.000000
vt 0.212200 0.000000
vt 0.212200 1.000000
vt 0.230500 0.000000
vt 0.230500 1.000000
vt 0.240900 0.000000
vt 0.240900 1.000000
vt 0.259800 0.000000
vt 0.259800 1.000000
vt 0.277400 0.000000
vt 0.277400 1.000000
vt 0.288100 0.000000
vt 0.288100 1.000000
vt 0.330000 0.000000
vt 0.330000 1.000000
vt 0.345600 0.000000
vt 0.345600 1.000000
vt 0.363100 0.000000
vt 0.363100 1.000000
vt 0.394400 0.000000
vt 0.394400 1.000000
vt 0.403300 0.000000
vt 0.403300 1.000000
vt 0.432800 0.000000
vt 0.432800 1.000000
vt 0.443900 0.000000
vt 0.443900 1.000000
vt 0.454800 0.000000
vt 0.454800 1.000000
vt 0.478700 0.000000
vt 0.478700 1.000000
vt 0.543300 0.000000
vt 0.543300 1.000000
vt 0.551500 0.000000
vt 0.551500 1.000000
vt 0.621900 0.000000
vt 0.621900 1.000000
vt 0.637100 0.000000
vt 0.637100 1.000000
vt 0.687000 0.000000
vt 0.687000 1.000000
vt 0.720600 0.000000
vt 0.720600 1.000000
vt 0.817300 0.000000
vt 0.817300 1.000000
vt 0.864600 0.000000
vt 0.864600 1.000000
vt 0.905700 0.000000
vt 0.905700 1.000000
vt 0.926900 0.000000
vt 0.926900 1.000000
vt 0.944800 0.000000
vt 0.944800 1.000000
vt 0.967700 0.000000
vt 0.967700 1.000000
vt 0.980400 0.000000
vt 0.980400 1.000000
vt 0.356900 0.000000
vt 0.000000 0.001900
vt 0.124400 0.033800
vt 0.149500 0.303700
vt 0.056600 0.283600
vt 0.087800 0.340100
vt 0.540700 0.904400
vt 0.561000 1.000000
vt 0.639100 0.951300
vt 0.924300 0.701400
vt 0.873800 0.641200
vt 0.820000 0.714400
vt 0.124400 0.076400
vt 0.063100 0.074900
vt 0.113600 0.184000
vt 0.674600 0.984500
vt 0.710800 0.945300
vt 0.814800 0.939100
vt 0.803000 0.918400
vt 0.271100 0.440400
vt 0.067400 0.196400
vt 0.348300 0.574000
vt 0.307300 0.602500
vt 0.386900 0.646800
vt 0.932000 0.790700
vt 0.361900 0.032100
vt 0.753200 0.028000
vt 0.567700 0.033600
vt 0.600900 0.227100
vt 0.828700 0.401600
vt 0.548000 0.273100
vt 0.252200 0.480000
vt 0.344900 0.500500
vt 0.434800 0.702800
vt 0.413100 0.727700
vt 0.520400 0.774300
vt 0.984200 0.878200
vt 1.000000 0.802400
vt 0.918900 0.882900
vt 0.721600 0.569600
vt 0.875500 0.924700
vt 0.494000 0.823900
vt 0.123400 0.000500
vt 0.123400 0.999500
vt 0.077100 0.000500
vt 0.077100 0.999500
vt 0.235200 0.000500
vt 0.235200 0.999500
vt 0.331600 0.000500
vt 0.331600 0.999500
vt 0.520100 0.000500
vt 0.520100 0.999500
vt 0.687200 0.000500
vt 0.687200 0.999500
vt 0.651100 0.000500
vt 0.651100 0.999500
vt 0.664700 0.000500
vt 0.664700 0.999500
vt 0.484500 0.000500
vt 0.484500 0.999500
vt 0.734800 0.000500
vt 0.734800 0.999500
vt 0.999500 0.000500
vt 0.999500 0.999500
vt 0.868200 0.000500
vt 0.868200 0.999500
vt 0.612100 0.000500
vt 0.612100 0.999500
vt 0.320900 0.000500
vt 0.320900 0.999500
vt 0.652900 0.000500
vt 0.652900 0.999500
vt 0.955600 0.000500
vt 0.955600 0.999500
vt 0.869700 0.000500
vt 0.869700 0.999500
vt 0.071500 0.000500
vt 0.071500 0.999500
vt 0.137900 0.000500
vt 0.137900 0.999500
vt 0.015600 0.000500
vt 0.015600 0.999500
vt 0.337200 0.000500
vt 0.337200 0.999500
vt 0.924600 0.000500
vt 0.924600 0.999500
vt 0.836900 0.000500
vt 0.836900 0.999500
vt 0.391600 0.000500
vt 0.391600 0.999500
vt 0.302900 0.000500
vt 0.302900 0.999500
vt 0.932000 0.000500
vt 0.932000 0.999500
vt 0.448200 0.000500
vt 0.448200 0.999500
vt 0.397100 0.000500
vt 0.397100 0.999500
vt 0.137400 0.000500
vt 0.137400 0.999500
vt 0.015900 0.000500
vt 0.015900 0.999500
vt 0.550000 0.000500
vt 0.550000 0.999500
vt 0.513500 0.000500
vt 0.513500 0.999500
vt 0.583700 0.000500
vt 0.583700 0.999500
vt 0.177800 0.000500
vt 0.177800 0.999500
vt 0.140700 0.000500
vt 0.140700 0.999500
vt 0.631300 0.000500
vt 0.631300 0.999500
vt 0.592500 0.000500
vt 0.592500 0.999500
vt 0.399400 0.000500
vt 0.399400 0.999500
vt 0.368700 0.000500
vt 0.368700 0.999500
vt 0.290500 0.000500
vt 0.290500 0.999500
vt 0.237500 0.000500
vt 0.237500 0.999500
vt 0.489000 0.000500
vt 0.489000 0.999500
vt 0.427800 0.000500
vt 0.427800 0.999500
vt 0.371100 0.000500
vt 0.371100 0.999500
vt 0.311000 0.000500
vt 0.311000 0.999500
vt 0.506500 0.000500
vt 0.506500 0.999500
vt 0.639800 0.000500
vt 0.639800 0.999500
vt 0.747600 0.000500
vt 0.747600 0.999500
vt 0.548700 0.000500
vt 0.548700 0.999500
vt 0.513900 0.000500
vt 0.513900 0.999500
vt 0.799200 0.000500
vt 0.799200 0.999500
vt 0.764200 0.000500
vt 0.764200 0.999500
vt 0.837000 0.000500
vt 0.837000 0.999500
vt 0.889000 0.000500
vt 0.889000 0.999500
vt 0.950300 0.000500
vt 0.950300 0.999500
vt 0.975800 0.000500
vt 0.975800 0.999500
vt 0.522000 0.000500
vt 0.522000 0.999500
vt 0.488700 0.000500
vt 0.488700 0.999500
vt 0.601600 0.000500
vt 0.601600 0.999500
vt 0.654400 0.000500
vt 0.654400 0.999500
vt 0.038600 0.000500
vt 0.038600 0.999500
vt 0.932500 0.391500
vt 0.925100 0.302700
vt 0.837200 0.337000
vt 0.762800 0.600700
vt 0.792200 0.631400
vt 0.822500 0.592600
vt 0.984600 0.448100
vt 1.000000 0.397000
vt 0.863000 0.513500
vt 0.375100 0.923300
vt 0.345400 0.961800
vt 0.398300 0.992200
vt 0.896500 0.137500
vt 0.870100 0.015100
vt 0.071000 0.000000
vt 0.000000 0.679300
vt 0.131400 0.735000
vt 0.188300 0.664900
vt 0.004200 0.387800
vt 0.312600 0.484400
vt 0.044800 0.346900
vt 0.478000 1.000000
vt 0.511300 0.976200
vt 0.499200 0.950700
vt 0.027100 0.043900
vt 0.348800 0.479800
vt 0.547900 0.799500
vt 0.548700 0.764500
vt 0.514000 0.747800
vt 0.553700 0.889400
vt 0.354200 0.876900
vt 0.373000 0.765100
vt 0.569200 0.837400
vt 0.336000 0.668600
vt 0.573500 0.639900
vt 0.568800 0.592600
vt 0.629000 0.506500
vt 0.689200 0.511000
vt 0.709700 0.572300
vt 0.879600 0.550100
vt 0.859700 0.583800
vt 0.029900 0.000000
vt 0.029900 1.000000
vt 0.064300 0.000000
vt 0.064300 1.000000
vt 0.078000 0.000000
vt 0.078000 1.000000
vt 0.140200 0.000000
vt 0.140200 1.000000
vt 0.207600 0.000000
vt 0.207600 1.000000
vt 0.293900 0.000000
vt 0.293900 1.000000
vt 0.319300 0.000000
vt 0.319300 1.000000
vt 0.336800 0.000000
vt 0.336800 1.000000
vt 0.378000 0.000000
vt 0.378000 1.000000
vt 0.394300 0.000000
vt 0.394300 1.000000
vt 0.417700 0.000000
vt 0.417700 1.000000
vt 0.489500 0.000000
vt 0.489500 1.000000
vt 0.513700 0.000000
vt 0.513700 1.000000
vt 0.547600 0.000000
vt 0.547600 1.000000
vt 0.571900 0.000000
vt 0.571900 1.000000
vt 0.624300 0.000000
vt 0.624300 1.000000
vt 0.647200 0.000000
vt 0.647200 1.000000
vt 0.690300 0.000000
vt 0.690300 1.000000
vt 0.716900 0.000000
vt 0.716900 1.000000
vt 0.808500 0.000000
vt 0.808500 1.000000
vt 0.850200 0.000000
vt 0.850200 1.000000
vt 0.883000 0.000000
vt 0.883000 1.000000
vt 0.912600 0.000000
vt 0.912600 1.000000
vt 0.930300 0.000000
vt 0.930300 1.000000
vt 0.953700 0.000000
vt 0.953700 1.000000
vt 0.978700 0.000000
vt 0.978700 1.000000
vt 0.805400 0.006000
vt 0.589500 0.000000
vt 0.627000 0.079100
vt 0.811500 0.103000
vt 0.635200 0.270600
vt 0.887400 0.433400
vt 0.000000 0.264600
vt 0.016400 0.327400
vt 0.140100 0.305500
vt 0.092200 0.129800
vt 0.922100 0.815000
vt 0.873000 0.737200
vt 0.791800 0.762500
vt 0.922100 0.967600
vt 1.000000 0.964600
vt 1.000000 0.886800
vt 0.765000 0.557000
vt 0.577900 0.082100
vt 0.520500 0.004300
vt 0.160600 0.003000
vt 0.553300 0.204800
vt 0.088600 0.070200
vt 0.377000 0.569700
vt 0.713000 0.670700
vt 0.435400 0.812500
vt 0.627000 0.991500
vt 0.694900 0.983600
vt 0.865900 1.000000
vt 0.033500 0.000000
vt 0.033500 1.000000
vt 0.047200 0.000000
vt 0.047200 1.000000
vt 0.060800 0.000000
vt 0.060800 1.000000
vt 0.073700 0.000000
vt 0.073700 1.000000
vt 0.089000 0.000000
vt 0.089000 1.000000
vt 0.098900 0.000000
vt 0.098900 1.000000
vt 0.136400 0.000000
vt 0.136400 1.000000
vt 0.201100 0.000000
vt 0.201100 1.000000
vt 0.245800 0.000000
vt 0.245800 1.000000
vt 0.316300 0.000000
vt 0.316300 1.000000
vt 0.339200 0.000000
vt 0.339200 1.000000
vt 0.363600 0.000000
vt 0.363600 1.000000
vt 0.410700 0.000000
vt 0.410700 1.000000
vt 0.551900 0.000000
vt 0.551900 1.000000
vt 0.566300 0.000000
vt 0.566300 1.000000
vt 0.599400 0.000000
vt 0.599400 1.000000
vt 0.643400 0.000000
vt 0.643400 1.000000
vt 0.667400 0.000000
vt 0.667400 1.000000
vt 0.721700 0.000000
vt 0.721700 1.000000
vt 0.760100 0.000000
vt 0.760100 1.000000
vt 0.792500 0.000000
vt 0.792500 1.000000
vt 0.824100 0.000000
vt 0.824100 1.000000
vt 0.852700 0.000000
vt 0.852700 1.000000
vt 0.886700 0.000000
vt 0.886700 1.000000
vt 0.911600 0.000000
vt 0.911600 1.000000
vt 0.933200 0.000000
vt 0.933200 1.000000
vt 0.978600 0.000000
vt 0.978600 1.000000
vt 0.592700 0.055300
vt 0.615900 0.006100
vt 0.587900 0.955400
vt 0.616000 0.999600
vt 0.658600 0.963900
vt 0.015800 0.173300
vt 0.067800 0.251500
vt 0.138300 0.191400
vt 0.278400 0.422700
vt 0.655700 0.165100
vt 0.414200 0.540800
vt 0.755600 0.006100
vt 0.650900 0.002800
vt 0.796200 0.203400
vt 0.526700 0.898300
vt 0.531800 0.954600
vt 0.569400 0.891800
vt 0.848600 0.337900
vt 0.825400 0.455500
vt 0.751700 0.553900
vt 0.491800 0.770400
vt 0.767200 0.658900
vt 0.868900 0.749900
vt 0.798300 1.000000
vt 0.867900 0.947200
vt 0.960000 0.799800
vt 1.000000 0.872100
vt 0.976400 0.944800
vt 0.127100 0.000500
vt 0.127100 0.999500
vt 0.037900 0.000500
vt 0.037900 0.999500
vt 0.172100 0.000500
vt 0.172100 0.999500
vt 0.296100 0.000500
vt 0.296100 0.999500
vt 0.481500 0.000500
vt 0.481500 0.999500
vt 0.645500 0.000500
vt 0.645500 0.999500
vt 0.426800 0.000500
vt 0.426800 0.999500
vt 0.354500 0.000500
vt 0.354500 0.999500
vt 0.589600 0.000500
vt 0.589600 0.999500
vt 0.573200 0.000500
vt 0.573200 0.999500
vt 0.723700 0.000500
vt 0.723700 0.999500
vt 0.921200 0.000500
vt 0.921200 0.999500
vt 0.998400 0.000500
vt 0.998400 0.999500
vt 0.615400 0.000500
vt 0.615400 0.999500
vt 0.111700 0.000500
vt 0.111700 0.999500
vt 0.083500 0.000500
vt 0.083500 0.999500
vt 0.003500 0.000500
vt 0.003500 0.999500
vt 0.553500 0.000500
vt 0.553500 0.999500
vt 0.500300 0.000500
vt 0.500300 0.999500
vt 0.241100 0.000500
vt 0.241100 0.999500
vt 0.095500 0.000500
vt 0.095500 0.999500
vt 0.668600 0.000500
vt 0.668600 0.999500
vt 0.499500 0.000500
vt 0.499500 0.999500
vt 0.735500 0.000500
vt 0.735500 0.999500
vt 0.728400 0.000500
vt 0.728400 0.999500
vt 0.757000 0.000500
vt 0.757000 0.999500
vt 0.787700 0.000500
vt 0.787700 0.999500
vt 0.822300 0.000500
vt 0.822300 0.999500
vt 0.855300 0.000500
vt 0.855300 0.999500
vt 0.881400 0.000500
vt 0.881400 0.999500
vt 0.895400 0.000500
vt 0.895400 0.999500
vt 0.903200 0.000500
vt 0.903200 0.999500
vt 0.914300 0.000500
vt 0.914300 0.999500
vt 0.928100 0.000500
vt 0.928100 0.999500
vt 0.944100 0.000500
vt 0.944100 0.999500
vt 0.961600 0.000500
vt 0.961600 0.999500
vt 0.980300 0.000500
vt 0.980300 0.999500
vt 0.997300 0.000500
vt 0.997300 0.999500
vt 0.775100 0.000500
vt 0.775100 0.999500
vt 0.149500 0.000500
vt 0.149500 0.999500
vt 0.001800 0.000500
vt 0.001800 0.999500
vt 0.264600 0.000500
vt 0.264600 0.999500
vt 0.416500 0.000500
vt 0.416500 0.999500
vt 0.547600 0.000500
vt 0.547600 0.999500
vt 0.650100 0.000500
vt 0.650100 0.999500
vt 0.409900 0.000500
vt 0.409900 0.999500
vt 0.349900 0.000500
vt 0.349900 0.999500
vt 0.727700 0.000500
vt 0.727700 0.999500
vt 0.590100 0.000500
vt 0.590100 0.999500
vt 0.956100 0.000500
vt 0.956100 0.999500
vt 0.798400 0.000500
vt 0.798400 0.999500
vt 0.742100 0.000500
vt 0.742100 0.999500
vt 0.847900 0.000500
vt 0.847900 0.999500
vt 0.064800 0.000500
vt 0.064800 0.999500
vt 0.025500 0.000500
vt 0.025500 0.999500
vt 0.166400 0.000500
vt 0.166400 0.999500
vt 0.145100 0.000500
vt 0.145100 0.999500
vt 0.873800 0.000500
vt 0.873800 0.999500
vt 0.833600 0.000500
vt 0.833600 0.999500
vt 0.194900 0.000500
vt 0.194900 0.999500
vt 0.131300 0.000500
vt 0.131300 0.999500
vt 0.880900 0.000500
vt 0.880900 0.999500
vt 0.000500 0.000500
vt 0.000500 0.999500
vt 0.499700 0.083100
vt 0.615500 0.003000
vt 0.111300 0.001100
vt 0.446400 0.095100
vt 0.855600 0.149200
vt 0.997800 0.001300
vt 0.775400 0.000000
vt 0.766800 0.019200
vt 0.758500 0.037900
vt 0.750800 0.055500
vt 0.744000 0.071500
vt 0.738300 0.085300
vt 0.734100 0.096400
vt 0.956500 0.727900
vt 0.895600 0.590200
vt 0.793300 0.650300
vt 0.731600 0.104300
vt 0.667000 0.962600
vt 0.719500 1.000000
vt 0.805400 0.881300
vt 0.728100 0.118200
vt 0.098500 0.078400
vt 0.721300 0.144400
vt 0.577300 0.873200
vt 0.839800 0.264400
vt 0.712000 0.177400
vt 0.701200 0.212000
vt 0.689800 0.242700
vt 0.003500 0.410300
vt 0.028100 0.426800
vt 0.164300 0.354400
vt 0.000000 0.276100
vt 0.678700 0.264300
vt 0.895400 0.416400
vt 0.668700 0.271300
vt 0.756300 0.547600
vt 0.499500 0.240800
vt 0.416000 0.518500
vt 0.473300 0.704100
vt 0.491100 0.828200
vt 0.869100 0.874200
vt 0.898200 0.833900
vt 1.000000 0.742300
vt 0.998900 0.798700
vt 0.975000 0.848300
vt 0.935600 0.855200
vt 0.222900 0.000500
vt 0.222900 0.999500
vt 0.066400 0.000500
vt 0.066400 0.999500
vt 0.294100 0.000500
vt 0.294100 0.999500
vt 0.348900 0.000500
vt 0.348900 0.999500
vt 0.748600 0.000500
vt 0.748600 0.999500
vt 0.694700 0.000500
vt 0.694700 0.999500
vt 0.446900 0.000500
vt 0.446900 0.999500
vt 0.517200 0.000500
vt 0.517200 0.999500
vt 0.628400 0.000500
vt 0.628400 0.999500
vt 0.684300 0.000500
vt 0.684300 0.999500
vt 0.804600 0.000500
vt 0.804600 0.999500
vt 0.357600 0.000500
vt 0.357600 0.999500
vt 0.341100 0.000500
vt 0.341100 0.999500
vt 0.528800 0.000500
vt 0.528800 0.999500
vt 0.447100 0.000500
vt 0.447100 0.999500
vt 0.835400 0.000500
vt 0.835400 0.999500
vt 0.654100 0.000500
vt 0.654100 0.999500
vt 0.949200 0.000500
vt 0.949200 0.999500
vt 0.497300 0.000500
vt 0.497300 0.999500
vt 0.373800 0.000500
vt 0.373800 0.999500
vt 0.502700 0.000500
vt 0.502700 0.999500
vt 0.249700 0.000500
vt 0.249700 0.999500
vt 0.235800 0.000500
vt 0.235800 0.999500
vt 0.057900 0.000500
vt 0.057900 0.999500
vt 0.464600 0.000500
vt 0.464600 0.999500
vt 0.681300 0.000500
vt 0.681300 0.999500
vt 0.730500 0.000500
vt 0.730500 0.999500
vt 0.340200 0.000500
vt 0.340200 0.999500
vt 0.269500 0.000500
vt 0.269500 0.999500
vt 0.751900 0.000500
vt 0.751900 0.999500
vt 0.659800 0.000500
vt 0.659800 0.999500
vt 0.704800 0.000500
vt 0.704800 0.999500
vt 0.768000 0.000500
vt 0.768000 0.999500
vt 0.714000 0.000500
vt 0.714000 0.999500
vt 0.859600 0.000500
vt 0.859600 0.999500
vt 0.888900 0.000500
vt 0.888900 0.999500
vt 0.959700 0.000500
vt 0.959700 0.999500
vt 0.405000 0.000500
vt 0.405000 0.999500
vt 0.335900 0.000500
vt 0.335900 0.999500
vt 0.434400 0.000500
vt 0.434400 0.999500
vt 0.979600 0.000500
vt 0.979600 0.999500
vt 0.947600 0.000500
vt 0.947600 0.999500
vt 0.506400 0.000500
vt 0.506400 0.999500
vt 0.468000 0.000500
vt 0.468000 0.999500
vt 0.597000 0.000500
vt 0.597000 0.999500
vt 0.027300 0.000500
vt 0.027300 0.999500
vt 0.736300 0.000500
vt 0.736300 0.999500
vt 0.605700 0.000500
vt 0.605700 0.999500
vt 0.003700 0.000500
vt 0.003700 0.999500
vt 0.750500 0.057400
vt 1.000000 0.004900
vt 0.502700 0.005300
vt 0.626300 0.050400
vt 0.357400 0.000000
vt 0.215100 0.195100
vt 0.447000 0.340900
vt 0.239700 0.315500
vt 0.705000 0.752200
vt 0.642100 0.660000
vt 0.601000 0.730800
vt 0.649600 0.235500
vt 0.567000 0.164200
vt 0.528800 0.345800
vt 0.666800 0.464600
vt 0.783500 0.768200
vt 0.757300 0.714200
vt 0.713600 0.859900
vt 0.394200 0.973200
vt 0.402900 1.000000
vt 0.493600 0.964300
vt 0.256300 0.934000
vt 0.263400 0.996800
vt 0.364600 0.777400
vt 0.284100 0.553200
vt 0.251100 0.629000
vt 0.305100 0.651200
vt 0.550700 0.681400
vt 0.532100 0.980100
vt 0.565600 0.948000
vt 0.202300 0.371500
vt 0.238200 0.482800
vt 0.319100 0.706100
vt 0.712900 0.889300
vt 0.664300 0.960200
vt 0.595100 0.965300
vt 0.581200 0.000000
vt 0.603900 0.000000
vt 0.603900 1.000000
vt 0.614500 0.000000
vt 0.614500 1.000000
vt 0.624700 0.000000
vt 0.624700 1.000000
vt 0.644300 0.000000
vt 0.644300 1.000000
vt 0.660800 0.000000
vt 0.660800 1.000000
vt 0.679200 0.000000
vt 0.679200 1.000000
vt 0.693300 0.000000
vt 0.693300 1.000000
vt 0.708500 0.000000
vt 0.708500 1.000000
vt 0.726100 0.000000
vt 0.726100 1.000000
vt 0.751700 0.000000
vt 0.751700 1.000000
vt 0.759000 0.000000
vt 0.759000 1.000000
vt 0.776700 0.000000
vt 0.776700 1.000000
vt 0.791300 0.000000
vt 0.791300 1.000000
vt 0.807500 0.000000
vt 0.807500 1.000000
vt 0.841800 1.000000
vt 0.797600 0.819900
vt 0.745600 0.905400
vt 0.782200 0.871300
vt 0.812100 0.826200
vt 0.796300 1.000000
vt 0.826500 0.982600
vt 0.710200 0.956900
vt 0.715600 0.985000
vt 0.664900 0.933900
vt 0.671200 0.874500
vt 0.636200 0.853800
vt 0.679000 0.793600
vt 0.649200 0.785100
vt 0.723100 0.738300
vt 0.847300 0.712000
s 1
usemtl 3d66_Standardmaterial_17342430_129
f 88/131/177 87/132/178 86/3/179
f 87/132/178 89/4/179 86/3/179
f 91/133/180 90/134/181 88/131/182
f 90/134/181 87/132/183 88/131/182
f 93/135/184 92/136/185 91/133/184
f 92/136/185 90/134/185 91/133/184
f 95/137/186 94/138/187 93/135/188
f 94/138/187 92/136/187 93/135/188
f 97/139/189 96/140/190 95/137/191
f 96/140/190 94/138/192 95/137/191
f 99/141/193 98/142/194 97/139/195
f 98/142/194 96/140/196 97/139/195
f 101/143/197 100/144/198 99/141/199
f 100/144/198 98/142/198 99/141/199
f 103/145/200 102/146/201 101/143/202
f 102/146/201 100/144/201 101/143/202
f 105/147/203 104/148/204 103/145/205
f 104/148/204 102/146/204 103/145/205
f 107/149/206 106/150/207 105/147/208
f 106/150/207 104/148/209 105/147/208
f 109/151/210 108/152/211 107/149/212
f 108/152/211 106/150/213 107/149/212
f 111/153/214 110/154/215 109/151/216
f 110/154/215 108/152/217 109/151/216
f 113/155/218 112/156/219 111/153/220
f 112/156/219 110/154/221 111/153/220
f 115/157/222 114/158/223 113/155/224
f 114/158/223 112/156/225 113/155/224
f 117/159/226 116/160/226 115/157/227
f 116/160/226 114/158/226 115/157/227
f 119/161/228 118/162/229 117/159/230
f 118/162/229 116/160/231 117/159/230
f 121/163/232 120/164/233 119/161/234
f 120/164/233 118/162/235 119/161/234
f 123/165/236 122/166/237 121/163/238
f 122/166/237 120/164/237 121/163/238
f 125/167/239 124/168/240 123/165/239
f 124/168/240 122/166/241 123/165/239
f 127/169/242 126/170/243 125/167/244
f 126/170/243 124/168/245 125/167/244
f 129/171/246 128/172/247 127/169/247
f 128/172/247 126/170/248 127/169/247
f 131/173/249 130/174/250 129/171/250
f 130/174/250 128/172/251 129/171/250
f 133/175/252 132/176/253 131/173/254
f 132/176/253 130/174/255 131/173/254
f 135/177/256 134/178/257 133/175/257
f 134/178/257 132/176/258 133/175/257
f 137/179/259 136/180/260 135/177/261
f 136/180/260 134/178/262 135/177/261
f 139/181/263 138/182/263 137/179/264
f 138/182/263 136/180/265 137/179/264
f 141/183/266 140/184/266 139/181/266
f 140/184/266 138/182/266 139/181/266
f 143/185/267 142/186/268 141/183/269
f 142/186/268 140/184/270 141/183/269
f 145/187/271 144/188/272 143/185/273
f 144/188/272 142/186/274 143/185/273
f 147/189/275 146/190/276 145/187/277
f 146/190/276 144/188/278 145/187/277
f 149/191/279 148/192/280 147/189/281
f 148/192/280 146/190/280 147/189/281
f 151/193/282 150/194/283 149/191/284
f 150/194/283 148/192/285 149/191/284
f 153/195/286 152/196/287 151/193/288
f 152/196/287 150/194/289 151/193/288
f 155/197/290 154/198/291 153/195/292
f 154/198/291 152/196/293 153/195/292
f 157/199/294 156/200/295 155/197/296
f 156/200/295 154/198/297 155/197/296
f 159/201/298 158/202/299 157/199/300
f 158/202/299 156/200/301 157/199/300
f 161/203/302 160/204/303 159/201/304
f 160/204/303 158/202/305 159/201/304
f 86/80/306 89/79/307 161/203/308
f 89/79/307 160/204/309 161/203/308
f 164/243/379 163/244/380 162/3/381
f 163/244/380 165/4/382 162/3/381
f 167/245/383 166/246/384 164/243/385
f 166/246/384 163/244/386 164/243/385
f 169/247/387 168/248/388 167/245/389
f 168/248/388 166/246/388 167/245/389
f 171/249/390 170/250/391 169/247/392
f 170/250/391 168/248/393 169/247/392
f 173/251/394 172/252/395 171/249/396
f 172/252/395 170/250/397 171/249/396
f 175/253/398 174/254/399 173/251/400
f 174/254/399 172/252/401 173/251/400
f 177/255/402 176/256/403 175/253/404
f 176/256/403 174/254/405 175/253/404
f 179/257/406 178/258/407 177/255/408
f 178/258/407 176/256/409 177/255/408
f 181/259/410 180/260/411 179/257/412
f 180/260/411 178/258/413 179/257/412
f 183/261/414 182/262/415 181/259/414
f 182/262/415 180/260/416 181/259/414
f 185/263/417 184/264/417 183/261/417
f 184/264/417 182/262/417 183/261/417
f 187/265/418 186/266/419 185/263/420
f 186/266/419 184/264/421 185/263/420
f 189/267/422 188/268/423 187/265/422
f 188/268/423 186/266/424 187/265/422
f 191/269/425 190/270/426 189/267/427
f 190/270/426 188/268/428 189/267/427
f 193/271/429 192/272/430 191/269/431
f 192/272/430 190/270/432 191/269/431
f 195/273/433 194/274/434 193/271/435
f 194/274/434 192/272/436 193/271/435
f 197/275/437 196/276/438 195/273/439
f 196/276/438 194/274/440 195/273/439
f 199/277/441 198/278/442 197/275/443
f 198/278/442 196/276/442 197/275/443
f 201/279/444 200/280/445 199/277/446
f 200/280/445 198/278/447 199/277/446
f 203/281/448 202/282/449 201/279/450
f 202/282/449 200/280/451 201/279/450
f 205/283/452 204/284/453 203/281/454
f 204/284/453 202/282/455 203/281/454
f 207/285/456 206/286/457 205/283/458
f 206/286/457 204/284/459 205/283/458
f 209/287/460 208/288/461 207/285/462
f 208/288/461 206/286/463 207/285/462
f 211/289/464 210/290/465 209/287/464
f 210/290/465 208/288/465 209/287/464
f 213/291/466 212/292/467 211/289/468
f 212/292/467 210/290/469 211/289/468
f 215/293/470 214/294/471 213/291/472
f 214/294/471 212/292/473 213/291/472
f 217/295/474 216/296/475 215/293/476
f 216/296/475 214/294/477 215/293/476
f 219/297/478 218/298/479 217/295/480
f 218/298/479 216/296/481 217/295/480
f 221/299/482 220/300/483 219/297/483
f 220/300/483 218/298/484 219/297/483
f 223/301/485 222/302/486 221/299/487
f 222/302/486 220/300/488 221/299/487
f 225/303/489 224/304/490 223/301/491
f 224/304/490 222/302/490 223/301/491
f 227/305/492 226/306/493 225/303/492
f 226/306/493 224/304/494 225/303/492
f 229/307/495 228/308/496 227/305/497
f 228/308/496 226/306/498 227/305/497
f 231/309/499 230/310/500 229/307/501
f 230/310/500 228/308/502 229/307/501
f 233/311/503 232/312/504 231/309/504
f 232/312/504 230/310/505 231/309/504
f 235/313/506 234/314/507 233/311/507
f 234/314/507 232/312/508 233/311/507
f 237/315/509 236/316/510 235/313/509
f 236/316/510 234/314/511 235/313/509
f 239/317/512 238/318/513 237/315/514
f 238/318/513 236/316/515 237/315/514
f 241/319/516 240/320/517 239/317/518
f 240/320/517 238/318/519 239/317/518
f 243/321/520 242/322/520 241/319/520
f 242/322/520 240/320/521 241/319/520
f 245/323/522 244/324/523 243/321/524
f 244/324/523 242/322/525 243/321/524
f 162/80/526 165/79/527 245/323/528
f 165/79/527 244/324/529 245/323/528
f 330/2/840 329/1/841 328/3/842
f 329/1/841 331/4/843 328/3/842
f 333/530/844 332/531/845 330/2/844
f 332/531/845 329/1/845 330/2/844
f 335/532/846 334/533/847 333/530/848
f 334/533/847 332/531/849 333/530/848
f 337/534/850 336/535/851 335/532/850
f 336/535/851 334/533/852 335/532/850
f 339/536/853 338/537/854 337/534/855
f 338/537/854 336/535/856 337/534/855
f 341/538/857 340/539/858 339/536/857
f 340/539/858 338/537/858 339/536/857
f 343/540/859 342/541/860 341/538/860
f 342/541/860 340/539/861 341/538/860
f 345/542/862 344/543/863 343/540/864
f 344/543/863 342/541/865 343/540/864
f 347/544/866 346/545/867 345/542/868
f 346/545/867 344/543/867 345/542/868
f 349/546/869 348/547/870 347/544/871
f 348/547/870 346/545/872 347/544/871
f 351/548/873 350/549/874 349/546/875
f 350/549/874 348/547/874 349/546/875
f 353/550/876 352/551/877 351/548/878
f 352/551/877 350/549/879 351/548/878
f 355/552/880 354/553/881 353/550/882
f 354/553/881 352/551/883 353/550/882
f 357/554/884 356/555/885 355/552/886
f 356/555/885 354/553/887 355/552/886
f 359/556/888 358/557/889 357/554/890
f 358/557/889 356/555/889 357/554/890
f 361/558/891 360/559/892 359/556/893
f 360/559/892 358/557/892 359/556/893
f 363/560/894 362/561/894 361/558/894
f 362/561/894 360/559/895 361/558/894
f 365/562/896 364/563/897 363/560/898
f 364/563/897 362/561/899 363/560/898
f 367/564/900 366/565/901 365/562/902
f 366/565/901 364/563/903 365/562/902
f 369/566/904 368/567/905 367/564/905
f 368/567/905 366/565/905 367/564/905
f 371/568/906 370/569/906 369/566/907
f 370/569/906 368/567/908 369/566/907
f 373/570/909 372/571/909 371/568/909
f 372/571/909 370/569/910 371/568/909
f 375/572/911 374/573/912 373/570/913
f 374/573/912 372/571/912 373/570/913
f 377/574/914 376/575/915 375/572/916
f 376/575/915 374/573/915 375/572/916
f 379/576/917 378/577/918 377/574/919
f 378/577/918 376/575/920 377/574/919
f 381/578/921 380/579/922 379/576/923
f 380/579/922 378/577/924 379/576/923
f 383/580/925 382/581/926 381/578/927
f 382/581/926 380/579/928 381/578/927
f 328/80/929 331/79/930 383/580/931
f 331/79/930 382/581/932 383/580/931
f 386/610/983 385/611/984 384/3/985
f 385/611/984 387/4/986 384/3/985
f 389/612/987 388/613/988 386/610/987
f 388/613/988 385/611/989 386/610/987
f 391/614/990 390/615/991 389/612/992
f 390/615/991 388/613/991 389/612/992
f 393/616/993 392/617/994 391/614/995
f 392/617/994 390/615/996 391/614/995
f 395/618/997 394/619/998 393/616/999
f 394/619/998 392/617/1000 393/616/999
f 397/620/1001 396/621/1002 395/618/1003
f 396/621/1002 394/619/1004 395/618/1003
f 399/622/1005 398/623/1006 397/620/1005
f 398/623/1006 396/621/1007 397/620/1005
f 401/624/1008 400/625/1008 399/622/1008
f 400/625/1008 398/623/1009 399/622/1008
f 403/626/1010 402/627/1011 401/624/1012
f 402/627/1011 400/625/1013 401/624/1012
f 405/628/1014 404/629/1015 403/626/1015
f 404/629/1015 402/627/1016 403/626/1015
f 407/630/1017 406/631/1018 405/628/1019
f 406/631/1018 404/629/1018 405/628/1019
f 409/632/1020 408/633/1021 407/630/1022
f 408/633/1021 406/631/1023 407/630/1022
f 411/634/1024 410/635/1025 409/632/1026
f 410/635/1025 408/633/1027 409/632/1026
f 413/636/1028 412/637/1029 411/634/1030
f 412/637/1029 410/635/1031 411/634/1030
f 415/638/1032 414/639/1033 413/636/1033
f 414/639/1033 412/637/1033 413/636/1033
f 417/640/1034 416/641/1035 415/638/1035
f 416/641/1035 414/639/1036 415/638/1035
f 419/642/1037 418/643/1038 417/640/1039
f 418/643/1038 416/641/1038 417/640/1039
f 421/644/1040 420/645/1041 419/642/1042
f 420/645/1041 418/643/1043 419/642/1042
f 423/646/1044 422/647/1045 421/644/1046
f 422/647/1045 420/645/1047 421/644/1046
f 425/648/1048 424/649/1049 423/646/1050
f 424/649/1049 422/647/1051 423/646/1050
f 427/650/1052 426/651/1053 425/648/1054
f 426/651/1053 424/649/1055 425/648/1054
f 429/652/1056 428/653/1057 427/650/1058
f 428/653/1057 426/651/1059 427/650/1058
f 431/654/1060 430/655/1061 429/652/1062
f 430/655/1061 428/653/1061 429/652/1062
f 433/656/1063 432/657/1064 431/654/1065
f 432/657/1064 430/655/1066 431/654/1065
f 435/658/1067 434/659/1068 433/656/1069
f 434/659/1068 432/657/1070 433/656/1069
f 437/660/1071 436/661/1072 435/658/1073
f 436/661/1072 434/659/1074 435/658/1073
f 439/578/1075 438/579/1076 437/660/1077
f 438/579/1076 436/661/1078 437/660/1077
f 441/662/1079 440/663/1080 439/578/1081
f 440/663/1080 438/579/1082 439/578/1081
f 384/80/1083 387/79/1084 441/662/1085
f 387/79/1084 440/663/1086 441/662/1085
usemtl 3d66_Standardmaterial_17342430_128
f 111/205/310 109/206/311 107/207/312
f 91/208/313 88/209/314 86/210/315
f 151/211/316 149/212/317 147/213/318
f 121/214/319 119/215/320 117/216/321
f 123/217/322 121/214/319 117/216/321
f 101/218/323 99/219/324 97/220/325
f 137/221/326 135/222/327 133/223/318
f 139/224/311 137/221/326 133/223/318
f 86/210/315 161/225/328 159/226/329
f 115/227/330 113/228/331 111/205/310
f 105/229/332 103/230/333 101/218/323
f 93/231/334 91/208/313 86/210/315
f 131/232/335 129/233/310 127/234/336
f 131/232/335 127/234/336 125/235/337
f 131/232/335 125/235/337 123/217/322
f 131/232/335 123/217/322 117/216/321
f 131/232/335 117/216/321 115/227/330
f 131/232/335 115/227/330 111/205/310
f 133/223/318 131/232/335 111/205/310
f 133/223/318 111/205/310 107/207/312
f 139/224/311 133/223/318 107/207/312
f 141/236/338 139/224/311 107/207/312
f 143/237/339 141/236/338 107/207/312
f 143/237/339 107/207/312 105/229/332
f 143/237/339 105/229/332 101/218/323
f 145/238/340 143/237/339 101/218/323
f 145/238/340 101/218/323 97/220/325
f 93/231/334 86/210/315 159/226/329
f 153/239/341 151/211/316 147/213/318
f 155/240/342 153/239/341 147/213/318
f 97/220/325 95/241/343 93/231/334
f 145/238/340 97/220/325 93/231/334
f 145/238/340 93/231/334 159/226/329
f 147/213/318 145/238/340 159/226/329
f 155/240/342 147/213/318 159/226/329
f 155/240/342 159/226/329 157/242/344
f 108/206/345 110/205/346 106/207/347
f 87/209/348 90/208/349 89/210/350
f 148/212/351 150/211/352 146/213/353
f 118/215/354 120/214/355 116/216/356
f 120/214/355 122/217/357 116/216/356
f 98/219/358 100/218/359 96/220/360
f 134/222/361 136/221/362 132/223/363
f 136/221/362 138/224/364 132/223/363
f 160/225/353 89/210/350 158/226/350
f 112/228/365 114/227/366 110/205/346
f 102/230/367 104/229/368 100/218/359
f 90/208/349 92/231/369 89/210/350
f 128/233/370 130/232/371 126/234/372
f 126/234/372 130/232/371 124/235/373
f 124/235/373 130/232/371 122/217/357
f 122/217/357 130/232/371 116/216/356
f 116/216/356 130/232/371 114/227/366
f 114/227/366 130/232/371 110/205/346
f 130/232/371 132/223/363 110/205/346
f 110/205/346 132/223/363 106/207/347
f 132/223/363 138/224/364 106/207/347
f 138/224/364 140/236/374 106/207/347
f 140/236/374 142/237/375 106/207/347
f 106/207/347 142/237/375 104/229/368
f 104/229/368 142/237/375 100/218/359
f 142/237/375 144/238/351 100/218/359
f 100/218/359 144/238/351 96/220/360
f 89/210/350 92/231/369 158/226/350
f 150/211/352 152/239/364 146/213/353
f 152/239/364 154/240/376 146/213/353
f 94/241/377 96/220/360 92/231/369
f 96/220/360 144/238/351 92/231/369
f 92/231/369 144/238/351 158/226/350
f 144/238/351 146/213/353 158/226/350
f 146/213/353 154/240/376 158/226/350
f 158/226/350 154/240/376 156/242/378
usemtl 3d66_Standardmaterial_17342430_130
f 221/325/530 219/326/531 217/327/532
f 207/328/533 205/329/534 203/330/535
f 181/331/536 179/332/537 177/333/538
f 241/334/539 239/335/540 237/336/538
f 215/337/541 213/338/542 211/339/543
f 177/333/538 175/340/544 173/341/545
f 173/341/545 171/342/546 169/343/547
f 207/328/533 203/330/535 201/344/548
f 211/339/543 209/345/543 207/328/533
f 195/346/549 193/347/550 191/348/551
f 243/349/552 241/334/539 237/336/538
f 223/350/553 221/325/530 217/327/532
f 231/351/543 229/352/554 227/353/555
f 233/354/556 231/351/543 227/353/555
f 233/354/556 227/353/555 225/355/556
f 201/344/548 199/356/557 197/357/558
f 189/358/559 187/359/560 185/360/559
f 223/350/553 217/327/532 215/337/541
f 162/361/561 245/362/562 243/349/552
f 164/363/563 162/361/561 243/349/552
f 235/364/535 233/354/556 225/355/556
f 225/355/556 223/350/553 215/337/541
f 225/355/556 215/337/541 211/339/543
f 225/355/556 211/339/543 207/328/533
f 225/355/556 207/328/533 201/344/548
f 235/364/535 225/355/556 201/344/548
f 235/364/535 201/344/548 197/357/558
f 235/364/535 197/357/558 195/346/549
f 235/364/535 195/346/549 191/348/551
f 235/364/535 191/348/551 189/358/559
f 237/336/538 235/364/535 189/358/559
f 237/336/538 189/358/559 185/360/559
f 169/343/547 167/365/564 164/363/563
f 169/343/547 164/363/563 243/349/552
f 169/343/547 243/349/552 237/336/538
f 169/343/547 237/336/538 185/360/559
f 173/341/545 169/343/547 185/360/559
f 177/333/538 173/341/545 185/360/559
f 181/331/536 177/333/538 185/360/559
f 183/366/565 181/331/536 185/360/559
f 218/326/566 220/325/567 216/327/568
f 204/329/569 206/328/570 202/330/571
f 178/332/572 180/331/573 176/333/574
f 238/335/575 240/334/576 236/336/577
f 212/338/578 214/337/579 210/339/580
f 174/340/581 176/333/574 172/341/582
f 170/342/583 172/341/582 168/343/584
f 202/330/571 206/328/570 200/344/585
f 208/345/586 210/339/580 206/328/570
f 192/347/587 194/346/588 190/348/589
f 240/334/576 242/349/590 236/336/577
f 220/325/567 222/350/591 216/327/568
f 228/352/592 230/351/593 226/353/594
f 230/351/593 232/354/595 226/353/594
f 226/353/594 232/354/595 224/355/596
f 198/356/591 200/344/585 196/357/597
f 186/359/598 188/358/599 184/360/600
f 216/327/568 222/350/591 214/337/579
f 244/362/601 165/361/602 242/349/590
f 165/361/602 163/363/603 242/349/590
f 232/354/595 234/364/604 224/355/596
f 222/350/591 224/355/596 214/337/579
f 214/337/579 224/355/596 210/339/580
f 210/339/580 224/355/596 206/328/570
f 206/328/570 224/355/596 200/344/585
f 224/355/596 234/364/604 200/344/585
f 200/344/585 234/364/604 196/357/597
f 196/357/597 234/364/604 194/346/588
f 194/346/588 234/364/604 190/348/589
f 190/348/589 234/364/604 188/358/599
f 234/364/604 236/336/577 188/358/599
f 188/358/599 236/336/577 184/360/600
f 166/365/605 168/343/584 163/363/603
f 163/363/603 168/343/584 242/349/590
f 242/349/590 168/343/584 236/336/577
f 236/336/577 168/343/584 184/360/600
f 168/343/584 172/341/582 184/360/600
f 172/341/582 176/333/574 184/360/600
f 176/333/574 180/331/573 184/360/600
f 180/331/573 182/366/606 184/360/600
usemtl 3d66_Standardmaterial_17342430_132
f 248/367/607 247/368/608 246/369/609
f 247/368/608 249/370/610 246/369/609
f 251/371/611 250/372/612 248/367/613
f 250/372/612 247/368/614 248/367/613
f 253/373/615 252/374/616 251/371/617
f 252/374/616 250/372/618 251/371/617
f 255/375/619 254/376/619 253/373/619
f 254/376/619 252/374/620 253/373/619
f 257/377/621 256/378/622 255/379/623
f 256/378/622 254/380/624 255/379/623
f 259/381/625 258/382/626 257/383/626
f 258/382/626 256/384/627 257/383/626
f 261/385/628 260/386/629 259/381/630
f 260/386/629 258/382/631 259/381/630
f 263/387/632 262/388/633 261/389/634
f 262/388/633 260/390/635 261/389/634
f 265/391/636 264/392/637 263/393/638
f 264/392/637 262/394/639 263/393/638
f 267/395/640 266/396/641 265/391/642
f 266/396/641 264/392/643 265/391/642
f 269/397/644 268/398/645 267/395/646
f 268/398/645 266/396/647 267/395/646
f 271/387/648 270/388/649 269/397/650
f 270/388/649 268/398/651 269/397/650
f 273/399/652 272/400/653 271/401/654
f 272/400/653 270/402/655 271/401/654
f 275/403/656 274/404/657 273/405/658
f 274/404/657 272/406/659 273/405/658
f 277/407/660 276/408/661 275/403/662
f 276/408/661 274/404/663 275/403/662
f 279/409/664 278/410/665 277/411/666
f 278/410/665 276/412/667 277/411/666
f 281/413/668 280/414/669 279/415/670
f 280/414/669 278/416/671 279/415/670
f 283/387/672 282/388/673 281/417/674
f 282/388/673 280/418/675 281/417/674
f 285/419/676 284/420/677 283/421/678
f 284/420/677 282/422/679 283/421/678
f 287/423/680 286/424/681 285/425/682
f 286/424/681 284/426/683 285/425/682
f 289/427/684 288/428/685 287/429/686
f 288/428/685 286/430/687 287/429/686
f 291/431/688 290/432/689 289/427/690
f 290/432/689 288/428/691 289/427/690
f 293/433/692 292/434/693 291/435/694
f 292/434/693 290/436/693 291/435/694
f 295/437/695 294/438/696 293/439/697
f 294/438/696 292/440/698 293/439/697
f 297/441/699 296/442/700 295/443/701
f 296/442/700 294/444/702 295/443/701
f 299/445/703 298/446/704 297/447/705
f 298/446/704 296/448/706 297/447/705
f 301/449/707 300/450/708 299/451/709
f 300/450/708 298/452/708 299/451/709
f 303/453/710 302/454/711 301/455/712
f 302/454/711 300/456/713 301/455/712
f 305/439/714 304/440/715 303/457/714
f 304/440/715 302/458/716 303/457/714
f 307/459/717 306/460/718 305/439/719
f 306/460/718 304/440/720 305/439/719
f 309/461/721 308/462/722 307/459/723
f 308/462/722 306/460/724 307/459/723
f 311/463/725 310/464/726 309/465/727
f 310/464/726 308/466/728 309/465/727
f 313/467/729 312/468/730 311/469/731
f 312/468/730 310/470/732 311/469/731
f 315/471/733 314/472/734 313/467/733
f 314/472/734 312/468/735 313/467/733
f 317/473/736 316/474/737 315/471/738
f 316/474/737 314/472/739 315/471/738
f 319/475/740 318/476/741 317/473/742
f 318/476/741 316/474/743 317/473/742
f 321/477/744 320/478/745 319/475/746
f 320/478/745 318/476/747 319/475/746
f 323/479/748 322/480/749 321/481/750
f 322/480/749 320/482/751 321/481/750
f 325/483/752 324/484/753 323/479/754
f 324/484/753 322/480/755 323/479/754
f 327/485/756 326/486/757 325/483/758
f 326/486/757 324/484/759 325/483/758
f 246/369/760 249/370/761 327/487/760
f 249/370/761 326/488/762 327/487/760
f 444/692/1139 443/693/1139 442/694/1139
f 443/693/1139 445/695/1140 442/694/1139
f 447/696/1141 446/697/1142 444/692/1143
f 446/697/1142 443/693/1144 444/692/1143
f 449/698/1145 448/699/1146 447/696/1147
f 448/699/1146 446/697/1148 447/696/1147
f 451/700/1149 450/701/1150 449/698/1150
f 450/701/1150 448/699/1151 449/698/1150
f 453/702/1152 452/703/1153 451/700/1153
f 452/703/1153 450/701/1154 451/700/1153
f 455/704/1155 454/705/1156 453/706/1157
f 454/705/1156 452/707/1158 453/706/1157
f 457/708/1159 456/709/1160 455/710/1159
f 456/709/1160 454/711/1159 455/710/1159
f 459/712/1161 458/713/1162 457/708/1163
f 458/713/1162 456/709/1164 457/708/1163
f 461/714/1165 460/715/1166 459/712/1167
f 460/715/1166 458/713/1168 459/712/1167
f 463/716/1169 462/717/1170 461/714/1171
f 462/717/1170 460/715/1172 461/714/1171
f 465/718/1173 464/719/1174 463/720/1175
f 464/719/1174 462/721/1176 463/720/1175
f 467/722/1177 466/723/1178 465/724/1178
f 466/723/1178 464/725/1179 465/724/1178
f 469/726/1180 468/727/1181 467/728/1182
f 468/727/1181 466/729/1183 467/728/1182
f 471/730/1184 470/731/1185 469/732/1185
f 470/731/1185 468/733/1185 469/732/1185
f 473/734/1186 472/735/1187 471/736/1188
f 472/735/1187 470/737/1189 471/736/1188
f 475/738/1190 474/739/1191 473/740/1186
f 474/739/1191 472/741/1187 473/740/1186
f 477/742/1192 476/743/1193 475/738/1190
f 476/743/1193 474/739/1191 475/738/1190
f 479/744/1194 478/745/1195 477/742/1192
f 478/745/1195 476/743/1193 477/742/1192
f 481/746/1196 480/747/1197 479/744/1194
f 480/747/1197 478/745/1195 479/744/1194
f 483/748/1198 482/749/1199 481/746/1196
f 482/749/1199 480/747/1197 481/746/1196
f 485/750/1200 484/751/1201 483/748/1198
f 484/751/1201 482/749/1199 483/748/1198
f 487/752/1202 486/753/1203 485/750/1200
f 486/753/1203 484/751/1201 485/750/1200
f 489/754/1204 488/755/1205 487/752/1202
f 488/755/1205 486/753/1203 487/752/1202
f 491/756/1206 490/757/1207 489/754/1204
f 490/757/1207 488/755/1205 489/754/1204
f 493/758/1208 492/759/1209 491/756/1206
f 492/759/1209 490/757/1207 491/756/1206
f 495/760/1210 494/761/1211 493/758/1208
f 494/761/1211 492/759/1209 493/758/1208
f 497/762/1212 496/763/1213 495/760/1210
f 496/763/1213 494/761/1211 495/760/1210
f 499/764/1214 498/765/1215 497/762/1212
f 498/765/1215 496/763/1213 497/762/1212
f 501/387/1216 500/388/1217 499/764/1214
f 500/388/1217 498/765/1215 499/764/1214
f 503/766/1218 502/767/1219 501/768/1219
f 502/767/1219 500/769/1220 501/768/1219
f 505/770/1221 504/771/1221 503/772/1221
f 504/771/1221 502/773/1222 503/772/1221
f 507/774/1223 506/775/1224 505/770/1225
f 506/775/1224 504/771/1226 505/770/1225
f 509/776/1227 508/777/1228 507/774/1228
f 508/777/1228 506/775/1229 507/774/1228
f 511/778/1230 510/779/1231 509/776/1232
f 510/779/1231 508/777/1233 509/776/1232
f 513/780/1234 512/781/1235 511/778/1236
f 512/781/1235 510/779/1237 511/778/1236
f 515/782/1238 514/783/1239 513/784/1240
f 514/783/1239 512/785/1241 513/784/1240
f 517/786/1242 516/787/1243 515/788/1243
f 516/787/1243 514/789/1244 515/788/1243
f 519/387/1245 518/388/1246 517/790/1247
f 518/388/1246 516/791/1248 517/790/1247
f 521/792/1249 520/793/1250 519/794/1249
f 520/793/1250 518/795/1251 519/794/1249
f 523/796/1252 522/797/1253 521/792/1252
f 522/797/1253 520/793/1253 521/792/1252
f 525/798/1254 524/799/1255 523/800/1256
f 524/799/1255 522/801/1257 523/800/1256
f 527/802/1258 526/803/1259 525/804/1260
f 526/803/1259 524/805/1261 525/804/1260
f 529/806/1262 528/807/1263 527/808/1262
f 528/807/1263 526/809/1263 527/808/1262
f 531/810/1264 530/811/1265 529/812/1266
f 530/811/1265 528/813/1265 529/812/1266
f 533/387/1267 532/388/1268 531/814/1269
f 532/388/1268 530/815/1270 531/814/1269
f 442/694/1271 445/695/1272 533/816/1273
f 445/695/1272 532/817/1272 533/816/1273
f 536/864/1355 535/865/1356 534/866/1356
f 535/865/1356 537/867/1357 534/866/1356
f 539/868/1358 538/869/1359 536/864/1358
f 538/869/1359 535/865/1360 536/864/1358
f 541/870/1361 540/871/1362 539/868/1363
f 540/871/1362 538/869/1364 539/868/1363
f 543/872/1365 542/873/1366 541/874/1367
f 542/873/1366 540/875/1368 541/874/1367
f 545/876/1369 544/877/1370 543/453/1371
f 544/877/1370 542/454/1372 543/453/1371
f 547/878/1373 546/879/1373 545/876/1373
f 546/879/1373 544/877/1373 545/876/1373
f 549/880/1374 548/881/1375 547/878/1376
f 548/881/1375 546/879/1377 547/878/1376
f 551/882/1378 550/883/1379 549/880/1380
f 550/883/1379 548/881/1381 549/880/1380
f 553/884/1382 552/885/1383 551/882/1382
f 552/885/1383 550/883/1384 551/882/1382
f 555/387/1385 554/388/1386 553/884/1387
f 554/388/1386 552/885/1388 553/884/1387
f 557/886/1389 556/887/1390 555/816/1391
f 556/887/1390 554/817/1392 555/816/1391
f 559/888/1393 558/889/1394 557/816/1395
f 558/889/1394 556/817/1396 557/816/1395
f 561/890/1397 560/891/1398 559/892/1399
f 560/891/1398 558/893/1400 559/892/1399
f 563/894/1401 562/895/1402 561/896/1402
f 562/895/1402 560/897/1403 561/896/1402
f 565/898/1404 564/899/1405 563/894/1406
f 564/899/1405 562/895/1407 563/894/1406
f 567/900/1408 566/901/1409 565/902/1410
f 566/901/1409 564/903/1411 565/902/1410
f 569/387/1412 568/388/1413 567/904/1414
f 568/388/1413 566/905/1415 567/904/1414
f 571/906/1416 570/907/1417 569/816/1417
f 570/907/1417 568/817/1418 569/816/1417
f 573/908/1419 572/909/1420 571/910/1421
f 572/909/1420 570/911/1422 571/910/1421
f 575/912/1423 574/913/1424 573/908/1425
f 574/913/1424 572/909/1426 573/908/1425
f 577/914/1427 576/915/1428 575/912/1428
f 576/915/1428 574/913/1429 575/912/1428
f 579/916/1430 578/917/1431 577/914/1430
f 578/917/1431 576/915/1432 577/914/1430
f 581/918/1433 580/919/1434 579/920/1435
f 580/919/1434 578/921/1434 579/920/1435
f 583/922/1436 582/923/1437 581/924/1438
f 582/923/1437 580/925/1439 581/924/1438
f 585/742/1440 584/743/1441 583/926/1440
f 584/743/1441 582/927/1442 583/926/1440
f 587/928/1443 586/929/1444 585/930/1445
f 586/929/1444 584/931/1446 585/930/1445
f 589/932/1447 588/933/1448 587/928/1449
f 588/933/1448 586/929/1450 587/928/1449
f 591/934/1451 590/935/1452 589/932/1453
f 590/935/1452 588/933/1454 589/932/1453
f 593/936/1455 592/937/1456 591/934/1457
f 592/937/1456 590/935/1458 591/934/1457
f 595/938/1459 594/939/1460 593/940/1461
f 594/939/1460 592/941/1462 593/940/1461
f 597/942/1463 596/943/1464 595/938/1465
f 596/943/1464 594/939/1466 595/938/1465
f 599/944/1467 598/945/1468 597/946/1469
f 598/945/1468 596/947/1470 597/946/1469
f 601/948/1471 600/949/1472 599/950/1473
f 600/949/1472 598/951/1474 599/950/1473
f 603/952/1475 602/953/1476 601/948/1477
f 602/953/1476 600/949/1478 601/948/1477
f 605/954/1479 604/955/1480 603/816/1481
f 604/955/1480 602/817/1482 603/816/1481
f 607/956/1483 606/957/1484 605/958/1485
f 606/957/1484 604/959/1486 605/958/1485
f 534/866/1487 537/867/1488 607/960/1489
f 537/867/1488 606/961/1490 607/960/1489
usemtl 3d66_Standardmaterial_17342430_131
f 281/489/763 279/490/764 277/491/765
f 297/492/766 295/493/767 293/494/768
f 285/495/769 283/496/770 281/489/763
f 287/497/771 285/495/769 281/489/763
f 246/498/772 327/499/773 325/500/774
f 287/497/771 281/489/763 277/491/765
f 275/501/775 273/502/776 271/503/777
f 277/491/765 275/501/775 271/503/777
f 263/504/778 261/505/779 259/506/780
f 265/507/781 263/504/778 259/506/780
f 265/507/781 259/506/780 257/508/782
f 267/509/783 265/507/781 257/508/782
f 323/510/564 321/511/784 319/512/785
f 325/500/774 323/510/564 319/512/785
f 246/498/772 325/500/774 319/512/785
f 277/491/765 271/503/777 269/513/786
f 277/491/765 269/513/786 267/509/783
f 277/491/765 267/509/783 257/508/782
f 277/491/765 257/508/782 255/514/787
f 287/497/771 277/491/765 255/514/787
f 313/515/788 311/516/789 309/517/790
f 246/498/772 319/512/785 317/518/791
f 248/519/792 246/498/772 317/518/791
f 251/520/793 248/519/792 317/518/791
f 251/520/793 317/518/791 315/521/553
f 251/520/793 315/521/553 313/515/788
f 251/520/793 313/515/788 309/517/790
f 253/522/794 251/520/793 309/517/790
f 253/522/794 309/517/790 307/523/795
f 255/514/787 253/522/794 307/523/795
f 255/514/787 307/523/795 305/524/796
f 255/514/787 305/524/796 303/525/797
f 287/497/771 255/514/787 303/525/797
f 287/497/771 303/525/797 301/526/798
f 287/497/771 301/526/798 299/527/799
f 287/497/771 299/527/799 297/492/766
f 287/497/771 297/492/766 293/494/768
f 289/528/800 287/497/771 293/494/768
f 291/529/801 289/528/800 293/494/768
f 278/490/802 280/489/803 276/491/804
f 294/493/805 296/492/806 292/494/807
f 282/496/808 284/495/809 280/489/803
f 284/495/809 286/497/810 280/489/803
f 326/499/811 249/498/812 324/500/813
f 280/489/803 286/497/810 276/491/804
f 272/502/814 274/501/815 270/503/816
f 274/501/815 276/491/804 270/503/816
f 260/505/817 262/504/818 258/506/819
f 262/504/818 264/507/820 258/506/819
f 258/506/819 264/507/820 256/508/821
f 264/507/820 266/509/822 256/508/821
f 320/511/823 322/510/824 318/512/825
f 322/510/824 324/500/813 318/512/825
f 324/500/813 249/498/812 318/512/825
f 270/503/816 276/491/804 268/513/826
f 268/513/826 276/491/804 266/509/822
f 266/509/822 276/491/804 256/508/821
f 256/508/821 276/491/804 254/514/827
f 276/491/804 286/497/810 254/514/827
f 310/516/828 312/515/829 308/517/830
f 318/512/825 249/498/812 316/518/831
f 249/498/812 247/519/573 316/518/831
f 247/519/573 250/520/832 316/518/831
f 316/518/831 250/520/832 314/521/804
f 314/521/804 250/520/832 312/515/829
f 312/515/829 250/520/832 308/517/830
f 250/520/832 252/522/832 308/517/830
f 308/517/830 252/522/832 306/523/833
f 252/522/832 254/514/827 306/523/833
f 306/523/833 254/514/827 304/524/834
f 304/524/834 254/514/827 302/525/835
f 254/514/827 286/497/810 302/525/835
f 302/525/835 286/497/810 300/526/836
f 300/526/836 286/497/810 298/527/837
f 298/527/837 286/497/810 296/492/806
f 296/492/806 286/497/810 292/494/807
f 286/497/810 288/528/838 292/494/807
f 288/528/838 290/529/839 292/494/807
usemtl 3d66_Standardmaterial_17342430_133
f 367/582/933 365/583/934 363/584/933
f 369/585/935 367/582/933 363/584/933
f 369/585/935 363/584/933 361/586/936
f 371/587/937 369/585/935 361/586/936
f 347/588/938 345/589/939 343/590/940
f 349/591/941 347/588/938 343/590/940
f 381/592/942 379/593/943 377/594/944
f 330/595/945 328/596/946 383/597/947
f 373/598/948 371/587/937 361/586/936
f 330/595/945 383/597/947 381/592/942
f 357/599/949 355/600/950 353/601/951
f 359/602/944 357/599/949 353/601/951
f 359/602/944 353/601/951 351/603/952
f 359/602/944 351/603/952 349/591/941
f 359/602/944 349/591/941 343/590/940
f 359/602/944 343/590/940 341/604/953
f 361/586/936 359/602/944 341/604/953
f 373/598/948 361/586/936 341/604/953
f 375/605/948 373/598/948 341/604/953
f 375/605/948 341/604/953 339/606/954
f 375/605/948 339/606/954 337/607/955
f 377/594/944 375/605/948 337/607/955
f 377/594/944 337/607/955 335/608/956
f 381/592/942 377/594/944 335/608/956
f 330/595/945 381/592/942 335/608/956
f 330/595/945 335/608/956 333/609/957
f 364/583/958 366/582/959 362/584/960
f 366/582/959 368/585/960 362/584/960
f 362/584/960 368/585/960 360/586/961
f 368/585/960 370/587/962 360/586/961
f 344/589/963 346/588/964 342/590/965
f 346/588/964 348/591/966 342/590/965
f 378/593/967 380/592/968 376/594/969
f 331/596/970 329/595/971 382/597/972
f 370/587/962 372/598/960 360/586/961
f 382/597/972 329/595/971 380/592/968
f 354/600/973 356/599/974 352/601/975
f 356/599/974 358/602/976 352/601/975
f 352/601/975 358/602/976 350/603/977
f 350/603/977 358/602/976 348/591/966
f 348/591/966 358/602/976 342/590/965
f 342/590/965 358/602/976 340/604/978
f 358/602/976 360/586/961 340/604/978
f 360/586/961 372/598/960 340/604/978
f 372/598/960 374/605/979 340/604/978
f 340/604/978 374/605/979 338/606/966
f 338/606/966 374/605/979 336/607/980
f 374/605/979 376/594/969 336/607/980
f 336/607/980 376/594/969 334/608/981
f 376/594/969 380/592/968 334/608/981
f 380/592/968 329/595/971 334/608/981
f 334/608/981 329/595/971 332/609/982
usemtl 3d66_Standardmaterial_17342430_134
f 415/664/1087 413/665/1088 411/3/1089
f 391/666/1090 389/667/1091 386/668/1092
f 409/669/1093 407/670/1094 405/671/1095
f 415/664/1087 411/3/1089 409/669/1093
f 415/664/1087 409/669/1093 405/671/1095
f 415/664/1087 405/671/1095 403/672/1096
f 417/673/1097 415/664/1087 403/672/1096
f 417/673/1097 403/672/1096 401/674/1098
f 421/675/1099 419/676/1100 417/673/1097
f 423/677/1101 421/675/1099 417/673/1097
f 395/678/1102 393/679/1103 391/666/1090
f 397/680/1104 395/678/1102 391/666/1090
f 423/677/1101 417/673/1097 401/674/1098
f 425/681/1105 423/677/1101 401/674/1098
f 427/682/1106 425/681/1105 401/674/1098
f 429/683/1107 427/682/1106 401/674/1098
f 429/683/1107 401/674/1098 399/684/1107
f 431/685/1108 429/683/1107 399/684/1107
f 431/685/1108 399/684/1107 397/680/1104
f 433/686/1109 431/685/1108 397/680/1104
f 433/686/1109 397/680/1104 391/666/1090
f 433/686/1109 391/666/1090 386/668/1092
f 433/686/1109 386/668/1092 384/687/1110
f 433/686/1109 384/687/1110 441/688/1111
f 435/689/1109 433/686/1109 441/688/1111
f 437/690/1112 435/689/1109 441/688/1111
f 437/690/1112 441/688/1111 439/691/1113
f 412/665/1114 414/664/1115 410/3/1116
f 388/667/1117 390/666/1118 385/668/1119
f 406/670/1120 408/669/1121 404/671/1122
f 410/3/1116 414/664/1115 408/669/1121
f 408/669/1121 414/664/1115 404/671/1122
f 404/671/1122 414/664/1115 402/672/1123
f 414/664/1115 416/673/1124 402/672/1123
f 402/672/1123 416/673/1124 400/674/1125
f 418/676/1126 420/675/1127 416/673/1124
f 420/675/1127 422/677/1123 416/673/1124
f 392/679/1128 394/678/1129 390/666/1118
f 394/678/1129 396/680/1114 390/666/1118
f 416/673/1124 422/677/1123 400/674/1125
f 422/677/1123 424/681/1119 400/674/1125
f 424/681/1119 426/682/1130 400/674/1125
f 426/682/1130 428/683/1131 400/674/1125
f 400/674/1125 428/683/1131 398/684/1132
f 428/683/1131 430/685/1123 398/684/1132
f 398/684/1132 430/685/1123 396/680/1114
f 430/685/1123 432/686/1133 396/680/1114
f 396/680/1114 432/686/1133 390/666/1118
f 390/666/1118 432/686/1133 385/668/1119
f 385/668/1119 432/686/1133 387/687/1134
f 387/687/1134 432/686/1133 440/688/1135
f 432/686/1133 434/689/1136 440/688/1135
f 434/689/1136 436/690/1137 440/688/1135
f 440/688/1135 436/690/1137 438/691/1138
usemtl 3d66_Standardmaterial_17342430_135
f 467/818/1274 465/819/1275 463/820/1276
f 469/821/1277 467/818/1274 463/820/1276
f 505/822/1278 503/823/1279 501/824/1280
f 505/822/1278 501/824/1280 499/825/1281
f 505/822/1278 499/825/1281 497/826/1282
f 505/822/1278 497/826/1282 495/827/1283
f 505/822/1278 495/827/1283 493/828/1284
f 505/822/1278 493/828/1284 491/829/1285
f 505/822/1278 491/829/1285 489/830/1286
f 517/831/1287 515/832/1275 513/833/1288
f 505/822/1278 489/830/1286 487/834/1289
f 442/835/1290 533/836/1290 531/837/1291
f 505/822/1278 487/834/1289 485/838/1292
f 469/821/1277 463/820/1276 461/839/1293
f 505/822/1278 485/838/1292 483/840/1294
f 444/841/1295 442/835/1290 531/837/1291
f 507/842/1296 505/822/1278 483/840/1294
f 507/842/1296 483/840/1294 481/843/1297
f 507/842/1296 481/843/1297 479/844/1298
f 507/842/1296 479/844/1298 477/845/1274
f 457/846/1299 455/847/1300 453/848/1301
f 459/849/1301 457/846/1299 453/848/1301
f 507/842/1296 477/845/1274 475/850/1302
f 509/851/1303 507/842/1296 475/850/1302
f 509/851/1303 475/850/1302 473/852/1304
f 511/853/1288 509/851/1303 473/852/1304
f 469/821/1277 461/839/1293 459/849/1301
f 469/821/1277 459/849/1301 453/848/1301
f 471/854/1305 469/821/1277 453/848/1301
f 471/854/1305 453/848/1301 451/855/1298
f 473/852/1304 471/854/1305 451/855/1298
f 511/853/1288 473/852/1304 451/855/1298
f 511/853/1288 451/855/1298 449/856/1306
f 513/833/1288 511/853/1288 449/856/1306
f 513/833/1288 449/856/1306 447/857/1307
f 513/833/1288 447/857/1307 444/841/1295
f 513/833/1288 444/841/1295 531/837/1291
f 517/831/1287 513/833/1288 531/837/1291
f 517/831/1287 531/837/1291 529/858/1308
f 517/831/1287 529/858/1308 527/859/1309
f 519/860/1310 517/831/1287 527/859/1309
f 521/861/1311 519/860/1310 527/859/1309
f 523/862/1305 521/861/1311 527/859/1309
f 523/862/1305 527/859/1309 525/863/1312
f 464/819/1313 466/818/1313 462/820/1314
f 466/818/1313 468/821/1315 462/820/1314
f 502/823/1316 504/822/1317 500/824/1318
f 500/824/1318 504/822/1317 498/825/1319
f 498/825/1319 504/822/1317 496/826/1320
f 496/826/1320 504/822/1317 494/827/1321
f 494/827/1321 504/822/1317 492/828/1322
f 492/828/1322 504/822/1317 490/829/1323
f 490/829/1323 504/822/1317 488/830/1324
f 514/832/1325 516/831/1326 512/833/1327
f 488/830/1324 504/822/1317 486/834/1328
f 532/836/1329 445/835/1330 530/837/1331
f 486/834/1328 504/822/1317 484/838/1332
f 462/820/1314 468/821/1315 460/839/1333
f 484/838/1332 504/822/1317 482/840/1334
f 445/835/1330 443/841/1335 530/837/1331
f 504/822/1317 506/842/1336 482/840/1334
f 482/840/1334 506/842/1336 480/843/1337
f 480/843/1337 506/842/1336 478/844/1338
f 478/844/1338 506/842/1336 476/845/1339
f 454/847/1340 456/846/1341 452/848/1342
f 456/846/1341 458/849/1343 452/848/1342
f 476/845/1339 506/842/1336 474/850/1344
f 506/842/1336 508/851/1329 474/850/1344
f 474/850/1344 508/851/1329 472/852/1345
f 508/851/1329 510/853/1343 472/852/1345
f 460/839/1333 468/821/1315 458/849/1343
f 458/849/1343 468/821/1315 452/848/1342
f 468/821/1315 470/854/1342 452/848/1342
f 452/848/1342 470/854/1342 450/855/1346
f 470/854/1342 472/852/1345 450/855/1346
f 472/852/1345 510/853/1343 450/855/1346
f 450/855/1346 510/853/1343 448/856/1347
f 510/853/1343 512/833/1327 448/856/1347
f 448/856/1347 512/833/1327 446/857/1348
f 446/857/1348 512/833/1327 443/841/1335
f 443/841/1335 512/833/1327 530/837/1331
f 512/833/1327 516/831/1326 530/837/1331
f 530/837/1331 516/831/1326 528/858/1349
f 528/858/1349 516/831/1326 526/859/1350
f 516/831/1326 518/860/1351 526/859/1350
f 518/860/1351 520/861/1352 526/859/1350
f 520/861/1352 522/862/1353 526/859/1350
f 526/859/1350 522/862/1353 524/863/1354
usemtl 3d66_Standardmaterial_17342430_136
f 571/962/1491 569/963/1492 567/964/1493
f 571/962/1491 567/964/1493 565/965/1494
f 557/966/1495 555/3/1496 553/967/1497
f 559/968/1498 557/966/1495 553/967/1497
f 559/968/1498 553/967/1497 551/969/1499
f 583/970/1500 581/971/1501 579/972/1502
f 573/973/1503 571/962/1491 565/965/1494
f 573/973/1503 565/965/1494 563/974/1504
f 573/973/1503 563/974/1504 561/975/1505
f 575/976/1506 573/973/1503 561/975/1505
f 587/977/1507 585/978/1508 583/970/1500
f 589/979/1509 587/977/1507 583/970/1500
f 605/980/1510 603/981/1511 601/982/1512
f 534/983/1510 607/984/1492 605/980/1510
f 536/985/1513 534/983/1510 605/980/1510
f 536/985/1513 605/980/1510 601/982/1512
f 545/986/1514 543/987/1513 541/988/1496
f 589/979/1509 583/970/1500 579/972/1502
f 577/989/1515 575/976/1506 561/975/1505
f 577/989/1515 561/975/1505 559/968/1498
f 601/982/1512 599/990/1516 597/991/1517
f 536/985/1513 601/982/1512 597/991/1517
f 577/989/1515 559/968/1498 551/969/1499
f 577/989/1515 551/969/1499 549/992/1518
f 577/989/1515 549/992/1518 547/993/1519
f 577/989/1515 547/993/1519 545/986/1514
f 577/989/1515 545/986/1514 541/988/1496
f 577/989/1515 541/988/1496 539/994/1520
f 577/989/1515 539/994/1520 536/985/1513
f 577/989/1515 536/985/1513 597/991/1517
f 579/972/1502 577/989/1515 597/991/1517
f 589/979/1509 579/972/1502 597/991/1517
f 591/995/1521 589/979/1509 597/991/1517
f 593/996/1522 591/995/1521 597/991/1517
f 595/997/1523 593/996/1522 597/991/1517
f 568/963/1524 570/962/1525 566/964/1526
f 566/964/1526 570/962/1525 564/965/1527
f 554/3/1528 556/966/1528 552/967/1528
f 556/966/1528 558/968/1529 552/967/1528
f 552/967/1528 558/968/1529 550/969/1530
f 580/971/1531 582/970/1532 578/972/1533
f 570/962/1525 572/973/1534 564/965/1527
f 564/965/1527 572/973/1534 562/974/1535
f 562/974/1535 572/973/1534 560/975/1536
f 572/973/1534 574/976/1537 560/975/1536
f 584/978/1538 586/977/1539 582/970/1532
f 586/977/1539 588/979/1540 582/970/1532
f 602/981/1537 604/980/1541 600/982/1542
f 606/984/1543 537/983/1544 604/980/1541
f 537/983/1544 535/985/1545 604/980/1541
f 604/980/1541 535/985/1545 600/982/1542
f 542/987/1546 544/986/1547 540/988/1548
f 582/970/1532 588/979/1540 578/972/1533
f 574/976/1537 576/989/1529 560/975/1536
f 560/975/1536 576/989/1529 558/968/1529
f 598/990/1549 600/982/1542 596/991/1550
f 600/982/1542 535/985/1545 596/991/1550
f 558/968/1529 576/989/1529 550/969/1530
f 550/969/1530 576/989/1529 548/992/1551
f 548/992/1551 576/989/1529 546/993/1552
f 546/993/1552 576/989/1529 544/986/1547
f 544/986/1547 576/989/1529 540/988/1548
f 540/988/1548 576/989/1529 538/994/1553
f 538/994/1553 576/989/1529 535/985/1545
f 535/985/1545 576/989/1529 596/991/1550
f 576/989/1529 578/972/1533 596/991/1550
f 578/972/1533 588/979/1540 596/991/1550
f 588/979/1540 590/995/1554 596/991/1550
f 590/995/1554 592/996/1555 596/991/1550
f 592/996/1555 594/997/1556 596/991/1550
usemtl 3d66_Standardmaterial_17342430_138
f 610/2/1557 609/1/1558 608/3/1559
f 609/1/1558 611/4/1560 608/3/1559
f 613/6/1561 612/5/1562 610/2/1561
f 612/5/1562 609/1/1563 610/2/1561
f 615/8/1564 614/7/1564 613/6/1564
f 614/7/1564 612/5/1564 613/6/1564
f 617/10/1565 616/9/1566 615/8/1565
f 616/9/1566 614/7/1567 615/8/1565
f 619/12/1568 618/11/1568 617/10/1568
f 618/11/1568 616/9/1569 617/10/1568
f 621/14/1570 620/13/1571 619/12/1570
f 620/13/1571 618/11/1572 619/12/1570
f 623/16/1573 622/15/1574 621/14/1574
f 622/15/1574 620/13/1574 621/14/1574
f 625/18/1575 624/17/1576 623/16/1575
f 624/17/1576 622/15/1576 623/16/1575
f 627/20/1577 626/19/1578 625/18/1577
f 626/19/1578 624/17/1579 625/18/1577
f 629/22/1580 628/21/1581 627/20/1582
f 628/21/1581 626/19/1583 627/20/1582
f 631/24/1584 630/23/1585 629/22/1584
f 630/23/1585 628/21/1585 629/22/1584
f 633/26/1586 632/25/1587 631/24/1588
f 632/25/1587 630/23/1589 631/24/1588
f 635/28/1590 634/27/1591 633/26/1592
f 634/27/1591 632/25/1591 633/26/1592
f 637/34/1593 636/29/1594 635/28/1595
f 636/29/1594 634/27/1596 635/28/1595
f 639/33/1597 638/32/1598 637/34/1599
f 638/32/1598 636/29/1600 637/34/1599
f 641/36/1601 640/35/1602 639/33/1602
f 640/35/1602 638/32/1603 639/33/1602
f 643/38/1604 642/37/1605 641/36/1606
f 642/37/1605 640/35/1607 641/36/1606
f 645/40/1608 644/39/1609 643/38/1610
f 644/39/1609 642/37/1609 643/38/1610
f 647/42/1611 646/41/1612 645/40/1613
f 646/41/1612 644/39/1614 645/40/1613
f 649/44/1615 648/43/1616 647/42/1615
f 648/43/1616 646/41/1617 647/42/1615
f 651/46/1618 650/45/1619 649/44/1620
f 650/45/1619 648/43/1621 649/44/1620
f 653/48/1622 652/47/1623 651/46/1624
f 652/47/1623 650/45/1625 651/46/1624
f 655/50/1626 654/49/1627 653/48/1628
f 654/49/1627 652/47/1629 653/48/1628
f 657/52/1630 656/51/1631 655/50/1632
f 656/51/1631 654/49/1633 655/50/1632
f 659/54/1634 658/53/1635 657/52/1636
f 658/53/1635 656/51/1637 657/52/1636
f 661/56/1638 660/55/1639 659/54/1640
f 660/55/1639 658/53/1641 659/54/1640
f 663/58/1642 662/57/1643 661/56/1644
f 662/57/1643 660/55/1645 661/56/1644
f 665/60/1646 664/59/1646 663/58/1646
f 664/59/1646 662/57/1646 663/58/1646
f 667/998/1647 666/61/1648 665/60/1648
f 666/61/1648 664/59/1648 665/60/1648
f 669/999/1649 668/1000/1650 667/998/1651
f 668/1000/1650 666/61/1651 667/998/1651
f 671/1001/1652 670/1002/1653 669/999/1653
f 670/1002/1653 668/1000/1653 669/999/1653
f 673/1003/1654 672/1004/1655 671/1001/1656
f 672/1004/1655 670/1002/1657 671/1001/1656
f 675/1005/1658 674/1006/1659 673/1003/1660
f 674/1006/1659 672/1004/1661 673/1003/1660
f 677/1007/1662 676/1008/1662 675/1005/1663
f 676/1008/1662 674/1006/1664 675/1005/1663
f 679/1009/1665 678/1010/1666 677/1007/1667
f 678/1010/1666 676/1008/1668 677/1007/1667
f 681/1011/1669 680/1012/1670 679/1009/1671
f 680/1012/1670 678/1010/1672 679/1009/1671
f 683/1013/1673 682/1014/1674 681/1011/1675
f 682/1014/1674 680/1012/1676 681/1011/1675
f 685/1015/1677 684/1016/1678 683/1013/1679
f 684/1016/1678 682/1014/1680 683/1013/1679
f 687/1017/1681 686/1018/1682 685/1015/1683
f 686/1018/1682 684/1016/1684 685/1015/1683
f 689/1019/1685 688/1020/1686 687/1017/1686
f 688/1020/1686 686/1018/1687 687/1017/1686
f 691/1021/1688 690/1022/1689 689/1019/1690
f 690/1022/1689 688/1020/1691 689/1019/1690
f 693/1023/1692 692/1024/1693 691/1021/1694
f 692/1024/1693 690/1022/1695 691/1021/1694
f 695/1025/1696 694/1026/1697 693/1023/1698
f 694/1026/1697 692/1024/1698 693/1023/1698
f 697/187/1699 696/188/1700 695/1025/1701
f 696/188/1700 694/1026/1702 695/1025/1701
f 699/64/1703 698/1027/1704 697/187/1705
f 698/1027/1704 696/188/1706 697/187/1705
f 701/63/1707 700/62/1708 699/64/1709
f 700/62/1708 698/1027/1710 699/64/1709
f 703/66/1711 702/65/1712 701/63/1713
f 702/65/1712 700/62/1712 701/63/1713
f 705/68/1714 704/67/1715 703/66/1716
f 704/67/1715 702/65/1717 703/66/1716
f 707/70/1718 706/69/1719 705/68/1720
f 706/69/1719 704/67/1721 705/68/1720
f 709/74/1722 708/71/1723 707/70/1724
f 708/71/1723 706/69/1725 707/70/1724
f 711/73/1726 710/72/1727 709/74/1728
f 710/72/1727 708/71/1729 709/74/1728
f 713/76/1730 712/75/1731 711/73/1731
f 712/75/1731 710/72/1732 711/73/1731
f 715/78/1733 714/77/1734 713/76/1735
f 714/77/1734 712/75/1736 713/76/1735
f 608/80/1737 611/79/1737 715/78/1737
f 611/79/1737 714/77/1737 715/78/1737
usemtl 3d66_Standardmaterial_17342430_137
f 675/1028/1738 673/1029/1739 671/1030/1740
f 675/1028/1738 671/1030/1740 669/1031/1741
f 689/1032/1742 687/1033/1743 685/1034/1744
f 691/1035/1745 689/1032/1742 685/1034/1744
f 693/1036/1746 691/1035/1745 685/1034/1744
f 693/1036/1746 685/1034/1744 683/1037/1747
f 695/1038/1748 693/1036/1746 683/1037/1747
f 695/1038/1748 683/1037/1747 681/1039/1749
f 697/1040/1750 695/1038/1748 681/1039/1749
f 699/89/1751 697/1040/1750 681/1039/1749
f 699/89/1751 681/1039/1749 679/1041/1752
f 637/84/1753 635/81/1754 633/83/1755
f 639/85/1754 637/84/1753 633/83/1755
f 639/85/1754 633/83/1755 631/87/1756
f 639/85/1754 631/87/1756 629/88/1754
f 675/1028/1738 669/1031/1741 667/1042/1757
f 677/91/1758 675/1028/1738 667/1042/1757
f 677/91/1758 667/1042/1757 665/92/1759
f 699/89/1751 679/1041/1752 677/91/1758
f 701/90/1760 699/89/1751 677/91/1758
f 701/90/1760 677/91/1758 665/92/1759
f 610/94/1761 608/93/1762 715/95/1763
f 629/88/1754 627/96/1764 625/97/1755
f 639/85/1754 629/88/1754 625/97/1755
f 639/85/1754 625/97/1755 623/99/1765
f 647/101/1766 645/100/1767 643/102/1745
f 649/103/1745 647/101/1766 643/102/1745
f 613/104/1756 610/94/1761 715/95/1763
f 615/105/1768 613/104/1756 715/95/1763
f 617/106/1768 615/105/1768 715/95/1763
f 619/107/1756 617/106/1768 715/95/1763
f 619/107/1756 715/95/1763 713/108/1769
f 619/107/1756 713/108/1769 711/109/1765
f 621/110/1770 619/107/1756 711/109/1765
f 623/99/1765 621/110/1770 711/109/1765
f 639/85/1754 623/99/1765 711/109/1765
f 639/85/1754 711/109/1765 709/112/1770
f 639/85/1754 709/112/1770 707/113/1770
f 639/85/1754 707/113/1770 705/114/1771
f 641/115/1763 639/85/1754 705/114/1771
f 641/115/1763 705/114/1771 703/116/1749
f 643/102/1745 641/115/1763 703/116/1749
f 643/102/1745 703/116/1749 701/90/1760
f 643/102/1745 701/90/1760 665/92/1759
f 643/102/1745 665/92/1759 663/117/1772
f 649/103/1745 643/102/1745 663/117/1772
f 651/118/1749 649/103/1745 663/117/1772
f 651/118/1749 663/117/1772 661/119/1773
f 653/120/1749 651/118/1749 661/119/1773
f 653/120/1749 661/119/1773 659/121/1767
f 655/122/1774 653/120/1749 659/121/1767
f 655/122/1774 659/121/1767 657/123/1775
f 672/1029/1776 674/1028/1777 670/1030/1776
f 670/1030/1776 674/1028/1777 668/1031/1778
f 686/1033/1779 688/1032/1780 684/1034/1781
f 688/1032/1780 690/1035/1782 684/1034/1781
f 690/1035/1782 692/1036/1783 684/1034/1781
f 684/1034/1781 692/1036/1783 682/1037/1784
f 692/1036/1783 694/1038/1785 682/1037/1784
f 682/1037/1784 694/1038/1785 680/1039/1786
f 694/1038/1785 696/1040/1787 680/1039/1786
f 696/1040/1787 698/89/1788 680/1039/1786
f 680/1039/1786 698/89/1788 678/1041/1789
f 634/81/1790 636/84/1791 632/83/1791
f 636/84/1791 638/85/1791 632/83/1791
f 632/83/1791 638/85/1791 630/87/1792
f 630/87/1792 638/85/1791 628/88/1791
f 668/1031/1778 674/1028/1777 666/1042/1793
f 674/1028/1777 676/91/1794 666/1042/1793
f 666/1042/1793 676/91/1794 664/92/1795
f 678/1041/1789 698/89/1788 676/91/1794
f 698/89/1788 700/90/1796 676/91/1794
f 676/91/1794 700/90/1796 664/92/1795
f 611/93/1797 609/94/1798 714/95/1799
f 626/96/1800 628/88/1791 624/97/1790
f 628/88/1791 638/85/1791 624/97/1790
f 624/97/1790 638/85/1791 622/99/1792
f 644/100/1801 646/101/1802 642/102/1780
f 646/101/1802 648/103/1803 642/102/1780
f 609/94/1798 612/104/1798 714/95/1799
f 612/104/1798 614/105/1804 714/95/1799
f 614/105/1804 616/106/1782 714/95/1799
f 616/106/1782 618/107/1800 714/95/1799
f 714/95/1799 618/107/1800 712/108/1799
f 712/108/1799 618/107/1800 710/109/1800
f 618/107/1800 620/110/1800 710/109/1800
f 620/110/1800 622/99/1792 710/109/1800
f 622/99/1792 638/85/1791 710/109/1800
f 710/109/1800 638/85/1791 708/112/1791
f 708/112/1791 638/85/1791 706/113/1799
f 706/113/1799 638/85/1791 704/114/1799
f 638/85/1791 640/115/1805 704/114/1799
f 704/114/1799 640/115/1805 702/116/1806
f 640/115/1805 642/102/1780 702/116/1806
f 702/116/1806 642/102/1780 700/90/1796
f 700/90/1796 642/102/1780 664/92/1795
f 664/92/1795 642/102/1780 662/117/1807
f 642/102/1780 648/103/1803 662/117/1807
f 648/103/1803 650/118/1805 662/117/1807
f 662/117/1807 650/118/1805 660/119/1808
f 650/118/1805 652/120/1809 660/119/1808
f 660/119/1808 652/120/1809 658/121/1810
f 652/120/1809 654/122/1811 658/121/1810
f 658/121/1810 654/122/1811 656/123/1812
usemtl 3d66_Standardmaterial_17342430_127
f 3/1/1 2/2/1 1/3/1
f 4/4/1 3/1/1 1/3/1
f 6/5/2 5/6/2 2/2/2
f 3/1/2 6/5/2 2/2/2
f 8/7/3 7/8/4 5/6/4
f 6/5/3 8/7/3 5/6/4
f 10/9/5 9/10/6 7/8/7
f 8/7/8 10/9/5 7/8/7
f 12/11/9 11/12/10 9/10/11
f 10/9/9 12/11/9 9/10/11
f 14/13/12 13/14/13 11/12/13
f 12/11/12 14/13/12 11/12/13
f 16/15/14 15/16/14 13/14/14
f 14/13/14 16/15/14 13/14/14
f 18/17/15 17/18/16 15/16/17
f 16/15/18 18/17/15 15/16/17
f 20/19/19 19/20/20 17/18/20
f 18/17/19 20/19/19 17/18/20
f 22/21/21 21/22/22 19/20/22
f 20/19/21 22/21/21 19/20/22
f 24/23/23 23/24/24 21/22/24
f 22/21/23 24/23/23 21/22/24
f 26/25/25 25/26/26 23/24/26
f 24/23/25 26/25/25 23/24/26
f 28/27/27 27/28/28 25/26/28
f 26/25/27 28/27/27 25/26/28
f 30/29/29 29/30/30 27/28/29
f 31/31/29 30/29/29 27/28/29
f 34/32/31 33/33/32 32/34/31
f 30/29/33 34/32/31 32/34/31
f 36/35/34 35/36/34 33/33/34
f 34/32/34 36/35/34 33/33/34
f 38/37/35 37/38/36 35/36/36
f 36/35/35 38/37/35 35/36/36
f 40/39/37 39/40/38 37/38/38
f 38/37/37 40/39/37 37/38/38
f 42/41/39 41/42/40 39/40/40
f 40/39/39 42/41/39 39/40/40
f 44/43/41 43/44/42 41/42/43
f 42/41/44 44/43/41 41/42/43
f 46/45/45 45/46/45 43/44/45
f 44/43/45 46/45/45 43/44/45
f 48/47/46 47/48/47 45/46/48
f 46/45/49 48/47/46 45/46/48
f 50/49/50 49/50/51 47/48/52
f 48/47/53 50/49/50 47/48/52
f 52/51/54 51/52/55 49/50/56
f 50/49/57 52/51/54 49/50/56
f 54/53/58 53/54/59 51/52/59
f 52/51/58 54/53/58 51/52/59
f 56/55/60 55/56/61 53/54/62
f 54/53/60 56/55/60 53/54/62
f 58/57/63 57/58/64 55/56/65
f 56/55/63 58/57/63 55/56/65
f 60/59/66 59/60/67 57/58/67
f 58/57/68 60/59/66 57/58/67
f 60/59/69 61/61/69 59/60/69
f 64/62/70 63/63/70 62/64/70
f 66/65/71 65/66/71 63/63/71
f 64/62/71 66/65/71 63/63/71
f 68/67/72 67/68/72 65/66/72
f 66/65/72 68/67/72 65/66/72
f 70/69/73 69/70/74 67/68/75
f 68/67/76 70/69/73 67/68/75
f 70/69/77 71/71/77 69/70/78
f 74/72/79 73/73/80 72/74/81
f 76/75/82 75/76/83 73/73/84
f 74/72/85 76/75/82 73/73/84
f 78/77/86 77/78/86 75/76/86
f 76/75/86 78/77/86 75/76/86
f 4/79/87 1/80/88 77/78/89
f 78/77/90 4/79/87 77/78/89
f 71/71/77 72/128/78 69/70/78
f 71/71/175 74/72/79 72/128/81
f 30/29/29 32/34/29 29/30/30
f 28/27/29 31/31/29 27/28/29
usemtl 3d66_Standardmaterial_17342430_126
f 27/81/91 79/82/92 25/83/93
f 32/84/94 33/85/95 79/82/92
f 25/83/93 80/86/96 23/87/97
f 23/87/97 80/86/96 21/88/98
f 62/89/99 63/90/100 61/91/101
f 61/91/101 63/90/100 59/92/102
f 1/93/103 2/94/104 77/95/105
f 19/96/106 21/88/98 17/97/107
f 21/88/98 81/98/108 17/97/107
f 17/97/107 81/98/108 15/99/109
f 39/100/110 41/101/111 37/102/112
f 41/101/111 43/103/113 37/102/112
f 2/94/104 5/104/114 77/95/105
f 5/104/114 7/105/115 77/95/105
f 7/105/115 9/106/116 77/95/105
f 9/106/116 11/107/117 77/95/105
f 77/95/105 11/107/117 75/108/118
f 75/108/118 11/107/117 73/109/119
f 11/107/117 13/110/120 73/109/119
f 13/110/120 15/99/109 73/109/119
f 15/99/109 82/111/121 73/109/119
f 73/109/119 82/111/121 72/112/122
f 69/113/123 33/85/95 67/114/124
f 33/85/95 35/115/125 67/114/124
f 67/114/124 35/115/125 65/116/126
f 35/115/125 37/102/112 65/116/126
f 65/116/126 37/102/112 63/90/100
f 63/90/100 37/102/112 59/92/102
f 59/92/102 37/102/112 57/117/127
f 37/102/112 43/103/113 57/117/127
f 43/103/113 45/118/128 57/117/127
f 57/117/127 45/118/128 55/119/129
f 45/118/128 47/120/130 55/119/129
f 55/119/129 47/120/130 53/121/131
f 47/120/130 49/122/132 53/121/131
f 53/121/131 49/122/132 51/123/133
f 31/124/134 28/81/135 26/83/136
f 34/85/137 30/84/138 83/125/139
f 83/125/139 26/83/136 24/87/140
f 34/85/137 83/125/139 84/126/141
f 64/90/142 62/89/99 61/91/101
f 64/90/142 61/91/101 60/92/143
f 3/94/144 4/93/145 78/95/146
f 22/88/147 20/96/148 18/97/149
f 84/126/141 22/88/147 18/97/149
f 34/85/137 84/126/141 85/127/150
f 42/101/151 40/100/152 38/102/153
f 44/103/154 42/101/151 38/102/153
f 6/104/155 3/94/144 78/95/146
f 8/105/156 6/104/155 78/95/146
f 10/106/157 8/105/156 78/95/146
f 12/107/158 10/106/157 78/95/146
f 12/107/158 78/95/146 76/108/159
f 12/107/158 76/108/159 74/109/160
f 14/110/161 12/107/158 74/109/160
f 16/99/162 14/110/161 74/109/160
f 85/127/150 16/99/162 74/109/160
f 34/85/137 85/127/150 71/112/163
f 34/85/137 71/112/163 70/113/164
f 34/85/137 70/113/164 68/114/165
f 36/115/166 34/85/137 68/114/165
f 36/115/166 68/114/165 66/116/167
f 38/102/153 36/115/166 66/116/167
f 38/102/153 66/116/167 64/90/142
f 38/102/153 64/90/142 60/92/143
f 38/102/153 60/92/143 58/117/168
f 44/103/154 38/102/153 58/117/168
f 46/118/169 44/103/154 58/117/168
f 46/118/169 58/117/168 56/119/170
f 48/120/171 46/118/169 56/119/170
f 48/120/171 56/119/170 54/121/172
f 50/122/173 48/120/171 54/121/172
f 50/122/173 54/121/172 52/123/174
f 72/129/122 33/85/95 69/113/123
f 82/111/121 33/85/95 72/129/122
f 15/99/109 81/98/108 82/111/121
f 81/98/108 33/85/95 82/111/121
f 21/88/98 80/86/96 81/98/108
f 80/86/96 33/85/95 81/98/108
f 25/83/93 79/82/92 80/86/96
f 79/82/92 33/85/95 80/86/96
f 27/81/91 29/130/176 79/82/92
f 29/130/176 32/84/94 79/82/92
f 85/127/150 74/109/160 71/112/163
f 85/127/150 18/97/149 16/99/162
f 84/126/141 18/97/149 85/127/150
f 84/126/141 24/87/140 22/88/147
f 83/125/139 24/87/140 84/126/141
f 83/125/139 30/84/138 31/124/134
f 83/125/139 31/124/134 26/83/136
