# Blender 4.3.2
# www.blender.org
mtllib 兽2.mtl
o 兽2
v -0.250971 -0.001412 1.073632
v -0.250750 -0.002016 1.073885
v -0.249613 -0.002997 1.070717
v -0.249834 -0.002393 1.070464
v -0.249885 -0.001270 1.073990
v -0.248747 -0.002251 1.070820
v -0.249704 -0.000407 1.073809
v -0.248566 -0.001388 1.070640
v -0.248617 0.000698 1.073891
v -0.247478 -0.000282 1.070721
v -0.248911 0.001588 1.073529
v -0.247772 0.000608 1.070360
v -0.247956 0.002131 1.073724
v -0.246817 0.001152 1.070553
v -0.248174 0.002446 1.073554
v -0.247034 0.001466 1.070384
v -0.247164 0.003301 1.073679
v -0.246024 0.002322 1.070508
v -0.247381 0.003654 1.073499
v -0.246241 0.002675 1.070328
v -0.246960 0.005166 1.073221
v -0.245820 0.004188 1.070050
v -0.246339 0.005540 1.073342
v -0.245199 0.004562 1.070171
v -0.246558 0.005735 1.073205
v -0.245418 0.004757 1.070034
v -0.245197 0.006927 1.073363
v -0.244057 0.005950 1.070191
v -0.245371 0.007194 1.073223
v -0.244231 0.006217 1.070051
v -0.245063 0.007814 1.073159
v -0.243923 0.006837 1.069986
v -0.243575 0.007633 1.073754
v -0.242434 0.006657 1.070581
v -0.243491 0.009401 1.073280
v -0.242349 0.008425 1.070107
v -0.244063 0.009740 1.072974
v -0.242921 0.008764 1.069801
v -0.243718 0.010479 1.072889
v -0.242577 0.009503 1.069715
v -0.244049 0.010999 1.072620
v -0.242908 0.010023 1.069447
v -0.247729 0.011117 1.071241
v -0.246588 0.010140 1.068071
v -0.248739 0.008669 1.071571
v -0.247600 0.007690 1.068401
v -0.249324 0.008202 1.071490
v -0.248185 0.007222 1.068320
v -0.248372 0.011073 1.071018
v -0.247232 0.010095 1.067848
v -0.250134 0.011200 1.070338
v -0.248995 0.010221 1.067169
v -0.251440 0.006634 1.071163
v -0.250302 0.005653 1.067995
v -0.251289 0.005372 1.071578
v -0.250151 0.004391 1.068411
v -0.250375 0.004112 1.072273
v -0.249236 0.003131 1.069105
v -0.250892 0.002851 1.072444
v -0.249754 0.001870 1.069275
v -0.251818 0.002267 1.072271
v -0.250680 0.001286 1.069104
v -0.252200 0.002714 1.072004
v -0.251063 0.001733 1.068837
v -0.253767 0.000490 1.072065
v -0.252630 -0.000492 1.068900
v -0.253564 -0.000163 1.072326
v -0.252428 -0.001145 1.069160
v -0.253135 -0.000214 1.072498
v -0.251999 -0.001196 1.069332
v -0.252956 -0.000551 1.072660
v -0.251820 -0.001533 1.069492
v -0.252097 -0.000627 1.072996
v -0.250960 -0.001609 1.069829
v -0.251374 -0.001756 1.073583
v -0.250237 -0.002738 1.070415
v -0.268386 -0.000040 1.067400
v -0.267821 -0.000079 1.067619
v -0.266747 -0.001026 1.064618
v -0.267313 -0.000988 1.064399
v -0.267507 -0.000600 1.067884
v -0.266432 -0.001548 1.064883
v -0.266861 -0.000495 1.068091
v -0.265787 -0.001443 1.065088
v -0.266998 -0.000765 1.068118
v -0.265923 -0.001712 1.065116
v -0.266096 -0.000811 1.068462
v -0.265021 -0.001758 1.065459
v -0.265840 -0.001302 1.068698
v -0.264765 -0.002250 1.065693
v -0.265477 -0.000866 1.068705
v -0.264402 -0.001813 1.065701
v -0.264870 -0.001465 1.069100
v -0.263794 -0.002412 1.066096
v -0.264541 -0.000233 1.068867
v -0.263465 -0.001180 1.065862
v -0.264005 0.000812 1.068762
v -0.262928 -0.000135 1.065756
v -0.264157 0.001440 1.068525
v -0.263080 0.000494 1.065519
v -0.263144 0.002069 1.068716
v -0.262067 0.001123 1.065709
v -0.263294 0.002382 1.068571
v -0.262217 0.001436 1.065564
v -0.262786 0.003113 1.068546
v -0.261709 0.002167 1.065540
v -0.262019 0.003703 1.068658
v -0.260941 0.002758 1.065649
v -0.262334 0.004057 1.068440
v -0.261256 0.003112 1.065434
v -0.262188 0.005000 1.068223
v -0.261110 0.004055 1.065215
v -0.261344 0.005287 1.068449
v -0.260265 0.004343 1.065440
v -0.261447 0.005789 1.068267
v -0.260368 0.004845 1.065258
v -0.259684 0.007123 1.068529
v -0.258604 0.006180 1.065519
v -0.259322 0.007853 1.068451
v -0.258242 0.006910 1.065440
v -0.260167 0.007573 1.068222
v -0.259087 0.006629 1.065213
v -0.259280 0.008967 1.068146
v -0.258200 0.008024 1.065135
v -0.259665 0.009114 1.067963
v -0.258585 0.008172 1.064953
v -0.259051 0.010524 1.067781
v -0.257971 0.009582 1.064771
v -0.259590 0.010489 1.067594
v -0.258510 0.009547 1.064584
v -0.259523 0.011034 1.067462
v -0.258443 0.010092 1.064451
v -0.258385 0.011474 1.067753
v -0.257304 0.010531 1.064741
v -0.261504 0.011407 1.066629
v -0.260425 0.010464 1.063620
v -0.261599 0.010995 1.066713
v -0.260520 0.010052 1.063704
v -0.263607 0.007856 1.066880
v -0.262529 0.006911 1.063874
v -0.263997 0.008430 1.066572
v -0.262920 0.007485 1.063566
v -0.263403 0.010919 1.066073
v -0.262325 0.009975 1.063067
v -0.265018 0.010937 1.065477
v -0.263941 0.009992 1.062472
v -0.266269 0.006123 1.066404
v -0.265193 0.005177 1.063400
v -0.265595 0.004003 1.067260
v -0.264520 0.003057 1.064257
v -0.266687 0.002115 1.067403
v -0.265612 0.001168 1.064400
v -0.267043 0.003036 1.067008
v -0.265968 0.002089 1.064005
v -0.267580 0.002247 1.067038
v -0.266506 0.001300 1.064036
v -0.267790 0.001099 1.067291
v -0.266716 0.000151 1.064290
v -0.268404 0.000926 1.067116
v -0.267330 -0.000022 1.064115
v -0.303249 -0.001142 1.054040
v -0.303039 -0.000705 1.053991
v -0.302494 -0.001204 1.052459
v -0.302704 -0.001640 1.052509
v -0.303103 0.000289 1.053682
v -0.302558 -0.000210 1.052150
v -0.302721 0.001192 1.053561
v -0.302176 0.000693 1.052028
v -0.302673 0.002885 1.053090
v -0.302128 0.002387 1.051558
v -0.302379 0.002874 1.053201
v -0.301834 0.002376 1.051669
v -0.301502 0.001352 1.053960
v -0.300956 0.000854 1.052426
v -0.301092 0.000767 1.054278
v -0.300546 0.000269 1.052744
v -0.299965 0.001381 1.054513
v -0.299419 0.000883 1.052977
v -0.299763 0.004006 1.053830
v -0.299217 0.003508 1.052294
v -0.300065 0.004341 1.053623
v -0.299518 0.003843 1.052087
v -0.299674 0.007088 1.052975
v -0.299127 0.006591 1.051438
v -0.300000 0.007448 1.052752
v -0.299454 0.006951 1.051216
v -0.306584 0.006626 1.050589
v -0.306041 0.006128 1.049060
v -0.306900 0.005497 1.050799
v -0.306357 0.004999 1.049271
v -0.306573 0.003747 1.051421
v -0.306030 0.003249 1.049893
v -0.307267 0.003978 1.051101
v -0.306724 0.003480 1.049574
v -0.307399 0.003169 1.051286
v -0.306857 0.002671 1.049759
v -0.307958 0.003058 1.051114
v -0.307416 0.002560 1.049588
v -0.307873 0.002610 1.051274
v -0.307330 0.002112 1.049748
v -0.306927 0.002128 1.051757
v -0.306384 0.001630 1.050230
v -0.307093 0.001783 1.051796
v -0.306550 0.001285 1.050269
v -0.306957 0.001496 1.051928
v -0.306414 0.000998 1.050401
v -0.306658 0.001450 1.052050
v -0.306116 0.000951 1.050523
v -0.306441 0.001126 1.052223
v -0.305898 0.000628 1.050695
v -0.306174 0.001430 1.052232
v -0.305631 0.000932 1.050704
v -0.305715 0.001734 1.052312
v -0.305171 0.001236 1.050784
v -0.305497 0.002307 1.052228
v -0.304954 0.001808 1.050698
v -0.304999 0.002400 1.052382
v -0.304455 0.001902 1.050853
v -0.304574 0.001675 1.052746
v -0.304030 0.001177 1.051215
v -0.304650 0.001244 1.052842
v -0.304106 0.000746 1.051312
v -0.304248 0.000322 1.053254
v -0.303704 -0.000177 1.051724
v -0.304548 0.000140 1.053197
v -0.304003 -0.000358 1.051667
v -0.304569 -0.000175 1.053280
v -0.304025 -0.000674 1.051750
v -0.304774 -0.000536 1.053309
v -0.304231 -0.001035 1.051779
v -0.304689 -0.000992 1.053472
v -0.304145 -0.001491 1.051942
v -0.304291 -0.001499 1.053762
v -0.303747 -0.001998 1.052232
v -0.304412 -0.001740 1.053787
v -0.303867 -0.002238 1.052258
v -0.304158 -0.001925 1.053934
v -0.303614 -0.002424 1.052403
v -0.303495 -0.001785 1.054136
v -0.302951 -0.002284 1.052604
v -0.303036 -0.001464 1.054211
v -0.302491 -0.001963 1.052679
v -0.222423 -0.000867 1.082794
v -0.221717 -0.000942 1.083072
v -0.220520 -0.001956 1.079745
v -0.221226 -0.001881 1.079467
v -0.221275 -0.001391 1.083361
v -0.220078 -0.002404 1.080033
v -0.219673 -0.001259 1.083904
v -0.218476 -0.002271 1.080577
v -0.219070 -0.001395 1.084162
v -0.217872 -0.002407 1.080834
v -0.216914 0.000839 1.084305
v -0.215717 -0.000171 1.080977
v -0.215836 0.003967 1.083802
v -0.214639 0.002957 1.080473
v -0.213076 0.007278 1.083854
v -0.211879 0.006272 1.080525
v -0.211993 0.006927 1.084346
v -0.210796 0.005921 1.081017
v -0.211703 0.007735 1.084220
v -0.210505 0.006729 1.080892
v -0.212245 0.009537 1.083509
v -0.211047 0.008531 1.080181
v -0.212079 0.010309 1.083349
v -0.210881 0.009303 1.080020
v -0.212586 0.011222 1.082905
v -0.211389 0.010216 1.079576
v -0.215883 0.011393 1.081663
v -0.214685 0.010385 1.078335
v -0.216582 0.010411 1.081691
v -0.215384 0.009402 1.078362
v -0.216631 0.008804 1.082132
v -0.215433 0.007794 1.078804
v -0.217528 0.007989 1.082040
v -0.216331 0.006979 1.078711
v -0.217025 0.010475 1.081512
v -0.215827 0.009466 1.078183
v -0.216504 0.011485 1.081412
v -0.215306 0.010477 1.078083
v -0.218493 0.011517 1.080682
v -0.217295 0.010507 1.077354
v -0.218766 0.010257 1.080943
v -0.217568 0.009246 1.077615
v -0.220201 0.005994 1.081640
v -0.219003 0.004983 1.078312
v -0.219358 0.004326 1.082423
v -0.218160 0.003315 1.079095
v -0.219137 0.002821 1.082933
v -0.217939 0.001810 1.079605
v -0.220063 0.001665 1.082927
v -0.218866 0.000653 1.079600
v -0.220750 0.002033 1.082574
v -0.219553 0.001020 1.079245
v -0.221374 0.001044 1.082629
v -0.220177 0.000031 1.079301
v -0.222249 0.000146 1.082568
v -0.221052 -0.000868 1.079241
v -0.237395 -0.001680 1.078336
v -0.235874 -0.001278 1.078790
v -0.234563 -0.002370 1.075246
v -0.236085 -0.002774 1.074792
v -0.235513 -0.001749 1.079061
v -0.234202 -0.002842 1.075517
v -0.235126 -0.001199 1.079048
v -0.233815 -0.002291 1.075503
v -0.234544 -0.001211 1.079270
v -0.233233 -0.002303 1.075724
v -0.234368 -0.000498 1.079130
v -0.233057 -0.001589 1.075585
v -0.234794 -0.000396 1.078942
v -0.233483 -0.001488 1.075397
v -0.233727 0.001115 1.078907
v -0.232416 0.000024 1.075361
v -0.232423 0.004003 1.078566
v -0.231111 0.002913 1.075020
v -0.230763 0.005443 1.078772
v -0.229451 0.004355 1.075226
v -0.228812 0.008319 1.078676
v -0.227498 0.007233 1.075129
v -0.228216 0.007521 1.079128
v -0.226903 0.006435 1.075580
v -0.227509 0.008490 1.079113
v -0.226195 0.007404 1.075567
v -0.226966 0.010685 1.078686
v -0.225653 0.009599 1.075138
v -0.233333 0.010895 1.076244
v -0.232020 0.009806 1.072698
v -0.233200 0.010259 1.076476
v -0.231887 0.009170 1.072930
v -0.234091 0.008890 1.076535
v -0.232779 0.007800 1.072991
v -0.233685 0.010953 1.076096
v -0.232373 0.009863 1.072549
v -0.234773 0.010956 1.075686
v -0.233461 0.009866 1.072141
v -0.235624 0.008463 1.076084
v -0.234312 0.007371 1.072539
v -0.236460 0.006771 1.076257
v -0.235149 0.005679 1.072712
v -0.236479 0.005265 1.076683
v -0.235168 0.004172 1.073139
v -0.235934 0.003981 1.077256
v -0.234623 0.002889 1.073711
v -0.236325 0.002651 1.077492
v -0.235014 0.001558 1.073947
v -0.237575 0.001533 1.077344
v -0.236264 0.000440 1.073800
v -0.238625 0.000933 1.077123
v -0.237314 -0.000161 1.073580
v -0.239197 0.000028 1.077168
v -0.237887 -0.001067 1.073625
v -0.239113 -0.000907 1.077469
v -0.237803 -0.002002 1.073926
v -0.237998 -0.000980 1.077909
v -0.236688 -0.002075 1.074364
v -0.279297 -0.002333 1.063624
v -0.278443 -0.001186 1.063623
v -0.277651 -0.001856 1.061525
v -0.278504 -0.003003 1.061529
v -0.277686 -0.000592 1.063743
v -0.276893 -0.001262 1.061645
v -0.277353 0.000954 1.063424
v -0.276560 0.000284 1.061325
v -0.276613 0.003278 1.063036
v -0.275818 0.002610 1.060937
v -0.274353 0.005410 1.063292
v -0.273557 0.004742 1.061190
v -0.273377 0.004564 1.063915
v -0.272582 0.003896 1.061812
v -0.273156 0.004778 1.063939
v -0.272360 0.004110 1.061836
v -0.272923 0.006441 1.063546
v -0.272127 0.005773 1.061443
v -0.273408 0.008853 1.062659
v -0.272611 0.008186 1.060556
v -0.273392 0.009806 1.062389
v -0.272596 0.009138 1.060286
v -0.277418 0.009588 1.060896
v -0.276624 0.008921 1.058797
v -0.276615 0.008642 1.061481
v -0.275821 0.007974 1.059381
v -0.276209 0.008514 1.061674
v -0.275414 0.007846 1.059574
v -0.276854 0.006687 1.061954
v -0.276060 0.006019 1.059855
v -0.278252 0.006240 1.061544
v -0.277458 0.005572 1.059446
v -0.278320 0.006324 1.061493
v -0.277527 0.005655 1.059395
v -0.278377 0.006586 1.061395
v -0.277583 0.005918 1.059297
v -0.278421 0.006963 1.061269
v -0.277627 0.006294 1.059171
v -0.278454 0.007387 1.061133
v -0.277660 0.006719 1.059036
v -0.278478 0.007793 1.061006
v -0.277684 0.007125 1.058909
v -0.278492 0.008115 1.060908
v -0.277699 0.007447 1.058810
v -0.278499 0.008286 1.060855
v -0.277706 0.007618 1.058757
v -0.278507 0.008383 1.060824
v -0.277713 0.007715 1.058727
v -0.278524 0.008519 1.060779
v -0.277730 0.007851 1.058681
v -0.278548 0.008687 1.060719
v -0.277754 0.008020 1.058623
v -0.278578 0.008883 1.060652
v -0.277785 0.008215 1.058554
v -0.278613 0.009098 1.060576
v -0.277819 0.008430 1.058479
v -0.278651 0.009326 1.060495
v -0.277857 0.008658 1.058397
v -0.278690 0.009561 1.060412
v -0.277897 0.008893 1.058315
v -0.280468 0.009452 1.059757
v -0.279675 0.008784 1.057661
v -0.279558 0.007678 1.060622
v -0.278765 0.007009 1.058525
v -0.279607 0.006255 1.061015
v -0.278814 0.005587 1.058919
v -0.280283 0.004345 1.061308
v -0.279491 0.003676 1.059212
v -0.279373 0.002777 1.062114
v -0.278581 0.002108 1.060017
v -0.279826 0.001488 1.062313
v -0.279033 0.000818 1.060217
v -0.280550 0.002189 1.061829
v -0.279758 0.001520 1.059734
v -0.281249 0.000452 1.062062
v -0.280457 -0.000218 1.059968
v -0.281618 0.000255 1.061977
v -0.280827 -0.000415 1.059883
v -0.281696 -0.000445 1.062149
v -0.280905 -0.001115 1.060055
v -0.281581 -0.001049 1.062369
v -0.280790 -0.001720 1.060275
v -0.281277 -0.001118 1.062507
v -0.280485 -0.001788 1.060412
v -0.280945 -0.000837 1.062553
v -0.280154 -0.001507 1.060458
v -0.280775 -0.001325 1.062760
v -0.279983 -0.001995 1.060665
v -0.280276 -0.001384 1.062971
v -0.279485 -0.002054 1.060875
v -0.279773 -0.002820 1.063582
v -0.278981 -0.003490 1.061485
v -0.289792 -0.000173 1.058971
v -0.290562 0.001229 1.058275
v -0.289885 0.000634 1.056428
v -0.289114 -0.000769 1.057123
v -0.290121 0.001943 1.058234
v -0.289443 0.001348 1.056386
v -0.289957 0.002476 1.058141
v -0.289278 0.001882 1.056294
v -0.289487 0.002731 1.058245
v -0.288809 0.002135 1.056396
v -0.289697 0.003425 1.057964
v -0.289019 0.002830 1.056116
v -0.289254 0.004131 1.057927
v -0.288575 0.003536 1.056079
v -0.288859 0.005217 1.057761
v -0.288180 0.004622 1.055911
v -0.289124 0.005720 1.057516
v -0.288445 0.005125 1.055667
v -0.288815 0.006884 1.057294
v -0.288136 0.006289 1.055445
v -0.286853 0.008902 1.057447
v -0.286173 0.008308 1.055597
v -0.289838 0.008626 1.056406
v -0.289159 0.008032 1.054559
v -0.290876 0.005314 1.056975
v -0.290199 0.004719 1.055128
v -0.291563 0.005202 1.056749
v -0.290886 0.004607 1.054903
v -0.291727 0.006898 1.056197
v -0.291049 0.006303 1.054351
v -0.292126 0.007932 1.055747
v -0.291449 0.007338 1.053902
v -0.291054 0.008460 1.055997
v -0.290377 0.007866 1.054150
v -0.295207 0.008058 1.054555
v -0.294532 0.007464 1.052714
v -0.293168 0.007765 1.055404
v -0.292492 0.007170 1.053561
v -0.292477 0.006153 1.056130
v -0.291801 0.005558 1.054286
v -0.292817 0.003960 1.056637
v -0.292141 0.003365 1.054793
v -0.292034 0.001991 1.057501
v -0.291357 0.001396 1.055656
v -0.292496 0.001481 1.057475
v -0.291819 0.000885 1.055631
v -0.292778 0.002120 1.057184
v -0.292102 0.001525 1.055340
v -0.293383 0.001191 1.057225
v -0.292707 0.000596 1.055383
v -0.293787 0.001509 1.056982
v -0.293111 0.000914 1.055139
v -0.294051 0.000973 1.057038
v -0.293376 0.000378 1.055196
v -0.293548 0.000158 1.057462
v -0.292872 -0.000437 1.055620
v -0.293566 -0.000121 1.057536
v -0.292890 -0.000716 1.055694
v -0.293221 -0.000755 1.057850
v -0.292546 -0.001351 1.056006
v -0.292648 -0.000747 1.058063
v -0.291972 -0.001342 1.056219
v -0.292387 -0.000558 1.058106
v -0.291711 -0.001153 1.056262
v -0.292135 -0.000835 1.058281
v -0.291458 -0.001431 1.056437
v -0.291800 -0.000653 1.058354
v -0.291124 -0.001249 1.056509
v -0.291073 -0.000919 1.058705
v -0.290396 -0.001515 1.056859
v -0.290978 -0.000657 1.058665
v -0.290300 -0.001253 1.056819
v -0.289906 -0.000776 1.059103
v -0.289228 -0.001372 1.057255
v -0.167343 -0.019363 1.110997
v -0.164756 -0.019772 1.112007
v -0.162546 -0.021627 1.105578
v -0.165133 -0.021218 1.104568
v -0.162280 -0.018587 1.112524
v -0.160069 -0.020440 1.106094
v -0.161046 -0.016752 1.112426
v -0.158835 -0.018605 1.105996
v -0.160695 -0.014404 1.111876
v -0.158484 -0.016257 1.105446
v -0.162701 -0.010253 1.109998
v -0.160490 -0.012107 1.103568
v -0.162452 -0.006845 1.109110
v -0.160241 -0.008699 1.102680
v -0.164882 -0.002904 1.107146
v -0.162671 -0.004758 1.100716
v -0.163868 -0.001377 1.107060
v -0.161657 -0.003231 1.100630
v -0.163192 -0.001944 1.107455
v -0.160981 -0.003798 1.101026
v -0.161734 -0.000974 1.107681
v -0.159523 -0.002828 1.101251
v -0.160210 0.001554 1.107485
v -0.157999 -0.000299 1.101055
v -0.158864 0.005582 1.106800
v -0.156652 0.003730 1.100369
v -0.156528 0.011277 1.105979
v -0.154316 0.009426 1.099548
v -0.178665 0.013768 1.097626
v -0.176457 0.011907 1.091199
v -0.181517 0.006073 1.098840
v -0.179309 0.004210 1.092414
v -0.184980 0.003279 1.098442
v -0.182773 0.001414 1.092017
v -0.189365 0.002430 1.097172
v -0.187159 0.000562 1.090749
v -0.189632 0.003055 1.096902
v -0.187426 0.001187 1.090477
v -0.190879 0.002842 1.096532
v -0.188673 0.000974 1.090109
v -0.191398 0.001997 1.096594
v -0.189192 0.000128 1.090171
v -0.194985 -0.000397 1.096042
v -0.192780 -0.002269 1.089620
v -0.194942 -0.002535 1.096667
v -0.192737 -0.004407 1.090245
v -0.195277 -0.004040 1.096981
v -0.193072 -0.005912 1.090560
v -0.194791 -0.005037 1.097434
v -0.192587 -0.006909 1.091011
v -0.193181 -0.004760 1.097909
v -0.190977 -0.006630 1.091486
v -0.191657 -0.004282 1.098298
v -0.189451 -0.006151 1.091875
v -0.190268 -0.004333 1.098792
v -0.188062 -0.006201 1.092369
v -0.189966 -0.006349 1.099472
v -0.187760 -0.008217 1.093048
v -0.189932 -0.009231 1.097062
v -0.189535 -0.009567 1.095907
v -0.189361 -0.013071 1.098357
v -0.188964 -0.013407 1.097201
v -0.188552 -0.014650 1.099086
v -0.188155 -0.014986 1.097930
v -0.187433 -0.015899 1.099828
v -0.187035 -0.016235 1.098674
v -0.188793 -0.012922 1.098509
v -0.188396 -0.013258 1.097354
v -0.188633 -0.010058 1.097747
v -0.188236 -0.010394 1.096591
v -0.185586 -0.010572 1.098945
v -0.185189 -0.010907 1.097789
v -0.184327 -0.012539 1.099940
v -0.183929 -0.012874 1.098785
v -0.184543 -0.015191 1.100624
v -0.184145 -0.015526 1.099468
v -0.186465 -0.017707 1.100679
v -0.186068 -0.018042 1.099523
v -0.190846 -0.018081 1.099275
v -0.190449 -0.018418 1.098119
v -0.189859 -0.018764 1.099811
v -0.189462 -0.019100 1.098655
v -0.186837 -0.018595 1.100804
v -0.186440 -0.018931 1.099649
v -0.184681 -0.017141 1.101133
v -0.184284 -0.017477 1.099977
v -0.183142 -0.014658 1.100954
v -0.182745 -0.014994 1.099798
v -0.183191 -0.012382 1.100288
v -0.182794 -0.012718 1.099131
v -0.185040 -0.009407 1.098800
v -0.184643 -0.009742 1.097645
v -0.186132 -0.007214 1.101041
v -0.183925 -0.009079 1.094616
v -0.184761 -0.007071 1.101474
v -0.182554 -0.008936 1.095049
v -0.181708 -0.007754 1.102722
v -0.179500 -0.009617 1.096296
v -0.179724 -0.010757 1.104264
v -0.177516 -0.012618 1.097838
v -0.177822 -0.011652 1.105177
v -0.175613 -0.013513 1.098750
v -0.175038 -0.012193 1.106292
v -0.172829 -0.014052 1.099865
v -0.172877 -0.015277 1.107919
v -0.170667 -0.017135 1.101492
v -0.167426 -0.016702 1.110209
v -0.165215 -0.018557 1.103780
v -0.057008 -0.012475 1.123621
v -0.066891 -0.002361 1.157353
v -0.054435 -0.012929 1.121826
v -0.067866 -0.003263 1.154589
v -0.066203 -0.000560 1.159501
v -0.052296 -0.012360 1.119835
v -0.066021 0.001049 1.160090
v -0.051519 -0.011256 1.118724
v -0.066183 0.002532 1.159481
v -0.051747 -0.009718 1.118302
v -0.067331 0.003935 1.155546
v -0.054742 -0.006745 1.119640
v -0.067649 0.005965 1.154374
v -0.055330 -0.004486 1.119237
v -0.068976 0.007110 1.150254
v -0.058618 -0.001678 1.120706
v -0.068788 0.008408 1.150609
v -0.058027 -0.000721 1.119915
v -0.068481 0.008387 1.151532
v -0.057242 -0.001147 1.119474
v -0.068090 0.009585 1.152630
v -0.056070 -0.000612 1.118345
v -0.067874 0.011700 1.153178
v -0.055200 0.000948 1.117028
v -0.067897 0.014580 1.152916
v -0.054865 0.003524 1.115742
v -0.067823 0.018882 1.153111
v -0.053935 0.007099 1.113493
v -0.077080 0.011474 1.132838
v -0.067745 0.009025 1.122941
v -0.073055 0.013685 1.138565
v -0.074477 0.009266 1.125413
v -0.077622 0.006262 1.134449
v -0.074929 0.003978 1.126768
v -0.079158 0.003709 1.133942
v -0.076912 0.001805 1.127538
v -0.081612 0.002151 1.132712
v -0.079864 0.000668 1.127725
v -0.081868 0.002460 1.132428
v -0.080176 0.001025 1.127600
v -0.082606 0.002064 1.132169
v -0.080984 0.000689 1.127544
v -0.082800 0.001454 1.132313
v -0.081166 0.000069 1.127653
v -0.084715 -0.000682 1.132330
v -0.083064 -0.002081 1.127625
v -0.084335 -0.001960 1.132956
v -0.082630 -0.003406 1.128096
v -0.084303 -0.002931 1.133329
v -0.082563 -0.004406 1.128369
v -0.083824 -0.003439 1.133700
v -0.082058 -0.004937 1.128664
v -0.082847 -0.002949 1.133961
v -0.081041 -0.004481 1.128813
v -0.081976 -0.002339 1.134200
v -0.080100 -0.003930 1.128851
v -0.081122 -0.002059 1.134615
v -0.079128 -0.003750 1.128930
v -0.080624 -0.003190 1.135337
v -0.078514 -0.004980 1.129319
v -0.079182 -0.004634 1.132955
v -0.077510 -0.004547 1.133205
v -0.078276 -0.002742 1.137054
v -0.075559 -0.005047 1.129305
v -0.077539 -0.002287 1.137617
v -0.074560 -0.004814 1.129121
v -0.075813 -0.001805 1.139391
v -0.072058 -0.004990 1.128679
v -0.074378 -0.002940 1.141588
v -0.069824 -0.006804 1.128599
v -0.073327 -0.002836 1.143119
v -0.068212 -0.007257 1.128157
v -0.071962 -0.002179 1.145270
v -0.065592 -0.007583 1.127102
v -0.070598 -0.003160 1.148090
v -0.063013 -0.009595 1.126456
v -0.068232 -0.001783 1.153450
v -0.057714 -0.010708 1.123448
v -0.067786 0.007602 1.123363
v -0.067924 0.003305 1.124677
v -0.067959 0.002287 1.124999
v -0.068224 -0.004350 1.127193
v -0.073174 0.009021 1.139978
v -0.073212 0.007207 1.140503
v -0.073228 0.006343 1.140748
vn -0.8925 -0.4072 -0.1942
vn -0.8924 -0.4072 -0.1942
vn 0.5623 -0.7111 0.4221
vn 0.5623 -0.7110 0.4222
vn 0.5622 -0.7112 0.4220
vn 0.9226 -0.1162 0.3678
vn 0.9228 -0.1161 0.3673
vn 0.6287 -0.6501 0.4269
vn 0.6286 -0.6502 0.4268
vn 0.6283 -0.6503 0.4269
vn 0.6287 -0.6500 0.4269
vn 0.9013 0.3811 0.2059
vn 0.3916 -0.8300 0.3972
vn 0.3913 -0.8302 0.3970
vn 0.3914 -0.8301 0.3971
vn 0.3917 -0.8299 0.3973
vn 0.7927 0.6016 0.0986
vn 0.7926 0.6016 0.0989
vn 0.5557 -0.7169 0.4211
vn 0.5555 -0.7171 0.4210
vn 0.5555 -0.7170 0.4210
vn 0.5557 -0.7168 0.4211
vn 0.8179 0.5627 0.1199
vn 0.8176 0.5630 0.1208
vn 0.8176 0.5630 0.1206
vn 0.8180 0.5627 0.1199
vn 0.9062 -0.1818 0.3818
vn 0.4142 -0.8171 0.4010
vn 0.4139 -0.8174 0.4008
vn 0.4142 -0.8172 0.4008
vn 0.6638 0.7479 0.0078
vn 0.6636 0.7480 0.0080
vn 0.6637 0.7480 0.0080
vn 0.6638 0.7479 0.0077
vn 0.5690 -0.7057 0.4221
vn 0.5689 -0.7059 0.4220
vn 0.5690 -0.7058 0.4220
vn 0.5691 -0.7056 0.4222
vn 0.8053 0.5825 0.1105
vn 0.8057 0.5820 0.1105
vn 0.8056 0.5820 0.1106
vn 0.8053 0.5826 0.1101
vn 0.8318 -0.3707 0.4132
vn 0.8317 -0.3706 0.4134
vn 0.8317 -0.3709 0.4131
vn 0.8319 -0.3706 0.4131
vn -0.2039 -0.9539 0.2203
vn -0.2040 -0.9540 0.2199
vn -0.2042 -0.9539 0.2201
vn -0.2038 -0.9539 0.2205
vn 0.9442 0.0425 0.3266
vn 0.9443 0.0423 0.3262
vn 0.9441 0.0421 0.3269
vn 0.5347 0.8424 -0.0667
vn 0.5351 0.8421 -0.0666
vn 0.5351 0.8422 -0.0666
vn 0.8441 -0.3457 0.4099
vn 0.8442 -0.3458 0.4096
vn 0.8442 -0.3457 0.4097
vn 0.8441 -0.3456 0.4100
vn 0.8103 0.5747 0.1148
vn 0.8106 0.5743 0.1146
vn 0.8104 0.5746 0.1147
vn 0.8102 0.5748 0.1148
vn 0.1246 0.9600 -0.2509
vn 0.1249 0.9599 -0.2510
vn 0.1245 0.9600 -0.2508
vn 0.1245 0.9600 -0.2507
vn -0.8637 0.3019 -0.4036
vn -0.8638 0.3018 -0.4035
vn -0.8638 0.3019 -0.4035
vn -0.5307 0.7371 -0.4183
vn -0.5309 0.7373 -0.4178
vn -0.5307 0.7373 -0.4180
vn -0.5308 0.7371 -0.4183
vn 0.8907 -0.2311 0.3914
vn 0.8907 -0.2309 0.3915
vn 0.8907 -0.2310 0.3915
vn 0.8907 -0.2312 0.3914
vn 0.1604 0.9579 -0.2380
vn 0.1609 0.9578 -0.2381
vn 0.1607 0.9579 -0.2380
vn 0.1601 0.9580 -0.2380
vn -0.9040 0.1893 -0.3833
vn -0.9042 0.1890 -0.3830
vn -0.9040 0.1893 -0.3834
vn -0.9398 -0.2027 -0.2752
vn -0.9399 -0.2026 -0.2749
vn -0.9398 -0.2026 -0.2752
vn -0.7815 -0.6173 -0.0902
vn -0.7821 -0.6167 -0.0897
vn -0.7818 -0.6170 -0.0900
vn -0.7814 -0.6175 -0.0903
vn -0.8643 0.3003 -0.4034
vn -0.8645 0.3000 -0.4032
vn -0.8645 0.3001 -0.4033
vn -0.8642 0.3005 -0.4035
vn -0.4330 0.8054 -0.4048
vn -0.4327 0.8055 -0.4050
vn -0.4327 0.8054 -0.4050
vn -0.4331 0.8053 -0.4048
vn 0.7407 0.6693 0.0590
vn 0.7411 0.6689 0.0586
vn 0.7411 0.6689 0.0587
vn 0.7407 0.6692 0.0590
vn -0.7450 0.5128 -0.4265
vn -0.7449 0.5129 -0.4267
vn -0.7450 0.5129 -0.4266
vn -0.7451 0.5128 -0.4265
vn -0.9065 -0.3654 -0.2115
vn -0.9062 -0.3659 -0.2122
vn -0.9063 -0.3658 -0.2117
vn -0.9066 -0.3654 -0.2112
vn -0.2026 -0.9535 0.2232
vn -0.2032 -0.9534 0.2228
vn -0.2032 -0.9534 0.2229
vn -0.8432 -0.5182 -0.1428
vn -0.8435 -0.5180 -0.1418
vn -0.8436 -0.5179 -0.1419
vn -0.8432 -0.5183 -0.1429
vn -0.1758 -0.9563 0.2336
vn -0.1762 -0.9563 0.2332
vn -0.1764 -0.9563 0.2332
vn -0.1759 -0.9563 0.2334
vn -0.8093 -0.5766 -0.1118
vn -0.8094 -0.5765 -0.1119
vn -0.8093 -0.5767 -0.1117
vn -0.8094 -0.5766 -0.1118
vn 0.5591 -0.7138 0.4218
vn 0.5589 -0.7140 0.4218
vn 0.5589 -0.7139 0.4218
vn 0.5588 -0.7139 0.4220
vn -0.3319 0.2593 0.9070
vn -0.3306 0.2593 0.9075
vn -0.3309 0.2592 0.9074
vn -0.3318 0.2592 0.9070
vn -0.3322 0.2592 0.9069
vn -0.3323 0.2591 0.9069
vn -0.3322 0.2590 0.9069
vn -0.3317 0.2592 0.9071
vn -0.3327 0.2589 0.9068
vn -0.3313 0.2592 0.9072
vn -0.3302 0.2593 0.9076
vn -0.3315 0.2591 0.9072
vn -0.3311 0.2591 0.9073
vn -0.3339 0.2585 0.9065
vn -0.3321 0.2590 0.9070
vn -0.3322 0.2588 0.9070
vn -0.3321 0.2589 0.9070
vn -0.3323 0.2588 0.9070
vn -0.3320 0.2588 0.9071
vn -0.3324 0.2586 0.9070
vn -0.3320 0.2590 0.9070
vn -0.3305 0.2592 0.9075
vn -0.3314 0.2591 0.9072
vn -0.3303 0.2595 0.9075
vn -0.3315 0.2592 0.9071
vn -0.3316 0.2592 0.9071
vn -0.3323 0.2589 0.9069
vn -0.3320 0.2589 0.9070
vn -0.3318 0.2590 0.9071
vn -0.3318 0.2591 0.9071
vn -0.3324 0.2589 0.9069
vn -0.3322 0.2593 0.9069
vn -0.3301 0.2594 0.9076
vn -0.3296 0.2590 0.9079
vn 0.3314 -0.2592 -0.9072
vn 0.3296 -0.2595 -0.9078
vn 0.3314 -0.2591 -0.9072
vn 0.3312 -0.2590 -0.9073
vn 0.3307 -0.2594 -0.9074
vn 0.3315 -0.2589 -0.9072
vn 0.3301 -0.2591 -0.9077
vn 0.3303 -0.2593 -0.9076
vn 0.3309 -0.2590 -0.9074
vn 0.3305 -0.2591 -0.9075
vn 0.3310 -0.2594 -0.9073
vn 0.3311 -0.2591 -0.9073
vn 0.3306 -0.2592 -0.9075
vn 0.3280 -0.2595 -0.9083
vn 0.3313 -0.2592 -0.9072
vn 0.3309 -0.2591 -0.9074
vn 0.3313 -0.2589 -0.9073
vn 0.3313 -0.2590 -0.9073
vn 0.3314 -0.2588 -0.9073
vn 0.3314 -0.2589 -0.9073
vn 0.3307 -0.2593 -0.9074
vn 0.3298 -0.2595 -0.9077
vn 0.3314 -0.2593 -0.9072
vn 0.3324 -0.2588 -0.9069
vn 0.3311 -0.2589 -0.9074
vn 0.3305 -0.2590 -0.9076
vn 0.3308 -0.2589 -0.9075
vn 0.3312 -0.2591 -0.9073
vn 0.3313 -0.2591 -0.9073
vn 0.3310 -0.2591 -0.9074
vn 0.3318 -0.2590 -0.9071
vn 0.3320 -0.2589 -0.9071
vn 0.3276 -0.2597 -0.9084
vn -0.1590 -0.9563 0.2453
vn -0.1599 -0.9562 0.2451
vn -0.1595 -0.9563 0.2449
vn -0.1589 -0.9563 0.2453
vn -0.8227 -0.5560 -0.1185
vn -0.8226 -0.5560 -0.1190
vn -0.8228 -0.5558 -0.1186
vn 0.0525 -0.9467 0.3177
vn 0.0521 -0.9468 0.3175
vn 0.0526 -0.9467 0.3178
vn -0.8282 0.3768 -0.4148
vn -0.8279 0.3771 -0.4153
vn -0.8279 0.3770 -0.4152
vn -0.1441 -0.9573 0.2506
vn -0.1445 -0.9573 0.2503
vn -0.1444 -0.9573 0.2503
vn -0.1440 -0.9573 0.2506
vn -0.8483 -0.5100 -0.1425
vn -0.8482 -0.5100 -0.1431
vn -0.8483 -0.5100 -0.1427
vn -0.8483 -0.5100 -0.1424
vn 0.6902 -0.5815 0.4307
vn 0.6904 -0.5815 0.4303
vn 0.6901 -0.5815 0.4309
vn -0.6952 -0.7184 -0.0219
vn -0.6953 -0.7184 -0.0225
vn -0.6952 -0.7185 -0.0224
vn -0.6952 -0.7185 -0.0218
vn 0.9094 -0.1709 0.3791
vn 0.9094 -0.1708 0.3793
vn 0.9095 -0.1708 0.3791
vn 0.9095 -0.1709 0.3789
vn 0.8252 -0.3821 0.4159
vn 0.8253 -0.3821 0.4157
vn 0.8254 -0.3818 0.4159
vn 0.9216 0.3110 0.2322
vn 0.9215 0.3112 0.2325
vn 0.9216 0.3111 0.2322
vn 0.9218 0.3106 0.2320
vn 0.4254 -0.8084 0.4068
vn 0.4252 -0.8086 0.4067
vn 0.4252 -0.8085 0.4067
vn 0.4254 -0.8084 0.4069
vn 0.8599 0.4863 0.1553
vn 0.8600 0.4861 0.1556
vn 0.8600 0.4860 0.1555
vn 0.8597 0.4868 0.1551
vn 0.7489 -0.5063 0.4275
vn 0.7488 -0.5064 0.4276
vn 0.7491 -0.5061 0.4276
vn 0.7489 -0.5064 0.4275
vn 0.5154 -0.7472 0.4196
vn 0.5151 -0.7475 0.4195
vn 0.5155 -0.7473 0.4193
vn 0.5154 -0.7473 0.4194
vn 0.7307 0.6809 0.0487
vn 0.7315 0.6802 0.0485
vn 0.7315 0.6801 0.0485
vn 0.7306 0.6811 0.0487
vn 0.9333 -0.0627 0.3537
vn 0.9331 -0.0623 0.3542
vn 0.9331 -0.0625 0.3541
vn 0.9333 -0.0628 0.3536
vn 0.2129 -0.9078 0.3614
vn 0.2126 -0.9079 0.3612
vn 0.2130 -0.9077 0.3615
vn 0.9281 0.2807 0.2447
vn 0.9280 0.2808 0.2448
vn 0.9281 0.2806 0.2447
vn 0.5079 -0.7530 0.4183
vn 0.5077 -0.7532 0.4182
vn 0.5078 -0.7531 0.4183
vn 0.5079 -0.7529 0.4184
vn 0.8323 -0.3685 0.4141
vn 0.8325 -0.3685 0.4137
vn 0.8323 -0.3687 0.4140
vn 0.8323 -0.3685 0.4142
vn -0.2057 0.9104 -0.3590
vn -0.2051 0.9105 -0.3590
vn -0.2052 0.9105 -0.3590
vn -0.2059 0.9103 -0.3590
vn 0.7743 -0.4690 0.4248
vn 0.7744 -0.4690 0.4246
vn 0.7745 -0.4689 0.4247
vn 0.7746 -0.4686 0.4248
vn 0.4095 0.9022 -0.1358
vn 0.4098 0.9020 -0.1357
vn 0.4095 0.9022 -0.1356
vn 0.4099 0.9020 -0.1355
vn 0.8554 -0.3201 0.4072
vn 0.8554 -0.3200 0.4072
vn 0.8551 -0.3204 0.4076
vn 0.0369 0.9574 -0.2864
vn 0.0376 0.9574 -0.2863
vn 0.0375 0.9574 -0.2863
vn 0.0368 0.9574 -0.2864
vn 0.9378 -0.0301 0.3460
vn 0.9378 -0.0308 0.3459
vn 0.9378 -0.0304 0.3460
vn 0.2512 -0.8944 0.3701
vn 0.2507 -0.8946 0.3698
vn 0.2509 -0.8946 0.3699
vn 0.2513 -0.8943 0.3702
vn 0.0775 0.9590 -0.2725
vn 0.0779 0.9589 -0.2727
vn 0.0771 0.9591 -0.2724
vn -0.9183 0.1352 -0.3721
vn -0.9187 0.1347 -0.3714
vn -0.9186 0.1349 -0.3716
vn -0.9182 0.1354 -0.3723
vn -0.7728 0.4715 -0.4248
vn -0.7727 0.4716 -0.4248
vn -0.7726 0.4715 -0.4252
vn 0.7977 0.5950 0.0985
vn 0.7975 0.5951 0.0989
vn 0.7975 0.5952 0.0989
vn 0.7976 0.5951 0.0985
vn 0.9163 -0.1441 0.3738
vn 0.9162 -0.1442 0.3739
vn 0.9163 -0.1440 0.3738
vn 0.9165 -0.1441 0.3733
vn 0.1070 0.9589 -0.2628
vn 0.1075 0.9588 -0.2629
vn 0.1073 0.9589 -0.2629
vn 0.1067 0.9589 -0.2628
vn -0.9112 0.1640 -0.3780
vn -0.9112 0.1639 -0.3779
vn -0.9111 0.1640 -0.3781
vn -0.9052 -0.3711 -0.2072
vn -0.9052 -0.3711 -0.2073
vn -0.7985 0.4298 -0.4214
vn -0.7986 0.4298 -0.4214
vn 0.8876 0.4221 0.1846
vn 0.8874 0.4224 0.1849
vn 0.8874 0.4223 0.1848
vn 0.8875 0.4221 0.1846
vn -0.7547 0.4979 -0.4272
vn -0.9284 0.0896 -0.3605
vn -0.9284 0.0897 -0.3607
vn -0.9284 0.0895 -0.3605
vn -0.9285 0.0895 -0.3604
vn -0.1604 0.9233 -0.3490
vn -0.1596 0.9234 -0.3490
vn -0.1597 0.9234 -0.3490
vn -0.9464 -0.1074 -0.3047
vn -0.9462 -0.1074 -0.3051
vn -0.9462 -0.1076 -0.3051
vn -0.9464 -0.1075 -0.3046
vn -0.3307 0.2611 0.9069
vn -0.3331 0.2605 0.9062
vn -0.3312 0.2612 0.9067
vn -0.3316 0.2609 0.9066
vn -0.3321 0.2609 0.9064
vn -0.3315 0.2610 0.9066
vn -0.3331 0.2608 0.9061
vn -0.3323 0.2611 0.9063
vn -0.3332 0.2608 0.9061
vn -0.3302 0.2612 0.9071
vn -0.3321 0.2605 0.9065
vn -0.3323 0.2607 0.9064
vn -0.3285 0.2615 0.9076
vn -0.3309 0.2612 0.9068
vn -0.3313 0.2611 0.9067
vn -0.3336 0.2606 0.9060
vn -0.3338 0.2606 0.9059
vn -0.3326 0.2606 0.9063
vn -0.3296 0.2614 0.9072
vn -0.3305 0.2613 0.9069
vn -0.3318 0.2610 0.9065
vn -0.3317 0.2611 0.9065
vn -0.3324 0.2607 0.9064
vn -0.3326 0.2607 0.9063
vn -0.3314 0.2610 0.9067
vn -0.3320 0.2609 0.9065
vn -0.3321 0.2608 0.9065
vn -0.3315 0.2608 0.9067
vn -0.3322 0.2608 0.9064
vn -0.3300 0.2615 0.9070
vn -0.3323 0.2606 0.9065
vn -0.3335 0.2607 0.9060
vn -0.3325 0.2607 0.9063
vn -0.3334 0.2606 0.9061
vn -0.3323 0.2609 0.9064
vn -0.3310 0.2609 0.9068
vn -0.3337 0.2606 0.9059
vn 0.3303 -0.2607 -0.9071
vn 0.3312 -0.2615 -0.9066
vn 0.3311 -0.2610 -0.9068
vn 0.3314 -0.2611 -0.9066
vn 0.3312 -0.2613 -0.9067
vn 0.3310 -0.2612 -0.9068
vn 0.3307 -0.2611 -0.9069
vn 0.3319 -0.2610 -0.9065
vn 0.3312 -0.2610 -0.9067
vn 0.3302 -0.2612 -0.9071
vn 0.3313 -0.2609 -0.9067
vn 0.3314 -0.2609 -0.9067
vn 0.3320 -0.2608 -0.9065
vn 0.3324 -0.2607 -0.9064
vn 0.3345 -0.2605 -0.9057
vn 0.3320 -0.2609 -0.9065
vn 0.3317 -0.2609 -0.9066
vn 0.3313 -0.2611 -0.9067
vn 0.3312 -0.2608 -0.9068
vn 0.3342 -0.2603 -0.9058
vn 0.3331 -0.2606 -0.9062
vn 0.3313 -0.2608 -0.9068
vn 0.3313 -0.2610 -0.9067
vn 0.3310 -0.2610 -0.9068
vn 0.3311 -0.2608 -0.9068
vn 0.3305 -0.2610 -0.9070
vn 0.3314 -0.2610 -0.9067
vn 0.3314 -0.2611 -0.9067
vn 0.3311 -0.2609 -0.9068
vn 0.3313 -0.2612 -0.9067
vn 0.3316 -0.2608 -0.9067
vn 0.3294 -0.2614 -0.9073
vn 0.3318 -0.2609 -0.9066
vn 0.3326 -0.2606 -0.9064
vn 0.3315 -0.2610 -0.9066
vn 0.3311 -0.2614 -0.9067
vn 0.3328 -0.2608 -0.9062
vn 0.8381 -0.3555 0.4137
vn 0.8383 -0.3556 0.4133
vn 0.8380 -0.3556 0.4138
vn 0.8381 -0.3554 0.4138
vn 0.9460 0.1505 0.2872
vn 0.9459 0.1505 0.2874
vn 0.9459 0.1506 0.2872
vn 0.9459 0.1501 0.2875
vn 0.8595 -0.3096 0.4066
vn 0.8595 -0.3097 0.4066
vn 0.8594 -0.3096 0.4069
vn 0.9465 0.0610 0.3170
vn 0.9462 0.0612 0.3177
vn 0.9468 0.0608 0.3161
vn -0.1327 -0.9555 0.2636
vn -0.1331 -0.9554 0.2634
vn -0.1326 -0.9556 0.2633
vn -0.1326 -0.9555 0.2637
vn -0.8329 -0.5400 -0.1209
vn -0.8332 -0.5396 -0.1205
vn -0.8325 -0.5405 -0.1215
vn -0.7931 -0.6030 -0.0854
vn -0.7931 -0.6030 -0.0855
vn 0.3715 -0.8361 0.4036
vn 0.3714 -0.8363 0.4034
vn 0.3719 -0.8361 0.4034
vn 0.3722 -0.8358 0.4035
vn 0.9434 0.0138 0.3313
vn 0.9430 0.0138 0.3324
vn 0.9434 0.0138 0.3312
vn 0.9438 0.0135 0.3302
vn 0.7305 0.6818 0.0390
vn 0.7302 0.6821 0.0393
vn 0.7303 0.6820 0.0392
vn 0.9356 -0.0507 0.3494
vn 0.9360 -0.0507 0.3484
vn 0.9355 -0.0506 0.3496
vn 0.7283 0.6843 0.0377
vn 0.7287 0.6839 0.0373
vn 0.7284 0.6841 0.0377
vn 0.7282 0.6843 0.0376
vn -0.0153 0.9492 -0.3143
vn -0.0152 0.9491 -0.3146
vn -0.0159 0.9495 -0.3134
vn -0.0161 0.9496 -0.3132
vn -0.9062 0.1824 -0.3816
vn -0.9058 0.1825 -0.3825
vn -0.9060 0.1824 -0.3819
vn -0.9064 0.1823 -0.3810
vn -0.9331 -0.2618 -0.2465
vn -0.9331 -0.2618 -0.2464
vn -0.9330 -0.2620 -0.2466
vn 0.3788 0.9111 -0.1624
vn 0.3787 0.9112 -0.1623
vn 0.3786 0.9112 -0.1624
vn -0.9322 0.0714 -0.3549
vn -0.9321 0.0713 -0.3551
vn -0.0841 0.9381 -0.3360
vn -0.0838 0.9381 -0.3361
vn -0.0839 0.9381 -0.3360
vn -0.0842 0.9381 -0.3360
vn -0.9326 -0.2653 -0.2446
vn -0.9326 -0.2655 -0.2446
vn -0.9326 -0.2654 -0.2446
vn -0.4940 -0.8629 0.1065
vn -0.4936 -0.8632 0.1062
vn -0.4938 -0.8630 0.1064
vn -0.4941 -0.8628 0.1067
vn -0.8380 0.3553 -0.4141
vn -0.8387 0.3553 -0.4127
vn -0.8386 0.3552 -0.4129
vn -0.8379 0.3554 -0.4143
vn -0.8642 -0.4800 -0.1508
vn -0.8643 -0.4799 -0.1505
vn -0.8643 -0.4799 -0.1506
vn -0.8642 -0.4799 -0.1509
vn -0.2382 -0.9452 0.2235
vn -0.2388 -0.9449 0.2238
vn -0.2385 -0.9450 0.2236
vn -0.2380 -0.9452 0.2234
vn -0.8029 -0.5888 -0.0929
vn -0.8036 -0.5880 -0.0921
vn -0.8034 -0.5883 -0.0923
vn -0.8029 -0.5888 -0.0930
vn 0.6704 -0.6013 0.4348
vn 0.6704 -0.6015 0.4344
vn 0.6703 -0.6016 0.4345
vn 0.6704 -0.6013 0.4349
vn 0.4497 -0.7896 0.4175
vn 0.4493 -0.7897 0.4177
vn 0.4499 -0.7896 0.4173
vn 0.8749 -0.2734 0.3998
vn 0.8740 -0.2740 0.4012
vn 0.8743 -0.2739 0.4007
vn 0.8751 -0.2732 0.3994
vn 0.0740 -0.9402 0.3326
vn 0.0738 -0.9402 0.3325
vn 0.0740 -0.9401 0.3326
vn -0.8302 -0.5451 -0.1169
vn -0.8299 -0.5454 -0.1173
vn -0.8298 -0.5456 -0.1173
vn -0.8303 -0.5450 -0.1166
vn -0.9297 0.0855 -0.3583
vn -0.9291 0.0859 -0.3597
vn -0.9292 0.0858 -0.3595
vn -0.9298 0.0856 -0.3580
vn -0.8753 -0.4550 -0.1637
vn -0.8759 -0.4543 -0.1625
vn -0.8755 -0.4547 -0.1634
vn -0.8749 -0.4555 -0.1645
vn -0.4134 0.8122 -0.4117
vn -0.4134 0.8122 -0.4116
vn -0.4131 0.8123 -0.4117
vn -0.4136 0.8120 -0.4117
vn -0.9436 -0.0230 -0.3303
vn -0.9448 -0.0228 -0.3270
vn -0.9446 -0.0229 -0.3275
vn -0.9435 -0.0229 -0.3307
vn -0.8014 0.4230 -0.4229
vn -0.8011 0.4232 -0.4232
vn -0.8015 0.4229 -0.4228
vn -0.9331 -0.2623 -0.2460
vn -0.7666 -0.6389 -0.0634
vn -0.7664 -0.6392 -0.0639
vn -0.7664 -0.6392 -0.0637
vn -0.7667 -0.6388 -0.0632
vn -0.8300 0.3710 -0.4164
vn -0.8301 0.3709 -0.4164
vn -0.6055 -0.7946 0.0439
vn -0.6049 -0.7951 0.0437
vn -0.6051 -0.7950 0.0437
vn -0.6056 -0.7946 0.0439
vn 0.0953 -0.9360 0.3389
vn 0.0950 -0.9361 0.3387
vn 0.0951 -0.9361 0.3388
vn 0.0954 -0.9360 0.3390
vn 0.4726 -0.7746 0.4202
vn 0.4728 -0.7747 0.4198
vn 0.4725 -0.7747 0.4202
vn 0.4724 -0.7746 0.4205
vn 0.8068 0.5830 0.0961
vn 0.8057 0.5843 0.0971
vn 0.8059 0.5841 0.0967
vn 0.8070 0.5828 0.0959
vn -0.3301 0.2608 0.9072
vn -0.3311 0.2608 0.9068
vn -0.3305 0.2608 0.9071
vn -0.3280 0.2614 0.9078
vn -0.3292 0.2611 0.9074
vn -0.3311 0.2607 0.9069
vn -0.3325 0.2606 0.9064
vn -0.3313 0.2608 0.9068
vn -0.3307 0.2608 0.9070
vn -0.3369 0.2600 0.9049
vn -0.3317 0.2610 0.9066
vn -0.3306 0.2609 0.9070
vn -0.3306 0.2608 0.9070
vn -0.3301 0.2612 0.9071
vn -0.3304 0.2614 0.9069
vn -0.3310 0.2612 0.9067
vn -0.3310 0.2613 0.9067
vn -0.3306 0.2611 0.9070
vn -0.3308 0.2612 0.9068
vn -0.3252 0.2622 0.9086
vn -0.3298 0.2615 0.9071
vn -0.3293 0.2614 0.9073
vn -0.3308 0.2611 0.9069
vn -0.3287 0.2612 0.9076
vn -0.3372 0.2597 0.9049
vn -0.3316 0.2610 0.9066
vn -0.3313 0.2610 0.9067
vn -0.3308 0.2608 0.9069
vn -0.3312 0.2610 0.9067
vn -0.3307 0.2612 0.9069
vn -0.3309 0.2611 0.9068
vn -0.3318 0.2609 0.9065
vn -0.3306 0.2596 0.9074
vn -0.3348 0.2577 0.9064
vn -0.3291 0.2611 0.9075
vn -0.3327 0.2605 0.9063
vn -0.3340 0.2604 0.9059
vn 0.3291 -0.2611 -0.9075
vn 0.3292 -0.2610 -0.9075
vn 0.3294 -0.2609 -0.9074
vn 0.3303 -0.2608 -0.9071
vn 0.3320 -0.2602 -0.9067
vn 0.3311 -0.2607 -0.9069
vn 0.3301 -0.2609 -0.9072
vn 0.3298 -0.2610 -0.9073
vn 0.3292 -0.2612 -0.9074
vn 0.3299 -0.2614 -0.9071
vn 0.3300 -0.2612 -0.9071
vn 0.3299 -0.2611 -0.9072
vn 0.3294 -0.2610 -0.9074
vn 0.3300 -0.2614 -0.9071
vn 0.3301 -0.2615 -0.9070
vn 0.3304 -0.2612 -0.9070
vn 0.3299 -0.2616 -0.9071
vn 0.3297 -0.2609 -0.9073
vn 0.3297 -0.2614 -0.9072
vn 0.3297 -0.2612 -0.9072
vn 0.3246 -0.2623 -0.9087
vn 0.3296 -0.2609 -0.9074
vn 0.3275 -0.2607 -0.9082
vn 0.3300 -0.2611 -0.9072
vn 0.3262 -0.2619 -0.9083
vn 0.3294 -0.2613 -0.9073
vn 0.3296 -0.2616 -0.9072
vn 0.3297 -0.2613 -0.9072
vn 0.3295 -0.2613 -0.9073
vn 0.3294 -0.2612 -0.9073
vn 0.3296 -0.2594 -0.9078
vn 0.3294 -0.2573 -0.9084
vn 0.3288 -0.2613 -0.9075
vn 0.3271 -0.2614 -0.9081
vn 0.3254 -0.2618 -0.9086
vn -0.1892 -0.9562 0.2233
vn -0.1898 -0.9562 0.2228
vn -0.1896 -0.9562 0.2231
vn -0.1892 -0.9562 0.2234
vn -0.7008 -0.7125 -0.0349
vn -0.7010 -0.7123 -0.0352
vn -0.7007 -0.7126 -0.0349
vn -0.0174 -0.9582 0.2854
vn -0.0178 -0.9583 0.2851
vn -0.0177 -0.9583 0.2852
vn -0.0173 -0.9582 0.2855
vn -0.2890 -0.9399 0.1819
vn -0.2895 -0.9398 0.1816
vn -0.2894 -0.9398 0.1816
vn -0.2889 -0.9399 0.1820
vn 0.6382 -0.6424 0.4244
vn 0.6379 -0.6426 0.4244
vn 0.6379 -0.6424 0.4246
vn 0.6384 -0.6421 0.4245
vn 0.8871 -0.2426 0.3926
vn 0.8868 -0.2427 0.3934
vn 0.8871 -0.2425 0.3927
vn 0.6920 -0.5832 0.4255
vn 0.6916 -0.5834 0.4257
vn 0.6920 -0.5831 0.4255
vn 0.6923 -0.5829 0.4254
vn -0.3646 -0.9195 0.1469
vn -0.3648 -0.9195 0.1467
vn -0.3647 -0.9195 0.1468
vn -0.3645 -0.9195 0.1470
vn 0.8824 -0.2558 0.3948
vn 0.8821 -0.2562 0.3953
vn 0.8821 -0.2562 0.3952
vn 0.8825 -0.2561 0.3944
vn 0.9075 0.3590 0.2180
vn 0.9078 0.3589 0.2172
vn 0.9076 0.3590 0.2177
vn 0.9074 0.3592 0.2184
vn 0.9217 -0.1217 0.3684
vn 0.9214 -0.1218 0.3690
vn 0.9215 -0.1218 0.3689
vn 0.9217 -0.1216 0.3684
vn 0.8351 0.5322 0.1393
vn 0.8351 0.5322 0.1396
vn 0.8350 0.5322 0.1396
vn 0.8350 0.5323 0.1396
vn 0.1402 0.9606 -0.2402
vn 0.1405 0.9605 -0.2403
vn 0.1402 0.9605 -0.2402
vn 0.1396 0.9607 -0.2399
vn -0.7434 0.5171 -0.4242
vn -0.7435 0.5170 -0.4242
vn -0.7434 0.5171 -0.4243
vn -0.9450 -0.0591 -0.3217
vn -0.9449 -0.0593 -0.3220
vn -0.5858 0.6926 -0.4208
vn -0.5856 0.6928 -0.4209
vn -0.5858 0.6925 -0.4211
vn -0.5859 0.6926 -0.4208
vn 0.9242 -0.1096 0.3658
vn 0.9240 -0.1095 0.3664
vn 0.9244 -0.1095 0.3655
vn 0.8252 -0.3846 0.4135
vn 0.8252 -0.3849 0.4135
vn 0.8252 -0.3848 0.4135
vn 0.8253 -0.3846 0.4136
vn 0.1075 0.9615 -0.2528
vn 0.1080 0.9615 -0.2529
vn 0.1077 0.9615 -0.2528
vn 0.1073 0.9616 -0.2528
vn -0.9213 0.1230 -0.3689
vn -0.9213 0.1230 -0.3688
vn -0.8895 0.2355 -0.3916
vn -0.8895 0.2355 -0.3917
vn -0.8895 0.2354 -0.3916
vn -0.8893 0.2354 -0.3920
vn -0.8510 -0.5022 -0.1536
vn -0.9360 -0.2283 -0.2680
vn -0.9359 -0.2286 -0.2680
vn -0.9360 -0.2284 -0.2679
vn -0.9360 -0.2283 -0.2679
vn -0.7049 0.5672 -0.4260
vn -0.7045 0.5675 -0.4262
vn -0.7048 0.5672 -0.4260
vn -0.7049 0.5671 -0.4260
vn 0.5027 0.8607 -0.0809
vn 0.5030 0.8605 -0.0809
vn 0.5029 0.8605 -0.0810
vn -0.7773 0.4669 -0.4216
vn -0.7772 0.4671 -0.4217
vn -0.7772 0.4670 -0.4217
vn -0.7771 0.4669 -0.4220
vn -0.6344 0.6458 -0.4248
vn -0.6340 0.6460 -0.4252
vn -0.6341 0.6461 -0.4249
vn -0.6346 0.6457 -0.4248
vn -0.9298 0.0804 -0.3591
vn -0.9301 0.0797 -0.3587
vn -0.9300 0.0799 -0.3588
vn -0.9297 0.0803 -0.3594
vn -0.3291 0.2595 0.9079
vn -0.3291 0.2594 0.9079
vn -0.3292 0.2594 0.9079
vn -0.3291 0.2593 0.9080
vn -0.3293 0.2594 0.9079
vn -0.3275 0.2595 0.9085
vn -0.3280 0.2595 0.9083
vn -0.3284 0.2594 0.9082
vn -0.3285 0.2594 0.9082
vn -0.3309 0.2590 0.9074
vn -0.3294 0.2593 0.9079
vn -0.3301 0.2592 0.9077
vn -0.3297 0.2595 0.9077
vn -0.3295 0.2594 0.9078
vn -0.3291 0.2594 0.9080
vn -0.3286 0.2594 0.9081
vn -0.3284 0.2593 0.9082
vn -0.3288 0.2594 0.9081
vn -0.3290 0.2594 0.9080
vn -0.3287 0.2595 0.9081
vn -0.3292 0.2598 0.9078
vn 0.3290 -0.2595 -0.9080
vn 0.3291 -0.2594 -0.9080
vn 0.3294 -0.2594 -0.9079
vn 0.3293 -0.2595 -0.9079
vn 0.3281 -0.2595 -0.9083
vn 0.3286 -0.2597 -0.9081
vn 0.3286 -0.2595 -0.9081
vn 0.3287 -0.2595 -0.9081
vn 0.3299 -0.2592 -0.9077
vn 0.3292 -0.2594 -0.9079
vn 0.3291 -0.2595 -0.9079
vn 0.3276 -0.2598 -0.9084
vn 0.3298 -0.2594 -0.9077
vn 0.3291 -0.2595 -0.9080
vn 0.3288 -0.2594 -0.9081
vn 0.3286 -0.2592 -0.9082
vn 0.3283 -0.2594 -0.9083
vn 0.3289 -0.2595 -0.9080
vn 0.3295 -0.2593 -0.9079
vn 0.3293 -0.2594 -0.9079
vn 0.3292 -0.2593 -0.9080
vn 0.1450 -0.9291 0.3403
vn 0.1445 -0.9293 0.3400
vn 0.1447 -0.9292 0.3401
vn 0.1451 -0.9290 0.3404
vn -0.7662 -0.6367 -0.0868
vn -0.7661 -0.6369 -0.0871
vn -0.7660 -0.6369 -0.0870
vn -0.7663 -0.6366 -0.0867
vn 0.7427 -0.5113 0.4323
vn 0.7425 -0.5116 0.4324
vn 0.7424 -0.5117 0.4324
vn 0.7425 -0.5117 0.4323
vn -0.1161 -0.9605 0.2530
vn -0.1167 -0.9605 0.2527
vn -0.1166 -0.9605 0.2528
vn -0.1161 -0.9605 0.2531
vn 0.9113 -0.1499 0.3835
vn 0.9111 -0.1499 0.3841
vn 0.9111 -0.1498 0.3840
vn 0.9113 -0.1501 0.3833
vn 0.3012 0.9370 -0.1771
vn 0.3014 0.9370 -0.1767
vn 0.3015 0.9369 -0.1768
vn 0.3011 0.9370 -0.1771
vn 0.7414 -0.5133 0.4323
vn 0.7413 -0.5134 0.4323
vn 0.7413 -0.5133 0.4323
vn 0.7410 -0.5135 0.4328
vn 0.8463 -0.3332 0.4156
vn 0.8463 -0.3331 0.4157
vn 0.5625 -0.7087 0.4259
vn 0.5623 -0.7089 0.4257
vn 0.5624 -0.7088 0.4258
vn 0.5625 -0.7086 0.4260
vn 0.7533 -0.4966 0.4312
vn 0.7534 -0.4967 0.4309
vn -0.7721 -0.6287 -0.0930
vn -0.7722 -0.6286 -0.0928
vn -0.7721 -0.6287 -0.0929
vn 0.7311 -0.5278 0.4323
vn 0.7309 -0.5279 0.4326
vn 0.7312 -0.5277 0.4323
vn 0.7314 -0.5275 0.4322
vn 0.9112 -0.1503 0.3835
vn 0.9112 -0.1505 0.3834
vn 0.9112 -0.1504 0.3834
vn 0.9111 -0.1506 0.3837
vn 0.1266 0.9605 -0.2478
vn 0.1270 0.9604 -0.2480
vn 0.1263 0.9606 -0.2475
vn 0.1260 0.9607 -0.2473
vn -0.9240 -0.2854 -0.2546
vn -0.9241 -0.2852 -0.2544
vn -0.9240 -0.2856 -0.2543
vn -0.9239 -0.2855 -0.2546
vn -0.7649 0.4792 -0.4306
vn -0.7648 0.4793 -0.4306
vn -0.7649 0.4792 -0.4305
vn -0.7652 0.4789 -0.4303
vn 0.9223 -0.1018 0.3728
vn 0.9223 -0.1021 0.3727
vn 0.9222 -0.1018 0.3730
vn 0.9223 -0.1017 0.3728
vn 0.0998 0.9609 -0.2583
vn 0.1002 0.9609 -0.2580
vn 0.1002 0.9609 -0.2583
vn 0.0997 0.9609 -0.2584
vn -0.8845 0.2381 -0.4012
vn -0.8848 0.2379 -0.4006
vn -0.8845 0.2381 -0.4011
vn -0.8844 0.2381 -0.4014
vn -0.8298 0.3672 -0.4201
vn -0.8295 0.3672 -0.4207
vn -0.8296 0.3672 -0.4205
vn -0.9429 -0.0795 -0.3235
vn -0.9428 -0.0795 -0.3239
vn -0.9426 -0.0799 -0.3241
vn -0.9429 -0.0794 -0.3234
vn -0.8729 -0.4521 -0.1836
vn -0.8730 -0.4520 -0.1831
vn -0.8730 -0.4521 -0.1831
vn -0.8727 -0.4524 -0.1835
vn -0.8990 0.1944 -0.3925
vn -0.8990 0.1945 -0.3925
vn -0.8990 0.1944 -0.3924
vn -0.5742 0.6982 -0.4276
vn -0.5740 0.6983 -0.4277
vn -0.5743 0.6981 -0.4276
vn -0.3905 0.8290 -0.4003
vn -0.3899 0.8293 -0.4003
vn -0.3901 0.8292 -0.4003
vn -0.3907 0.8290 -0.4002
vn -0.7730 0.4665 -0.4300
vn -0.7725 0.4668 -0.4305
vn -0.7727 0.4667 -0.4303
vn -0.7728 0.4668 -0.4301
vn -0.9398 -0.1777 -0.2920
vn -0.9397 -0.1778 -0.2921
vn -0.9397 -0.1779 -0.2921
vn -0.1564 -0.9585 0.2383
vn -0.1568 -0.9585 0.2380
vn -0.1567 -0.9585 0.2381
vn -0.1563 -0.9585 0.2384
vn -0.7363 -0.6736 -0.0643
vn -0.7365 -0.6734 -0.0645
vn -0.7364 -0.6735 -0.0644
vn -0.7360 -0.6740 -0.0639
vn -0.3387 0.2598 0.9043
vn -0.3385 0.2601 0.9043
vn -0.3385 0.2602 0.9043
vn -0.3368 0.2605 0.9048
vn -0.3378 0.2602 0.9045
vn -0.3384 0.2601 0.9043
vn -0.3361 0.2605 0.9051
vn -0.3376 0.2603 0.9046
vn -0.3377 0.2605 0.9045
vn -0.3387 0.2599 0.9043
vn -0.3387 0.2600 0.9043
vn -0.3382 0.2600 0.9044
vn -0.3384 0.2600 0.9044
vn -0.3386 0.2601 0.9042
vn -0.3374 0.2602 0.9047
vn -0.3382 0.2601 0.9044
vn -0.3385 0.2600 0.9044
vn -0.3382 0.2600 0.9045
vn -0.3389 0.2597 0.9043
vn -0.3388 0.2600 0.9042
vn -0.3390 0.2599 0.9042
vn -0.3389 0.2600 0.9042
vn -0.3393 0.2599 0.9041
vn -0.3398 0.2598 0.9039
vn -0.3394 0.2602 0.9040
vn -0.3375 0.2601 0.9047
vn 0.3385 -0.2600 -0.9043
vn 0.3387 -0.2600 -0.9043
vn 0.3382 -0.2601 -0.9044
vn 0.3390 -0.2599 -0.9042
vn 0.3376 -0.2604 -0.9046
vn 0.3385 -0.2603 -0.9042
vn 0.3381 -0.2601 -0.9045
vn 0.3390 -0.2598 -0.9042
vn 0.3381 -0.2603 -0.9044
vn 0.3383 -0.2600 -0.9044
vn 0.3382 -0.2599 -0.9045
vn 0.3385 -0.2599 -0.9044
vn 0.3384 -0.2600 -0.9044
vn 0.3383 -0.2599 -0.9044
vn 0.3402 -0.2596 -0.9038
vn 0.3393 -0.2599 -0.9041
vn 0.3394 -0.2597 -0.9041
vn 0.3391 -0.2598 -0.9042
vn 0.3398 -0.2597 -0.9039
vn 0.3387 -0.2598 -0.9043
vn 0.3386 -0.2601 -0.9043
vn 0.3389 -0.2598 -0.9043
vn 0.3396 -0.2598 -0.9040
vn 0.3392 -0.2599 -0.9041
vn 0.7194 -0.5348 0.4432
vn 0.7199 -0.5346 0.4426
vn 0.7197 -0.5348 0.4428
vn 0.7193 -0.5348 0.4434
vn 0.5137 -0.7419 0.4309
vn 0.5136 -0.7420 0.4309
vn 0.5141 -0.7418 0.4307
vn 0.9158 -0.1179 0.3839
vn 0.9155 -0.1177 0.3848
vn 0.9157 -0.1178 0.3843
vn 0.8886 -0.2156 0.4048
vn 0.8886 -0.2158 0.4047
vn 0.8884 -0.2158 0.4052
vn 0.5896 -0.6778 0.4393
vn 0.5896 -0.6779 0.4390
vn 0.5896 -0.6778 0.4391
vn 0.5899 -0.6777 0.4390
vn -0.6528 -0.7575 -0.0064
vn -0.6527 -0.7576 -0.0060
vn 0.5977 -0.6704 0.4396
vn 0.5979 -0.6705 0.4392
vn 0.5979 -0.6704 0.4395
vn 0.9298 -0.0436 0.3656
vn 0.9296 -0.0435 0.3661
vn 0.9296 -0.0437 0.3660
vn 0.9296 -0.0441 0.3659
vn 0.9236 0.2812 0.2605
vn 0.9237 0.2810 0.2604
vn 0.9235 0.2814 0.2606
vn 0.9403 0.0786 0.3312
vn 0.9401 0.0785 0.3317
vn 0.9401 0.0786 0.3316
vn 0.9404 0.0783 0.3310
vn 0.0536 0.9573 -0.2841
vn 0.0538 0.9572 -0.2842
vn 0.0533 0.9574 -0.2839
vn 0.0531 0.9574 -0.2837
vn -0.7401 -0.6692 -0.0670
vn -0.7402 -0.6690 -0.0673
vn -0.7401 -0.6691 -0.0672
vn -0.7398 -0.6695 -0.0671
vn -0.3625 -0.9190 0.1551
vn -0.3628 -0.9188 0.1552
vn -0.3628 -0.9188 0.1554
vn -0.8775 0.2472 -0.4110
vn -0.8778 0.2471 -0.4103
vn -0.8776 0.2471 -0.4107
vn -0.8772 0.2472 -0.4116
vn 0.3299 0.9284 -0.1709
vn 0.3306 0.9282 -0.1706
vn -0.1861 0.9136 -0.3614
vn -0.1864 0.9136 -0.3613
vn 0.8548 0.4914 0.1668
vn 0.8570 0.4868 0.1691
vn 0.9291 0.2501 0.2723
vn 0.9294 0.2490 0.2723
vn 0.9369 0.1885 0.2944
vn 0.9369 0.1881 0.2948
vn 0.9390 0.1604 0.3041
vn 0.9391 0.1600 0.3042
vn 0.9400 0.1446 0.3091
vn 0.9399 0.1447 0.3094
vn 0.9402 0.1354 0.3125
vn 0.9402 0.1350 0.3126
vn 0.9394 0.1520 0.3072
vn 0.9396 0.1509 0.3073
vn 0.9365 0.1923 0.2931
vn 0.9364 0.1927 0.2932
vn 0.9334 0.2208 0.2828
vn 0.9332 0.2221 0.2826
vn 0.9314 0.2351 0.2778
vn 0.9316 0.2353 0.2771
vn 0.9302 0.2439 0.2744
vn 0.9303 0.2436 0.2742
vn 0.9295 0.2485 0.2725
vn 0.9295 0.2486 0.2724
vn 0.9291 0.2511 0.2715
vn 0.9291 0.2510 0.2715
vn 0.9289 0.2517 0.2716
vn 0.0469 0.9568 -0.2871
vn 0.0472 0.9567 -0.2872
vn 0.0473 0.9567 -0.2871
vn 0.0467 0.9568 -0.2870
vn -0.8456 -0.5103 -0.1570
vn -0.8454 -0.5105 -0.1573
vn -0.8456 -0.5103 -0.1569
vn -0.8456 -0.5102 -0.1571
vn -0.9399 -0.0603 -0.3361
vn -0.9403 -0.0602 -0.3350
vn -0.9401 -0.0602 -0.3356
vn -0.9398 -0.0604 -0.3364
vn -0.8774 0.2476 -0.4109
vn -0.8776 0.2477 -0.4104
vn -0.8773 0.2481 -0.4108
vn -0.8770 0.2480 -0.4116
vn -0.8247 -0.5488 -0.1366
vn -0.8242 -0.5494 -0.1375
vn -0.8244 -0.5491 -0.1369
vn -0.8785 0.2448 -0.4103
vn -0.8787 0.2449 -0.4099
vn -0.8784 0.2449 -0.4104
vn -0.8782 0.2449 -0.4108
vn 0.6857 0.7273 0.0270
vn 0.6860 0.7271 0.0270
vn 0.6859 0.7272 0.0270
vn 0.6856 0.7275 0.0270
vn -0.8609 0.2897 -0.4182
vn -0.8608 0.2897 -0.4184
vn -0.8609 0.2896 -0.4183
vn -0.8610 0.2896 -0.4181
vn -0.3574 0.8419 -0.4044
vn -0.3573 0.8420 -0.4041
vn -0.3572 0.8420 -0.4042
vn -0.9337 0.0158 -0.3576
vn -0.9339 0.0156 -0.3573
vn -0.9335 0.0156 -0.3582
vn -0.9259 -0.2714 -0.2627
vn -0.9256 -0.2716 -0.2637
vn -0.9257 -0.2715 -0.2634
vn -0.9259 -0.2715 -0.2627
vn -0.2963 -0.9365 0.1878
vn -0.2967 -0.9364 0.1875
vn 0.5460 -0.7157 0.4355
vn 0.5465 -0.7157 0.4349
vn 0.5464 -0.7158 0.4349
vn 0.5459 -0.7158 0.4356
vn -0.8922 -0.4005 -0.2087
vn -0.8918 -0.4013 -0.2090
vn -0.8919 -0.4011 -0.2090
vn -0.8922 -0.4004 -0.2092
vn -0.2082 -0.9517 0.2257
vn -0.2086 -0.9517 0.2254
vn -0.2083 -0.9517 0.2256
vn -0.2081 -0.9517 0.2257
vn -0.8918 -0.4014 -0.2085
vn -0.8917 -0.4016 -0.2087
vn -0.8918 -0.4015 -0.2084
vn 0.6214 -0.6472 0.4416
vn 0.6208 -0.6474 0.4421
vn 0.6210 -0.6473 0.4419
vn 0.6217 -0.6471 0.4414
vn -0.3481 0.2608 0.9005
vn -0.3479 0.2611 0.9004
vn -0.3482 0.2609 0.9004
vn -0.3485 0.2608 0.9003
vn -0.3483 0.2608 0.9004
vn -0.3480 0.2607 0.9005
vn -0.3465 0.2611 0.9010
vn -0.3455 0.2613 0.9013
vn -0.3505 0.2606 0.8996
vn -0.3451 0.2614 0.9014
vn -0.3510 0.2604 0.8994
vn -0.3513 0.2601 0.8994
vn -0.3463 0.2612 0.9010
vn -0.3487 0.2608 0.9002
vn -0.3497 0.2606 0.8999
vn -0.3487 0.2609 0.9002
vn -0.3434 0.2616 0.9020
vn -0.3499 0.2608 0.8998
vn -0.3488 0.2609 0.9002
vn -0.3471 0.2612 0.9007
vn -0.3474 0.2612 0.9006
vn -0.3485 0.2610 0.9002
vn -0.3471 0.2610 0.9008
vn -0.3478 0.2611 0.9005
vn -0.3478 0.2609 0.9005
vn -0.3454 0.2612 0.9014
vn -0.3484 0.2610 0.9003
vn -0.3481 0.2610 0.9004
vn -0.3459 0.2619 0.9010
vn -0.3474 0.2614 0.9005
vn -0.3482 0.2611 0.9003
vn -0.3481 0.2612 0.9003
vn -0.3483 0.2610 0.9003
vn -0.3486 0.2611 0.9001
vn -0.3482 0.2610 0.9004
vn -0.3478 0.2610 0.9005
vn -0.3439 0.2617 0.9018
vn -0.3801 0.2546 0.8892
vn -0.3473 0.2612 0.9007
vn -0.3491 0.2607 0.9001
vn -0.3476 0.2609 0.9006
vn 0.3474 -0.2609 -0.9007
vn 0.3471 -0.2611 -0.9008
vn 0.3471 -0.2611 -0.9007
vn 0.3478 -0.2609 -0.9005
vn 0.3473 -0.2610 -0.9007
vn 0.3459 -0.2612 -0.9012
vn 0.3483 -0.2606 -0.9004
vn 0.3516 -0.2597 -0.8994
vn 0.3491 -0.2608 -0.9001
vn 0.3512 -0.2602 -0.8994
vn 0.3434 -0.2618 -0.9020
vn 0.3434 -0.2617 -0.9020
vn 0.3493 -0.2610 -0.8999
vn 0.3482 -0.2609 -0.9004
vn 0.3479 -0.2609 -0.9005
vn 0.3511 -0.2601 -0.8995
vn 0.3481 -0.2609 -0.9004
vn 0.3483 -0.2612 -0.9003
vn 0.3468 -0.2612 -0.9008
vn 0.3457 -0.2613 -0.9012
vn 0.3471 -0.2613 -0.9007
vn 0.3464 -0.2611 -0.9010
vn 0.3473 -0.2611 -0.9007
vn 0.3472 -0.2612 -0.9007
vn 0.3460 -0.2613 -0.9011
vn 0.3469 -0.2608 -0.9009
vn 0.3472 -0.2610 -0.9008
vn 0.3468 -0.2613 -0.9008
vn 0.3451 -0.2615 -0.9014
vn 0.3474 -0.2611 -0.9007
vn 0.3478 -0.2611 -0.9005
vn 0.3496 -0.2607 -0.8999
vn 0.3475 -0.2610 -0.9006
vn 0.3499 -0.2607 -0.8998
vn 0.3477 -0.2611 -0.9005
vn 0.3472 -0.2611 -0.9007
vn 0.3472 -0.2610 -0.9007
vn 0.3470 -0.2611 -0.9008
vn 0.3801 -0.2546 -0.8892
vn 0.3446 -0.2616 -0.9016
vn 0.3462 -0.2611 -0.9011
vn 0.3449 -0.2608 -0.9017
vn 0.8379 0.5282 0.1376
vn 0.8382 0.5279 0.1371
vn 0.8381 0.5280 0.1371
vn 0.8377 0.5284 0.1378
vn 0.7779 -0.4561 0.4323
vn 0.7780 -0.4560 0.4323
vn 0.7779 -0.4560 0.4323
vn 0.7778 -0.4560 0.4325
vn 0.8952 -0.2069 0.3948
vn 0.8950 -0.2074 0.3950
vn 0.8950 -0.2074 0.3949
vn 0.8952 -0.2067 0.3947
vn 0.3659 -0.8382 0.4043
vn 0.3653 -0.8387 0.4040
vn 0.3654 -0.8386 0.4041
vn 0.3657 -0.8383 0.4043
vn 0.9071 0.3612 0.2163
vn 0.9070 0.3615 0.2160
vn 0.9069 0.3617 0.2162
vn 0.9070 0.3614 0.2164
vn 0.7732 -0.4634 0.4329
vn 0.7729 -0.4636 0.4333
vn 0.8778 -0.2566 0.4044
vn 0.8776 -0.2570 0.4046
vn 0.8777 -0.2569 0.4046
vn 0.8777 -0.2566 0.4047
vn 0.8448 0.5152 0.1447
vn 0.8446 0.5157 0.1442
vn 0.8446 0.5155 0.1446
vn 0.8449 0.5151 0.1445
vn 0.9070 -0.1668 0.3867
vn 0.9070 -0.1667 0.3867
vn 0.6280 -0.6436 0.4374
vn 0.6278 -0.6438 0.4375
vn 0.6281 -0.6436 0.4374
vn 0.6278 -0.6436 0.4377
vn 0.0164 0.9537 -0.3003
vn 0.0166 0.9536 -0.3005
vn 0.0162 0.9537 -0.3002
vn 0.0160 0.9538 -0.3001
vn -0.8933 0.2121 -0.3962
vn -0.8933 0.2122 -0.3963
vn -0.8934 0.2122 -0.3959
vn -0.0483 0.9454 -0.3223
vn -0.0479 0.9454 -0.3223
vn -0.0480 0.9454 -0.3223
vn -0.0484 0.9454 -0.3223
vn 0.9406 0.1838 0.2855
vn 0.9406 0.1839 0.2855
vn 0.9406 0.1837 0.2854
vn 0.9407 0.1836 0.2853
vn 0.8859 0.4237 0.1890
vn 0.8859 0.4236 0.1892
vn 0.3300 -0.8565 0.3969
vn 0.3295 -0.8567 0.3969
vn 0.3299 -0.8565 0.3968
vn 0.3301 -0.8564 0.3970
vn 0.0127 0.9530 -0.3028
vn 0.0129 0.9529 -0.3030
vn 0.0124 0.9531 -0.3025
vn 0.0122 0.9531 -0.3023
vn -0.2287 -0.9478 0.2220
vn -0.2284 -0.9480 0.2217
vn -0.2286 -0.9478 0.2223
vn -0.8742 -0.4532 -0.1745
vn -0.8741 -0.4533 -0.1744
vn -0.8739 -0.4536 -0.1747
vn -0.8738 -0.4536 -0.1750
vn -0.9308 0.0608 -0.3604
vn -0.9307 0.0608 -0.3608
vn -0.8828 -0.4321 -0.1844
vn -0.8829 -0.4319 -0.1841
vn -0.8828 -0.4321 -0.1843
vn -0.8828 -0.4322 -0.1842
vn -0.6551 0.6150 -0.4389
vn -0.6546 0.6152 -0.4393
vn -0.6547 0.6152 -0.4392
vn -0.6554 0.6151 -0.4384
vn 0.8702 0.4623 0.1706
vn 0.8701 0.4624 0.1707
vn 0.8700 0.4625 0.1708
vn 0.8702 0.4623 0.1702
vn -0.7639 0.4773 -0.4343
vn -0.7638 0.4775 -0.4344
vn -0.7636 0.4776 -0.4345
vn -0.7640 0.4772 -0.4342
vn 0.6271 0.7786 -0.0222
vn 0.6272 0.7786 -0.0219
vn 0.6268 0.7789 -0.0219
vn 0.6272 0.7785 -0.0223
vn -0.8291 0.3661 -0.4225
vn -0.8291 0.3665 -0.4222
vn -0.8292 0.3660 -0.4225
vn -0.8166 -0.5655 -0.1156
vn -0.8164 -0.5656 -0.1163
vn -0.8165 -0.5656 -0.1160
vn -0.8167 -0.5654 -0.1153
vn -0.9413 -0.0259 -0.3367
vn -0.9410 -0.0261 -0.3375
vn -0.9410 -0.0261 -0.3373
vn -0.9414 -0.0256 -0.3364
vn -0.8402 -0.5244 -0.1381
vn -0.8399 -0.5249 -0.1383
vn -0.8398 -0.5250 -0.1381
vn -0.8403 -0.5243 -0.1381
vn -0.0888 -0.9568 0.2768
vn -0.0894 -0.9569 0.2764
vn -0.0892 -0.9569 0.2765
vn -0.0890 -0.9567 0.2770
vn 0.4839 -0.7652 0.4247
vn 0.4837 -0.7654 0.4245
vn 0.4838 -0.7653 0.4245
vn 0.4841 -0.7650 0.4248
vn -0.7244 -0.6880 -0.0434
vn -0.7238 -0.6886 -0.0441
vn -0.7239 -0.6885 -0.0440
vn -0.7246 -0.6879 -0.0433
vn 0.3675 -0.8371 0.4052
vn 0.3674 -0.8373 0.4049
vn 0.3676 -0.8370 0.4052
vn -0.4008 -0.9046 0.1453
vn -0.4007 -0.9047 0.1449
vn -0.4006 -0.9047 0.1451
vn -0.4007 -0.9046 0.1455
vn 0.8772 -0.2589 0.4044
vn 0.8764 -0.2592 0.4059
vn 0.8765 -0.2592 0.4057
vn 0.8772 -0.2589 0.4043
vn -0.2011 -0.9514 0.2332
vn -0.2012 -0.9514 0.2331
vn 0.9247 -0.0935 0.3690
vn 0.9248 -0.0931 0.3688
vn 0.9248 -0.0932 0.3689
vn 0.9246 -0.0938 0.3691
vn -0.3387 0.2613 0.9039
vn -0.3388 0.2613 0.9038
vn -0.3387 0.2612 0.9039
vn -0.3386 0.2613 0.9039
vn -0.3393 0.2616 0.9036
vn -0.3390 0.2616 0.9037
vn -0.3394 0.2616 0.9035
vn -0.3387 0.2616 0.9038
vn -0.3385 0.2617 0.9039
vn -0.3396 0.2615 0.9035
vn -0.3395 0.2615 0.9035
vn -0.3395 0.2614 0.9036
vn -0.3397 0.2613 0.9035
vn -0.3415 0.2609 0.9030
vn -0.3390 0.2614 0.9037
vn -0.3383 0.2617 0.9039
vn -0.3406 0.2611 0.9032
vn -0.3411 0.2613 0.9030
vn -0.3399 0.2613 0.9034
vn -0.3406 0.2614 0.9032
vn -0.3403 0.2614 0.9032
vn -0.3402 0.2614 0.9033
vn -0.3443 0.2608 0.9019
vn -0.3406 0.2615 0.9031
vn -0.3399 0.2615 0.9034
vn -0.3396 0.2616 0.9035
vn -0.3442 0.2606 0.9020
vn -0.3397 0.2614 0.9035
vn -0.3400 0.2618 0.9032
vn -0.3409 0.2613 0.9030
vn -0.3373 0.2619 0.9042
vn -0.3409 0.2611 0.9031
vn -0.3414 0.2612 0.9029
vn 0.3377 -0.2614 -0.9042
vn 0.3376 -0.2611 -0.9044
vn 0.3382 -0.2610 -0.9042
vn 0.3386 -0.2612 -0.9040
vn 0.3380 -0.2617 -0.9040
vn 0.3385 -0.2615 -0.9039
vn 0.3384 -0.2616 -0.9039
vn 0.3383 -0.2616 -0.9039
vn 0.3375 -0.2617 -0.9042
vn 0.3370 -0.2619 -0.9043
vn 0.3383 -0.2617 -0.9039
vn 0.3384 -0.2615 -0.9040
vn 0.3391 -0.2614 -0.9037
vn 0.3389 -0.2614 -0.9038
vn 0.3385 -0.2616 -0.9039
vn 0.3373 -0.2619 -0.9042
vn 0.3388 -0.2616 -0.9038
vn 0.3386 -0.2616 -0.9038
vn 0.3392 -0.2613 -0.9037
vn 0.3382 -0.2616 -0.9040
vn 0.3382 -0.2619 -0.9039
vn 0.3381 -0.2618 -0.9040
vn 0.3383 -0.2616 -0.9040
vn 0.3402 -0.2614 -0.9033
vn 0.3391 -0.2616 -0.9036
vn 0.3360 -0.2622 -0.9046
vn 0.3382 -0.2617 -0.9040
vn 0.3390 -0.2616 -0.9037
vn 0.3404 -0.2615 -0.9032
vn 0.3393 -0.2613 -0.9037
vn 0.3392 -0.2610 -0.9038
vn -0.2276 -0.9536 0.1969
vn -0.2276 -0.9537 0.1966
vn -0.2278 -0.9536 0.1967
vn -0.2275 -0.9536 0.1970
vn 0.3389 -0.8666 0.3664
vn 0.3387 -0.8667 0.3663
vn 0.3388 -0.8666 0.3663
vn 0.3389 -0.8665 0.3664
vn 0.7679 -0.4949 0.4067
vn 0.7679 -0.4950 0.4067
vn 0.9384 -0.0607 0.3402
vn 0.8599 0.4861 0.1556
vn 0.8600 0.4860 0.1556
vn 0.8599 0.4861 0.1557
vn 0.9468 0.0146 0.3214
vn 0.9469 0.0142 0.3211
vn 0.9468 0.0145 0.3214
vn 0.8177 0.5633 0.1187
vn 0.8177 0.5633 0.1184
vn 0.8176 0.5634 0.1188
vn 0.7716 -0.4893 0.4065
vn 0.7715 -0.4894 0.4065
vn -0.6421 -0.7666 0.0003
vn -0.6426 -0.7662 0.0001
vn -0.6425 -0.7663 0.0002
vn -0.6419 -0.7668 0.0001
vn 0.4678 -0.7933 0.3896
vn 0.4679 -0.7934 0.3893
vn 0.4677 -0.7934 0.3895
vn 0.4674 -0.7934 0.3900
vn 0.7971 -0.4492 0.4036
vn 0.8961 -0.2355 0.3761
vn 0.8963 -0.2355 0.3758
vn 0.8961 -0.2356 0.3761
vn 0.8715 -0.3018 0.3867
vn 0.8715 -0.3017 0.3867
vn 0.1880 0.9589 -0.2127
vn 0.1882 0.9588 -0.2129
vn 0.1879 0.9590 -0.2122
vn 0.1874 0.9592 -0.2118
vn -0.8848 0.2677 -0.3815
vn -0.8847 0.2677 -0.3815
vn -0.5471 0.7348 -0.4010
vn -0.5468 0.7349 -0.4011
vn -0.5470 0.7348 -0.4010
vn -0.5469 0.7348 -0.4011
vn -0.0947 0.9468 -0.3075
vn -0.0942 0.9468 -0.3076
vn -0.0945 0.9468 -0.3075
vn -0.0950 0.9468 -0.3074
vn 0.8773 0.4483 0.1712
vn 0.8775 0.4479 0.1711
vn 0.8775 0.4480 0.1710
vn -0.0736 0.9506 -0.3017
vn -0.0730 0.9506 -0.3016
vn -0.0731 0.9506 -0.3016
vn -0.0737 0.9506 -0.3017
vn -0.7918 0.4569 -0.4052
vn -0.7918 0.4572 -0.4050
vn -0.7919 0.4571 -0.4049
vn -0.4687 0.7919 -0.3915
vn -0.4683 0.7920 -0.3917
vn -0.4685 0.7920 -0.3916
vn -0.4689 0.7918 -0.3914
vn -0.9496 -0.1055 -0.2953
vn -0.9252 0.1315 -0.3560
vn -0.8594 -0.4880 -0.1527
vn -0.8594 -0.4879 -0.1531
vn -0.8593 -0.4881 -0.1527
vn -0.8594 -0.4881 -0.1526
vn 0.0750 -0.9502 0.3026
vn 0.0743 -0.9503 0.3023
vn 0.0745 -0.9503 0.3024
vn 0.0751 -0.9501 0.3027
vn 0.2027 -0.9193 0.3373
vn 0.2022 -0.9195 0.3371
vn 0.2023 -0.9195 0.3371
vn 0.2028 -0.9193 0.3373
vn -0.1198 -0.9635 0.2393
vn -0.1203 -0.9636 0.2389
vn -0.1203 -0.9636 0.2390
vn -0.1197 -0.9635 0.2393
vn -0.9395 -0.2271 -0.2566
vn -0.9395 -0.2270 -0.2567
vn -0.8658 0.3148 -0.3889
vn -0.8661 0.3145 -0.3886
vn -0.8658 0.3145 -0.3891
vn -0.9396 -0.2263 -0.2569
vn -0.9396 -0.2261 -0.2571
vn -0.9396 -0.2263 -0.2568
vn -0.8518 -0.5032 -0.1456
vn -0.8520 -0.5029 -0.1453
vn -0.8516 -0.5033 -0.1461
vn -0.8515 -0.5036 -0.1462
vn -0.7278 -0.6839 -0.0519
vn -0.7278 -0.6838 -0.0521
vn -0.7278 -0.6839 -0.0517
vn -0.7279 -0.6837 -0.0517
vn 0.8680 0.4690 0.1628
vn 0.8679 0.4692 0.1629
vn 0.8682 0.4688 0.1625
vn 0.8682 0.4689 0.1626
vn 0.9485 0.0312 0.3153
vn 0.9486 0.0311 0.3149
vn 0.9481 0.0313 0.3165
vn -0.2371 -0.9517 0.1950
vn -0.2374 -0.9516 0.1950
vn -0.2368 -0.9518 0.1950
vn -0.2366 -0.9519 0.1948
vn -0.8099 -0.5757 -0.1121
vn -0.8097 -0.5759 -0.1124
vn -0.8103 -0.5753 -0.1115
vn -0.8105 -0.5750 -0.1112
vn -0.9466 -0.0062 -0.3224
vn -0.9468 -0.0060 -0.3219
vn -0.9462 -0.0063 -0.3236
vn -0.9460 -0.0064 -0.3242
vn -0.7293 0.5481 -0.4096
vn -0.7292 0.5481 -0.4096
vn -0.7291 0.5481 -0.4099
vn 0.0067 0.9608 -0.2773
vn 0.0067 0.9607 -0.2773
vn 0.0065 0.9609 -0.2770
vn 0.0064 0.9609 -0.2769
vn -0.5816 -0.8126 0.0364
vn -0.5818 -0.8125 0.0365
vn -0.5818 -0.8125 0.0367
vn -0.5812 -0.8130 0.0362
vn -0.0343 -0.9628 0.2680
vn -0.0343 -0.9628 0.2682
vn -0.0341 -0.9627 0.2685
vn 0.4728 -0.7894 0.3916
vn 0.4728 -0.7893 0.3917
vn 0.4735 -0.7891 0.3913
vn 0.7900 -0.4605 0.4048
vn 0.7895 -0.4606 0.4057
vn 0.7892 -0.4607 0.4060
vn 0.9491 0.1073 0.2961
vn 0.9490 0.1075 0.2965
vn 0.9493 0.1071 0.2955
vn 0.9495 0.1068 0.2949
vn 0.8166 0.5653 0.1163
vn 0.8165 0.5655 0.1165
vn 0.8165 0.5654 0.1165
vn 0.8163 0.5657 0.1167
vn 0.9434 0.1972 0.2668
vn 0.9435 0.1968 0.2667
vn 0.9435 0.1968 0.2668
vn 0.9431 0.1968 0.2678
vn 0.0112 -0.9592 0.2823
vn 0.0107 -0.9593 0.2821
vn 0.0108 -0.9593 0.2821
vn 0.0112 -0.9592 0.2824
vn -0.2826 -0.9429 0.1765
vn -0.2827 -0.9429 0.1759
vn -0.2828 -0.9428 0.1763
vn -0.2825 -0.9429 0.1766
vn -0.8035 -0.5858 -0.1063
vn -0.8034 -0.5858 -0.1067
vn -0.8035 -0.5857 -0.1064
vn -0.8034 -0.5859 -0.1062
vn -0.4613 -0.8819 0.0969
vn -0.4616 -0.8818 0.0966
vn -0.4615 -0.8819 0.0967
vn -0.4612 -0.8820 0.0970
vn -0.2581 -0.9481 0.1857
vn -0.2584 -0.9481 0.1854
vn -0.2583 -0.9481 0.1855
vn -0.2577 -0.9482 0.1857
vn -0.7903 -0.6050 -0.0967
vn -0.7904 -0.6049 -0.0969
vn -0.7904 -0.6049 -0.0968
vn -0.3126 -0.9358 0.1628
vn -0.3128 -0.9358 0.1625
vn -0.3125 -0.9358 0.1630
vn -0.9491 -0.1163 -0.2928
vn -0.9491 -0.1162 -0.2928
vn -0.9491 -0.1163 -0.2927
vn -0.3146 0.2607 0.9127
vn -0.3136 0.2609 0.9130
vn -0.3145 0.2607 0.9128
vn -0.3133 0.2609 0.9131
vn -0.3150 0.2604 0.9127
vn -0.3150 0.2611 0.9125
vn -0.3148 0.2611 0.9125
vn -0.3149 0.2607 0.9126
vn -0.3143 0.2606 0.9129
vn -0.3151 0.2608 0.9125
vn -0.3149 0.2606 0.9126
vn -0.2422 -0.2000 0.9494
vn -0.3159 0.2604 0.9123
vn -0.3150 0.2607 0.9126
vn -0.3150 0.2606 0.9126
vn -0.5818 -0.2827 0.7626
vn -0.4117 -0.1915 0.8910
vn -0.4224 -0.0909 0.9019
vn -0.3271 -0.0895 0.9407
vn -0.3156 0.2606 0.9124
vn -0.3155 0.2606 0.9124
vn -0.3151 0.2607 0.9126
vn -0.3153 0.2607 0.9125
vn -0.3154 0.2606 0.9125
vn -0.3163 0.2604 0.9122
vn -0.3149 0.2605 0.9127
vn -0.3151 0.2606 0.9126
vn -0.3151 0.2607 0.9125
vn -0.3156 0.2605 0.9124
vn -0.3146 0.2606 0.9127
vn -0.3154 0.2604 0.9125
vn -0.3146 0.2604 0.9128
vn -0.3146 0.2608 0.9127
vn -0.3140 0.2606 0.9130
vn 0.3144 -0.2607 -0.9128
vn 0.3151 -0.2607 -0.9126
vn 0.3154 -0.2606 -0.9125
vn 0.3147 -0.2607 -0.9127
vn 0.3147 -0.2606 -0.9127
vn 0.3137 -0.2608 -0.9130
vn 0.3145 -0.2607 -0.9128
vn 0.3148 -0.2607 -0.9126
vn 0.3158 -0.2604 -0.9124
vn 0.3154 -0.2605 -0.9125
vn 0.3152 -0.2606 -0.9126
vn 0.3153 -0.2605 -0.9125
vn 0.3186 -0.6595 -0.6809
vn 0.3136 -0.2608 -0.9130
vn 0.3149 -0.2607 -0.9126
vn 0.3149 -0.2608 -0.9126
vn 0.3149 -0.2606 -0.9126
vn -0.0669 -0.6959 -0.7150
vn 0.1546 -0.6488 -0.7451
vn 0.1673 -0.5706 -0.8040
vn 0.2664 -0.5752 -0.7734
vn 0.3150 -0.2606 -0.9126
vn 0.3150 -0.2607 -0.9126
vn 0.3153 -0.2608 -0.9125
vn 0.3143 -0.2607 -0.9128
vn 0.3136 -0.2609 -0.9130
vn 0.3146 -0.2609 -0.9127
vn 0.3146 -0.2606 -0.9127
vn 0.3150 -0.2608 -0.9126
vn 0.3148 -0.2606 -0.9127
vn 0.3135 -0.2608 -0.9131
vn 0.3147 -0.2603 -0.9128
vn 0.3143 -0.2606 -0.9128
vn 0.3144 -0.2604 -0.9129
vn 0.3155 -0.2605 -0.9125
vn 0.0393 -0.9539 0.2975
vn 0.0392 -0.9539 0.2975
vn 0.5720 -0.7095 0.4116
vn 0.5719 -0.7096 0.4116
vn 0.8913 -0.2408 0.3841
vn 0.8913 -0.2410 0.3842
vn 0.9402 0.2125 0.2664
vn 0.9402 0.2122 0.2665
vn 0.9402 0.2124 0.2664
vn 0.7132 0.6997 0.0419
vn 0.7130 0.6999 0.0418
vn 0.9280 0.2844 0.2407
vn 0.9280 0.2846 0.2407
vn 0.6500 0.7600 0.0018
vn 0.8935 -0.2345 0.3830
vn 0.8934 -0.2348 0.3830
vn -0.4215 -0.8989 0.1197
vn -0.4211 -0.8991 0.1198
vn -0.4214 -0.8989 0.1197
vn 0.6785 -0.6043 0.4176
vn 0.9075 -0.1899 0.3746
vn 0.9075 -0.1900 0.3746
vn 0.9464 0.0371 0.3207
vn 0.9464 0.0370 0.3208
vn 0.9403 -0.0314 0.3390
vn 0.9403 -0.0315 0.3390
vn 0.9403 -0.0316 0.3390
vn -0.0798 0.9475 -0.3097
vn -0.0798 0.9475 -0.3098
vn -0.9440 -0.0039 -0.3298
vn -0.9440 -0.0038 -0.3298
vn -0.9440 -0.0037 -0.3298
vn -0.7402 0.5278 -0.4165
vn -0.7402 0.5279 -0.4165
vn -0.3533 0.8556 -0.3783
vn -0.3534 0.8556 -0.3783
vn 0.7407 0.6691 0.0608
vn 0.7408 0.6690 0.0606
vn 0.7409 0.6689 0.0608
vn 0.7406 0.6692 0.0605
vn -0.3335 0.8654 -0.3739
vn -0.3330 0.8655 -0.3742
vn -0.9046 0.1994 -0.3767
vn -0.9047 0.1992 -0.3765
vn -0.9045 0.1993 -0.3769
vn -0.6783 0.6046 -0.4177
vn -0.6782 0.6046 -0.4177
vn -0.6784 0.6046 -0.4174
vn -0.9055 -0.3703 -0.2075
vn -0.9054 -0.3704 -0.2075
vn -0.9054 -0.3703 -0.2075
vn -0.9053 -0.3707 -0.2074
vn -0.9466 -0.1423 -0.2895
vn -0.9465 -0.1422 -0.2897
vn -0.9466 -0.1422 -0.2895
vn -0.7118 -0.7012 -0.0412
vn -0.7117 -0.7012 -0.0412
vn -0.7119 -0.7010 -0.0413
vn -0.7117 -0.7013 -0.0411
vn 0.3339 -0.8651 0.3744
vn 0.4513 -0.7996 0.3961
vn 0.4516 -0.7994 0.3962
vn 0.1462 -0.9330 0.3288
vn 0.1463 -0.9330 0.3288
vn -0.8622 -0.4808 -0.1593
vn -0.8621 -0.4811 -0.1593
vn -0.7684 -0.6348 -0.0806
vn 0.6807 -0.6018 0.4177
vn 0.2746 -0.8911 0.3613
vn 0.2748 -0.8910 0.3614
vn -0.0185 -0.9601 0.2791
vn -0.6299 -0.7766 0.0101
vn -0.2110 -0.9547 0.2100
vn -0.0053 -0.9590 0.2834
vn 0.0075 -0.9582 0.2860
vn -0.0046 -0.9589 0.2835
vn -0.6116 -0.7909 0.0208
vn -0.0494 -0.9619 0.2688
vn -0.9023 -0.3801 -0.2033
vn -0.9022 -0.3805 -0.2032
vn -0.4466 -0.2442 -0.8608
vn -0.5564 -0.3264 -0.7641
vn -0.5457 -0.3211 -0.7740
vn -0.2587 -0.2538 -0.9320
vn -0.3345 -0.2133 -0.9179
vn -0.4194 -0.2617 -0.8693
vn -0.5303 -0.3345 -0.7790
vn -0.5341 -0.3686 -0.7608
vn -0.0632 -0.6092 -0.7905
vn 0.0095 -0.9624 0.2715
vn -0.0325 -0.9546 0.2960
vn -0.0102 -0.7876 -0.6161
vn -0.5898 -0.3334 -0.7355
vn -0.5801 -0.3058 -0.7550
vn -0.5534 -0.3317 -0.7641
vn -0.5865 -0.3015 -0.7518
vn -0.5207 -0.4672 -0.7146
vn -0.4061 -0.2721 -0.8724
vn -0.5196 -0.2841 -0.8058
vn 0.1526 -0.2128 -0.9651
vn 0.1532 -0.2064 -0.9664
vn 0.0985 -0.2316 -0.9678
vn 0.1840 -0.2159 -0.9589
vn -0.5913 -0.3287 -0.7365
vn -0.5945 -0.3047 -0.7441
vn -0.5988 -0.2839 -0.7489
vn -0.5585 -0.2922 -0.7763
vn -0.5031 -0.3874 -0.7725
vn -0.4638 -0.3316 -0.8216
vn -0.5374 -0.2580 -0.8029
vn -0.3830 -0.3000 -0.8736
vn -0.3592 -0.2979 -0.8845
vn -0.3203 -0.3035 -0.8974
vn -0.2304 -0.2799 -0.9320
vn -0.0596 -0.2385 -0.9693
vn -0.1336 -0.2963 -0.9457
vn 0.1488 -0.2528 -0.9560
vn 0.2252 -0.2287 -0.9471
vn 0.1685 -0.3487 -0.9220
vn 0.2340 -0.2591 -0.9371
vn 0.2296 -0.2863 -0.9302
vn 0.2606 -0.2475 -0.9332
vn 0.2565 -0.2719 -0.9275
vn -0.9411 0.0009 0.3382
vn -0.8950 0.1403 0.4235
vn -0.9368 0.0227 0.3491
vn -0.8210 0.2230 0.5257
vn -0.7772 0.2239 0.5881
vn -0.8826 0.1561 0.4435
vn -0.9268 0.0186 0.3751
vn -0.8716 0.1448 0.4684
vn -0.6019 -0.1217 0.7892
vn -0.5044 -0.3351 0.7958
vn -0.9447 0.0183 0.3274
vn -0.9463 -0.0160 0.3228
vn -0.9325 0.0059 0.3610
vn -0.9486 0.0202 0.3157
vn -0.9224 -0.0254 0.3855
vn -0.9103 -0.1011 0.4013
vn -0.8642 0.1351 0.4846
vn -0.4725 0.3492 0.8092
vn -0.4738 0.3436 0.8108
vn -0.5168 0.3163 0.7955
vn -0.4440 0.3402 0.8289
vn -0.9473 -0.0125 0.3202
vn -0.9501 0.0111 0.3116
vn -0.9529 0.0305 0.3018
vn -0.9365 0.0442 0.3478
vn -0.9061 -0.0265 0.4223
vn -0.8960 0.0800 0.4368
vn -0.9290 0.0911 0.3587
vn -0.9229 0.0717 0.3782
vn -0.8370 0.1423 0.5284
vn -0.8125 0.1505 0.5632
vn -0.7530 0.2059 0.6249
vn -0.6388 0.2818 0.7159
vn -0.6924 0.2117 0.6898
vn -0.4641 0.3052 0.8316
vn -0.4067 0.3305 0.8517
vn -0.4589 0.2101 0.8633
vn -0.3994 0.3022 0.8656
vn -0.4051 0.2723 0.8728
vn -0.3759 0.3111 0.8729
vn -0.3802 0.2863 0.8795
vn 0.0095 -0.9581 0.2864
vn -0.4664 -0.2396 -0.8515
vt 0.014100 1.000000
vt 0.014100 0.000000
vt 0.000000 0.000000
vt 0.000000 1.000000
vt 0.036400 1.000000
vt 0.036400 0.000000
vt 0.054200 1.000000
vt 0.054200 0.000000
vt 0.084300 1.000000
vt 0.084300 0.000000
vt 0.104700 1.000000
vt 0.104700 0.000000
vt 0.126600 1.000000
vt 0.126600 0.000000
vt 0.135100 1.000000
vt 0.135100 0.000000
vt 0.161000 1.000000
vt 0.161000 0.000000
vt 0.170200 1.000000
vt 0.170200 0.000000
vt 0.201700 1.000000
vt 0.201700 0.000000
vt 0.216000 1.000000
vt 0.216000 0.000000
vt 0.222700 1.000000
vt 0.222700 0.000000
vt 0.258100 1.000000
vt 0.258100 0.000000
vt 0.265200 1.000000
vt 0.265200 0.000000
vt 0.278800 1.000000
vt 0.278800 0.000000
vt 0.311300 1.000000
vt 0.311300 0.000000
vt 0.347900 1.000000
vt 0.347900 0.000000
vt 0.362800 1.000000
vt 0.362800 0.000000
vt 0.378900 1.000000
vt 0.378900 0.000000
vt 0.392600 1.000000
vt 0.392600 0.000000
vt 0.471500 1.000000
vt 0.471500 0.000000
vt 0.523900 1.000000
vt 0.523900 0.000000
vt 0.538600 1.000000
vt 0.538600 0.000000
vt 0.598900 1.000000
vt 0.598900 0.000000
vt 0.636900 1.000000
vt 0.636900 0.000000
vt 0.731900 1.000000
vt 0.731900 0.000000
vt 0.758800 1.000000
vt 0.758800 0.000000
vt 0.793700 1.000000
vt 0.793700 0.000000
vt 0.820700 1.000000
vt 0.820700 0.000000
vt 0.842300 1.000000
vt 0.842300 0.000000
vt 0.855500 1.000000
vt 0.855500 0.000000
vt 0.908400 1.000000
vt 0.908400 0.000000
vt 0.923200 1.000000
vt 0.923200 0.000000
vt 0.932600 1.000000
vt 0.932600 0.000000
vt 0.941100 1.000000
vt 0.941100 0.000000
vt 0.959700 1.000000
vt 0.959700 0.000000
vt 0.989700 1.000000
vt 0.989700 0.000000
vt 1.000000 1.000000
vt 1.000000 0.000000
vt 0.268300 0.418600
vt 0.296500 0.404400
vt 0.330400 0.448400
vt 0.615000 1.000000
vt 0.532700 0.941600
vt 0.651200 0.954900
vt 0.868000 0.646300
vt 1.000000 0.817600
vt 0.816800 0.679200
vt 0.000000 0.252800
vt 0.024600 0.119000
vt 0.169600 0.243300
vt 0.094900 0.095100
vt 0.383000 0.680100
vt 0.413400 0.656900
vt 0.479100 0.723500
vt 0.601600 0.006200
vt 0.800800 0.001000
vt 0.652700 0.225400
vt 0.858700 0.348800
vt 0.689500 0.981800
vt 0.792000 0.898300
vt 0.167500 0.310700
vt 0.192100 0.291000
vt 0.317200 0.589800
vt 0.348200 0.563700
vt 0.529200 0.876100
vt 0.530700 0.001200
vt 0.596300 0.188600
vt 0.117600 0.000000
vt 0.070700 0.038300
vt 0.817600 0.443700
vt 0.691200 0.536600
vt 0.724700 0.633000
vt 0.964800 0.866400
vt 0.915900 0.869400
vt 0.429200 0.790000
vt 0.889400 0.894400
vt 0.011900 1.000000
vt 0.011900 0.000000
vt 0.025200 1.000000
vt 0.025200 0.000000
vt 0.038400 1.000000
vt 0.038400 0.000000
vt 0.044100 1.000000
vt 0.044100 0.000000
vt 0.063000 1.000000
vt 0.063000 0.000000
vt 0.075000 1.000000
vt 0.075000 0.000000
vt 0.085600 1.000000
vt 0.085600 0.000000
vt 0.104500 1.000000
vt 0.104500 0.000000
vt 0.129300 1.000000
vt 0.129300 0.000000
vt 0.151500 1.000000
vt 0.151500 0.000000
vt 0.165100 1.000000
vt 0.165100 0.000000
vt 0.187900 1.000000
vt 0.187900 0.000000
vt 0.195400 1.000000
vt 0.195400 0.000000
vt 0.212200 1.000000
vt 0.212200 0.000000
vt 0.230500 1.000000
vt 0.230500 0.000000
vt 0.240900 1.000000
vt 0.240900 0.000000
vt 0.259800 1.000000
vt 0.259800 0.000000
vt 0.277400 1.000000
vt 0.277400 0.000000
vt 0.288100 1.000000
vt 0.288100 0.000000
vt 0.330000 1.000000
vt 0.330000 0.000000
vt 0.345600 1.000000
vt 0.345600 0.000000
vt 0.363100 1.000000
vt 0.363100 0.000000
vt 0.394400 1.000000
vt 0.394400 0.000000
vt 0.403300 1.000000
vt 0.403300 0.000000
vt 0.432800 1.000000
vt 0.432800 0.000000
vt 0.443900 1.000000
vt 0.443900 0.000000
vt 0.454800 1.000000
vt 0.454800 0.000000
vt 0.478700 1.000000
vt 0.478700 0.000000
vt 0.543300 1.000000
vt 0.543300 0.000000
vt 0.551500 1.000000
vt 0.551500 0.000000
vt 0.621900 1.000000
vt 0.621900 0.000000
vt 0.637100 1.000000
vt 0.637100 0.000000
vt 0.687000 1.000000
vt 0.687000 0.000000
vt 0.720600 1.000000
vt 0.720600 0.000000
vt 0.817300 1.000000
vt 0.817300 0.000000
vt 0.864600 1.000000
vt 0.864600 0.000000
vt 0.905700 1.000000
vt 0.905700 0.000000
vt 0.926900 1.000000
vt 0.926900 0.000000
vt 0.944800 1.000000
vt 0.944800 0.000000
vt 0.967700 1.000000
vt 0.967700 0.000000
vt 0.980400 1.000000
vt 0.980400 0.000000
vt 0.000000 0.001900
vt 0.356900 0.000000
vt 0.124400 0.033800
vt 0.056600 0.283600
vt 0.149500 0.303700
vt 0.087800 0.340100
vt 0.561000 1.000000
vt 0.540700 0.904400
vt 0.639100 0.951300
vt 0.873800 0.641200
vt 0.924300 0.701400
vt 0.820000 0.714400
vt 0.063100 0.074900
vt 0.124400 0.076400
vt 0.113600 0.184000
vt 0.674600 0.984500
vt 0.710800 0.945300
vt 0.814800 0.939100
vt 0.803000 0.918400
vt 0.271100 0.440400
vt 0.067400 0.196400
vt 0.307300 0.602500
vt 0.348300 0.574000
vt 0.386900 0.646800
vt 0.932000 0.790700
vt 0.361900 0.032100
vt 0.567700 0.033600
vt 0.753200 0.028000
vt 0.600900 0.227100
vt 0.828700 0.401600
vt 0.548000 0.273100
vt 0.252200 0.480000
vt 0.344900 0.500500
vt 0.413100 0.727700
vt 0.434800 0.702800
vt 0.520400 0.774300
vt 1.000000 0.802400
vt 0.984200 0.878200
vt 0.918900 0.882900
vt 0.721600 0.569600
vt 0.875500 0.924700
vt 0.494000 0.823900
vt 0.123400 0.999500
vt 0.123400 0.000500
vt 0.077100 0.000500
vt 0.077100 0.999500
vt 0.235200 0.999500
vt 0.235200 0.000500
vt 0.331600 0.999500
vt 0.331600 0.000500
vt 0.520100 0.999500
vt 0.520100 0.000500
vt 0.687200 0.999500
vt 0.687200 0.000500
vt 0.651100 0.000500
vt 0.651100 0.999500
vt 0.664700 0.999500
vt 0.664700 0.000500
vt 0.484500 0.000500
vt 0.484500 0.999500
vt 0.734800 0.999500
vt 0.734800 0.000500
vt 0.999500 0.999500
vt 0.999500 0.000500
vt 0.868200 0.000500
vt 0.868200 0.999500
vt 0.612100 0.999500
vt 0.612100 0.000500
vt 0.320900 0.000500
vt 0.320900 0.999500
vt 0.652900 0.999500
vt 0.652900 0.000500
vt 0.955600 0.999500
vt 0.955600 0.000500
vt 0.869700 0.999500
vt 0.869700 0.000500
vt 0.071500 0.000500
vt 0.071500 0.999500
vt 0.137900 0.999500
vt 0.137900 0.000500
vt 0.015600 0.000500
vt 0.015600 0.999500
vt 0.337200 0.999500
vt 0.337200 0.000500
vt 0.924600 0.999500
vt 0.924600 0.000500
vt 0.836900 0.000500
vt 0.836900 0.999500
vt 0.391600 0.999500
vt 0.391600 0.000500
vt 0.302900 0.000500
vt 0.302900 0.999500
vt 0.932000 0.000500
vt 0.932000 0.999500
vt 0.448200 0.999500
vt 0.448200 0.000500
vt 0.397100 0.000500
vt 0.397100 0.999500
vt 0.137400 0.999500
vt 0.137400 0.000500
vt 0.015900 0.000500
vt 0.015900 0.999500
vt 0.550000 0.999500
vt 0.550000 0.000500
vt 0.513500 0.000500
vt 0.513500 0.999500
vt 0.583700 0.999500
vt 0.583700 0.000500
vt 0.177800 0.999500
vt 0.177800 0.000500
vt 0.140700 0.000500
vt 0.140700 0.999500
vt 0.631300 0.999500
vt 0.631300 0.000500
vt 0.592500 0.000500
vt 0.592500 0.999500
vt 0.399400 0.999500
vt 0.399400 0.000500
vt 0.368700 0.000500
vt 0.368700 0.999500
vt 0.290500 0.999500
vt 0.290500 0.000500
vt 0.237500 0.000500
vt 0.237500 0.999500
vt 0.489000 0.999500
vt 0.489000 0.000500
vt 0.427800 0.000500
vt 0.427800 0.999500
vt 0.371100 0.999500
vt 0.371100 0.000500
vt 0.311000 0.000500
vt 0.311000 0.999500
vt 0.506500 0.000500
vt 0.506500 0.999500
vt 0.639800 0.999500
vt 0.639800 0.000500
vt 0.747600 0.999500
vt 0.747600 0.000500
vt 0.548700 0.999500
vt 0.548700 0.000500
vt 0.513900 0.000500
vt 0.513900 0.999500
vt 0.799200 0.999500
vt 0.799200 0.000500
vt 0.764200 0.000500
vt 0.764200 0.999500
vt 0.837000 0.999500
vt 0.837000 0.000500
vt 0.889000 0.999500
vt 0.889000 0.000500
vt 0.950300 0.999500
vt 0.950300 0.000500
vt 0.975800 0.999500
vt 0.975800 0.000500
vt 0.522000 0.999500
vt 0.522000 0.000500
vt 0.488700 0.000500
vt 0.488700 0.999500
vt 0.601600 0.999500
vt 0.601600 0.000500
vt 0.654400 0.999500
vt 0.654400 0.000500
vt 0.038600 0.000500
vt 0.038600 0.999500
vt 0.925100 0.302700
vt 0.932500 0.391500
vt 0.837200 0.337000
vt 0.792200 0.631400
vt 0.762800 0.600700
vt 0.822500 0.592600
vt 1.000000 0.397000
vt 0.984600 0.448100
vt 0.863000 0.513500
vt 0.345400 0.961800
vt 0.375100 0.923300
vt 0.398300 0.992200
vt 0.870100 0.015100
vt 0.896500 0.137500
vt 0.071000 0.000000
vt 0.131400 0.735000
vt 0.000000 0.679300
vt 0.188300 0.664900
vt 0.004200 0.387800
vt 0.312600 0.484400
vt 0.044800 0.346900
vt 0.511300 0.976200
vt 0.478000 1.000000
vt 0.499200 0.950700
vt 0.027100 0.043900
vt 0.348800 0.479800
vt 0.548700 0.764500
vt 0.547900 0.799500
vt 0.514000 0.747800
vt 0.553700 0.889400
vt 0.354200 0.876900
vt 0.373000 0.765100
vt 0.569200 0.837400
vt 0.336000 0.668600
vt 0.573500 0.639900
vt 0.568800 0.592600
vt 0.629000 0.506500
vt 0.689200 0.511000
vt 0.709700 0.572300
vt 0.879600 0.550100
vt 0.859700 0.583800
vt 0.015600 1.000000
vt 0.015600 0.000000
vt 0.029900 1.000000
vt 0.029900 0.000000
vt 0.064300 1.000000
vt 0.064300 0.000000
vt 0.078000 1.000000
vt 0.078000 0.000000
vt 0.140200 1.000000
vt 0.140200 0.000000
vt 0.207600 1.000000
vt 0.207600 0.000000
vt 0.293900 1.000000
vt 0.293900 0.000000
vt 0.319300 1.000000
vt 0.319300 0.000000
vt 0.336800 1.000000
vt 0.336800 0.000000
vt 0.378000 1.000000
vt 0.378000 0.000000
vt 0.394300 1.000000
vt 0.394300 0.000000
vt 0.417700 1.000000
vt 0.417700 0.000000
vt 0.489500 1.000000
vt 0.489500 0.000000
vt 0.513700 1.000000
vt 0.513700 0.000000
vt 0.547600 1.000000
vt 0.547600 0.000000
vt 0.571900 1.000000
vt 0.571900 0.000000
vt 0.624300 1.000000
vt 0.624300 0.000000
vt 0.647200 1.000000
vt 0.647200 0.000000
vt 0.690300 1.000000
vt 0.690300 0.000000
vt 0.716900 1.000000
vt 0.716900 0.000000
vt 0.808500 1.000000
vt 0.808500 0.000000
vt 0.850200 1.000000
vt 0.850200 0.000000
vt 0.883000 1.000000
vt 0.883000 0.000000
vt 0.912600 1.000000
vt 0.912600 0.000000
vt 0.930300 1.000000
vt 0.930300 0.000000
vt 0.953700 1.000000
vt 0.953700 0.000000
vt 0.978700 1.000000
vt 0.978700 0.000000
vt 0.589500 0.000000
vt 0.805400 0.006000
vt 0.627000 0.079100
vt 0.811500 0.103000
vt 0.635200 0.270600
vt 0.887400 0.433400
vt 0.016400 0.327400
vt 0.000000 0.264600
vt 0.140100 0.305500
vt 0.092200 0.129800
vt 0.873000 0.737200
vt 0.922100 0.815000
vt 0.791800 0.762500
vt 1.000000 0.964600
vt 0.922100 0.967600
vt 1.000000 0.886800
vt 0.765000 0.557000
vt 0.520500 0.004300
vt 0.577900 0.082100
vt 0.160600 0.003000
vt 0.553300 0.204800
vt 0.088600 0.070200
vt 0.377000 0.569700
vt 0.713000 0.670700
vt 0.435400 0.812500
vt 0.627000 0.991500
vt 0.694900 0.983600
vt 0.865900 1.000000
vt 0.033500 1.000000
vt 0.033500 0.000000
vt 0.047200 1.000000
vt 0.047200 0.000000
vt 0.060800 1.000000
vt 0.060800 0.000000
vt 0.073700 1.000000
vt 0.073700 0.000000
vt 0.089000 1.000000
vt 0.089000 0.000000
vt 0.098900 1.000000
vt 0.098900 0.000000
vt 0.136400 1.000000
vt 0.136400 0.000000
vt 0.201100 1.000000
vt 0.201100 0.000000
vt 0.245800 1.000000
vt 0.245800 0.000000
vt 0.316300 1.000000
vt 0.316300 0.000000
vt 0.339200 1.000000
vt 0.339200 0.000000
vt 0.363600 1.000000
vt 0.363600 0.000000
vt 0.410700 1.000000
vt 0.410700 0.000000
vt 0.551900 1.000000
vt 0.551900 0.000000
vt 0.566300 1.000000
vt 0.566300 0.000000
vt 0.599400 1.000000
vt 0.599400 0.000000
vt 0.643400 1.000000
vt 0.643400 0.000000
vt 0.667400 1.000000
vt 0.667400 0.000000
vt 0.721700 1.000000
vt 0.721700 0.000000
vt 0.760100 1.000000
vt 0.760100 0.000000
vt 0.792500 1.000000
vt 0.792500 0.000000
vt 0.824100 1.000000
vt 0.824100 0.000000
vt 0.852700 1.000000
vt 0.852700 0.000000
vt 0.886700 1.000000
vt 0.886700 0.000000
vt 0.911600 1.000000
vt 0.911600 0.000000
vt 0.933200 1.000000
vt 0.933200 0.000000
vt 0.978600 1.000000
vt 0.978600 0.000000
vt 0.615900 0.006100
vt 0.592700 0.055300
vt 0.616000 0.999600
vt 0.587900 0.955400
vt 0.658600 0.963900
vt 0.067800 0.251500
vt 0.015800 0.173300
vt 0.138300 0.191400
vt 0.278400 0.422700
vt 0.655700 0.165100
vt 0.414200 0.540800
vt 0.650900 0.002800
vt 0.755600 0.006100
vt 0.796200 0.203400
vt 0.531800 0.954600
vt 0.526700 0.898300
vt 0.569400 0.891800
vt 0.848600 0.337900
vt 0.825400 0.455500
vt 0.751700 0.553900
vt 0.491800 0.770400
vt 0.767200 0.658900
vt 0.868900 0.749900
vt 0.798300 1.000000
vt 0.867900 0.947200
vt 0.960000 0.799800
vt 1.000000 0.872100
vt 0.976400 0.944800
vt 0.127100 0.999500
vt 0.127100 0.000500
vt 0.037900 0.000500
vt 0.037900 0.999500
vt 0.172100 0.999500
vt 0.172100 0.000500
vt 0.296100 0.999500
vt 0.296100 0.000500
vt 0.481500 0.999500
vt 0.481500 0.000500
vt 0.645500 0.999500
vt 0.645500 0.000500
vt 0.426800 0.999500
vt 0.426800 0.000500
vt 0.354500 0.000500
vt 0.354500 0.999500
vt 0.589600 0.999500
vt 0.589600 0.000500
vt 0.573200 0.000500
vt 0.573200 0.999500
vt 0.723700 0.999500
vt 0.723700 0.000500
vt 0.921200 0.999500
vt 0.921200 0.000500
vt 0.998400 0.999500
vt 0.998400 0.000500
vt 0.615400 0.999500
vt 0.615400 0.000500
vt 0.111700 0.000500
vt 0.111700 0.999500
vt 0.083500 0.999500
vt 0.083500 0.000500
vt 0.003500 0.000500
vt 0.003500 0.999500
vt 0.553500 0.999500
vt 0.553500 0.000500
vt 0.500300 0.000500
vt 0.500300 0.999500
vt 0.241100 0.999500
vt 0.241100 0.000500
vt 0.095500 0.000500
vt 0.095500 0.999500
vt 0.668600 0.999500
vt 0.668600 0.000500
vt 0.499500 0.000500
vt 0.499500 0.999500
vt 0.735500 0.999500
vt 0.735500 0.000500
vt 0.728400 0.000500
vt 0.728400 0.999500
vt 0.757000 0.999500
vt 0.757000 0.000500
vt 0.787700 0.999500
vt 0.787700 0.000500
vt 0.822300 0.999500
vt 0.822300 0.000500
vt 0.855300 0.999500
vt 0.855300 0.000500
vt 0.881400 0.999500
vt 0.881400 0.000500
vt 0.895400 0.999500
vt 0.895400 0.000500
vt 0.903200 0.999500
vt 0.903200 0.000500
vt 0.914300 0.999500
vt 0.914300 0.000500
vt 0.928100 0.999500
vt 0.928100 0.000500
vt 0.944100 0.999500
vt 0.944100 0.000500
vt 0.961600 0.999500
vt 0.961600 0.000500
vt 0.980300 0.999500
vt 0.980300 0.000500
vt 0.997300 0.999500
vt 0.997300 0.000500
vt 0.775100 0.000500
vt 0.775100 0.999500
vt 0.149500 0.999500
vt 0.149500 0.000500
vt 0.001800 0.000500
vt 0.001800 0.999500
vt 0.264600 0.999500
vt 0.264600 0.000500
vt 0.416500 0.999500
vt 0.416500 0.000500
vt 0.547600 0.999500
vt 0.547600 0.000500
vt 0.650100 0.999500
vt 0.650100 0.000500
vt 0.409900 0.999500
vt 0.409900 0.000500
vt 0.349900 0.000500
vt 0.349900 0.999500
vt 0.727700 0.999500
vt 0.727700 0.000500
vt 0.590100 0.000500
vt 0.590100 0.999500
vt 0.956100 0.000500
vt 0.956100 0.999500
vt 0.798400 0.999500
vt 0.798400 0.000500
vt 0.742100 0.000500
vt 0.742100 0.999500
vt 0.847900 0.999500
vt 0.847900 0.000500
vt 0.064800 0.999500
vt 0.064800 0.000500
vt 0.025500 0.000500
vt 0.025500 0.999500
vt 0.166400 0.999500
vt 0.166400 0.000500
vt 0.145100 0.000500
vt 0.145100 0.999500
vt 0.873800 0.999500
vt 0.873800 0.000500
vt 0.833600 0.000500
vt 0.833600 0.999500
vt 0.194900 0.999500
vt 0.194900 0.000500
vt 0.131300 0.000500
vt 0.131300 0.999500
vt 0.880900 0.000500
vt 0.880900 0.999500
vt 0.000500 0.000500
vt 0.000500 0.999500
vt 0.615500 0.003000
vt 0.499700 0.083100
vt 0.111300 0.001100
vt 0.446400 0.095100
vt 0.997800 0.001300
vt 0.855600 0.149200
vt 0.775400 0.000000
vt 0.766800 0.019200
vt 0.758500 0.037900
vt 0.750800 0.055500
vt 0.744000 0.071500
vt 0.738300 0.085300
vt 0.734100 0.096400
vt 0.895600 0.590200
vt 0.956500 0.727900
vt 0.793300 0.650300
vt 0.731600 0.104300
vt 0.719500 1.000000
vt 0.667000 0.962600
vt 0.805400 0.881300
vt 0.728100 0.118200
vt 0.098500 0.078400
vt 0.721300 0.144400
vt 0.577300 0.873200
vt 0.839800 0.264400
vt 0.712000 0.177400
vt 0.701200 0.212000
vt 0.689800 0.242700
vt 0.028100 0.426800
vt 0.003500 0.410300
vt 0.164300 0.354400
vt 0.000000 0.276100
vt 0.678700 0.264300
vt 0.895400 0.416400
vt 0.668700 0.271300
vt 0.756300 0.547600
vt 0.499500 0.240800
vt 0.416000 0.518500
vt 0.473300 0.704100
vt 0.491100 0.828200
vt 0.869100 0.874200
vt 0.898200 0.833900
vt 1.000000 0.742300
vt 0.998900 0.798700
vt 0.975000 0.848300
vt 0.935600 0.855200
vt 0.222900 0.999500
vt 0.222900 0.000500
vt 0.066400 0.000500
vt 0.066400 0.999500
vt 0.294100 0.999500
vt 0.294100 0.000500
vt 0.348900 0.999500
vt 0.348900 0.000500
vt 0.748600 0.999500
vt 0.748600 0.000500
vt 0.694700 0.000500
vt 0.694700 0.999500
vt 0.446900 0.999500
vt 0.446900 0.000500
vt 0.517200 0.999500
vt 0.517200 0.000500
vt 0.628400 0.999500
vt 0.628400 0.000500
vt 0.684300 0.999500
vt 0.684300 0.000500
vt 0.804600 0.999500
vt 0.804600 0.000500
vt 0.357600 0.999500
vt 0.357600 0.000500
vt 0.341100 0.999500
vt 0.341100 0.000500
vt 0.528800 0.999500
vt 0.528800 0.000500
vt 0.447100 0.000500
vt 0.447100 0.999500
vt 0.835400 0.999500
vt 0.835400 0.000500
vt 0.654100 0.000500
vt 0.654100 0.999500
vt 0.949200 0.999500
vt 0.949200 0.000500
vt 0.497300 0.999500
vt 0.497300 0.000500
vt 0.373800 0.000500
vt 0.373800 0.999500
vt 0.502700 0.000500
vt 0.502700 0.999500
vt 0.249700 0.999500
vt 0.249700 0.000500
vt 0.235800 0.999500
vt 0.235800 0.000500
vt 0.057900 0.000500
vt 0.057900 0.999500
vt 0.464600 0.999500
vt 0.464600 0.000500
vt 0.681300 0.999500
vt 0.681300 0.000500
vt 0.730500 0.999500
vt 0.730500 0.000500
vt 0.340200 0.999500
vt 0.340200 0.000500
vt 0.269500 0.000500
vt 0.269500 0.999500
vt 0.751900 0.999500
vt 0.751900 0.000500
vt 0.659800 0.000500
vt 0.659800 0.999500
vt 0.704800 0.000500
vt 0.704800 0.999500
vt 0.768000 0.999500
vt 0.768000 0.000500
vt 0.714000 0.000500
vt 0.714000 0.999500
vt 0.859600 0.999500
vt 0.859600 0.000500
vt 0.888900 0.999500
vt 0.888900 0.000500
vt 0.959700 0.999500
vt 0.959700 0.000500
vt 0.405000 0.999500
vt 0.405000 0.000500
vt 0.335900 0.000500
vt 0.335900 0.999500
vt 0.434400 0.999500
vt 0.434400 0.000500
vt 0.979600 0.999500
vt 0.979600 0.000500
vt 0.947600 0.000500
vt 0.947600 0.999500
vt 0.506400 0.999500
vt 0.506400 0.000500
vt 0.468000 0.000500
vt 0.468000 0.999500
vt 0.597000 0.999500
vt 0.597000 0.000500
vt 0.027300 0.999500
vt 0.027300 0.000500
vt 0.736300 0.999500
vt 0.736300 0.000500
vt 0.605700 0.000500
vt 0.605700 0.999500
vt 0.003700 0.000500
vt 0.003700 0.999500
vt 1.000000 0.004900
vt 0.750500 0.057400
vt 0.502700 0.005300
vt 0.626300 0.050400
vt 0.357400 0.000000
vt 0.215100 0.195100
vt 0.447000 0.340900
vt 0.239700 0.315500
vt 0.642100 0.660000
vt 0.705000 0.752200
vt 0.601000 0.730800
vt 0.649600 0.235500
vt 0.567000 0.164200
vt 0.528800 0.345800
vt 0.666800 0.464600
vt 0.757300 0.714200
vt 0.783500 0.768200
vt 0.713600 0.859900
vt 0.402900 1.000000
vt 0.394200 0.973200
vt 0.493600 0.964300
vt 0.263400 0.996800
vt 0.256300 0.934000
vt 0.364600 0.777400
vt 0.251100 0.629000
vt 0.284100 0.553200
vt 0.305100 0.651200
vt 0.550700 0.681400
vt 0.532100 0.980100
vt 0.565600 0.948000
vt 0.202300 0.371500
vt 0.238200 0.482800
vt 0.319100 0.706100
vt 0.712900 0.889300
vt 0.664300 0.960200
vt 0.595100 0.965300
vt 0.031100 1.000000
vt 0.031100 0.000000
vt 0.043400 1.000000
vt 0.043400 0.000000
vt 0.056900 1.000000
vt 0.056900 0.000000
vt 0.084500 1.000000
vt 0.084500 0.000000
vt 0.104100 1.000000
vt 0.104100 0.000000
vt 0.132000 1.000000
vt 0.132000 0.000000
vt 0.142200 1.000000
vt 0.142200 0.000000
vt 0.147600 1.000000
vt 0.147600 0.000000
vt 0.157400 1.000000
vt 0.157400 0.000000
vt 0.173800 1.000000
vt 0.173800 0.000000
vt 0.197700 1.000000
vt 0.197700 0.000000
vt 0.232200 1.000000
vt 0.232200 0.000000
vt 0.364300 1.000000
vt 0.364300 0.000000
vt 0.410400 1.000000
vt 0.410400 0.000000
vt 0.435200 1.000000
vt 0.435200 0.000000
vt 0.461000 1.000000
vt 0.461000 0.000000
vt 0.465000 1.000000
vt 0.465000 0.000000
vt 0.472300 1.000000
vt 0.472300 0.000000
vt 0.477900 1.000000
vt 0.477900 0.000000
vt 0.502000 1.000000
vt 0.502000 0.000000
vt 0.514400 1.000000
vt 0.514400 0.000000
vt 0.523100 1.000000
vt 0.523100 0.000000
vt 0.529700 1.000000
vt 0.529700 0.000000
vt 0.539200 1.000000
vt 0.539200 0.000000
vt 0.548300 1.000000
vt 0.548300 0.000000
vt 0.556500 1.000000
vt 0.556500 0.000000
vt 0.568400 1.000000
vt 0.568400 0.000000
vt 0.581200 1.000000
vt 0.581200 0.000000
vt 0.603900 1.000000
vt 0.603900 0.000000
vt 0.614500 1.000000
vt 0.614500 0.000000
vt 0.624700 1.000000
vt 0.624700 0.000000
vt 0.644300 1.000000
vt 0.644300 0.000000
vt 0.660800 1.000000
vt 0.660800 0.000000
vt 0.679200 1.000000
vt 0.679200 0.000000
vt 0.693300 1.000000
vt 0.693300 0.000000
vt 0.708500 1.000000
vt 0.708500 0.000000
vt 0.726100 1.000000
vt 0.726100 0.000000
vt 0.751700 1.000000
vt 0.751700 0.000000
vt 0.759000 1.000000
vt 0.759000 0.000000
vt 0.776700 1.000000
vt 0.776700 0.000000
vt 0.791300 1.000000
vt 0.791300 0.000000
vt 0.807500 1.000000
vt 0.807500 0.000000
vt 0.841800 1.000000
vt 0.841800 0.000000
vt 0.850100 1.000000
vt 0.850100 0.000000
vt 0.858100 1.000000
vt 0.858100 0.000000
vt 0.876800 1.000000
vt 0.876800 0.000000
vt 0.898500 1.000000
vt 0.898500 0.000000
vt 0.911200 1.000000
vt 0.911200 0.000000
vt 0.928100 1.000000
vt 0.928100 0.000000
vt 0.950900 1.000000
vt 0.950900 0.000000
vt 0.984600 1.000000
vt 0.984600 0.000000
vt 0.745600 0.905400
vt 0.797600 0.819900
vt 0.782200 0.871300
vt 0.812100 0.826200
vt 0.826500 0.982600
vt 0.796300 1.000000
vt 0.710200 0.956900
vt 0.715600 0.985000
vt 0.664900 0.933900
vt 0.671200 0.874500
vt 0.636200 0.853800
vt 0.679000 0.793600
vt 0.649200 0.785100
vt 0.714400 0.701300
vt 0.723100 0.738300
vt 0.022200 0.001300
vt 0.632400 0.000000
vt 0.056000 0.181300
vt 0.669800 0.242200
vt 0.071600 0.307600
vt 0.099700 0.389100
vt 0.847300 0.712000
vt 0.808000 0.732700
vt 0.834000 0.645700
vt 0.726100 0.659200
vt 0.156500 0.963800
vt 0.084600 0.967500
vt 0.172400 0.883700
vt 0.134100 0.423300
vt 0.155200 0.408500
vt 0.174700 0.458000
vt 0.873300 0.360200
vt 0.905800 0.370700
vt 0.862900 0.378300
vt 0.915500 0.398000
vt 0.023900 0.923400
vt 0.000000 0.863800
vt 0.002600 0.791700
vt 0.078100 0.672900
vt 0.326900 0.858900
vt 0.401100 0.772900
vt 0.088900 0.569000
vt 0.479000 0.765800
vt 0.534900 0.745100
vt 0.603900 0.660900
vt 0.748900 0.338100
vt 0.689800 0.650300
vt 0.852500 0.585700
vt 1.000000 0.482100
vt 0.890200 0.588700
vt 0.987800 0.546600
vt 0.928900 0.608200
vt 0.989100 0.593200
vt 0.970900 0.621800
vt 0.317000 0.000000
vt 0.315600 1.000000
vt 0.420200 0.066800
vt 0.439800 0.267300
vt 0.444500 0.315000
vt 0.475000 0.626900
vt 0.407500 0.000500
vt 0.427800 0.218200
vt 0.435700 0.302500
vt 0.439400 0.342600
vt 0.911200 0.072900
vt 0.488200 0.762400
vt 0.413700 0.000500
s 1
usemtl 3d66_Standardmaterial_17342430_129
f 3/1/1 2/2/1 1/3/1
f 4/4/2 3/1/1 1/3/1
f 6/5/3 5/6/4 2/2/5
f 3/1/3 6/5/3 2/2/5
f 8/7/6 7/8/7 5/6/7
f 6/5/6 8/7/6 5/6/7
f 10/9/8 9/10/9 7/8/10
f 8/7/11 10/9/8 7/8/10
f 12/11/12 11/12/12 9/10/12
f 10/9/12 12/11/12 9/10/12
f 14/13/13 13/14/14 11/12/15
f 12/11/16 14/13/13 11/12/15
f 16/15/17 15/16/18 13/14/18
f 14/13/17 16/15/17 13/14/18
f 18/17/19 17/18/20 15/16/21
f 16/15/22 18/17/19 15/16/21
f 20/19/23 19/20/24 17/18/25
f 18/17/26 20/19/23 17/18/25
f 22/21/27 21/22/27 19/20/27
f 20/19/27 22/21/27 19/20/27
f 24/23/28 23/24/29 21/22/30
f 22/21/28 24/23/28 21/22/30
f 26/25/31 25/26/32 23/24/33
f 24/23/34 26/25/31 23/24/33
f 28/27/35 27/28/36 25/26/37
f 26/25/38 28/27/35 25/26/37
f 30/29/39 29/30/40 27/28/41
f 28/27/42 30/29/39 27/28/41
f 32/31/43 31/32/44 29/30/45
f 30/29/46 32/31/43 29/30/45
f 34/33/47 33/34/48 31/32/49
f 32/31/50 34/33/47 31/32/49
f 36/35/51 35/36/52 33/34/51
f 34/33/53 36/35/51 33/34/51
f 38/37/54 37/38/55 35/36/56
f 36/35/54 38/37/54 35/36/56
f 40/39/57 39/40/58 37/38/59
f 38/37/60 40/39/57 37/38/59
f 42/41/61 41/42/62 39/40/63
f 40/39/64 42/41/61 39/40/63
f 44/43/65 43/44/66 41/42/67
f 42/41/68 44/43/65 41/42/67
f 46/45/69 45/46/70 43/44/69
f 44/43/71 46/45/69 43/44/69
f 48/47/72 47/48/73 45/46/74
f 46/45/75 48/47/72 45/46/74
f 50/49/76 49/50/77 47/48/78
f 48/47/79 50/49/76 47/48/78
f 52/51/80 51/52/81 49/50/82
f 50/49/83 52/51/80 49/50/82
f 54/53/84 53/54/85 51/52/86
f 52/51/86 54/53/84 51/52/86
f 56/55/87 55/56/88 53/54/88
f 54/53/89 56/55/87 53/54/88
f 58/57/90 57/58/91 55/56/92
f 56/55/93 58/57/90 55/56/92
f 60/59/94 59/60/95 57/58/96
f 58/57/97 60/59/94 57/58/96
f 62/61/98 61/62/99 59/60/100
f 60/59/101 62/61/98 59/60/100
f 64/63/102 63/64/103 61/62/104
f 62/61/105 64/63/102 61/62/104
f 66/65/106 65/66/107 63/64/108
f 64/63/109 66/65/106 63/64/108
f 68/67/110 67/68/111 65/66/112
f 66/65/113 68/67/110 65/66/112
f 70/69/114 69/70/115 67/68/116
f 68/67/114 70/69/114 67/68/116
f 72/71/117 71/72/118 69/70/119
f 70/69/120 72/71/117 69/70/119
f 74/73/121 73/74/122 71/72/123
f 72/71/124 74/73/121 71/72/123
f 76/75/125 75/76/126 73/74/127
f 74/73/128 76/75/125 73/74/127
f 4/77/129 1/78/130 75/76/131
f 76/75/132 4/77/129 75/76/131
f 79/117/200 78/118/201 77/3/202
f 80/4/203 79/117/200 77/3/202
f 82/119/204 81/120/205 78/118/206
f 79/117/204 82/119/204 78/118/206
f 84/121/207 83/122/208 81/120/208
f 82/119/209 84/121/207 81/120/208
f 86/123/210 85/124/211 83/122/212
f 84/121/210 86/123/210 83/122/212
f 88/125/213 87/126/214 85/124/215
f 86/123/216 88/125/213 85/124/215
f 90/127/217 89/128/218 87/126/219
f 88/125/220 90/127/217 87/126/219
f 92/129/221 91/130/222 89/128/222
f 90/127/223 92/129/221 89/128/222
f 94/131/224 93/132/225 91/130/226
f 92/129/227 94/131/224 91/130/226
f 96/133/228 95/134/229 93/132/230
f 94/131/231 96/133/228 93/132/230
f 98/135/232 97/136/233 95/134/234
f 96/133/232 98/135/232 95/134/234
f 100/137/235 99/138/236 97/136/237
f 98/135/238 100/137/235 97/136/237
f 102/139/239 101/140/240 99/138/241
f 100/137/242 102/139/239 99/138/241
f 104/141/243 103/142/244 101/140/245
f 102/139/246 104/141/243 101/140/245
f 106/143/247 105/144/248 103/142/249
f 104/141/250 106/143/247 103/142/249
f 108/145/251 107/146/252 105/144/253
f 106/143/254 108/145/251 105/144/253
f 110/147/255 109/148/256 107/146/257
f 108/145/258 110/147/255 107/146/257
f 112/149/259 111/150/260 109/148/261
f 110/147/262 112/149/259 109/148/261
f 114/151/263 113/152/264 111/150/264
f 112/149/265 114/151/263 111/150/264
f 116/153/266 115/154/267 113/152/267
f 114/151/268 116/153/266 113/152/267
f 118/155/269 117/156/270 115/154/271
f 116/153/272 118/155/269 115/154/271
f 120/157/273 119/158/274 117/156/275
f 118/155/276 120/157/273 117/156/275
f 122/159/277 121/160/278 119/158/279
f 120/157/280 122/159/277 119/158/279
f 124/161/281 123/162/282 121/160/283
f 122/159/284 124/161/281 121/160/283
f 126/163/285 125/164/286 123/162/287
f 124/161/288 126/163/285 123/162/287
f 128/165/289 127/166/290 125/164/290
f 126/163/291 128/165/289 125/164/290
f 130/167/292 129/168/293 127/166/294
f 128/165/295 130/167/292 127/166/294
f 132/169/296 131/170/297 129/168/297
f 130/167/298 132/169/296 129/168/297
f 134/171/299 133/172/300 131/170/301
f 132/169/302 134/171/299 131/170/301
f 136/173/303 135/174/304 133/172/303
f 134/171/305 136/173/303 133/172/303
f 138/175/306 137/176/307 135/174/308
f 136/173/309 138/175/306 135/174/308
f 140/177/310 139/178/311 137/176/312
f 138/175/310 140/177/310 137/176/312
f 142/179/313 141/180/314 139/178/315
f 140/177/316 142/179/313 139/178/315
f 144/181/317 143/182/318 141/180/319
f 142/179/320 144/181/317 141/180/319
f 146/183/321 145/184/322 143/182/323
f 144/181/324 146/183/321 143/182/323
f 148/185/325 147/186/326 145/184/325
f 146/183/327 148/185/325 145/184/325
f 150/187/328 149/188/329 147/186/329
f 148/185/328 150/187/328 147/186/329
f 152/189/330 151/190/330 149/188/330
f 150/187/331 152/189/330 149/188/330
f 154/191/332 153/192/333 151/190/334
f 152/189/335 154/191/332 151/190/334
f 156/193/336 155/194/336 153/192/336
f 154/191/336 156/193/336 153/192/336
f 158/195/337 157/196/338 155/194/339
f 156/193/340 158/195/337 155/194/339
f 160/197/341 159/198/342 157/196/343
f 158/195/341 160/197/341 157/196/343
f 80/77/344 77/78/345 159/198/346
f 160/197/347 80/77/344 159/198/346
f 245/404/638 244/405/639 243/3/640
f 246/4/641 245/404/638 243/3/640
f 248/406/642 247/407/643 244/405/644
f 245/404/642 248/406/642 244/405/644
f 250/408/645 249/409/646 247/407/647
f 248/406/648 250/408/645 247/407/647
f 252/410/649 251/411/650 249/409/651
f 250/408/652 252/410/649 249/409/651
f 254/412/653 253/413/654 251/411/655
f 252/410/656 254/412/653 251/411/655
f 256/414/657 255/415/658 253/413/657
f 254/412/659 256/414/657 253/413/657
f 258/416/660 257/417/661 255/415/662
f 256/414/663 258/416/660 255/415/662
f 260/418/664 259/419/665 257/417/666
f 258/416/667 260/418/664 257/417/666
f 262/420/668 261/421/669 259/419/670
f 260/418/671 262/420/668 259/419/670
f 264/422/672 263/423/673 261/421/674
f 262/420/675 264/422/672 261/421/674
f 266/424/676 265/425/677 263/423/678
f 264/422/679 266/424/676 263/423/678
f 268/426/680 267/427/681 265/425/682
f 266/424/683 268/426/680 265/425/682
f 270/428/684 269/429/685 267/427/686
f 268/426/687 270/428/684 267/427/686
f 272/430/688 271/431/689 269/429/689
f 270/428/690 272/430/688 269/429/689
f 274/432/691 273/433/692 271/431/692
f 272/430/692 274/432/691 271/431/692
f 276/434/693 275/435/694 273/433/695
f 274/432/696 276/434/693 273/433/695
f 278/436/697 277/437/698 275/435/697
f 276/434/699 278/436/697 275/435/697
f 280/438/700 279/439/701 277/437/702
f 278/436/703 280/438/700 277/437/702
f 282/440/704 281/441/705 279/439/706
f 280/438/707 282/440/704 279/439/706
f 284/442/708 283/443/709 281/441/709
f 282/440/708 284/442/708 281/441/709
f 286/444/710 285/445/711 283/443/712
f 284/442/713 286/444/710 283/443/712
f 288/446/714 287/447/714 285/445/714
f 286/444/714 288/446/714 285/445/714
f 290/448/715 289/449/716 287/447/717
f 288/446/718 290/448/715 287/447/717
f 292/450/719 291/451/720 289/449/721
f 290/448/722 292/450/719 289/449/721
f 294/452/723 293/453/724 291/451/725
f 292/450/723 294/452/723 291/451/725
f 296/454/726 295/455/727 293/453/728
f 294/452/729 296/454/726 293/453/728
f 298/456/730 297/457/731 295/455/732
f 296/454/733 298/456/730 295/455/732
f 246/77/734 243/78/735 297/457/736
f 298/456/737 246/77/734 297/457/736
f 301/486/780 300/487/781 299/3/782
f 302/4/783 301/486/780 299/3/782
f 304/488/784 303/489/785 300/487/786
f 301/486/787 304/488/784 300/487/786
f 306/490/788 305/491/789 303/489/790
f 304/488/791 306/490/788 303/489/790
f 308/492/792 307/493/793 305/491/794
f 306/490/795 308/492/792 305/491/794
f 310/494/796 309/495/797 307/493/798
f 308/492/799 310/494/796 307/493/798
f 312/496/800 311/497/801 309/495/802
f 310/494/803 312/496/800 309/495/802
f 314/498/804 313/499/805 311/497/806
f 312/496/807 314/498/804 311/497/806
f 316/500/808 315/501/808 313/499/808
f 314/498/809 316/500/808 313/499/808
f 318/502/810 317/503/811 315/501/812
f 316/500/813 318/502/810 315/501/812
f 320/504/814 319/505/815 317/503/814
f 318/502/814 320/504/814 317/503/814
f 322/506/816 321/507/817 319/505/817
f 320/504/818 322/506/816 319/505/817
f 324/508/819 323/509/820 321/507/821
f 322/506/822 324/508/819 321/507/821
f 326/510/823 325/511/824 323/509/825
f 324/508/826 326/510/823 323/509/825
f 328/512/827 327/513/828 325/511/829
f 326/510/830 328/512/827 325/511/829
f 330/514/831 329/515/832 327/513/833
f 328/512/834 330/514/831 327/513/833
f 332/516/835 331/517/836 329/515/837
f 330/514/838 332/516/835 329/515/837
f 334/518/839 333/519/840 331/517/841
f 332/516/842 334/518/839 331/517/841
f 336/520/843 335/521/844 333/519/845
f 334/518/846 336/520/843 333/519/845
f 338/522/847 337/523/848 335/521/849
f 336/520/850 338/522/847 335/521/849
f 340/524/851 339/525/852 337/523/853
f 338/522/851 340/524/851 337/523/853
f 342/526/854 341/527/855 339/525/856
f 340/524/857 342/526/854 339/525/856
f 344/528/858 343/529/859 341/527/860
f 342/526/861 344/528/858 341/527/860
f 346/530/862 345/531/863 343/529/862
f 344/528/864 346/530/862 343/529/862
f 348/532/865 347/533/866 345/531/866
f 346/530/867 348/532/865 345/531/866
f 350/534/868 349/535/869 347/533/870
f 348/532/871 350/534/868 347/533/870
f 352/536/872 351/537/873 349/535/874
f 350/534/875 352/536/872 349/535/874
f 354/454/876 353/455/877 351/537/878
f 352/536/877 354/454/876 351/537/878
f 356/538/879 355/539/880 353/455/881
f 354/454/882 356/538/879 353/455/881
f 302/77/883 299/78/884 355/539/885
f 356/538/886 302/77/883 355/539/885
usemtl 3d66_Standardmaterial_17342430_128
f 23/79/133 25/80/134 21/81/135
f 2/82/136 5/83/137 1/84/138
f 63/85/139 65/86/140 61/87/141
f 33/88/142 35/89/143 31/90/144
f 35/89/143 37/91/145 31/90/144
f 13/92/146 15/93/141 11/94/147
f 49/95/148 51/96/149 47/97/150
f 51/96/149 53/98/151 47/97/150
f 75/99/152 1/84/138 73/100/153
f 27/101/154 29/102/155 25/80/134
f 17/103/156 19/104/157 15/93/141
f 5/83/137 7/105/153 1/84/138
f 43/106/158 45/107/159 41/108/148
f 41/108/148 45/107/159 39/109/160
f 39/109/160 45/107/159 37/91/145
f 37/91/145 45/107/159 31/90/144
f 31/90/144 45/107/159 29/102/155
f 29/102/155 45/107/159 25/80/134
f 45/107/159 47/97/150 25/80/134
f 25/80/134 47/97/150 21/81/135
f 47/97/150 53/98/151 21/81/135
f 53/98/151 55/110/161 21/81/135
f 55/110/161 57/111/162 21/81/135
f 21/81/135 57/111/162 19/104/157
f 19/104/157 57/111/162 15/93/141
f 57/111/162 59/112/163 15/93/141
f 15/93/141 59/112/163 11/94/147
f 1/84/138 7/105/153 73/100/153
f 65/86/140 67/113/138 61/87/141
f 67/113/138 69/114/164 61/87/141
f 9/115/165 11/94/147 7/105/153
f 11/94/147 59/112/163 7/105/153
f 7/105/153 59/112/163 73/100/153
f 59/112/163 61/87/141 73/100/153
f 61/87/141 69/114/164 73/100/153
f 73/100/153 69/114/164 71/116/166
f 26/80/167 24/79/168 22/81/169
f 6/83/170 3/82/171 4/84/172
f 66/86/173 64/85/174 62/87/174
f 36/89/175 34/88/176 32/90/177
f 38/91/178 36/89/175 32/90/177
f 16/93/179 14/92/180 12/94/181
f 52/96/182 50/95/179 48/97/183
f 54/98/184 52/96/182 48/97/183
f 4/84/172 76/99/185 74/100/186
f 30/102/187 28/101/188 26/80/167
f 20/104/189 18/103/190 16/93/179
f 8/105/169 6/83/170 4/84/172
f 46/107/170 44/106/191 42/108/192
f 46/107/170 42/108/192 40/109/193
f 46/107/170 40/109/193 38/91/178
f 46/107/170 38/91/178 32/90/177
f 46/107/170 32/90/177 30/102/187
f 46/107/170 30/102/187 26/80/167
f 48/97/183 46/107/170 26/80/167
f 48/97/183 26/80/167 22/81/169
f 54/98/184 48/97/183 22/81/169
f 56/110/194 54/98/184 22/81/169
f 58/111/195 56/110/194 22/81/169
f 58/111/195 22/81/169 20/104/189
f 58/111/195 20/104/189 16/93/179
f 60/112/169 58/111/195 16/93/179
f 60/112/169 16/93/179 12/94/181
f 8/105/169 4/84/172 74/100/186
f 68/113/196 66/86/173 62/87/174
f 70/114/197 68/113/196 62/87/174
f 12/94/181 10/115/198 8/105/169
f 60/112/169 12/94/181 8/105/169
f 60/112/169 8/105/169 74/100/186
f 62/87/174 60/112/169 74/100/186
f 70/114/197 62/87/174 74/100/186
f 70/114/197 74/100/186 72/116/199
usemtl 3d66_Standardmaterial_17342430_130
f 133/199/348 135/200/349 131/201/350
f 119/202/351 121/203/352 117/204/353
f 93/205/354 95/206/355 91/207/356
f 153/208/357 155/209/358 151/210/359
f 127/211/360 129/212/361 125/213/362
f 89/214/363 91/207/356 87/215/363
f 85/216/364 87/215/363 83/217/365
f 117/204/353 121/203/352 115/218/352
f 123/219/366 125/213/362 121/203/352
f 107/220/367 109/221/368 105/222/369
f 155/209/358 157/223/370 151/210/359
f 135/200/349 137/224/371 131/201/350
f 143/225/372 145/226/373 141/227/359
f 145/226/373 147/228/374 141/227/359
f 141/227/359 147/228/374 139/229/374
f 113/230/375 115/218/352 111/231/376
f 101/232/377 103/233/362 99/234/378
f 131/201/350 137/224/371 129/212/361
f 159/235/379 77/236/380 157/223/370
f 77/236/380 78/237/381 157/223/370
f 147/228/374 149/238/382 139/229/374
f 137/224/371 139/229/374 129/212/361
f 129/212/361 139/229/374 125/213/362
f 125/213/362 139/229/374 121/203/352
f 121/203/352 139/229/374 115/218/352
f 139/229/374 149/238/382 115/218/352
f 115/218/352 149/238/382 111/231/376
f 111/231/376 149/238/382 109/221/368
f 109/221/368 149/238/382 105/222/369
f 105/222/369 149/238/382 103/233/362
f 149/238/382 151/210/359 103/233/362
f 103/233/362 151/210/359 99/234/378
f 81/239/383 83/217/365 78/237/381
f 78/237/381 83/217/365 157/223/370
f 157/223/370 83/217/365 151/210/359
f 151/210/359 83/217/365 99/234/378
f 83/217/365 87/215/363 99/234/378
f 87/215/363 91/207/356 99/234/378
f 91/207/356 95/206/355 99/234/378
f 95/206/355 97/240/384 99/234/378
f 136/200/385 134/199/386 132/201/386
f 122/203/387 120/202/388 118/204/389
f 96/206/390 94/205/391 92/207/392
f 156/209/393 154/208/394 152/210/395
f 130/212/396 128/211/397 126/213/398
f 92/207/392 90/214/399 88/215/400
f 88/215/400 86/216/401 84/217/402
f 122/203/387 118/204/389 116/218/403
f 126/213/398 124/219/404 122/203/387
f 110/221/390 108/220/405 106/222/406
f 158/223/407 156/209/393 152/210/395
f 138/224/408 136/200/385 132/201/386
f 146/226/409 144/225/410 142/227/407
f 148/228/411 146/226/409 142/227/407
f 148/228/411 142/227/407 140/229/412
f 116/218/403 114/230/413 112/231/414
f 104/233/415 102/232/416 100/234/411
f 138/224/408 132/201/386 130/212/396
f 80/236/417 160/235/418 158/223/407
f 79/237/419 80/236/417 158/223/407
f 150/238/396 148/228/411 140/229/412
f 140/229/412 138/224/408 130/212/396
f 140/229/412 130/212/396 126/213/398
f 140/229/412 126/213/398 122/203/387
f 140/229/412 122/203/387 116/218/403
f 150/238/396 140/229/412 116/218/403
f 150/238/396 116/218/403 112/231/414
f 150/238/396 112/231/414 110/221/390
f 150/238/396 110/221/390 106/222/406
f 150/238/396 106/222/406 104/233/415
f 152/210/395 150/238/396 104/233/415
f 152/210/395 104/233/415 100/234/411
f 84/217/402 82/239/420 79/237/419
f 84/217/402 79/237/419 158/223/407
f 84/217/402 158/223/407 152/210/395
f 84/217/402 152/210/395 100/234/411
f 88/215/400 84/217/402 100/234/411
f 92/207/392 88/215/400 100/234/411
f 96/206/390 92/207/392 100/234/411
f 98/240/421 96/206/390 100/234/411
usemtl 3d66_Standardmaterial_17342430_132
f 163/241/422 162/242/423 161/243/424
f 164/244/425 163/241/422 161/243/424
f 166/245/426 165/246/427 162/242/428
f 163/241/429 166/245/426 162/242/428
f 168/247/430 167/248/431 165/246/430
f 166/245/432 168/247/430 165/246/430
f 170/249/433 169/250/434 167/248/433
f 168/247/435 170/249/433 167/248/433
f 172/251/436 171/252/437 169/253/438
f 170/254/439 172/251/436 169/253/438
f 174/255/440 173/256/441 171/257/440
f 172/258/442 174/255/440 171/257/440
f 176/259/443 175/260/444 173/256/443
f 174/255/443 176/259/443 173/256/443
f 178/261/445 177/262/446 175/263/447
f 176/264/448 178/261/445 175/263/447
f 180/265/449 179/266/450 177/267/451
f 178/268/452 180/265/449 177/267/451
f 182/269/453 181/270/454 179/266/455
f 180/265/453 182/269/453 179/266/455
f 184/271/456 183/272/457 181/270/456
f 182/269/458 184/271/456 181/270/456
f 186/261/459 185/262/460 183/272/461
f 184/271/462 186/261/459 183/272/461
f 188/273/463 187/274/464 185/275/465
f 186/276/466 188/273/463 185/275/465
f 190/277/467 189/278/468 187/279/469
f 188/280/470 190/277/467 187/279/469
f 192/281/471 191/282/471 189/278/472
f 190/277/473 192/281/471 189/278/472
f 194/283/474 193/284/475 191/285/475
f 192/286/476 194/283/474 191/285/475
f 196/287/477 195/288/478 193/289/477
f 194/290/477 196/287/477 193/289/477
f 198/261/479 197/262/480 195/291/481
f 196/292/482 198/261/479 195/291/481
f 200/293/483 199/294/484 197/295/485
f 198/296/483 200/293/483 197/295/485
f 202/297/486 201/298/487 199/299/488
f 200/300/489 202/297/486 199/299/488
f 204/301/490 203/302/491 201/303/492
f 202/304/493 204/301/490 201/303/492
f 206/305/494 205/306/495 203/302/496
f 204/301/497 206/305/494 203/302/496
f 208/307/498 207/308/499 205/309/500
f 206/310/501 208/307/498 205/309/500
f 210/311/502 209/312/503 207/313/504
f 208/314/505 210/311/502 207/313/504
f 212/315/506 211/316/507 209/317/508
f 210/318/509 212/315/506 209/317/508
f 214/319/510 213/320/511 211/321/511
f 212/322/512 214/319/510 211/321/511
f 216/323/513 215/324/514 213/325/515
f 214/326/516 216/323/513 213/325/515
f 218/327/517 217/328/518 215/329/518
f 216/330/519 218/327/517 215/329/518
f 220/314/520 219/313/521 217/331/522
f 218/332/523 220/314/520 217/331/522
f 222/333/524 221/334/525 219/313/526
f 220/314/527 222/333/524 219/313/526
f 224/335/528 223/336/529 221/334/530
f 222/333/531 224/335/528 221/334/530
f 226/337/532 225/338/533 223/339/534
f 224/340/535 226/337/532 223/339/534
f 228/341/536 227/342/537 225/343/538
f 226/344/539 228/341/536 225/343/538
f 230/345/540 229/346/541 227/342/541
f 228/341/542 230/345/540 227/342/541
f 232/347/543 231/348/543 229/346/543
f 230/345/543 232/347/543 229/346/543
f 234/349/544 233/350/545 231/348/546
f 232/347/547 234/349/544 231/348/546
f 236/351/548 235/352/548 233/350/549
f 234/349/548 236/351/548 233/350/549
f 238/353/550 237/354/551 235/355/552
f 236/356/553 238/353/550 235/355/552
f 240/357/554 239/358/555 237/354/556
f 238/353/557 240/357/554 237/354/556
f 242/359/558 241/360/559 239/358/560
f 240/357/561 242/359/558 239/358/560
f 164/244/562 161/243/563 241/361/564
f 242/362/565 164/244/562 241/361/564
f 359/568/937 358/569/938 357/570/939
f 360/571/940 359/568/937 357/570/939
f 362/572/941 361/573/942 358/569/942
f 359/568/943 362/572/941 358/569/942
f 364/574/944 363/575/945 361/573/946
f 362/572/944 364/574/944 361/573/946
f 366/576/947 365/577/948 363/575/947
f 364/574/949 366/576/947 363/575/947
f 368/578/950 367/579/951 365/577/952
f 366/576/953 368/578/950 365/577/952
f 370/580/954 369/581/954 367/582/954
f 368/583/955 370/580/954 367/582/954
f 372/584/956 371/585/957 369/586/957
f 370/587/958 372/584/956 369/586/957
f 374/588/959 373/589/960 371/585/961
f 372/584/962 374/588/959 371/585/961
f 376/590/963 375/591/964 373/589/963
f 374/588/965 376/590/963 373/589/963
f 378/592/966 377/593/967 375/591/968
f 376/590/969 378/592/966 375/591/968
f 380/594/970 379/595/971 377/596/972
f 378/597/973 380/594/970 377/596/972
f 382/598/974 381/599/975 379/600/976
f 380/601/977 382/598/974 379/600/976
f 384/602/978 383/603/979 381/604/980
f 382/605/978 384/602/978 381/604/980
f 386/606/981 385/607/982 383/608/983
f 384/609/984 386/606/981 383/608/983
f 388/610/985 387/611/986 385/612/987
f 386/613/988 388/610/985 385/612/987
f 390/614/989 389/615/990 387/616/986
f 388/617/985 390/614/989 387/616/986
f 392/618/991 391/619/992 389/615/990
f 390/614/989 392/618/991 389/615/990
f 394/620/993 393/621/994 391/619/992
f 392/618/991 394/620/993 391/619/992
f 396/622/995 395/623/996 393/621/994
f 394/620/993 396/622/995 393/621/994
f 398/624/997 397/625/998 395/623/996
f 396/622/995 398/624/997 395/623/996
f 400/626/999 399/627/1000 397/625/998
f 398/624/997 400/626/999 397/625/998
f 402/628/1001 401/629/1002 399/627/1000
f 400/626/999 402/628/1001 399/627/1000
f 404/630/1003 403/631/1004 401/629/1002
f 402/628/1001 404/630/1003 401/629/1002
f 406/632/1005 405/633/1006 403/631/1004
f 404/630/1003 406/632/1005 403/631/1004
f 408/634/1007 407/635/1008 405/633/1006
f 406/632/1005 408/634/1007 405/633/1006
f 410/636/1009 409/637/1010 407/635/1008
f 408/634/1007 410/636/1009 407/635/1008
f 412/638/1011 411/639/1012 409/637/1010
f 410/636/1009 412/638/1011 409/637/1010
f 414/640/1013 413/641/1014 411/639/1012
f 412/638/1011 414/640/1013 411/639/1012
f 416/261/1015 415/262/1013 413/641/1014
f 414/640/1013 416/261/1015 413/641/1014
f 418/642/1016 417/643/1017 415/644/1018
f 416/645/1019 418/642/1016 415/644/1018
f 420/646/1020 419/647/1021 417/648/1022
f 418/649/1023 420/646/1020 417/648/1022
f 422/650/1024 421/651/1025 419/647/1026
f 420/646/1027 422/650/1024 419/647/1026
f 424/652/1028 423/653/1029 421/651/1030
f 422/650/1031 424/652/1028 421/651/1030
f 426/654/1032 425/655/1033 423/653/1034
f 424/652/1032 426/654/1032 423/653/1034
f 428/656/1035 427/657/1036 425/655/1037
f 426/654/1038 428/656/1035 425/655/1037
f 430/658/1039 429/659/1040 427/660/1041
f 428/661/1042 430/658/1039 427/660/1041
f 432/662/1043 431/663/1044 429/664/1045
f 430/665/1046 432/662/1043 429/664/1045
f 434/261/1047 433/262/1048 431/666/1048
f 432/667/1049 434/261/1047 431/666/1048
f 436/668/1050 435/669/1051 433/670/1050
f 434/671/1052 436/668/1050 433/670/1050
f 438/672/1053 437/673/1054 435/669/1055
f 436/668/1056 438/672/1053 435/669/1055
f 440/674/1057 439/675/1058 437/676/1058
f 438/677/1057 440/674/1057 437/676/1058
f 442/678/1059 441/679/1060 439/680/1061
f 440/681/1062 442/678/1059 439/680/1061
f 444/682/1063 443/683/1064 441/684/1065
f 442/685/1066 444/682/1063 441/684/1065
f 446/686/1067 445/687/1068 443/688/1069
f 444/689/1070 446/686/1067 443/688/1069
f 448/261/1071 447/262/1072 445/690/1071
f 446/691/1073 448/261/1071 445/690/1071
f 360/571/1074 357/570/1075 447/692/1076
f 448/693/1077 360/571/1074 447/692/1076
f 451/740/1161 450/741/1162 449/742/1163
f 452/743/1164 451/740/1161 449/742/1163
f 454/744/1165 453/745/1166 450/741/1167
f 451/740/1168 454/744/1165 450/741/1167
f 456/746/1169 455/747/1170 453/745/1171
f 454/744/1172 456/746/1169 453/745/1171
f 458/748/1173 457/749/1174 455/750/1175
f 456/751/1176 458/748/1173 455/750/1175
f 460/752/1177 459/753/1178 457/328/1179
f 458/327/1180 460/752/1177 457/328/1179
f 462/754/1181 461/755/1181 459/753/1181
f 460/752/1182 462/754/1181 459/753/1181
f 464/756/1183 463/757/1184 461/755/1185
f 462/754/1186 464/756/1183 461/755/1185
f 466/758/1187 465/759/1188 463/757/1189
f 464/756/1190 466/758/1187 463/757/1189
f 468/760/1191 467/761/1192 465/759/1191
f 466/758/1191 468/760/1191 465/759/1191
f 470/261/1193 469/262/1194 467/761/1195
f 468/760/1196 470/261/1193 467/761/1195
f 472/762/1197 471/763/1198 469/692/1199
f 470/693/1200 472/762/1197 469/692/1199
f 474/764/1201 473/765/1201 471/692/1202
f 472/693/1203 474/764/1201 471/692/1202
f 476/766/1204 475/767/1205 473/768/1206
f 474/769/1207 476/766/1204 473/768/1206
f 478/770/1208 477/771/1209 475/772/1210
f 476/773/1211 478/770/1208 475/772/1210
f 480/774/1212 479/775/1213 477/771/1213
f 478/770/1213 480/774/1212 477/771/1213
f 482/776/1214 481/777/1215 479/778/1216
f 480/779/1217 482/776/1214 479/778/1216
f 484/261/1218 483/262/1219 481/780/1220
f 482/781/1221 484/261/1218 481/780/1220
f 486/782/1222 485/783/1223 483/692/1222
f 484/693/1224 486/782/1222 483/692/1222
f 488/784/1225 487/785/1226 485/786/1227
f 486/787/1228 488/784/1225 485/786/1227
f 490/788/1229 489/789/1230 487/785/1229
f 488/784/1229 490/788/1229 487/785/1229
f 492/790/1231 491/791/1232 489/789/1233
f 490/788/1234 492/790/1231 489/789/1233
f 494/792/1235 493/793/1236 491/791/1237
f 492/790/1238 494/792/1235 491/791/1237
f 496/794/1239 495/795/1240 493/796/1241
f 494/797/1242 496/794/1239 493/796/1241
f 498/798/1243 497/799/1244 495/800/1245
f 496/801/1246 498/798/1243 495/800/1245
f 500/618/1247 499/619/1248 497/802/1249
f 498/803/1250 500/618/1247 497/802/1249
f 502/804/1251 501/805/1252 499/806/1252
f 500/807/1253 502/804/1251 499/806/1252
f 504/808/1254 503/809/1255 501/805/1256
f 502/804/1257 504/808/1254 501/805/1256
f 506/810/1258 505/811/1259 503/809/1260
f 504/808/1261 506/810/1258 503/809/1260
f 508/812/1262 507/813/1263 505/811/1264
f 506/810/1265 508/812/1262 505/811/1264
f 510/814/1266 509/815/1267 507/816/1268
f 508/817/1269 510/814/1266 507/816/1268
f 512/818/1270 511/819/1271 509/815/1272
f 510/814/1273 512/818/1270 509/815/1272
f 514/820/1274 513/821/1275 511/822/1276
f 512/823/1277 514/820/1274 511/822/1276
f 516/824/1278 515/825/1279 513/826/1279
f 514/827/1280 516/824/1278 513/826/1279
f 518/828/1281 517/829/1282 515/825/1283
f 516/824/1284 518/828/1281 515/825/1283
f 520/830/1285 519/831/1286 517/692/1287
f 518/693/1288 520/830/1285 517/692/1287
f 522/832/1289 521/833/1290 519/834/1290
f 520/835/1289 522/832/1289 519/834/1290
f 452/743/1291 449/742/1292 521/836/1293
f 522/837/1294 452/743/1291 521/836/1293
usemtl 3d66_Standardmaterial_17342430_131
f 193/363/566 195/364/567 191/365/568
f 209/366/569 211/367/570 207/368/571
f 197/369/572 199/370/573 195/364/567
f 199/370/573 201/371/574 195/364/567
f 241/372/575 161/373/373 239/374/576
f 195/364/567 201/371/574 191/365/568
f 187/375/577 189/376/578 185/377/579
f 189/376/578 191/365/568 185/377/579
f 175/378/580 177/379/367 173/380/581
f 177/379/367 179/381/582 173/380/581
f 173/380/581 179/381/582 171/382/583
f 179/381/582 181/383/584 171/382/583
f 235/384/585 237/385/586 233/386/587
f 237/385/586 239/374/576 233/386/587
f 239/374/576 161/373/373 233/386/587
f 185/377/579 191/365/568 183/387/588
f 183/387/588 191/365/568 181/383/584
f 181/383/584 191/365/568 171/382/583
f 171/382/583 191/365/568 169/388/589
f 191/365/568 201/371/574 169/388/589
f 225/389/590 227/390/591 223/391/592
f 233/386/587 161/373/373 231/392/593
f 161/373/373 162/393/594 231/392/593
f 162/393/594 165/394/383 231/392/593
f 231/392/593 165/394/383 229/395/348
f 229/395/348 165/394/383 227/390/591
f 227/390/591 165/394/383 223/391/592
f 165/394/383 167/396/595 223/391/592
f 223/391/592 167/396/595 221/397/596
f 167/396/595 169/388/589 221/397/596
f 221/397/596 169/388/589 219/398/597
f 219/398/597 169/388/589 217/399/598
f 169/388/589 201/371/574 217/399/598
f 217/399/598 201/371/574 215/400/599
f 215/400/599 201/371/574 213/401/600
f 213/401/600 201/371/574 211/367/570
f 211/367/570 201/371/574 207/368/571
f 201/371/574 203/402/601 207/368/571
f 203/402/601 205/403/602 207/368/571
f 196/364/603 194/363/604 192/365/605
f 212/367/606 210/366/607 208/368/608
f 200/370/609 198/369/610 196/364/603
f 202/371/611 200/370/609 196/364/603
f 164/373/612 242/372/613 240/374/614
f 202/371/611 196/364/603 192/365/605
f 190/376/605 188/375/615 186/377/616
f 192/365/605 190/376/605 186/377/616
f 178/379/617 176/378/618 174/380/616
f 180/381/619 178/379/617 174/380/616
f 180/381/619 174/380/616 172/382/620
f 182/383/621 180/381/619 172/382/620
f 238/385/622 236/384/623 234/386/624
f 240/374/614 238/385/622 234/386/624
f 164/373/612 240/374/614 234/386/624
f 192/365/605 186/377/616 184/387/621
f 192/365/605 184/387/621 182/383/621
f 192/365/605 182/383/621 172/382/620
f 192/365/605 172/382/620 170/388/625
f 202/371/611 192/365/605 170/388/625
f 228/390/626 226/389/627 224/391/628
f 164/373/612 234/386/624 232/392/614
f 163/393/629 164/373/612 232/392/614
f 166/394/613 163/393/629 232/392/614
f 166/394/613 232/392/614 230/395/630
f 166/394/613 230/395/630 228/390/626
f 166/394/613 228/390/626 224/391/628
f 168/396/631 166/394/613 224/391/628
f 168/396/631 224/391/628 222/397/632
f 170/388/625 168/396/631 222/397/632
f 170/388/625 222/397/632 220/398/631
f 170/388/625 220/398/631 218/399/633
f 202/371/611 170/388/625 218/399/633
f 202/371/611 218/399/633 216/400/634
f 202/371/611 216/400/634 214/401/635
f 202/371/611 214/401/635 212/367/606
f 202/371/611 212/367/606 208/368/608
f 204/402/636 202/371/611 208/368/608
f 206/403/637 204/402/636 208/368/608
usemtl 3d66_Standardmaterial_17342430_133
f 279/458/738 281/459/739 277/460/739
f 281/459/739 283/461/740 277/460/739
f 277/460/739 283/461/740 275/462/741
f 283/461/740 285/463/742 275/462/741
f 259/464/743 261/465/744 257/466/745
f 261/465/744 263/467/746 257/466/745
f 293/468/747 295/469/748 291/470/749
f 243/471/750 244/472/751 297/473/751
f 285/463/742 287/474/752 275/462/741
f 297/473/751 244/472/751 295/469/748
f 269/475/753 271/476/754 267/477/746
f 271/476/754 273/478/753 267/477/746
f 267/477/746 273/478/753 265/479/746
f 265/479/746 273/478/753 263/467/746
f 263/467/746 273/478/753 257/466/745
f 257/466/745 273/478/753 255/480/755
f 273/478/753 275/462/741 255/480/755
f 275/462/741 287/474/752 255/480/755
f 287/474/752 289/481/756 255/480/755
f 255/480/755 289/481/756 253/482/757
f 253/482/757 289/481/756 251/483/756
f 289/481/756 291/470/749 251/483/756
f 251/483/756 291/470/749 249/484/738
f 291/470/749 295/469/748 249/484/738
f 295/469/748 244/472/751 249/484/738
f 249/484/738 244/472/751 247/485/758
f 282/459/759 280/458/760 278/460/761
f 284/461/759 282/459/759 278/460/761
f 284/461/759 278/460/761 276/462/760
f 286/463/762 284/461/759 276/462/760
f 262/465/763 260/464/764 258/466/765
f 264/467/766 262/465/763 258/466/765
f 296/469/767 294/468/767 292/470/768
f 245/472/769 246/471/770 298/473/771
f 288/474/772 286/463/762 276/462/760
f 245/472/769 298/473/771 296/469/767
f 272/476/773 270/475/760 268/477/774
f 274/478/773 272/476/773 268/477/774
f 274/478/773 268/477/774 266/479/775
f 274/478/773 266/479/775 264/467/766
f 274/478/773 264/467/766 258/466/765
f 274/478/773 258/466/765 256/480/776
f 276/462/760 274/478/773 256/480/776
f 288/474/772 276/462/760 256/480/776
f 290/481/759 288/474/772 256/480/776
f 290/481/759 256/480/776 254/482/777
f 290/481/759 254/482/777 252/483/760
f 292/470/768 290/481/759 252/483/760
f 292/470/768 252/483/760 250/484/778
f 296/469/767 292/470/768 250/484/778
f 245/472/769 296/469/767 250/484/778
f 245/472/769 250/484/778 248/485/779
usemtl 3d66_Standardmaterial_17342430_134
f 327/540/887 329/541/888 325/3/889
f 303/542/890 305/543/891 300/544/892
f 321/545/893 323/546/894 319/547/895
f 325/3/889 329/541/888 323/546/894
f 323/546/894 329/541/888 319/547/895
f 319/547/895 329/541/888 317/548/892
f 329/541/888 331/549/896 317/548/892
f 317/548/892 331/549/896 315/550/897
f 333/551/898 335/552/899 331/549/896
f 335/552/899 337/553/896 331/549/896
f 307/554/900 309/555/901 305/543/891
f 309/555/901 311/556/902 305/543/891
f 331/549/896 337/553/896 315/550/897
f 337/553/896 339/557/903 315/550/897
f 339/557/903 341/558/904 315/550/897
f 341/558/904 343/559/905 315/550/897
f 315/550/897 343/559/905 313/560/906
f 343/559/905 345/561/907 313/560/906
f 313/560/906 345/561/907 311/556/902
f 345/561/907 347/562/908 311/556/902
f 311/556/902 347/562/908 305/543/891
f 305/543/891 347/562/908 300/544/892
f 300/544/892 347/562/908 299/563/909
f 299/563/909 347/562/908 355/564/891
f 347/562/908 349/565/910 355/564/891
f 349/565/910 351/566/911 355/564/891
f 355/564/891 351/566/911 353/567/912
f 330/541/913 328/540/914 326/3/915
f 306/543/916 304/542/917 301/544/918
f 324/546/919 322/545/920 320/547/921
f 330/541/913 326/3/915 324/546/919
f 330/541/913 324/546/919 320/547/921
f 330/541/913 320/547/921 318/548/922
f 332/549/923 330/541/913 318/548/922
f 332/549/923 318/548/922 316/550/913
f 336/552/924 334/551/925 332/549/923
f 338/553/926 336/552/924 332/549/923
f 310/555/927 308/554/928 306/543/916
f 312/556/929 310/555/927 306/543/916
f 338/553/926 332/549/923 316/550/913
f 340/557/930 338/553/926 316/550/913
f 342/558/931 340/557/930 316/550/913
f 344/559/932 342/558/931 316/550/913
f 344/559/932 316/550/913 314/560/933
f 346/561/914 344/559/932 314/560/933
f 346/561/914 314/560/933 312/556/929
f 348/562/914 346/561/914 312/556/929
f 348/562/914 312/556/929 306/543/916
f 348/562/914 306/543/916 301/544/918
f 348/562/914 301/544/918 302/563/934
f 348/562/914 302/563/934 356/564/935
f 350/565/936 348/562/914 356/564/935
f 352/566/927 350/565/936 356/564/935
f 352/566/927 356/564/935 354/567/930
usemtl 3d66_Standardmaterial_17342430_135
f 379/694/1078 381/695/1079 377/696/1080
f 381/695/1079 383/697/1081 377/696/1080
f 417/698/1082 419/699/1083 415/700/1084
f 415/700/1084 419/699/1083 413/701/1085
f 413/701/1085 419/699/1083 411/702/1086
f 411/702/1086 419/699/1083 409/703/1087
f 409/703/1087 419/699/1083 407/704/1088
f 407/704/1088 419/699/1083 405/705/1089
f 405/705/1089 419/699/1083 403/706/1090
f 429/707/1091 431/708/1092 427/709/1093
f 403/706/1090 419/699/1083 401/710/1094
f 447/711/1095 357/712/1096 445/713/1097
f 401/710/1094 419/699/1083 399/714/1098
f 377/696/1080 383/697/1081 375/715/1099
f 399/714/1098 419/699/1083 397/716/1100
f 357/712/1096 358/717/1101 445/713/1097
f 419/699/1083 421/718/1102 397/716/1100
f 397/716/1100 421/718/1102 395/719/1103
f 395/719/1103 421/718/1102 393/720/1104
f 393/720/1104 421/718/1102 391/721/1105
f 369/722/1106 371/723/1107 367/724/1108
f 371/723/1107 373/725/1109 367/724/1108
f 391/721/1105 421/718/1102 389/726/1099
f 421/718/1102 423/727/1110 389/726/1099
f 389/726/1099 423/727/1110 387/728/1111
f 423/727/1110 425/729/1112 387/728/1111
f 375/715/1099 383/697/1081 373/725/1109
f 373/725/1109 383/697/1081 367/724/1108
f 383/697/1081 385/730/1093 367/724/1108
f 367/724/1108 385/730/1093 365/731/1105
f 385/730/1093 387/728/1111 365/731/1105
f 387/728/1111 425/729/1112 365/731/1105
f 365/731/1105 425/729/1112 363/732/1110
f 425/729/1112 427/709/1093 363/732/1110
f 363/732/1110 427/709/1093 361/733/1113
f 361/733/1113 427/709/1093 358/717/1101
f 358/717/1101 427/709/1093 445/713/1097
f 427/709/1093 431/708/1092 445/713/1097
f 445/713/1097 431/708/1092 443/734/1114
f 443/734/1114 431/708/1092 441/735/1115
f 431/708/1092 433/736/1096 441/735/1115
f 433/736/1096 435/737/1116 441/735/1115
f 435/737/1116 437/738/1117 441/735/1115
f 441/735/1115 437/738/1117 439/739/1118
f 382/695/1119 380/694/1120 378/696/1121
f 384/697/1122 382/695/1119 378/696/1121
f 420/699/1123 418/698/1124 416/700/1125
f 420/699/1123 416/700/1125 414/701/1126
f 420/699/1123 414/701/1126 412/702/1127
f 420/699/1123 412/702/1127 410/703/1128
f 420/699/1123 410/703/1128 408/704/1129
f 420/699/1123 408/704/1129 406/705/1130
f 420/699/1123 406/705/1130 404/706/1131
f 432/708/1132 430/707/1133 428/709/1123
f 420/699/1123 404/706/1131 402/710/1134
f 360/712/1135 448/711/1136 446/713/1137
f 420/699/1123 402/710/1134 400/714/1138
f 384/697/1122 378/696/1121 376/715/1139
f 420/699/1123 400/714/1138 398/716/1140
f 359/717/1141 360/712/1135 446/713/1137
f 422/718/1142 420/699/1123 398/716/1140
f 422/718/1142 398/716/1140 396/719/1143
f 422/718/1142 396/719/1143 394/720/1144
f 422/718/1142 394/720/1144 392/721/1145
f 372/723/1146 370/722/1147 368/724/1148
f 374/725/1149 372/723/1146 368/724/1148
f 422/718/1142 392/721/1145 390/726/1150
f 424/727/1151 422/718/1142 390/726/1150
f 424/727/1151 390/726/1150 388/728/1152
f 426/729/1121 424/727/1151 388/728/1152
f 384/697/1122 376/715/1139 374/725/1149
f 384/697/1122 374/725/1149 368/724/1148
f 386/730/1153 384/697/1122 368/724/1148
f 386/730/1153 368/724/1148 366/731/1154
f 388/728/1152 386/730/1153 366/731/1154
f 426/729/1121 388/728/1152 366/731/1154
f 426/729/1121 366/731/1154 364/732/1154
f 428/709/1123 426/729/1121 364/732/1154
f 428/709/1123 364/732/1154 362/733/1155
f 428/709/1123 362/733/1155 359/717/1141
f 428/709/1123 359/717/1141 446/713/1137
f 432/708/1132 428/709/1123 446/713/1137
f 432/708/1132 446/713/1137 444/734/1156
f 432/708/1132 444/734/1156 442/735/1157
f 434/736/1120 432/708/1132 442/735/1157
f 436/737/1158 434/736/1120 442/735/1157
f 438/738/1159 436/737/1158 442/735/1157
f 438/738/1159 442/735/1157 440/739/1160
usemtl 3d66_Standardmaterial_17342430_136
f 483/838/1295 485/839/1296 481/840/1297
f 481/840/1297 485/839/1296 479/841/1298
f 469/3/1299 471/842/1300 467/843/1301
f 471/842/1300 473/844/1302 467/843/1301
f 467/843/1301 473/844/1302 465/845/1299
f 495/846/1303 497/847/1299 493/848/1300
f 485/839/1296 487/849/1304 479/841/1298
f 479/841/1298 487/849/1304 477/850/1305
f 477/850/1305 487/849/1304 475/851/1306
f 487/849/1304 489/852/1307 475/851/1306
f 499/853/1308 501/854/1309 497/847/1299
f 501/854/1309 503/855/1310 497/847/1299
f 517/856/1311 519/857/1312 515/858/1313
f 521/859/1314 449/860/1315 519/857/1312
f 449/860/1315 450/861/1316 519/857/1312
f 519/857/1312 450/861/1316 515/858/1313
f 457/862/1317 459/863/1318 455/864/1319
f 497/847/1299 503/855/1310 493/848/1300
f 489/852/1307 491/865/1320 475/851/1306
f 475/851/1306 491/865/1320 473/844/1302
f 513/866/1321 515/858/1313 511/867/1322
f 515/858/1313 450/861/1316 511/867/1322
f 473/844/1302 491/865/1320 465/845/1299
f 465/845/1299 491/865/1320 463/868/1323
f 463/868/1323 491/865/1320 461/869/1324
f 461/869/1324 491/865/1320 459/863/1318
f 459/863/1318 491/865/1320 455/864/1319
f 455/864/1319 491/865/1320 453/870/1319
f 453/870/1319 491/865/1320 450/861/1316
f 450/861/1316 491/865/1320 511/867/1322
f 491/865/1320 493/848/1300 511/867/1322
f 493/848/1300 503/855/1310 511/867/1322
f 503/855/1310 505/871/1325 511/867/1322
f 505/871/1325 507/872/1326 511/867/1322
f 507/872/1326 509/873/1327 511/867/1322
f 486/839/1328 484/838/1329 482/840/1330
f 486/839/1328 482/840/1330 480/841/1331
f 472/842/1332 470/3/1333 468/843/1334
f 474/844/1334 472/842/1332 468/843/1334
f 474/844/1334 468/843/1334 466/845/1335
f 498/847/1336 496/846/1337 494/848/1338
f 488/849/1339 486/839/1328 480/841/1331
f 488/849/1339 480/841/1331 478/850/1340
f 488/849/1339 478/850/1340 476/851/1341
f 490/852/1341 488/849/1339 476/851/1341
f 502/854/1342 500/853/1343 498/847/1336
f 504/855/1344 502/854/1342 498/847/1336
f 520/857/1345 518/856/1346 516/858/1347
f 452/860/1348 522/859/1349 520/857/1345
f 451/861/1334 452/860/1348 520/857/1345
f 451/861/1334 520/857/1345 516/858/1347
f 460/863/1350 458/862/1351 456/864/1352
f 504/855/1344 498/847/1336 494/848/1338
f 492/865/1334 490/852/1341 476/851/1341
f 492/865/1334 476/851/1341 474/844/1334
f 516/858/1347 514/866/1353 512/867/1354
f 451/861/1334 516/858/1347 512/867/1354
f 492/865/1334 474/844/1334 466/845/1335
f 492/865/1334 466/845/1335 464/868/1348
f 492/865/1334 464/868/1348 462/869/1355
f 492/865/1334 462/869/1355 460/863/1350
f 492/865/1334 460/863/1350 456/864/1352
f 492/865/1334 456/864/1352 454/870/1335
f 492/865/1334 454/870/1335 451/861/1334
f 492/865/1334 451/861/1334 512/867/1354
f 494/848/1338 492/865/1334 512/867/1354
f 504/855/1344 494/848/1338 512/867/1354
f 506/871/1356 504/855/1344 512/867/1354
f 508/872/1357 506/871/1356 512/867/1354
f 510/873/1358 508/872/1357 512/867/1354
usemtl 3d66_Standardmaterial_17342430_138
f 525/404/1359 524/405/1360 523/3/1361
f 526/4/1362 525/404/1359 523/3/1361
f 528/874/1363 527/875/1364 524/405/1365
f 525/404/1366 528/874/1363 524/405/1365
f 530/876/1367 529/877/1368 527/875/1367
f 528/874/1367 530/876/1367 527/875/1367
f 532/878/1369 531/879/1369 529/877/1369
f 530/876/1369 532/878/1369 529/877/1369
f 534/880/1370 533/881/1371 531/879/1370
f 532/878/1372 534/880/1370 531/879/1370
f 536/882/1373 535/883/1374 533/881/1375
f 534/880/1373 536/882/1373 533/881/1375
f 538/884/1376 537/885/1377 535/883/1376
f 536/882/1378 538/884/1376 535/883/1376
f 540/886/1379 539/887/1380 537/885/1380
f 538/884/1379 540/886/1379 537/885/1380
f 542/888/1381 541/889/1382 539/887/1383
f 540/886/1384 542/888/1381 539/887/1383
f 544/890/1385 543/891/1386 541/889/1387
f 542/888/1388 544/890/1385 541/889/1387
f 546/892/1389 545/893/1389 543/891/1389
f 544/890/1389 546/892/1389 543/891/1389
f 548/894/1390 547/895/1391 545/893/1392
f 546/892/1390 548/894/1390 545/893/1392
f 550/896/1393 549/897/1394 547/895/1394
f 548/894/1393 550/896/1393 547/895/1394
f 552/898/1395 551/899/1396 549/897/1397
f 550/896/1398 552/898/1395 549/897/1397
f 554/900/1399 553/901/1400 551/899/1399
f 552/898/1399 554/900/1399 551/899/1399
f 556/902/1401 555/903/1402 553/901/1403
f 554/900/1404 556/902/1401 553/901/1403
f 558/904/1405 557/905/1406 555/903/1407
f 556/902/1408 558/904/1405 555/903/1407
f 560/906/1409 559/907/1410 557/905/1411
f 558/904/1409 560/906/1409 557/905/1411
f 562/908/1412 561/909/1413 559/907/1414
f 560/906/1415 562/908/1412 559/907/1414
f 564/910/1416 563/911/1417 561/909/1417
f 562/908/1418 564/910/1416 561/909/1417
f 566/912/1419 565/913/1420 563/911/1421
f 564/910/1422 566/912/1419 563/911/1421
f 568/914/1423 567/915/1423 565/913/1423
f 566/912/1423 568/914/1423 565/913/1423
f 570/916/1424 569/917/1424 567/915/1424
f 568/914/1424 570/916/1424 567/915/1424
f 572/918/1425 571/919/1426 569/917/1427
f 570/916/1428 572/918/1425 569/917/1427
f 574/920/1429 573/921/1430 571/919/1431
f 572/918/1432 574/920/1429 571/919/1431
f 576/922/1433 575/923/1434 573/921/1435
f 574/920/1436 576/922/1433 573/921/1435
f 578/924/1437 577/925/1438 575/923/1439
f 576/922/1440 578/924/1437 575/923/1439
f 580/926/1441 579/927/1442 577/925/1442
f 578/924/1441 580/926/1441 577/925/1442
f 582/928/1443 581/929/1444 579/927/1443
f 580/926/1445 582/928/1443 579/927/1443
f 584/930/1446 583/931/1447 581/929/1447
f 582/928/1448 584/930/1446 581/929/1447
f 586/932/1449 585/933/1450 583/931/1451
f 584/930/1452 586/932/1449 583/931/1451
f 588/934/1453 587/935/1454 585/933/1455
f 586/932/1456 588/934/1453 585/933/1455
f 590/936/1457 589/937/1458 587/935/1459
f 588/934/1460 590/936/1457 587/935/1459
f 592/938/1461 591/939/1462 589/937/1463
f 590/936/1463 592/938/1461 589/937/1463
f 594/940/1464 593/941/1465 591/939/1466
f 592/938/1467 594/940/1464 591/939/1466
f 596/942/1468 595/943/1469 593/941/1470
f 594/940/1471 596/942/1468 593/941/1470
f 598/944/1472 597/945/1473 595/943/1474
f 596/942/1475 598/944/1472 595/943/1474
f 600/946/1476 599/947/1476 597/945/1477
f 598/944/1478 600/946/1476 597/945/1477
f 602/948/1479 601/949/1480 599/947/1481
f 600/946/1482 602/948/1479 599/947/1481
f 604/950/1483 603/951/1484 601/949/1485
f 602/948/1486 604/950/1483 601/949/1485
f 606/952/1487 605/953/1487 603/951/1488
f 604/950/1489 606/952/1487 603/951/1488
f 608/954/1490 607/955/1490 605/953/1491
f 606/952/1492 608/954/1490 605/953/1491
f 610/956/1493 609/957/1493 607/955/1494
f 608/954/1495 610/956/1493 607/955/1494
f 612/59/1496 611/60/1497 609/957/1498
f 610/956/1499 612/59/1496 609/957/1498
f 614/958/1500 613/959/1501 611/60/1502
f 612/59/1503 614/958/1500 611/60/1502
f 616/960/1504 615/961/1505 613/959/1506
f 614/958/1507 616/960/1504 613/959/1506
f 618/962/1508 617/963/1509 615/961/1510
f 616/960/1511 618/962/1508 615/961/1510
f 620/964/1512 619/965/1513 617/963/1514
f 618/962/1515 620/964/1512 617/963/1514
f 622/966/1516 621/967/1517 619/965/1518
f 620/964/1519 622/966/1516 619/965/1518
f 624/968/1520 623/969/1521 621/967/1522
f 622/966/1523 624/968/1520 621/967/1522
f 626/970/1524 625/971/1525 623/969/1526
f 624/968/1527 626/970/1524 623/969/1526
f 628/972/1528 627/973/1529 625/971/1530
f 626/970/1528 628/972/1528 625/971/1530
f 630/974/1531 629/975/1532 627/973/1531
f 628/972/1533 630/974/1531 627/973/1531
f 526/77/1534 523/78/1535 629/975/1535
f 630/974/1536 526/77/1534 629/975/1535
usemtl 3d66_Standardmaterial_17342430_137
f 587/976/1537 589/977/1538 585/978/1539
f 585/978/1539 589/977/1538 583/979/1540
f 601/980/1541 603/981/1541 599/982/1542
f 603/981/1541 605/983/1543 599/982/1542
f 605/983/1543 607/984/1544 599/982/1542
f 599/982/1542 607/984/1544 597/985/1537
f 607/984/1544 609/986/1545 597/985/1537
f 597/985/1537 609/986/1545 595/987/1546
f 609/986/1545 611/988/1547 595/987/1546
f 611/988/1547 613/989/1548 595/987/1546
f 595/987/1546 613/989/1548 593/990/1549
f 549/991/1550 551/992/1550 547/993/1550
f 551/992/1550 553/994/1551 547/993/1550
f 547/993/1550 553/994/1551 545/995/1551
f 545/995/1551 553/994/1551 543/996/1550
f 583/979/1540 589/977/1538 581/997/1552
f 589/977/1538 591/998/1553 581/997/1552
f 581/997/1552 591/998/1553 579/999/1554
f 593/990/1549 613/989/1548 591/998/1553
f 613/989/1548 615/1000/1555 591/998/1553
f 591/998/1553 615/1000/1555 579/999/1554
f 523/1001/1556 524/1002/1557 629/1003/1558
f 541/1004/1559 543/996/1550 539/1005/1560
f 543/996/1550 553/994/1551 539/1005/1560
f 539/1005/1560 553/994/1551 537/1006/1551
f 559/1007/1561 561/1008/1545 557/1009/1562
f 561/1008/1545 563/1010/1539 557/1009/1562
f 524/1002/1557 527/1011/1558 629/1003/1558
f 527/1011/1558 529/1012/1563 629/1003/1558
f 529/1012/1563 531/1013/1563 629/1003/1558
f 531/1013/1563 533/1014/1564 629/1003/1558
f 629/1003/1558 533/1014/1564 627/1015/1564
f 627/1015/1564 533/1014/1564 625/1016/1563
f 533/1014/1564 535/1017/1558 625/1016/1563
f 535/1017/1558 537/1006/1551 625/1016/1563
f 537/1006/1551 553/994/1551 625/1016/1563
f 625/1016/1563 553/994/1551 623/1018/1563
f 623/1018/1563 553/994/1551 621/1019/1565
f 621/1019/1565 553/994/1551 619/1020/1547
f 553/994/1551 555/1021/1547 619/1020/1547
f 619/1020/1547 555/1021/1547 617/1022/1537
f 555/1021/1547 557/1009/1562 617/1022/1537
f 617/1022/1537 557/1009/1562 615/1000/1555
f 615/1000/1555 557/1009/1562 579/999/1554
f 579/999/1554 557/1009/1562 577/1023/1561
f 557/1009/1562 563/1010/1539 577/1023/1561
f 563/1010/1539 565/1024/1566 577/1023/1561
f 577/1023/1561 565/1024/1566 575/1025/1567
f 565/1024/1566 567/1026/1566 575/1025/1567
f 575/1025/1567 567/1026/1566 573/1027/1568
f 567/1026/1566 569/1028/1569 573/1027/1568
f 573/1027/1568 569/1028/1569 571/1029/1570
f 590/977/1571 588/976/1572 586/978/1573
f 590/977/1571 586/978/1573 584/979/1571
f 604/981/1574 602/980/1575 600/982/1576
f 606/983/1577 604/981/1574 600/982/1576
f 608/984/1578 606/983/1577 600/982/1576
f 608/984/1578 600/982/1576 598/985/1579
f 610/986/1580 608/984/1578 598/985/1579
f 610/986/1580 598/985/1579 596/987/1581
f 612/988/1582 610/986/1580 596/987/1581
f 614/989/1583 612/988/1582 596/987/1581
f 614/989/1583 596/987/1581 594/990/1584
f 552/992/1585 550/991/1586 548/993/1585
f 554/994/1587 552/992/1585 548/993/1585
f 554/994/1587 548/993/1585 546/995/1587
f 554/994/1587 546/995/1587 544/996/1585
f 590/977/1571 584/979/1571 582/997/1588
f 592/998/1589 590/977/1571 582/997/1588
f 592/998/1589 582/997/1588 580/999/1590
f 614/989/1583 594/990/1584 592/998/1589
f 616/1000/1591 614/989/1583 592/998/1589
f 616/1000/1591 592/998/1589 580/999/1590
f 525/1002/1585 526/1001/1592 630/1003/1593
f 544/996/1585 542/1004/1594 540/1005/1586
f 554/994/1587 544/996/1585 540/1005/1586
f 554/994/1587 540/1005/1586 538/1006/1587
f 562/1008/1595 560/1007/1596 558/1009/1597
f 564/1010/1598 562/1008/1595 558/1009/1597
f 528/1011/1585 525/1002/1585 630/1003/1593
f 530/1012/1587 528/1011/1585 630/1003/1593
f 532/1013/1587 530/1012/1587 630/1003/1593
f 534/1014/1599 532/1013/1587 630/1003/1593
f 534/1014/1599 630/1003/1593 628/1015/1593
f 534/1014/1599 628/1015/1593 626/1016/1587
f 536/1017/1585 534/1014/1599 626/1016/1587
f 538/1006/1587 536/1017/1585 626/1016/1587
f 554/994/1587 538/1006/1587 626/1016/1587
f 554/994/1587 626/1016/1587 624/1018/1587
f 554/994/1587 624/1018/1587 622/1019/1592
f 554/994/1587 622/1019/1592 620/1020/1592
f 556/1021/1574 554/994/1587 620/1020/1592
f 556/1021/1574 620/1020/1592 618/1022/1600
f 558/1009/1597 556/1021/1574 618/1022/1600
f 558/1009/1597 618/1022/1600 616/1000/1591
f 558/1009/1597 616/1000/1591 580/999/1590
f 558/1009/1597 580/999/1590 578/1023/1601
f 564/1010/1598 558/1009/1597 578/1023/1601
f 566/1024/1571 564/1010/1598 578/1023/1601
f 566/1024/1571 578/1023/1601 576/1025/1602
f 568/1026/1603 566/1024/1571 576/1025/1602
f 568/1026/1603 576/1025/1602 574/1027/1604
f 570/1028/1592 568/1026/1603 574/1027/1604
f 570/1028/1592 574/1027/1604 572/1029/1605
usemtl 3d66_Standardmaterial_17342430_127
f 633/405/1606 632/404/1607 631/3/1606
f 632/404/1607 634/4/1607 631/3/1606
f 636/875/1608 635/874/1609 633/405/1608
f 635/874/1609 632/404/1609 633/405/1608
f 638/877/1610 637/876/1611 636/875/1610
f 637/876/1611 635/874/1611 636/875/1610
f 640/879/1612 639/878/1613 638/877/1614
f 639/878/1613 637/876/1613 638/877/1614
f 642/881/1615 641/880/1616 640/879/1615
f 641/880/1616 639/878/1616 640/879/1615
f 644/883/1617 643/882/1618 642/881/1617
f 643/882/1618 641/880/1618 642/881/1617
f 646/885/1619 645/884/1619 644/883/1619
f 645/884/1619 643/882/1619 644/883/1619
f 648/887/1620 647/886/1621 646/885/1621
f 647/886/1621 645/884/1621 646/885/1621
f 650/889/1622 649/888/1623 648/887/1624
f 649/888/1623 647/886/1623 648/887/1624
f 652/891/1625 651/890/1625 650/889/1625
f 651/890/1625 649/888/1625 650/889/1625
f 654/893/1626 653/892/1627 652/891/1626
f 653/892/1627 651/890/1627 652/891/1626
f 656/895/1628 655/894/1629 654/893/1628
f 655/894/1629 653/892/1629 654/893/1628
f 658/897/1630 657/896/1631 656/895/1630
f 657/896/1631 655/894/1632 656/895/1630
f 660/1030/1633 659/898/1633 658/897/1633
f 659/898/1633 661/1031/1634 658/897/1633
f 664/901/1635 663/900/1636 662/899/1636
f 663/900/1636 659/898/1637 662/899/1636
f 666/903/1638 665/902/1639 664/901/1638
f 665/902/1639 663/900/1639 664/901/1638
f 668/905/1640 667/904/1641 666/903/1640
f 667/904/1641 665/902/1641 666/903/1640
f 670/907/1642 669/906/1643 668/905/1644
f 669/906/1643 667/904/1645 668/905/1644
f 672/909/1646 671/908/1647 670/907/1646
f 671/908/1647 669/906/1647 670/907/1646
f 674/911/1648 673/910/1649 672/909/1648
f 673/910/1649 671/908/1650 672/909/1648
f 676/913/1651 675/912/1652 674/911/1652
f 675/912/1652 673/910/1653 674/911/1652
f 678/915/1654 677/914/1655 676/913/1656
f 677/914/1655 675/912/1657 676/913/1656
f 680/917/1658 679/916/1659 678/915/1660
f 679/916/1659 677/914/1659 678/915/1660
f 682/919/1661 681/918/1662 680/917/1663
f 681/918/1662 679/916/1664 680/917/1663
f 684/921/1665 683/920/1665 682/919/1665
f 683/920/1665 681/918/1665 682/919/1665
f 686/923/1666 685/922/1666 684/921/1667
f 685/922/1666 683/920/1666 684/921/1667
f 688/925/1668 687/924/1669 686/923/1669
f 687/924/1669 685/922/1669 686/923/1669
f 690/927/1670 689/926/1671 688/925/1670
f 689/926/1671 687/924/1671 688/925/1670
f 691/928/1672 689/926/1672 690/927/1672
f 694/961/1673 693/960/1673 692/959/1673
f 696/963/1674 695/962/1675 694/961/1674
f 695/962/1675 693/960/1675 694/961/1674
f 698/965/1676 697/964/1676 696/963/1676
f 697/964/1676 695/962/1676 696/963/1676
f 700/967/1677 699/966/1677 698/965/1677
f 699/966/1677 697/964/1677 698/965/1677
f 701/968/1678 699/966/1678 700/967/1678
f 704/971/1679 703/970/1680 702/969/1681
f 706/973/1682 705/972/1682 704/971/1682
f 705/972/1682 703/970/1682 704/971/1682
f 708/975/1683 707/974/1683 706/973/1683
f 707/974/1683 705/972/1683 706/973/1683
f 631/78/1684 634/77/1684 708/975/1684
f 634/77/1684 707/974/1685 708/975/1684
f 702/1040/1678 701/968/1678 700/967/1678
f 703/970/1680 701/968/1770 702/1040/1681
f 662/899/1633 659/898/1633 660/1030/1633
f 661/1031/1634 657/896/1634 658/897/1633
usemtl 3d66_Standardmaterial_17342430_126
f 709/1032/1686 658/991/1687 656/993/1688
f 664/994/1689 662/992/1690 709/1032/1686
f 710/1033/1691 656/993/1688 654/995/1692
f 710/1033/1691 654/995/1692 652/996/1693
f 694/1000/1694 692/989/1695 691/998/1696
f 694/1000/1694 691/998/1696 690/999/1697
f 633/1002/1698 631/1001/1699 708/1003/1700
f 652/996/1693 650/1004/1701 648/1005/1702
f 711/1034/1703 652/996/1693 648/1005/1702
f 711/1034/1703 648/1005/1702 646/1006/1704
f 672/1008/1705 670/1007/1706 668/1009/1707
f 674/1010/1708 672/1008/1705 668/1009/1707
f 636/1011/1709 633/1002/1698 708/1003/1700
f 638/1012/1710 636/1011/1709 708/1003/1700
f 640/1013/1711 638/1012/1710 708/1003/1700
f 642/1014/1712 640/1013/1711 708/1003/1700
f 642/1014/1712 708/1003/1700 706/1015/1713
f 642/1014/1712 706/1015/1713 704/1016/1714
f 644/1017/1715 642/1014/1712 704/1016/1714
f 646/1006/1704 644/1017/1715 704/1016/1714
f 712/1035/1716 646/1006/1704 704/1016/1714
f 712/1035/1716 704/1016/1714 702/1018/1717
f 664/994/1689 700/1019/1718 698/1020/1719
f 666/1021/1720 664/994/1689 698/1020/1719
f 666/1021/1720 698/1020/1719 696/1022/1721
f 668/1009/1707 666/1021/1720 696/1022/1721
f 668/1009/1707 696/1022/1721 694/1000/1694
f 668/1009/1707 694/1000/1694 690/999/1697
f 668/1009/1707 690/999/1697 688/1023/1722
f 674/1010/1708 668/1009/1707 688/1023/1722
f 676/1024/1723 674/1010/1708 688/1023/1722
f 676/1024/1723 688/1023/1722 686/1025/1724
f 678/1026/1725 676/1024/1723 686/1025/1724
f 678/1026/1725 686/1025/1724 684/1027/1726
f 680/1028/1727 678/1026/1725 684/1027/1726
f 680/1028/1727 684/1027/1726 682/1029/1728
f 657/991/1729 661/1036/1730 655/993/1731
f 659/992/1732 663/994/1733 713/1037/1734
f 655/993/1731 713/1037/1734 653/995/1735
f 713/1037/1734 663/994/1733 714/1038/1736
f 692/989/1695 693/1000/1737 691/998/1696
f 691/998/1696 693/1000/1737 689/999/1738
f 634/1001/1739 632/1002/1740 707/1003/1741
f 649/1004/1742 651/996/1743 647/1005/1744
f 651/996/1743 714/1038/1736 647/1005/1744
f 714/1038/1736 663/994/1733 715/1039/1745
f 669/1007/1746 671/1008/1747 667/1009/1748
f 671/1008/1747 673/1010/1749 667/1009/1748
f 632/1002/1740 635/1011/1750 707/1003/1741
f 635/1011/1750 637/1012/1751 707/1003/1741
f 637/1012/1751 639/1013/1752 707/1003/1741
f 639/1013/1752 641/1014/1753 707/1003/1741
f 707/1003/1741 641/1014/1753 705/1015/1754
f 705/1015/1754 641/1014/1753 703/1016/1755
f 641/1014/1753 643/1017/1756 703/1016/1755
f 643/1017/1756 645/1006/1757 703/1016/1755
f 645/1006/1757 715/1039/1745 703/1016/1755
f 715/1039/1745 663/994/1733 701/1018/1758
f 701/1018/1758 663/994/1733 699/1019/1759
f 699/1019/1759 663/994/1733 697/1020/1760
f 663/994/1733 665/1021/1761 697/1020/1760
f 697/1020/1760 665/1021/1761 695/1022/1762
f 665/1021/1761 667/1009/1748 695/1022/1762
f 695/1022/1762 667/1009/1748 693/1000/1737
f 693/1000/1737 667/1009/1748 689/999/1738
f 689/999/1738 667/1009/1748 687/1023/1763
f 667/1009/1748 673/1010/1749 687/1023/1763
f 673/1010/1749 675/1024/1764 687/1023/1763
f 687/1023/1763 675/1024/1764 685/1025/1765
f 675/1024/1764 677/1026/1766 685/1025/1765
f 685/1025/1765 677/1026/1766 683/1027/1767
f 677/1026/1766 679/1028/1768 683/1027/1767
f 683/1027/1767 679/1028/1768 681/1029/1769
f 664/994/1689 702/1041/1717 700/1019/1718
f 664/994/1689 712/1035/1716 702/1041/1717
f 711/1034/1703 646/1006/1704 712/1035/1716
f 664/994/1689 711/1034/1703 712/1035/1716
f 710/1033/1691 652/996/1693 711/1034/1703
f 664/994/1689 710/1033/1691 711/1034/1703
f 709/1032/1686 656/993/1688 710/1033/1691
f 664/994/1689 709/1032/1686 710/1033/1691
f 660/1042/1771 658/991/1687 709/1032/1686
f 662/992/1690 660/1042/1771 709/1032/1686
f 703/1016/1755 715/1039/1745 701/1018/1758
f 647/1005/1744 715/1039/1745 645/1006/1757
f 647/1005/1744 714/1038/1736 715/1039/1745
f 653/995/1735 714/1038/1736 651/996/1743
f 653/995/1735 713/1037/1734 714/1038/1736
f 659/992/1732 713/1037/1734 661/1036/1730
f 661/1036/1730 713/1037/1734 655/993/1731
