# Blender 4.3.2
# www.blender.org
mtllib 兽3.mtl
o 兽3
v 0.186941 0.160240 1.586757
v 0.189966 0.160106 1.585821
v 0.153037 0.153347 1.574885
v 0.154750 0.154348 1.577224
v 0.192590 0.161019 1.584750
v 0.151359 0.153473 1.572541
v 0.193583 0.162276 1.584049
v 0.150585 0.154406 1.571317
v 0.193331 0.163797 1.583583
v 0.150528 0.155963 1.570907
v 0.189689 0.166313 1.583694
v 0.152367 0.159481 1.572642
v 0.189006 0.168504 1.583108
v 0.152483 0.161818 1.572293
v 0.185134 0.170898 1.583468
v 0.154421 0.165275 1.574373
v 0.185816 0.171920 1.582852
v 0.153912 0.166079 1.573405
v 0.186740 0.171592 1.582674
v 0.153418 0.165491 1.572807
v 0.188144 0.172291 1.581986
v 0.152507 0.165766 1.571433
v 0.189220 0.173997 1.581059
v 0.151644 0.167118 1.569933
v 0.189666 0.176652 1.579984
v 0.151026 0.169577 1.568542
v 0.190913 0.180451 1.578336
v 0.149733 0.172911 1.566142
v 0.174952 0.180854 1.583701
v 0.161235 0.180200 1.585277
v 0.158810 0.177845 1.578761
v 0.168952 0.181613 1.587562
v 0.169136 0.176776 1.590124
v 0.161152 0.175314 1.587761
v 0.167959 0.175173 1.592427
v 0.161303 0.173955 1.590456
v 0.166339 0.174980 1.595142
v 0.161157 0.174031 1.593608
v 0.166145 0.175419 1.595239
v 0.161126 0.174500 1.593753
v 0.165788 0.175403 1.596040
v 0.160981 0.174523 1.594617
v 0.165768 0.174897 1.596457
v 0.160924 0.174011 1.595023
v 0.165231 0.173711 1.599012
v 0.160340 0.172816 1.597565
v 0.165512 0.172278 1.599193
v 0.160458 0.171353 1.597697
v 0.165627 0.171312 1.599557
v 0.160471 0.170368 1.598031
v 0.165861 0.170589 1.599339
v 0.160627 0.169631 1.597790
v 0.166243 0.170596 1.598282
v 0.160891 0.169617 1.596697
v 0.166635 0.170757 1.597276
v 0.161073 0.169739 1.595629
v 0.167117 0.170591 1.596426
v 0.161207 0.169510 1.594677
v 0.167542 0.169228 1.596457
v 0.161287 0.168083 1.594605
v 0.164336 0.167776 1.595273
v 0.165143 0.167251 1.593880
v 0.169369 0.168362 1.594301
v 0.161314 0.166887 1.591916
v 0.170049 0.168369 1.593510
v 0.161216 0.166752 1.590895
v 0.171948 0.167765 1.591924
v 0.160814 0.165727 1.588628
v 0.173869 0.165731 1.591251
v 0.160368 0.163260 1.587252
v 0.159840 0.162246 1.585786
v 0.175304 0.165152 1.590473
v 0.177773 0.164719 1.589131
v 0.158888 0.161263 1.583539
v 0.180381 0.162727 1.588538
v 0.157892 0.158611 1.581879
v 0.186150 0.161947 1.586422
v 0.154964 0.156239 1.577188
v 0.175008 0.179499 1.584307
v 0.175138 0.175393 1.586129
v 0.175160 0.174415 1.586560
v 0.175207 0.168000 1.589347
v 0.158980 0.173386 1.580723
v 0.159070 0.171662 1.581490
v 0.159118 0.170844 1.581856
v 0.103481 0.249543 1.746552
v 0.106915 0.249427 1.747578
v 0.103595 0.248863 1.746602
v 0.106802 0.250107 1.747528
v 0.107158 0.249732 1.746498
v 0.103837 0.249167 1.745522
v 0.107163 0.250471 1.745984
v 0.103842 0.249906 1.745008
v 0.107457 0.251015 1.744559
v 0.104135 0.250449 1.743584
v 0.107300 0.252002 1.744458
v 0.103979 0.251436 1.743483
v 0.107587 0.252072 1.743381
v 0.104264 0.251505 1.742407
v 0.107493 0.252474 1.743447
v 0.104171 0.251908 1.742473
v 0.107777 0.252816 1.742194
v 0.104455 0.252249 1.741220
v 0.107682 0.253255 1.742244
v 0.104359 0.252688 1.741270
v 0.107725 0.254500 1.741249
v 0.104402 0.253933 1.740276
v 0.107910 0.254566 1.740541
v 0.104586 0.253997 1.739567
v 0.107823 0.254855 1.740657
v 0.104500 0.254287 1.739683
v 0.108205 0.255353 1.738952
v 0.104880 0.254784 1.737979
v 0.108128 0.255690 1.738998
v 0.104805 0.255121 1.738025
v 0.108192 0.256137 1.738469
v 0.104868 0.255568 1.737496
v 0.108705 0.255266 1.737212
v 0.105381 0.254696 1.736240
v 0.108619 0.256913 1.736413
v 0.105294 0.256343 1.735441
v 0.108404 0.257505 1.736786
v 0.105080 0.256936 1.735814
v 0.108472 0.258049 1.736176
v 0.105148 0.257479 1.735205
v 0.108327 0.258700 1.736260
v 0.105002 0.258130 1.735287
v 0.107079 0.260539 1.739502
v 0.103757 0.259971 1.738529
v 0.106898 0.258677 1.741408
v 0.103576 0.258110 1.740434
v 0.106731 0.258506 1.742123
v 0.103410 0.257940 1.741149
v 0.106865 0.260799 1.740095
v 0.103543 0.260232 1.739123
v 0.106263 0.261747 1.741620
v 0.102942 0.261181 1.740646
v 0.106121 0.258003 1.744657
v 0.102801 0.257439 1.743682
v 0.106253 0.256728 1.745038
v 0.102933 0.256164 1.744063
v 0.106643 0.255097 1.744735
v 0.103323 0.254532 1.743761
v 0.106551 0.254137 1.745714
v 0.103231 0.253572 1.744738
v 0.106277 0.254015 1.746781
v 0.102958 0.253451 1.745806
v 0.106119 0.254620 1.746940
v 0.102800 0.254057 1.745965
v 0.105737 0.253234 1.749253
v 0.102419 0.252672 1.748276
v 0.105847 0.252516 1.749338
v 0.102529 0.251954 1.748361
v 0.105995 0.252265 1.748975
v 0.102677 0.251703 1.747999
v 0.106077 0.251860 1.748953
v 0.102759 0.251297 1.747977
v 0.106371 0.251384 1.748215
v 0.103052 0.250820 1.747239
v 0.106688 0.249968 1.748030
v 0.103368 0.249404 1.747054
v 0.097142 0.258756 1.761349
v 0.100482 0.258974 1.761795
v 0.097334 0.258454 1.760859
v 0.100290 0.259277 1.762286
v 0.100621 0.258329 1.761727
v 0.097473 0.257808 1.760791
v 0.100832 0.258126 1.761107
v 0.097682 0.257604 1.760170
v 0.100803 0.257932 1.761339
v 0.097654 0.257411 1.760402
v 0.101109 0.257464 1.760550
v 0.097959 0.256943 1.759614
v 0.101227 0.256875 1.760523
v 0.098076 0.256353 1.759586
v 0.101321 0.257122 1.760019
v 0.098170 0.256599 1.759082
v 0.101564 0.256264 1.759720
v 0.098412 0.255741 1.758784
v 0.101597 0.257286 1.758924
v 0.098444 0.256763 1.757988
v 0.101711 0.258032 1.758016
v 0.098558 0.257509 1.757081
v 0.101620 0.258704 1.757896
v 0.098468 0.258181 1.756961
v 0.101921 0.258829 1.756733
v 0.098768 0.258305 1.755798
v 0.101851 0.259198 1.756740
v 0.098697 0.258674 1.755805
v 0.101975 0.259658 1.755987
v 0.098822 0.259134 1.755052
v 0.102196 0.259863 1.755060
v 0.099042 0.259337 1.754125
v 0.102068 0.260347 1.755196
v 0.098914 0.259822 1.754262
v 0.102058 0.261180 1.754681
v 0.098903 0.260655 1.753747
v 0.102324 0.261059 1.753808
v 0.099169 0.260532 1.752874
v 0.102257 0.261586 1.753696
v 0.099102 0.261060 1.752762
v 0.102766 0.262033 1.751574
v 0.099610 0.261505 1.750641
v 0.102843 0.262561 1.750953
v 0.099685 0.262033 1.750019
v 0.102576 0.262689 1.751822
v 0.099419 0.262162 1.750889
v 0.102786 0.263605 1.750461
v 0.099628 0.263077 1.749527
v 0.102647 0.263926 1.750744
v 0.099490 0.263399 1.749811
v 0.102765 0.264985 1.749620
v 0.099607 0.264457 1.748687
v 0.102586 0.265205 1.750117
v 0.099428 0.264676 1.749183
v 0.102573 0.265694 1.749834
v 0.099416 0.265166 1.748901
v 0.102929 0.265579 1.748636
v 0.099770 0.265050 1.747703
v 0.101882 0.266980 1.751454
v 0.098727 0.266454 1.750521
v 0.101877 0.266631 1.751707
v 0.098722 0.266104 1.750774
v 0.101399 0.264575 1.754786
v 0.098246 0.264051 1.753852
v 0.101231 0.265307 1.754901
v 0.098078 0.264783 1.753966
v 0.101274 0.267405 1.753352
v 0.098120 0.266880 1.752419
v 0.100729 0.268181 1.754791
v 0.097577 0.267656 1.753857
v 0.100613 0.264170 1.757875
v 0.097462 0.263647 1.756939
v 0.100973 0.261828 1.758138
v 0.097822 0.261305 1.757202
v 0.100726 0.260537 1.759885
v 0.097576 0.260016 1.758949
v 0.100547 0.261585 1.759828
v 0.097398 0.261063 1.758891
v 0.100416 0.261083 1.760631
v 0.097267 0.260562 1.759694
v 0.100418 0.260085 1.761287
v 0.097270 0.259564 1.760350
v 0.100222 0.260208 1.761907
v 0.097075 0.259688 1.760970
v 0.086178 0.274575 1.793360
v 0.087830 0.275149 1.793482
v 0.086221 0.274894 1.792994
v 0.087786 0.274829 1.793847
v 0.087745 0.276128 1.793134
v 0.086137 0.275873 1.792646
v 0.087818 0.276811 1.792424
v 0.086208 0.276556 1.791936
v 0.087727 0.278407 1.791690
v 0.086117 0.278151 1.791202
v 0.087827 0.278259 1.791431
v 0.086217 0.278003 1.790943
v 0.088219 0.276393 1.791269
v 0.086608 0.276137 1.790780
v 0.088395 0.275642 1.791140
v 0.086784 0.275386 1.790652
v 0.088737 0.275699 1.789882
v 0.087124 0.275443 1.789394
v 0.088640 0.278113 1.788632
v 0.087026 0.277856 1.788143
v 0.088517 0.278575 1.788764
v 0.086904 0.278318 1.788276
v 0.088475 0.281016 1.787294
v 0.086862 0.280759 1.786806
v 0.088342 0.281513 1.787439
v 0.086729 0.281255 1.786951
v 0.086167 0.283814 1.793659
v 0.084562 0.283560 1.793171
v 0.086131 0.282883 1.794402
v 0.084527 0.282629 1.793914
v 0.086353 0.281058 1.794824
v 0.084748 0.280805 1.794336
v 0.086103 0.281605 1.795350
v 0.084499 0.281351 1.794862
v 0.086110 0.280894 1.795798
v 0.084506 0.280641 1.795310
v 0.085927 0.281050 1.796343
v 0.084325 0.280797 1.795856
v 0.085985 0.280582 1.796450
v 0.084382 0.280329 1.795962
v 0.086336 0.279679 1.795801
v 0.084731 0.279426 1.795314
v 0.086301 0.279426 1.796090
v 0.084698 0.279173 1.795603
v 0.086366 0.279088 1.796086
v 0.084762 0.278835 1.795598
v 0.086470 0.278904 1.795838
v 0.084865 0.278651 1.795349
v 0.086563 0.278493 1.795775
v 0.084959 0.278240 1.795288
v 0.086634 0.278659 1.795413
v 0.085029 0.278405 1.794924
v 0.086770 0.278734 1.794878
v 0.085165 0.278480 1.794391
v 0.086808 0.279178 1.794451
v 0.085202 0.278924 1.793962
v 0.086971 0.279034 1.793966
v 0.085365 0.278780 1.793479
v 0.087161 0.278142 1.793882
v 0.085553 0.277888 1.793394
v 0.087162 0.277766 1.794127
v 0.085555 0.277512 1.793639
v 0.087356 0.276696 1.794144
v 0.085749 0.276442 1.793656
v 0.087267 0.276664 1.794486
v 0.085660 0.276410 1.793998
v 0.087279 0.276372 1.794634
v 0.085672 0.276118 1.794145
v 0.087232 0.276124 1.794965
v 0.085626 0.275870 1.794477
v 0.087290 0.275648 1.795074
v 0.085683 0.275395 1.794587
v 0.087457 0.274978 1.794925
v 0.085850 0.274724 1.794437
v 0.087431 0.274804 1.795131
v 0.085824 0.274550 1.794643
v 0.087529 0.274508 1.794980
v 0.085922 0.274254 1.794492
v 0.087744 0.274331 1.794330
v 0.086135 0.274076 1.793842
v 0.087879 0.274422 1.793789
v 0.086270 0.274167 1.793300
v 0.113881 0.237239 1.721261
v 0.117609 0.237442 1.721675
v 0.114125 0.236836 1.720660
v 0.117365 0.237844 1.722275
v 0.117787 0.236807 1.721464
v 0.114303 0.236201 1.720449
v 0.118321 0.236183 1.719978
v 0.114837 0.235576 1.718965
v 0.118534 0.235771 1.719495
v 0.115050 0.235164 1.718482
v 0.119119 0.236895 1.716655
v 0.115635 0.236286 1.715643
v 0.119281 0.239375 1.714414
v 0.115798 0.238765 1.713402
v 0.120002 0.241246 1.710595
v 0.116519 0.240634 1.709584
v 0.120392 0.240404 1.709771
v 0.116910 0.239792 1.708761
v 0.120439 0.241039 1.709182
v 0.116956 0.240427 1.708171
v 0.120138 0.243012 1.708929
v 0.116655 0.242400 1.707919
v 0.120144 0.243671 1.708465
v 0.116661 0.243059 1.707455
v 0.119912 0.244779 1.708545
v 0.116429 0.244167 1.707534
v 0.118784 0.246483 1.711418
v 0.115300 0.245873 1.710407
v 0.118611 0.245873 1.712444
v 0.115127 0.245263 1.711432
v 0.118698 0.244362 1.713146
v 0.115215 0.243753 1.712135
v 0.118447 0.244004 1.714280
v 0.114963 0.243395 1.713268
v 0.118457 0.246141 1.712814
v 0.114972 0.245532 1.711802
v 0.118567 0.246861 1.711935
v 0.115083 0.246251 1.710924
v 0.117892 0.247821 1.713699
v 0.114408 0.247213 1.712687
v 0.117881 0.246746 1.714458
v 0.114397 0.246138 1.713446
v 0.117672 0.243351 1.717484
v 0.114188 0.242744 1.716471
v 0.118065 0.241364 1.717412
v 0.114581 0.240757 1.716400
v 0.118237 0.239825 1.717830
v 0.114754 0.239218 1.716817
v 0.117999 0.239156 1.719131
v 0.114515 0.238549 1.718118
v 0.117743 0.239828 1.719594
v 0.114259 0.239221 1.718581
v 0.117596 0.239176 1.720557
v 0.114112 0.238570 1.719542
v 0.117358 0.238728 1.721705
v 0.113874 0.238123 1.720691
v 0.108315 0.243085 1.734660
v 0.112527 0.243372 1.734190
v 0.108791 0.242748 1.733130
v 0.112051 0.243709 1.735721
v 0.112676 0.242750 1.734058
v 0.108940 0.242126 1.732998
v 0.112769 0.243093 1.733486
v 0.109032 0.242467 1.732425
v 0.112962 0.242805 1.732969
v 0.109225 0.242179 1.731908
v 0.112974 0.243403 1.732519
v 0.109237 0.242778 1.731459
v 0.112827 0.243702 1.732860
v 0.109090 0.243077 1.731800
v 0.113084 0.244640 1.731284
v 0.109346 0.244014 1.730225
v 0.113330 0.246780 1.728933
v 0.109593 0.246152 1.727875
v 0.113787 0.247369 1.726855
v 0.110049 0.246741 1.725797
v 0.114249 0.249192 1.723928
v 0.110510 0.248562 1.722871
v 0.114496 0.248147 1.723719
v 0.110757 0.247517 1.722662
v 0.114668 0.248737 1.722688
v 0.110930 0.248107 1.721632
v 0.114708 0.250576 1.721305
v 0.110969 0.249945 1.720250
v 0.112592 0.253793 1.726936
v 0.108855 0.253166 1.725879
v 0.112676 0.253123 1.727078
v 0.108938 0.252495 1.726020
v 0.112469 0.252238 1.728437
v 0.108732 0.251611 1.727379
v 0.112472 0.254015 1.727230
v 0.108735 0.253388 1.726173
v 0.112113 0.254534 1.728206
v 0.108376 0.253908 1.727148
v 0.111991 0.252556 1.729989
v 0.108254 0.251931 1.728931
v 0.111823 0.251338 1.731431
v 0.108086 0.250712 1.730371
v 0.111912 0.249907 1.732062
v 0.108176 0.249282 1.731003
v 0.112173 0.248423 1.732098
v 0.108437 0.247798 1.731038
v 0.112129 0.247338 1.732992
v 0.108393 0.246713 1.731931
v 0.111788 0.246863 1.734571
v 0.108052 0.246240 1.733510
v 0.111480 0.246788 1.735760
v 0.107745 0.246165 1.734699
v 0.111349 0.246194 1.736643
v 0.107614 0.245572 1.735581
v 0.111436 0.245262 1.736950
v 0.107701 0.244639 1.735888
v 0.111808 0.244663 1.735978
v 0.108072 0.244040 1.734915
v 0.093950 0.261928 1.772226
v 0.096380 0.262960 1.771615
v 0.094152 0.262614 1.770988
v 0.096176 0.262274 1.772853
v 0.096587 0.263165 1.770689
v 0.094358 0.262818 1.770062
v 0.096599 0.264483 1.769759
v 0.094369 0.264136 1.769132
v 0.096694 0.266351 1.768143
v 0.094464 0.266003 1.767517
v 0.097289 0.267304 1.765234
v 0.095056 0.266955 1.764609
v 0.097655 0.266026 1.764698
v 0.095421 0.265676 1.764072
v 0.097713 0.266124 1.764411
v 0.095479 0.265774 1.763785
v 0.097685 0.267602 1.763523
v 0.095452 0.267252 1.762898
v 0.097380 0.270142 1.762978
v 0.095147 0.269793 1.762353
v 0.097327 0.271046 1.762577
v 0.095093 0.270696 1.761951
v 0.096045 0.272773 1.766301
v 0.093816 0.272424 1.765676
v 0.096361 0.271481 1.765962
v 0.094131 0.271133 1.765336
v 0.096500 0.271164 1.765646
v 0.094270 0.270815 1.765021
v 0.096405 0.269727 1.766973
v 0.094175 0.269379 1.766347
v 0.095984 0.269971 1.768418
v 0.093755 0.269624 1.767791
v 0.095956 0.270083 1.768445
v 0.093728 0.269736 1.767819
v 0.095922 0.270362 1.768389
v 0.093694 0.270014 1.767763
v 0.095884 0.270743 1.768276
v 0.093656 0.270396 1.767650
v 0.095847 0.271165 1.768133
v 0.093619 0.270817 1.767507
v 0.095815 0.271564 1.767989
v 0.093586 0.271217 1.767363
v 0.095790 0.271879 1.767871
v 0.093562 0.271532 1.767245
v 0.095777 0.272046 1.767807
v 0.093549 0.271699 1.767182
v 0.095769 0.272142 1.767775
v 0.093541 0.271795 1.767149
v 0.095755 0.272280 1.767735
v 0.093527 0.271933 1.767109
v 0.095737 0.272454 1.767688
v 0.093508 0.272106 1.767062
v 0.095715 0.272655 1.767636
v 0.093487 0.272307 1.767010
v 0.095690 0.272877 1.767579
v 0.093462 0.272530 1.766954
v 0.095664 0.273114 1.767521
v 0.093436 0.272766 1.766895
v 0.095637 0.273357 1.767461
v 0.093409 0.273010 1.766835
v 0.095071 0.274107 1.769110
v 0.092845 0.273760 1.768484
v 0.095474 0.271973 1.769011
v 0.093247 0.271626 1.768385
v 0.095546 0.270636 1.769635
v 0.093319 0.270290 1.769009
v 0.095446 0.269134 1.771023
v 0.093220 0.268788 1.770397
v 0.095836 0.267197 1.770841
v 0.093609 0.266851 1.770214
v 0.095770 0.266182 1.771774
v 0.093544 0.265836 1.771147
v 0.095494 0.267201 1.772144
v 0.093268 0.266856 1.771517
v 0.095376 0.265875 1.773481
v 0.093151 0.265530 1.772854
v 0.095270 0.265864 1.773895
v 0.093045 0.265519 1.773268
v 0.095288 0.265232 1.774251
v 0.093064 0.264887 1.773623
v 0.095362 0.264599 1.774393
v 0.093138 0.264254 1.773766
v 0.095464 0.264387 1.774146
v 0.093240 0.264042 1.773519
v 0.095554 0.264497 1.773732
v 0.093329 0.264151 1.773105
v 0.095639 0.263948 1.773777
v 0.093414 0.263603 1.773150
v 0.095803 0.263652 1.773351
v 0.093577 0.263307 1.772724
v 0.096053 0.262037 1.773481
v 0.093827 0.261691 1.772854
v 0.090428 0.269025 1.780811
v 0.092039 0.271038 1.781502
v 0.090088 0.270732 1.780931
v 0.092379 0.269331 1.781381
v 0.092140 0.271511 1.780814
v 0.090188 0.271205 1.780244
v 0.092161 0.271943 1.780449
v 0.090210 0.271637 1.779879
v 0.092300 0.271963 1.779924
v 0.090348 0.271657 1.779355
v 0.092187 0.272727 1.779830
v 0.090236 0.272421 1.779260
v 0.092290 0.273191 1.779144
v 0.090338 0.272884 1.778574
v 0.092353 0.274043 1.778347
v 0.090401 0.273735 1.777778
v 0.092234 0.274649 1.778380
v 0.090282 0.274341 1.777810
v 0.092264 0.275616 1.777629
v 0.090311 0.275308 1.777059
v 0.092786 0.276614 1.775043
v 0.090831 0.276305 1.774474
v 0.091818 0.277766 1.777837
v 0.089867 0.277459 1.777268
v 0.091681 0.275093 1.780120
v 0.089731 0.274786 1.779550
v 0.091461 0.275312 1.780782
v 0.089512 0.275006 1.780212
v 0.091302 0.277011 1.780239
v 0.089353 0.276705 1.779669
v 0.091106 0.278189 1.780175
v 0.089157 0.277883 1.779606
v 0.091427 0.278186 1.778997
v 0.089477 0.277879 1.778428
v 0.090080 0.279772 1.782892
v 0.088135 0.279467 1.782322
v 0.090772 0.278524 1.781180
v 0.088825 0.278218 1.780611
v 0.091101 0.276655 1.781217
v 0.089152 0.276349 1.780647
v 0.091125 0.274719 1.782416
v 0.089177 0.274414 1.781845
v 0.091506 0.272465 1.782514
v 0.089557 0.272160 1.781944
v 0.091385 0.272196 1.783137
v 0.089436 0.271892 1.782567
v 0.091252 0.272942 1.783130
v 0.089304 0.272637 1.782560
v 0.091110 0.272341 1.784051
v 0.089163 0.272036 1.783482
v 0.090957 0.272836 1.784285
v 0.089010 0.272532 1.783714
v 0.090903 0.272450 1.784742
v 0.088957 0.272146 1.784172
v 0.091120 0.271431 1.784620
v 0.089173 0.271127 1.784050
v 0.091131 0.271173 1.784751
v 0.089184 0.270869 1.784181
v 0.091284 0.270403 1.784699
v 0.089337 0.270099 1.784129
v 0.091473 0.270139 1.784181
v 0.089524 0.269834 1.783610
v 0.091547 0.270196 1.783870
v 0.089599 0.269891 1.783299
v 0.091648 0.269811 1.783756
v 0.089699 0.269506 1.783185
v 0.091747 0.269826 1.783381
v 0.089798 0.269521 1.782811
v 0.092003 0.269226 1.782836
v 0.090053 0.268921 1.782266
v 0.092018 0.269432 1.782643
v 0.090068 0.269126 1.782073
v 0.092379 0.268809 1.781730
v 0.090428 0.268503 1.781159
v 0.131540 0.192248 1.678420
v 0.139116 0.191952 1.678276
v 0.132476 0.190670 1.676296
v 0.138180 0.193530 1.680401
v 0.139910 0.191947 1.675597
v 0.133269 0.190664 1.673617
v 0.140225 0.193131 1.673753
v 0.133584 0.191847 1.671774
v 0.140196 0.195210 1.672482
v 0.133555 0.193927 1.670503
v 0.139221 0.200091 1.672562
v 0.132580 0.198808 1.670583
v 0.139088 0.203228 1.670949
v 0.132446 0.201945 1.668969
v 0.137977 0.208102 1.671490
v 0.131336 0.206821 1.669509
v 0.138234 0.209094 1.669968
v 0.131593 0.207812 1.667987
v 0.138509 0.208243 1.669600
v 0.131868 0.206961 1.667620
v 0.138958 0.208499 1.667912
v 0.132317 0.207217 1.665932
v 0.139330 0.210212 1.665528
v 0.132689 0.208929 1.663548
v 0.139542 0.213437 1.662688
v 0.132901 0.212154 1.660709
v 0.139994 0.217799 1.658289
v 0.133352 0.216514 1.656310
v 0.132047 0.230330 1.676887
v 0.125408 0.229054 1.674903
v 0.131544 0.224296 1.682561
v 0.124905 0.223021 1.680575
v 0.130507 0.223219 1.686773
v 0.123870 0.221946 1.684786
v 0.129019 0.224418 1.691006
v 0.122382 0.223149 1.689018
v 0.128885 0.225138 1.690987
v 0.122247 0.223868 1.688998
v 0.128460 0.225506 1.692178
v 0.121823 0.224237 1.690189
v 0.128332 0.224937 1.692984
v 0.121695 0.223669 1.690996
v 0.127225 0.224297 1.697143
v 0.120588 0.223031 1.695151
v 0.127378 0.222237 1.697978
v 0.120742 0.220972 1.695987
v 0.127358 0.220955 1.698891
v 0.120722 0.219689 1.696900
v 0.127594 0.219782 1.698868
v 0.120958 0.218516 1.696877
v 0.128143 0.219309 1.697328
v 0.121506 0.218042 1.695338
v 0.128649 0.219066 1.695782
v 0.122012 0.217798 1.693792
v 0.129141 0.218380 1.694571
v 0.122504 0.217112 1.692583
v 0.129378 0.216319 1.695129
v 0.122741 0.215049 1.693140
v 0.126547 0.214221 1.695982
v 0.125353 0.213993 1.695624
v 0.126997 0.210295 1.697046
v 0.125803 0.210067 1.696688
v 0.127384 0.208418 1.696976
v 0.126190 0.208190 1.696618
v 0.127859 0.206712 1.696494
v 0.126665 0.206484 1.696137
v 0.127188 0.210177 1.696482
v 0.125993 0.209949 1.696124
v 0.127057 0.212836 1.695169
v 0.125864 0.212608 1.694811
v 0.128163 0.210948 1.692680
v 0.126969 0.210719 1.692322
v 0.128734 0.208494 1.692369
v 0.127540 0.208265 1.692012
v 0.128830 0.206062 1.693645
v 0.127636 0.205833 1.693287
v 0.128317 0.204544 1.696376
v 0.127123 0.204316 1.696019
v 0.126800 0.206197 1.700411
v 0.125606 0.205969 1.700053
v 0.127192 0.205092 1.699815
v 0.125998 0.204864 1.699457
v 0.128244 0.203867 1.697069
v 0.127050 0.203639 1.696712
v 0.128908 0.204265 1.694565
v 0.127714 0.204036 1.694207
v 0.129288 0.205928 1.692187
v 0.128094 0.205699 1.691829
v 0.129123 0.208121 1.691300
v 0.127928 0.207892 1.690942
v 0.128279 0.211808 1.691720
v 0.127085 0.211580 1.691362
v 0.130784 0.213737 1.692084
v 0.124146 0.212465 1.690097
v 0.131257 0.213244 1.690811
v 0.124619 0.211971 1.688824
v 0.132375 0.211193 1.688385
v 0.125737 0.209919 1.686399
v 0.133268 0.207419 1.687854
v 0.126629 0.206143 1.685870
v 0.133995 0.205692 1.686534
v 0.127356 0.204416 1.684551
v 0.135009 0.203899 1.684288
v 0.128370 0.202622 1.682305
v 0.135969 0.199966 1.683634
v 0.129330 0.198687 1.681652
v 0.137978 0.196106 1.679387
v 0.131338 0.194825 1.677405
vn 0.0672 -0.9341 0.3505
vn 0.2386 -0.9455 -0.2214
vn 0.2386 -0.9456 -0.2211
vn 0.3233 -0.6432 -0.6942
vn 0.3233 -0.6429 -0.6943
vn 0.3233 -0.6432 -0.6941
vn 0.3148 -0.2305 -0.9207
vn 0.3149 -0.2308 -0.9206
vn 0.3148 -0.2303 -0.9208
vn 0.2085 0.3427 -0.9160
vn 0.2086 0.3425 -0.9161
vn 0.3065 -0.1554 -0.9391
vn 0.3065 -0.1556 -0.9390
vn 0.3065 -0.1556 -0.9391
vn 0.1833 0.4293 -0.8844
vn 0.1833 0.4294 -0.8843
vn 0.3236 -0.6381 -0.6987
vn 0.3237 -0.6377 -0.6989
vn 0.3236 -0.6381 -0.6986
vn 0.3237 -0.6380 -0.6988
vn -0.0958 -0.6689 0.7372
vn -0.0959 -0.6688 0.7373
vn -0.0958 -0.6685 0.7375
vn -0.0959 -0.6685 0.7375
vn 0.2697 -0.8939 -0.3580
vn 0.2698 -0.8938 -0.3584
vn 0.2697 -0.8938 -0.3583
vn 0.3261 -0.6016 -0.7292
vn 0.3261 -0.6013 -0.7295
vn 0.3268 -0.4016 -0.8555
vn 0.3269 -0.4015 -0.8555
vn 0.3286 -0.4646 -0.8223
vn 0.3286 -0.4645 -0.8223
vn -0.0810 0.9466 -0.3119
vn -0.0810 0.9466 -0.3120
vn -0.0810 0.9467 -0.3119
vn -0.3278 0.4325 0.8399
vn -0.3279 0.4325 0.8399
vn -0.2869 0.8488 0.4441
vn -0.2872 0.8487 0.4440
vn -0.1709 0.9848 -0.0318
vn -0.1709 0.9848 -0.0319
vn 0.2196 0.3010 -0.9280
vn 0.2197 0.3010 -0.9280
vn 0.2196 0.3009 -0.9280
vn -0.1643 0.9849 -0.0539
vn -0.1645 0.9849 -0.0536
vn -0.1647 0.9849 -0.0537
vn -0.1643 0.9849 -0.0540
vn -0.3255 0.6092 0.7231
vn -0.3254 0.6096 0.7228
vn -0.3254 0.6095 0.7229
vn -0.3255 0.6093 0.7231
vn -0.2699 0.8938 0.3583
vn -0.2696 0.8939 0.3582
vn -0.2699 0.8938 0.3582
vn -0.2698 0.8938 0.3583
vn -0.2937 0.0623 0.9539
vn -0.2935 0.0627 0.9539
vn -0.2938 0.0627 0.9538
vn -0.2939 0.0626 0.9538
vn -0.3209 0.3007 0.8981
vn -0.3207 0.3008 0.8982
vn -0.3207 0.3007 0.8982
vn -0.3209 0.3008 0.8981
vn -0.2076 -0.3445 0.9156
vn -0.2078 -0.3444 0.9155
vn -0.2078 -0.3443 0.9156
vn -0.2077 -0.3444 0.9156
vn 0.1645 -0.9849 0.0531
vn 0.1646 -0.9849 0.0529
vn 0.2018 -0.9763 -0.0778
vn 0.2017 -0.9763 -0.0778
vn 0.1032 -0.9635 0.2470
vn 0.1032 -0.9635 0.2471
vn 0.1033 -0.9635 0.2470
vn -0.2725 -0.0636 0.9600
vn -0.2723 -0.0635 0.9601
vn -0.2726 -0.0634 0.9600
vn -0.2722 -0.0632 0.9602
vn -0.2314 -0.2545 0.9390
vn 0.2705 -0.8921 -0.3620
vn 0.1457 -0.9825 0.1159
vn 0.1455 -0.9825 0.1161
vn 0.1455 -0.9825 0.1162
vn 0.0474 -0.9134 0.4044
vn 0.0475 -0.9134 0.4044
vn -0.1752 -0.4549 0.8731
vn -0.1753 -0.4548 0.8732
vn -0.1752 -0.4550 0.8731
vn -0.0198 -0.8191 0.5733
vn -0.0198 -0.8192 0.5732
vn 0.0576 -0.9227 0.3812
vn 0.0520 -0.9184 0.3921
vn 0.0523 -0.9187 0.3915
vn -0.1682 -0.4768 0.8628
vn -0.1682 -0.4769 0.8627
vn -0.1681 -0.4771 0.8626
vn 0.0368 -0.9009 0.4325
vn -0.2922 0.0514 0.9550
vn -0.2923 0.0518 0.9549
vn -0.2922 0.0513 0.9550
vn 0.3204 0.2944 0.9004
vn 0.4362 0.3812 0.8152
vn 0.3327 0.3008 0.8938
vn 0.5385 0.4046 0.7392
vn 0.6062 0.3585 0.7099
vn 0.4640 0.3636 0.8078
vn 0.3495 0.2885 0.8914
vn 0.3431 0.2526 0.9047
vn 0.0707 -0.9190 0.3878
vn 0.7198 -0.0561 0.6920
vn 0.0249 -0.9140 0.4049
vn 0.6705 -0.3057 0.6760
vn 0.2933 0.3128 0.9034
vn 0.2808 0.2832 0.9170
vn 0.3236 0.2893 0.9009
vn 0.2857 0.3161 0.9047
vn 0.3447 0.1453 0.9274
vn 0.4773 0.3533 0.8046
vn 0.3623 0.3401 0.8678
vn 0.8687 0.3007 0.3936
vn 0.8693 0.2951 0.3965
vn 0.8439 0.2963 0.4474
vn 0.8850 0.2804 0.3717
vn 0.2792 0.2876 0.9161
vn 0.2763 0.3119 0.9091
vn 0.2715 0.3326 0.9032
vn 0.3187 0.3288 0.8890
vn 0.3762 0.2350 0.8962
vn 0.4208 0.2949 0.8579
vn 0.3417 0.3646 0.8662
vn 0.5001 0.3253 0.8025
vn 0.5224 0.3259 0.7880
vn 0.5590 0.3171 0.7661
vn 0.6303 0.3298 0.7028
vn 0.7507 0.3353 0.5693
vn 0.7054 0.2967 0.6438
vn 0.8719 0.2588 0.4157
vn 0.9048 0.2524 0.3431
vn 0.8847 0.1585 0.4385
vn 0.9111 0.2203 0.3484
vn 0.9107 0.1960 0.3637
vn 0.9210 0.2202 0.3215
vn 0.9215 0.1985 0.3339
vn -0.8982 0.1380 0.4173
vn -0.8242 0.0837 0.5601
vn -0.8358 0.0942 0.5409
vn -0.9722 0.0859 0.2178
vn -0.9521 0.1301 0.2766
vn -0.9100 0.1367 0.3915
vn -0.8479 0.0744 0.5250
vn -0.9186 0.1115 0.3791
vn -0.9193 -0.3466 0.1865
vn -0.8056 -0.5487 0.2235
vn -0.8113 0.0797 0.5791
vn -0.8231 0.1041 0.5583
vn -0.8374 0.0733 0.5417
vn -0.8407 0.0323 0.5406
vn -0.8175 0.1131 0.5647
vn -0.8242 -0.0399 0.5649
vn -0.9236 0.0931 0.3719
vn -0.9865 -0.0195 -0.1625
vn -0.9863 -0.0147 -0.1645
vn -0.9937 -0.0218 -0.1101
vn -0.9809 -0.0400 -0.1903
vn -0.8109 0.0841 0.5792
vn -0.8128 0.1083 0.5724
vn -0.8126 0.1299 0.5682
vn -0.8406 0.1122 0.5300
vn -0.8579 0.0076 0.5138
vn -0.8921 0.0828 0.4443
vn -0.8571 0.1420 0.4952
vn -0.8625 0.1144 0.4929
vn -0.9416 0.0683 0.3299
vn -0.9548 0.0498 0.2929
vn -0.9799 0.0453 0.1942
vn -0.9991 0.0267 0.0318
vn -0.9928 -0.0010 0.1197
vn -0.9848 -0.0645 -0.1612
vn -0.9724 -0.0698 -0.2226
vn -0.9793 -0.1585 -0.1256
vn -0.9705 -0.1020 -0.2187
vn -0.9708 -0.1286 -0.2027
vn -0.9642 -0.1053 -0.2434
vn -0.9645 -0.1275 -0.2312
vn 0.0585 -0.9233 0.3795
vn 0.4160 0.3852 0.8238
vn -0.2855 0.0225 0.9581
vn -0.2857 0.0229 0.9580
vn -0.2857 0.0228 0.9581
vn -0.2859 0.0232 0.9580
vn 0.2254 -0.9497 -0.2175
vn 0.2254 -0.9496 -0.2177
vn 0.2254 -0.9496 -0.2178
vn 0.3204 -0.5428 -0.7764
vn 0.2458 -0.9214 -0.3010
vn 0.2456 -0.9215 -0.3010
vn 0.2457 -0.9214 -0.3010
vn 0.2452 -0.9215 -0.3011
vn 0.2895 -0.0518 -0.9558
vn 0.2894 -0.0521 -0.9558
vn 0.2893 -0.0518 -0.9558
vn 0.1730 -0.9848 -0.0174
vn 0.1733 -0.9847 -0.0180
vn 0.1730 -0.9848 -0.0175
vn 0.1733 -0.9847 -0.0181
vn 0.2407 0.2116 -0.9473
vn 0.2418 0.2113 -0.9470
vn 0.2409 0.2115 -0.9472
vn 0.2416 0.2118 -0.9470
vn 0.2239 -0.9519 -0.2092
vn 0.2236 -0.9519 -0.2092
vn 0.2237 -0.9520 -0.2090
vn 0.2236 -0.9519 -0.2093
vn 0.2525 0.1620 -0.9539
vn 0.2517 0.1618 -0.9542
vn 0.2524 0.1620 -0.9540
vn 0.2516 0.1619 -0.9542
vn 0.3177 -0.5984 -0.7355
vn 0.1804 -0.9827 -0.0424
vn 0.1805 -0.9826 -0.0432
vn 0.1804 -0.9827 -0.0426
vn 0.1805 -0.9826 -0.0433
vn 0.1905 0.4125 -0.8908
vn 0.1900 0.4131 -0.8906
vn 0.1904 0.4125 -0.8908
vn 0.2281 -0.9472 -0.2253
vn 0.2280 -0.9472 -0.2256
vn 0.2280 -0.9472 -0.2254
vn 0.2279 -0.9471 -0.2258
vn 0.2470 0.1862 -0.9510
vn 0.2464 0.1865 -0.9511
vn 0.2465 0.1862 -0.9511
vn 0.2463 0.1866 -0.9511
vn 0.3015 -0.7464 -0.5933
vn 0.3014 -0.7463 -0.5934
vn 0.3015 -0.7463 -0.5934
vn 0.3014 -0.7464 -0.5934
vn -0.0233 -0.8257 0.5636
vn -0.0236 -0.8259 0.5634
vn -0.0236 -0.8257 0.5636
vn -0.0234 -0.8261 0.5630
vn 0.3196 -0.3997 -0.8591
vn 0.3197 -0.3998 -0.8591
vn 0.1414 0.5634 -0.8140
vn 0.1412 0.5637 -0.8138
vn 0.1414 0.5635 -0.8140
vn 0.1417 0.5634 -0.8140
vn 0.3044 -0.7278 -0.6145
vn 0.3044 -0.7277 -0.6147
vn 0.3041 -0.7278 -0.6147
vn 0.2482 0.1768 -0.9525
vn 0.2482 0.1767 -0.9525
vn 0.2481 0.1769 -0.9524
vn 0.2481 0.1768 -0.9525
vn -0.0035 0.8689 -0.4949
vn -0.0039 0.8690 -0.4948
vn -0.0040 0.8690 -0.4948
vn -0.0044 0.8691 -0.4946
vn -0.3088 0.6948 0.6495
vn -0.3092 0.6946 0.6496
vn -0.2164 0.9598 0.1787
vn -0.2161 0.9598 0.1789
vn -0.2160 0.9599 0.1786
vn 0.3146 -0.6389 -0.7020
vn 0.3146 -0.6390 -0.7020
vn 0.0093 0.8504 -0.5260
vn 0.0089 0.8506 -0.5257
vn 0.0091 0.8505 -0.5259
vn 0.0087 0.8507 -0.5255
vn -0.3170 0.6048 0.7306
vn -0.3173 0.6047 0.7305
vn -0.3176 0.6046 0.7305
vn -0.3106 0.2426 0.9190
vn -0.3111 0.2426 0.9189
vn -0.3111 0.2427 0.9189
vn -0.2375 -0.2315 0.9434
vn -0.2375 -0.2318 0.9433
vn -0.2378 -0.2316 0.9433
vn -0.2377 -0.2316 0.9433
vn -0.3092 0.6931 0.6511
vn -0.3090 0.6935 0.6508
vn -0.3092 0.6932 0.6510
vn -0.3094 0.6932 0.6509
vn -0.1855 0.9805 0.0647
vn -0.1857 0.9805 0.0647
vn -0.1855 0.9805 0.0644
vn -0.1855 0.9805 0.0646
vn 0.2217 0.3012 -0.9274
vn 0.2215 0.3011 -0.9275
vn 0.2216 0.3013 -0.9274
vn 0.2214 0.3011 -0.9275
vn -0.2782 0.8434 0.4596
vn -0.2783 0.8434 0.4596
vn -0.2934 0.0691 0.9535
vn -0.2918 0.0688 0.9540
vn -0.2931 0.0691 0.9536
vn -0.2915 0.0688 0.9541
vn -0.0248 -0.8271 0.5615
vn -0.0248 -0.8275 0.5609
vn -0.2638 -0.1072 0.9586
vn -0.2644 -0.1066 0.9585
vn -0.2638 -0.1071 0.9586
vn -0.2645 -0.1066 0.9585
vn -0.0154 -0.8424 0.5386
vn -0.0154 -0.8428 0.5381
vn -0.0154 -0.8425 0.5385
vn -0.0154 -0.8428 0.5380
vn -0.2496 -0.1800 0.9515
vn -0.2493 -0.1800 0.9516
vn -0.2493 -0.1801 0.9515
vn -0.2490 -0.1802 0.9516
vn 0.2243 -0.9509 -0.2134
vn 0.2243 -0.9508 -0.2136
vn -0.9480 -0.1776 -0.2640
vn -0.9478 -0.1778 -0.2648
vn -0.9481 -0.1776 -0.2636
vn -0.9483 -0.1773 -0.2632
vn -0.9478 -0.1777 -0.2647
vn -0.9482 -0.1774 -0.2635
vn -0.9487 -0.1772 -0.2618
vn -0.9481 -0.1775 -0.2639
vn -0.9484 -0.1774 -0.2628
vn -0.9481 -0.1775 -0.2638
vn -0.9482 -0.1772 -0.2636
vn -0.9480 -0.1777 -0.2640
vn -0.9472 -0.1786 -0.2665
vn -0.9483 -0.1774 -0.2633
vn -0.9485 -0.1773 -0.2625
vn -0.9485 -0.1773 -0.2626
vn -0.9484 -0.1774 -0.2629
vn -0.9484 -0.1774 -0.2627
vn -0.9484 -0.1771 -0.2630
vn -0.9484 -0.1772 -0.2629
vn -0.9483 -0.1772 -0.2632
vn -0.9487 -0.1770 -0.2620
vn -0.9484 -0.1773 -0.2630
vn -0.9482 -0.1775 -0.2634
vn -0.9482 -0.1776 -0.2633
vn -0.9483 -0.1775 -0.2630
vn -0.9484 -0.1773 -0.2629
vn -0.9483 -0.1773 -0.2633
vn -0.9484 -0.1773 -0.2631
vn -0.9483 -0.1775 -0.2631
vn -0.9485 -0.1772 -0.2625
vn 0.9488 0.1768 0.2616
vn 0.9482 0.1776 0.2634
vn 0.9481 0.1779 0.2637
vn 0.9483 0.1773 0.2632
vn 0.9480 0.1777 0.2640
vn 0.9482 0.1776 0.2635
vn 0.9486 0.1772 0.2623
vn 0.9483 0.1775 0.2632
vn 0.9482 0.1774 0.2637
vn 0.9485 0.1772 0.2625
vn 0.9480 0.1774 0.2641
vn 0.9482 0.1775 0.2634
vn 0.9488 0.1770 0.2617
vn 0.9481 0.1775 0.2637
vn 0.9482 0.1776 0.2633
vn 0.9483 0.1775 0.2630
vn 0.9483 0.1775 0.2631
vn 0.9481 0.1777 0.2637
vn 0.9475 0.1782 0.2655
vn 0.9481 0.1778 0.2636
vn 0.9489 0.1768 0.2615
vn 0.9476 0.1782 0.2653
vn 0.9481 0.1774 0.2637
vn 0.9482 0.1775 0.2636
vn 0.9481 0.1778 0.2638
vn 0.9483 0.1776 0.2631
vn 0.9481 0.1775 0.2640
vn 0.9481 0.1776 0.2638
vn 0.9481 0.1776 0.2636
vn 0.9480 0.1778 0.2642
vn 0.9479 0.1778 0.2643
vn 0.9476 0.1780 0.2653
vn 0.9497 0.1763 0.2589
vn -0.0140 -0.8532 0.5213
vn -0.0139 -0.8536 0.5207
vn -0.0140 -0.8533 0.5212
vn -0.0140 -0.8535 0.5209
vn -0.2572 -0.1560 0.9537
vn -0.2577 -0.1565 0.9535
vn -0.2573 -0.1563 0.9536
vn -0.2577 -0.1566 0.9535
vn 0.0582 -0.9425 0.3290
vn 0.0582 -0.9427 0.3286
vn 0.0582 -0.9426 0.3290
vn 0.0583 -0.9427 0.3285
vn -0.3001 0.7507 0.5885
vn -0.2988 0.7512 0.5885
vn -0.3000 0.7508 0.5885
vn -0.2988 0.7512 0.5886
vn -0.0085 -0.8611 0.5084
vn -0.0085 -0.8614 0.5078
vn -0.0085 -0.8611 0.5083
vn -0.0084 -0.8615 0.5077
vn -0.2682 -0.0999 0.9582
vn -0.2681 -0.0993 0.9583
vn -0.2681 -0.0998 0.9582
vn 0.2611 -0.8855 -0.3844
vn -0.2062 -0.3729 0.9047
vn -0.2072 -0.3728 0.9045
vn -0.2066 -0.3728 0.9046
vn -0.2074 -0.3729 0.9044
vn 0.3185 -0.5891 -0.7426
vn 0.3181 -0.5893 -0.7426
vn 0.3184 -0.5893 -0.7425
vn 0.3180 -0.5895 -0.7426
vn 0.2986 -0.7551 -0.5836
vn 0.2986 -0.7552 -0.5836
vn 0.3017 -0.1281 -0.9448
vn 0.3016 -0.1278 -0.9448
vn 0.3016 -0.1280 -0.9448
vn 0.1804 -0.9819 -0.0580
vn 0.1807 -0.9818 -0.0586
vn 0.1804 -0.9819 -0.0581
vn 0.1804 -0.9819 -0.0584
vn 0.2735 0.0698 -0.9593
vn 0.2729 0.0704 -0.9594
vn 0.2734 0.0699 -0.9593
vn 0.2730 0.0704 -0.9594
vn 0.2780 -0.8395 -0.4668
vn 0.2780 -0.8398 -0.4663
vn 0.2780 -0.8396 -0.4667
vn 0.2781 -0.8398 -0.4662
vn 0.2087 -0.9644 -0.1623
vn 0.2084 -0.9644 -0.1626
vn 0.2087 -0.9644 -0.1624
vn 0.2087 -0.9643 -0.1629
vn 0.2204 0.3181 -0.9221
vn 0.2203 0.3181 -0.9221
vn 0.2204 0.3180 -0.9221
vn 0.2203 0.3182 -0.9221
vn 0.3216 -0.4957 -0.8067
vn 0.3217 -0.4956 -0.8068
vn 0.3216 -0.4956 -0.8068
vn 0.3218 -0.4955 -0.8068
vn 0.1125 -0.9788 0.1712
vn 0.1125 -0.9789 0.1707
vn 0.1125 -0.9788 0.1711
vn 0.1125 -0.9789 0.1706
vn 0.3046 -0.1606 -0.9388
vn 0.3048 -0.1612 -0.9387
vn 0.3049 -0.1612 -0.9387
vn 0.2067 -0.9663 -0.1532
vn 0.2066 -0.9663 -0.1535
vn 0.2067 -0.9663 -0.1534
vn 0.2066 -0.9663 -0.1536
vn 0.3006 -0.7452 -0.5952
vn 0.3007 -0.7451 -0.5953
vn 0.3006 -0.7451 -0.5953
vn 0.3006 -0.7451 -0.5954
vn -0.1103 0.9776 -0.1790
vn -0.1107 0.9777 -0.1785
vn -0.1104 0.9777 -0.1789
vn -0.1107 0.9777 -0.1784
vn 0.2854 -0.8153 -0.5039
vn 0.2853 -0.8151 -0.5042
vn 0.2853 -0.8152 -0.5040
vn 0.2854 -0.8152 -0.5040
vn 0.0999 0.6826 -0.7240
vn 0.0994 0.6830 -0.7236
vn 0.0993 0.6830 -0.7236
vn 0.3062 -0.7089 -0.6354
vn 0.3062 -0.7089 -0.6353
vn -0.0297 0.9098 -0.4141
vn -0.0301 0.9100 -0.4135
vn -0.0298 0.9098 -0.4140
vn -0.0301 0.9100 -0.4134
vn 0.3215 -0.4667 -0.8239
vn 0.3218 -0.4671 -0.8236
vn 0.3215 -0.4666 -0.8240
vn 0.3218 -0.4669 -0.8237
vn 0.1256 -0.9832 0.1322
vn 0.1256 -0.9833 0.1317
vn 0.1256 -0.9833 0.1320
vn 0.1256 -0.9833 0.1315
vn -0.0158 0.8926 -0.4505
vn -0.0162 0.8927 -0.4504
vn -0.0165 0.8928 -0.4502
vn -0.3194 0.5588 0.7653
vn -0.3199 0.5592 0.7649
vn -0.3196 0.5588 0.7653
vn -0.3198 0.5594 0.7647
vn -0.2850 0.8169 0.5014
vn -0.2846 0.8171 0.5013
vn -0.2850 0.8169 0.5015
vn 0.2464 0.2050 -0.9472
vn 0.2462 0.2053 -0.9472
vn 0.2465 0.2049 -0.9472
vn 0.2460 0.2055 -0.9472
vn 0.3192 -0.5669 -0.7595
vn 0.3194 -0.5667 -0.7595
vn 0.3193 -0.5667 -0.7595
vn 0.3195 -0.5669 -0.7593
vn -0.0050 0.8791 -0.4765
vn -0.0051 0.8792 -0.4764
vn -0.0052 0.8792 -0.4764
vn -0.0053 0.8793 -0.4762
vn -0.3186 0.5835 0.7470
vn -0.3185 0.5835 0.7470
vn -0.3185 0.5836 0.7470
vn -0.2930 0.0620 0.9541
vn -0.2935 0.0620 0.9539
vn -0.2941 0.0621 0.9537
vn -0.2911 0.7890 0.5411
vn -0.2915 0.7888 0.5412
vn -0.2919 0.7885 0.5413
vn 0.2856 -0.0042 -0.9583
vn 0.2852 -0.0039 -0.9585
vn 0.2859 -0.0039 -0.9583
vn 0.2850 -0.0038 -0.9585
vn -0.2788 0.8346 0.4751
vn -0.2795 0.8342 0.4754
vn -0.2789 0.8345 0.4752
vn -0.2797 0.8341 0.4754
vn -0.3217 0.5192 0.7917
vn -0.3215 0.5194 0.7918
vn -0.3214 0.5196 0.7916
vn -0.3212 0.5196 0.7918
vn -0.0939 0.9702 -0.2236
vn -0.0942 0.9703 -0.2230
vn -0.0939 0.9702 -0.2235
vn -0.0939 0.9703 -0.2230
vn -0.3193 0.3369 0.8858
vn -0.3193 0.3368 0.8858
vn -0.3193 0.3365 0.8859
vn -0.9485 -0.1753 -0.2640
vn -0.9487 -0.1754 -0.2630
vn -0.9487 -0.1754 -0.2632
vn -0.9486 -0.1754 -0.2634
vn -0.9488 -0.1754 -0.2629
vn -0.9486 -0.1755 -0.2634
vn -0.9485 -0.1754 -0.2638
vn -0.9486 -0.1753 -0.2634
vn -0.9489 -0.1751 -0.2626
vn -0.9488 -0.1752 -0.2630
vn -0.9488 -0.1752 -0.2628
vn -0.9485 -0.1756 -0.2635
vn -0.9486 -0.1756 -0.2634
vn -0.9483 -0.1757 -0.2642
vn -0.9490 -0.1749 -0.2622
vn -0.9486 -0.1753 -0.2635
vn -0.9481 -0.1758 -0.2651
vn -0.9484 -0.1756 -0.2640
vn -0.9485 -0.1753 -0.2637
vn -0.9477 -0.1763 -0.2660
vn -0.9486 -0.1754 -0.2635
vn -0.9485 -0.1753 -0.2638
vn -0.9485 -0.1754 -0.2639
vn -0.9484 -0.1756 -0.2639
vn -0.9485 -0.1757 -0.2637
vn -0.9485 -0.1756 -0.2637
vn -0.9486 -0.1754 -0.2636
vn -0.9485 -0.1757 -0.2636
vn -0.9483 -0.1759 -0.2642
vn -0.9484 -0.1756 -0.2641
vn -0.9484 -0.1757 -0.2640
vn -0.9485 -0.1754 -0.2636
vn -0.9489 -0.1753 -0.2626
vn -0.9474 -0.1764 -0.2670
vn 0.9484 0.1756 0.2639
vn 0.9481 0.1760 0.2649
vn 0.9484 0.1757 0.2640
vn 0.9478 0.1762 0.2658
vn 0.9482 0.1757 0.2646
vn 0.9482 0.1754 0.2647
vn 0.9483 0.1755 0.2646
vn 0.9484 0.1756 0.2641
vn 0.9483 0.1756 0.2643
vn 0.9486 0.1755 0.2633
vn 0.9485 0.1755 0.2636
vn 0.9482 0.1759 0.2645
vn 0.9488 0.1751 0.2627
vn 0.9485 0.1756 0.2637
vn 0.9483 0.1757 0.2644
vn 0.9480 0.1758 0.2653
vn 0.9482 0.1760 0.2646
vn 0.9487 0.1753 0.2630
vn 0.9483 0.1759 0.2642
vn 0.9481 0.1759 0.2650
vn 0.9484 0.1758 0.2638
vn 0.9472 0.1769 0.2676
vn 0.9480 0.1761 0.2653
vn 0.9480 0.1761 0.2651
vn 0.9482 0.1758 0.2645
vn 0.9480 0.1761 0.2650
vn 0.9482 0.1761 0.2646
vn 0.9482 0.1758 0.2646
vn 0.9482 0.1759 0.2646
vn 0.9474 0.1764 0.2669
vn 0.9481 0.1762 0.2646
vn 0.9477 0.1763 0.2660
vn 0.9480 0.1760 0.2653
vn 0.9483 0.1758 0.2644
vn 0.9486 0.1756 0.2634
vn 0.9479 0.1762 0.2654
vn 0.9474 0.1768 0.2667
vn 0.9480 0.1760 0.2651
vn 0.2998 -0.7363 -0.6066
vn 0.3011 -0.7359 -0.6064
vn 0.3006 -0.7361 -0.6064
vn 0.3014 -0.7358 -0.6064
vn 0.3205 -0.2924 -0.9010
vn 0.3197 -0.2928 -0.9011
vn 0.3200 -0.2926 -0.9011
vn 0.3195 -0.2928 -0.9012
vn 0.3069 -0.7011 -0.6436
vn 0.3065 -0.7013 -0.6436
vn 0.3068 -0.7012 -0.6436
vn 0.3062 -0.7013 -0.6438
vn 0.3234 -0.3803 -0.8665
vn 0.3232 -0.3803 -0.8666
vn 0.3232 -0.3803 -0.8665
vn -0.0114 -0.8698 0.4933
vn -0.0114 -0.8700 0.4929
vn -0.0114 -0.8700 0.4928
vn -0.2677 -0.1389 0.9534
vn -0.2675 -0.1391 0.9535
vn -0.2675 -0.1392 0.9534
vn -0.2508 -0.2198 0.9428
vn -0.2508 -0.2199 0.9427
vn -0.2505 -0.2201 0.9428
vn 0.1575 -0.9875 -0.0019
vn 0.1577 -0.9875 -0.0023
vn 0.1578 -0.9875 -0.0022
vn 0.1580 -0.9874 -0.0026
vn 0.3255 -0.4245 -0.8449
vn 0.3244 -0.4249 -0.8451
vn 0.3237 -0.4250 -0.8453
vn 0.3224 -0.4256 -0.8455
vn 0.2270 0.3242 -0.9183
vn 0.2268 0.3244 -0.9183
vn 0.3233 -0.4842 -0.8130
vn 0.2253 0.3280 -0.9174
vn 0.2258 0.3277 -0.9174
vn 0.2253 0.3281 -0.9174
vn 0.2261 0.3276 -0.9174
vn -0.0386 0.9326 -0.3589
vn -0.0388 0.9326 -0.3589
vn -0.0399 0.9325 -0.3590
vn -0.0402 0.9325 -0.3590
vn -0.3187 0.5986 0.7349
vn -0.3182 0.5985 0.7352
vn -0.3184 0.5987 0.7349
vn -0.3175 0.5989 0.7352
vn -0.3127 0.1779 0.9330
vn -0.3120 0.1780 0.9333
vn -0.3117 0.1782 0.9333
vn -0.3113 0.1782 0.9335
vn 0.0983 0.7126 -0.6946
vn 0.0985 0.7127 -0.6945
vn 0.0987 0.7126 -0.6946
vn 0.0983 0.7128 -0.6944
vn -0.3227 0.5029 0.8018
vn -0.3233 0.5028 0.8017
vn -0.3227 0.5029 0.8019
vn -0.3229 0.5026 0.8019
vn -0.0612 0.9541 -0.2933
vn -0.0614 0.9541 -0.2931
vn -0.0613 0.9541 -0.2932
vn -0.0614 0.9541 -0.2930
vn -0.3122 0.1741 0.9339
vn -0.3113 0.1745 0.9341
vn -0.3120 0.1741 0.9340
vn -0.3112 0.1745 0.9342
vn -0.1387 -0.6129 0.7779
vn -0.1397 -0.6128 0.7778
vn -0.1394 -0.6129 0.7778
vn -0.1401 -0.6130 0.7776
vn -0.3006 0.7359 0.6067
vn -0.3016 0.7355 0.6067
vn -0.3008 0.7358 0.6067
vn -0.3017 0.7354 0.6067
vn -0.2822 -0.0666 0.9570
vn -0.2807 -0.0671 0.9575
vn -0.2820 -0.0667 0.9571
vn -0.2804 -0.0671 0.9575
vn -0.0487 -0.8112 0.5827
vn -0.0493 -0.8112 0.5827
vn -0.0492 -0.8113 0.5825
vn -0.0493 -0.8111 0.5828
vn -0.2555 -0.2012 0.9456
vn -0.2551 -0.2019 0.9456
vn -0.2557 -0.2010 0.9456
vn -0.2549 -0.2019 0.9456
vn 0.2518 -0.8981 -0.3606
vn 0.2515 -0.8978 -0.3615
vn 0.2517 -0.8980 -0.3608
vn 0.2514 -0.8979 -0.3614
vn 0.1821 -0.9791 -0.0908
vn 0.1822 -0.9791 -0.0906
vn 0.1821 -0.9791 -0.0906
vn 0.1822 -0.9791 -0.0904
vn 0.3110 -0.6729 -0.6712
vn 0.3100 -0.6733 -0.6713
vn 0.3107 -0.6731 -0.6711
vn 0.3097 -0.6734 -0.6713
vn 0.0584 -0.9512 0.3031
vn 0.0584 -0.9512 0.3029
vn 0.0584 -0.9512 0.3030
vn -0.2676 -0.1457 0.9524
vn -0.2666 -0.1462 0.9527
vn -0.2670 -0.1460 0.9526
vn -0.2661 -0.1462 0.9528
vn -0.3228 0.5155 0.7938
vn -0.3237 0.5151 0.7936
vn -0.3231 0.5152 0.7938
vn -0.3240 0.5150 0.7936
vn -0.2850 -0.0366 0.9578
vn -0.2851 -0.0370 0.9578
vn -0.2851 -0.0368 0.9578
vn -0.2852 -0.0367 0.9578
vn -0.1706 0.9841 0.0491
vn -0.1705 0.9841 0.0490
vn -0.1708 0.9841 0.0494
vn -0.1705 0.9841 0.0495
vn -0.3234 0.4166 0.8496
vn -0.3240 0.4155 0.8499
vn -0.3235 0.4165 0.8496
vn -0.2909 0.7847 0.5474
vn -0.2896 0.7854 0.5471
vn -0.2906 0.7848 0.5474
vn -0.2892 0.7857 0.5469
vn -0.3114 0.1776 0.9335
vn -0.3118 0.1777 0.9334
vn -0.3116 0.1778 0.9334
vn -0.2414 -0.2679 0.9327
vn -0.2409 -0.2679 0.9329
vn -0.2413 -0.2679 0.9327
vn -0.2407 -0.2680 0.9329
vn -0.2980 0.7480 0.5931
vn -0.2986 0.7471 0.5939
vn -0.2980 0.7478 0.5933
vn -0.2987 0.7470 0.5939
vn -0.1806 -0.4939 0.8506
vn -0.1799 -0.4939 0.8507
vn -0.1804 -0.4939 0.8506
vn -0.1798 -0.4939 0.8507
vn 0.0655 -0.9570 0.2827
vn 0.0655 -0.9571 0.2824
vn 0.0655 -0.9570 0.2826
vn 0.0655 -0.9571 0.2823
vn 0.1892 -0.9750 -0.1162
vn 0.1897 -0.9749 -0.1166
vn 0.1893 -0.9750 -0.1163
vn 0.1897 -0.9749 -0.1167
vn 0.2558 0.1947 -0.9469
vn 0.2573 0.1944 -0.9466
vn 0.2561 0.1948 -0.9468
vn 0.2576 0.1943 -0.9465
vn -0.9479 -0.1764 -0.2654
vn -0.9482 -0.1761 -0.2644
vn -0.9479 -0.1763 -0.2652
vn -0.9481 -0.1762 -0.2648
vn -0.9472 -0.1769 -0.2674
vn -0.9484 -0.1757 -0.2638
vn -0.9478 -0.1765 -0.2656
vn -0.9474 -0.1769 -0.2666
vn -0.9479 -0.1763 -0.2654
vn -0.9477 -0.1764 -0.2661
vn -0.9466 -0.1775 -0.2693
vn -0.9479 -0.1761 -0.2655
vn -0.9480 -0.1764 -0.2650
vn -0.9480 -0.1763 -0.2650
vn -0.9483 -0.1756 -0.2644
vn -0.9483 -0.1755 -0.2643
vn -0.9479 -0.1760 -0.2654
vn -0.9481 -0.1758 -0.2648
vn -0.9481 -0.1756 -0.2649
vn -0.9481 -0.1761 -0.2648
vn -0.9481 -0.1758 -0.2650
vn -0.9481 -0.1759 -0.2649
vn -0.9478 -0.1761 -0.2659
vn -0.9480 -0.1760 -0.2652
vn -0.9482 -0.1758 -0.2647
vn -0.9483 -0.1754 -0.2646
vn -0.9487 -0.1756 -0.2628
vn -0.9479 -0.1760 -0.2653
vn -0.9479 -0.1761 -0.2656
vn -0.9485 -0.1756 -0.2638
vn -0.9480 -0.1761 -0.2651
vn -0.9476 -0.1766 -0.2663
vn -0.9478 -0.1784 -0.2643
vn -0.9480 -0.1790 -0.2631
vn -0.9481 -0.1761 -0.2649
vn -0.9463 -0.1778 -0.2699
vn -0.9472 -0.1768 -0.2673
vn 0.9475 0.1769 0.2663
vn 0.9476 0.1769 0.2662
vn 0.9477 0.1763 0.2661
vn 0.9464 0.1778 0.2697
vn 0.9471 0.1772 0.2678
vn 0.9477 0.1765 0.2658
vn 0.9478 0.1763 0.2657
vn 0.9473 0.1769 0.2672
vn 0.9474 0.1769 0.2668
vn 0.9483 0.1758 0.2640
vn 0.9478 0.1760 0.2660
vn 0.9476 0.1767 0.2661
vn 0.9476 0.1765 0.2662
vn 0.9473 0.1764 0.2673
vn 0.9479 0.1759 0.2658
vn 0.9478 0.1760 0.2659
vn 0.9476 0.1763 0.2664
vn 0.9478 0.1764 0.2655
vn 0.9476 0.1764 0.2664
vn 0.9476 0.1763 0.2663
vn 0.9476 0.1761 0.2665
vn 0.9477 0.1767 0.2659
vn 0.9475 0.1763 0.2668
vn 0.9500 0.1755 0.2584
vn 0.9470 0.1766 0.2682
vn 0.9475 0.1767 0.2666
vn 0.9477 0.1764 0.2658
vn 0.9475 0.1764 0.2666
vn 0.9477 0.1762 0.2660
vn 0.9479 0.1763 0.2652
vn 0.9477 0.1764 0.2660
vn 0.9473 0.1790 0.2656
vn 0.9470 0.1788 0.2670
vn 0.9475 0.1765 0.2666
vn 0.9473 0.1770 0.2672
vn 0.9486 0.1756 0.2632
vn -0.0160 -0.8333 0.5526
vn -0.0160 -0.8336 0.5522
vn -0.0160 -0.8332 0.5528
vn -0.0159 -0.8336 0.5521
vn -0.2023 -0.3601 0.9107
vn -0.2026 -0.3599 0.9107
vn -0.2022 -0.3601 0.9107
vn -0.2024 -0.3604 0.9106
vn 0.0430 -0.9153 0.4005
vn 0.0429 -0.9155 0.4000
vn 0.0429 -0.9154 0.4003
vn 0.0429 -0.9156 0.3998
vn -0.0505 -0.7706 0.6353
vn -0.0504 -0.7709 0.6350
vn 0.2505 -0.9168 -0.3108
vn 0.2500 -0.9170 -0.3109
vn 0.2504 -0.9168 -0.3110
vn 0.2500 -0.9169 -0.3112
vn 0.3149 -0.6477 -0.6937
vn 0.3149 -0.6477 -0.6938
vn 0.3148 -0.6477 -0.6938
vn 0.2663 -0.8846 -0.3828
vn 0.2662 -0.8846 -0.3829
vn 0.2661 -0.8846 -0.3830
vn -0.0760 -0.7150 0.6950
vn -0.0760 -0.7152 0.6947
vn -0.0760 -0.7151 0.6949
vn -0.0760 -0.7153 0.6947
vn 0.3137 -0.6585 -0.6841
vn 0.3141 -0.6582 -0.6842
vn 0.3146 -0.6580 -0.6842
vn 0.2898 -0.0778 -0.9539
vn 0.2903 -0.0779 -0.9537
vn 0.2903 -0.0779 -0.9538
vn 0.2907 -0.0780 -0.9536
vn 0.3204 -0.5474 -0.7731
vn 0.3200 -0.5477 -0.7731
vn 0.3201 -0.5476 -0.7731
vn 0.2565 0.1226 -0.9587
vn 0.2564 0.1227 -0.9587
vn 0.2564 0.1228 -0.9587
vn -0.0022 0.8594 -0.5113
vn -0.0025 0.8595 -0.5111
vn -0.0028 0.8596 -0.5110
vn -0.2798 0.8453 0.4552
vn -0.2801 0.8451 0.4554
vn -0.2799 0.8453 0.4552
vn -0.3183 0.3842 0.8666
vn -0.3188 0.3842 0.8665
vn -0.3185 0.3842 0.8666
vn -0.3188 0.3841 0.8665
vn -0.2354 0.9407 0.2444
vn -0.2351 0.9408 0.2443
vn -0.2354 0.9407 0.2441
vn -0.2350 0.9408 0.2443
vn 0.3205 -0.5370 -0.7803
vn 0.3011 -0.7559 -0.5814
vn 0.3011 -0.7557 -0.5816
vn 0.3011 -0.7558 -0.5814
vn -0.0129 0.8759 -0.4824
vn -0.0133 0.8760 -0.4821
vn -0.0131 0.8759 -0.4822
vn -0.0134 0.8761 -0.4820
vn -0.3202 0.5486 0.7724
vn -0.3202 0.5485 0.7724
vn -0.3151 0.6422 0.6988
vn -0.3151 0.6421 0.6988
vn -0.3151 0.6421 0.6989
vn -0.3152 0.6421 0.6989
vn -0.2638 -0.0867 0.9607
vn -0.2641 -0.0866 0.9606
vn -0.3072 0.2170 0.9266
vn -0.3077 0.2170 0.9264
vn -0.2691 0.8757 0.4008
vn -0.2697 0.8754 0.4011
vn -0.2692 0.8757 0.4009
vn -0.2697 0.8754 0.4012
vn 0.1277 0.5947 -0.7937
vn 0.1271 0.5950 -0.7936
vn 0.1276 0.5947 -0.7937
vn 0.1271 0.5949 -0.7937
vn -0.2881 0.8131 0.5058
vn -0.2887 0.8128 0.5060
vn -0.2883 0.8130 0.5058
vn -0.2886 0.8129 0.5059
vn -0.2489 0.9188 0.3065
vn -0.2491 0.9186 0.3068
vn -0.2490 0.9187 0.3066
vn -0.2488 0.9187 0.3067
vn -0.3210 0.5114 0.7971
vn -0.3209 0.5116 0.7970
vn -0.3208 0.5118 0.7970
vn -0.9473 -0.1785 -0.2661
vn -0.9474 -0.1783 -0.2658
vn -0.9473 -0.1784 -0.2660
vn -0.9475 -0.1782 -0.2656
vn -0.9471 -0.1787 -0.2666
vn -0.9471 -0.1785 -0.2666
vn -0.9472 -0.1785 -0.2664
vn -0.9472 -0.1785 -0.2663
vn -0.9476 -0.1781 -0.2651
vn -0.9478 -0.1780 -0.2646
vn -0.9475 -0.1782 -0.2653
vn -0.9473 -0.1783 -0.2661
vn -0.9469 -0.1788 -0.2674
vn -0.9474 -0.1784 -0.2658
vn -0.9472 -0.1787 -0.2663
vn -0.9472 -0.1788 -0.2662
vn -0.9472 -0.1786 -0.2663
vn -0.9473 -0.1784 -0.2661
vn -0.9474 -0.1784 -0.2659
vn -0.9474 -0.1783 -0.2659
vn -0.9473 -0.1783 -0.2662
vn -0.9476 -0.1780 -0.2651
vn 0.9473 0.1785 0.2661
vn 0.9474 0.1784 0.2659
vn 0.9472 0.1785 0.2663
vn 0.9474 0.1783 0.2658
vn 0.9475 0.1781 0.2657
vn 0.9472 0.1785 0.2664
vn 0.9472 0.1786 0.2664
vn 0.9472 0.1784 0.2663
vn 0.9474 0.1783 0.2657
vn 0.9475 0.1781 0.2655
vn 0.9483 0.1774 0.2631
vn 0.9478 0.1779 0.2646
vn 0.9480 0.1777 0.2641
vn 0.9474 0.1783 0.2659
vn 0.9472 0.1786 0.2663
vn 0.9473 0.1784 0.2661
vn 0.9473 0.1787 0.2657
vn 0.9474 0.1785 0.2658
vn 0.9473 0.1784 0.2660
vn 0.0928 -0.9659 0.2418
vn 0.0928 -0.9660 0.2413
vn 0.0928 -0.9659 0.2416
vn 0.0928 -0.9661 0.2411
vn -0.2246 -0.2535 0.9409
vn -0.2246 -0.2537 0.9408
vn -0.2245 -0.2532 0.9410
vn -0.2246 -0.2538 0.9408
vn 0.2720 -0.8448 -0.4607
vn 0.2721 -0.8450 -0.4604
vn 0.2720 -0.8448 -0.4608
vn 0.0074 -0.8725 0.4885
vn 0.0076 -0.8729 0.4879
vn 0.0075 -0.8726 0.4884
vn 0.0076 -0.8729 0.4878
vn 0.3106 -0.5750 -0.7569
vn 0.3110 -0.5753 -0.7565
vn 0.3106 -0.5750 -0.7568
vn 0.3110 -0.5750 -0.7567
vn 0.0554 0.7622 -0.6450
vn 0.0551 0.7626 -0.6445
vn 0.0553 0.7622 -0.6449
vn 0.2718 -0.8458 -0.4591
vn 0.2721 -0.8457 -0.4591
vn 0.2723 -0.8456 -0.4592
vn 0.2978 -0.7215 -0.6252
vn 0.2981 -0.7214 -0.6251
vn 0.2980 -0.7213 -0.6252
vn 0.2220 -0.9498 -0.2203
vn 0.2219 -0.9499 -0.2203
vn 0.2218 -0.9499 -0.2202
vn 0.2217 -0.9499 -0.2205
vn 0.2750 -0.8353 -0.4761
vn 0.2753 -0.8350 -0.4764
vn 0.2752 -0.8350 -0.4765
vn -0.2259 -0.2423 0.9435
vn -0.2257 -0.2422 0.9436
vn -0.2256 -0.2422 0.9436
vn -0.2257 -0.2421 0.9436
vn 0.2696 -0.8545 -0.4440
vn 0.2696 -0.8545 -0.4439
vn 0.2696 -0.8546 -0.4439
vn 0.3107 -0.5753 -0.7566
vn 0.3110 -0.5754 -0.7564
vn 0.3111 -0.5755 -0.7563
vn 0.3112 -0.5753 -0.7564
vn -0.0047 0.8672 -0.4980
vn -0.0053 0.8674 -0.4977
vn -0.0055 0.8673 -0.4978
vn -0.0059 0.8673 -0.4977
vn -0.2938 0.1607 0.9423
vn -0.2941 0.1611 0.9421
vn -0.2937 0.1608 0.9423
vn -0.2942 0.1611 0.9421
vn -0.2779 0.8240 0.4937
vn -0.2781 0.8237 0.4941
vn -0.2783 0.8237 0.4941
vn -0.2785 0.8237 0.4940
vn 0.3119 -0.5338 -0.7860
vn 0.3119 -0.5338 -0.7859
vn 0.3120 -0.5338 -0.7859
vn -0.0133 0.8803 -0.4742
vn -0.0137 0.8806 -0.4737
vn -0.0134 0.8804 -0.4741
vn -0.0135 0.8806 -0.4737
vn -0.3061 0.6478 0.6976
vn -0.3065 0.6475 0.6977
vn -0.2939 0.7466 0.5968
vn -0.2945 0.7462 0.5970
vn -0.2942 0.7463 0.5970
vn -0.3103 0.3680 0.8765
vn -0.3101 0.3680 0.8766
vn -0.3100 0.3682 0.8765
vn -0.3101 0.3682 0.8765
vn -0.2694 -0.0248 0.9627
vn -0.2688 -0.0246 0.9629
vn -0.2689 -0.0248 0.9629
vn -0.2685 -0.0248 0.9630
vn -0.3089 0.6122 0.7279
vn -0.3086 0.6124 0.7278
vn -0.2247 0.9456 0.2353
vn -0.2244 0.9456 0.2355
vn -0.2248 0.9456 0.2354
vn -0.2245 0.9456 0.2354
vn -0.1695 0.9854 0.0183
vn -0.1698 0.9853 0.0186
vn -0.1696 0.9853 0.0183
vn -0.1698 0.9853 0.0187
vn -0.2798 0.8156 0.5064
vn -0.2799 0.8155 0.5065
vn -0.3050 0.2716 0.9128
vn -0.3048 0.2716 0.9129
vn -0.3049 0.2714 0.9129
vn -0.3048 0.2718 0.9128
vn -0.0065 -0.8521 0.5233
vn -0.0065 -0.8525 0.5227
vn -0.0065 -0.8522 0.5231
vn -0.0065 -0.8525 0.5226
vn -0.2132 -0.3029 0.9289
vn -0.2132 -0.3037 0.9286
vn -0.2132 -0.3030 0.9288
vn -0.2133 -0.3036 0.9286
vn -0.9505 -0.1732 -0.2578
vn -0.9504 -0.1736 -0.2582
vn -0.9505 -0.1734 -0.2579
vn -0.9509 -0.1730 -0.2568
vn -0.9513 -0.1725 -0.2555
vn -0.9508 -0.1731 -0.2569
vn -0.9505 -0.1733 -0.2577
vn -0.9508 -0.1730 -0.2571
vn -0.9505 -0.1732 -0.2582
vn -0.9506 -0.1733 -0.2577
vn -0.9507 -0.1733 -0.2572
vn -0.9506 -0.1732 -0.2574
vn -0.9506 -0.1734 -0.2574
vn -0.9506 -0.1736 -0.2573
vn -0.9503 -0.1735 -0.2585
vn -0.9507 -0.1731 -0.2571
vn -0.9507 -0.1731 -0.2573
vn -0.9506 -0.1733 -0.2574
vn -0.9505 -0.1733 -0.2578
vn -0.9507 -0.1732 -0.2573
vn -0.9507 -0.1732 -0.2571
vn -0.9508 -0.1730 -0.2570
vn -0.9509 -0.1729 -0.2565
vn -0.9510 -0.1728 -0.2562
vn -0.9512 -0.1727 -0.2558
vn -0.9509 -0.1728 -0.2569
vn 0.9505 0.1735 0.2578
vn 0.9506 0.1733 0.2576
vn 0.9505 0.1734 0.2580
vn 0.9507 0.1732 0.2572
vn 0.9504 0.1734 0.2583
vn 0.9500 0.1738 0.2593
vn 0.9502 0.1738 0.2587
vn 0.9503 0.1735 0.2584
vn 0.9502 0.1737 0.2589
vn 0.9506 0.1734 0.2576
vn 0.9505 0.1734 0.2577
vn 0.9506 0.1734 0.2577
vn 0.9505 0.1735 0.2577
vn 0.9506 0.1734 0.2575
vn 0.9512 0.1726 0.2558
vn 0.9505 0.1733 0.2580
vn 0.9504 0.1734 0.2581
vn 0.9506 0.1733 0.2575
vn 0.9506 0.1733 0.2577
vn 0.9506 0.1732 0.2577
vn 0.9508 0.1731 0.2570
vn 0.9506 0.1732 0.2575
vn 0.9509 0.1730 0.2568
vn 0.9511 0.1728 0.2560
vn 0.9511 0.1728 0.2562
vn 0.2569 -0.8626 -0.4357
vn 0.2568 -0.8625 -0.4360
vn 0.2564 -0.8626 -0.4361
vn 0.2567 -0.8625 -0.4361
vn 0.1984 -0.9655 -0.1690
vn 0.1974 -0.9657 -0.1688
vn 0.1977 -0.9656 -0.1688
vn 0.1973 -0.9657 -0.1687
vn 0.3044 -0.5504 -0.7774
vn 0.3043 -0.5509 -0.7771
vn 0.3043 -0.5509 -0.7772
vn 0.2989 -0.6332 -0.7140
vn 0.2992 -0.6329 -0.7141
vn 0.2996 -0.6328 -0.7140
vn 0.2209 -0.9393 -0.2626
vn 0.2207 -0.9392 -0.2629
vn 0.2204 -0.9394 -0.2626
vn 0.2203 -0.9394 -0.2627
vn -0.1822 -0.4243 0.8870
vn -0.1818 -0.4247 0.8869
vn -0.1822 -0.4244 0.8870
vn -0.1817 -0.4248 0.8869
vn 0.2227 -0.9359 -0.2727
vn 0.2230 -0.9358 -0.2731
vn 0.2228 -0.9359 -0.2728
vn 0.3061 -0.4854 -0.8190
vn 0.3055 -0.4858 -0.8190
vn 0.3054 -0.4857 -0.8190
vn 0.3051 -0.4858 -0.8191
vn 0.2896 -0.1672 -0.9424
vn 0.2899 -0.1675 -0.9423
vn 0.3041 -0.3721 -0.8770
vn 0.3035 -0.3722 -0.8771
vn 0.3040 -0.3719 -0.8771
vn 0.3033 -0.3722 -0.8772
vn -0.0214 0.9040 -0.4269
vn -0.0217 0.9040 -0.4269
vn -0.0220 0.9041 -0.4268
vn -0.0226 0.9041 -0.4268
vn -0.2137 -0.2973 0.9306
vn -0.2145 -0.2973 0.9304
vn -0.2141 -0.2972 0.9305
vn -0.2151 -0.2972 0.9303
vn -0.0810 -0.7192 0.6901
vn -0.0812 -0.7196 0.6896
vn -0.0812 -0.7194 0.6898
vn -0.0809 -0.7198 0.6894
vn -0.2969 0.6583 0.6918
vn -0.2972 0.6582 0.6917
vn -0.2969 0.6583 0.6917
vn -0.2979 0.6578 0.6917
vn 0.0705 0.7442 -0.6642
vn 0.0709 0.7439 -0.6645
vn -0.0979 0.9761 -0.1938
vn -0.0981 0.9762 -0.1936
vn 0.2605 0.0643 -0.9633
vn 0.2604 0.0688 -0.9631
vn 0.2939 -0.2014 -0.9344
vn 0.2942 -0.2002 -0.9346
vn 0.2988 -0.2639 -0.9171
vn 0.2987 -0.2634 -0.9173
vn 0.2999 -0.2921 -0.9082
vn 0.3001 -0.2916 -0.9082
vn 0.3014 -0.3074 -0.9026
vn 0.3011 -0.3075 -0.9027
vn 0.3016 -0.3171 -0.8992
vn 0.3017 -0.3170 -0.8992
vn 0.3009 -0.3007 -0.9050
vn 0.3008 -0.2997 -0.9054
vn 0.2982 -0.2593 -0.9186
vn 0.2982 -0.2595 -0.9185
vn 0.2964 -0.2292 -0.9271
vn 0.2958 -0.2306 -0.9270
vn 0.2950 -0.2152 -0.9309
vn 0.2946 -0.2154 -0.9310
vn 0.2938 -0.2066 -0.9333
vn 0.2942 -0.2063 -0.9332
vn 0.2938 -0.2015 -0.9344
vn 0.2942 -0.2016 -0.9343
vn 0.2936 -0.1988 -0.9350
vn 0.2940 -0.1989 -0.9349
vn 0.2932 -0.1987 -0.9352
vn 0.2940 -0.1982 -0.9350
vn -0.0231 0.9070 -0.4206
vn -0.0233 0.9070 -0.4205
vn -0.0232 0.9070 -0.4205
vn -0.0235 0.9071 -0.4203
vn -0.2561 -0.0929 0.9622
vn -0.3051 0.3891 0.8692
vn -0.3050 0.3892 0.8692
vn -0.3049 0.3894 0.8692
vn -0.2969 0.6587 0.6914
vn -0.2973 0.6586 0.6912
vn -0.2971 0.6587 0.6913
vn -0.2972 0.6586 0.6913
vn -0.2484 -0.1402 0.9585
vn -0.2479 -0.1403 0.9586
vn -0.2478 -0.1403 0.9586
vn -0.2970 0.6566 0.6933
vn -0.2976 0.6562 0.6934
vn -0.2971 0.6565 0.6934
vn -0.2977 0.6561 0.6934
vn 0.1953 0.3804 -0.9039
vn 0.1955 0.3804 -0.9039
vn 0.1955 0.3801 -0.9040
vn 0.1959 0.3802 -0.9039
vn -0.2933 0.6916 0.6601
vn -0.2932 0.6917 0.6600
vn -0.2932 0.6916 0.6600
vn -0.1499 0.9886 -0.0115
vn -0.1502 0.9886 -0.0112
vn -0.1501 0.9886 -0.0113
vn -0.1503 0.9886 -0.0109
vn -0.3064 0.4599 0.8334
vn -0.3063 0.4600 0.8334
vn -0.3067 0.4596 0.8335
vn -0.2924 0.1770 0.9398
vn -0.2925 0.1768 0.9398
vn -0.2924 0.1769 0.9398
vn -0.0603 -0.7687 0.6368
vn -0.0602 -0.7691 0.6363
vn -0.0602 -0.7689 0.6365
vn 0.2074 -0.9557 -0.2089
vn 0.2071 -0.9557 -0.2091
vn 0.2073 -0.9557 -0.2088
vn 0.2069 -0.9558 -0.2089
vn -0.2759 0.0352 0.9606
vn -0.2757 0.0356 0.9606
vn -0.2758 0.0353 0.9606
vn -0.2756 0.0357 0.9606
vn -0.0305 -0.8259 0.5631
vn -0.0305 -0.8259 0.5630
vn -0.0305 -0.8259 0.5629
vn -0.2760 0.0346 0.9605
vn -0.2761 0.0345 0.9605
vn -0.2761 0.0346 0.9605
vn -0.2761 0.0344 0.9605
vn 0.2293 -0.9249 -0.3032
vn 0.2291 -0.9249 -0.3035
vn -0.9538 -0.1677 -0.2494
vn -0.9537 -0.1679 -0.2494
vn -0.9538 -0.1678 -0.2494
vn -0.9537 -0.1679 -0.2497
vn -0.9537 -0.1681 -0.2495
vn -0.9539 -0.1679 -0.2488
vn -0.9540 -0.1678 -0.2484
vn -0.9536 -0.1680 -0.2497
vn -0.9545 -0.1671 -0.2470
vn -0.9528 -0.1688 -0.2523
vn -0.9542 -0.1674 -0.2481
vn -0.9542 -0.1675 -0.2477
vn -0.9541 -0.1676 -0.2484
vn -0.9540 -0.1675 -0.2486
vn -0.9538 -0.1677 -0.2493
vn -0.9535 -0.1686 -0.2497
vn -0.9537 -0.1679 -0.2493
vn -0.9537 -0.1678 -0.2496
vn -0.9541 -0.1674 -0.2483
vn -0.9538 -0.1675 -0.2496
vn -0.9538 -0.1678 -0.2493
vn -0.9535 -0.1681 -0.2502
vn -0.9539 -0.1676 -0.2490
vn -0.9534 -0.1681 -0.2503
vn -0.9536 -0.1680 -0.2498
vn -0.9537 -0.1680 -0.2495
vn -0.9538 -0.1677 -0.2491
vn -0.9541 -0.1673 -0.2485
vn -0.9542 -0.1672 -0.2480
vn -0.9538 -0.1677 -0.2495
vn -0.9539 -0.1675 -0.2489
vn -0.9535 -0.1682 -0.2499
vn -0.9539 -0.1677 -0.2489
vn -0.9536 -0.1681 -0.2497
vn -0.9536 -0.1680 -0.2500
vn -0.9537 -0.1678 -0.2494
vn -0.9538 -0.1677 -0.2492
vn -0.9545 -0.1672 -0.2471
vn -0.9477 -0.1734 -0.2679
vn -0.9541 -0.1675 -0.2483
vn -0.9542 -0.1674 -0.2480
vn -0.9542 -0.1675 -0.2480
vn 0.9536 0.1681 0.2499
vn 0.9534 0.1683 0.2503
vn 0.9536 0.1680 0.2498
vn 0.9534 0.1684 0.2502
vn 0.9537 0.1681 0.2495
vn 0.9535 0.1682 0.2502
vn 0.9541 0.1680 0.2479
vn 0.9546 0.1678 0.2462
vn 0.9524 0.1693 0.2535
vn 0.9516 0.1695 0.2565
vn 0.9548 0.1666 0.2461
vn 0.9539 0.1681 0.2485
vn 0.9538 0.1675 0.2494
vn 0.9535 0.1680 0.2501
vn 0.9535 0.1681 0.2500
vn 0.9535 0.1680 0.2502
vn 0.9534 0.1679 0.2505
vn 0.9535 0.1681 0.2503
vn 0.9533 0.1683 0.2507
vn 0.9535 0.1682 0.2500
vn 0.9531 0.1689 0.2510
vn 0.9536 0.1677 0.2502
vn 0.9538 0.1678 0.2491
vn 0.9534 0.1685 0.2504
vn 0.9531 0.1685 0.2513
vn 0.9539 0.1675 0.2491
vn 0.9537 0.1678 0.2496
vn 0.9535 0.1681 0.2501
vn 0.9517 0.1699 0.2557
vn 0.9535 0.1681 0.2502
vn 0.9519 0.1697 0.2551
vn 0.9536 0.1681 0.2500
vn 0.9537 0.1679 0.2497
vn 0.9535 0.1683 0.2502
vn 0.9528 0.1688 0.2523
vn 0.9476 0.1733 0.2683
vn 0.9541 0.1675 0.2484
vn 0.9542 0.1674 0.2478
vn 0.9533 0.1684 0.2507
vn 0.9527 0.1695 0.2523
vn 0.2615 0.1196 -0.9578
vn 0.2614 0.1197 -0.9578
vn 0.2612 0.1198 -0.9578
vn 0.2782 -0.8098 -0.5165
vn 0.2782 -0.8099 -0.5164
vn 0.2779 -0.8100 -0.5164
vn 0.3080 -0.6227 -0.7193
vn 0.3079 -0.6226 -0.7194
vn 0.1541 -0.9881 0.0032
vn 0.1546 -0.9880 0.0028
vn 0.1543 -0.9880 0.0029
vn 0.2910 -0.0749 -0.9538
vn 0.2896 -0.0748 -0.9542
vn 0.2904 -0.0752 -0.9539
vn 0.2892 -0.0748 -0.9544
vn 0.2768 -0.8148 -0.5093
vn 0.2769 -0.8149 -0.5093
vn 0.2766 -0.8150 -0.5092
vn 0.2774 -0.8146 -0.5093
vn 0.3046 -0.6624 -0.6844
vn 0.3040 -0.6627 -0.6844
vn 0.3040 -0.6626 -0.6845
vn 0.3034 -0.6632 -0.6842
vn 0.2639 0.1036 -0.9590
vn 0.2636 0.1037 -0.9591
vn 0.2635 0.1036 -0.9591
vn 0.3103 -0.5892 -0.7460
vn 0.3100 -0.5896 -0.7458
vn 0.3100 -0.5897 -0.7458
vn 0.2353 -0.9217 -0.3082
vn 0.2353 -0.9217 -0.3083
vn 0.2352 -0.9217 -0.3084
vn 0.2351 -0.9217 -0.3085
vn -0.0309 0.9200 -0.3907
vn -0.0312 0.9200 -0.3906
vn -0.0314 0.9200 -0.3906
vn -0.0317 0.9201 -0.3905
vn -0.3077 0.6268 0.7159
vn -0.3076 0.6269 0.7159
vn -0.3075 0.6269 0.7159
vn -0.3078 0.6268 0.7158
vn -0.0517 0.9428 -0.3294
vn -0.0519 0.9429 -0.3291
vn -0.0518 0.9428 -0.3293
vn -0.0520 0.9429 -0.3290
vn 0.3086 -0.2632 -0.9140
vn 0.3090 -0.2634 -0.9139
vn 0.3087 -0.2633 -0.9140
vn 0.3096 -0.2633 -0.9137
vn 0.2817 -0.0049 -0.9595
vn 0.2813 -0.0049 -0.9596
vn 0.2816 -0.0049 -0.9595
vn 0.2813 -0.0047 -0.9596
vn 0.1431 -0.9888 0.0425
vn 0.1431 -0.9888 0.0422
vn 0.1433 -0.9888 0.0421
vn 0.1430 -0.9888 0.0421
vn -0.0311 0.9217 -0.3865
vn -0.0314 0.9217 -0.3865
vn -0.0318 0.9218 -0.3865
vn -0.0321 0.9218 -0.3864
vn -0.0416 -0.8149 0.5781
vn -0.0413 -0.8152 0.5778
vn -0.0416 -0.8151 0.5778
vn -0.0414 -0.8153 0.5775
vn -0.2758 -0.0300 0.9608
vn -0.2762 -0.0299 0.9606
vn -0.2767 -0.0299 0.9605
vn -0.3146 0.4970 0.8087
vn -0.3141 0.4972 0.8088
vn -0.3140 0.4972 0.8088
vn -0.3136 0.4974 0.8089
vn -0.2799 -0.0053 0.9600
vn -0.2800 -0.0054 0.9600
vn -0.2801 -0.0055 0.9600
vn -0.2434 0.9068 0.3442
vn -0.2427 0.9070 0.3441
vn -0.2432 0.9069 0.3441
vn 0.2761 0.0402 -0.9603
vn 0.2754 0.0405 -0.9605
vn 0.2759 0.0404 -0.9603
vn 0.2748 0.0407 -0.9606
vn -0.2736 0.8245 0.4954
vn -0.2741 0.8241 0.4958
vn -0.2737 0.8244 0.4954
vn -0.2739 0.8242 0.4957
vn 0.1829 0.4629 -0.8673
vn 0.1814 0.4638 -0.8672
vn 0.1825 0.4630 -0.8673
vn 0.1813 0.4640 -0.8671
vn -0.2919 0.7468 0.5975
vn -0.2922 0.7467 0.5975
vn -0.2921 0.7469 0.5974
vn -0.2529 -0.1672 0.9530
vn -0.2529 -0.1675 0.9529
vn -0.2526 -0.1670 0.9531
vn -0.2536 -0.1674 0.9527
vn -0.3148 0.4179 0.8522
vn -0.3143 0.4179 0.8524
vn -0.3147 0.4178 0.8523
vn -0.2612 -0.1162 0.9583
vn -0.2624 -0.1160 0.9580
vn -0.2615 -0.1161 0.9582
vn -0.2624 -0.1158 0.9580
vn 0.0055 -0.8898 0.4564
vn 0.0055 -0.8900 0.4560
vn 0.0052 -0.8897 0.4565
vn 0.0055 -0.8900 0.4559
vn 0.1907 -0.9728 -0.1315
vn 0.1905 -0.9728 -0.1317
vn 0.1910 -0.9727 -0.1316
vn 0.1905 -0.9728 -0.1318
vn -0.2171 -0.3290 0.9190
vn -0.2182 -0.3287 0.9189
vn -0.2173 -0.3289 0.9190
vn -0.2185 -0.3288 0.9188
vn 0.1545 -0.9880 0.0007
vn 0.1545 -0.9880 0.0006
vn -0.1012 -0.6920 0.7147
vn -0.1004 -0.6924 0.7145
vn -0.1007 -0.6923 0.7145
vn -0.1001 -0.6926 0.7144
vn 0.3044 -0.6645 -0.6824
vn 0.3038 -0.6646 -0.6827
vn 0.3046 -0.6646 -0.6823
vn 0.3038 -0.6645 -0.6828
vn -0.0315 -0.8315 0.5546
vn -0.0319 -0.8316 0.5545
vn -0.0315 -0.8316 0.5545
vn -0.0318 -0.8319 0.5540
vn 0.3140 -0.5256 -0.7907
vn 0.3133 -0.5262 -0.7905
vn 0.3138 -0.5259 -0.7906
vn 0.3132 -0.5263 -0.7905
vn -0.9507 -0.1722 -0.2577
vn -0.9508 -0.1724 -0.2576
vn -0.9509 -0.1719 -0.2574
vn -0.9511 -0.1714 -0.2571
vn -0.9511 -0.1713 -0.2570
vn -0.9510 -0.1714 -0.2573
vn -0.9510 -0.1714 -0.2574
vn -0.9510 -0.1715 -0.2574
vn -0.9508 -0.1716 -0.2579
vn -0.9511 -0.1714 -0.2568
vn -0.9522 -0.1704 -0.2535
vn -0.9513 -0.1712 -0.2564
vn -0.9511 -0.1716 -0.2570
vn -0.9508 -0.1716 -0.2578
vn -0.9511 -0.1714 -0.2569
vn -0.9508 -0.1717 -0.2580
vn -0.9508 -0.1718 -0.2580
vn -0.9509 -0.1715 -0.2575
vn -0.9508 -0.1714 -0.2580
vn -0.9501 -0.1720 -0.2602
vn -0.9510 -0.1711 -0.2574
vn -0.9511 -0.1713 -0.2572
vn -0.9511 -0.1711 -0.2573
vn -0.9511 -0.1715 -0.2570
vn -0.9510 -0.1714 -0.2572
vn -0.9511 -0.1712 -0.2571
vn -0.9511 -0.1711 -0.2571
vn -0.9510 -0.1713 -0.2573
vn -0.9513 -0.1709 -0.2565
vn -0.9510 -0.1713 -0.2574
vn -0.9507 -0.1718 -0.2582
vn -0.9511 -0.1711 -0.2570
vn -0.9511 -0.1712 -0.2570
vn -0.9505 -0.1719 -0.2589
vn -0.9505 -0.1719 -0.2588
vn -0.9509 -0.1714 -0.2578
vn 0.9505 0.1724 0.2585
vn 0.9505 0.1724 0.2586
vn 0.9503 0.1727 0.2589
vn 0.9504 0.1722 0.2589
vn 0.9506 0.1720 0.2583
vn 0.9506 0.1720 0.2584
vn 0.9506 0.1719 0.2584
vn 0.9507 0.1717 0.2582
vn 0.9500 0.1724 0.2603
vn 0.9504 0.1721 0.2593
vn 0.9504 0.1721 0.2591
vn 0.9504 0.1721 0.2589
vn 0.9505 0.1721 0.2589
vn 0.9506 0.1720 0.2585
vn 0.9507 0.1719 0.2582
vn 0.9508 0.1718 0.2578
vn 0.9505 0.1720 0.2589
vn 0.9509 0.1718 0.2574
vn 0.9506 0.1719 0.2587
vn 0.9506 0.1717 0.2586
vn 0.9507 0.1720 0.2582
vn 0.9507 0.1719 0.2581
vn 0.9506 0.1718 0.2584
vn 0.9504 0.1719 0.2591
vn 0.9507 0.1716 0.2583
vn 0.9507 0.1718 0.2582
vn 0.9516 0.1710 0.2553
vn 0.9506 0.1718 0.2585
vn 0.9509 0.1715 0.2576
vn 0.9500 0.1725 0.2601
vn 0.9503 0.1721 0.2594
vn 0.9504 0.1727 0.2587
vn -0.0207 -0.8067 0.5906
vn -0.0204 -0.8069 0.5903
vn -0.0204 -0.8068 0.5905
vn -0.0204 -0.8070 0.5902
vn 0.1740 -0.9833 0.0536
vn 0.1740 -0.9833 0.0534
vn 0.1740 -0.9833 0.0535
vn 0.1740 -0.9833 0.0533
vn 0.3019 -0.8249 -0.4780
vn 0.3019 -0.8248 -0.4780
vn 0.3348 -0.4882 -0.8060
vn 0.3346 -0.4881 -0.8061
vn 0.3345 -0.4880 -0.8062
vn 0.2725 0.0701 -0.9596
vn 0.2724 0.0702 -0.9596
vn 0.2724 0.0701 -0.9596
vn 0.3329 -0.4203 -0.8441
vn 0.3331 -0.4203 -0.8441
vn 0.3328 -0.4203 -0.8442
vn 0.3333 -0.4202 -0.8440
vn 0.2526 0.1635 -0.9537
vn 0.2528 0.1634 -0.9536
vn 0.2528 0.1635 -0.9536
vn 0.3028 -0.8213 -0.4835
vn 0.3028 -0.8212 -0.4836
vn 0.3028 -0.8213 -0.4836
vn 0.3028 -0.8212 -0.4837
vn -0.1782 -0.4375 0.8814
vn -0.1782 -0.4381 0.8811
vn -0.1782 -0.4378 0.8813
vn -0.1782 -0.4382 0.8811
vn 0.2148 -0.9725 -0.0903
vn 0.2148 -0.9724 -0.0906
vn 0.2148 -0.9725 -0.0904
vn 0.2148 -0.9724 -0.0907
vn 0.3093 -0.7946 -0.5225
vn 0.3093 -0.7945 -0.5225
vn 0.3093 -0.7945 -0.5226
vn 0.3307 -0.6357 -0.6975
vn 0.3307 -0.6358 -0.6974
vn 0.3308 -0.6359 -0.6973
vn 0.3258 -0.6880 -0.6485
vn 0.3262 -0.6878 -0.6485
vn 0.3262 -0.6878 -0.6484
vn 0.3261 -0.6878 -0.6485
vn 0.0072 0.8304 -0.5572
vn 0.0066 0.8304 -0.5571
vn 0.0057 0.8304 -0.5572
vn 0.0054 0.8304 -0.5572
vn -0.3286 0.6614 0.6742
vn -0.3287 0.6614 0.6742
vn -0.2382 0.9535 0.1849
vn -0.2383 0.9534 0.1851
vn -0.2383 0.9534 0.1850
vn -0.2387 0.9532 0.1854
vn -0.0912 0.9490 -0.3018
vn -0.0916 0.9491 -0.3015
vn -0.0914 0.9490 -0.3016
vn -0.0918 0.9491 -0.3013
vn 0.2823 0.0270 -0.9590
vn 0.2821 0.0271 -0.9590
vn 0.2823 0.0266 -0.9590
vn 0.2821 0.0270 -0.9590
vn -0.0838 0.9430 -0.3221
vn -0.0841 0.9432 -0.3215
vn -0.0838 0.9430 -0.3220
vn -0.3072 0.8003 0.5149
vn -0.3073 0.8002 0.5151
vn -0.3073 0.8001 0.5152
vn -0.3074 0.7999 0.5154
vn -0.2133 0.9726 0.0926
vn -0.2135 0.9725 0.0928
vn -0.2134 0.9726 0.0927
vn -0.2137 0.9725 0.0929
vn -0.3287 0.3341 0.8834
vn -0.3288 0.3339 0.8834
vn -0.3287 0.3340 0.8834
vn -0.3288 0.3338 0.8835
vn -0.3345 0.5497 0.7654
vn -0.3347 0.5496 0.7654
vn -0.3347 0.5495 0.7655
vn -0.3345 0.5501 0.7652
vn -0.2738 -0.0735 0.9590
vn -0.2737 -0.0737 0.9590
vn 0.0840 -0.9435 0.3205
vn 0.0840 -0.9437 0.3199
vn 0.0840 -0.9435 0.3204
vn 0.0841 -0.9438 0.3198
vn 0.1274 -0.9725 0.1949
vn 0.1274 -0.9726 0.1944
vn 0.1274 -0.9726 0.1943
vn 0.0164 -0.8667 0.4985
vn 0.0164 -0.8671 0.4979
vn 0.0164 -0.8668 0.4984
vn 0.0165 -0.8670 0.4981
vn -0.3172 0.2134 0.9240
vn -0.3176 0.2132 0.9240
vn -0.3240 0.6981 0.6385
vn -0.3247 0.6979 0.6383
vn -0.3249 0.6976 0.6386
vn -0.3177 0.2140 0.9237
vn -0.3178 0.2139 0.9237
vn -0.2695 -0.0916 0.9586
vn -0.2698 -0.0914 0.9586
vn -0.2698 -0.0913 0.9586
vn -0.2160 -0.3198 0.9225
vn -0.2153 -0.3202 0.9226
vn -0.2145 -0.3205 0.9226
vn -0.2138 -0.3208 0.9227
vn 0.2799 0.0500 -0.9587
vn 0.2793 0.0501 -0.9589
vn 0.2777 0.0503 -0.9593
vn 0.2771 0.0504 -0.9595
vn 0.3306 -0.4051 -0.8524
vn 0.3311 -0.4048 -0.8523
vn 0.3322 -0.4045 -0.8521
vn 0.3326 -0.4044 -0.8520
vn -0.0246 -0.8018 0.5971
vn -0.0250 -0.8018 0.5971
vn -0.0255 -0.8018 0.5970
vn -0.0260 -0.8016 0.5972
vn -0.2520 -0.1784 0.9511
vn -0.2518 -0.1785 0.9512
vn -0.2506 -0.1787 0.9515
vn -0.3331 0.4278 0.8402
vn -0.3335 0.4275 0.8402
vn -0.3340 0.4275 0.8401
vn -0.3342 0.4274 0.8400
vn -0.2915 0.8581 0.4227
vn -0.2909 0.8584 0.4224
vn -0.2905 0.8586 0.4224
vn -0.2902 0.8587 0.4223
vn -0.0562 0.9162 -0.3967
vn -0.0563 0.9162 -0.3967
vn -0.0562 0.9162 -0.3968
vn -0.0566 0.9162 -0.3967
vn -0.1550 -0.5112 0.8454
vn -0.1553 -0.5110 0.8454
vn -0.1558 -0.5109 0.8454
vn 0.0469 -0.9053 0.4221
vn 0.0468 -0.9054 0.4221
vn 0.0467 -0.9054 0.4219
vn 0.0466 -0.9055 0.4219
vn 0.2146 -0.9719 -0.0970
vn 0.2147 -0.9719 -0.0970
vn 0.2148 -0.9718 -0.0971
vn 0.3071 -0.8023 -0.5118
vn 0.3074 -0.8021 -0.5119
vn 0.3080 -0.8018 -0.5121
vn 0.3083 -0.8016 -0.5121
vn 0.3292 -0.3323 -0.8839
vn 0.3289 -0.3325 -0.8839
vn 0.3289 -0.3326 -0.8839
vn 0.2535 0.1666 -0.9529
vn 0.2531 0.1666 -0.9530
vn 0.2522 0.1669 -0.9532
vn 0.2518 0.1669 -0.9533
vn 0.3207 -0.2436 -0.9153
vn 0.3208 -0.2437 -0.9153
vn 0.3210 -0.2440 -0.9151
vn 0.3204 -0.2442 -0.9153
vn 0.0628 -0.9224 0.3810
vn 0.0629 -0.9226 0.3805
vn 0.0628 -0.9225 0.3810
vn 0.0629 -0.9227 0.3804
vn -0.0416 -0.7720 0.6343
vn -0.0416 -0.7723 0.6339
vn -0.0416 -0.7721 0.6341
vn -0.0416 -0.7724 0.6338
vn -0.2471 -0.1916 0.9498
vn -0.2472 -0.1919 0.9498
vn -0.2472 -0.1918 0.9498
vn -0.2472 -0.1921 0.9497
vn -0.1080 -0.6315 0.7678
vn -0.1080 -0.6318 0.7675
vn -0.1080 -0.6316 0.7677
vn -0.1080 -0.6319 0.7675
vn -0.0321 -0.7879 0.6150
vn -0.0321 -0.7881 0.6147
vn -0.0321 -0.7880 0.6149
vn -0.0321 -0.7882 0.6146
vn -0.2407 -0.2160 0.9463
vn -0.2410 -0.2160 0.9462
vn -0.2410 -0.2161 0.9461
vn -0.0516 -0.7509 0.6584
vn -0.0517 -0.7511 0.6582
vn -0.0517 -0.7510 0.6582
vn -0.0516 -0.7514 0.6578
vn -0.3273 0.3240 0.8876
vn -0.3274 0.3237 0.8877
vn -0.3273 0.3239 0.8877
vn -0.3273 0.3241 0.8876
vn -0.9428 -0.1835 -0.2782
vn -0.9431 -0.1832 -0.2774
vn -0.9431 -0.1833 -0.2775
vn -0.9429 -0.1835 -0.2780
vn -0.9425 -0.1838 -0.2791
vn -0.9425 -0.1839 -0.2791
vn -0.9424 -0.1839 -0.2793
vn -0.9424 -0.1839 -0.2792
vn -0.9426 -0.1837 -0.2787
vn -0.9425 -0.1838 -0.2792
vn -0.7979 -0.5934 -0.1057
vn -0.9423 -0.1840 -0.2796
vn -0.9426 -0.1837 -0.2789
vn -0.9426 -0.1837 -0.2788
vn -0.9426 -0.1836 -0.2789
vn -0.9426 -0.1838 -0.2788
vn -0.8427 -0.4674 0.2673
vn -0.8599 -0.5088 0.0400
vn -0.9024 -0.4308 -0.0095
vn -0.8738 -0.4765 -0.0970
vn -0.9426 -0.1836 -0.2788
vn -0.9428 -0.1835 -0.2784
vn -0.9426 -0.1838 -0.2789
vn -0.9425 -0.1841 -0.2789
vn -0.9430 -0.1834 -0.2776
vn -0.9425 -0.1839 -0.2790
vn -0.9426 -0.1835 -0.2789
vn -0.9424 -0.1839 -0.2794
vn -0.9425 -0.1839 -0.2792
vn -0.9425 -0.1840 -0.2788
vn -0.9424 -0.1837 -0.2794
vn -0.9425 -0.1838 -0.2793
vn -0.9427 -0.1837 -0.2784
vn 0.9420 0.1843 0.2806
vn 0.9427 0.1836 0.2785
vn 0.9420 0.1842 0.2804
vn 0.9428 0.1836 0.2782
vn 0.9425 0.1837 0.2792
vn 0.9426 0.1836 0.2788
vn 0.9424 0.1839 0.2793
vn 0.9425 0.1838 0.2790
vn 0.9423 0.1840 0.2796
vn 0.9423 0.1840 0.2797
vn 0.9426 0.1838 0.2788
vn 0.9426 0.1838 0.2787
vn 0.8833 -0.2599 0.3902
vn 0.9426 0.1837 0.2789
vn 0.9426 0.1836 0.2790
vn 0.9426 0.1837 0.2790
vn 0.9424 0.1840 0.2793
vn 0.6846 -0.1644 0.7101
vn 0.8284 -0.1722 0.5331
vn 0.8578 -0.0815 0.5076
vn 0.8967 -0.1289 0.4234
vn 0.9421 0.1841 0.2803
vn 0.9426 0.1835 0.2790
vn 0.9426 0.1837 0.2787
vn 0.9426 0.1836 0.2791
vn 0.9426 0.1838 0.2789
vn 0.9428 0.1836 0.2784
vn 0.9425 0.1837 0.2793
vn 0.9425 0.1839 0.2791
vn 0.9426 0.1836 0.2789
vn 0.9426 0.1837 0.2788
vn 0.9427 0.1837 0.2786
vn 0.9425 0.1838 0.2791
vn 0.9422 0.1841 0.2799
vn 0.9424 0.1838 0.2794
vn 0.9425 0.1841 0.2790
vn 0.9423 0.1839 0.2796
vn 0.9424 0.1841 0.2792
vn 0.9422 0.1842 0.2798
vn 0.9425 0.1838 0.2792
vt 0.015600 1.000000
vt 0.015600 0.000000
vt 0.000000 0.000000
vt 0.000000 1.000000
vt 0.031100 1.000000
vt 0.031100 0.000000
vt 0.043400 1.000000
vt 0.043400 0.000000
vt 0.056900 1.000000
vt 0.056900 0.000000
vt 0.084500 1.000000
vt 0.084500 0.000000
vt 0.104100 1.000000
vt 0.104100 0.000000
vt 0.132000 1.000000
vt 0.132000 0.000000
vt 0.142200 1.000000
vt 0.142200 0.000000
vt 0.147600 1.000000
vt 0.147600 0.000000
vt 0.157400 1.000000
vt 0.157400 0.000000
vt 0.173800 1.000000
vt 0.173800 0.000000
vt 0.197700 1.000000
vt 0.197700 0.000000
vt 0.232200 1.000000
vt 0.232200 0.000000
vt 0.364300 1.000000
vt 0.317000 0.000000
vt 0.315600 1.000000
vt 0.410400 1.000000
vt 0.410400 0.000000
vt 0.364300 0.000000
vt 0.435200 1.000000
vt 0.435200 0.000000
vt 0.461000 1.000000
vt 0.461000 0.000000
vt 0.465000 1.000000
vt 0.465000 0.000000
vt 0.472300 1.000000
vt 0.472300 0.000000
vt 0.477900 1.000000
vt 0.477900 0.000000
vt 0.502000 1.000000
vt 0.502000 0.000000
vt 0.514400 1.000000
vt 0.514400 0.000000
vt 0.523100 1.000000
vt 0.523100 0.000000
vt 0.529700 1.000000
vt 0.529700 0.000000
vt 0.539200 1.000000
vt 0.539200 0.000000
vt 0.548300 1.000000
vt 0.548300 0.000000
vt 0.556500 1.000000
vt 0.556500 0.000000
vt 0.568400 1.000000
vt 0.568400 0.000000
vt 0.581200 1.000000
vt 0.850100 1.000000
vt 0.850100 0.000000
vt 0.841800 0.000000
vt 0.858100 1.000000
vt 0.858100 0.000000
vt 0.876800 1.000000
vt 0.876800 0.000000
vt 0.898500 1.000000
vt 0.898500 0.000000
vt 0.911200 1.000000
vt 0.928100 1.000000
vt 0.928100 0.000000
vt 0.911200 0.000000
vt 0.950900 1.000000
vt 0.950900 0.000000
vt 0.984600 1.000000
vt 0.984600 0.000000
vt 1.000000 1.000000
vt 1.000000 0.000000
vt 0.022200 0.001300
vt 0.420200 0.066800
vt 0.056000 0.181300
vt 0.632400 0.000000
vt 0.669800 0.242200
vt 0.439800 0.267300
vt 0.071600 0.307600
vt 0.099700 0.389100
vt 0.714400 0.701300
vt 0.726100 0.659200
vt 0.808000 0.732700
vt 0.834000 0.645700
vt 0.156500 0.963800
vt 0.084600 0.967500
vt 0.172400 0.883700
vt 0.134100 0.423300
vt 0.155200 0.408500
vt 0.444500 0.315000
vt 0.174700 0.458000
vt 0.873300 0.360200
vt 0.905800 0.370700
vt 0.862900 0.378300
vt 0.915500 0.398000
vt 0.023900 0.923400
vt 0.000000 0.863800
vt 0.002600 0.791700
vt 0.078100 0.672900
vt 0.326900 0.858900
vt 0.401100 0.772900
vt 0.088900 0.569000
vt 0.475000 0.626900
vt 0.479000 0.765800
vt 0.534900 0.745100
vt 0.603900 0.660900
vt 0.748900 0.338100
vt 0.689800 0.650300
vt 0.852500 0.585700
vt 1.000000 0.482100
vt 0.890200 0.588700
vt 0.987800 0.546600
vt 0.928900 0.608200
vt 0.989100 0.593200
vt 0.970900 0.621800
vt 0.407500 0.000500
vt 0.427800 0.218200
vt 0.435700 0.302500
vt 0.439400 0.342600
vt 0.911200 0.072900
vt 0.488200 0.762400
vt 0.413700 0.000500
vt 0.014100 0.000000
vt 0.014100 1.000000
vt 0.036400 0.000000
vt 0.036400 1.000000
vt 0.054200 0.000000
vt 0.054200 1.000000
vt 0.084300 0.000000
vt 0.084300 1.000000
vt 0.104700 0.000000
vt 0.104700 1.000000
vt 0.126600 0.000000
vt 0.126600 1.000000
vt 0.135100 0.000000
vt 0.135100 1.000000
vt 0.161000 0.000000
vt 0.161000 1.000000
vt 0.170200 0.000000
vt 0.170200 1.000000
vt 0.201700 0.000000
vt 0.201700 1.000000
vt 0.216000 0.000000
vt 0.216000 1.000000
vt 0.222700 0.000000
vt 0.222700 1.000000
vt 0.258100 0.000000
vt 0.258100 1.000000
vt 0.265200 0.000000
vt 0.265200 1.000000
vt 0.278800 0.000000
vt 0.278800 1.000000
vt 0.311300 0.000000
vt 0.311300 1.000000
vt 0.347900 0.000000
vt 0.347900 1.000000
vt 0.362800 0.000000
vt 0.362800 1.000000
vt 0.378900 0.000000
vt 0.378900 1.000000
vt 0.392600 0.000000
vt 0.392600 1.000000
vt 0.471500 0.000000
vt 0.471500 1.000000
vt 0.523900 0.000000
vt 0.523900 1.000000
vt 0.538600 0.000000
vt 0.538600 1.000000
vt 0.598900 0.000000
vt 0.598900 1.000000
vt 0.636900 0.000000
vt 0.636900 1.000000
vt 0.731900 0.000000
vt 0.731900 1.000000
vt 0.758800 0.000000
vt 0.758800 1.000000
vt 0.793700 0.000000
vt 0.793700 1.000000
vt 0.820700 0.000000
vt 0.820700 1.000000
vt 0.842300 0.000000
vt 0.842300 1.000000
vt 0.855500 0.000000
vt 0.855500 1.000000
vt 0.908400 0.000000
vt 0.908400 1.000000
vt 0.923200 0.000000
vt 0.923200 1.000000
vt 0.932600 0.000000
vt 0.932600 1.000000
vt 0.941100 0.000000
vt 0.941100 1.000000
vt 0.959700 0.000000
vt 0.959700 1.000000
vt 0.989700 0.000000
vt 0.989700 1.000000
vt 0.296500 0.404400
vt 0.268300 0.418600
vt 0.330400 0.448400
vt 0.532700 0.941600
vt 0.615000 1.000000
vt 0.651200 0.954900
vt 1.000000 0.817600
vt 0.868000 0.646300
vt 0.816800 0.679200
vt 0.024600 0.119000
vt 0.000000 0.252800
vt 0.169600 0.243300
vt 0.094900 0.095100
vt 0.413400 0.656900
vt 0.383000 0.680100
vt 0.479100 0.723500
vt 0.800800 0.001000
vt 0.601600 0.006200
vt 0.652700 0.225400
vt 0.858700 0.348800
vt 0.689500 0.981800
vt 0.792000 0.898300
vt 0.192100 0.291000
vt 0.167500 0.310700
vt 0.348200 0.563700
vt 0.317200 0.589800
vt 0.529200 0.876100
vt 0.596300 0.188600
vt 0.530700 0.001200
vt 0.117600 0.000000
vt 0.070700 0.038300
vt 0.817600 0.443700
vt 0.691200 0.536600
vt 0.724700 0.633000
vt 0.964800 0.866400
vt 0.915900 0.869400
vt 0.429200 0.790000
vt 0.889400 0.894400
vt 0.011900 0.000000
vt 0.011900 1.000000
vt 0.025200 0.000000
vt 0.025200 1.000000
vt 0.038400 0.000000
vt 0.038400 1.000000
vt 0.044100 0.000000
vt 0.044100 1.000000
vt 0.063000 0.000000
vt 0.063000 1.000000
vt 0.075000 0.000000
vt 0.075000 1.000000
vt 0.085600 0.000000
vt 0.085600 1.000000
vt 0.104500 0.000000
vt 0.104500 1.000000
vt 0.129300 0.000000
vt 0.129300 1.000000
vt 0.151500 0.000000
vt 0.151500 1.000000
vt 0.165100 0.000000
vt 0.165100 1.000000
vt 0.187900 0.000000
vt 0.187900 1.000000
vt 0.195400 0.000000
vt 0.195400 1.000000
vt 0.212200 0.000000
vt 0.212200 1.000000
vt 0.230500 0.000000
vt 0.230500 1.000000
vt 0.240900 0.000000
vt 0.240900 1.000000
vt 0.259800 0.000000
vt 0.259800 1.000000
vt 0.277400 0.000000
vt 0.277400 1.000000
vt 0.288100 0.000000
vt 0.288100 1.000000
vt 0.330000 0.000000
vt 0.330000 1.000000
vt 0.345600 0.000000
vt 0.345600 1.000000
vt 0.363100 0.000000
vt 0.363100 1.000000
vt 0.394400 0.000000
vt 0.394400 1.000000
vt 0.403300 0.000000
vt 0.403300 1.000000
vt 0.432800 0.000000
vt 0.432800 1.000000
vt 0.443900 0.000000
vt 0.443900 1.000000
vt 0.454800 0.000000
vt 0.454800 1.000000
vt 0.478700 0.000000
vt 0.478700 1.000000
vt 0.543300 0.000000
vt 0.543300 1.000000
vt 0.551500 0.000000
vt 0.551500 1.000000
vt 0.621900 0.000000
vt 0.621900 1.000000
vt 0.637100 0.000000
vt 0.637100 1.000000
vt 0.687000 0.000000
vt 0.687000 1.000000
vt 0.720600 0.000000
vt 0.720600 1.000000
vt 0.817300 0.000000
vt 0.817300 1.000000
vt 0.864600 0.000000
vt 0.864600 1.000000
vt 0.905700 0.000000
vt 0.905700 1.000000
vt 0.926900 0.000000
vt 0.926900 1.000000
vt 0.944800 0.000000
vt 0.944800 1.000000
vt 0.967700 0.000000
vt 0.967700 1.000000
vt 0.980400 0.000000
vt 0.980400 1.000000
vt 0.356900 0.000000
vt 0.000000 0.001900
vt 0.124400 0.033800
vt 0.149500 0.303700
vt 0.056600 0.283600
vt 0.087800 0.340100
vt 0.540700 0.904400
vt 0.561000 1.000000
vt 0.639100 0.951300
vt 0.924300 0.701400
vt 0.873800 0.641200
vt 0.820000 0.714400
vt 0.124400 0.076400
vt 0.063100 0.074900
vt 0.113600 0.184000
vt 0.674600 0.984500
vt 0.710800 0.945300
vt 0.814800 0.939100
vt 0.803000 0.918400
vt 0.271100 0.440400
vt 0.067400 0.196400
vt 0.348300 0.574000
vt 0.307300 0.602500
vt 0.386900 0.646800
vt 0.932000 0.790700
vt 0.361900 0.032100
vt 0.753200 0.028000
vt 0.567700 0.033600
vt 0.600900 0.227100
vt 0.828700 0.401600
vt 0.548000 0.273100
vt 0.252200 0.480000
vt 0.344900 0.500500
vt 0.434800 0.702800
vt 0.413100 0.727700
vt 0.520400 0.774300
vt 0.984200 0.878200
vt 1.000000 0.802400
vt 0.918900 0.882900
vt 0.721600 0.569600
vt 0.875500 0.924700
vt 0.494000 0.823900
vt 0.123400 0.000500
vt 0.123400 0.999500
vt 0.077100 0.000500
vt 0.077100 0.999500
vt 0.235200 0.000500
vt 0.235200 0.999500
vt 0.331600 0.000500
vt 0.331600 0.999500
vt 0.520100 0.000500
vt 0.520100 0.999500
vt 0.687200 0.000500
vt 0.687200 0.999500
vt 0.651100 0.000500
vt 0.651100 0.999500
vt 0.664700 0.000500
vt 0.664700 0.999500
vt 0.484500 0.000500
vt 0.484500 0.999500
vt 0.734800 0.000500
vt 0.734800 0.999500
vt 0.999500 0.000500
vt 0.999500 0.999500
vt 0.868200 0.000500
vt 0.868200 0.999500
vt 0.612100 0.000500
vt 0.612100 0.999500
vt 0.320900 0.000500
vt 0.320900 0.999500
vt 0.652900 0.000500
vt 0.652900 0.999500
vt 0.955600 0.000500
vt 0.955600 0.999500
vt 0.869700 0.000500
vt 0.869700 0.999500
vt 0.071500 0.000500
vt 0.071500 0.999500
vt 0.137900 0.000500
vt 0.137900 0.999500
vt 0.015600 0.000500
vt 0.015600 0.999500
vt 0.337200 0.000500
vt 0.337200 0.999500
vt 0.924600 0.000500
vt 0.924600 0.999500
vt 0.836900 0.000500
vt 0.836900 0.999500
vt 0.391600 0.000500
vt 0.391600 0.999500
vt 0.302900 0.000500
vt 0.302900 0.999500
vt 0.932000 0.000500
vt 0.932000 0.999500
vt 0.448200 0.000500
vt 0.448200 0.999500
vt 0.397100 0.000500
vt 0.397100 0.999500
vt 0.137400 0.000500
vt 0.137400 0.999500
vt 0.015900 0.000500
vt 0.015900 0.999500
vt 0.550000 0.000500
vt 0.550000 0.999500
vt 0.513500 0.000500
vt 0.513500 0.999500
vt 0.583700 0.000500
vt 0.583700 0.999500
vt 0.177800 0.000500
vt 0.177800 0.999500
vt 0.140700 0.000500
vt 0.140700 0.999500
vt 0.631300 0.000500
vt 0.631300 0.999500
vt 0.592500 0.000500
vt 0.592500 0.999500
vt 0.399400 0.000500
vt 0.399400 0.999500
vt 0.368700 0.000500
vt 0.368700 0.999500
vt 0.290500 0.000500
vt 0.290500 0.999500
vt 0.237500 0.000500
vt 0.237500 0.999500
vt 0.489000 0.000500
vt 0.489000 0.999500
vt 0.427800 0.000500
vt 0.427800 0.999500
vt 0.371100 0.000500
vt 0.371100 0.999500
vt 0.311000 0.000500
vt 0.311000 0.999500
vt 0.506500 0.000500
vt 0.506500 0.999500
vt 0.639800 0.000500
vt 0.639800 0.999500
vt 0.747600 0.000500
vt 0.747600 0.999500
vt 0.548700 0.000500
vt 0.548700 0.999500
vt 0.513900 0.000500
vt 0.513900 0.999500
vt 0.799200 0.000500
vt 0.799200 0.999500
vt 0.764200 0.000500
vt 0.764200 0.999500
vt 0.837000 0.000500
vt 0.837000 0.999500
vt 0.889000 0.000500
vt 0.889000 0.999500
vt 0.950300 0.000500
vt 0.950300 0.999500
vt 0.975800 0.000500
vt 0.975800 0.999500
vt 0.522000 0.000500
vt 0.522000 0.999500
vt 0.488700 0.000500
vt 0.488700 0.999500
vt 0.601600 0.000500
vt 0.601600 0.999500
vt 0.654400 0.000500
vt 0.654400 0.999500
vt 0.038600 0.000500
vt 0.038600 0.999500
vt 0.932500 0.391500
vt 0.925100 0.302700
vt 0.837200 0.337000
vt 0.762800 0.600700
vt 0.792200 0.631400
vt 0.822500 0.592600
vt 0.984600 0.448100
vt 1.000000 0.397000
vt 0.863000 0.513500
vt 0.375100 0.923300
vt 0.345400 0.961800
vt 0.398300 0.992200
vt 0.896500 0.137500
vt 0.870100 0.015100
vt 0.071000 0.000000
vt 0.000000 0.679300
vt 0.131400 0.735000
vt 0.188300 0.664900
vt 0.004200 0.387800
vt 0.312600 0.484400
vt 0.044800 0.346900
vt 0.478000 1.000000
vt 0.511300 0.976200
vt 0.499200 0.950700
vt 0.027100 0.043900
vt 0.348800 0.479800
vt 0.547900 0.799500
vt 0.548700 0.764500
vt 0.514000 0.747800
vt 0.553700 0.889400
vt 0.354200 0.876900
vt 0.373000 0.765100
vt 0.569200 0.837400
vt 0.336000 0.668600
vt 0.573500 0.639900
vt 0.568800 0.592600
vt 0.629000 0.506500
vt 0.689200 0.511000
vt 0.709700 0.572300
vt 0.879600 0.550100
vt 0.859700 0.583800
vt 0.029900 0.000000
vt 0.029900 1.000000
vt 0.064300 0.000000
vt 0.064300 1.000000
vt 0.078000 0.000000
vt 0.078000 1.000000
vt 0.140200 0.000000
vt 0.140200 1.000000
vt 0.207600 0.000000
vt 0.207600 1.000000
vt 0.293900 0.000000
vt 0.293900 1.000000
vt 0.319300 0.000000
vt 0.319300 1.000000
vt 0.336800 0.000000
vt 0.336800 1.000000
vt 0.378000 0.000000
vt 0.378000 1.000000
vt 0.394300 0.000000
vt 0.394300 1.000000
vt 0.417700 0.000000
vt 0.417700 1.000000
vt 0.489500 0.000000
vt 0.489500 1.000000
vt 0.513700 0.000000
vt 0.513700 1.000000
vt 0.547600 0.000000
vt 0.547600 1.000000
vt 0.571900 0.000000
vt 0.571900 1.000000
vt 0.624300 0.000000
vt 0.624300 1.000000
vt 0.647200 0.000000
vt 0.647200 1.000000
vt 0.690300 0.000000
vt 0.690300 1.000000
vt 0.716900 0.000000
vt 0.716900 1.000000
vt 0.808500 0.000000
vt 0.808500 1.000000
vt 0.850200 0.000000
vt 0.850200 1.000000
vt 0.883000 0.000000
vt 0.883000 1.000000
vt 0.912600 0.000000
vt 0.912600 1.000000
vt 0.930300 0.000000
vt 0.930300 1.000000
vt 0.953700 0.000000
vt 0.953700 1.000000
vt 0.978700 0.000000
vt 0.978700 1.000000
vt 0.805400 0.006000
vt 0.589500 0.000000
vt 0.627000 0.079100
vt 0.811500 0.103000
vt 0.635200 0.270600
vt 0.887400 0.433400
vt 0.000000 0.264600
vt 0.016400 0.327400
vt 0.140100 0.305500
vt 0.092200 0.129800
vt 0.922100 0.815000
vt 0.873000 0.737200
vt 0.791800 0.762500
vt 0.922100 0.967600
vt 1.000000 0.964600
vt 1.000000 0.886800
vt 0.765000 0.557000
vt 0.577900 0.082100
vt 0.520500 0.004300
vt 0.160600 0.003000
vt 0.553300 0.204800
vt 0.088600 0.070200
vt 0.377000 0.569700
vt 0.713000 0.670700
vt 0.435400 0.812500
vt 0.627000 0.991500
vt 0.694900 0.983600
vt 0.865900 1.000000
vt 0.033500 0.000000
vt 0.033500 1.000000
vt 0.047200 0.000000
vt 0.047200 1.000000
vt 0.060800 0.000000
vt 0.060800 1.000000
vt 0.073700 0.000000
vt 0.073700 1.000000
vt 0.089000 0.000000
vt 0.089000 1.000000
vt 0.098900 0.000000
vt 0.098900 1.000000
vt 0.136400 0.000000
vt 0.136400 1.000000
vt 0.201100 0.000000
vt 0.201100 1.000000
vt 0.245800 0.000000
vt 0.245800 1.000000
vt 0.316300 0.000000
vt 0.316300 1.000000
vt 0.339200 0.000000
vt 0.339200 1.000000
vt 0.363600 0.000000
vt 0.363600 1.000000
vt 0.410700 0.000000
vt 0.410700 1.000000
vt 0.551900 0.000000
vt 0.551900 1.000000
vt 0.566300 0.000000
vt 0.566300 1.000000
vt 0.599400 0.000000
vt 0.599400 1.000000
vt 0.643400 0.000000
vt 0.643400 1.000000
vt 0.667400 0.000000
vt 0.667400 1.000000
vt 0.721700 0.000000
vt 0.721700 1.000000
vt 0.760100 0.000000
vt 0.760100 1.000000
vt 0.792500 0.000000
vt 0.792500 1.000000
vt 0.824100 0.000000
vt 0.824100 1.000000
vt 0.852700 0.000000
vt 0.852700 1.000000
vt 0.886700 0.000000
vt 0.886700 1.000000
vt 0.911600 0.000000
vt 0.911600 1.000000
vt 0.933200 0.000000
vt 0.933200 1.000000
vt 0.978600 0.000000
vt 0.978600 1.000000
vt 0.592700 0.055300
vt 0.615900 0.006100
vt 0.587900 0.955400
vt 0.616000 0.999600
vt 0.658600 0.963900
vt 0.015800 0.173300
vt 0.067800 0.251500
vt 0.138300 0.191400
vt 0.278400 0.422700
vt 0.655700 0.165100
vt 0.414200 0.540800
vt 0.755600 0.006100
vt 0.650900 0.002800
vt 0.796200 0.203400
vt 0.526700 0.898300
vt 0.531800 0.954600
vt 0.569400 0.891800
vt 0.848600 0.337900
vt 0.825400 0.455500
vt 0.751700 0.553900
vt 0.491800 0.770400
vt 0.767200 0.658900
vt 0.868900 0.749900
vt 0.798300 1.000000
vt 0.867900 0.947200
vt 0.960000 0.799800
vt 1.000000 0.872100
vt 0.976400 0.944800
vt 0.127100 0.000500
vt 0.127100 0.999500
vt 0.037900 0.000500
vt 0.037900 0.999500
vt 0.172100 0.000500
vt 0.172100 0.999500
vt 0.296100 0.000500
vt 0.296100 0.999500
vt 0.481500 0.000500
vt 0.481500 0.999500
vt 0.645500 0.000500
vt 0.645500 0.999500
vt 0.426800 0.000500
vt 0.426800 0.999500
vt 0.354500 0.000500
vt 0.354500 0.999500
vt 0.589600 0.000500
vt 0.589600 0.999500
vt 0.573200 0.000500
vt 0.573200 0.999500
vt 0.723700 0.000500
vt 0.723700 0.999500
vt 0.921200 0.000500
vt 0.921200 0.999500
vt 0.998400 0.000500
vt 0.998400 0.999500
vt 0.615400 0.000500
vt 0.615400 0.999500
vt 0.111700 0.000500
vt 0.111700 0.999500
vt 0.083500 0.000500
vt 0.083500 0.999500
vt 0.003500 0.000500
vt 0.003500 0.999500
vt 0.553500 0.000500
vt 0.553500 0.999500
vt 0.500300 0.000500
vt 0.500300 0.999500
vt 0.241100 0.000500
vt 0.241100 0.999500
vt 0.095500 0.000500
vt 0.095500 0.999500
vt 0.668600 0.000500
vt 0.668600 0.999500
vt 0.499500 0.000500
vt 0.499500 0.999500
vt 0.735500 0.000500
vt 0.735500 0.999500
vt 0.728400 0.000500
vt 0.728400 0.999500
vt 0.757000 0.000500
vt 0.757000 0.999500
vt 0.787700 0.000500
vt 0.787700 0.999500
vt 0.822300 0.000500
vt 0.822300 0.999500
vt 0.855300 0.000500
vt 0.855300 0.999500
vt 0.881400 0.000500
vt 0.881400 0.999500
vt 0.895400 0.000500
vt 0.895400 0.999500
vt 0.903200 0.000500
vt 0.903200 0.999500
vt 0.914300 0.000500
vt 0.914300 0.999500
vt 0.928100 0.000500
vt 0.928100 0.999500
vt 0.944100 0.000500
vt 0.944100 0.999500
vt 0.961600 0.000500
vt 0.961600 0.999500
vt 0.980300 0.000500
vt 0.980300 0.999500
vt 0.997300 0.000500
vt 0.997300 0.999500
vt 0.775100 0.000500
vt 0.775100 0.999500
vt 0.149500 0.000500
vt 0.149500 0.999500
vt 0.001800 0.000500
vt 0.001800 0.999500
vt 0.264600 0.000500
vt 0.264600 0.999500
vt 0.416500 0.000500
vt 0.416500 0.999500
vt 0.547600 0.000500
vt 0.547600 0.999500
vt 0.650100 0.000500
vt 0.650100 0.999500
vt 0.409900 0.000500
vt 0.409900 0.999500
vt 0.349900 0.000500
vt 0.349900 0.999500
vt 0.727700 0.000500
vt 0.727700 0.999500
vt 0.590100 0.000500
vt 0.590100 0.999500
vt 0.956100 0.000500
vt 0.956100 0.999500
vt 0.798400 0.000500
vt 0.798400 0.999500
vt 0.742100 0.000500
vt 0.742100 0.999500
vt 0.847900 0.000500
vt 0.847900 0.999500
vt 0.064800 0.000500
vt 0.064800 0.999500
vt 0.025500 0.000500
vt 0.025500 0.999500
vt 0.166400 0.000500
vt 0.166400 0.999500
vt 0.145100 0.000500
vt 0.145100 0.999500
vt 0.873800 0.000500
vt 0.873800 0.999500
vt 0.833600 0.000500
vt 0.833600 0.999500
vt 0.194900 0.000500
vt 0.194900 0.999500
vt 0.131300 0.000500
vt 0.131300 0.999500
vt 0.880900 0.000500
vt 0.880900 0.999500
vt 0.000500 0.000500
vt 0.000500 0.999500
vt 0.499700 0.083100
vt 0.615500 0.003000
vt 0.111300 0.001100
vt 0.446400 0.095100
vt 0.855600 0.149200
vt 0.997800 0.001300
vt 0.775400 0.000000
vt 0.766800 0.019200
vt 0.758500 0.037900
vt 0.750800 0.055500
vt 0.744000 0.071500
vt 0.738300 0.085300
vt 0.734100 0.096400
vt 0.956500 0.727900
vt 0.895600 0.590200
vt 0.793300 0.650300
vt 0.731600 0.104300
vt 0.667000 0.962600
vt 0.719500 1.000000
vt 0.805400 0.881300
vt 0.728100 0.118200
vt 0.098500 0.078400
vt 0.721300 0.144400
vt 0.577300 0.873200
vt 0.839800 0.264400
vt 0.712000 0.177400
vt 0.701200 0.212000
vt 0.689800 0.242700
vt 0.003500 0.410300
vt 0.028100 0.426800
vt 0.164300 0.354400
vt 0.000000 0.276100
vt 0.678700 0.264300
vt 0.895400 0.416400
vt 0.668700 0.271300
vt 0.756300 0.547600
vt 0.499500 0.240800
vt 0.416000 0.518500
vt 0.473300 0.704100
vt 0.491100 0.828200
vt 0.869100 0.874200
vt 0.898200 0.833900
vt 1.000000 0.742300
vt 0.998900 0.798700
vt 0.975000 0.848300
vt 0.935600 0.855200
vt 0.222900 0.000500
vt 0.222900 0.999500
vt 0.066400 0.000500
vt 0.066400 0.999500
vt 0.294100 0.000500
vt 0.294100 0.999500
vt 0.348900 0.000500
vt 0.348900 0.999500
vt 0.748600 0.000500
vt 0.748600 0.999500
vt 0.694700 0.000500
vt 0.694700 0.999500
vt 0.446900 0.000500
vt 0.446900 0.999500
vt 0.517200 0.000500
vt 0.517200 0.999500
vt 0.628400 0.000500
vt 0.628400 0.999500
vt 0.684300 0.000500
vt 0.684300 0.999500
vt 0.804600 0.000500
vt 0.804600 0.999500
vt 0.357600 0.000500
vt 0.357600 0.999500
vt 0.341100 0.000500
vt 0.341100 0.999500
vt 0.528800 0.000500
vt 0.528800 0.999500
vt 0.447100 0.000500
vt 0.447100 0.999500
vt 0.835400 0.000500
vt 0.835400 0.999500
vt 0.654100 0.000500
vt 0.654100 0.999500
vt 0.949200 0.000500
vt 0.949200 0.999500
vt 0.497300 0.000500
vt 0.497300 0.999500
vt 0.373800 0.000500
vt 0.373800 0.999500
vt 0.502700 0.000500
vt 0.502700 0.999500
vt 0.249700 0.000500
vt 0.249700 0.999500
vt 0.235800 0.000500
vt 0.235800 0.999500
vt 0.057900 0.000500
vt 0.057900 0.999500
vt 0.464600 0.000500
vt 0.464600 0.999500
vt 0.681300 0.000500
vt 0.681300 0.999500
vt 0.730500 0.000500
vt 0.730500 0.999500
vt 0.340200 0.000500
vt 0.340200 0.999500
vt 0.269500 0.000500
vt 0.269500 0.999500
vt 0.751900 0.000500
vt 0.751900 0.999500
vt 0.659800 0.000500
vt 0.659800 0.999500
vt 0.704800 0.000500
vt 0.704800 0.999500
vt 0.768000 0.000500
vt 0.768000 0.999500
vt 0.714000 0.000500
vt 0.714000 0.999500
vt 0.859600 0.000500
vt 0.859600 0.999500
vt 0.888900 0.000500
vt 0.888900 0.999500
vt 0.959700 0.000500
vt 0.959700 0.999500
vt 0.405000 0.000500
vt 0.405000 0.999500
vt 0.335900 0.000500
vt 0.335900 0.999500
vt 0.434400 0.000500
vt 0.434400 0.999500
vt 0.979600 0.000500
vt 0.979600 0.999500
vt 0.947600 0.000500
vt 0.947600 0.999500
vt 0.506400 0.000500
vt 0.506400 0.999500
vt 0.468000 0.000500
vt 0.468000 0.999500
vt 0.597000 0.000500
vt 0.597000 0.999500
vt 0.027300 0.000500
vt 0.027300 0.999500
vt 0.736300 0.000500
vt 0.736300 0.999500
vt 0.605700 0.000500
vt 0.605700 0.999500
vt 0.003700 0.000500
vt 0.003700 0.999500
vt 0.750500 0.057400
vt 1.000000 0.004900
vt 0.502700 0.005300
vt 0.626300 0.050400
vt 0.357400 0.000000
vt 0.215100 0.195100
vt 0.447000 0.340900
vt 0.239700 0.315500
vt 0.705000 0.752200
vt 0.642100 0.660000
vt 0.601000 0.730800
vt 0.649600 0.235500
vt 0.567000 0.164200
vt 0.528800 0.345800
vt 0.666800 0.464600
vt 0.783500 0.768200
vt 0.757300 0.714200
vt 0.713600 0.859900
vt 0.394200 0.973200
vt 0.402900 1.000000
vt 0.493600 0.964300
vt 0.256300 0.934000
vt 0.263400 0.996800
vt 0.364600 0.777400
vt 0.284100 0.553200
vt 0.251100 0.629000
vt 0.305100 0.651200
vt 0.550700 0.681400
vt 0.532100 0.980100
vt 0.565600 0.948000
vt 0.202300 0.371500
vt 0.238200 0.482800
vt 0.319100 0.706100
vt 0.712900 0.889300
vt 0.664300 0.960200
vt 0.595100 0.965300
vt 0.581200 0.000000
vt 0.603900 0.000000
vt 0.603900 1.000000
vt 0.614500 0.000000
vt 0.614500 1.000000
vt 0.624700 0.000000
vt 0.624700 1.000000
vt 0.644300 0.000000
vt 0.644300 1.000000
vt 0.660800 0.000000
vt 0.660800 1.000000
vt 0.679200 0.000000
vt 0.679200 1.000000
vt 0.693300 0.000000
vt 0.693300 1.000000
vt 0.708500 0.000000
vt 0.708500 1.000000
vt 0.726100 0.000000
vt 0.726100 1.000000
vt 0.751700 0.000000
vt 0.751700 1.000000
vt 0.759000 0.000000
vt 0.759000 1.000000
vt 0.776700 0.000000
vt 0.776700 1.000000
vt 0.791300 0.000000
vt 0.791300 1.000000
vt 0.807500 0.000000
vt 0.807500 1.000000
vt 0.841800 1.000000
vt 0.797600 0.819900
vt 0.745600 0.905400
vt 0.782200 0.871300
vt 0.812100 0.826200
vt 0.796300 1.000000
vt 0.826500 0.982600
vt 0.710200 0.956900
vt 0.715600 0.985000
vt 0.664900 0.933900
vt 0.671200 0.874500
vt 0.636200 0.853800
vt 0.679000 0.793600
vt 0.649200 0.785100
vt 0.723100 0.738300
vt 0.847300 0.712000
s 1
usemtl 3d66_Standardmaterial_17342430_129
f 88/131/189 87/132/190 86/3/191
f 87/132/190 89/4/192 86/3/191
f 91/133/193 90/134/194 88/131/193
f 90/134/194 87/132/195 88/131/193
f 93/135/196 92/136/196 91/133/196
f 92/136/196 90/134/196 91/133/196
f 95/137/197 94/138/198 93/135/199
f 94/138/198 92/136/200 93/135/199
f 97/139/201 96/140/202 95/137/202
f 96/140/202 94/138/203 95/137/202
f 99/141/204 98/142/205 97/139/206
f 98/142/205 96/140/207 97/139/206
f 101/143/208 100/144/209 99/141/210
f 100/144/209 98/142/211 99/141/210
f 103/145/212 102/146/213 101/143/214
f 102/146/213 100/144/215 101/143/214
f 105/147/216 104/148/217 103/145/218
f 104/148/217 102/146/219 103/145/218
f 107/149/220 106/150/220 105/147/220
f 106/150/220 104/148/220 105/147/220
f 109/151/221 108/152/222 107/149/223
f 108/152/222 106/150/224 107/149/223
f 111/153/225 110/154/226 109/151/227
f 110/154/226 108/152/226 109/151/227
f 113/155/228 112/156/229 111/153/230
f 112/156/229 110/154/231 111/153/230
f 115/157/232 114/158/233 113/155/234
f 114/158/233 112/156/235 113/155/234
f 117/159/236 116/160/237 115/157/238
f 116/160/237 114/158/239 115/157/238
f 119/161/240 118/162/241 117/159/242
f 118/162/241 116/160/243 117/159/242
f 121/163/244 120/164/244 119/161/244
f 120/164/244 118/162/245 119/161/244
f 123/165/246 122/166/247 121/163/248
f 122/166/247 120/164/249 121/163/248
f 125/167/250 124/168/251 123/165/250
f 124/168/251 122/166/252 123/165/250
f 127/169/253 126/170/254 125/167/255
f 126/170/254 124/168/256 125/167/255
f 129/171/257 128/172/258 127/169/259
f 128/172/258 126/170/260 127/169/259
f 131/173/261 130/174/261 129/171/261
f 130/174/261 128/172/262 129/171/261
f 133/175/263 132/176/264 131/173/265
f 132/176/264 130/174/264 131/173/265
f 135/177/266 134/178/266 133/175/266
f 134/178/266 132/176/267 133/175/266
f 137/179/268 136/180/269 135/177/270
f 136/180/269 134/178/271 135/177/270
f 139/181/272 138/182/273 137/179/273
f 138/182/273 136/180/274 137/179/273
f 141/183/275 140/184/276 139/181/277
f 140/184/276 138/182/276 139/181/277
f 143/185/278 142/186/279 141/183/280
f 142/186/279 140/184/281 141/183/280
f 145/187/282 144/188/283 143/185/284
f 144/188/283 142/186/285 143/185/284
f 147/189/286 146/190/287 145/187/288
f 146/190/287 144/188/289 145/187/288
f 149/191/290 148/192/291 147/189/292
f 148/192/291 146/190/293 147/189/292
f 151/193/294 150/194/295 149/191/294
f 150/194/295 148/192/295 149/191/294
f 153/195/296 152/196/297 151/193/298
f 152/196/297 150/194/299 151/193/298
f 155/197/300 154/198/301 153/195/300
f 154/198/301 152/196/301 153/195/300
f 157/199/302 156/200/303 155/197/304
f 156/200/303 154/198/305 155/197/304
f 159/201/306 158/202/307 157/199/308
f 158/202/307 156/200/309 157/199/308
f 161/203/310 160/204/311 159/201/312
f 160/204/311 158/202/313 159/201/312
f 86/80/314 89/79/315 161/203/314
f 89/79/315 160/204/315 161/203/314
f 164/243/380 163/244/381 162/3/382
f 163/244/381 165/4/383 162/3/382
f 167/245/384 166/246/385 164/243/386
f 166/246/385 163/244/387 164/243/386
f 169/247/388 168/248/389 167/245/390
f 168/248/389 166/246/391 167/245/390
f 171/249/392 170/250/393 169/247/394
f 170/250/393 168/248/395 169/247/394
f 173/251/396 172/252/397 171/249/398
f 172/252/397 170/250/399 171/249/398
f 175/253/400 174/254/401 173/251/402
f 174/254/401 172/252/401 173/251/402
f 177/255/403 176/256/403 175/253/403
f 176/256/403 174/254/403 175/253/403
f 179/257/404 178/258/405 177/255/406
f 178/258/405 176/256/407 177/255/406
f 181/259/408 180/260/409 179/257/410
f 180/260/409 178/258/411 179/257/410
f 183/261/412 182/262/412 181/259/412
f 182/262/412 180/260/413 181/259/412
f 185/263/414 184/264/415 183/261/416
f 184/264/415 182/262/415 183/261/416
f 187/265/417 186/266/418 185/263/419
f 186/266/418 184/264/420 185/263/419
f 189/267/421 188/268/422 187/265/423
f 188/268/422 186/266/424 187/265/423
f 191/269/425 190/270/426 189/267/427
f 190/270/426 188/268/428 189/267/427
f 193/271/429 192/272/430 191/269/431
f 192/272/430 190/270/432 191/269/431
f 195/273/433 194/274/434 193/271/435
f 194/274/434 192/272/436 193/271/435
f 197/275/437 196/276/438 195/273/439
f 196/276/438 194/274/440 195/273/439
f 199/277/441 198/278/442 197/275/443
f 198/278/442 196/276/444 197/275/443
f 201/279/445 200/280/446 199/277/445
f 200/280/446 198/278/447 199/277/445
f 203/281/448 202/282/449 201/279/450
f 202/282/449 200/280/451 201/279/450
f 205/283/452 204/284/453 203/281/454
f 204/284/453 202/282/455 203/281/454
f 207/285/456 206/286/457 205/283/458
f 206/286/457 204/284/459 205/283/458
f 209/287/460 208/288/461 207/285/462
f 208/288/461 206/286/463 207/285/462
f 211/289/464 210/290/465 209/287/464
f 210/290/465 208/288/466 209/287/464
f 213/291/467 212/292/467 211/289/467
f 212/292/467 210/290/468 211/289/467
f 215/293/469 214/294/470 213/291/471
f 214/294/470 212/292/472 213/291/471
f 217/295/473 216/296/474 215/293/475
f 216/296/474 214/294/476 215/293/475
f 219/297/477 218/298/478 217/295/479
f 218/298/478 216/296/480 217/295/479
f 221/299/481 220/300/482 219/297/482
f 220/300/482 218/298/483 219/297/482
f 223/301/484 222/302/485 221/299/486
f 222/302/485 220/300/487 221/299/486
f 225/303/488 224/304/489 223/301/490
f 224/304/489 222/302/489 223/301/490
f 227/305/491 226/306/492 225/303/493
f 226/306/492 224/304/494 225/303/493
f 229/307/495 228/308/496 227/305/497
f 228/308/496 226/306/498 227/305/497
f 231/309/499 230/310/500 229/307/501
f 230/310/500 228/308/502 229/307/501
f 233/311/503 232/312/503 231/309/504
f 232/312/503 230/310/505 231/309/504
f 235/313/506 234/314/507 233/311/507
f 234/314/507 232/312/508 233/311/507
f 237/315/509 236/316/510 235/313/510
f 236/316/510 234/314/511 235/313/510
f 239/317/512 238/318/513 237/315/514
f 238/318/513 236/316/515 237/315/514
f 241/319/516 240/320/517 239/317/518
f 240/320/517 238/318/519 239/317/518
f 243/321/520 242/322/521 241/319/522
f 242/322/521 240/320/523 241/319/522
f 245/323/524 244/324/525 243/321/526
f 244/324/525 242/322/527 243/321/526
f 162/80/528 165/79/529 245/323/528
f 165/79/529 244/324/530 245/323/528
f 330/2/828 329/1/829 328/3/830
f 329/1/829 331/4/831 328/3/830
f 333/530/832 332/531/833 330/2/834
f 332/531/833 329/1/835 330/2/834
f 335/532/836 334/533/837 333/530/838
f 334/533/837 332/531/839 333/530/838
f 337/534/840 336/535/841 335/532/840
f 336/535/841 334/533/841 335/532/840
f 339/536/842 338/537/843 337/534/844
f 338/537/843 336/535/845 337/534/844
f 341/538/846 340/539/847 339/536/847
f 340/539/847 338/537/848 339/536/847
f 343/540/849 342/541/850 341/538/850
f 342/541/850 340/539/851 341/538/850
f 345/542/852 344/543/853 343/540/854
f 344/543/853 342/541/855 343/540/854
f 347/544/856 346/545/857 345/542/856
f 346/545/857 344/543/858 345/542/856
f 349/546/859 348/547/860 347/544/861
f 348/547/860 346/545/862 347/544/861
f 351/548/863 350/549/864 349/546/863
f 350/549/864 348/547/865 349/546/863
f 353/550/866 352/551/867 351/548/866
f 352/551/867 350/549/868 351/548/866
f 355/552/869 354/553/870 353/550/870
f 354/553/870 352/551/871 353/550/870
f 357/554/872 356/555/873 355/552/874
f 356/555/873 354/553/873 355/552/874
f 359/556/875 358/557/876 357/554/877
f 358/557/876 356/555/878 357/554/877
f 361/558/879 360/559/880 359/556/881
f 360/559/880 358/557/882 359/556/881
f 363/560/883 362/561/883 361/558/883
f 362/561/883 360/559/883 361/558/883
f 365/562/884 364/563/885 363/560/886
f 364/563/885 362/561/885 363/560/886
f 367/564/887 366/565/888 365/562/889
f 366/565/888 364/563/890 365/562/889
f 369/566/891 368/567/892 367/564/892
f 368/567/892 366/565/892 367/564/892
f 371/568/893 370/569/894 369/566/895
f 370/569/894 368/567/896 369/566/895
f 373/570/897 372/571/898 371/568/898
f 372/571/898 370/569/898 371/568/898
f 375/572/899 374/573/900 373/570/899
f 374/573/900 372/571/899 373/570/899
f 377/574/901 376/575/902 375/572/903
f 376/575/902 374/573/904 375/572/903
f 379/576/905 378/577/906 377/574/907
f 378/577/906 376/575/908 377/574/907
f 381/578/909 380/579/910 379/576/911
f 380/579/910 378/577/912 379/576/911
f 383/580/913 382/581/914 381/578/915
f 382/581/914 380/579/916 381/578/915
f 328/80/917 331/79/918 383/580/917
f 331/79/918 382/581/919 383/580/917
f 386/610/961 385/611/962 384/3/963
f 385/611/962 387/4/964 384/3/963
f 389/612/965 388/613/966 386/610/967
f 388/613/966 385/611/968 386/610/967
f 391/614/969 390/615/969 389/612/970
f 390/615/969 388/613/971 389/612/970
f 393/616/972 392/617/973 391/614/974
f 392/617/973 390/615/975 391/614/974
f 395/618/976 394/619/977 393/616/978
f 394/619/977 392/617/979 393/616/978
f 397/620/980 396/621/981 395/618/982
f 396/621/981 394/619/981 395/618/982
f 399/622/983 398/623/984 397/620/983
f 398/623/984 396/621/985 397/620/983
f 401/624/986 400/625/987 399/622/987
f 400/625/987 398/623/988 399/622/987
f 403/626/989 402/627/990 401/624/991
f 402/627/990 400/625/992 401/624/991
f 405/628/993 404/629/994 403/626/994
f 404/629/994 402/627/995 403/626/994
f 407/630/996 406/631/997 405/628/998
f 406/631/997 404/629/999 405/628/998
f 409/632/1000 408/633/1001 407/630/1000
f 408/633/1001 406/631/1002 407/630/1000
f 411/634/1003 410/635/1004 409/632/1005
f 410/635/1004 408/633/1006 409/632/1005
f 413/636/1007 412/637/1008 411/634/1009
f 412/637/1008 410/635/1010 411/634/1009
f 415/638/1011 414/639/1012 413/636/1013
f 414/639/1012 412/637/1014 413/636/1013
f 417/640/1015 416/641/1016 415/638/1017
f 416/641/1016 414/639/1018 415/638/1017
f 419/642/1019 418/643/1020 417/640/1019
f 418/643/1020 416/641/1021 417/640/1019
f 421/644/1022 420/645/1023 419/642/1024
f 420/645/1023 418/643/1025 419/642/1024
f 423/646/1026 422/647/1026 421/644/1026
f 422/647/1026 420/645/1027 421/644/1026
f 425/648/1028 424/649/1029 423/646/1030
f 424/649/1029 422/647/1029 423/646/1030
f 427/650/1031 426/651/1032 425/648/1033
f 426/651/1032 424/649/1034 425/648/1033
f 429/652/1035 428/653/1036 427/650/1037
f 428/653/1036 426/651/1038 427/650/1037
f 431/654/1039 430/655/1039 429/652/1040
f 430/655/1039 428/653/1039 429/652/1040
f 433/656/1041 432/657/1042 431/654/1043
f 432/657/1042 430/655/1044 431/654/1043
f 435/658/1045 434/659/1046 433/656/1047
f 434/659/1046 432/657/1048 433/656/1047
f 437/660/1049 436/661/1050 435/658/1049
f 436/661/1050 434/659/1050 435/658/1049
f 439/578/1051 438/579/1052 437/660/1053
f 438/579/1052 436/661/1054 437/660/1053
f 441/662/1055 440/663/1056 439/578/1057
f 440/663/1056 438/579/1058 439/578/1057
f 384/80/1059 387/79/1060 441/662/1061
f 387/79/1060 440/663/1062 441/662/1061
usemtl 3d66_Standardmaterial_17342430_128
f 111/205/316 109/206/317 107/207/318
f 91/208/319 88/209/320 86/210/321
f 151/211/322 149/212/323 147/213/324
f 121/214/325 119/215/325 117/216/321
f 123/217/326 121/214/325 117/216/321
f 101/218/327 99/219/328 97/220/329
f 137/221/330 135/222/331 133/223/332
f 139/224/333 137/221/330 133/223/332
f 86/210/321 161/225/334 159/226/335
f 115/227/321 113/228/320 111/205/316
f 105/229/336 103/230/337 101/218/327
f 93/231/338 91/208/319 86/210/321
f 131/232/339 129/233/340 127/234/341
f 131/232/339 127/234/341 125/235/339
f 131/232/339 125/235/339 123/217/326
f 131/232/339 123/217/326 117/216/321
f 131/232/339 117/216/321 115/227/321
f 131/232/339 115/227/321 111/205/316
f 133/223/332 131/232/339 111/205/316
f 133/223/332 111/205/316 107/207/318
f 139/224/333 133/223/332 107/207/318
f 141/236/342 139/224/333 107/207/318
f 143/237/343 141/236/342 107/207/318
f 143/237/343 107/207/318 105/229/336
f 143/237/343 105/229/336 101/218/327
f 145/238/344 143/237/343 101/218/327
f 145/238/344 101/218/327 97/220/329
f 93/231/338 86/210/321 159/226/335
f 153/239/324 151/211/322 147/213/324
f 155/240/345 153/239/324 147/213/324
f 97/220/329 95/241/346 93/231/338
f 145/238/344 97/220/329 93/231/338
f 145/238/344 93/231/338 159/226/335
f 147/213/324 145/238/344 159/226/335
f 155/240/345 147/213/324 159/226/335
f 155/240/345 159/226/335 157/242/345
f 108/206/347 110/205/348 106/207/349
f 87/209/350 90/208/348 89/210/351
f 148/212/352 150/211/353 146/213/354
f 118/215/355 120/214/356 116/216/357
f 120/214/356 122/217/358 116/216/357
f 98/219/359 100/218/360 96/220/360
f 134/222/361 136/221/362 132/223/363
f 136/221/362 138/224/364 132/223/363
f 160/225/365 89/210/351 158/226/366
f 112/228/367 114/227/351 110/205/348
f 102/230/368 104/229/369 100/218/360
f 90/208/348 92/231/370 89/210/351
f 128/233/371 130/232/372 126/234/373
f 126/234/373 130/232/372 124/235/373
f 124/235/373 130/232/372 122/217/358
f 122/217/358 130/232/372 116/216/357
f 116/216/357 130/232/372 114/227/351
f 114/227/351 130/232/372 110/205/348
f 130/232/372 132/223/363 110/205/348
f 110/205/348 132/223/363 106/207/349
f 132/223/363 138/224/364 106/207/349
f 138/224/364 140/236/374 106/207/349
f 140/236/374 142/237/374 106/207/349
f 106/207/349 142/237/374 104/229/369
f 104/229/369 142/237/374 100/218/360
f 142/237/374 144/238/375 100/218/360
f 100/218/360 144/238/375 96/220/360
f 89/210/351 92/231/370 158/226/366
f 150/211/353 152/239/376 146/213/354
f 152/239/376 154/240/377 146/213/354
f 94/241/378 96/220/360 92/231/370
f 96/220/360 144/238/375 92/231/370
f 92/231/370 144/238/375 158/226/366
f 144/238/375 146/213/354 158/226/366
f 146/213/354 154/240/377 158/226/366
f 158/226/366 154/240/377 156/242/379
usemtl 3d66_Standardmaterial_17342430_130
f 221/325/531 219/326/532 217/327/533
f 207/328/534 205/329/535 203/330/536
f 181/331/537 179/332/538 177/333/539
f 241/334/540 239/335/541 237/336/542
f 215/337/536 213/338/543 211/339/544
f 177/333/539 175/340/545 173/341/546
f 173/341/546 171/342/547 169/343/548
f 207/328/534 203/330/536 201/344/549
f 211/339/544 209/345/550 207/328/534
f 195/346/551 193/347/552 191/348/552
f 243/349/536 241/334/540 237/336/542
f 223/350/553 221/325/531 217/327/533
f 231/351/554 229/352/533 227/353/555
f 233/354/556 231/351/554 227/353/555
f 233/354/556 227/353/555 225/355/556
f 201/344/549 199/356/557 197/357/558
f 189/358/536 187/359/559 185/360/554
f 223/350/553 217/327/533 215/337/536
f 162/361/533 245/362/560 243/349/536
f 164/363/561 162/361/533 243/349/536
f 235/364/562 233/354/556 225/355/556
f 225/355/556 223/350/553 215/337/536
f 225/355/556 215/337/536 211/339/544
f 225/355/556 211/339/544 207/328/534
f 225/355/556 207/328/534 201/344/549
f 235/364/562 225/355/556 201/344/549
f 235/364/562 201/344/549 197/357/558
f 235/364/562 197/357/558 195/346/551
f 235/364/562 195/346/551 191/348/552
f 235/364/562 191/348/552 189/358/536
f 237/336/542 235/364/562 189/358/536
f 237/336/542 189/358/536 185/360/554
f 169/343/548 167/365/563 164/363/561
f 169/343/548 164/363/561 243/349/536
f 169/343/548 243/349/536 237/336/542
f 169/343/548 237/336/542 185/360/554
f 173/341/546 169/343/548 185/360/554
f 177/333/539 173/341/546 185/360/554
f 181/331/537 177/333/539 185/360/554
f 183/366/564 181/331/537 185/360/554
f 218/326/565 220/325/566 216/327/567
f 204/329/568 206/328/569 202/330/570
f 178/332/571 180/331/572 176/333/573
f 238/335/574 240/334/575 236/336/576
f 212/338/577 214/337/578 210/339/579
f 174/340/580 176/333/573 172/341/581
f 170/342/582 172/341/581 168/343/583
f 202/330/570 206/328/569 200/344/584
f 208/345/585 210/339/579 206/328/569
f 192/347/586 194/346/587 190/348/588
f 240/334/575 242/349/589 236/336/576
f 220/325/566 222/350/576 216/327/567
f 228/352/587 230/351/590 226/353/591
f 230/351/590 232/354/592 226/353/591
f 226/353/591 232/354/592 224/355/593
f 198/356/594 200/344/584 196/357/595
f 186/359/596 188/358/597 184/360/598
f 216/327/567 222/350/576 214/337/578
f 244/362/599 165/361/600 242/349/589
f 165/361/600 163/363/592 242/349/589
f 232/354/592 234/364/589 224/355/593
f 222/350/576 224/355/593 214/337/578
f 214/337/578 224/355/593 210/339/579
f 210/339/579 224/355/593 206/328/569
f 206/328/569 224/355/593 200/344/584
f 224/355/593 234/364/589 200/344/584
f 200/344/584 234/364/589 196/357/595
f 196/357/595 234/364/589 194/346/587
f 194/346/587 234/364/589 190/348/588
f 190/348/588 234/364/589 188/358/597
f 234/364/589 236/336/576 188/358/597
f 188/358/597 236/336/576 184/360/598
f 166/365/601 168/343/583 163/363/592
f 163/363/592 168/343/583 242/349/589
f 242/349/589 168/343/583 236/336/576
f 236/336/576 168/343/583 184/360/598
f 168/343/583 172/341/581 184/360/598
f 172/341/581 176/333/573 184/360/598
f 176/333/573 180/331/572 184/360/598
f 180/331/572 182/366/602 184/360/598
usemtl 3d66_Standardmaterial_17342430_132
f 248/367/603 247/368/604 246/369/605
f 247/368/604 249/370/606 246/369/605
f 251/371/607 250/372/608 248/367/609
f 250/372/608 247/368/610 248/367/609
f 253/373/611 252/374/612 251/371/613
f 252/374/612 250/372/614 251/371/613
f 255/375/615 254/376/616 253/373/616
f 254/376/616 252/374/617 253/373/616
f 257/377/618 256/378/619 255/379/618
f 256/378/619 254/380/620 255/379/618
f 259/381/621 258/382/622 257/383/622
f 258/382/622 256/384/623 257/383/622
f 261/385/624 260/386/625 259/381/626
f 260/386/625 258/382/625 259/381/626
f 263/387/627 262/388/628 261/389/629
f 262/388/628 260/390/630 261/389/629
f 265/391/631 264/392/632 263/393/633
f 264/392/632 262/394/634 263/393/633
f 267/395/635 266/396/635 265/391/635
f 266/396/635 264/392/636 265/391/635
f 269/397/637 268/398/637 267/395/637
f 268/398/637 266/396/637 267/395/637
f 271/387/638 270/388/639 269/397/640
f 270/388/639 268/398/641 269/397/640
f 273/399/642 272/400/643 271/401/644
f 272/400/643 270/402/645 271/401/644
f 275/403/646 274/404/647 273/405/648
f 274/404/647 272/406/649 273/405/648
f 277/407/650 276/408/651 275/403/652
f 276/408/651 274/404/653 275/403/652
f 279/409/654 278/410/655 277/411/656
f 278/410/655 276/412/657 277/411/656
f 281/413/658 280/414/659 279/415/660
f 280/414/659 278/416/661 279/415/660
f 283/387/662 282/388/663 281/417/664
f 282/388/663 280/418/665 281/417/664
f 285/419/666 284/420/667 283/421/668
f 284/420/667 282/422/669 283/421/668
f 287/423/670 286/424/671 285/425/672
f 286/424/671 284/426/673 285/425/672
f 289/427/674 288/428/675 287/429/676
f 288/428/675 286/430/677 287/429/676
f 291/431/678 290/432/679 289/427/680
f 290/432/679 288/428/681 289/427/680
f 293/433/682 292/434/683 291/435/684
f 292/434/683 290/436/685 291/435/684
f 295/437/686 294/438/687 293/439/688
f 294/438/687 292/440/689 293/439/688
f 297/441/690 296/442/691 295/443/692
f 296/442/691 294/444/693 295/443/692
f 299/445/694 298/446/695 297/447/696
f 298/446/695 296/448/697 297/447/696
f 301/449/698 300/450/699 299/451/700
f 300/450/699 298/452/701 299/451/700
f 303/453/702 302/454/703 301/455/704
f 302/454/703 300/456/703 301/455/704
f 305/439/705 304/440/706 303/457/707
f 304/440/706 302/458/708 303/457/707
f 307/459/709 306/460/710 305/439/711
f 306/460/710 304/440/712 305/439/711
f 309/461/713 308/462/714 307/459/715
f 308/462/714 306/460/716 307/459/715
f 311/463/717 310/464/718 309/465/719
f 310/464/718 308/466/720 309/465/719
f 313/467/721 312/468/722 311/469/723
f 312/468/722 310/470/722 311/469/723
f 315/471/724 314/472/725 313/467/726
f 314/472/725 312/468/727 313/467/726
f 317/473/728 316/474/729 315/471/728
f 316/474/729 314/472/730 315/471/728
f 319/475/731 318/476/732 317/473/733
f 318/476/732 316/474/734 317/473/733
f 321/477/735 320/478/736 319/475/737
f 320/478/736 318/476/738 319/475/737
f 323/479/739 322/480/740 321/481/741
f 322/480/740 320/482/742 321/481/741
f 325/483/743 324/484/744 323/479/745
f 324/484/744 322/480/746 323/479/745
f 327/485/747 326/486/748 325/483/749
f 326/486/748 324/484/750 325/483/749
f 246/369/751 249/370/752 327/487/753
f 249/370/752 326/488/754 327/487/753
f 444/692/1114 443/693/1115 442/694/1116
f 443/693/1115 445/695/1117 442/694/1116
f 447/696/1118 446/697/1119 444/692/1120
f 446/697/1119 443/693/1121 444/692/1120
f 449/698/1122 448/699/1123 447/696/1124
f 448/699/1123 446/697/1123 447/696/1124
f 451/700/1125 450/701/1126 449/698/1126
f 450/701/1126 448/699/1127 449/698/1126
f 453/702/1128 452/703/1129 451/700/1130
f 452/703/1129 450/701/1131 451/700/1130
f 455/704/1132 454/705/1133 453/706/1134
f 454/705/1133 452/707/1135 453/706/1134
f 457/708/1136 456/709/1137 455/710/1138
f 456/709/1137 454/711/1137 455/710/1138
f 459/712/1139 458/713/1140 457/708/1141
f 458/713/1140 456/709/1142 457/708/1141
f 461/714/1143 460/715/1144 459/712/1144
f 460/715/1144 458/713/1144 459/712/1144
f 463/716/1145 462/717/1146 461/714/1147
f 462/717/1146 460/715/1148 461/714/1147
f 465/718/1149 464/719/1150 463/720/1151
f 464/719/1150 462/721/1152 463/720/1151
f 467/722/1153 466/723/1154 465/724/1155
f 466/723/1154 464/725/1156 465/724/1155
f 469/726/1157 468/727/1158 467/728/1159
f 468/727/1158 466/729/1160 467/728/1159
f 471/730/1161 470/731/1162 469/732/1163
f 470/731/1162 468/733/1164 469/732/1163
f 473/734/1165 472/735/1166 471/736/1167
f 472/735/1166 470/737/1168 471/736/1167
f 475/738/1169 474/739/1170 473/740/1165
f 474/739/1170 472/741/1166 473/740/1165
f 477/742/1171 476/743/1172 475/738/1169
f 476/743/1172 474/739/1170 475/738/1169
f 479/744/1173 478/745/1174 477/742/1171
f 478/745/1174 476/743/1172 477/742/1171
f 481/746/1175 480/747/1176 479/744/1173
f 480/747/1176 478/745/1174 479/744/1173
f 483/748/1177 482/749/1178 481/746/1175
f 482/749/1178 480/747/1176 481/746/1175
f 485/750/1179 484/751/1180 483/748/1177
f 484/751/1180 482/749/1178 483/748/1177
f 487/752/1181 486/753/1182 485/750/1179
f 486/753/1182 484/751/1180 485/750/1179
f 489/754/1183 488/755/1184 487/752/1181
f 488/755/1184 486/753/1182 487/752/1181
f 491/756/1185 490/757/1186 489/754/1183
f 490/757/1186 488/755/1184 489/754/1183
f 493/758/1187 492/759/1188 491/756/1185
f 492/759/1188 490/757/1186 491/756/1185
f 495/760/1189 494/761/1190 493/758/1187
f 494/761/1190 492/759/1188 493/758/1187
f 497/762/1191 496/763/1192 495/760/1189
f 496/763/1192 494/761/1190 495/760/1189
f 499/764/1193 498/765/1194 497/762/1191
f 498/765/1194 496/763/1192 497/762/1191
f 501/387/1195 500/388/1196 499/764/1193
f 500/388/1196 498/765/1194 499/764/1193
f 503/766/1197 502/767/1198 501/768/1199
f 502/767/1198 500/769/1200 501/768/1199
f 505/770/1201 504/771/1201 503/772/1201
f 504/771/1201 502/773/1201 503/772/1201
f 507/774/1202 506/775/1203 505/770/1204
f 506/775/1203 504/771/1202 505/770/1204
f 509/776/1205 508/777/1206 507/774/1207
f 508/777/1206 506/775/1208 507/774/1207
f 511/778/1209 510/779/1210 509/776/1210
f 510/779/1210 508/777/1211 509/776/1210
f 513/780/1212 512/781/1213 511/778/1214
f 512/781/1213 510/779/1215 511/778/1214
f 515/782/1216 514/783/1217 513/784/1218
f 514/783/1217 512/785/1219 513/784/1218
f 517/786/1220 516/787/1221 515/788/1222
f 516/787/1221 514/789/1221 515/788/1222
f 519/387/1223 518/388/1224 517/790/1225
f 518/388/1224 516/791/1226 517/790/1225
f 521/792/1227 520/793/1228 519/794/1229
f 520/793/1228 518/795/1228 519/794/1229
f 523/796/1230 522/797/1231 521/792/1232
f 522/797/1231 520/793/1231 521/792/1232
f 525/798/1233 524/799/1234 523/800/1235
f 524/799/1234 522/801/1234 523/800/1235
f 527/802/1236 526/803/1237 525/804/1238
f 526/803/1237 524/805/1239 525/804/1238
f 529/806/1240 528/807/1241 527/808/1242
f 528/807/1241 526/809/1243 527/808/1242
f 531/810/1244 530/811/1245 529/812/1245
f 530/811/1245 528/813/1246 529/812/1245
f 533/387/1247 532/388/1248 531/814/1249
f 532/388/1248 530/815/1250 531/814/1249
f 442/694/1251 445/695/1252 533/816/1252
f 445/695/1252 532/817/1252 533/816/1252
f 536/864/1335 535/865/1336 534/866/1336
f 535/865/1336 537/867/1337 534/866/1336
f 539/868/1338 538/869/1339 536/864/1339
f 538/869/1339 535/865/1340 536/864/1339
f 541/870/1341 540/871/1341 539/868/1342
f 540/871/1341 538/869/1341 539/868/1342
f 543/872/1343 542/873/1344 541/874/1345
f 542/873/1344 540/875/1345 541/874/1345
f 545/876/1346 544/877/1347 543/453/1348
f 544/877/1347 542/454/1349 543/453/1348
f 547/878/1350 546/879/1351 545/876/1352
f 546/879/1351 544/877/1353 545/876/1352
f 549/880/1354 548/881/1355 547/878/1356
f 548/881/1355 546/879/1357 547/878/1356
f 551/882/1358 550/883/1359 549/880/1358
f 550/883/1359 548/881/1360 549/880/1358
f 553/884/1361 552/885/1362 551/882/1361
f 552/885/1362 550/883/1363 551/882/1361
f 555/387/1364 554/388/1365 553/884/1366
f 554/388/1365 552/885/1367 553/884/1366
f 557/886/1368 556/887/1369 555/816/1370
f 556/887/1369 554/817/1371 555/816/1370
f 559/888/1372 558/889/1373 557/816/1374
f 558/889/1373 556/817/1375 557/816/1374
f 561/890/1376 560/891/1377 559/892/1378
f 560/891/1377 558/893/1379 559/892/1378
f 563/894/1380 562/895/1381 561/896/1382
f 562/895/1381 560/897/1383 561/896/1382
f 565/898/1384 564/899/1385 563/894/1386
f 564/899/1385 562/895/1387 563/894/1386
f 567/900/1388 566/901/1389 565/902/1390
f 566/901/1389 564/903/1391 565/902/1390
f 569/387/1392 568/388/1393 567/904/1394
f 568/388/1393 566/905/1395 567/904/1394
f 571/906/1396 570/907/1397 569/816/1398
f 570/907/1397 568/817/1399 569/816/1398
f 573/908/1400 572/909/1401 571/910/1401
f 572/909/1401 570/911/1402 571/910/1401
f 575/912/1403 574/913/1404 573/908/1405
f 574/913/1404 572/909/1406 573/908/1405
f 577/914/1407 576/915/1408 575/912/1408
f 576/915/1408 574/913/1409 575/912/1408
f 579/916/1410 578/917/1411 577/914/1412
f 578/917/1411 576/915/1411 577/914/1412
f 581/918/1413 580/919/1414 579/920/1415
f 580/919/1414 578/921/1416 579/920/1415
f 583/922/1417 582/923/1418 581/924/1419
f 582/923/1418 580/925/1420 581/924/1419
f 585/742/1421 584/743/1422 583/926/1423
f 584/743/1422 582/927/1424 583/926/1423
f 587/928/1425 586/929/1426 585/930/1425
f 586/929/1426 584/931/1427 585/930/1425
f 589/932/1428 588/933/1429 587/928/1430
f 588/933/1429 586/929/1431 587/928/1430
f 591/934/1432 590/935/1433 589/932/1434
f 590/935/1433 588/933/1433 589/932/1434
f 593/936/1435 592/937/1436 591/934/1437
f 592/937/1436 590/935/1438 591/934/1437
f 595/938/1439 594/939/1440 593/940/1441
f 594/939/1440 592/941/1442 593/940/1441
f 597/942/1443 596/943/1444 595/938/1445
f 596/943/1444 594/939/1446 595/938/1445
f 599/944/1447 598/945/1448 597/946/1449
f 598/945/1448 596/947/1450 597/946/1449
f 601/948/1451 600/949/1452 599/950/1451
f 600/949/1452 598/951/1452 599/950/1451
f 603/952/1453 602/953/1454 601/948/1455
f 602/953/1454 600/949/1456 601/948/1455
f 605/954/1457 604/955/1458 603/816/1459
f 604/955/1458 602/817/1460 603/816/1459
f 607/956/1461 606/957/1462 605/958/1463
f 606/957/1462 604/959/1464 605/958/1463
f 534/866/1465 537/867/1466 607/960/1467
f 537/867/1466 606/961/1468 607/960/1467
usemtl 3d66_Standardmaterial_17342430_131
f 281/489/755 279/490/756 277/491/757
f 297/492/758 295/493/759 293/494/760
f 285/495/761 283/496/762 281/489/755
f 287/497/763 285/495/761 281/489/755
f 246/498/764 327/499/765 325/500/766
f 287/497/763 281/489/755 277/491/757
f 275/501/767 273/502/768 271/503/769
f 277/491/757 275/501/767 271/503/769
f 263/504/770 261/505/771 259/506/772
f 265/507/773 263/504/770 259/506/772
f 265/507/773 259/506/772 257/508/774
f 267/509/775 265/507/773 257/508/774
f 323/510/776 321/511/777 319/512/778
f 325/500/766 323/510/776 319/512/778
f 246/498/764 325/500/766 319/512/778
f 277/491/757 271/503/769 269/513/779
f 277/491/757 269/513/779 267/509/775
f 277/491/757 267/509/775 257/508/774
f 277/491/757 257/508/774 255/514/780
f 287/497/763 277/491/757 255/514/780
f 313/515/758 311/516/781 309/517/778
f 246/498/764 319/512/778 317/518/772
f 248/519/782 246/498/764 317/518/772
f 251/520/783 248/519/782 317/518/772
f 251/520/783 317/518/772 315/521/784
f 251/520/783 315/521/784 313/515/758
f 251/520/783 313/515/758 309/517/778
f 253/522/779 251/520/783 309/517/778
f 253/522/779 309/517/778 307/523/785
f 255/514/780 253/522/779 307/523/785
f 255/514/780 307/523/785 305/524/786
f 255/514/780 305/524/786 303/525/787
f 287/497/763 255/514/780 303/525/787
f 287/497/763 303/525/787 301/526/788
f 287/497/763 301/526/788 299/527/789
f 287/497/763 299/527/789 297/492/758
f 287/497/763 297/492/758 293/494/760
f 289/528/790 287/497/763 293/494/760
f 291/529/791 289/528/790 293/494/760
f 278/490/792 280/489/793 276/491/794
f 294/493/795 296/492/796 292/494/797
f 282/496/798 284/495/799 280/489/793
f 284/495/799 286/497/800 280/489/793
f 326/499/801 249/498/802 324/500/798
f 280/489/793 286/497/800 276/491/794
f 272/502/803 274/501/804 270/503/805
f 274/501/804 276/491/794 270/503/805
f 260/505/806 262/504/806 258/506/807
f 262/504/806 264/507/808 258/506/807
f 258/506/807 264/507/808 256/508/809
f 264/507/808 266/509/810 256/508/809
f 320/511/811 322/510/812 318/512/813
f 322/510/812 324/500/798 318/512/813
f 324/500/798 249/498/802 318/512/813
f 270/503/805 276/491/794 268/513/814
f 268/513/814 276/491/794 266/509/810
f 266/509/810 276/491/794 256/508/809
f 256/508/809 276/491/794 254/514/815
f 276/491/794 286/497/800 254/514/815
f 310/516/816 312/515/817 308/517/794
f 318/512/813 249/498/802 316/518/818
f 249/498/802 247/519/819 316/518/818
f 247/519/819 250/520/820 316/518/818
f 316/518/818 250/520/820 314/521/821
f 314/521/821 250/520/820 312/515/817
f 312/515/817 250/520/820 308/517/794
f 250/520/820 252/522/820 308/517/794
f 308/517/794 252/522/820 306/523/822
f 252/522/820 254/514/815 306/523/822
f 306/523/822 254/514/815 304/524/803
f 304/524/803 254/514/815 302/525/823
f 254/514/815 286/497/800 302/525/823
f 302/525/823 286/497/800 300/526/824
f 300/526/824 286/497/800 298/527/825
f 298/527/825 286/497/800 296/492/796
f 296/492/796 286/497/800 292/494/797
f 286/497/800 288/528/826 292/494/797
f 288/528/826 290/529/827 292/494/797
usemtl 3d66_Standardmaterial_17342430_133
f 367/582/920 365/583/921 363/584/921
f 369/585/921 367/582/920 363/584/921
f 369/585/921 363/584/921 361/586/922
f 371/587/923 369/585/921 361/586/922
f 347/588/924 345/589/925 343/590/926
f 349/591/927 347/588/924 343/590/926
f 381/592/928 379/593/929 377/594/930
f 330/595/931 328/596/932 383/597/922
f 373/598/933 371/587/923 361/586/922
f 330/595/931 383/597/922 381/592/928
f 357/599/934 355/600/935 353/601/934
f 359/602/936 357/599/934 353/601/934
f 359/602/936 353/601/934 351/603/936
f 359/602/936 351/603/936 349/591/927
f 359/602/936 349/591/927 343/590/926
f 359/602/936 343/590/926 341/604/937
f 361/586/922 359/602/936 341/604/937
f 373/598/933 361/586/922 341/604/937
f 375/605/938 373/598/933 341/604/937
f 375/605/938 341/604/937 339/606/939
f 375/605/938 339/606/939 337/607/922
f 377/594/930 375/605/938 337/607/922
f 377/594/930 337/607/922 335/608/940
f 381/592/928 377/594/930 335/608/940
f 330/595/931 381/592/928 335/608/940
f 330/595/931 335/608/940 333/609/941
f 364/583/942 366/582/943 362/584/944
f 366/582/943 368/585/943 362/584/944
f 362/584/944 368/585/943 360/586/945
f 368/585/943 370/587/946 360/586/945
f 344/589/947 346/588/948 342/590/944
f 346/588/948 348/591/949 342/590/944
f 378/593/943 380/592/950 376/594/951
f 331/596/952 329/595/953 382/597/954
f 370/587/946 372/598/955 360/586/945
f 382/597/954 329/595/953 380/592/950
f 354/600/956 356/599/957 352/601/958
f 356/599/957 358/602/957 352/601/958
f 352/601/958 358/602/957 350/603/959
f 350/603/959 358/602/957 348/591/949
f 348/591/949 358/602/957 342/590/944
f 342/590/944 358/602/957 340/604/960
f 358/602/957 360/586/945 340/604/960
f 360/586/945 372/598/955 340/604/960
f 372/598/955 374/605/955 340/604/960
f 340/604/960 374/605/955 338/606/944
f 338/606/944 374/605/955 336/607/945
f 374/605/955 376/594/951 336/607/945
f 336/607/945 376/594/951 334/608/957
f 376/594/951 380/592/950 334/608/957
f 380/592/950 329/595/953 334/608/957
f 334/608/957 329/595/953 332/609/947
usemtl 3d66_Standardmaterial_17342430_134
f 415/664/1063 413/665/1064 411/3/1065
f 391/666/1066 389/667/1067 386/668/1068
f 409/669/1069 407/670/1070 405/671/1071
f 415/664/1063 411/3/1065 409/669/1069
f 415/664/1063 409/669/1069 405/671/1071
f 415/664/1063 405/671/1071 403/672/1072
f 417/673/1073 415/664/1063 403/672/1072
f 417/673/1073 403/672/1072 401/674/1074
f 421/675/1068 419/676/1075 417/673/1073
f 423/677/1076 421/675/1068 417/673/1073
f 395/678/1077 393/679/1078 391/666/1066
f 397/680/1079 395/678/1077 391/666/1066
f 423/677/1076 417/673/1073 401/674/1074
f 425/681/1068 423/677/1076 401/674/1074
f 427/682/1080 425/681/1068 401/674/1074
f 429/683/1081 427/682/1080 401/674/1074
f 429/683/1081 401/674/1074 399/684/1082
f 431/685/1083 429/683/1081 399/684/1082
f 431/685/1083 399/684/1082 397/680/1079
f 433/686/1084 431/685/1083 397/680/1079
f 433/686/1084 397/680/1079 391/666/1066
f 433/686/1084 391/666/1066 386/668/1068
f 433/686/1084 386/668/1068 384/687/1072
f 433/686/1084 384/687/1072 441/688/1085
f 435/689/1086 433/686/1084 441/688/1085
f 437/690/1087 435/689/1086 441/688/1085
f 437/690/1087 441/688/1085 439/691/1088
f 412/665/1089 414/664/1090 410/3/1091
f 388/667/1092 390/666/1093 385/668/1094
f 406/670/1095 408/669/1096 404/671/1097
f 410/3/1091 414/664/1090 408/669/1096
f 408/669/1096 414/664/1090 404/671/1097
f 404/671/1097 414/664/1090 402/672/1098
f 414/664/1090 416/673/1099 402/672/1098
f 402/672/1098 416/673/1099 400/674/1100
f 418/676/1089 420/675/1101 416/673/1099
f 420/675/1101 422/677/1102 416/673/1099
f 392/679/1103 394/678/1104 390/666/1093
f 394/678/1104 396/680/1105 390/666/1093
f 416/673/1099 422/677/1102 400/674/1100
f 422/677/1102 424/681/1106 400/674/1100
f 424/681/1106 426/682/1090 400/674/1100
f 426/682/1090 428/683/1107 400/674/1100
f 400/674/1100 428/683/1107 398/684/1108
f 428/683/1107 430/685/1092 398/684/1108
f 398/684/1108 430/685/1092 396/680/1105
f 430/685/1092 432/686/1098 396/680/1105
f 396/680/1105 432/686/1098 390/666/1093
f 390/666/1093 432/686/1098 385/668/1094
f 385/668/1094 432/686/1098 387/687/1109
f 387/687/1109 432/686/1098 440/688/1110
f 432/686/1098 434/689/1111 440/688/1110
f 434/689/1111 436/690/1112 440/688/1110
f 440/688/1110 436/690/1112 438/691/1113
usemtl 3d66_Standardmaterial_17342430_135
f 467/818/1253 465/819/1254 463/820/1255
f 469/821/1256 467/818/1253 463/820/1255
f 505/822/1257 503/823/1254 501/824/1258
f 505/822/1257 501/824/1258 499/825/1259
f 505/822/1257 499/825/1259 497/826/1260
f 505/822/1257 497/826/1260 495/827/1261
f 505/822/1257 495/827/1261 493/828/1262
f 505/822/1257 493/828/1262 491/829/1263
f 505/822/1257 491/829/1263 489/830/1264
f 517/831/1265 515/832/1266 513/833/1267
f 505/822/1257 489/830/1264 487/834/1268
f 442/835/1269 533/836/1270 531/837/1271
f 505/822/1257 487/834/1268 485/838/1272
f 469/821/1256 463/820/1255 461/839/1273
f 505/822/1257 485/838/1272 483/840/1274
f 444/841/1275 442/835/1269 531/837/1271
f 507/842/1276 505/822/1257 483/840/1274
f 507/842/1276 483/840/1274 481/843/1277
f 507/842/1276 481/843/1277 479/844/1278
f 507/842/1276 479/844/1278 477/845/1279
f 457/846/1280 455/847/1281 453/848/1282
f 459/849/1283 457/846/1280 453/848/1282
f 507/842/1276 477/845/1279 475/850/1284
f 509/851/1285 507/842/1276 475/850/1284
f 509/851/1285 475/850/1284 473/852/1286
f 511/853/1273 509/851/1285 473/852/1286
f 469/821/1256 461/839/1273 459/849/1283
f 469/821/1256 459/849/1283 453/848/1282
f 471/854/1287 469/821/1256 453/848/1282
f 471/854/1287 453/848/1282 451/855/1288
f 473/852/1286 471/854/1287 451/855/1288
f 511/853/1273 473/852/1286 451/855/1288
f 511/853/1273 451/855/1288 449/856/1289
f 513/833/1267 511/853/1273 449/856/1289
f 513/833/1267 449/856/1289 447/857/1267
f 513/833/1267 447/857/1267 444/841/1275
f 513/833/1267 444/841/1275 531/837/1271
f 517/831/1265 513/833/1267 531/837/1271
f 517/831/1265 531/837/1271 529/858/1290
f 517/831/1265 529/858/1290 527/859/1291
f 519/860/1292 517/831/1265 527/859/1291
f 521/861/1254 519/860/1292 527/859/1291
f 523/862/1293 521/861/1254 527/859/1291
f 523/862/1293 527/859/1291 525/863/1294
f 464/819/1295 466/818/1296 462/820/1297
f 466/818/1296 468/821/1298 462/820/1297
f 502/823/1299 504/822/1300 500/824/1301
f 500/824/1301 504/822/1300 498/825/1302
f 498/825/1302 504/822/1300 496/826/1303
f 496/826/1303 504/822/1300 494/827/1304
f 494/827/1304 504/822/1300 492/828/1305
f 492/828/1305 504/822/1300 490/829/1306
f 490/829/1306 504/822/1300 488/830/1307
f 514/832/1308 516/831/1309 512/833/1310
f 488/830/1307 504/822/1300 486/834/1311
f 532/836/1312 445/835/1313 530/837/1314
f 486/834/1311 504/822/1300 484/838/1315
f 462/820/1297 468/821/1298 460/839/1316
f 484/838/1315 504/822/1300 482/840/1308
f 445/835/1313 443/841/1300 530/837/1314
f 504/822/1300 506/842/1312 482/840/1308
f 482/840/1308 506/842/1312 480/843/1317
f 480/843/1317 506/842/1312 478/844/1318
f 478/844/1318 506/842/1312 476/845/1319
f 454/847/1320 456/846/1321 452/848/1322
f 456/846/1321 458/849/1322 452/848/1322
f 476/845/1319 506/842/1312 474/850/1323
f 506/842/1312 508/851/1324 474/850/1323
f 474/850/1323 508/851/1324 472/852/1325
f 508/851/1324 510/853/1326 472/852/1325
f 460/839/1316 468/821/1298 458/849/1322
f 458/849/1322 468/821/1298 452/848/1322
f 468/821/1298 470/854/1308 452/848/1322
f 452/848/1322 470/854/1308 450/855/1310
f 470/854/1308 472/852/1325 450/855/1310
f 472/852/1325 510/853/1326 450/855/1310
f 450/855/1310 510/853/1326 448/856/1327
f 510/853/1326 512/833/1310 448/856/1327
f 448/856/1327 512/833/1310 446/857/1328
f 446/857/1328 512/833/1310 443/841/1300
f 443/841/1300 512/833/1310 530/837/1314
f 512/833/1310 516/831/1309 530/837/1314
f 530/837/1314 516/831/1309 528/858/1329
f 528/858/1329 516/831/1309 526/859/1330
f 516/831/1309 518/860/1331 526/859/1330
f 518/860/1331 520/861/1332 526/859/1330
f 520/861/1332 522/862/1333 526/859/1330
f 526/859/1330 522/862/1333 524/863/1334
usemtl 3d66_Standardmaterial_17342430_136
f 571/962/1469 569/963/1470 567/964/1471
f 571/962/1469 567/964/1471 565/965/1472
f 557/966/1473 555/3/1474 553/967/1475
f 559/968/1476 557/966/1473 553/967/1475
f 559/968/1476 553/967/1475 551/969/1477
f 583/970/1478 581/971/1479 579/972/1480
f 573/973/1481 571/962/1469 565/965/1472
f 573/973/1481 565/965/1472 563/974/1480
f 573/973/1481 563/974/1480 561/975/1482
f 575/976/1483 573/973/1481 561/975/1482
f 587/977/1484 585/978/1485 583/970/1478
f 589/979/1486 587/977/1484 583/970/1478
f 605/980/1487 603/981/1488 601/982/1489
f 534/983/1490 607/984/1491 605/980/1487
f 536/985/1492 534/983/1490 605/980/1487
f 536/985/1492 605/980/1487 601/982/1489
f 545/986/1493 543/987/1494 541/988/1495
f 589/979/1486 583/970/1478 579/972/1480
f 577/989/1496 575/976/1483 561/975/1482
f 577/989/1496 561/975/1482 559/968/1476
f 601/982/1489 599/990/1497 597/991/1498
f 536/985/1492 601/982/1489 597/991/1498
f 577/989/1496 559/968/1476 551/969/1477
f 577/989/1496 551/969/1477 549/992/1499
f 577/989/1496 549/992/1499 547/993/1500
f 577/989/1496 547/993/1500 545/986/1493
f 577/989/1496 545/986/1493 541/988/1495
f 577/989/1496 541/988/1495 539/994/1501
f 577/989/1496 539/994/1501 536/985/1492
f 577/989/1496 536/985/1492 597/991/1498
f 579/972/1480 577/989/1496 597/991/1498
f 589/979/1486 579/972/1480 597/991/1498
f 591/995/1502 589/979/1486 597/991/1498
f 593/996/1503 591/995/1502 597/991/1498
f 595/997/1504 593/996/1503 597/991/1498
f 568/963/1505 570/962/1506 566/964/1507
f 566/964/1507 570/962/1506 564/965/1508
f 554/3/1509 556/966/1510 552/967/1511
f 556/966/1510 558/968/1511 552/967/1511
f 552/967/1511 558/968/1511 550/969/1512
f 580/971/1513 582/970/1509 578/972/1514
f 570/962/1506 572/973/1515 564/965/1508
f 564/965/1508 572/973/1515 562/974/1516
f 562/974/1516 572/973/1515 560/975/1517
f 572/973/1515 574/976/1518 560/975/1517
f 584/978/1519 586/977/1520 582/970/1509
f 586/977/1520 588/979/1521 582/970/1509
f 602/981/1522 604/980/1523 600/982/1524
f 606/984/1525 537/983/1526 604/980/1523
f 537/983/1526 535/985/1527 604/980/1523
f 604/980/1523 535/985/1527 600/982/1524
f 542/987/1528 544/986/1529 540/988/1530
f 582/970/1509 588/979/1521 578/972/1514
f 574/976/1518 576/989/1527 560/975/1517
f 560/975/1517 576/989/1527 558/968/1511
f 598/990/1531 600/982/1524 596/991/1518
f 600/982/1524 535/985/1527 596/991/1518
f 558/968/1511 576/989/1527 550/969/1512
f 550/969/1512 576/989/1527 548/992/1527
f 548/992/1527 576/989/1527 546/993/1532
f 546/993/1532 576/989/1527 544/986/1529
f 544/986/1529 576/989/1527 540/988/1530
f 540/988/1530 576/989/1527 538/994/1533
f 538/994/1533 576/989/1527 535/985/1527
f 535/985/1527 576/989/1527 596/991/1518
f 576/989/1527 578/972/1514 596/991/1518
f 578/972/1514 588/979/1521 596/991/1518
f 588/979/1521 590/995/1534 596/991/1518
f 590/995/1534 592/996/1535 596/991/1518
f 592/996/1535 594/997/1536 596/991/1518
usemtl 3d66_Standardmaterial_17342430_138
f 610/2/1537 609/1/1538 608/3/1539
f 609/1/1538 611/4/1540 608/3/1539
f 613/6/1541 612/5/1542 610/2/1543
f 612/5/1542 609/1/1544 610/2/1543
f 615/8/1545 614/7/1546 613/6/1545
f 614/7/1546 612/5/1546 613/6/1545
f 617/10/1547 616/9/1548 615/8/1549
f 616/9/1548 614/7/1548 615/8/1549
f 619/12/1550 618/11/1551 617/10/1552
f 618/11/1551 616/9/1551 617/10/1552
f 621/14/1553 620/13/1554 619/12/1555
f 620/13/1554 618/11/1556 619/12/1555
f 623/16/1557 622/15/1558 621/14/1558
f 622/15/1558 620/13/1559 621/14/1558
f 625/18/1560 624/17/1561 623/16/1562
f 624/17/1561 622/15/1563 623/16/1562
f 627/20/1564 626/19/1565 625/18/1566
f 626/19/1565 624/17/1567 625/18/1566
f 629/22/1568 628/21/1569 627/20/1570
f 628/21/1569 626/19/1571 627/20/1570
f 631/24/1572 630/23/1573 629/22/1572
f 630/23/1573 628/21/1574 629/22/1572
f 633/26/1575 632/25/1576 631/24/1576
f 632/25/1576 630/23/1577 631/24/1576
f 635/28/1578 634/27/1579 633/26/1580
f 634/27/1579 632/25/1581 633/26/1580
f 637/34/1582 636/29/1583 635/28/1584
f 636/29/1583 634/27/1585 635/28/1584
f 639/33/1586 638/32/1587 637/34/1587
f 638/32/1587 636/29/1587 637/34/1587
f 641/36/1588 640/35/1589 639/33/1590
f 640/35/1589 638/32/1591 639/33/1590
f 643/38/1592 642/37/1593 641/36/1594
f 642/37/1593 640/35/1595 641/36/1594
f 645/40/1596 644/39/1597 643/38/1598
f 644/39/1597 642/37/1599 643/38/1598
f 647/42/1600 646/41/1601 645/40/1602
f 646/41/1601 644/39/1601 645/40/1602
f 649/44/1603 648/43/1604 647/42/1605
f 648/43/1604 646/41/1606 647/42/1605
f 651/46/1607 650/45/1608 649/44/1609
f 650/45/1608 648/43/1610 649/44/1609
f 653/48/1611 652/47/1612 651/46/1613
f 652/47/1612 650/45/1614 651/46/1613
f 655/50/1615 654/49/1616 653/48/1617
f 654/49/1616 652/47/1618 653/48/1617
f 657/52/1619 656/51/1620 655/50/1619
f 656/51/1620 654/49/1620 655/50/1619
f 659/54/1621 658/53/1622 657/52/1623
f 658/53/1622 656/51/1624 657/52/1623
f 661/56/1625 660/55/1626 659/54/1625
f 660/55/1626 658/53/1627 659/54/1625
f 663/58/1628 662/57/1629 661/56/1630
f 662/57/1629 660/55/1631 661/56/1630
f 665/60/1632 664/59/1633 663/58/1633
f 664/59/1633 662/57/1633 663/58/1633
f 667/998/1634 666/61/1635 665/60/1635
f 666/61/1635 664/59/1636 665/60/1635
f 669/999/1637 668/1000/1637 667/998/1638
f 668/1000/1637 666/61/1638 667/998/1638
f 671/1001/1639 670/1002/1640 669/999/1641
f 670/1002/1640 668/1000/1641 669/999/1641
f 673/1003/1642 672/1004/1643 671/1001/1644
f 672/1004/1643 670/1002/1645 671/1001/1644
f 675/1005/1646 674/1006/1647 673/1003/1648
f 674/1006/1647 672/1004/1649 673/1003/1648
f 677/1007/1650 676/1008/1651 675/1005/1652
f 676/1008/1651 674/1006/1653 675/1005/1652
f 679/1009/1654 678/1010/1655 677/1007/1656
f 678/1010/1655 676/1008/1657 677/1007/1656
f 681/1011/1658 680/1012/1659 679/1009/1660
f 680/1012/1659 678/1010/1660 679/1009/1660
f 683/1013/1661 682/1014/1662 681/1011/1663
f 682/1014/1662 680/1012/1664 681/1011/1663
f 685/1015/1665 684/1016/1666 683/1013/1667
f 684/1016/1666 682/1014/1668 683/1013/1667
f 687/1017/1669 686/1018/1670 685/1015/1671
f 686/1018/1670 684/1016/1672 685/1015/1671
f 689/1019/1673 688/1020/1674 687/1017/1675
f 688/1020/1674 686/1018/1675 687/1017/1675
f 691/1021/1676 690/1022/1677 689/1019/1678
f 690/1022/1677 688/1020/1679 689/1019/1678
f 693/1023/1680 692/1024/1681 691/1021/1682
f 692/1024/1681 690/1022/1682 691/1021/1682
f 695/1025/1683 694/1026/1684 693/1023/1685
f 694/1026/1684 692/1024/1686 693/1023/1685
f 697/187/1687 696/188/1688 695/1025/1688
f 696/188/1688 694/1026/1689 695/1025/1688
f 699/64/1690 698/1027/1691 697/187/1692
f 698/1027/1691 696/188/1693 697/187/1692
f 701/63/1694 700/62/1695 699/64/1696
f 700/62/1695 698/1027/1697 699/64/1696
f 703/66/1698 702/65/1699 701/63/1700
f 702/65/1699 700/62/1701 701/63/1700
f 705/68/1702 704/67/1703 703/66/1704
f 704/67/1703 702/65/1705 703/66/1704
f 707/70/1706 706/69/1707 705/68/1708
f 706/69/1707 704/67/1709 705/68/1708
f 709/74/1710 708/71/1711 707/70/1712
f 708/71/1711 706/69/1713 707/70/1712
f 711/73/1714 710/72/1715 709/74/1716
f 710/72/1715 708/71/1717 709/74/1716
f 713/76/1718 712/75/1719 711/73/1719
f 712/75/1719 710/72/1720 711/73/1719
f 715/78/1721 714/77/1722 713/76/1723
f 714/77/1722 712/75/1724 713/76/1723
f 608/80/1725 611/79/1726 715/78/1727
f 611/79/1726 714/77/1728 715/78/1727
usemtl 3d66_Standardmaterial_17342430_137
f 675/1028/1729 673/1029/1730 671/1030/1731
f 675/1028/1729 671/1030/1731 669/1031/1732
f 689/1032/1733 687/1033/1734 685/1034/1735
f 691/1035/1736 689/1032/1733 685/1034/1735
f 693/1036/1737 691/1035/1736 685/1034/1735
f 693/1036/1737 685/1034/1735 683/1037/1733
f 695/1038/1733 693/1036/1737 683/1037/1733
f 695/1038/1733 683/1037/1733 681/1039/1738
f 697/1040/1733 695/1038/1733 681/1039/1738
f 699/89/1739 697/1040/1733 681/1039/1738
f 699/89/1739 681/1039/1738 679/1041/1740
f 637/84/1741 635/81/1741 633/83/1741
f 639/85/1742 637/84/1741 633/83/1741
f 639/85/1742 633/83/1741 631/87/1743
f 639/85/1742 631/87/1743 629/88/1744
f 675/1028/1729 669/1031/1732 667/1042/1745
f 677/91/1746 675/1028/1729 667/1042/1745
f 677/91/1746 667/1042/1745 665/92/1747
f 699/89/1739 679/1041/1740 677/91/1746
f 701/90/1748 699/89/1739 677/91/1746
f 701/90/1748 677/91/1746 665/92/1747
f 610/94/1749 608/93/1750 715/95/1743
f 629/88/1744 627/96/1735 625/97/1751
f 639/85/1742 629/88/1744 625/97/1751
f 639/85/1742 625/97/1751 623/99/1742
f 647/101/1752 645/100/1753 643/102/1754
f 649/103/1754 647/101/1752 643/102/1754
f 613/104/1742 610/94/1749 715/95/1743
f 615/105/1755 613/104/1742 715/95/1743
f 617/106/1755 615/105/1755 715/95/1743
f 619/107/1742 617/106/1755 715/95/1743
f 619/107/1742 715/95/1743 713/108/1749
f 619/107/1742 713/108/1749 711/109/1742
f 621/110/1742 619/107/1742 711/109/1742
f 623/99/1742 621/110/1742 711/109/1742
f 639/85/1742 623/99/1742 711/109/1742
f 639/85/1742 711/109/1742 709/112/1742
f 639/85/1742 709/112/1742 707/113/1737
f 639/85/1742 707/113/1737 705/114/1756
f 641/115/1741 639/85/1742 705/114/1756
f 641/115/1741 705/114/1756 703/116/1751
f 643/102/1754 641/115/1741 703/116/1751
f 643/102/1754 703/116/1751 701/90/1748
f 643/102/1754 701/90/1748 665/92/1747
f 643/102/1754 665/92/1747 663/117/1734
f 649/103/1754 643/102/1754 663/117/1734
f 651/118/1757 649/103/1754 663/117/1734
f 651/118/1757 663/117/1734 661/119/1758
f 653/120/1757 651/118/1757 661/119/1758
f 653/120/1757 661/119/1758 659/121/1759
f 655/122/1760 653/120/1757 659/121/1759
f 655/122/1760 659/121/1759 657/123/1761
f 672/1029/1762 674/1028/1763 670/1030/1764
f 670/1030/1764 674/1028/1763 668/1031/1765
f 686/1033/1766 688/1032/1766 684/1034/1767
f 688/1032/1766 690/1035/1768 684/1034/1767
f 690/1035/1768 692/1036/1769 684/1034/1767
f 684/1034/1767 692/1036/1769 682/1037/1770
f 692/1036/1769 694/1038/1771 682/1037/1770
f 682/1037/1770 694/1038/1771 680/1039/1772
f 694/1038/1771 696/1040/1773 680/1039/1772
f 696/1040/1773 698/89/1774 680/1039/1772
f 680/1039/1772 698/89/1774 678/1041/1775
f 634/81/1776 636/84/1777 632/83/1777
f 636/84/1777 638/85/1778 632/83/1777
f 632/83/1777 638/85/1778 630/87/1775
f 630/87/1775 638/85/1778 628/88/1777
f 668/1031/1765 674/1028/1763 666/1042/1779
f 674/1028/1763 676/91/1780 666/1042/1779
f 666/1042/1779 676/91/1780 664/92/1781
f 678/1041/1775 698/89/1774 676/91/1780
f 698/89/1774 700/90/1782 676/91/1780
f 676/91/1780 700/90/1782 664/92/1781
f 611/93/1783 609/94/1784 714/95/1775
f 626/96/1785 628/88/1777 624/97/1786
f 628/88/1777 638/85/1778 624/97/1786
f 624/97/1786 638/85/1778 622/99/1787
f 644/100/1788 646/101/1773 642/102/1789
f 646/101/1773 648/103/1790 642/102/1789
f 609/94/1784 612/104/1791 714/95/1775
f 612/104/1791 614/105/1775 714/95/1775
f 614/105/1775 616/106/1792 714/95/1775
f 616/106/1792 618/107/1791 714/95/1775
f 714/95/1775 618/107/1791 712/108/1775
f 712/108/1775 618/107/1791 710/109/1775
f 618/107/1791 620/110/1777 710/109/1775
f 620/110/1777 622/99/1787 710/109/1775
f 622/99/1787 638/85/1778 710/109/1775
f 710/109/1775 638/85/1778 708/112/1793
f 708/112/1793 638/85/1778 706/113/1775
f 706/113/1775 638/85/1778 704/114/1775
f 638/85/1778 640/115/1794 704/114/1775
f 704/114/1775 640/115/1794 702/116/1769
f 640/115/1794 642/102/1789 702/116/1769
f 702/116/1769 642/102/1789 700/90/1782
f 700/90/1782 642/102/1789 664/92/1781
f 664/92/1781 642/102/1789 662/117/1795
f 642/102/1789 648/103/1790 662/117/1795
f 648/103/1790 650/118/1796 662/117/1795
f 662/117/1795 650/118/1796 660/119/1797
f 650/118/1796 652/120/1798 660/119/1797
f 660/119/1797 652/120/1798 658/121/1799
f 652/120/1798 654/122/1800 658/121/1799
f 658/121/1799 654/122/1800 656/123/1801
usemtl 3d66_Standardmaterial_17342430_127
f 3/1/1 2/2/1 1/3/1
f 4/4/1 3/1/1 1/3/1
f 6/5/2 5/6/2 2/2/2
f 3/1/3 6/5/2 2/2/2
f 8/7/4 7/8/5 5/6/5
f 6/5/6 8/7/4 5/6/5
f 10/9/7 9/10/8 7/8/9
f 8/7/7 10/9/7 7/8/9
f 12/11/10 11/12/11 9/10/11
f 10/9/10 12/11/10 9/10/11
f 14/13/12 13/14/13 11/12/14
f 12/11/12 14/13/12 11/12/14
f 16/15/15 15/16/16 13/14/16
f 14/13/15 16/15/15 13/14/16
f 18/17/17 17/18/18 15/16/19
f 16/15/20 18/17/17 15/16/19
f 20/19/21 19/20/22 17/18/23
f 18/17/24 20/19/21 17/18/23
f 22/21/25 21/22/26 19/20/26
f 20/19/27 22/21/25 19/20/26
f 24/23/28 23/24/28 21/22/28
f 22/21/29 24/23/28 21/22/28
f 26/25/30 25/26/31 23/24/31
f 24/23/30 26/25/30 23/24/31
f 28/27/32 27/28/33 25/26/32
f 26/25/32 28/27/32 25/26/32
f 30/29/34 29/30/35 27/28/34
f 31/31/36 30/29/34 27/28/34
f 34/32/37 33/33/38 32/34/38
f 30/29/37 34/32/37 32/34/38
f 36/35/39 35/36/39 33/33/39
f 34/32/40 36/35/39 33/33/39
f 38/37/41 37/38/41 35/36/41
f 36/35/42 38/37/41 35/36/41
f 40/39/43 39/40/44 37/38/45
f 38/37/43 40/39/43 37/38/45
f 42/41/46 41/42/47 39/40/48
f 40/39/49 42/41/46 39/40/48
f 44/43/50 43/44/51 41/42/52
f 42/41/53 44/43/50 41/42/52
f 46/45/54 45/46/55 43/44/56
f 44/43/57 46/45/54 43/44/56
f 48/47/58 47/48/59 45/46/60
f 46/45/61 48/47/58 45/46/60
f 50/49/62 49/50/63 47/48/64
f 48/47/65 50/49/62 47/48/64
f 52/51/66 51/52/67 49/50/68
f 50/49/69 52/51/66 49/50/68
f 54/53/70 53/54/71 51/52/71
f 52/51/70 54/53/70 51/52/71
f 56/55/72 55/56/73 53/54/73
f 54/53/72 56/55/72 53/54/73
f 58/57/74 57/58/75 55/56/75
f 56/55/76 58/57/74 55/56/75
f 60/59/77 59/60/78 57/58/79
f 58/57/80 60/59/77 57/58/79
f 60/59/81 61/61/81 59/60/81
f 64/62/82 63/63/82 62/64/82
f 66/65/83 65/66/84 63/63/84
f 64/62/85 66/65/83 63/63/84
f 68/67/86 67/68/87 65/66/87
f 66/65/86 68/67/86 65/66/87
f 70/69/88 69/70/89 67/68/89
f 68/67/90 70/69/88 67/68/89
f 70/69/91 71/71/91 69/70/92
f 74/72/93 73/73/94 72/74/95
f 76/75/96 75/76/97 73/73/97
f 74/72/98 76/75/96 73/73/97
f 78/77/99 77/78/99 75/76/99
f 76/75/99 78/77/99 75/76/99
f 4/79/100 1/80/101 77/78/101
f 78/77/102 4/79/100 77/78/101
f 71/71/91 72/128/92 69/70/92
f 71/71/187 74/72/93 72/128/95
f 30/29/34 32/34/34 29/30/35
f 28/27/36 31/31/36 27/28/34
usemtl 3d66_Standardmaterial_17342430_126
f 27/81/103 79/82/104 25/83/105
f 32/84/106 33/85/107 79/82/104
f 25/83/105 80/86/108 23/87/109
f 23/87/109 80/86/108 21/88/110
f 62/89/111 63/90/112 61/91/113
f 61/91/113 63/90/112 59/92/114
f 1/93/115 2/94/116 77/95/117
f 19/96/118 21/88/110 17/97/119
f 21/88/110 81/98/120 17/97/119
f 17/97/119 81/98/120 15/99/121
f 39/100/122 41/101/123 37/102/124
f 41/101/123 43/103/125 37/102/124
f 2/94/116 5/104/126 77/95/117
f 5/104/126 7/105/127 77/95/117
f 7/105/127 9/106/128 77/95/117
f 9/106/128 11/107/129 77/95/117
f 77/95/117 11/107/129 75/108/130
f 75/108/130 11/107/129 73/109/131
f 11/107/129 13/110/132 73/109/131
f 13/110/132 15/99/121 73/109/131
f 15/99/121 82/111/133 73/109/131
f 73/109/131 82/111/133 72/112/134
f 69/113/135 33/85/107 67/114/136
f 33/85/107 35/115/137 67/114/136
f 67/114/136 35/115/137 65/116/138
f 35/115/137 37/102/124 65/116/138
f 65/116/138 37/102/124 63/90/112
f 63/90/112 37/102/124 59/92/114
f 59/92/114 37/102/124 57/117/139
f 37/102/124 43/103/125 57/117/139
f 43/103/125 45/118/140 57/117/139
f 57/117/139 45/118/140 55/119/141
f 45/118/140 47/120/142 55/119/141
f 55/119/141 47/120/142 53/121/143
f 47/120/142 49/122/144 53/121/143
f 53/121/143 49/122/144 51/123/145
f 31/124/146 28/81/147 26/83/148
f 34/85/149 30/84/150 83/125/151
f 83/125/151 26/83/148 24/87/152
f 34/85/149 83/125/151 84/126/153
f 64/90/154 62/89/111 61/91/113
f 64/90/154 61/91/113 60/92/155
f 3/94/156 4/93/157 78/95/158
f 22/88/159 20/96/160 18/97/161
f 84/126/153 22/88/159 18/97/161
f 34/85/149 84/126/153 85/127/162
f 42/101/163 40/100/164 38/102/165
f 44/103/166 42/101/163 38/102/165
f 6/104/167 3/94/156 78/95/158
f 8/105/168 6/104/167 78/95/158
f 10/106/169 8/105/168 78/95/158
f 12/107/170 10/106/169 78/95/158
f 12/107/170 78/95/158 76/108/171
f 12/107/170 76/108/171 74/109/172
f 14/110/173 12/107/170 74/109/172
f 16/99/174 14/110/173 74/109/172
f 85/127/162 16/99/174 74/109/172
f 34/85/149 85/127/162 71/112/175
f 34/85/149 71/112/175 70/113/176
f 34/85/149 70/113/176 68/114/177
f 36/115/178 34/85/149 68/114/177
f 36/115/178 68/114/177 66/116/179
f 38/102/165 36/115/178 66/116/179
f 38/102/165 66/116/179 64/90/154
f 38/102/165 64/90/154 60/92/155
f 38/102/165 60/92/155 58/117/180
f 44/103/166 38/102/165 58/117/180
f 46/118/181 44/103/166 58/117/180
f 46/118/181 58/117/180 56/119/182
f 48/120/183 46/118/181 56/119/182
f 48/120/183 56/119/182 54/121/184
f 50/122/185 48/120/183 54/121/184
f 50/122/185 54/121/184 52/123/186
f 72/129/134 33/85/107 69/113/135
f 82/111/133 33/85/107 72/129/134
f 15/99/121 81/98/120 82/111/133
f 81/98/120 33/85/107 82/111/133
f 21/88/110 80/86/108 81/98/120
f 80/86/108 33/85/107 81/98/120
f 25/83/105 79/82/104 80/86/108
f 79/82/104 33/85/107 80/86/108
f 27/81/103 29/130/188 79/82/104
f 29/130/188 32/84/106 79/82/104
f 85/127/162 74/109/172 71/112/175
f 85/127/162 18/97/161 16/99/174
f 84/126/153 18/97/161 85/127/162
f 84/126/153 24/87/152 22/88/159
f 83/125/151 24/87/152 84/126/153
f 83/125/151 30/84/150 31/124/146
f 83/125/151 31/124/146 26/83/148
