# Blender 4.3.2
# www.blender.org
mtllib 兽4.mtl
o 兽4
v 1.202968 0.081901 1.080794
v 1.212865 0.071632 1.047112
v 1.200409 0.082198 1.082640
v 1.213826 0.072690 1.049825
v 1.212016 0.071693 1.044354
v 1.198110 0.083491 1.084021
v 1.211619 0.072597 1.042943
v 1.197117 0.084901 1.084310
v 1.211519 0.074157 1.042554
v 1.197083 0.086405 1.083733
v 1.212235 0.077762 1.044848
v 1.199647 0.088442 1.080754
v 1.212177 0.080112 1.044586
v 1.199858 0.090564 1.079723
v 1.213101 0.083648 1.047172
v 1.202743 0.092438 1.076719
v 1.212733 0.084441 1.046132
v 1.201972 0.093571 1.076825
v 1.212480 0.083834 1.045414
v 1.201241 0.093371 1.077472
v 1.211965 0.084079 1.043844
v 1.199945 0.094278 1.078128
v 1.211453 0.085403 1.042169
v 1.198779 0.096157 1.078318
v 1.211019 0.087849 1.040687
v 1.197986 0.098908 1.077860
v 1.210291 0.091139 1.038004
v 1.196402 0.102925 1.077621
v 1.219543 0.098602 1.058261
v 1.210210 0.101033 1.068163
v 1.215521 0.096370 1.052540
v 1.216940 0.100810 1.065684
v 1.220964 0.093599 1.059995
v 1.218271 0.095884 1.067675
v 1.222848 0.092106 1.061827
v 1.220603 0.094011 1.068230
v 1.225448 0.091972 1.063613
v 1.223700 0.093455 1.068598
v 1.225639 0.092423 1.063646
v 1.223946 0.093859 1.068474
v 1.226414 0.092375 1.064051
v 1.224792 0.093751 1.068676
v 1.226707 0.091835 1.064283
v 1.225073 0.093222 1.068944
v 1.228927 0.090425 1.065429
v 1.227277 0.091824 1.070133
v 1.228782 0.088983 1.065693
v 1.227077 0.090428 1.070554
v 1.228919 0.087988 1.065965
v 1.227179 0.089463 1.070925
v 1.228543 0.087292 1.065988
v 1.226777 0.088790 1.071024
v 1.227517 0.087377 1.065538
v 1.225711 0.088908 1.070687
v 1.226575 0.087586 1.065031
v 1.224699 0.089178 1.070381
v 1.225710 0.087433 1.064574
v 1.223717 0.089124 1.070260
v 1.225431 0.086035 1.064682
v 1.223321 0.087824 1.070700
v 1.224110 0.086065 1.067527
v 1.222459 0.085729 1.067358
v 1.223131 0.085018 1.063151
v 1.220414 0.087323 1.070900
v 1.222362 0.084935 1.062465
v 1.219383 0.087462 1.070962
v 1.220675 0.084009 1.060837
v 1.216919 0.087195 1.071549
v 1.219545 0.081594 1.059803
v 1.214990 0.085457 1.072792
v 1.218569 0.080615 1.058559
v 1.213448 0.085109 1.073498
v 1.217230 0.079661 1.056505
v 1.210860 0.085065 1.074674
v 1.216178 0.077014 1.054873
v 1.208593 0.083449 1.076509
v 1.213902 0.074592 1.049857
v 1.203384 0.083515 1.079859
v 1.210492 0.099661 1.068656
v 1.211357 0.095497 1.070113
v 1.211565 0.094505 1.070450
v 1.212962 0.087986 1.072566
v 1.216429 0.091853 1.054134
v 1.216773 0.090110 1.054774
v 1.216935 0.089283 1.055084
v 1.390006 0.150345 1.105890
v 1.389894 0.149683 1.106052
v 1.388763 0.150590 1.109244
v 1.388875 0.151253 1.109083
v 1.388930 0.150081 1.105574
v 1.387799 0.150989 1.108767
v 1.388610 0.150844 1.105221
v 1.387478 0.151752 1.108413
v 1.387370 0.151505 1.104560
v 1.386238 0.152414 1.107753
v 1.387504 0.152470 1.104314
v 1.386372 0.153379 1.107507
v 1.386488 0.152639 1.103886
v 1.385355 0.153549 1.107079
v 1.386646 0.153023 1.103827
v 1.385513 0.153932 1.107020
v 1.385524 0.153473 1.103274
v 1.384390 0.154383 1.106467
v 1.385674 0.153892 1.103202
v 1.384540 0.154803 1.106395
v 1.385012 0.155192 1.102559
v 1.383878 0.156103 1.105752
v 1.384348 0.155322 1.102274
v 1.383214 0.156233 1.105467
v 1.384527 0.155591 1.102257
v 1.383393 0.156502 1.105450
v 1.383008 0.156234 1.101499
v 1.381873 0.157147 1.104692
v 1.383131 0.156556 1.101445
v 1.381997 0.157469 1.104639
v 1.382728 0.157039 1.101149
v 1.381593 0.157951 1.104342
v 1.381318 0.156315 1.100849
v 1.380183 0.157229 1.104044
v 1.380938 0.157985 1.100197
v 1.379802 0.158899 1.103391
v 1.381434 0.158522 1.100216
v 1.380298 0.159436 1.103409
v 1.380977 0.159106 1.099868
v 1.379840 0.160020 1.103061
v 1.381209 0.159728 1.099764
v 1.380073 0.160642 1.102957
v 1.384752 0.161200 1.100620
v 1.383617 0.162111 1.103813
v 1.386143 0.159218 1.101743
v 1.385009 0.160128 1.104935
v 1.386789 0.158985 1.102053
v 1.385656 0.159894 1.105245
v 1.385382 0.161396 1.100794
v 1.384248 0.162306 1.103986
v 1.387066 0.162169 1.101180
v 1.385933 0.163078 1.104371
v 1.389101 0.158258 1.103131
v 1.387970 0.159166 1.106323
v 1.389169 0.156989 1.103545
v 1.388037 0.157897 1.106737
v 1.388496 0.155439 1.103771
v 1.387364 0.156347 1.106963
v 1.389210 0.154417 1.104349
v 1.388078 0.155325 1.107540
v 1.390204 0.154198 1.104784
v 1.389074 0.155105 1.107975
v 1.390499 0.154769 1.104717
v 1.389368 0.155676 1.107909
v 1.392392 0.153208 1.105896
v 1.391262 0.154113 1.109088
v 1.392306 0.152505 1.106080
v 1.391176 0.153411 1.109271
v 1.391899 0.152298 1.105993
v 1.390769 0.153203 1.109185
v 1.391782 0.151907 1.106070
v 1.390653 0.152813 1.109261
v 1.390963 0.151516 1.105886
v 1.389833 0.152422 1.109078
v 1.390454 0.150163 1.106112
v 1.389323 0.151070 1.109304
v 1.406663 0.157786 1.109235
v 1.406122 0.157540 1.109110
v 1.405057 0.158385 1.112145
v 1.405598 0.158631 1.112270
v 1.405906 0.156921 1.109218
v 1.404841 0.157767 1.112254
v 1.405263 0.156783 1.109022
v 1.404197 0.157630 1.112058
v 1.405441 0.156574 1.109152
v 1.404376 0.157420 1.112187
v 1.404576 0.156196 1.108946
v 1.403510 0.157043 1.111983
v 1.404412 0.155628 1.109059
v 1.403345 0.156475 1.112095
v 1.403986 0.155914 1.108813
v 1.402919 0.156762 1.111851
v 1.403499 0.155112 1.108878
v 1.402432 0.155960 1.111915
v 1.402973 0.156177 1.108360
v 1.401905 0.157026 1.111397
v 1.402277 0.156986 1.107856
v 1.401208 0.157835 1.110894
v 1.402318 0.157647 1.107671
v 1.401250 0.158496 1.110708
v 1.401231 0.157878 1.107198
v 1.400162 0.158728 1.110236
v 1.401324 0.158235 1.107124
v 1.400255 0.159085 1.110162
v 1.400708 0.158752 1.106740
v 1.399639 0.159602 1.109778
v 1.399866 0.159037 1.106341
v 1.398796 0.159888 1.109380
v 1.400111 0.159494 1.106293
v 1.399041 0.160345 1.109332
v 1.399810 0.160348 1.105922
v 1.398740 0.161199 1.108961
v 1.398944 0.160313 1.105613
v 1.397874 0.161165 1.108652
v 1.398960 0.160835 1.105460
v 1.397889 0.161687 1.108498
v 1.397028 0.161468 1.104554
v 1.395956 0.162322 1.107594
v 1.396554 0.162037 1.104205
v 1.395481 0.162892 1.107245
v 1.397419 0.162080 1.104512
v 1.396347 0.162933 1.107551
v 1.396325 0.163095 1.103799
v 1.395253 0.163949 1.106839
v 1.396673 0.163379 1.103841
v 1.395601 0.164233 1.106881
v 1.395840 0.164511 1.103190
v 1.394767 0.165365 1.106229
v 1.396368 0.164676 1.103334
v 1.395295 0.165530 1.106374
v 1.396211 0.165176 1.103124
v 1.395138 0.166031 1.106163
v 1.395035 0.165179 1.102690
v 1.393961 0.166034 1.105729
v 1.398066 0.166268 1.103477
v 1.396995 0.167121 1.106516
v 1.398227 0.165906 1.103647
v 1.397156 0.166758 1.106685
v 1.400702 0.163625 1.105255
v 1.399633 0.164475 1.108293
v 1.400983 0.164322 1.105146
v 1.399914 0.165172 1.108184
v 1.399987 0.166500 1.104117
v 1.398917 0.167351 1.107154
v 1.401548 0.167114 1.104507
v 1.400479 0.167964 1.107543
v 1.403571 0.162939 1.106524
v 1.402504 0.163788 1.109560
v 1.403278 0.160648 1.107113
v 1.402211 0.161497 1.110150
v 1.404654 0.159233 1.108052
v 1.403587 0.160080 1.111087
v 1.404843 0.160252 1.107812
v 1.403776 0.161099 1.110847
v 1.405497 0.159691 1.108224
v 1.404431 0.160537 1.111259
v 1.405893 0.158663 1.108683
v 1.404827 0.159508 1.111718
v 1.406517 0.158724 1.108896
v 1.405452 0.159569 1.111930
v 1.440557 0.170146 1.118907
v 1.440280 0.170489 1.118701
v 1.439742 0.170909 1.120258
v 1.440019 0.170566 1.120465
v 1.440174 0.171470 1.118363
v 1.439636 0.171891 1.119921
v 1.439652 0.172199 1.117949
v 1.439113 0.172620 1.119507
v 1.439319 0.173813 1.117336
v 1.438780 0.174234 1.118894
v 1.439036 0.173694 1.117267
v 1.438498 0.174116 1.118826
v 1.438445 0.171904 1.117595
v 1.437906 0.172326 1.119154
v 1.438146 0.171189 1.117702
v 1.437606 0.171611 1.119262
v 1.436951 0.171365 1.117209
v 1.436411 0.171787 1.118770
v 1.436312 0.173820 1.116227
v 1.435772 0.174243 1.117788
v 1.436547 0.174253 1.116182
v 1.436007 0.174677 1.117742
v 1.435705 0.176756 1.115111
v 1.435165 0.177180 1.116672
v 1.435960 0.177223 1.115063
v 1.435420 0.177647 1.116623
v 1.442474 0.178858 1.116960
v 1.441938 0.179277 1.118513
v 1.442971 0.177887 1.117438
v 1.442435 0.178306 1.118992
v 1.442949 0.176081 1.117980
v 1.442413 0.176499 1.119534
v 1.443583 0.176560 1.118068
v 1.443047 0.176978 1.119620
v 1.443847 0.175829 1.118387
v 1.443312 0.176247 1.119940
v 1.444407 0.175928 1.118563
v 1.443872 0.176345 1.120115
v 1.444400 0.175465 1.118702
v 1.443865 0.175883 1.120254
v 1.443566 0.174653 1.118642
v 1.443030 0.175071 1.120196
v 1.443785 0.174381 1.118806
v 1.443249 0.174799 1.120359
v 1.443701 0.174054 1.118874
v 1.443165 0.174472 1.120427
v 1.443420 0.173900 1.118818
v 1.442884 0.174318 1.120372
v 1.443264 0.173508 1.118880
v 1.442729 0.173926 1.120434
v 1.442955 0.173703 1.118707
v 1.442418 0.174121 1.120261
v 1.442459 0.173826 1.118487
v 1.441922 0.174245 1.120042
v 1.442151 0.174297 1.118231
v 1.441614 0.174716 1.119785
v 1.441653 0.174204 1.118075
v 1.441115 0.174623 1.119630
v 1.441363 0.173348 1.118229
v 1.440826 0.173768 1.119785
v 1.441511 0.172961 1.118401
v 1.440974 0.173381 1.119957
v 1.441277 0.171924 1.118631
v 1.440740 0.172344 1.120187
v 1.441598 0.171860 1.118769
v 1.441061 0.172280 1.120325
v 1.441672 0.171564 1.118886
v 1.441134 0.171983 1.120442
v 1.441932 0.171292 1.119065
v 1.441395 0.171711 1.120620
v 1.441926 0.170821 1.119206
v 1.441390 0.171241 1.120762
v 1.441626 0.170187 1.119288
v 1.441089 0.170606 1.120845
v 1.441784 0.169999 1.119403
v 1.441247 0.170418 1.120960
v 1.441569 0.169726 1.119407
v 1.441032 0.170146 1.120964
v 1.440904 0.169617 1.119196
v 1.440366 0.170037 1.120753
v 1.440405 0.169757 1.118969
v 1.439867 0.170177 1.120527
v 1.362216 0.140986 1.099616
v 1.361545 0.140654 1.099472
v 1.360352 0.141620 1.102814
v 1.361024 0.141952 1.102959
v 1.361193 0.140059 1.099524
v 1.360000 0.141026 1.102868
v 1.359619 0.139597 1.099089
v 1.358426 0.140565 1.102431
v 1.359058 0.139245 1.098992
v 1.357864 0.140212 1.102334
v 1.356593 0.140602 1.097672
v 1.355400 0.141572 1.101014
v 1.355021 0.143215 1.096294
v 1.353827 0.144185 1.099636
v 1.351790 0.145389 1.094445
v 1.350595 0.146361 1.097785
v 1.350800 0.144653 1.094309
v 1.349606 0.145626 1.097649
v 1.350382 0.145324 1.093951
v 1.349188 0.146296 1.097290
v 1.350604 0.147256 1.093438
v 1.349409 0.148229 1.096778
v 1.350312 0.147938 1.093122
v 1.349117 0.148911 1.096462
v 1.350650 0.149002 1.092919
v 1.349455 0.149975 1.096258
v 1.353813 0.150378 1.093654
v 1.352618 0.151348 1.096994
v 1.354656 0.149690 1.094174
v 1.353461 0.150660 1.097514
v 1.354975 0.148161 1.094760
v 1.353781 0.149131 1.098100
v 1.355982 0.147707 1.095268
v 1.354787 0.148676 1.098609
v 1.355074 0.149914 1.094258
v 1.353879 0.150884 1.097599
v 1.354399 0.150694 1.093771
v 1.353204 0.151665 1.097112
v 1.356320 0.151455 1.094241
v 1.355126 0.152424 1.097583
v 1.356797 0.150343 1.094758
v 1.355603 0.151312 1.098099
v 1.358906 0.146770 1.096627
v 1.357712 0.147738 1.099969
v 1.358372 0.144855 1.097019
v 1.357178 0.145823 1.100361
v 1.358411 0.143325 1.097502
v 1.357218 0.144294 1.100845
v 1.359504 0.142554 1.098139
v 1.358311 0.143522 1.101482
v 1.360107 0.143160 1.098175
v 1.358913 0.144127 1.101517
v 1.360878 0.142439 1.098680
v 1.359685 0.143405 1.102022
v 1.361876 0.141896 1.099212
v 1.360683 0.142862 1.102555
v 1.376889 0.145272 1.102937
v 1.375349 0.145090 1.102410
v 1.374045 0.146103 1.105980
v 1.375587 0.146284 1.106508
v 1.375079 0.144500 1.102486
v 1.373776 0.145514 1.106058
v 1.374612 0.144885 1.102194
v 1.373308 0.145899 1.105764
v 1.374052 0.144655 1.102052
v 1.372747 0.145669 1.105622
v 1.373761 0.145277 1.101753
v 1.372456 0.146291 1.105324
v 1.374156 0.145534 1.101824
v 1.372852 0.146548 1.105395
v 1.372868 0.146590 1.101018
v 1.371562 0.147605 1.104588
v 1.371118 0.148883 1.099663
v 1.369812 0.149899 1.103233
v 1.369268 0.149649 1.098732
v 1.367962 0.150666 1.102302
v 1.366894 0.151688 1.097219
v 1.365586 0.152707 1.100788
v 1.366452 0.150696 1.097353
v 1.365145 0.151716 1.100922
v 1.365604 0.151365 1.096831
v 1.364296 0.152385 1.100400
v 1.364709 0.153276 1.095914
v 1.363400 0.154296 1.099483
v 1.370834 0.155861 1.097440
v 1.369527 0.156878 1.101010
v 1.370813 0.155199 1.097633
v 1.369506 0.156215 1.101202
v 1.371907 0.154214 1.098344
v 1.370600 0.155230 1.101914
v 1.371166 0.156048 1.097509
v 1.369859 0.157065 1.101078
v 1.372218 0.156459 1.097781
v 1.370912 0.157475 1.101351
v 1.373463 0.154377 1.098883
v 1.372157 0.155391 1.102452
v 1.374557 0.153061 1.099695
v 1.373252 0.154075 1.103265
v 1.374830 0.151617 1.100236
v 1.373526 0.152631 1.103806
v 1.374520 0.150177 1.100555
v 1.373215 0.151191 1.104125
v 1.375123 0.149042 1.101126
v 1.373818 0.150056 1.104697
v 1.376521 0.148434 1.101839
v 1.375217 0.149447 1.105410
v 1.377638 0.148250 1.102318
v 1.376335 0.149261 1.105888
v 1.378344 0.147592 1.102784
v 1.377042 0.148603 1.106354
v 1.378422 0.146661 1.103096
v 1.377119 0.147672 1.106667
v 1.377355 0.146172 1.102840
v 1.376052 0.147184 1.106411
v 1.417592 0.159869 1.113080
v 1.416573 0.160649 1.112451
v 1.415787 0.161227 1.114578
v 1.416807 0.160447 1.115206
v 1.415739 0.160933 1.112042
v 1.414954 0.161512 1.114170
v 1.415156 0.162297 1.111409
v 1.414370 0.162876 1.113536
v 1.414047 0.164257 1.110392
v 1.413260 0.164837 1.112520
v 1.411501 0.165450 1.109046
v 1.410713 0.166033 1.111177
v 1.410701 0.164262 1.109090
v 1.409912 0.164845 1.111221
v 1.410451 0.164383 1.108958
v 1.409661 0.164966 1.111088
v 1.409944 0.165899 1.108308
v 1.409155 0.166482 1.110439
v 1.410005 0.168411 1.107582
v 1.409216 0.168994 1.109712
v 1.409829 0.169323 1.107241
v 1.409040 0.169906 1.109371
v 1.413760 0.170650 1.108371
v 1.412973 0.171231 1.110498
v 1.413143 0.169431 1.108496
v 1.412356 0.170012 1.110624
v 1.412771 0.169152 1.108435
v 1.411984 0.169733 1.110563
v 1.413704 0.167637 1.109249
v 1.412917 0.168218 1.111377
v 1.415132 0.167739 1.109774
v 1.414346 0.168319 1.111901
v 1.415184 0.167845 1.109762
v 1.414398 0.168425 1.111889
v 1.415194 0.168120 1.109683
v 1.414408 0.168700 1.111810
v 1.415173 0.168500 1.109562
v 1.414387 0.169080 1.111689
v 1.415134 0.168922 1.109421
v 1.414348 0.169502 1.111548
v 1.415088 0.169323 1.109283
v 1.414302 0.169903 1.111410
v 1.415048 0.169639 1.109174
v 1.414261 0.170219 1.111300
v 1.415025 0.169807 1.109114
v 1.414239 0.170386 1.111241
v 1.415016 0.169903 1.109083
v 1.414230 0.170483 1.111209
v 1.415010 0.170040 1.109039
v 1.414224 0.170620 1.111166
v 1.415005 0.170212 1.108985
v 1.414219 0.170792 1.111112
v 1.415001 0.170412 1.108924
v 1.414215 0.170992 1.111050
v 1.414998 0.170633 1.108857
v 1.414212 0.171213 1.110984
v 1.414996 0.170867 1.108786
v 1.414210 0.171447 1.110912
v 1.414995 0.171109 1.108714
v 1.414208 0.171689 1.110839
v 1.416732 0.171682 1.109216
v 1.415947 0.172261 1.111341
v 1.416152 0.169624 1.109607
v 1.415367 0.170203 1.111732
v 1.416440 0.168270 1.110123
v 1.415655 0.168849 1.112248
v 1.417417 0.166686 1.110976
v 1.416633 0.167265 1.113101
v 1.416802 0.164826 1.111293
v 1.416017 0.165405 1.113418
v 1.417457 0.163755 1.111866
v 1.416673 0.164334 1.113993
v 1.418040 0.164709 1.111808
v 1.417256 0.165287 1.113934
v 1.419009 0.163300 1.112606
v 1.418225 0.163877 1.114730
v 1.419399 0.163251 1.112772
v 1.418616 0.163827 1.114896
v 1.419592 0.162605 1.113039
v 1.418810 0.163182 1.115165
v 1.419584 0.161978 1.113223
v 1.418801 0.162555 1.115348
v 1.419301 0.161796 1.113169
v 1.418518 0.162373 1.115293
v 1.418933 0.161941 1.112982
v 1.418149 0.162518 1.115107
v 1.418850 0.161406 1.113110
v 1.418067 0.161983 1.115235
v 1.418379 0.161158 1.113001
v 1.417595 0.161736 1.115126
v 1.418134 0.159581 1.113376
v 1.417351 0.160158 1.115503
v 1.427379 0.165940 1.115038
v 1.427886 0.167581 1.114735
v 1.427217 0.168089 1.116611
v 1.426708 0.166448 1.116913
v 1.427339 0.168104 1.114371
v 1.426668 0.168613 1.116247
v 1.427090 0.168557 1.114141
v 1.426420 0.169065 1.116017
v 1.426593 0.168626 1.113932
v 1.425922 0.169135 1.115809
v 1.426678 0.169374 1.113739
v 1.426008 0.169883 1.115615
v 1.426130 0.169888 1.113377
v 1.425459 0.170397 1.115253
v 1.425565 0.170787 1.112893
v 1.424893 0.171297 1.114770
v 1.425736 0.171371 1.112782
v 1.425064 0.171881 1.114658
v 1.425241 0.172378 1.112292
v 1.424569 0.172888 1.114169
v 1.423001 0.173588 1.111081
v 1.422328 0.174100 1.112960
v 1.425935 0.174442 1.111934
v 1.425264 0.174952 1.113810
v 1.427500 0.171638 1.113369
v 1.426831 0.172146 1.115244
v 1.428184 0.171788 1.113582
v 1.427514 0.172295 1.115456
v 1.428056 0.173484 1.113023
v 1.427386 0.173992 1.114897
v 1.428267 0.174631 1.112757
v 1.427597 0.175139 1.114631
v 1.427141 0.174739 1.112300
v 1.426471 0.175248 1.114174
v 1.431228 0.175908 1.113490
v 1.430560 0.176414 1.115361
v 1.429304 0.174861 1.113080
v 1.428636 0.175368 1.114953
v 1.428908 0.173047 1.113476
v 1.428239 0.173555 1.115350
v 1.429607 0.171060 1.114339
v 1.428939 0.171567 1.116212
v 1.429182 0.168868 1.114838
v 1.428513 0.169375 1.116712
v 1.429715 0.168549 1.115136
v 1.429047 0.169056 1.117009
v 1.429881 0.169272 1.114980
v 1.429212 0.169779 1.116854
v 1.430623 0.168603 1.115463
v 1.429955 0.169109 1.117336
v 1.430960 0.169061 1.115452
v 1.430292 0.169567 1.117324
v 1.431307 0.168644 1.115709
v 1.430639 0.169149 1.117581
v 1.430956 0.167669 1.115870
v 1.430288 0.168175 1.117742
v 1.431022 0.167407 1.115973
v 1.430354 0.167913 1.117846
v 1.430796 0.166666 1.116111
v 1.430127 0.167172 1.117983
v 1.430240 0.166459 1.115963
v 1.429571 0.166965 1.117837
v 1.429955 0.166543 1.115830
v 1.429287 0.167050 1.117704
v 1.429757 0.166181 1.115865
v 1.429088 0.166687 1.117738
v 1.429403 0.166230 1.115715
v 1.428734 0.166738 1.117590
v 1.428744 0.165701 1.115625
v 1.428075 0.166209 1.117501
v 1.428607 0.165918 1.115508
v 1.427938 0.166426 1.117383
v 1.427591 0.165401 1.115280
v 1.426921 0.165909 1.117156
v 1.312150 0.101218 1.090502
v 1.309711 0.099899 1.090057
v 1.307491 0.101864 1.096451
v 1.309930 0.103182 1.096895
v 1.307111 0.100155 1.089069
v 1.304890 0.102121 1.095461
v 1.305606 0.101479 1.088132
v 1.303384 0.103445 1.094525
v 1.304869 0.103612 1.087214
v 1.302648 0.105579 1.093606
v 1.306113 0.108323 1.086189
v 1.303892 0.110289 1.092582
v 1.305295 0.111512 1.084914
v 1.303075 0.113478 1.091308
v 1.306986 0.116172 1.084062
v 1.304765 0.118137 1.090454
v 1.305745 0.117279 1.083284
v 1.303524 0.119244 1.089677
v 1.305186 0.116492 1.083333
v 1.302965 0.118458 1.089726
v 1.303609 0.116904 1.082653
v 1.301388 0.118870 1.089046
v 1.301705 0.118792 1.081402
v 1.299483 0.120759 1.087795
v 1.299720 0.122186 1.079657
v 1.297499 0.124153 1.086051
v 1.296494 0.126830 1.077090
v 1.294272 0.128798 1.083483
v 1.317531 0.137135 1.081252
v 1.315313 0.139094 1.087645
v 1.321594 0.130751 1.084651
v 1.319377 0.132708 1.091045
v 1.325422 0.129300 1.086438
v 1.323207 0.131255 1.092833
v 1.329816 0.130049 1.087741
v 1.327603 0.132002 1.094138
v 1.329969 0.130747 1.087579
v 1.327756 0.132699 1.093975
v 1.331213 0.130987 1.087938
v 1.329000 0.132938 1.094335
v 1.331859 0.130359 1.088359
v 1.329646 0.132310 1.094755
v 1.335740 0.129337 1.090031
v 1.333529 0.131285 1.096428
v 1.336059 0.127265 1.090785
v 1.333848 0.129213 1.097182
v 1.336638 0.125936 1.091399
v 1.334427 0.127884 1.097796
v 1.336336 0.124804 1.091645
v 1.334125 0.126752 1.098041
v 1.334728 0.124496 1.091178
v 1.332517 0.126445 1.097575
v 1.333170 0.124412 1.090661
v 1.330957 0.126362 1.097057
v 1.331832 0.123866 1.090362
v 1.329619 0.125818 1.096759
v 1.331881 0.121819 1.091015
v 1.329667 0.123771 1.097411
v 1.332169 0.120941 1.094654
v 1.331771 0.121292 1.095805
v 1.332264 0.117043 1.095896
v 1.331866 0.117394 1.097047
v 1.331747 0.115235 1.096276
v 1.331349 0.115586 1.097427
v 1.330873 0.113634 1.096467
v 1.330474 0.113985 1.097618
v 1.331688 0.116983 1.095713
v 1.331290 0.117335 1.096864
v 1.331050 0.119682 1.094654
v 1.330651 0.120033 1.095804
v 1.328183 0.118099 1.094143
v 1.327785 0.118451 1.095293
v 1.327295 0.115757 1.094559
v 1.326897 0.116109 1.095709
v 1.327952 0.113283 1.095555
v 1.327553 0.113635 1.096705
v 1.330239 0.111549 1.096892
v 1.329841 0.111901 1.098043
v 1.334549 0.112753 1.098024
v 1.334151 0.113104 1.099175
v 1.333708 0.111744 1.098043
v 1.333310 0.112095 1.099194
v 1.330750 0.110827 1.097294
v 1.330352 0.111179 1.098445
v 1.328415 0.111456 1.096283
v 1.328016 0.111808 1.097434
v 1.326504 0.113295 1.095046
v 1.326106 0.113647 1.096196
v 1.326168 0.115502 1.094244
v 1.325769 0.115854 1.095394
v 1.327457 0.119025 1.093603
v 1.327059 0.119377 1.094753
v 1.328309 0.119618 1.090449
v 1.326095 0.121572 1.096844
v 1.326957 0.119266 1.090086
v 1.324741 0.121220 1.096480
v 1.324113 0.117518 1.089633
v 1.321897 0.119475 1.096028
v 1.322697 0.113921 1.090253
v 1.320481 0.115879 1.096648
v 1.321004 0.112379 1.090139
v 1.318787 0.114339 1.096533
v 1.318397 0.110865 1.089697
v 1.316179 0.112825 1.096090
v 1.316823 0.107125 1.090305
v 1.314605 0.109087 1.096698
v 1.311781 0.103807 1.089570
v 1.309561 0.105772 1.095963
vn 0.1236 -0.9385 0.3224
vn -0.4343 -0.8936 0.1135
vn -0.4339 -0.8937 0.1137
vn -0.4339 -0.8938 0.1137
vn -0.8229 -0.5545 -0.1236
vn -0.8228 -0.5548 -0.1234
vn -0.8228 -0.5547 -0.1234
vn -0.9470 -0.1335 -0.2923
vn -0.9470 -0.1333 -0.2923
vn -0.9470 -0.1337 -0.2922
vn -0.8096 0.4210 -0.4091
vn -0.8095 0.4212 -0.4091
vn -0.9474 -0.0586 -0.3147
vn -0.9474 -0.0587 -0.3147
vn -0.9474 -0.0588 -0.3147
vn -0.7587 0.5020 -0.4153
vn -0.7586 0.5021 -0.4153
vn -0.7586 0.5020 -0.4153
vn -0.8259 -0.5495 -0.1261
vn -0.8261 -0.5491 -0.1262
vn 0.5603 -0.7194 0.4105
vn -0.5553 -0.8300 0.0521
vn -0.5551 -0.8302 0.0524
vn -0.5551 -0.8301 0.0523
vn -0.5548 -0.8303 0.0526
vn -0.8472 -0.5112 -0.1449
vn -0.8472 -0.5111 -0.1450
vn -0.9234 -0.3049 -0.2330
vn -0.9234 -0.3050 -0.2330
vn -0.9234 -0.3052 -0.2329
vn -0.9057 -0.3695 -0.2076
vn -0.9057 -0.3697 -0.2076
vn -0.9057 -0.3697 -0.2075
vn -0.0832 0.9468 -0.3109
vn -0.0832 0.9468 -0.3108
vn 0.9154 0.3365 0.2209
vn 0.6278 0.7783 -0.0114
vn 0.1974 0.9564 -0.2153
vn -0.8307 0.3815 -0.4055
vn -0.8310 0.3815 -0.4048
vn -0.8307 0.3815 -0.4054
vn -0.8310 0.3816 -0.4047
vn 0.1765 0.9587 -0.2232
vn 0.1760 0.9587 -0.2235
vn 0.1761 0.9587 -0.2235
vn 0.8430 0.5192 0.1408
vn 0.8429 0.5193 0.1411
vn 0.8429 0.5193 0.1409
vn 0.5549 0.8303 -0.0523
vn 0.5548 0.8303 -0.0524
vn 0.5549 0.8303 -0.0524
vn 0.5548 0.8303 -0.0525
vn 0.9400 -0.0323 0.3397
vn 0.9401 -0.0324 0.3394
vn 0.9401 -0.0323 0.3394
vn 0.9402 -0.0324 0.3391
vn 0.9412 0.2036 0.2696
vn 0.9413 0.2031 0.2697
vn 0.9411 0.2034 0.2700
vn 0.8084 -0.4228 0.4096
vn 0.8087 -0.4226 0.4092
vn 0.8084 -0.4228 0.4097
vn -0.1769 -0.9586 0.2231
vn -0.1770 -0.9586 0.2231
vn -0.3022 -0.9374 0.1729
vn -0.3020 -0.9375 0.1730
vn -0.3021 -0.9375 0.1729
vn -0.3019 -0.9375 0.1730
vn 0.0164 -0.9568 0.2903
vn 0.0163 -0.9568 0.2903
vn 0.9170 -0.1550 0.3676
vn 0.9170 -0.1549 0.3676
vn 0.9170 -0.1548 0.3676
vn 0.8521 -0.3382 0.3994
vn -0.5576 -0.8285 0.0510
vn -0.1152 -0.9624 0.2459
vn -0.1153 -0.9624 0.2458
vn 0.1806 -0.9236 0.3381
vn 0.7420 -0.5254 0.4164
vn 0.7419 -0.5255 0.4164
vn 0.3663 -0.8490 0.3809
vn 0.3662 -0.8490 0.3809
vn 0.3664 -0.8489 0.3809
vn 0.1676 -0.9273 0.3346
vn 0.1550 -0.9302 0.3327
vn 0.1669 -0.9275 0.3345
vn 0.7266 -0.5459 0.4171
vn 0.2108 -0.9143 0.3458
vn 0.9387 -0.0432 0.3420
vn 0.9387 -0.0431 0.3419
vn 0.9387 -0.0435 0.3420
vn 0.4348 0.3812 0.8158
vn 0.5607 0.2761 0.7806
vn 0.5489 0.2841 0.7861
vn 0.2474 0.3862 0.8886
vn 0.3168 0.4216 0.8496
vn 0.4102 0.3677 0.8346
vn 0.5355 0.2739 0.7989
vn 0.5455 0.2369 0.8040
vn 0.1132 -0.0095 0.9935
vn 0.1529 -0.9253 0.3469
vn 0.1944 -0.9271 0.3205
vn 0.1008 -0.2617 0.9599
vn 0.5960 0.2587 0.7602
vn 0.5821 0.2904 0.7594
vn 0.5586 0.2711 0.7839
vn 0.5875 0.2928 0.7544
vn 0.5493 0.1295 0.8255
vn 0.3986 0.3594 0.8438
vn 0.5158 0.3284 0.7913
vn -0.1674 0.3747 0.9119
vn -0.1679 0.3805 0.9094
vn -0.1106 0.3700 0.9224
vn -0.1974 0.3637 0.9103
vn 0.5970 0.2630 0.7579
vn 0.5960 0.2876 0.7497
vn 0.5967 0.3076 0.7411
vn 0.5569 0.3104 0.7704
vn 0.5171 0.2242 0.8260
vn 0.4672 0.2914 0.8347
vn 0.5293 0.3501 0.7728
vn 0.3799 0.3346 0.8624
vn 0.3559 0.3388 0.8710
vn 0.3177 0.3359 0.8867
vn 0.2221 0.3611 0.9057
vn 0.0473 0.3897 0.9197
vn 0.1268 0.3411 0.9314
vn -0.1565 0.3381 0.9280
vn -0.2349 0.3401 0.9106
vn -0.1583 0.2388 0.9581
vn -0.2382 0.3090 0.9207
vn -0.2291 0.2835 0.9312
vn -0.2653 0.3120 0.9123
vn -0.2591 0.2896 0.9214
vn 0.9455 -0.0527 -0.3212
vn 0.8828 0.0006 -0.4697
vn 0.9385 -0.0426 -0.3426
vn 0.8022 -0.0052 -0.5970
vn 0.7620 -0.0478 -0.6458
vn 0.8691 -0.0005 -0.4946
vn 0.9306 -0.0627 -0.3607
vn 0.8614 -0.0257 -0.5073
vn 0.6524 -0.4677 -0.5963
vn 0.5895 -0.6559 -0.4715
vn 0.9459 -0.0322 -0.3227
vn 0.9526 -0.0566 -0.2990
vn 0.9375 -0.0636 -0.3421
vn 0.9489 -0.0236 -0.3147
vn 0.9335 -0.1044 -0.3429
vn 0.9342 -0.1756 -0.3107
vn 0.8564 -0.0441 -0.5145
vn 0.4529 -0.1252 -0.8827
vn 0.4533 -0.1305 -0.8817
vn 0.5012 -0.1369 -0.8544
vn 0.4273 -0.1486 -0.8918
vn 0.9528 -0.0520 -0.2991
vn 0.9516 -0.0278 -0.3061
vn 0.9508 -0.0060 -0.3098
vn 0.9349 -0.0247 -0.3541
vn 0.9195 -0.1294 -0.3712
vn 0.8938 -0.0550 -0.4450
vn 0.9207 0.0050 -0.3901
vn 0.9188 -0.0229 -0.3942
vn 0.8306 -0.0684 -0.5526
vn 0.8069 -0.0861 -0.5843
vn 0.7429 -0.0876 -0.6637
vn 0.6231 -0.0984 -0.7760
vn 0.6854 -0.1304 -0.7164
vn 0.4513 -0.1751 -0.8750
vn 0.3933 -0.1753 -0.9025
vn 0.4620 -0.2702 -0.8447
vn 0.3914 -0.2073 -0.8966
vn 0.4013 -0.2343 -0.8855
vn 0.3668 -0.2080 -0.9067
vn 0.3749 -0.2314 -0.8977
vn 0.1530 -0.9306 0.3324
vn 0.4539 0.3825 0.8048
vn 0.9337 -0.0710 0.3509
vn 0.9336 -0.0715 0.3510
vn -0.4237 -0.8996 0.1054
vn -0.4239 -0.8995 0.1056
vn -0.4236 -0.8997 0.1056
vn -0.4241 -0.8995 0.1054
vn -0.8742 -0.4504 -0.1812
vn -0.8741 -0.4505 -0.1818
vn -0.8741 -0.4505 -0.1817
vn -0.8743 -0.4503 -0.1811
vn -0.4984 -0.8642 0.0693
vn -0.4985 -0.8641 0.0698
vn -0.4983 -0.8642 0.0694
vn -0.4984 -0.8642 0.0692
vn -0.9376 0.0430 -0.3450
vn -0.9378 0.0425 -0.3447
vn -0.9376 0.0430 -0.3451
vn -0.2382 -0.9530 0.1869
vn -0.2380 -0.9531 0.1871
vn -0.2378 -0.9532 0.1868
vn -0.8699 0.2975 -0.3935
vn -0.8697 0.2972 -0.3941
vn -0.8697 0.2972 -0.3940
vn -0.4163 -0.9026 0.1095
vn -0.4157 -0.9029 0.1095
vn -0.4161 -0.9027 0.1096
vn -0.4163 -0.9026 0.1094
vn -0.8875 0.2507 -0.3866
vn -0.8880 0.2502 -0.3859
vn -0.8878 0.2504 -0.3862
vn -0.8466 -0.5089 -0.1557
vn -0.8469 -0.5085 -0.1554
vn -0.8468 -0.5087 -0.1556
vn -0.2626 -0.9485 0.1774
vn -0.2622 -0.9485 0.1776
vn -0.2623 -0.9485 0.1776
vn -0.2626 -0.9485 0.1773
vn -0.7702 0.4865 -0.4125
vn -0.7699 0.4869 -0.4124
vn -0.7699 0.4867 -0.4128
vn -0.4314 -0.8963 0.1027
vn -0.4313 -0.8963 0.1028
vn -0.4314 -0.8963 0.1026
vn -0.8797 0.2716 -0.3903
vn -0.8790 0.2737 -0.3905
vn -0.8797 0.2715 -0.3903
vn -0.7425 -0.6658 -0.0735
vn -0.7424 -0.6659 -0.0737
vn -0.7425 -0.6659 -0.0734
vn 0.3601 -0.8554 0.3723
vn 0.3599 -0.8553 0.3727
vn 0.3601 -0.8552 0.3728
vn 0.3596 -0.8556 0.3724
vn -0.9217 -0.3043 -0.2407
vn -0.9218 -0.3041 -0.2405
vn -0.9217 -0.3041 -0.2409
vn -0.9217 -0.3044 -0.2406
vn -0.6614 0.6254 -0.4141
vn -0.6615 0.6252 -0.4142
vn -0.6614 0.6253 -0.4142
vn -0.7586 -0.6460 -0.0852
vn -0.7588 -0.6457 -0.0852
vn -0.7585 -0.6461 -0.0852
vn -0.8824 0.2641 -0.3895
vn -0.8826 0.2637 -0.3892
vn -0.8824 0.2639 -0.3894
vn -0.8823 0.2646 -0.3894
vn -0.2838 0.8906 -0.3554
vn -0.2839 0.8906 -0.3552
vn -0.2838 0.8906 -0.3555
vn -0.2834 0.8906 -0.3557
vn 0.7854 0.6101 0.1046
vn 0.7851 0.6104 0.1048
vn 0.7856 0.6099 0.1044
vn 0.3887 0.9132 -0.1223
vn 0.3888 0.9131 -0.1227
vn 0.3886 0.9132 -0.1226
vn -0.8233 -0.5512 -0.1353
vn -0.8234 -0.5512 -0.1353
vn -0.8233 -0.5512 -0.1352
vn -0.3182 0.8759 -0.3628
vn -0.3186 0.8757 -0.3627
vn -0.3184 0.8758 -0.3627
vn -0.3180 0.8759 -0.3629
vn 0.8434 0.5152 0.1526
vn 0.8433 0.5153 0.1528
vn 0.8434 0.5152 0.1527
vn 0.8433 0.5153 0.1527
vn 0.9448 0.1457 0.2935
vn 0.8621 -0.3165 0.3957
vn 0.8622 -0.3163 0.3958
vn 0.8621 -0.3164 0.3958
vn 0.8621 -0.3166 0.3957
vn 0.7862 0.6090 0.1053
vn 0.7862 0.6089 0.1057
vn 0.7860 0.6092 0.1055
vn 0.7862 0.6089 0.1051
vn 0.2825 0.9444 -0.1684
vn 0.2822 0.9445 -0.1684
vn 0.2823 0.9444 -0.1684
vn 0.2826 0.9444 -0.1684
vn -0.8316 0.3820 -0.4032
vn -0.8313 0.3828 -0.4030
vn -0.8314 0.3820 -0.4036
vn 0.6343 0.7731 0.0052
vn 0.6344 0.7730 0.0051
vn 0.9397 -0.0260 0.3409
vn 0.9404 -0.0259 0.3392
vn 0.9403 -0.0259 0.3395
vn 0.9396 -0.0260 0.3412
vn 0.3588 -0.8569 0.3701
vn 0.3591 -0.8567 0.3702
vn 0.3590 -0.8568 0.3700
vn 0.3584 -0.8572 0.3699
vn 0.9052 -0.1971 0.3766
vn 0.9054 -0.1976 0.3759
vn 0.9053 -0.1976 0.3760
vn 0.9052 -0.1974 0.3765
vn 0.3329 -0.8696 0.3647
vn 0.3336 -0.8693 0.3647
vn 0.3333 -0.8694 0.3649
vn 0.3328 -0.8697 0.3646
vn 0.8819 -0.2673 0.3883
vn 0.8819 -0.2675 0.3882
vn 0.8819 -0.2674 0.3882
vn 0.8817 -0.2673 0.3887
vn -0.4201 -0.9011 0.1073
vn -0.4200 -0.9012 0.1073
vn -0.4201 -0.9011 0.1072
vn 0.3315 -0.2761 -0.9022
vn 0.3330 -0.2765 -0.9015
vn 0.3332 -0.2763 -0.9014
vn 0.3320 -0.2764 -0.9019
vn 0.3327 -0.2760 -0.9017
vn 0.3332 -0.2763 -0.9015
vn 0.3333 -0.2767 -0.9013
vn 0.3349 -0.2762 -0.9009
vn 0.3334 -0.2763 -0.9014
vn 0.3333 -0.2761 -0.9015
vn 0.3320 -0.2766 -0.9018
vn 0.3330 -0.2761 -0.9016
vn 0.3327 -0.2762 -0.9017
vn 0.3318 -0.2774 -0.9017
vn 0.3334 -0.2761 -0.9014
vn 0.3341 -0.2762 -0.9012
vn 0.3335 -0.2762 -0.9014
vn 0.3337 -0.2762 -0.9013
vn 0.3338 -0.2764 -0.9012
vn 0.3338 -0.2761 -0.9013
vn 0.3337 -0.2761 -0.9013
vn 0.3304 -0.2772 -0.9022
vn 0.3327 -0.2765 -0.9016
vn 0.3345 -0.2760 -0.9011
vn 0.3334 -0.2760 -0.9015
vn 0.3330 -0.2767 -0.9014
vn 0.3342 -0.2762 -0.9011
vn 0.3334 -0.2765 -0.9013
vn 0.3331 -0.2761 -0.9016
vn 0.3340 -0.2763 -0.9012
vn 0.3330 -0.2764 -0.9015
vn 0.3336 -0.2762 -0.9014
vn 0.3333 -0.2764 -0.9014
vn 0.3331 -0.2759 -0.9016
vn 0.3340 -0.2760 -0.9012
vn 0.3320 -0.2751 -0.9023
vn -0.3328 0.2762 0.9017
vn -0.3349 0.2751 0.9012
vn -0.3327 0.2767 0.9015
vn -0.3334 0.2762 0.9014
vn -0.3350 0.2760 0.9009
vn -0.3328 0.2765 0.9015
vn -0.3341 0.2760 0.9012
vn -0.3321 0.2768 0.9017
vn -0.3330 0.2764 0.9015
vn -0.3331 0.2766 0.9014
vn -0.3333 0.2761 0.9015
vn -0.3326 0.2766 0.9016
vn -0.3326 0.2764 0.9017
vn -0.3328 0.2762 0.9016
vn -0.3329 0.2762 0.9016
vn -0.3328 0.2763 0.9016
vn -0.3332 0.2764 0.9015
vn -0.3333 0.2764 0.9014
vn -0.3328 0.2765 0.9016
vn -0.3308 0.2767 0.9022
vn -0.3321 0.2766 0.9018
vn -0.3310 0.2771 0.9020
vn -0.3323 0.2764 0.9018
vn -0.3312 0.2765 0.9021
vn -0.3328 0.2766 0.9015
vn -0.3326 0.2765 0.9017
vn -0.3325 0.2767 0.9016
vn -0.3328 0.2764 0.9016
vn -0.3329 0.2764 0.9016
vn -0.3316 0.2765 0.9020
vn -0.3313 0.2766 0.9020
vn -0.3300 0.2768 0.9025
vn -0.3340 0.2762 0.9012
vn 0.3172 -0.8790 0.3561
vn 0.3175 -0.8788 0.3562
vn 0.8914 -0.2452 0.3810
vn 0.8914 -0.2448 0.3815
vn 0.8914 -0.2453 0.3810
vn 0.1104 -0.9467 0.3026
vn 0.1109 -0.9466 0.3029
vn 0.1108 -0.9466 0.3028
vn 0.1103 -0.9467 0.3025
vn 0.7384 0.6705 0.0726
vn 0.7380 0.6710 0.0716
vn 0.3026 -0.8853 0.3530
vn 0.3030 -0.8851 0.3533
vn 0.3029 -0.8851 0.3532
vn 0.3025 -0.8854 0.3530
vn 0.9086 -0.1901 0.3719
vn 0.9084 -0.1907 0.3722
vn 0.9084 -0.1906 0.3722
vn 0.9086 -0.1900 0.3719
vn -0.5696 -0.8214 0.0290
vn -0.5691 -0.8217 0.0293
vn -0.5692 -0.8217 0.0292
vn 0.7959 -0.4501 0.4049
vn 0.7956 -0.4499 0.4057
vn 0.7959 -0.4503 0.4047
vn -0.8514 -0.4994 -0.1600
vn -0.8518 -0.4988 -0.1601
vn -0.8513 -0.4997 -0.1601
vn -0.7341 -0.6755 -0.0694
vn -0.7343 -0.6752 -0.0697
vn -0.9455 -0.0315 -0.3241
vn -0.9456 -0.0317 -0.3237
vn -0.9455 -0.0314 -0.3242
vn -0.2743 -0.9468 0.1682
vn -0.2741 -0.9468 0.1684
vn -0.2745 -0.9467 0.1684
vn -0.2744 -0.9468 0.1681
vn -0.9155 0.1629 -0.3678
vn -0.9161 0.1611 -0.3672
vn -0.9161 0.1612 -0.3672
vn -0.9155 0.1629 -0.3679
vn -0.6393 -0.7689 -0.0099
vn -0.6396 -0.7686 -0.0096
vn -0.6394 -0.7688 -0.0096
vn -0.6394 -0.7688 -0.0100
vn -0.3718 -0.9196 0.1266
vn -0.3716 -0.9197 0.1268
vn -0.3718 -0.9197 0.1263
vn -0.3719 -0.9196 0.1266
vn -0.8243 0.3988 -0.4018
vn -0.8241 0.3986 -0.4024
vn -0.8242 0.3987 -0.4022
vn -0.8243 0.3989 -0.4017
vn -0.8933 -0.4018 -0.2014
vn -0.8932 -0.4019 -0.2019
vn -0.8931 -0.4019 -0.2019
vn -0.8933 -0.4019 -0.2013
vn -0.0518 -0.9662 0.2525
vn -0.0513 -0.9662 0.2528
vn -0.0511 -0.9662 0.2526
vn -0.0518 -0.9662 0.2524
vn -0.9467 -0.0644 -0.3156
vn -0.9468 -0.0640 -0.3153
vn -0.3635 -0.9224 0.1305
vn -0.3631 -0.9225 0.1307
vn -0.3633 -0.9225 0.1305
vn -0.3639 -0.9223 0.1304
vn -0.7432 -0.6649 -0.0753
vn -0.7438 -0.6641 -0.0756
vn -0.7436 -0.6644 -0.0755
vn -0.7432 -0.6649 -0.0752
vn 0.0443 0.9657 -0.2557
vn 0.0437 0.9658 -0.2557
vn 0.0438 0.9658 -0.2557
vn 0.0444 0.9657 -0.2557
vn -0.6704 -0.7414 -0.0283
vn -0.6703 -0.7416 -0.0280
vn -0.6703 -0.7415 -0.0281
vn -0.6705 -0.7414 -0.0284
vn -0.5500 0.7331 -0.4000
vn -0.5500 0.7330 -0.4002
vn -0.5502 0.7330 -0.4001
vn -0.5500 0.7332 -0.4000
vn -0.7739 -0.6258 -0.0971
vn -0.7741 -0.6256 -0.0975
vn -0.7740 -0.6257 -0.0973
vn -0.7741 -0.6256 -0.0972
vn -0.1986 0.9230 -0.3296
vn -0.1993 0.9228 -0.3296
vn -0.1992 0.9228 -0.3296
vn -0.1985 0.9230 -0.3296
vn -0.9030 -0.3727 -0.2136
vn -0.9030 -0.3723 -0.2146
vn -0.9031 -0.3723 -0.2141
vn -0.9030 -0.3729 -0.2135
vn -0.0910 -0.9666 0.2396
vn -0.0907 -0.9666 0.2398
vn -0.0908 -0.9666 0.2398
vn -0.0911 -0.9666 0.2395
vn -0.2383 0.9098 -0.3397
vn -0.2387 0.9098 -0.3395
vn -0.2379 0.9099 -0.3400
vn 0.8666 0.4673 0.1749
vn 0.8666 0.4674 0.1747
vn 0.8665 0.4676 0.1746
vn 0.8668 0.4671 0.1748
vn 0.6680 0.7437 0.0269
vn 0.6683 0.7434 0.0266
vn -0.8735 0.2918 -0.3896
vn -0.8744 0.2909 -0.3884
vn -0.8743 0.2910 -0.3886
vn -0.8734 0.2919 -0.3897
vn -0.8630 -0.4754 -0.1707
vn -0.8630 -0.4754 -0.1708
vn -0.8630 -0.4755 -0.1707
vn -0.2668 0.8995 -0.3460
vn -0.2673 0.8994 -0.3459
vn -0.2671 0.8994 -0.3459
vn -0.2666 0.8995 -0.3460
vn 0.8547 0.4929 0.1628
vn 0.8545 0.4932 0.1630
vn 0.8547 0.4930 0.1629
vn 0.8549 0.4927 0.1625
vn 0.9400 -0.0330 0.3396
vn 0.9397 -0.0333 0.3403
vn 0.9399 -0.0332 0.3399
vn 0.9400 -0.0329 0.3396
vn 0.7004 0.7122 0.0472
vn 0.7000 0.7126 0.0475
vn 0.7003 0.7122 0.0472
vn 0.7005 0.7121 0.0472
vn -0.9313 0.0903 -0.3528
vn -0.9315 0.0901 -0.3525
vn -0.9315 0.0900 -0.3524
vn -0.9313 0.0904 -0.3530
vn 0.6468 0.7626 0.0140
vn 0.6459 0.7633 0.0146
vn 0.6462 0.7631 0.0143
vn 0.6470 0.7623 0.0138
vn 0.8840 0.4265 0.1916
vn 0.8841 0.4263 0.1916
vn 0.8840 0.4263 0.1916
vn -0.0019 0.9631 -0.2690
vn -0.0025 0.9631 -0.2691
vn -0.0021 0.9631 -0.2692
vn -0.0018 0.9631 -0.2690
vn 0.9349 0.2402 0.2612
vn 0.9349 0.2400 0.2615
vn 0.3329 -0.2741 -0.9022
vn 0.3328 -0.2737 -0.9024
vn 0.3327 -0.2743 -0.9022
vn 0.3333 -0.2743 -0.9020
vn 0.3326 -0.2742 -0.9023
vn 0.3338 -0.2739 -0.9020
vn 0.3336 -0.2742 -0.9019
vn 0.3338 -0.2742 -0.9019
vn 0.3330 -0.2747 -0.9020
vn 0.3342 -0.2744 -0.9017
vn 0.3335 -0.2742 -0.9020
vn 0.3337 -0.2742 -0.9019
vn 0.3336 -0.2744 -0.9019
vn 0.3326 -0.2746 -0.9022
vn 0.3326 -0.2744 -0.9023
vn 0.3332 -0.2741 -0.9021
vn 0.3319 -0.2746 -0.9025
vn 0.3330 -0.2744 -0.9021
vn 0.3308 -0.2748 -0.9028
vn 0.3314 -0.2739 -0.9028
vn 0.3328 -0.2742 -0.9023
vn 0.3334 -0.2742 -0.9020
vn 0.3337 -0.2743 -0.9019
vn 0.3331 -0.2743 -0.9021
vn 0.3343 -0.2743 -0.9017
vn 0.3340 -0.2743 -0.9018
vn 0.3333 -0.2745 -0.9020
vn 0.3339 -0.2742 -0.9018
vn 0.3332 -0.2745 -0.9020
vn 0.3309 -0.2747 -0.9028
vn 0.3334 -0.2744 -0.9020
vn 0.3317 -0.2755 -0.9023
vn 0.3335 -0.2743 -0.9020
vn 0.3334 -0.2743 -0.9020
vn 0.3322 -0.2744 -0.9024
vn 0.3339 -0.2743 -0.9018
vn 0.3340 -0.2745 -0.9017
vn 0.3327 -0.2744 -0.9022
vn -0.3318 0.2745 0.9025
vn -0.3330 0.2742 0.9022
vn -0.3324 0.2747 0.9022
vn -0.3322 0.2747 0.9023
vn -0.3326 0.2746 0.9022
vn -0.3334 0.2748 0.9018
vn -0.3331 0.2740 0.9022
vn -0.3328 0.2742 0.9022
vn -0.3321 0.2748 0.9023
vn -0.3328 0.2744 0.9022
vn -0.3351 0.2736 0.9016
vn -0.3328 0.2745 0.9022
vn -0.3318 0.2746 0.9025
vn -0.3302 0.2745 0.9031
vn -0.3321 0.2746 0.9024
vn -0.3313 0.2750 0.9026
vn -0.3322 0.2746 0.9023
vn -0.3321 0.2737 0.9026
vn -0.3326 0.2744 0.9023
vn -0.3321 0.2747 0.9024
vn -0.3320 0.2750 0.9023
vn -0.3327 0.2745 0.9022
vn -0.3339 0.2743 0.9018
vn -0.3325 0.2744 0.9023
vn -0.3325 0.2747 0.9022
vn -0.3321 0.2745 0.9024
vn -0.3323 0.2749 0.9022
vn -0.3322 0.2745 0.9024
vn -0.3324 0.2746 0.9023
vn -0.3324 0.2747 0.9023
vn -0.3309 0.2752 0.9026
vn -0.3321 0.2741 0.9025
vn -0.3323 0.2744 0.9024
vn -0.3330 0.2748 0.9020
vn -0.3319 0.2747 0.9024
vn -0.3318 0.2749 0.9024
vn -0.3317 0.2746 0.9025
vn -0.3325 0.2745 0.9023
vn -0.3332 0.2739 0.9022
vn -0.3348 0.2744 0.9015
vn -0.7509 -0.6552 -0.0826
vn -0.7511 -0.6550 -0.0824
vn -0.7509 -0.6552 -0.0825
vn -0.7507 -0.6555 -0.0828
vn -0.9421 -0.1953 -0.2726
vn -0.9421 -0.1950 -0.2729
vn -0.9421 -0.1954 -0.2726
vn -0.9421 -0.1951 -0.2727
vn -0.7799 -0.6174 -0.1026
vn -0.7794 -0.6180 -0.1030
vn -0.7797 -0.6177 -0.1027
vn -0.7800 -0.6173 -0.1025
vn -0.9273 -0.2839 -0.2439
vn -0.9271 -0.2840 -0.2446
vn 0.2916 -0.8932 0.3423
vn 0.2918 -0.8931 0.3423
vn 0.2917 -0.8931 0.3423
vn 0.8992 -0.2290 0.3728
vn 0.8994 -0.2290 0.3723
vn 0.8990 -0.2293 0.3732
vn 0.8711 -0.3062 0.3840
vn 0.8717 -0.3059 0.3827
vn 0.8715 -0.3060 0.3832
vn 0.8707 -0.3065 0.3846
vn -0.2172 -0.9586 0.1844
vn -0.2172 -0.9585 0.1845
vn -0.2168 -0.9587 0.1842
vn -0.2173 -0.9586 0.1843
vn -0.9163 -0.3294 -0.2276
vn -0.9162 -0.3297 -0.2278
vn -0.9164 -0.3294 -0.2274
vn -0.8242 0.4056 -0.3952
vn -0.8248 0.4049 -0.3946
vn -0.8246 0.4051 -0.3948
vn -0.8241 0.4057 -0.3953
vn -0.8982 -0.3893 -0.2041
vn -0.8984 -0.3891 -0.2037
vn -0.8980 -0.3896 -0.2046
vn -0.8978 -0.3898 -0.2050
vn -0.8224 0.4088 -0.3958
vn -0.8224 0.4093 -0.3952
vn -0.8224 0.4091 -0.3953
vn -0.8224 0.4084 -0.3961
vn -0.1473 0.9409 -0.3049
vn -0.1475 0.9410 -0.3047
vn -0.1467 0.9407 -0.3059
vn -0.1466 0.9407 -0.3061
vn 0.8463 0.5095 0.1554
vn 0.8468 0.5088 0.1553
vn 0.8466 0.5091 0.1550
vn 0.8463 0.5095 0.1553
vn 0.9486 0.0808 0.3059
vn 0.9486 0.0810 0.3059
vn 0.9487 0.0806 0.3058
vn -0.5225 0.7606 -0.3853
vn -0.5225 0.7608 -0.3850
vn 0.8908 0.4093 0.1974
vn 0.8910 0.4091 0.1970
vn 0.8906 0.4095 0.1977
vn -0.0789 0.9555 -0.2843
vn -0.0792 0.9555 -0.2843
vn -0.0791 0.9555 -0.2843
vn -0.0788 0.9555 -0.2843
vn 0.9485 0.0768 0.3074
vn 0.9488 0.0762 0.3066
vn 0.9487 0.0762 0.3068
vn 0.9484 0.0770 0.3075
vn 0.6254 -0.6718 0.3969
vn 0.6257 -0.6717 0.3966
vn 0.6255 -0.6718 0.3968
vn 0.6254 -0.6719 0.3967
vn 0.7514 0.6547 0.0821
vn 0.7524 0.6536 0.0823
vn 0.7522 0.6538 0.0823
vn 0.7513 0.6549 0.0821
vn 0.9191 -0.1602 0.3600
vn 0.9197 -0.1585 0.3592
vn 0.9196 -0.1587 0.3594
vn 0.9191 -0.1599 0.3602
vn 0.3925 -0.8452 0.3628
vn 0.3921 -0.8453 0.3629
vn 0.3922 -0.8453 0.3629
vn 0.3924 -0.8452 0.3628
vn 0.8784 -0.2888 0.3807
vn 0.8781 -0.2886 0.3817
vn 0.8781 -0.2886 0.3815
vn 0.8785 -0.2886 0.3807
vn -0.5468 -0.8365 0.0363
vn -0.5465 -0.8367 0.0368
vn -0.5465 -0.8366 0.0367
vn -0.5469 -0.8364 0.0361
vn -0.3004 -0.9420 0.1496
vn -0.3008 -0.9418 0.1499
vn -0.3006 -0.9419 0.1498
vn -0.3004 -0.9420 0.1495
vn -0.8006 -0.5875 -0.1181
vn -0.8006 -0.5875 -0.1180
vn 0.0889 -0.9536 0.2877
vn 0.0894 -0.9536 0.2877
vn 0.0891 -0.9535 0.2878
vn 0.8971 -0.2360 0.3735
vn 0.8973 -0.2356 0.3733
vn 0.8972 -0.2357 0.3734
vn 0.8969 -0.2365 0.3736
vn 0.8861 0.4220 0.1917
vn 0.8861 0.4217 0.1922
vn 0.8861 0.4217 0.1921
vn 0.8860 0.4221 0.1917
vn 0.9259 -0.1300 0.3548
vn 0.9258 -0.1302 0.3548
vn 0.9258 -0.1303 0.3548
vn 0.9259 -0.1299 0.3547
vn 0.2619 0.9507 -0.1658
vn 0.2618 0.9507 -0.1661
vn 0.2615 0.9508 -0.1661
vn 0.2619 0.9508 -0.1657
vn 0.9187 0.3204 0.2310
vn 0.9186 0.3206 0.2310
vn 0.9186 0.3206 0.2311
vn 0.9189 0.3199 0.2309
vn 0.7032 0.7090 0.0527
vn 0.7054 0.7070 0.0510
vn 0.7050 0.7073 0.0513
vn 0.7028 0.7094 0.0530
vn 0.9491 0.0804 0.3046
vn 0.9484 0.0808 0.3067
vn 0.9486 0.0807 0.3061
vn 0.9493 0.0803 0.3041
vn 0.8515 -0.3520 0.3885
vn 0.8514 -0.3520 0.3888
vn 0.8516 -0.3519 0.3884
vn 0.8515 -0.3521 0.3886
vn 0.7415 0.6668 0.0750
vn 0.7403 0.6679 0.0766
vn 0.7404 0.6678 0.0763
vn 0.7416 0.6667 0.0748
vn 0.7221 -0.5637 0.4010
vn 0.7228 -0.5634 0.4002
vn 0.7227 -0.5634 0.4004
vn 0.7220 -0.5638 0.4011
vn 0.0676 -0.9572 0.2813
vn 0.0679 -0.9571 0.2816
vn 0.0678 -0.9572 0.2815
vn 0.0677 -0.9572 0.2815
vn -0.3252 -0.9352 0.1398
vn -0.3248 -0.9353 0.1402
vn -0.3255 -0.9351 0.1399
vn -0.3253 -0.9352 0.1397
vn -0.8813 0.2817 -0.3794
vn -0.8803 0.2829 -0.3808
vn -0.8805 0.2829 -0.3804
vn -0.8815 0.2815 -0.3792
vn 0.3322 -0.2752 -0.9021
vn 0.3319 -0.2750 -0.9023
vn 0.3320 -0.2748 -0.9024
vn 0.3328 -0.2748 -0.9021
vn 0.3315 -0.2749 -0.9025
vn 0.3320 -0.2750 -0.9023
vn 0.3325 -0.2753 -0.9020
vn 0.3322 -0.2751 -0.9022
vn 0.3306 -0.2751 -0.9028
vn 0.3324 -0.2753 -0.9021
vn 0.3319 -0.2742 -0.9026
vn 0.3321 -0.2747 -0.9024
vn 0.3318 -0.2749 -0.9024
vn 0.3318 -0.2748 -0.9024
vn 0.3325 -0.2746 -0.9022
vn 0.3314 -0.2749 -0.9025
vn 0.3335 -0.2744 -0.9019
vn 0.3321 -0.2743 -0.9025
vn 0.3324 -0.2745 -0.9023
vn 0.3317 -0.2747 -0.9025
vn 0.3320 -0.2743 -0.9025
vn 0.3263 -0.2753 -0.9043
vn 0.3301 -0.2758 -0.9027
vn 0.3304 -0.2752 -0.9028
vn 0.3323 -0.2745 -0.9023
vn 0.3297 -0.2724 -0.9039
vn 0.3299 -0.2758 -0.9029
vn 0.3317 -0.2740 -0.9027
vn 0.3319 -0.2754 -0.9022
vn 0.3315 -0.2747 -0.9026
vn 0.3315 -0.2748 -0.9025
vn 0.3331 -0.2735 -0.9024
vn 0.3319 -0.2747 -0.9024
vn 0.3307 -0.2750 -0.9028
vn 0.3325 -0.2765 -0.9017
vn 0.3325 -0.2868 -0.8984
vn 0.3318 -0.2748 -0.9025
vn 0.3267 -0.2756 -0.9041
vn 0.3341 -0.2732 -0.9021
vn -0.3307 0.2755 0.9026
vn -0.3301 0.2754 0.9029
vn -0.3307 0.2751 0.9027
vn -0.3305 0.2757 0.9027
vn -0.3288 0.2767 0.9030
vn -0.3305 0.2758 0.9026
vn -0.3304 0.2756 0.9027
vn -0.3316 0.2755 0.9023
vn -0.3309 0.2753 0.9026
vn -0.3309 0.2751 0.9027
vn -0.3267 0.2755 0.9041
vn -0.3305 0.2751 0.9028
vn -0.3304 0.2755 0.9027
vn -0.3303 0.2758 0.9027
vn -0.3308 0.2744 0.9029
vn -0.3312 0.2748 0.9026
vn -0.3312 0.2748 0.9027
vn -0.3305 0.2750 0.9029
vn -0.3313 0.2751 0.9025
vn -0.3306 0.2749 0.9028
vn -0.3313 0.2749 0.9026
vn -0.3341 0.2736 0.9019
vn -0.3311 0.2746 0.9027
vn -0.3308 0.2745 0.9029
vn -0.3372 0.2765 0.8999
vn -0.3300 0.2755 0.9029
vn -0.3303 0.2746 0.9031
vn -0.3313 0.2746 0.9027
vn -0.3317 0.2750 0.9024
vn -0.3306 0.2748 0.9029
vn -0.3312 0.2750 0.9026
vn -0.3308 0.2750 0.9027
vn -0.3309 0.2749 0.9027
vn -0.3308 0.2753 0.9027
vn -0.3311 0.2776 0.9018
vn -0.3282 0.2678 0.9058
vn -0.3308 0.2752 0.9027
vn -0.3301 0.2755 0.9029
vn -0.3256 0.2766 0.9042
vn 0.3456 -0.8614 0.3722
vn 0.3462 -0.8610 0.3725
vn 0.3458 -0.8612 0.3724
vn 0.3456 -0.8615 0.3721
vn 0.7993 -0.4374 0.4121
vn 0.7997 -0.4371 0.4116
vn 0.7997 -0.4371 0.4117
vn 0.7991 -0.4376 0.4123
vn 0.1796 -0.9261 0.3319
vn 0.1800 -0.9259 0.3322
vn 0.1798 -0.9259 0.3321
vn 0.1794 -0.9261 0.3318
vn 0.4395 -0.8087 0.3910
vn 0.4400 -0.8083 0.3912
vn 0.4399 -0.8084 0.3912
vn 0.4394 -0.8088 0.3909
vn -0.5092 -0.8580 0.0673
vn -0.5088 -0.8583 0.0674
vn -0.5089 -0.8582 0.0671
vn -0.5095 -0.8579 0.0670
vn -0.8180 -0.5604 -0.1295
vn -0.8180 -0.5604 -0.1296
vn -0.8183 -0.5601 -0.1291
vn -0.5713 -0.8201 0.0342
vn -0.5718 -0.8197 0.0347
vn -0.5713 -0.8201 0.0341
vn -0.5713 -0.8200 0.0340
vn 0.5091 -0.7602 0.4037
vn 0.5093 -0.7601 0.4035
vn 0.5092 -0.7602 0.4035
vn 0.5090 -0.7604 0.4034
vn -0.8112 -0.5715 -0.1237
vn -0.8111 -0.5717 -0.1235
vn -0.8115 -0.5711 -0.1238
vn -0.9398 0.0170 -0.3412
vn -0.9397 0.0169 -0.3417
vn -0.9399 0.0169 -0.3412
vn -0.8719 -0.4556 -0.1798
vn -0.8719 -0.4558 -0.1792
vn -0.8720 -0.4555 -0.1793
vn -0.8719 -0.4555 -0.1799
vn -0.8990 0.2117 -0.3834
vn -0.8990 0.2117 -0.3833
vn -0.2988 0.8823 -0.3636
vn -0.2991 0.8823 -0.3634
vn -0.2984 0.8824 -0.3638
vn 0.6323 0.7748 0.0011
vn 0.6320 0.7749 0.0010
vn 0.6321 0.7749 0.0010
vn 0.6323 0.7747 0.0011
vn 0.9251 0.2881 0.2472
vn 0.9250 0.2882 0.2475
vn 0.9250 0.2883 0.2475
vn 0.9251 0.2882 0.2472
vn 0.4498 0.8878 -0.0969
vn 0.4501 0.8877 -0.0973
vn 0.4500 0.8878 -0.0971
vn 0.4499 0.8878 -0.0969
vn -0.8765 -0.4447 -0.1844
vn -0.8765 -0.4448 -0.1844
vn -0.8766 -0.4447 -0.1841
vn -0.7339 -0.6761 -0.0662
vn -0.7338 -0.6761 -0.0661
vn -0.7342 -0.6757 -0.0660
vn -0.2673 0.8956 -0.3556
vn -0.2678 0.8955 -0.3555
vn -0.2675 0.8955 -0.3556
vn -0.2671 0.8956 -0.3557
vn 0.8714 0.4568 0.1790
vn 0.8713 0.4569 0.1791
vn 0.8713 0.4570 0.1789
vn 0.8715 0.4567 0.1790
vn 0.8215 0.5544 0.1329
vn 0.8216 0.5544 0.1329
vn 0.8215 0.5545 0.1330
vn 0.9095 -0.1768 0.3761
vn 0.9454 0.1204 0.3027
vn 0.9455 0.1199 0.3027
vn 0.9455 0.1201 0.3027
vn 0.9454 0.1206 0.3028
vn 0.5865 0.8096 -0.0252
vn 0.5862 0.8097 -0.0252
vn 0.5863 0.8097 -0.0252
vn 0.5862 0.8098 -0.0253
vn -0.6328 0.6535 -0.4153
vn -0.6331 0.6535 -0.4149
vn -0.6329 0.6536 -0.4151
vn -0.6327 0.6535 -0.4154
vn 0.6736 0.7386 0.0268
vn 0.6734 0.7388 0.0268
vn 0.5049 0.8605 -0.0685
vn 0.5046 0.8606 -0.0686
vn 0.5047 0.8606 -0.0686
vn 0.5045 0.8607 -0.0685
vn 0.8871 0.4184 0.1952
vn 0.8870 0.4184 0.1956
vn 0.8870 0.4183 0.1955
vn 0.8869 0.4186 0.1956
vn 0.3300 -0.2769 -0.9025
vn 0.3306 -0.2773 -0.9021
vn 0.3305 -0.2771 -0.9022
vn 0.3307 -0.2771 -0.9022
vn 0.3306 -0.2769 -0.9023
vn 0.3309 -0.2768 -0.9021
vn 0.3299 -0.2770 -0.9024
vn 0.3299 -0.2771 -0.9024
vn 0.3301 -0.2770 -0.9024
vn 0.3330 -0.2759 -0.9017
vn 0.3312 -0.2767 -0.9021
vn 0.3306 -0.2768 -0.9023
vn 0.3281 -0.2774 -0.9030
vn 0.3307 -0.2766 -0.9023
vn 0.3307 -0.2768 -0.9022
vn 0.3299 -0.2773 -0.9024
vn 0.3303 -0.2771 -0.9023
vn 0.3302 -0.2772 -0.9023
vn 0.3303 -0.2769 -0.9023
vn 0.3302 -0.2771 -0.9023
vn 0.3300 -0.2770 -0.9024
vn 0.3304 -0.2770 -0.9023
vn 0.3304 -0.2769 -0.9023
vn 0.3313 -0.2768 -0.9020
vn -0.3301 0.2769 0.9024
vn -0.3310 0.2767 0.9022
vn -0.3302 0.2769 0.9024
vn -0.3306 0.2769 0.9023
vn -0.3306 0.2769 0.9022
vn -0.3307 0.2770 0.9022
vn -0.3296 0.2774 0.9025
vn -0.3293 0.2774 0.9026
vn -0.3301 0.2770 0.9024
vn -0.3313 0.2769 0.9020
vn -0.3309 0.2770 0.9021
vn -0.3314 0.2768 0.9020
vn -0.3319 0.2764 0.9019
vn -0.3333 0.2760 0.9015
vn -0.3316 0.2766 0.9019
vn -0.3307 0.2769 0.9022
vn -0.3303 0.2770 0.9023
vn -0.3303 0.2775 0.9022
vn -0.3302 0.2772 0.9023
vn -0.3303 0.2769 0.9023
vn -0.3305 0.2770 0.9022
vn -0.3305 0.2769 0.9023
vn -0.3306 0.2768 0.9023
vn -0.3305 0.2768 0.9023
vn -0.3298 0.2770 0.9025
vn -0.3295 0.2771 0.9026
vn -0.3300 0.2769 0.9024
vn 0.0176 -0.9602 0.2787
vn 0.0180 -0.9601 0.2790
vn 0.0179 -0.9601 0.2789
vn 0.0175 -0.9602 0.2786
vn 0.8500 -0.3360 0.4057
vn 0.8497 -0.3362 0.4061
vn 0.8499 -0.3363 0.4057
vn 0.8500 -0.3361 0.4056
vn -0.6315 -0.7753 -0.0108
vn -0.6312 -0.7755 -0.0109
vn -0.6313 -0.7755 -0.0109
vn -0.6314 -0.7754 -0.0104
vn 0.2757 -0.8935 0.3544
vn 0.2759 -0.8934 0.3545
vn 0.2762 -0.8933 0.3546
vn 0.2759 -0.8934 0.3544
vn -0.8570 -0.4848 -0.1747
vn -0.8568 -0.4849 -0.1753
vn -0.8569 -0.4848 -0.1753
vn -0.8570 -0.4848 -0.1748
vn -0.4508 0.8017 -0.3925
vn -0.4514 0.8014 -0.3925
vn -0.4507 0.8018 -0.3925
vn -0.6303 -0.7763 -0.0097
vn -0.6304 -0.7762 -0.0098
vn -0.6302 -0.7764 -0.0100
vn -0.7627 -0.6394 -0.0970
vn -0.7625 -0.6396 -0.0971
vn -0.4239 -0.9000 0.1012
vn -0.4237 -0.9001 0.1014
vn -0.4238 -0.9001 0.1013
vn -0.4243 -0.8999 0.1011
vn -0.6449 -0.7641 -0.0181
vn -0.6448 -0.7641 -0.0180
vn -0.6449 -0.7641 -0.0183
vn 0.8540 -0.3256 0.4058
vn 0.8540 -0.3257 0.4058
vn -0.6184 -0.7859 -0.0020
vn -0.6184 -0.7858 -0.0014
vn -0.6183 -0.7860 -0.0019
vn -0.6184 -0.7858 -0.0021
vn -0.8565 -0.4855 -0.1751
vn -0.8566 -0.4854 -0.1753
vn -0.8565 -0.4854 -0.1752
vn -0.8564 -0.4855 -0.1756
vn -0.2858 0.8889 -0.3581
vn -0.2861 0.8889 -0.3578
vn -0.2851 0.8889 -0.3585
vn -0.2851 0.8888 -0.3587
vn 0.9431 0.0653 0.3260
vn 0.9429 0.0655 0.3267
vn 0.9429 0.0655 0.3266
vn 0.9431 0.0652 0.3261
vn 0.6592 0.7515 0.0270
vn 0.6588 0.7518 0.0276
vn 0.6592 0.7515 0.0274
vn -0.8755 -0.4422 -0.1946
vn -0.8755 -0.4423 -0.1946
vn -0.2598 0.8995 -0.3511
vn -0.2604 0.8994 -0.3511
vn -0.2603 0.8994 -0.3511
vn -0.2597 0.8996 -0.3511
vn 0.8160 0.5611 0.1389
vn 0.8158 0.5614 0.1394
vn 0.8160 0.5612 0.1389
vn 0.8161 0.5610 0.1389
vn 0.7411 0.6664 0.0813
vn 0.7407 0.6668 0.0815
vn 0.7408 0.6668 0.0815
vn 0.7413 0.6662 0.0811
vn 0.9259 0.2730 0.2610
vn 0.9261 0.2725 0.2610
vn 0.9262 0.2724 0.2606
vn 0.9260 0.2729 0.2609
vn 0.9217 -0.1168 0.3699
vn 0.8372 0.5238 0.1572
vn 0.8369 0.5242 0.1577
vn 0.8370 0.5241 0.1576
vn 0.4371 0.8945 -0.0941
vn 0.4370 0.8945 -0.0941
vn 0.4372 0.8944 -0.0941
vn 0.2369 0.9540 -0.1840
vn 0.2364 0.9541 -0.1840
vn 0.2366 0.9540 -0.1840
vn 0.2370 0.9539 -0.1839
vn 0.6687 0.7427 0.0339
vn 0.6691 0.7424 0.0334
vn 0.6690 0.7425 0.0336
vn 0.9397 0.1761 0.2930
vn 0.9399 0.1755 0.2928
vn 0.9399 0.1757 0.2929
vn 0.3142 -0.8772 0.3631
vn 0.3147 -0.8769 0.3634
vn 0.3146 -0.8770 0.3633
vn 0.3141 -0.8773 0.3630
vn 0.8270 -0.3839 0.4107
vn 0.8273 -0.3835 0.4105
vn 0.8273 -0.3834 0.4105
vn 0.3392 -0.2728 -0.9003
vn 0.3396 -0.2731 -0.9000
vn 0.3395 -0.2729 -0.9002
vn 0.3398 -0.2722 -0.9003
vn 0.3402 -0.2729 -0.8999
vn 0.3405 -0.2724 -0.8999
vn 0.3401 -0.2727 -0.9000
vn 0.3393 -0.2727 -0.9003
vn 0.3392 -0.2725 -0.9004
vn 0.3397 -0.2728 -0.9001
vn 0.3399 -0.2729 -0.9000
vn 0.3398 -0.2728 -0.9001
vn 0.3398 -0.2729 -0.9000
vn 0.3400 -0.2729 -0.9000
vn 0.3399 -0.2726 -0.9001
vn 0.3412 -0.2727 -0.8995
vn 0.3406 -0.2727 -0.8998
vn 0.3399 -0.2728 -0.9000
vn 0.3398 -0.2726 -0.9001
vn 0.3398 -0.2727 -0.9001
vn 0.3395 -0.2729 -0.9001
vn 0.3403 -0.2727 -0.8999
vn 0.3402 -0.2726 -0.9000
vn 0.3405 -0.2727 -0.8998
vn 0.3402 -0.2727 -0.8999
vn 0.3397 -0.2726 -0.9002
vn 0.3388 -0.2732 -0.9003
vn -0.3397 0.2727 0.9001
vn -0.3397 0.2724 0.9002
vn -0.3398 0.2727 0.9001
vn -0.3400 0.2726 0.9001
vn -0.3427 0.2722 0.8991
vn -0.3396 0.2728 0.9002
vn -0.3389 0.2729 0.9004
vn -0.3375 0.2733 0.9008
vn -0.3382 0.2731 0.9006
vn -0.3394 0.2729 0.9002
vn -0.3397 0.2728 0.9001
vn -0.3396 0.2729 0.9001
vn -0.3392 0.2730 0.9002
vn -0.3390 0.2731 0.9003
vn -0.3398 0.2729 0.9001
vn -0.3390 0.2726 0.9004
vn -0.3385 0.2729 0.9005
vn -0.3391 0.2729 0.9003
vn -0.3397 0.2729 0.9001
vn -0.3396 0.2726 0.9002
vn -0.3402 0.2727 0.8999
vn -0.3399 0.2728 0.9000
vn -0.3400 0.2728 0.9000
vn -0.3406 0.2725 0.8999
vn -0.3413 0.2723 0.8997
vn -0.6052 -0.7960 -0.0070
vn -0.6056 -0.7957 -0.0065
vn -0.6052 -0.7960 -0.0069
vn -0.6047 -0.7964 -0.0071
vn -0.3704 -0.9219 0.1141
vn -0.3706 -0.9217 0.1144
vn -0.3702 -0.9219 0.1143
vn -0.3704 -0.9218 0.1140
vn -0.8661 -0.4606 -0.1945
vn -0.8660 -0.4607 -0.1945
vn -0.8661 -0.4605 -0.1946
vn -0.8660 -0.4607 -0.1943
vn -0.8229 -0.5465 -0.1553
vn -0.8229 -0.5465 -0.1552
vn -0.8229 -0.5465 -0.1554
vn -0.4550 -0.8874 0.0736
vn -0.4551 -0.8874 0.0739
vn -0.4553 -0.8873 0.0738
vn -0.4554 -0.8872 0.0736
vn 0.7604 -0.4974 0.4176
vn 0.7607 -0.4970 0.4175
vn 0.7606 -0.4972 0.4174
vn 0.7605 -0.4976 0.4172
vn -0.4647 -0.8827 0.0695
vn -0.4646 -0.8828 0.0695
vn -0.4649 -0.8827 0.0695
vn -0.8920 -0.3933 -0.2228
vn -0.8920 -0.3936 -0.2225
vn -0.8920 -0.3934 -0.2227
vn -0.8920 -0.3932 -0.2231
vn -0.9416 -0.0724 -0.3289
vn -0.9415 -0.0723 -0.3290
vn -0.9417 -0.0724 -0.3286
vn -0.9416 -0.0725 -0.3287
vn -0.9232 -0.2773 -0.2660
vn -0.9234 -0.2772 -0.2655
vn -0.9233 -0.2773 -0.2657
vn -0.9232 -0.2774 -0.2661
vn -0.2150 0.9189 -0.3307
vn -0.2152 0.9190 -0.3305
vn -0.2147 0.9189 -0.3309
vn -0.2143 0.9189 -0.3312
vn 0.8300 -0.3777 0.4103
vn 0.8301 -0.3774 0.4104
vn 0.8301 -0.3776 0.4104
vn 0.8300 -0.3779 0.4102
vn 0.5075 -0.7650 0.3965
vn 0.5071 -0.7652 0.3966
vn 0.5071 -0.7652 0.3967
vn 0.5077 -0.7650 0.3962
vn 0.8073 0.5729 0.1418
vn 0.8069 0.5733 0.1422
vn 0.8070 0.5732 0.1420
vn 0.8075 0.5727 0.1415
vn -0.4783 0.7864 -0.3909
vn -0.4779 0.7866 -0.3909
vn 0.0243 0.9667 -0.2547
vn 0.0246 0.9667 -0.2547
vn -0.9113 0.1592 -0.3796
vn -0.9122 0.1550 -0.3793
vn -0.9418 -0.1057 -0.3190
vn -0.9418 -0.1058 -0.3192
vn -0.9387 -0.1681 -0.3011
vn -0.9389 -0.1680 -0.3005
vn -0.9359 -0.1964 -0.2923
vn -0.9359 -0.1967 -0.2922
vn -0.9340 -0.2127 -0.2871
vn -0.9340 -0.2119 -0.2876
vn -0.9326 -0.2226 -0.2841
vn -0.9330 -0.2211 -0.2840
vn -0.9346 -0.2064 -0.2897
vn -0.9351 -0.2045 -0.2896
vn -0.9389 -0.1640 -0.3027
vn -0.9390 -0.1645 -0.3019
vn -0.9407 -0.1329 -0.3120
vn -0.9409 -0.1351 -0.3105
vn -0.9414 -0.1194 -0.3153
vn -0.9414 -0.1201 -0.3153
vn -0.9417 -0.1118 -0.3174
vn -0.9415 -0.1107 -0.3183
vn -0.9417 -0.1070 -0.3189
vn -0.9418 -0.1055 -0.3192
vn -0.9418 -0.1049 -0.3194
vn -0.9418 -0.1039 -0.3199
vn -0.9417 -0.1038 -0.3199
vn -0.9419 -0.1030 -0.3198
vn -0.2085 0.9213 -0.3282
vn -0.2088 0.9213 -0.3281
vn -0.2086 0.9213 -0.3282
vn -0.2083 0.9213 -0.3283
vn 0.9052 -0.1823 0.3840
vn 0.9052 -0.1825 0.3837
vn 0.9052 -0.1822 0.3840
vn 0.9049 -0.1824 0.3845
vn 0.9196 0.2949 0.2597
vn 0.9198 0.2946 0.2590
vn 0.9197 0.2946 0.2595
vn 0.9194 0.2951 0.2601
vn 0.8066 0.5739 0.1416
vn 0.8065 0.5739 0.1419
vn 0.8915 -0.2284 0.3913
vn 0.8915 -0.2282 0.3914
vn 0.8915 -0.2284 0.3914
vn 0.8915 -0.2285 0.3913
vn 0.8082 0.5714 0.1430
vn 0.8083 0.5712 0.1431
vn 0.8083 0.5711 0.1429
vn 0.8083 0.5713 0.1427
vn -0.7875 0.4561 -0.4145
vn -0.7881 0.4555 -0.4140
vn -0.7879 0.4557 -0.4142
vn 0.7837 0.6087 0.1238
vn 0.7838 0.6086 0.1235
vn 0.7836 0.6088 0.1238
vn 0.7838 0.6086 0.1237
vn 0.2017 0.9615 -0.1866
vn 0.2018 0.9615 -0.1866
vn 0.2015 0.9616 -0.1863
vn 0.2017 0.9616 -0.1863
vn 0.9010 0.3663 0.2325
vn 0.9004 0.3676 0.2328
vn 0.9005 0.3674 0.2327
vn 0.9011 0.3661 0.2325
vn 0.9422 0.0817 0.3249
vn 0.9421 0.0824 0.3251
vn 0.9421 0.0822 0.3250
vn 0.9422 0.0814 0.3249
vn 0.4465 -0.8083 0.3839
vn 0.4470 -0.8079 0.3840
vn 0.4464 -0.8083 0.3839
vn -0.4064 -0.9086 0.0970
vn -0.4068 -0.9083 0.0971
vn -0.4066 -0.9084 0.0970
vn -0.4067 -0.9085 0.0965
vn 0.9314 -0.0573 0.3595
vn 0.9315 -0.0577 0.3591
vn 0.9314 -0.0576 0.3595
vn 0.9314 -0.0573 0.3594
vn 0.3637 -0.8563 0.3666
vn 0.3642 -0.8560 0.3669
vn 0.3641 -0.8560 0.3669
vn 0.3636 -0.8564 0.3666
vn 0.9313 -0.0586 0.3594
vn 0.9314 -0.0583 0.3594
vn 0.9313 -0.0583 0.3596
vn 0.9313 -0.0585 0.3595
vn -0.4910 -0.8694 0.0551
vn -0.4905 -0.8697 0.0549
vn -0.4911 -0.8694 0.0551
vn -0.4907 -0.8696 0.0551
vn 0.3487 -0.2685 -0.8979
vn 0.3487 -0.2684 -0.8980
vn 0.3486 -0.2683 -0.8980
vn 0.3491 -0.2678 -0.8980
vn 0.3483 -0.2687 -0.8980
vn 0.3489 -0.2682 -0.8980
vn 0.3484 -0.2688 -0.8980
vn 0.3498 -0.2689 -0.8974
vn 0.3538 -0.2673 -0.8963
vn 0.3484 -0.2685 -0.8981
vn 0.3512 -0.2667 -0.8975
vn 0.3505 -0.2667 -0.8978
vn 0.3481 -0.2697 -0.8978
vn 0.3492 -0.2680 -0.8979
vn 0.3496 -0.2681 -0.8977
vn 0.3494 -0.2680 -0.8978
vn 0.3465 -0.2706 -0.8982
vn 0.3491 -0.2681 -0.8979
vn 0.3494 -0.2681 -0.8978
vn 0.3490 -0.2681 -0.8980
vn 0.3493 -0.2678 -0.8979
vn 0.3486 -0.2681 -0.8981
vn 0.3500 -0.2682 -0.8976
vn 0.3490 -0.2681 -0.8979
vn 0.3511 -0.2683 -0.8971
vn 0.3484 -0.2683 -0.8981
vn 0.3494 -0.2683 -0.8977
vn 0.3486 -0.2675 -0.8983
vn 0.3494 -0.2677 -0.8979
vn 0.3493 -0.2680 -0.8979
vn 0.3494 -0.2680 -0.8979
vn 0.3482 -0.2679 -0.8983
vn 0.3488 -0.2683 -0.8980
vn 0.3476 -0.2681 -0.8985
vn 0.3488 -0.2682 -0.8980
vn 0.3489 -0.2681 -0.8980
vn 0.3489 -0.2682 -0.8979
vn 0.3487 -0.2680 -0.8981
vn 0.3485 -0.2684 -0.8981
vn 0.3478 -0.2683 -0.8983
vn 0.3521 -0.2674 -0.8969
vn 0.3495 -0.2681 -0.8977
vn 0.3479 -0.2684 -0.8983
vn 0.3496 -0.2680 -0.8977
vn -0.3478 0.2686 0.8983
vn -0.3480 0.2687 0.8982
vn -0.3480 0.2680 0.8984
vn -0.3478 0.2682 0.8984
vn -0.3474 0.2687 0.8984
vn -0.3477 0.2688 0.8983
vn -0.3499 0.2687 0.8974
vn -0.3504 0.2689 0.8972
vn -0.3404 0.2699 0.9007
vn -0.3454 0.2693 0.8990
vn -0.3506 0.2667 0.8977
vn -0.3510 0.2674 0.8974
vn -0.3470 0.2704 0.8980
vn -0.3477 0.2685 0.8983
vn -0.3473 0.2686 0.8984
vn -0.3479 0.2685 0.8983
vn -0.3499 0.2686 0.8975
vn -0.3478 0.2684 0.8983
vn -0.3476 0.2683 0.8984
vn -0.3476 0.2684 0.8984
vn -0.3465 0.2685 0.8988
vn -0.3471 0.2686 0.8985
vn -0.3480 0.2684 0.8983
vn -0.3475 0.2689 0.8983
vn -0.3481 0.2683 0.8982
vn -0.3484 0.2685 0.8981
vn -0.3465 0.2692 0.8986
vn -0.3489 0.2680 0.8980
vn -0.3496 0.2677 0.8978
vn -0.3500 0.2680 0.8976
vn -0.3503 0.2678 0.8975
vn -0.3479 0.2684 0.8983
vn -0.3485 0.2683 0.8981
vn -0.3480 0.2684 0.8982
vn -0.3490 0.2683 0.8979
vn -0.3466 0.2686 0.8988
vn -0.3239 0.2740 0.9055
vn -0.3493 0.2682 0.8978
vn -0.3495 0.2683 0.8977
vn -0.3482 0.2683 0.8982
vn -0.3458 0.2707 0.8984
vn -0.9017 0.2092 -0.3784
vn -0.9017 0.2089 -0.3785
vn -0.9015 0.2091 -0.3788
vn -0.9018 0.2093 -0.3780
vn -0.6753 -0.7364 -0.0416
vn -0.8312 -0.5347 -0.1523
vn -0.8314 -0.5345 -0.1517
vn -0.8313 -0.5346 -0.1518
vn -0.8311 -0.5348 -0.1524
vn -0.2110 -0.9598 0.1849
vn -0.2106 -0.9599 0.1849
vn -0.2109 -0.9599 0.1850
vn -0.9397 0.0199 -0.3416
vn -0.9400 0.0195 -0.3407
vn -0.9398 0.0193 -0.3412
vn -0.9395 0.0202 -0.3418
vn -0.6695 -0.7418 -0.0381
vn -0.6692 -0.7421 -0.0383
vn -0.6696 -0.7418 -0.0381
vn -0.6695 -0.7418 -0.0380
vn -0.8055 -0.5777 -0.1318
vn -0.8058 -0.5774 -0.1315
vn -0.8057 -0.5775 -0.1316
vn -0.8055 -0.5777 -0.1321
vn -0.9059 0.1936 -0.3768
vn -0.9057 0.1946 -0.3765
vn -0.9058 0.1943 -0.3766
vn -0.9058 0.1932 -0.3770
vn -0.8494 -0.5001 -0.1686
vn -0.8496 -0.4998 -0.1683
vn -0.8492 -0.5003 -0.1688
vn -0.4983 -0.8651 0.0570
vn -0.4983 -0.8651 0.0572
vn -0.4980 -0.8653 0.0567
vn -0.4979 -0.8654 0.0565
vn -0.1786 0.9314 -0.3172
vn -0.1788 0.9314 -0.3170
vn -0.1784 0.9314 -0.3173
vn -0.1782 0.9314 -0.3175
vn 0.8284 0.5396 0.1504
vn 0.8284 0.5395 0.1503
vn 0.8284 0.5396 0.1502
vn 0.8283 0.5397 0.1502
vn -0.1146 0.9477 -0.2979
vn -0.1147 0.9476 -0.2981
vn -0.1149 0.9477 -0.2979
vn -0.1145 0.9477 -0.2979
vn -0.9421 -0.1669 -0.2907
vn -0.9422 -0.1667 -0.2907
vn -0.9421 -0.1669 -0.2909
vn -0.9421 -0.1672 -0.2907
vn -0.9302 0.0885 -0.3563
vn -0.9301 0.0887 -0.3565
vn -0.9300 0.0884 -0.3568
vn -0.9302 0.0882 -0.3564
vn -0.1730 -0.9645 0.1996
vn -0.1732 -0.9644 0.1998
vn -0.1733 -0.9644 0.1997
vn -0.1734 -0.9644 0.1995
vn -0.1750 0.9328 -0.3150
vn -0.1752 0.9328 -0.3148
vn -0.1747 0.9328 -0.3153
vn -0.1745 0.9327 -0.3155
vn 0.3833 -0.8479 0.3663
vn 0.3834 -0.8478 0.3665
vn 0.3832 -0.8480 0.3661
vn 0.9237 -0.1226 0.3630
vn 0.9237 -0.1225 0.3631
vn 0.9236 -0.1224 0.3632
vn 0.8906 0.4041 0.2086
vn 0.8905 0.4042 0.2088
vn 0.8905 0.4043 0.2088
vn 0.9284 -0.0986 0.3582
vn 0.9284 -0.0985 0.3583
vn 0.9286 -0.0988 0.3577
vn 0.5289 0.8477 -0.0405
vn 0.5298 0.8472 -0.0407
vn 0.5296 0.8473 -0.0405
vn 0.5288 0.8478 -0.0403
vn -0.9220 0.1327 -0.3638
vn -0.9216 0.1326 -0.3647
vn -0.9218 0.1327 -0.3643
vn -0.9220 0.1328 -0.3636
vn 0.6577 0.7526 0.0318
vn 0.6580 0.7523 0.0313
vn 0.6577 0.7526 0.0315
vn 0.6578 0.7525 0.0318
vn -0.7400 0.5344 -0.4084
vn -0.7395 0.5346 -0.4090
vn -0.7395 0.5347 -0.4090
vn -0.7401 0.5344 -0.4084
vn 0.7406 0.6667 0.0836
vn 0.7400 0.6673 0.0837
vn 0.7407 0.6666 0.0836
vn 0.8867 -0.2554 0.3853
vn 0.8866 -0.2551 0.3859
vn 0.8868 -0.2553 0.3854
vn 0.8869 -0.2554 0.3850
vn 0.9158 0.3221 0.2399
vn 0.9157 0.3226 0.2397
vn 0.9158 0.3220 0.2400
vn 0.9031 -0.2052 0.3774
vn 0.9026 -0.2059 0.3781
vn 0.9029 -0.2053 0.3778
vn 0.9032 -0.2049 0.3771
vn 0.2496 -0.9087 0.3346
vn 0.2498 -0.9086 0.3347
vn -0.3379 -0.9320 0.1314
vn -0.3375 -0.9321 0.1313
vn -0.3374 -0.9321 0.1315
vn -0.3380 -0.9320 0.1313
vn 0.8192 -0.4088 0.4022
vn 0.8196 -0.4082 0.4020
vn 0.8196 -0.4083 0.4020
vn 0.8191 -0.4090 0.4024
vn -0.2128 -0.9597 0.1835
vn -0.2124 -0.9598 0.1835
vn -0.2129 -0.9597 0.1834
vn 0.5424 -0.7419 0.3942
vn 0.5425 -0.7418 0.3943
vn 0.5423 -0.7420 0.3942
vn -0.8051 -0.5786 -0.1304
vn -0.8045 -0.5795 -0.1302
vn -0.8046 -0.5794 -0.1301
vn -0.8052 -0.5785 -0.1304
vn 0.3572 -0.8615 0.3608
vn 0.3574 -0.8614 0.3610
vn 0.3570 -0.8615 0.3610
vn 0.3572 -0.8616 0.3607
vn -0.8792 -0.4340 -0.1967
vn -0.8790 -0.4342 -0.1970
vn -0.8790 -0.4343 -0.1969
vn -0.8792 -0.4340 -0.1966
vn 0.3401 -0.2718 -0.9003
vn 0.3400 -0.2714 -0.9004
vn 0.3400 -0.2716 -0.9003
vn 0.3400 -0.2716 -0.9004
vn 0.3401 -0.2710 -0.9005
vn 0.3403 -0.2710 -0.9004
vn 0.3403 -0.2709 -0.9005
vn 0.3405 -0.2709 -0.9004
vn 0.3402 -0.2710 -0.9005
vn 0.3425 -0.2704 -0.8998
vn 0.3408 -0.2710 -0.9002
vn 0.3406 -0.2708 -0.9004
vn 0.3409 -0.2710 -0.9002
vn 0.3415 -0.2708 -0.9000
vn 0.3399 -0.2712 -0.9005
vn 0.3400 -0.2711 -0.9005
vn 0.3376 -0.2715 -0.9013
vn 0.3399 -0.2711 -0.9006
vn 0.3399 -0.2713 -0.9005
vn 0.3404 -0.2708 -0.9005
vn 0.3400 -0.2709 -0.9006
vn 0.3409 -0.2706 -0.9003
vn 0.3401 -0.2708 -0.9005
vn 0.3395 -0.2714 -0.9006
vn 0.3404 -0.2710 -0.9004
vn 0.3404 -0.2709 -0.9004
vn 0.3367 -0.2709 -0.9018
vn 0.3395 -0.2711 -0.9007
vn 0.3396 -0.2706 -0.9008
vn 0.3407 -0.2712 -0.9002
vn 0.3390 -0.2710 -0.9009
vn 0.3394 -0.2711 -0.9007
vn 0.3390 -0.2708 -0.9010
vn -0.3396 0.2720 0.9004
vn -0.3392 0.2725 0.9004
vn -0.3399 0.2714 0.9005
vn -0.3405 0.2705 0.9005
vn -0.3389 0.2712 0.9009
vn -0.3392 0.2710 0.9008
vn -0.3394 0.2710 0.9008
vn -0.3393 0.2711 0.9008
vn -0.3394 0.2711 0.9007
vn -0.3390 0.2713 0.9008
vn -0.3361 0.2720 0.9017
vn -0.3394 0.2714 0.9007
vn -0.3382 0.2716 0.9010
vn -0.3373 0.2717 0.9013
vn -0.3384 0.2715 0.9010
vn -0.3397 0.2712 0.9006
vn -0.3391 0.2713 0.9008
vn -0.3378 0.2710 0.9014
vn -0.3391 0.2712 0.9008
vn -0.3397 0.2715 0.9005
vn -0.3407 0.2719 0.9000
vn -0.3396 0.2713 0.9006
vn -0.3392 0.2716 0.9007
vn -0.3393 0.2713 0.9007
vn -0.3389 0.2711 0.9009
vn -0.3393 0.2712 0.9008
vn -0.3394 0.2712 0.9007
vn -0.3396 0.2712 0.9006
vn -0.3399 0.2710 0.9006
vn -0.3390 0.2709 0.9009
vn -0.3406 0.2709 0.9003
vn -0.3389 0.2713 0.9008
vn -0.3380 0.2698 0.9017
vn 0.3818 -0.8379 0.3900
vn 0.3819 -0.8378 0.3902
vn 0.3819 -0.8378 0.3901
vn 0.3817 -0.8380 0.3900
vn -0.1820 -0.9559 0.2307
vn -0.1819 -0.9559 0.2307
vn -0.6609 -0.7505 0.0015
vn -0.6607 -0.7507 0.0013
vn -0.6607 -0.7506 0.0012
vn -0.8994 -0.3928 -0.1917
vn -0.8992 -0.3932 -0.1918
vn -0.8994 -0.3930 -0.1916
vn -0.8994 -0.3928 -0.1918
vn -0.9157 0.1618 -0.3679
vn -0.9202 -0.3237 -0.2201
vn -0.8877 0.2514 -0.3857
vn -0.6654 -0.7465 -0.0015
vn -0.6650 -0.7468 -0.0014
vn -0.6655 -0.7464 -0.0013
vn 0.7517 -0.5101 0.4180
vn 0.7522 -0.5095 0.4179
vn 0.7524 -0.5091 0.4179
vn 0.7518 -0.5100 0.4180
vn -0.3192 -0.9313 0.1755
vn -0.3191 -0.9313 0.1756
vn -0.3196 -0.9312 0.1754
vn -0.6970 -0.7168 -0.0213
vn -0.6968 -0.7170 -0.0215
vn -0.6968 -0.7170 -0.0216
vn -0.8289 -0.5463 -0.1199
vn -0.7937 -0.6015 -0.0907
vn -0.7935 -0.6017 -0.0911
vn -0.3443 0.8575 -0.3824
vn -0.3444 0.8575 -0.3822
vn -0.3438 0.8573 -0.3831
vn -0.3436 0.8573 -0.3833
vn 0.8123 0.5734 0.1061
vn 0.8123 0.5735 0.1061
vn 0.8124 0.5734 0.1060
vn 0.4064 0.9035 -0.1359
vn 0.4059 0.9038 -0.1357
vn 0.4060 0.9037 -0.1357
vn 0.4065 0.9035 -0.1359
vn -0.0683 0.9473 -0.3131
vn -0.0687 0.9473 -0.3129
vn -0.0685 0.9473 -0.3130
vn -0.0680 0.9473 -0.3131
vn -0.9263 0.1198 -0.3572
vn -0.9263 0.1200 -0.3572
vn -0.9263 0.1199 -0.3572
vn -0.9263 0.1201 -0.3571
vn -0.0894 0.9436 -0.3189
vn -0.0900 0.9435 -0.3189
vn -0.0899 0.9435 -0.3189
vn -0.0893 0.9436 -0.3189
vn 0.6904 0.7232 0.0182
vn 0.6903 0.7233 0.0182
vn 0.6905 0.7231 0.0184
vn 0.3204 0.9313 -0.1731
vn 0.3200 0.9315 -0.1730
vn 0.3202 0.9314 -0.1731
vn 0.3205 0.9313 -0.1731
vn 0.9383 0.2363 0.2523
vn 0.8746 0.4565 0.1633
vn 0.9155 -0.1653 0.3667
vn 0.9155 -0.1649 0.3669
vn 0.9155 -0.1650 0.3669
vn 0.9155 -0.1654 0.3667
vn 0.0880 -0.9440 0.3179
vn 0.0886 -0.9439 0.3183
vn 0.0885 -0.9439 0.3182
vn 0.0879 -0.9441 0.3179
vn -0.0410 -0.9596 0.2783
vn -0.0406 -0.9596 0.2785
vn -0.0411 -0.9596 0.2782
vn 0.2790 -0.8873 0.3671
vn 0.2796 -0.8871 0.3674
vn 0.2795 -0.8871 0.3673
vn 0.2790 -0.8874 0.3671
vn 0.9491 0.1156 0.2931
vn 0.9491 0.1155 0.2931
vn 0.9490 0.1159 0.2931
vn 0.7859 0.6124 0.0852
vn 0.7862 0.6120 0.0853
vn 0.7862 0.6121 0.0853
vn 0.9491 0.1165 0.2928
vn 0.9494 0.1162 0.2918
vn 0.9495 0.1161 0.2915
vn 0.9103 -0.1826 0.3714
vn 0.9105 -0.1825 0.3710
vn 0.9101 -0.1827 0.3719
vn 0.9099 -0.1828 0.3725
vn 0.8215 -0.4000 0.4064
vn 0.8215 -0.3999 0.4065
vn 0.8217 -0.4001 0.4059
vn 0.8221 -0.4000 0.4051
vn -0.9214 0.1427 -0.3616
vn -0.9212 0.1427 -0.3619
vn -0.9217 0.1426 -0.3608
vn -0.9218 0.1426 -0.3605
vn -0.9239 -0.3079 -0.2270
vn -0.9236 -0.3084 -0.2278
vn -0.9245 -0.3072 -0.2255
vn -0.9249 -0.3068 -0.2247
vn 0.3908 -0.8338 0.3899
vn 0.3905 -0.8338 0.3902
vn 0.3908 -0.8339 0.3897
vn 0.3914 -0.8338 0.3893
vn 0.8829 -0.2661 0.3869
vn 0.8831 -0.2661 0.3864
vn 0.8826 -0.2663 0.3875
vn 0.8824 -0.2664 0.3879
vn 0.9181 0.3314 0.2173
vn 0.9181 0.3314 0.2171
vn 0.9183 0.3312 0.2171
vn 0.9183 0.3311 0.2171
vn 0.6142 0.7886 -0.0283
vn 0.6148 0.7882 -0.0286
vn 0.6139 0.7889 -0.0279
vn 0.6135 0.7893 -0.0276
vn -0.1689 0.9249 -0.3405
vn -0.1690 0.9250 -0.3405
vn -0.1687 0.9249 -0.3408
vn -0.1687 0.9249 -0.3409
vn 0.7017 -0.5767 0.4183
vn 0.7008 -0.5771 0.4193
vn 0.7016 -0.5768 0.4184
vn 0.7025 -0.5764 0.4174
vn 0.1960 -0.9169 0.3477
vn 0.1960 -0.9168 0.3478
vn 0.1960 -0.9169 0.3476
vn 0.1960 -0.9170 0.3475
vn -0.3243 -0.9303 0.1714
vn -0.3244 -0.9302 0.1715
vn -0.3244 -0.9303 0.1714
vn -0.6879 -0.7256 -0.0163
vn -0.6879 -0.7256 -0.0162
vn -0.6885 -0.7250 -0.0160
vn -0.6886 -0.7249 -0.0159
vn -0.9387 -0.2347 -0.2524
vn -0.9387 -0.2346 -0.2524
vn -0.9388 -0.2347 -0.2523
vn -0.9387 -0.2348 -0.2523
vn -0.8871 0.2547 -0.3849
vn -0.8872 0.2547 -0.3848
vn -0.8870 0.2545 -0.3854
vn -0.8870 0.2543 -0.3855
vn -0.9479 -0.1461 -0.2830
vn -0.9479 -0.1459 -0.2833
vn -0.9478 -0.1463 -0.2834
vn -0.9481 -0.1463 -0.2823
vn 0.1513 -0.9295 0.3364
vn 0.1518 -0.9293 0.3367
vn 0.4334 -0.8090 0.3972
vn 0.4335 -0.8086 0.3977
vn 0.4334 -0.8087 0.3976
vn 0.4332 -0.8090 0.3974
vn 0.8779 -0.2786 0.3895
vn 0.8781 -0.2783 0.3892
vn 0.8779 -0.2785 0.3895
vn 0.5962 -0.6862 0.4168
vn 0.5965 -0.6859 0.4169
vn 0.5964 -0.6859 0.4169
vn 0.4103 -0.8223 0.3943
vn 0.4107 -0.8220 0.3945
vn 0.4105 -0.8221 0.3944
vn 0.4102 -0.8224 0.3942
vn 0.8683 -0.3016 0.3937
vn 0.8684 -0.3014 0.3938
vn 0.8684 -0.3015 0.3938
vn 0.8685 -0.3015 0.3934
vn 0.4612 -0.7906 0.4028
vn 0.4613 -0.7904 0.4030
vn 0.4611 -0.7908 0.4026
vn 0.9396 0.2262 0.2567
vn 0.9398 0.2262 0.2563
vn 0.9398 0.2263 0.2563
vn 0.3182 -0.2806 -0.9056
vn 0.3175 -0.2806 -0.9058
vn 0.3183 -0.2805 -0.9055
vn 0.3174 -0.2807 -0.9058
vn 0.3167 -0.2814 -0.9058
vn 0.3167 -0.2813 -0.9058
vn 0.3162 -0.2809 -0.9061
vn 0.3165 -0.2805 -0.9062
vn 0.3171 -0.2808 -0.9059
vn 0.3170 -0.2808 -0.9059
vn 0.3169 -0.2809 -0.9059
vn 0.3165 -0.2810 -0.9060
vn 0.3167 -0.2809 -0.9060
vn 0.3176 -0.6793 -0.6615
vn 0.3165 -0.2807 -0.9061
vn 0.3168 -0.2808 -0.9060
vn 0.3168 -0.2807 -0.9060
vn 0.3167 -0.2808 -0.9060
vn 0.3168 -0.2809 -0.9060
vn 0.6562 -0.5830 -0.4791
vn 0.4805 -0.6122 -0.6279
vn 0.4765 -0.5372 -0.6960
vn 0.3840 -0.5735 -0.7237
vn 0.3166 -0.2807 -0.9061
vn 0.3167 -0.2805 -0.9061
vn 0.3156 -0.2809 -0.9063
vn 0.3169 -0.2806 -0.9060
vn 0.3166 -0.2810 -0.9060
vn 0.3167 -0.2807 -0.9060
vn 0.3165 -0.2808 -0.9061
vn 0.3172 -0.2808 -0.9058
vn 0.3166 -0.2809 -0.9060
vn 0.3164 -0.2810 -0.9061
vn 0.3166 -0.2811 -0.9060
vn 0.3164 -0.2809 -0.9061
vn 0.3163 -0.2809 -0.9061
vn 0.3180 -0.2803 -0.9057
vn -0.3182 0.2805 0.9056
vn -0.3143 0.2814 0.9067
vn -0.3148 0.2813 0.9065
vn -0.3189 0.2804 0.9054
vn -0.3164 0.2808 0.9061
vn -0.3171 0.2808 0.9059
vn -0.3168 0.2809 0.9059
vn -0.3166 0.2809 0.9060
vn -0.3153 0.2810 0.9064
vn -0.3152 0.2810 0.9065
vn -0.3166 0.2808 0.9060
vn -0.3167 0.2808 0.9060
vn -0.2473 -0.1729 0.9534
vn -0.3154 0.2812 0.9064
vn -0.3166 0.2808 0.9061
vn 0.1381 -0.1223 0.9828
vn -0.0894 -0.1012 0.9908
vn -0.1175 -0.0064 0.9931
vn -0.2131 -0.0434 0.9761
vn -0.3164 0.2807 0.9061
vn -0.3160 0.2807 0.9063
vn -0.3167 0.2809 0.9060
vn -0.3170 0.2806 0.9060
vn -0.3179 0.2811 0.9055
vn -0.3164 0.2810 0.9061
vn -0.3162 0.2809 0.9062
vn -0.3168 0.2808 0.9060
vn -0.3167 0.2806 0.9061
vn -0.3167 0.2807 0.9061
vn -0.3169 0.2809 0.9059
vn -0.3170 0.2808 0.9059
vn -0.3165 0.2809 0.9060
vn -0.3154 0.2811 0.9064
vn -0.3163 0.2810 0.9061
vn -0.3156 0.2811 0.9063
vn -0.3163 0.2809 0.9061
vn -0.3160 0.2808 0.9062
vn -0.3171 0.2809 0.9058
vt 0.015600 0.000000
vt 0.015600 1.000000
vt 0.000000 0.000000
vt 0.000000 1.000000
vt 0.031100 0.000000
vt 0.031100 1.000000
vt 0.043400 0.000000
vt 0.043400 1.000000
vt 0.056900 0.000000
vt 0.056900 1.000000
vt 0.084500 0.000000
vt 0.084500 1.000000
vt 0.104100 0.000000
vt 0.104100 1.000000
vt 0.132000 0.000000
vt 0.132000 1.000000
vt 0.142200 0.000000
vt 0.142200 1.000000
vt 0.147600 0.000000
vt 0.147600 1.000000
vt 0.157400 0.000000
vt 0.157400 1.000000
vt 0.173800 0.000000
vt 0.173800 1.000000
vt 0.197700 0.000000
vt 0.197700 1.000000
vt 0.232200 0.000000
vt 0.232200 1.000000
vt 0.317000 0.000000
vt 0.364300 1.000000
vt 0.315600 1.000000
vt 0.410400 0.000000
vt 0.410400 1.000000
vt 0.364300 0.000000
vt 0.435200 0.000000
vt 0.435200 1.000000
vt 0.461000 0.000000
vt 0.461000 1.000000
vt 0.465000 0.000000
vt 0.465000 1.000000
vt 0.472300 0.000000
vt 0.472300 1.000000
vt 0.477900 0.000000
vt 0.477900 1.000000
vt 0.502000 0.000000
vt 0.502000 1.000000
vt 0.514400 0.000000
vt 0.514400 1.000000
vt 0.523100 0.000000
vt 0.523100 1.000000
vt 0.529700 0.000000
vt 0.529700 1.000000
vt 0.539200 0.000000
vt 0.539200 1.000000
vt 0.548300 0.000000
vt 0.548300 1.000000
vt 0.556500 0.000000
vt 0.556500 1.000000
vt 0.568400 0.000000
vt 0.568400 1.000000
vt 0.581200 1.000000
vt 0.850100 0.000000
vt 0.850100 1.000000
vt 0.841800 0.000000
vt 0.858100 0.000000
vt 0.858100 1.000000
vt 0.876800 0.000000
vt 0.876800 1.000000
vt 0.898500 0.000000
vt 0.898500 1.000000
vt 0.911200 1.000000
vt 0.928100 0.000000
vt 0.928100 1.000000
vt 0.911200 0.000000
vt 0.950900 0.000000
vt 0.950900 1.000000
vt 0.984600 0.000000
vt 0.984600 1.000000
vt 1.000000 0.000000
vt 1.000000 1.000000
vt 0.420200 0.066800
vt 0.022200 0.001300
vt 0.056000 0.181300
vt 0.669800 0.242200
vt 0.632400 0.000000
vt 0.439800 0.267300
vt 0.071600 0.307600
vt 0.099700 0.389100
vt 0.726100 0.659200
vt 0.714400 0.701300
vt 0.808000 0.732700
vt 0.834000 0.645700
vt 0.084600 0.967500
vt 0.156500 0.963800
vt 0.172400 0.883700
vt 0.134100 0.423300
vt 0.155200 0.408500
vt 0.444500 0.315000
vt 0.174700 0.458000
vt 0.905800 0.370700
vt 0.873300 0.360200
vt 0.862900 0.378300
vt 0.915500 0.398000
vt 0.023900 0.923400
vt 0.000000 0.863800
vt 0.002600 0.791700
vt 0.078100 0.672900
vt 0.326900 0.858900
vt 0.401100 0.772900
vt 0.088900 0.569000
vt 0.475000 0.626900
vt 0.479000 0.765800
vt 0.534900 0.745100
vt 0.603900 0.660900
vt 0.748900 0.338100
vt 0.689800 0.650300
vt 0.852500 0.585700
vt 1.000000 0.482100
vt 0.890200 0.588700
vt 0.987800 0.546600
vt 0.928900 0.608200
vt 0.989100 0.593200
vt 0.970900 0.621800
vt 0.407500 0.000500
vt 0.427800 0.218200
vt 0.435700 0.302500
vt 0.439400 0.342600
vt 0.911200 0.072900
vt 0.488200 0.762400
vt 0.413700 0.000500
vt 0.014100 1.000000
vt 0.014100 0.000000
vt 0.036400 1.000000
vt 0.036400 0.000000
vt 0.054200 1.000000
vt 0.054200 0.000000
vt 0.084300 1.000000
vt 0.084300 0.000000
vt 0.104700 1.000000
vt 0.104700 0.000000
vt 0.126600 1.000000
vt 0.126600 0.000000
vt 0.135100 1.000000
vt 0.135100 0.000000
vt 0.161000 1.000000
vt 0.161000 0.000000
vt 0.170200 1.000000
vt 0.170200 0.000000
vt 0.201700 1.000000
vt 0.201700 0.000000
vt 0.216000 1.000000
vt 0.216000 0.000000
vt 0.222700 1.000000
vt 0.222700 0.000000
vt 0.258100 1.000000
vt 0.258100 0.000000
vt 0.265200 1.000000
vt 0.265200 0.000000
vt 0.278800 1.000000
vt 0.278800 0.000000
vt 0.311300 1.000000
vt 0.311300 0.000000
vt 0.347900 1.000000
vt 0.347900 0.000000
vt 0.362800 1.000000
vt 0.362800 0.000000
vt 0.378900 1.000000
vt 0.378900 0.000000
vt 0.392600 1.000000
vt 0.392600 0.000000
vt 0.471500 1.000000
vt 0.471500 0.000000
vt 0.523900 1.000000
vt 0.523900 0.000000
vt 0.538600 1.000000
vt 0.538600 0.000000
vt 0.598900 1.000000
vt 0.598900 0.000000
vt 0.636900 1.000000
vt 0.636900 0.000000
vt 0.731900 1.000000
vt 0.731900 0.000000
vt 0.758800 1.000000
vt 0.758800 0.000000
vt 0.793700 1.000000
vt 0.793700 0.000000
vt 0.820700 1.000000
vt 0.820700 0.000000
vt 0.842300 1.000000
vt 0.842300 0.000000
vt 0.855500 1.000000
vt 0.855500 0.000000
vt 0.908400 1.000000
vt 0.908400 0.000000
vt 0.923200 1.000000
vt 0.923200 0.000000
vt 0.932600 1.000000
vt 0.932600 0.000000
vt 0.941100 1.000000
vt 0.941100 0.000000
vt 0.959700 1.000000
vt 0.959700 0.000000
vt 0.989700 1.000000
vt 0.989700 0.000000
vt 0.268300 0.418600
vt 0.296500 0.404400
vt 0.330400 0.448400
vt 0.615000 1.000000
vt 0.532700 0.941600
vt 0.651200 0.954900
vt 0.868000 0.646300
vt 1.000000 0.817600
vt 0.816800 0.679200
vt 0.000000 0.252800
vt 0.024600 0.119000
vt 0.169600 0.243300
vt 0.094900 0.095100
vt 0.383000 0.680100
vt 0.413400 0.656900
vt 0.479100 0.723500
vt 0.601600 0.006200
vt 0.800800 0.001000
vt 0.652700 0.225400
vt 0.858700 0.348800
vt 0.689500 0.981800
vt 0.792000 0.898300
vt 0.167500 0.310700
vt 0.192100 0.291000
vt 0.317200 0.589800
vt 0.348200 0.563700
vt 0.529200 0.876100
vt 0.530700 0.001200
vt 0.596300 0.188600
vt 0.117600 0.000000
vt 0.070700 0.038300
vt 0.817600 0.443700
vt 0.691200 0.536600
vt 0.724700 0.633000
vt 0.964800 0.866400
vt 0.915900 0.869400
vt 0.429200 0.790000
vt 0.889400 0.894400
vt 0.011900 1.000000
vt 0.011900 0.000000
vt 0.025200 1.000000
vt 0.025200 0.000000
vt 0.038400 1.000000
vt 0.038400 0.000000
vt 0.044100 1.000000
vt 0.044100 0.000000
vt 0.063000 1.000000
vt 0.063000 0.000000
vt 0.075000 1.000000
vt 0.075000 0.000000
vt 0.085600 1.000000
vt 0.085600 0.000000
vt 0.104500 1.000000
vt 0.104500 0.000000
vt 0.129300 1.000000
vt 0.129300 0.000000
vt 0.151500 1.000000
vt 0.151500 0.000000
vt 0.165100 1.000000
vt 0.165100 0.000000
vt 0.187900 1.000000
vt 0.187900 0.000000
vt 0.195400 1.000000
vt 0.195400 0.000000
vt 0.212200 1.000000
vt 0.212200 0.000000
vt 0.230500 1.000000
vt 0.230500 0.000000
vt 0.240900 1.000000
vt 0.240900 0.000000
vt 0.259800 1.000000
vt 0.259800 0.000000
vt 0.277400 1.000000
vt 0.277400 0.000000
vt 0.288100 1.000000
vt 0.288100 0.000000
vt 0.330000 1.000000
vt 0.330000 0.000000
vt 0.345600 1.000000
vt 0.345600 0.000000
vt 0.363100 1.000000
vt 0.363100 0.000000
vt 0.394400 1.000000
vt 0.394400 0.000000
vt 0.403300 1.000000
vt 0.403300 0.000000
vt 0.432800 1.000000
vt 0.432800 0.000000
vt 0.443900 1.000000
vt 0.443900 0.000000
vt 0.454800 1.000000
vt 0.454800 0.000000
vt 0.478700 1.000000
vt 0.478700 0.000000
vt 0.543300 1.000000
vt 0.543300 0.000000
vt 0.551500 1.000000
vt 0.551500 0.000000
vt 0.621900 1.000000
vt 0.621900 0.000000
vt 0.637100 1.000000
vt 0.637100 0.000000
vt 0.687000 1.000000
vt 0.687000 0.000000
vt 0.720600 1.000000
vt 0.720600 0.000000
vt 0.817300 1.000000
vt 0.817300 0.000000
vt 0.864600 1.000000
vt 0.864600 0.000000
vt 0.905700 1.000000
vt 0.905700 0.000000
vt 0.926900 1.000000
vt 0.926900 0.000000
vt 0.944800 1.000000
vt 0.944800 0.000000
vt 0.967700 1.000000
vt 0.967700 0.000000
vt 0.980400 1.000000
vt 0.980400 0.000000
vt 0.000000 0.001900
vt 0.356900 0.000000
vt 0.124400 0.033800
vt 0.056600 0.283600
vt 0.149500 0.303700
vt 0.087800 0.340100
vt 0.561000 1.000000
vt 0.540700 0.904400
vt 0.639100 0.951300
vt 0.873800 0.641200
vt 0.924300 0.701400
vt 0.820000 0.714400
vt 0.063100 0.074900
vt 0.124400 0.076400
vt 0.113600 0.184000
vt 0.674600 0.984500
vt 0.710800 0.945300
vt 0.814800 0.939100
vt 0.803000 0.918400
vt 0.271100 0.440400
vt 0.067400 0.196400
vt 0.307300 0.602500
vt 0.348300 0.574000
vt 0.386900 0.646800
vt 0.932000 0.790700
vt 0.361900 0.032100
vt 0.567700 0.033600
vt 0.753200 0.028000
vt 0.600900 0.227100
vt 0.828700 0.401600
vt 0.548000 0.273100
vt 0.252200 0.480000
vt 0.344900 0.500500
vt 0.413100 0.727700
vt 0.434800 0.702800
vt 0.520400 0.774300
vt 1.000000 0.802400
vt 0.984200 0.878200
vt 0.918900 0.882900
vt 0.721600 0.569600
vt 0.875500 0.924700
vt 0.494000 0.823900
vt 0.123400 0.999500
vt 0.123400 0.000500
vt 0.077100 0.000500
vt 0.077100 0.999500
vt 0.235200 0.999500
vt 0.235200 0.000500
vt 0.331600 0.999500
vt 0.331600 0.000500
vt 0.520100 0.999500
vt 0.520100 0.000500
vt 0.687200 0.999500
vt 0.687200 0.000500
vt 0.651100 0.000500
vt 0.651100 0.999500
vt 0.664700 0.999500
vt 0.664700 0.000500
vt 0.484500 0.000500
vt 0.484500 0.999500
vt 0.734800 0.999500
vt 0.734800 0.000500
vt 0.999500 0.999500
vt 0.999500 0.000500
vt 0.868200 0.000500
vt 0.868200 0.999500
vt 0.612100 0.999500
vt 0.612100 0.000500
vt 0.320900 0.000500
vt 0.320900 0.999500
vt 0.652900 0.999500
vt 0.652900 0.000500
vt 0.955600 0.999500
vt 0.955600 0.000500
vt 0.869700 0.999500
vt 0.869700 0.000500
vt 0.071500 0.000500
vt 0.071500 0.999500
vt 0.137900 0.999500
vt 0.137900 0.000500
vt 0.015600 0.000500
vt 0.015600 0.999500
vt 0.337200 0.999500
vt 0.337200 0.000500
vt 0.924600 0.999500
vt 0.924600 0.000500
vt 0.836900 0.000500
vt 0.836900 0.999500
vt 0.391600 0.999500
vt 0.391600 0.000500
vt 0.302900 0.000500
vt 0.302900 0.999500
vt 0.932000 0.000500
vt 0.932000 0.999500
vt 0.448200 0.999500
vt 0.448200 0.000500
vt 0.397100 0.000500
vt 0.397100 0.999500
vt 0.137400 0.999500
vt 0.137400 0.000500
vt 0.015900 0.000500
vt 0.015900 0.999500
vt 0.550000 0.999500
vt 0.550000 0.000500
vt 0.513500 0.000500
vt 0.513500 0.999500
vt 0.583700 0.999500
vt 0.583700 0.000500
vt 0.177800 0.999500
vt 0.177800 0.000500
vt 0.140700 0.000500
vt 0.140700 0.999500
vt 0.631300 0.999500
vt 0.631300 0.000500
vt 0.592500 0.000500
vt 0.592500 0.999500
vt 0.399400 0.999500
vt 0.399400 0.000500
vt 0.368700 0.000500
vt 0.368700 0.999500
vt 0.290500 0.999500
vt 0.290500 0.000500
vt 0.237500 0.000500
vt 0.237500 0.999500
vt 0.489000 0.999500
vt 0.489000 0.000500
vt 0.427800 0.000500
vt 0.427800 0.999500
vt 0.371100 0.999500
vt 0.371100 0.000500
vt 0.311000 0.000500
vt 0.311000 0.999500
vt 0.506500 0.000500
vt 0.506500 0.999500
vt 0.639800 0.999500
vt 0.639800 0.000500
vt 0.747600 0.999500
vt 0.747600 0.000500
vt 0.548700 0.999500
vt 0.548700 0.000500
vt 0.513900 0.000500
vt 0.513900 0.999500
vt 0.799200 0.999500
vt 0.799200 0.000500
vt 0.764200 0.000500
vt 0.764200 0.999500
vt 0.837000 0.999500
vt 0.837000 0.000500
vt 0.889000 0.999500
vt 0.889000 0.000500
vt 0.950300 0.999500
vt 0.950300 0.000500
vt 0.975800 0.999500
vt 0.975800 0.000500
vt 0.522000 0.999500
vt 0.522000 0.000500
vt 0.488700 0.000500
vt 0.488700 0.999500
vt 0.601600 0.999500
vt 0.601600 0.000500
vt 0.654400 0.999500
vt 0.654400 0.000500
vt 0.038600 0.000500
vt 0.038600 0.999500
vt 0.925100 0.302700
vt 0.932500 0.391500
vt 0.837200 0.337000
vt 0.792200 0.631400
vt 0.762800 0.600700
vt 0.822500 0.592600
vt 1.000000 0.397000
vt 0.984600 0.448100
vt 0.863000 0.513500
vt 0.345400 0.961800
vt 0.375100 0.923300
vt 0.398300 0.992200
vt 0.870100 0.015100
vt 0.896500 0.137500
vt 0.071000 0.000000
vt 0.131400 0.735000
vt 0.000000 0.679300
vt 0.188300 0.664900
vt 0.004200 0.387800
vt 0.312600 0.484400
vt 0.044800 0.346900
vt 0.511300 0.976200
vt 0.478000 1.000000
vt 0.499200 0.950700
vt 0.027100 0.043900
vt 0.348800 0.479800
vt 0.548700 0.764500
vt 0.547900 0.799500
vt 0.514000 0.747800
vt 0.553700 0.889400
vt 0.354200 0.876900
vt 0.373000 0.765100
vt 0.569200 0.837400
vt 0.336000 0.668600
vt 0.573500 0.639900
vt 0.568800 0.592600
vt 0.629000 0.506500
vt 0.689200 0.511000
vt 0.709700 0.572300
vt 0.879600 0.550100
vt 0.859700 0.583800
vt 0.029900 1.000000
vt 0.029900 0.000000
vt 0.064300 1.000000
vt 0.064300 0.000000
vt 0.078000 1.000000
vt 0.078000 0.000000
vt 0.140200 1.000000
vt 0.140200 0.000000
vt 0.207600 1.000000
vt 0.207600 0.000000
vt 0.293900 1.000000
vt 0.293900 0.000000
vt 0.319300 1.000000
vt 0.319300 0.000000
vt 0.336800 1.000000
vt 0.336800 0.000000
vt 0.378000 1.000000
vt 0.378000 0.000000
vt 0.394300 1.000000
vt 0.394300 0.000000
vt 0.417700 1.000000
vt 0.417700 0.000000
vt 0.489500 1.000000
vt 0.489500 0.000000
vt 0.513700 1.000000
vt 0.513700 0.000000
vt 0.547600 1.000000
vt 0.547600 0.000000
vt 0.571900 1.000000
vt 0.571900 0.000000
vt 0.624300 1.000000
vt 0.624300 0.000000
vt 0.647200 1.000000
vt 0.647200 0.000000
vt 0.690300 1.000000
vt 0.690300 0.000000
vt 0.716900 1.000000
vt 0.716900 0.000000
vt 0.808500 1.000000
vt 0.808500 0.000000
vt 0.850200 1.000000
vt 0.850200 0.000000
vt 0.883000 1.000000
vt 0.883000 0.000000
vt 0.912600 1.000000
vt 0.912600 0.000000
vt 0.930300 1.000000
vt 0.930300 0.000000
vt 0.953700 1.000000
vt 0.953700 0.000000
vt 0.978700 1.000000
vt 0.978700 0.000000
vt 0.589500 0.000000
vt 0.805400 0.006000
vt 0.627000 0.079100
vt 0.811500 0.103000
vt 0.635200 0.270600
vt 0.887400 0.433400
vt 0.016400 0.327400
vt 0.000000 0.264600
vt 0.140100 0.305500
vt 0.092200 0.129800
vt 0.873000 0.737200
vt 0.922100 0.815000
vt 0.791800 0.762500
vt 1.000000 0.964600
vt 0.922100 0.967600
vt 1.000000 0.886800
vt 0.765000 0.557000
vt 0.520500 0.004300
vt 0.577900 0.082100
vt 0.160600 0.003000
vt 0.553300 0.204800
vt 0.088600 0.070200
vt 0.377000 0.569700
vt 0.713000 0.670700
vt 0.435400 0.812500
vt 0.627000 0.991500
vt 0.694900 0.983600
vt 0.865900 1.000000
vt 0.033500 1.000000
vt 0.033500 0.000000
vt 0.047200 1.000000
vt 0.047200 0.000000
vt 0.060800 1.000000
vt 0.060800 0.000000
vt 0.073700 1.000000
vt 0.073700 0.000000
vt 0.089000 1.000000
vt 0.089000 0.000000
vt 0.098900 1.000000
vt 0.098900 0.000000
vt 0.136400 1.000000
vt 0.136400 0.000000
vt 0.201100 1.000000
vt 0.201100 0.000000
vt 0.245800 1.000000
vt 0.245800 0.000000
vt 0.316300 1.000000
vt 0.316300 0.000000
vt 0.339200 1.000000
vt 0.339200 0.000000
vt 0.363600 1.000000
vt 0.363600 0.000000
vt 0.410700 1.000000
vt 0.410700 0.000000
vt 0.551900 1.000000
vt 0.551900 0.000000
vt 0.566300 1.000000
vt 0.566300 0.000000
vt 0.599400 1.000000
vt 0.599400 0.000000
vt 0.643400 1.000000
vt 0.643400 0.000000
vt 0.667400 1.000000
vt 0.667400 0.000000
vt 0.721700 1.000000
vt 0.721700 0.000000
vt 0.760100 1.000000
vt 0.760100 0.000000
vt 0.792500 1.000000
vt 0.792500 0.000000
vt 0.824100 1.000000
vt 0.824100 0.000000
vt 0.852700 1.000000
vt 0.852700 0.000000
vt 0.886700 1.000000
vt 0.886700 0.000000
vt 0.911600 1.000000
vt 0.911600 0.000000
vt 0.933200 1.000000
vt 0.933200 0.000000
vt 0.978600 1.000000
vt 0.978600 0.000000
vt 0.615900 0.006100
vt 0.592700 0.055300
vt 0.616000 0.999600
vt 0.587900 0.955400
vt 0.658600 0.963900
vt 0.067800 0.251500
vt 0.015800 0.173300
vt 0.138300 0.191400
vt 0.278400 0.422700
vt 0.655700 0.165100
vt 0.414200 0.540800
vt 0.650900 0.002800
vt 0.755600 0.006100
vt 0.796200 0.203400
vt 0.531800 0.954600
vt 0.526700 0.898300
vt 0.569400 0.891800
vt 0.848600 0.337900
vt 0.825400 0.455500
vt 0.751700 0.553900
vt 0.491800 0.770400
vt 0.767200 0.658900
vt 0.868900 0.749900
vt 0.798300 1.000000
vt 0.867900 0.947200
vt 0.960000 0.799800
vt 1.000000 0.872100
vt 0.976400 0.944800
vt 0.127100 0.999500
vt 0.127100 0.000500
vt 0.037900 0.000500
vt 0.037900 0.999500
vt 0.172100 0.999500
vt 0.172100 0.000500
vt 0.296100 0.999500
vt 0.296100 0.000500
vt 0.481500 0.999500
vt 0.481500 0.000500
vt 0.645500 0.999500
vt 0.645500 0.000500
vt 0.426800 0.999500
vt 0.426800 0.000500
vt 0.354500 0.000500
vt 0.354500 0.999500
vt 0.589600 0.999500
vt 0.589600 0.000500
vt 0.573200 0.000500
vt 0.573200 0.999500
vt 0.723700 0.999500
vt 0.723700 0.000500
vt 0.921200 0.999500
vt 0.921200 0.000500
vt 0.998400 0.999500
vt 0.998400 0.000500
vt 0.615400 0.999500
vt 0.615400 0.000500
vt 0.111700 0.000500
vt 0.111700 0.999500
vt 0.083500 0.999500
vt 0.083500 0.000500
vt 0.003500 0.000500
vt 0.003500 0.999500
vt 0.553500 0.999500
vt 0.553500 0.000500
vt 0.500300 0.000500
vt 0.500300 0.999500
vt 0.241100 0.999500
vt 0.241100 0.000500
vt 0.095500 0.000500
vt 0.095500 0.999500
vt 0.668600 0.999500
vt 0.668600 0.000500
vt 0.499500 0.000500
vt 0.499500 0.999500
vt 0.735500 0.999500
vt 0.735500 0.000500
vt 0.728400 0.000500
vt 0.728400 0.999500
vt 0.757000 0.999500
vt 0.757000 0.000500
vt 0.787700 0.999500
vt 0.787700 0.000500
vt 0.822300 0.999500
vt 0.822300 0.000500
vt 0.855300 0.999500
vt 0.855300 0.000500
vt 0.881400 0.999500
vt 0.881400 0.000500
vt 0.895400 0.999500
vt 0.895400 0.000500
vt 0.903200 0.999500
vt 0.903200 0.000500
vt 0.914300 0.999500
vt 0.914300 0.000500
vt 0.928100 0.999500
vt 0.928100 0.000500
vt 0.944100 0.999500
vt 0.944100 0.000500
vt 0.961600 0.999500
vt 0.961600 0.000500
vt 0.980300 0.999500
vt 0.980300 0.000500
vt 0.997300 0.999500
vt 0.997300 0.000500
vt 0.775100 0.000500
vt 0.775100 0.999500
vt 0.149500 0.999500
vt 0.149500 0.000500
vt 0.001800 0.000500
vt 0.001800 0.999500
vt 0.264600 0.999500
vt 0.264600 0.000500
vt 0.416500 0.999500
vt 0.416500 0.000500
vt 0.547600 0.999500
vt 0.547600 0.000500
vt 0.650100 0.999500
vt 0.650100 0.000500
vt 0.409900 0.999500
vt 0.409900 0.000500
vt 0.349900 0.000500
vt 0.349900 0.999500
vt 0.727700 0.999500
vt 0.727700 0.000500
vt 0.590100 0.000500
vt 0.590100 0.999500
vt 0.956100 0.000500
vt 0.956100 0.999500
vt 0.798400 0.999500
vt 0.798400 0.000500
vt 0.742100 0.000500
vt 0.742100 0.999500
vt 0.847900 0.999500
vt 0.847900 0.000500
vt 0.064800 0.999500
vt 0.064800 0.000500
vt 0.025500 0.000500
vt 0.025500 0.999500
vt 0.166400 0.999500
vt 0.166400 0.000500
vt 0.145100 0.000500
vt 0.145100 0.999500
vt 0.873800 0.999500
vt 0.873800 0.000500
vt 0.833600 0.000500
vt 0.833600 0.999500
vt 0.194900 0.999500
vt 0.194900 0.000500
vt 0.131300 0.000500
vt 0.131300 0.999500
vt 0.880900 0.000500
vt 0.880900 0.999500
vt 0.000500 0.000500
vt 0.000500 0.999500
vt 0.615500 0.003000
vt 0.499700 0.083100
vt 0.111300 0.001100
vt 0.446400 0.095100
vt 0.997800 0.001300
vt 0.855600 0.149200
vt 0.775400 0.000000
vt 0.766800 0.019200
vt 0.758500 0.037900
vt 0.750800 0.055500
vt 0.744000 0.071500
vt 0.738300 0.085300
vt 0.734100 0.096400
vt 0.895600 0.590200
vt 0.956500 0.727900
vt 0.793300 0.650300
vt 0.731600 0.104300
vt 0.719500 1.000000
vt 0.667000 0.962600
vt 0.805400 0.881300
vt 0.728100 0.118200
vt 0.098500 0.078400
vt 0.721300 0.144400
vt 0.577300 0.873200
vt 0.839800 0.264400
vt 0.712000 0.177400
vt 0.701200 0.212000
vt 0.689800 0.242700
vt 0.028100 0.426800
vt 0.003500 0.410300
vt 0.164300 0.354400
vt 0.000000 0.276100
vt 0.678700 0.264300
vt 0.895400 0.416400
vt 0.668700 0.271300
vt 0.756300 0.547600
vt 0.499500 0.240800
vt 0.416000 0.518500
vt 0.473300 0.704100
vt 0.491100 0.828200
vt 0.869100 0.874200
vt 0.898200 0.833900
vt 1.000000 0.742300
vt 0.998900 0.798700
vt 0.975000 0.848300
vt 0.935600 0.855200
vt 0.222900 0.999500
vt 0.222900 0.000500
vt 0.066400 0.000500
vt 0.066400 0.999500
vt 0.294100 0.999500
vt 0.294100 0.000500
vt 0.348900 0.999500
vt 0.348900 0.000500
vt 0.748600 0.999500
vt 0.748600 0.000500
vt 0.694700 0.000500
vt 0.694700 0.999500
vt 0.446900 0.999500
vt 0.446900 0.000500
vt 0.517200 0.999500
vt 0.517200 0.000500
vt 0.628400 0.999500
vt 0.628400 0.000500
vt 0.684300 0.999500
vt 0.684300 0.000500
vt 0.804600 0.999500
vt 0.804600 0.000500
vt 0.357600 0.999500
vt 0.357600 0.000500
vt 0.341100 0.999500
vt 0.341100 0.000500
vt 0.528800 0.999500
vt 0.528800 0.000500
vt 0.447100 0.000500
vt 0.447100 0.999500
vt 0.835400 0.999500
vt 0.835400 0.000500
vt 0.654100 0.000500
vt 0.654100 0.999500
vt 0.949200 0.999500
vt 0.949200 0.000500
vt 0.497300 0.999500
vt 0.497300 0.000500
vt 0.373800 0.000500
vt 0.373800 0.999500
vt 0.502700 0.000500
vt 0.502700 0.999500
vt 0.249700 0.999500
vt 0.249700 0.000500
vt 0.235800 0.999500
vt 0.235800 0.000500
vt 0.057900 0.000500
vt 0.057900 0.999500
vt 0.464600 0.999500
vt 0.464600 0.000500
vt 0.681300 0.999500
vt 0.681300 0.000500
vt 0.730500 0.999500
vt 0.730500 0.000500
vt 0.340200 0.999500
vt 0.340200 0.000500
vt 0.269500 0.000500
vt 0.269500 0.999500
vt 0.751900 0.999500
vt 0.751900 0.000500
vt 0.659800 0.000500
vt 0.659800 0.999500
vt 0.704800 0.000500
vt 0.704800 0.999500
vt 0.768000 0.999500
vt 0.768000 0.000500
vt 0.714000 0.000500
vt 0.714000 0.999500
vt 0.859600 0.999500
vt 0.859600 0.000500
vt 0.888900 0.999500
vt 0.888900 0.000500
vt 0.959700 0.999500
vt 0.959700 0.000500
vt 0.405000 0.999500
vt 0.405000 0.000500
vt 0.335900 0.000500
vt 0.335900 0.999500
vt 0.434400 0.999500
vt 0.434400 0.000500
vt 0.979600 0.999500
vt 0.979600 0.000500
vt 0.947600 0.000500
vt 0.947600 0.999500
vt 0.506400 0.999500
vt 0.506400 0.000500
vt 0.468000 0.000500
vt 0.468000 0.999500
vt 0.597000 0.999500
vt 0.597000 0.000500
vt 0.027300 0.999500
vt 0.027300 0.000500
vt 0.736300 0.999500
vt 0.736300 0.000500
vt 0.605700 0.000500
vt 0.605700 0.999500
vt 0.003700 0.000500
vt 0.003700 0.999500
vt 1.000000 0.004900
vt 0.750500 0.057400
vt 0.502700 0.005300
vt 0.626300 0.050400
vt 0.357400 0.000000
vt 0.215100 0.195100
vt 0.447000 0.340900
vt 0.239700 0.315500
vt 0.642100 0.660000
vt 0.705000 0.752200
vt 0.601000 0.730800
vt 0.649600 0.235500
vt 0.567000 0.164200
vt 0.528800 0.345800
vt 0.666800 0.464600
vt 0.757300 0.714200
vt 0.783500 0.768200
vt 0.713600 0.859900
vt 0.402900 1.000000
vt 0.394200 0.973200
vt 0.493600 0.964300
vt 0.263400 0.996800
vt 0.256300 0.934000
vt 0.364600 0.777400
vt 0.251100 0.629000
vt 0.284100 0.553200
vt 0.305100 0.651200
vt 0.550700 0.681400
vt 0.532100 0.980100
vt 0.565600 0.948000
vt 0.202300 0.371500
vt 0.238200 0.482800
vt 0.319100 0.706100
vt 0.712900 0.889300
vt 0.664300 0.960200
vt 0.595100 0.965300
vt 0.581200 0.000000
vt 0.603900 1.000000
vt 0.603900 0.000000
vt 0.614500 1.000000
vt 0.614500 0.000000
vt 0.624700 1.000000
vt 0.624700 0.000000
vt 0.644300 1.000000
vt 0.644300 0.000000
vt 0.660800 1.000000
vt 0.660800 0.000000
vt 0.679200 1.000000
vt 0.679200 0.000000
vt 0.693300 1.000000
vt 0.693300 0.000000
vt 0.708500 1.000000
vt 0.708500 0.000000
vt 0.726100 1.000000
vt 0.726100 0.000000
vt 0.751700 1.000000
vt 0.751700 0.000000
vt 0.759000 1.000000
vt 0.759000 0.000000
vt 0.776700 1.000000
vt 0.776700 0.000000
vt 0.791300 1.000000
vt 0.791300 0.000000
vt 0.807500 1.000000
vt 0.807500 0.000000
vt 0.841800 1.000000
vt 0.745600 0.905400
vt 0.797600 0.819900
vt 0.782200 0.871300
vt 0.812100 0.826200
vt 0.826500 0.982600
vt 0.796300 1.000000
vt 0.710200 0.956900
vt 0.715600 0.985000
vt 0.664900 0.933900
vt 0.671200 0.874500
vt 0.636200 0.853800
vt 0.679000 0.793600
vt 0.649200 0.785100
vt 0.723100 0.738300
vt 0.847300 0.712000
s 1
usemtl 3d66_Standardmaterial_17342430_129
f 88/131/178 87/132/179 86/3/179
f 89/4/178 88/131/178 86/3/179
f 91/133/180 90/134/181 87/132/182
f 88/131/183 91/133/180 87/132/182
f 93/135/184 92/136/185 90/134/186
f 91/133/187 93/135/184 90/134/186
f 95/137/188 94/138/189 92/136/190
f 93/135/191 95/137/188 92/136/190
f 97/139/192 96/140/193 94/138/193
f 95/137/194 97/139/192 94/138/193
f 99/141/195 98/142/196 96/140/196
f 97/139/197 99/141/195 96/140/196
f 101/143/198 100/144/199 98/142/200
f 99/141/198 101/143/198 98/142/200
f 103/145/201 102/146/202 100/144/203
f 101/143/204 103/145/201 100/144/203
f 105/147/205 104/148/206 102/146/207
f 103/145/205 105/147/205 102/146/207
f 107/149/208 106/150/209 104/148/210
f 105/147/208 107/149/208 104/148/210
f 109/151/211 108/152/212 106/150/213
f 107/149/214 109/151/211 106/150/213
f 111/153/215 110/154/216 108/152/216
f 109/151/217 111/153/215 108/152/216
f 113/155/218 112/156/219 110/154/219
f 111/153/220 113/155/218 110/154/219
f 115/157/221 114/158/222 112/156/222
f 113/155/223 115/157/221 112/156/222
f 117/159/224 116/160/225 114/158/225
f 115/157/226 117/159/224 114/158/225
f 119/161/227 118/162/228 116/160/229
f 117/159/230 119/161/227 116/160/229
f 121/163/231 120/164/232 118/162/233
f 119/161/234 121/163/231 118/162/233
f 123/165/235 122/166/236 120/164/237
f 121/163/235 123/165/235 120/164/237
f 125/167/238 124/168/239 122/166/239
f 123/165/240 125/167/238 122/166/239
f 127/169/241 126/170/242 124/168/243
f 125/167/244 127/169/241 124/168/243
f 129/171/245 128/172/246 126/170/247
f 127/169/248 129/171/245 126/170/247
f 131/173/249 130/174/250 128/172/250
f 129/171/251 131/173/249 128/172/250
f 133/175/252 132/176/253 130/174/254
f 131/173/252 133/175/252 130/174/254
f 135/177/255 134/178/256 132/176/255
f 133/175/257 135/177/255 132/176/255
f 137/179/258 136/180/259 134/178/260
f 135/177/261 137/179/258 134/178/260
f 139/181/262 138/182/263 136/180/264
f 137/179/265 139/181/262 136/180/264
f 141/183/266 140/184/266 138/182/266
f 139/181/266 141/183/266 138/182/266
f 143/185/267 142/186/268 140/184/269
f 141/183/270 143/185/267 140/184/269
f 145/187/271 144/188/272 142/186/273
f 143/185/274 145/187/271 142/186/273
f 147/189/275 146/190/276 144/188/277
f 145/187/278 147/189/275 144/188/277
f 149/191/279 148/192/280 146/190/280
f 147/189/281 149/191/279 146/190/280
f 151/193/282 150/194/282 148/192/282
f 149/191/283 151/193/282 148/192/282
f 153/195/284 152/196/285 150/194/286
f 151/193/287 153/195/284 150/194/286
f 155/197/288 154/198/289 152/196/290
f 153/195/291 155/197/288 152/196/290
f 157/199/292 156/200/293 154/198/294
f 155/197/295 157/199/292 154/198/294
f 159/201/296 158/202/297 156/200/298
f 157/199/299 159/201/296 156/200/298
f 161/203/300 160/204/301 158/202/302
f 159/201/303 161/203/300 158/202/302
f 89/80/304 86/79/305 160/204/305
f 161/203/306 89/80/304 160/204/305
f 164/243/376 163/244/377 162/3/377
f 165/4/376 164/243/376 162/3/377
f 167/245/378 166/246/379 163/244/379
f 164/243/380 167/245/378 163/244/379
f 169/247/381 168/248/382 166/246/383
f 167/245/384 169/247/381 166/246/383
f 171/249/385 170/250/386 168/248/386
f 169/247/385 171/249/385 168/248/386
f 173/251/387 172/252/388 170/250/389
f 171/249/390 173/251/387 170/250/389
f 175/253/391 174/254/392 172/252/393
f 173/251/394 175/253/391 172/252/393
f 177/255/395 176/256/396 174/254/397
f 175/253/395 177/255/395 174/254/397
f 179/257/398 178/258/399 176/256/399
f 177/255/400 179/257/398 176/256/399
f 181/259/401 180/260/402 178/258/402
f 179/257/403 181/259/401 178/258/402
f 183/261/404 182/262/404 180/260/404
f 181/259/405 183/261/404 180/260/404
f 185/263/406 184/264/407 182/262/407
f 183/261/408 185/263/406 182/262/407
f 187/265/409 186/266/410 184/264/411
f 185/263/412 187/265/409 184/264/411
f 189/267/413 188/268/414 186/266/415
f 187/265/416 189/267/413 186/266/415
f 191/269/417 190/270/418 188/268/419
f 189/267/420 191/269/417 188/268/419
f 193/271/421 192/272/422 190/270/423
f 191/269/424 193/271/421 190/270/423
f 195/273/425 194/274/426 192/272/427
f 193/271/428 195/273/425 192/272/427
f 197/275/429 196/276/430 194/274/431
f 195/273/432 197/275/429 194/274/431
f 199/277/433 198/278/434 196/276/435
f 197/275/436 199/277/433 196/276/435
f 201/279/437 200/280/438 198/278/438
f 199/277/437 201/279/437 198/278/438
f 203/281/439 202/282/440 200/280/441
f 201/279/442 203/281/439 200/280/441
f 205/283/443 204/284/444 202/282/445
f 203/281/446 205/283/443 202/282/445
f 207/285/447 206/286/448 204/284/449
f 205/283/450 207/285/447 204/284/449
f 209/287/451 208/288/452 206/286/453
f 207/285/454 209/287/451 206/286/453
f 211/289/455 210/290/456 208/288/457
f 209/287/458 211/289/455 208/288/457
f 213/291/459 212/292/460 210/290/461
f 211/289/462 213/291/459 210/290/461
f 215/293/463 214/294/464 212/292/465
f 213/291/466 215/293/463 212/292/465
f 217/295/467 216/296/468 214/294/469
f 215/293/470 217/295/467 214/294/469
f 219/297/471 218/298/472 216/296/473
f 217/295/474 219/297/471 216/296/473
f 221/299/475 220/300/476 218/298/475
f 219/297/477 221/299/475 218/298/475
f 223/301/478 222/302/479 220/300/480
f 221/299/481 223/301/478 220/300/480
f 225/303/482 224/304/483 222/302/482
f 223/301/482 225/303/482 222/302/482
f 227/305/484 226/306/485 224/304/486
f 225/303/487 227/305/484 224/304/486
f 229/307/488 228/308/489 226/306/488
f 227/305/490 229/307/488 226/306/488
f 231/309/491 230/310/492 228/308/493
f 229/307/494 231/309/491 228/308/493
f 233/311/495 232/312/496 230/310/497
f 231/309/498 233/311/495 230/310/497
f 235/313/499 234/314/500 232/312/501
f 233/311/502 235/313/499 232/312/501
f 237/315/503 236/316/504 234/314/505
f 235/313/506 237/315/503 234/314/505
f 239/317/507 238/318/508 236/316/509
f 237/315/510 239/317/507 236/316/509
f 241/319/511 240/320/512 238/318/513
f 239/317/514 241/319/511 238/318/513
f 243/321/515 242/322/516 240/320/517
f 241/319/515 243/321/515 240/320/517
f 245/323/518 244/324/519 242/322/520
f 243/321/521 245/323/518 242/322/520
f 165/80/522 162/79/522 244/324/522
f 245/323/523 165/80/522 244/324/522
f 330/2/832 329/1/833 328/3/834
f 331/4/835 330/2/832 328/3/834
f 333/530/836 332/531/837 329/1/838
f 330/2/839 333/530/836 329/1/838
f 335/532/840 334/533/841 332/531/842
f 333/530/843 335/532/840 332/531/842
f 337/534/844 336/535/845 334/533/846
f 335/532/847 337/534/844 334/533/846
f 339/536/848 338/537/849 336/535/850
f 337/534/851 339/536/848 336/535/850
f 341/538/852 340/539/853 338/537/852
f 339/536/854 341/538/852 338/537/852
f 343/540/855 342/541/856 340/539/857
f 341/538/858 343/540/855 340/539/857
f 345/542/859 344/543/860 342/541/861
f 343/540/862 345/542/859 342/541/861
f 347/544/863 346/545/863 344/543/864
f 345/542/865 347/544/863 344/543/864
f 349/546/866 348/547/867 346/545/866
f 347/544/868 349/546/866 346/545/866
f 351/548/869 350/549/870 348/547/871
f 349/546/872 351/548/869 348/547/871
f 353/550/873 352/551/874 350/549/874
f 351/548/873 353/550/873 350/549/874
f 355/552/875 354/553/876 352/551/875
f 353/550/877 355/552/875 352/551/875
f 357/554/878 356/555/879 354/553/880
f 355/552/881 357/554/878 354/553/880
f 359/556/882 358/557/883 356/555/884
f 357/554/885 359/556/882 356/555/884
f 361/558/886 360/559/887 358/557/888
f 359/556/889 361/558/886 358/557/888
f 363/560/890 362/561/891 360/559/891
f 361/558/892 363/560/890 360/559/891
f 365/562/893 364/563/894 362/561/894
f 363/560/895 365/562/893 362/561/894
f 367/564/896 366/565/897 364/563/898
f 365/562/899 367/564/896 364/563/898
f 369/566/900 368/567/901 366/565/902
f 367/564/903 369/566/900 366/565/902
f 371/568/904 370/569/905 368/567/904
f 369/566/906 371/568/904 368/567/904
f 373/570/907 372/571/907 370/569/907
f 371/568/907 373/570/907 370/569/907
f 375/572/908 374/573/909 372/571/910
f 373/570/911 375/572/908 372/571/910
f 377/574/912 376/575/913 374/573/914
f 375/572/915 377/574/912 374/573/914
f 379/576/916 378/577/917 376/575/918
f 377/574/919 379/576/916 376/575/918
f 381/578/920 380/579/921 378/577/921
f 379/576/920 381/578/920 378/577/921
f 383/580/922 382/581/923 380/579/924
f 381/578/925 383/580/922 380/579/924
f 331/80/926 328/79/927 382/581/928
f 383/580/929 331/80/926 382/581/928
f 386/610/981 385/611/982 384/3/983
f 387/4/984 386/610/981 384/3/983
f 389/612/985 388/613/986 385/611/987
f 386/610/988 389/612/985 385/611/987
f 391/614/989 390/615/990 388/613/991
f 389/612/992 391/614/989 388/613/991
f 393/616/993 392/617/994 390/615/995
f 391/614/996 393/616/993 390/615/995
f 395/618/997 394/619/998 392/617/999
f 393/616/1000 395/618/997 392/617/999
f 397/620/1001 396/621/1002 394/619/1002
f 395/618/1003 397/620/1001 394/619/1002
f 399/622/1004 398/623/1005 396/621/1004
f 397/620/1006 399/622/1004 396/621/1004
f 401/624/1007 400/625/1007 398/623/1007
f 399/622/1008 401/624/1007 398/623/1007
f 403/626/1009 402/627/1010 400/625/1011
f 401/624/1012 403/626/1009 400/625/1011
f 405/628/1013 404/629/1014 402/627/1013
f 403/626/1015 405/628/1013 402/627/1013
f 407/630/1016 406/631/1017 404/629/1017
f 405/628/1016 407/630/1016 404/629/1017
f 409/632/1018 408/633/1019 406/631/1020
f 407/630/1021 409/632/1018 406/631/1020
f 411/634/1022 410/635/1023 408/633/1024
f 409/632/1025 411/634/1022 408/633/1024
f 413/636/1026 412/637/1027 410/635/1028
f 411/634/1029 413/636/1026 410/635/1028
f 415/638/1030 414/639/1031 412/637/1032
f 413/636/1033 415/638/1030 412/637/1032
f 417/640/1034 416/641/1035 414/639/1036
f 415/638/1036 417/640/1034 414/639/1036
f 419/642/1037 418/643/1037 416/641/1037
f 417/640/1038 419/642/1037 416/641/1037
f 421/644/1039 420/645/1040 418/643/1041
f 419/642/1042 421/644/1039 418/643/1041
f 423/646/1043 422/647/1044 420/645/1045
f 421/644/1046 423/646/1043 420/645/1045
f 425/648/1047 424/649/1048 422/647/1049
f 423/646/1050 425/648/1047 422/647/1049
f 427/650/1051 426/651/1052 424/649/1053
f 425/648/1054 427/650/1051 424/649/1053
f 429/652/1055 428/653/1055 426/651/1055
f 427/650/1055 429/652/1055 426/651/1055
f 431/654/1056 430/655/1057 428/653/1058
f 429/652/1056 431/654/1056 428/653/1058
f 433/656/1059 432/657/1060 430/655/1060
f 431/654/1061 433/656/1059 430/655/1060
f 435/658/1062 434/659/1063 432/657/1064
f 433/656/1065 435/658/1062 432/657/1064
f 437/660/1066 436/661/1067 434/659/1068
f 435/658/1066 437/660/1066 434/659/1068
f 439/578/1069 438/579/1070 436/661/1071
f 437/660/1069 439/578/1069 436/661/1071
f 441/662/1072 440/663/1073 438/579/1074
f 439/578/1075 441/662/1072 438/579/1074
f 387/80/1076 384/79/1077 440/663/1078
f 441/662/1076 387/80/1076 440/663/1078
usemtl 3d66_Standardmaterial_17342430_128
f 108/205/307 110/206/308 106/207/309
f 87/208/310 90/209/311 86/210/312
f 148/211/313 150/212/314 146/213/315
f 118/214/316 120/215/317 116/216/318
f 120/215/317 122/217/319 116/216/318
f 98/218/320 100/219/308 96/220/321
f 134/221/322 136/222/323 132/223/324
f 136/222/323 138/224/325 132/223/324
f 160/225/326 86/210/312 158/226/327
f 112/227/328 114/228/329 110/206/308
f 102/229/330 104/230/331 100/219/308
f 90/209/311 92/231/315 86/210/312
f 128/232/332 130/233/333 126/234/334
f 126/234/334 130/233/333 124/235/335
f 124/235/335 130/233/333 122/217/319
f 122/217/319 130/233/333 116/216/318
f 116/216/318 130/233/333 114/228/329
f 114/228/329 130/233/333 110/206/308
f 130/233/333 132/223/324 110/206/308
f 110/206/308 132/223/324 106/207/309
f 132/223/324 138/224/325 106/207/309
f 138/224/325 140/236/336 106/207/309
f 140/236/336 142/237/337 106/207/309
f 106/207/309 142/237/337 104/230/331
f 104/230/331 142/237/337 100/219/308
f 142/237/337 144/238/338 100/219/308
f 100/219/308 144/238/338 96/220/321
f 86/210/312 92/231/315 158/226/327
f 150/212/314 152/239/339 146/213/315
f 152/239/339 154/240/340 146/213/315
f 94/241/341 96/220/321 92/231/315
f 96/220/321 144/238/338 92/231/315
f 92/231/315 144/238/338 158/226/327
f 144/238/338 146/213/315 158/226/327
f 146/213/315 154/240/340 158/226/327
f 158/226/327 154/240/340 156/242/342
f 111/206/343 109/205/344 107/207/345
f 91/209/346 88/208/347 89/210/348
f 151/212/349 149/211/350 147/213/351
f 121/215/352 119/214/353 117/216/354
f 123/217/355 121/215/352 117/216/354
f 101/219/356 99/218/357 97/220/358
f 137/222/359 135/221/360 133/223/361
f 139/224/348 137/222/359 133/223/361
f 89/210/348 161/225/362 159/226/358
f 115/228/363 113/227/364 111/206/343
f 105/230/365 103/229/366 101/219/356
f 93/231/367 91/209/346 89/210/348
f 131/233/368 129/232/369 127/234/355
f 131/233/368 127/234/355 125/235/354
f 131/233/368 125/235/354 123/217/355
f 131/233/368 123/217/355 117/216/354
f 131/233/368 117/216/354 115/228/363
f 131/233/368 115/228/363 111/206/343
f 133/223/361 131/233/368 111/206/343
f 133/223/361 111/206/343 107/207/345
f 139/224/348 133/223/361 107/207/345
f 141/236/370 139/224/348 107/207/345
f 143/237/358 141/236/370 107/207/345
f 143/237/358 107/207/345 105/230/365
f 143/237/358 105/230/365 101/219/356
f 145/238/371 143/237/358 101/219/356
f 145/238/371 101/219/356 97/220/358
f 93/231/367 89/210/348 159/226/358
f 153/239/372 151/212/349 147/213/351
f 155/240/373 153/239/372 147/213/351
f 97/220/358 95/241/374 93/231/367
f 145/238/371 97/220/358 93/231/367
f 145/238/371 93/231/367 159/226/358
f 147/213/351 145/238/371 159/226/358
f 155/240/373 147/213/351 159/226/358
f 155/240/373 159/226/358 157/242/375
usemtl 3d66_Standardmaterial_17342430_130
f 218/325/524 220/326/525 216/327/524
f 204/328/526 206/329/527 202/330/528
f 178/331/529 180/332/530 176/333/531
f 238/334/532 240/335/533 236/336/534
f 212/337/535 214/338/536 210/339/537
f 174/340/538 176/333/531 172/341/539
f 170/342/540 172/341/539 168/343/541
f 202/330/528 206/329/527 200/344/538
f 208/345/542 210/339/537 206/329/527
f 192/346/543 194/347/544 190/348/545
f 240/335/533 242/349/546 236/336/534
f 220/326/525 222/350/547 216/327/524
f 228/351/548 230/352/549 226/353/550
f 230/352/549 232/354/551 226/353/550
f 226/353/550 232/354/551 224/355/552
f 198/356/553 200/344/538 196/357/554
f 186/358/555 188/359/556 184/360/557
f 216/327/524 222/350/547 214/338/536
f 244/361/558 162/362/534 242/349/546
f 162/362/534 163/363/559 242/349/546
f 232/354/551 234/364/554 224/355/552
f 222/350/547 224/355/552 214/338/536
f 214/338/536 224/355/552 210/339/537
f 210/339/537 224/355/552 206/329/527
f 206/329/527 224/355/552 200/344/538
f 224/355/552 234/364/554 200/344/538
f 200/344/538 234/364/554 196/357/554
f 196/357/554 234/364/554 194/347/544
f 194/347/544 234/364/554 190/348/545
f 190/348/545 234/364/554 188/359/556
f 234/364/554 236/336/534 188/359/556
f 188/359/556 236/336/534 184/360/557
f 166/365/560 168/343/541 163/363/559
f 163/363/559 168/343/541 242/349/546
f 242/349/546 168/343/541 236/336/534
f 236/336/534 168/343/541 184/360/557
f 168/343/541 172/341/539 184/360/557
f 172/341/539 176/333/531 184/360/557
f 176/333/531 180/332/530 184/360/557
f 180/332/530 182/366/561 184/360/557
f 221/326/562 219/325/563 217/327/564
f 207/329/565 205/328/566 203/330/567
f 181/332/568 179/331/569 177/333/570
f 241/335/571 239/334/572 237/336/573
f 215/338/574 213/337/575 211/339/576
f 177/333/570 175/340/577 173/341/578
f 173/341/578 171/342/579 169/343/580
f 207/329/565 203/330/567 201/344/581
f 211/339/576 209/345/582 207/329/565
f 195/347/583 193/346/584 191/348/585
f 243/349/586 241/335/571 237/336/573
f 223/350/587 221/326/562 217/327/564
f 231/352/588 229/351/589 227/353/590
f 233/354/591 231/352/588 227/353/590
f 233/354/591 227/353/590 225/355/591
f 201/344/581 199/356/592 197/357/593
f 189/359/564 187/358/594 185/360/595
f 223/350/587 217/327/564 215/338/574
f 165/362/596 245/361/597 243/349/586
f 164/363/598 165/362/596 243/349/586
f 235/364/599 233/354/591 225/355/591
f 225/355/591 223/350/587 215/338/574
f 225/355/591 215/338/574 211/339/576
f 225/355/591 211/339/576 207/329/565
f 225/355/591 207/329/565 201/344/581
f 235/364/599 225/355/591 201/344/581
f 235/364/599 201/344/581 197/357/593
f 235/364/599 197/357/593 195/347/583
f 235/364/599 195/347/583 191/348/585
f 235/364/599 191/348/585 189/359/564
f 237/336/573 235/364/599 189/359/564
f 237/336/573 189/359/564 185/360/595
f 169/343/580 167/365/600 164/363/598
f 169/343/580 164/363/598 243/349/586
f 169/343/580 243/349/586 237/336/573
f 169/343/580 237/336/573 185/360/595
f 173/341/578 169/343/580 185/360/595
f 177/333/570 173/341/578 185/360/595
f 181/332/568 177/333/570 185/360/595
f 183/366/601 181/332/568 185/360/595
usemtl 3d66_Standardmaterial_17342430_132
f 248/367/602 247/368/603 246/369/604
f 249/370/605 248/367/602 246/369/604
f 251/371/606 250/372/607 247/368/608
f 248/367/609 251/371/606 247/368/608
f 253/373/610 252/374/611 250/372/612
f 251/371/613 253/373/610 250/372/612
f 255/375/614 254/376/614 252/374/614
f 253/373/615 255/375/614 252/374/614
f 257/377/616 256/378/617 254/379/618
f 255/380/616 257/377/616 254/379/618
f 259/381/619 258/382/620 256/383/619
f 257/384/621 259/381/619 256/383/619
f 261/385/622 260/386/623 258/382/624
f 259/381/625 261/385/622 258/382/624
f 263/387/626 262/388/627 260/389/628
f 261/390/629 263/387/626 260/389/628
f 265/391/630 264/392/631 262/393/632
f 263/394/632 265/391/630 262/393/632
f 267/395/633 266/396/634 264/392/635
f 265/391/636 267/395/633 264/392/635
f 269/397/637 268/398/638 266/396/639
f 267/395/640 269/397/637 266/396/639
f 271/387/641 270/388/642 268/398/643
f 269/397/644 271/387/641 268/398/643
f 273/399/645 272/400/646 270/401/647
f 271/402/648 273/399/645 270/401/647
f 275/403/649 274/404/650 272/405/651
f 273/406/652 275/403/649 272/405/651
f 277/407/653 276/408/654 274/404/653
f 275/403/655 277/407/653 274/404/653
f 279/409/656 278/410/656 276/411/656
f 277/412/657 279/409/656 276/411/656
f 281/413/658 280/414/659 278/415/658
f 279/416/660 281/413/658 278/415/658
f 283/387/661 282/388/662 280/417/663
f 281/418/664 283/387/661 280/417/663
f 285/419/665 284/420/666 282/421/667
f 283/422/668 285/419/665 282/421/667
f 287/423/669 286/424/670 284/425/671
f 285/426/672 287/423/669 284/425/671
f 289/427/673 288/428/674 286/429/675
f 287/430/676 289/427/673 286/429/675
f 291/431/677 290/432/678 288/428/679
f 289/427/680 291/431/677 288/428/679
f 293/433/681 292/434/682 290/435/683
f 291/436/684 293/433/681 290/435/683
f 295/437/685 294/438/686 292/439/687
f 293/440/688 295/437/685 292/439/687
f 297/441/689 296/442/690 294/443/691
f 295/444/692 297/441/689 294/443/691
f 299/445/693 298/446/694 296/447/695
f 297/448/696 299/445/693 296/447/695
f 301/449/697 300/450/698 298/451/698
f 299/452/697 301/449/697 298/451/698
f 303/453/699 302/454/700 300/455/701
f 301/456/699 303/453/699 300/455/701
f 305/440/702 304/439/703 302/457/704
f 303/458/705 305/440/702 302/457/704
f 307/459/706 306/460/707 304/439/708
f 305/440/709 307/459/706 304/439/708
f 309/461/710 308/462/711 306/460/712
f 307/459/713 309/461/710 306/460/712
f 311/463/714 310/464/715 308/465/716
f 309/466/717 311/463/714 308/465/716
f 313/467/718 312/468/719 310/469/720
f 311/470/721 313/467/718 310/469/720
f 315/471/722 314/472/723 312/468/724
f 313/467/725 315/471/722 312/468/724
f 317/473/726 316/474/727 314/472/728
f 315/471/729 317/473/726 314/472/728
f 319/475/730 318/476/731 316/474/732
f 317/473/733 319/475/730 316/474/732
f 321/477/734 320/478/735 318/476/736
f 319/475/737 321/477/734 318/476/736
f 323/479/738 322/480/739 320/481/740
f 321/482/741 323/479/738 320/481/740
f 325/483/742 324/484/743 322/480/744
f 323/479/745 325/483/742 322/480/744
f 327/485/746 326/486/747 324/484/748
f 325/483/749 327/485/746 324/484/748
f 249/370/750 246/369/751 326/487/752
f 327/488/753 249/370/750 326/487/752
f 444/692/1131 443/693/1132 442/694/1133
f 445/695/1134 444/692/1131 442/694/1133
f 447/696/1135 446/697/1136 443/693/1137
f 444/692/1138 447/696/1135 443/693/1137
f 449/698/1139 448/699/1140 446/697/1141
f 447/696/1142 449/698/1139 446/697/1141
f 451/700/1143 450/701/1144 448/699/1143
f 449/698/1145 451/700/1143 448/699/1143
f 453/702/1146 452/703/1147 450/701/1148
f 451/700/1149 453/702/1146 450/701/1148
f 455/704/1150 454/705/1151 452/706/1152
f 453/707/1153 455/704/1150 452/706/1152
f 457/708/1154 456/709/1154 454/710/1155
f 455/711/1156 457/708/1154 454/710/1155
f 459/712/1157 458/713/1158 456/709/1159
f 457/708/1160 459/712/1157 456/709/1159
f 461/714/1161 460/715/1162 458/713/1163
f 459/712/1164 461/714/1161 458/713/1163
f 463/716/1165 462/717/1166 460/715/1167
f 461/714/1168 463/716/1165 460/715/1167
f 465/718/1169 464/719/1170 462/720/1171
f 463/721/1172 465/718/1169 462/720/1171
f 467/722/1173 466/723/1174 464/724/1175
f 465/725/1176 467/722/1173 464/724/1175
f 469/726/1177 468/727/1178 466/728/1179
f 467/729/1180 469/726/1177 466/728/1179
f 471/730/1181 470/731/1182 468/732/1183
f 469/733/1184 471/730/1181 468/732/1183
f 473/734/1185 472/735/1186 470/736/1187
f 471/737/1188 473/734/1185 470/736/1187
f 475/738/1189 474/739/1190 472/740/1186
f 473/741/1185 475/738/1189 472/740/1186
f 477/742/1191 476/743/1192 474/739/1190
f 475/738/1189 477/742/1191 474/739/1190
f 479/744/1193 478/745/1194 476/743/1192
f 477/742/1191 479/744/1193 476/743/1192
f 481/746/1195 480/747/1196 478/745/1194
f 479/744/1193 481/746/1195 478/745/1194
f 483/748/1197 482/749/1198 480/747/1196
f 481/746/1195 483/748/1197 480/747/1196
f 485/750/1199 484/751/1200 482/749/1198
f 483/748/1197 485/750/1199 482/749/1198
f 487/752/1201 486/753/1202 484/751/1200
f 485/750/1199 487/752/1201 484/751/1200
f 489/754/1203 488/755/1204 486/753/1202
f 487/752/1201 489/754/1203 486/753/1202
f 491/756/1205 490/757/1206 488/755/1204
f 489/754/1203 491/756/1205 488/755/1204
f 493/758/1207 492/759/1208 490/757/1206
f 491/756/1205 493/758/1207 490/757/1206
f 495/760/1209 494/761/1210 492/759/1208
f 493/758/1207 495/760/1209 492/759/1208
f 497/762/1211 496/763/1212 494/761/1210
f 495/760/1209 497/762/1211 494/761/1210
f 499/764/1213 498/765/1214 496/763/1212
f 497/762/1211 499/764/1213 496/763/1212
f 501/387/1215 500/388/1216 498/765/1214
f 499/764/1213 501/387/1215 498/765/1214
f 503/766/1217 502/767/1218 500/768/1219
f 501/769/1220 503/766/1217 500/768/1219
f 505/770/1221 504/771/1222 502/772/1223
f 503/773/1224 505/770/1221 502/772/1223
f 507/774/1225 506/775/1226 504/771/1227
f 505/770/1228 507/774/1225 504/771/1227
f 509/776/1229 508/777/1230 506/775/1229
f 507/774/1229 509/776/1229 506/775/1229
f 511/778/1231 510/779/1232 508/777/1233
f 509/776/1234 511/778/1231 508/777/1233
f 513/780/1235 512/781/1236 510/779/1237
f 511/778/1238 513/780/1235 510/779/1237
f 515/782/1239 514/783/1240 512/784/1241
f 513/785/1239 515/782/1239 512/784/1241
f 517/786/1242 516/787/1243 514/788/1244
f 515/789/1245 517/786/1242 514/788/1244
f 519/387/1246 518/388/1247 516/790/1248
f 517/791/1249 519/387/1246 516/790/1248
f 521/792/1250 520/793/1251 518/794/1252
f 519/795/1253 521/792/1250 518/794/1252
f 523/796/1254 522/797/1255 520/793/1256
f 521/792/1257 523/796/1254 520/793/1256
f 525/798/1258 524/799/1259 522/800/1259
f 523/801/1260 525/798/1258 522/800/1259
f 527/802/1261 526/803/1262 524/804/1263
f 525/805/1264 527/802/1261 524/804/1263
f 529/806/1265 528/807/1266 526/808/1267
f 527/809/1268 529/806/1265 526/808/1267
f 531/810/1269 530/811/1270 528/812/1271
f 529/813/1272 531/810/1269 528/812/1271
f 533/387/1273 532/388/1274 530/814/1275
f 531/815/1276 533/387/1273 530/814/1275
f 445/695/1277 442/694/1278 532/816/1279
f 533/817/1280 445/695/1277 532/816/1279
f 536/864/1366 535/865/1367 534/866/1368
f 537/867/1369 536/864/1366 534/866/1368
f 539/868/1370 538/869/1370 535/865/1370
f 536/864/1370 539/868/1370 535/865/1370
f 541/870/1371 540/871/1372 538/869/1373
f 539/868/1374 541/870/1371 538/869/1373
f 543/872/1375 542/873/1376 540/874/1377
f 541/875/1375 543/872/1375 540/874/1377
f 545/876/1378 544/877/1379 542/454/1380
f 543/453/1381 545/876/1378 542/454/1380
f 547/878/1382 546/879/1383 544/877/1384
f 545/876/1385 547/878/1382 544/877/1384
f 549/880/1386 548/881/1387 546/879/1388
f 547/878/1389 549/880/1386 546/879/1388
f 551/882/1390 550/883/1391 548/881/1392
f 549/880/1393 551/882/1390 548/881/1392
f 553/884/1394 552/885/1395 550/883/1394
f 551/882/1396 553/884/1394 550/883/1394
f 555/387/1397 554/388/1398 552/885/1399
f 553/884/1400 555/387/1397 552/885/1399
f 557/886/1401 556/887/1402 554/816/1403
f 555/817/1404 557/886/1401 554/816/1403
f 559/888/1405 558/889/1406 556/816/1407
f 557/817/1408 559/888/1405 556/816/1407
f 561/890/1409 560/891/1410 558/892/1411
f 559/893/1412 561/890/1409 558/892/1411
f 563/894/1413 562/895/1414 560/896/1415
f 561/897/1416 563/894/1413 560/896/1415
f 565/898/1417 564/899/1418 562/895/1419
f 563/894/1420 565/898/1417 562/895/1419
f 567/900/1421 566/901/1422 564/902/1423
f 565/903/1424 567/900/1421 564/902/1423
f 569/387/1425 568/388/1426 566/904/1427
f 567/905/1428 569/387/1425 566/904/1427
f 571/906/1429 570/907/1430 568/816/1429
f 569/817/1431 571/906/1429 568/816/1429
f 573/908/1432 572/909/1433 570/910/1434
f 571/911/1434 573/908/1432 570/910/1434
f 575/912/1435 574/913/1436 572/909/1437
f 573/908/1435 575/912/1435 572/909/1437
f 577/914/1438 576/915/1439 574/913/1438
f 575/912/1440 577/914/1438 574/913/1438
f 579/916/1441 578/917/1442 576/915/1443
f 577/914/1444 579/916/1441 576/915/1443
f 581/918/1445 580/919/1446 578/920/1447
f 579/921/1448 581/918/1445 578/920/1447
f 583/922/1449 582/923/1450 580/924/1451
f 581/925/1452 583/922/1449 580/924/1451
f 585/742/1453 584/743/1454 582/926/1455
f 583/927/1456 585/742/1453 582/926/1455
f 587/928/1457 586/929/1458 584/930/1458
f 585/931/1459 587/928/1457 584/930/1458
f 589/932/1460 588/933/1461 586/929/1462
f 587/928/1463 589/932/1460 586/929/1462
f 591/934/1464 590/935/1465 588/933/1465
f 589/932/1466 591/934/1464 588/933/1465
f 593/936/1467 592/937/1468 590/935/1469
f 591/934/1470 593/936/1467 590/935/1469
f 595/938/1471 594/939/1472 592/940/1472
f 593/941/1471 595/938/1471 592/940/1472
f 597/942/1473 596/943/1474 594/939/1475
f 595/938/1476 597/942/1473 594/939/1475
f 599/944/1477 598/945/1478 596/946/1479
f 597/947/1480 599/944/1477 596/946/1479
f 601/948/1481 600/949/1482 598/950/1482
f 599/951/1483 601/948/1481 598/950/1482
f 603/952/1484 602/953/1485 600/949/1485
f 601/948/1486 603/952/1484 600/949/1485
f 605/954/1487 604/955/1488 602/816/1489
f 603/817/1490 605/954/1487 602/816/1489
f 607/956/1491 606/957/1492 604/958/1493
f 605/959/1494 607/956/1491 604/958/1493
f 537/867/1495 534/866/1496 606/960/1497
f 607/961/1498 537/867/1495 606/960/1497
usemtl 3d66_Standardmaterial_17342430_131
f 278/489/754 280/490/755 276/491/756
f 294/492/757 296/493/758 292/494/759
f 282/495/760 284/496/761 280/490/755
f 284/496/761 286/497/762 280/490/755
f 326/498/763 246/499/764 324/500/765
f 280/490/755 286/497/762 276/491/756
f 272/501/766 274/502/767 270/503/768
f 274/502/767 276/491/756 270/503/768
f 260/504/769 262/505/770 258/506/771
f 262/505/770 264/507/772 258/506/771
f 258/506/771 264/507/772 256/508/773
f 264/507/772 266/509/774 256/508/773
f 320/510/775 322/511/776 318/512/777
f 322/511/776 324/500/765 318/512/777
f 324/500/765 246/499/764 318/512/777
f 270/503/768 276/491/756 268/513/778
f 268/513/778 276/491/756 266/509/774
f 266/509/774 276/491/756 256/508/773
f 256/508/773 276/491/756 254/514/779
f 276/491/756 286/497/762 254/514/779
f 310/515/780 312/516/781 308/517/782
f 318/512/777 246/499/764 316/518/558
f 246/499/764 247/519/783 316/518/558
f 247/519/783 250/520/784 316/518/558
f 316/518/558 250/520/784 314/521/785
f 314/521/785 250/520/784 312/516/781
f 312/516/781 250/520/784 308/517/782
f 250/520/784 252/522/786 308/517/782
f 308/517/782 252/522/786 306/523/767
f 252/522/786 254/514/779 306/523/767
f 306/523/767 254/514/779 304/524/787
f 304/524/787 254/514/779 302/525/788
f 254/514/779 286/497/762 302/525/788
f 302/525/788 286/497/762 300/526/789
f 300/526/789 286/497/762 298/527/790
f 298/527/790 286/497/762 296/493/758
f 296/493/758 286/497/762 292/494/759
f 286/497/762 288/528/791 292/494/759
f 288/528/791 290/529/792 292/494/759
f 281/490/793 279/489/794 277/491/795
f 297/493/796 295/492/797 293/494/798
f 285/496/799 283/495/800 281/490/793
f 287/497/801 285/496/799 281/490/793
f 249/499/802 327/498/803 325/500/804
f 287/497/801 281/490/793 277/491/795
f 275/502/805 273/501/806 271/503/807
f 277/491/795 275/502/805 271/503/807
f 263/505/808 261/504/574 259/506/809
f 265/507/810 263/505/808 259/506/809
f 265/507/810 259/506/809 257/508/811
f 267/509/812 265/507/810 257/508/811
f 323/511/813 321/510/814 319/512/815
f 325/500/804 323/511/813 319/512/815
f 249/499/802 325/500/804 319/512/815
f 277/491/795 271/503/807 269/513/816
f 277/491/795 269/513/816 267/509/812
f 277/491/795 267/509/812 257/508/811
f 277/491/795 257/508/811 255/514/817
f 287/497/801 277/491/795 255/514/817
f 313/516/818 311/515/803 309/517/819
f 249/499/802 319/512/815 317/518/820
f 248/519/821 249/499/802 317/518/820
f 251/520/822 248/519/821 317/518/820
f 251/520/822 317/518/820 315/521/823
f 251/520/822 315/521/823 313/516/818
f 251/520/822 313/516/818 309/517/819
f 253/522/824 251/520/822 309/517/819
f 253/522/824 309/517/819 307/523/825
f 255/514/817 253/522/824 307/523/825
f 255/514/817 307/523/825 305/524/826
f 255/514/817 305/524/826 303/525/827
f 287/497/801 255/514/817 303/525/827
f 287/497/801 303/525/827 301/526/828
f 287/497/801 301/526/828 299/527/829
f 287/497/801 299/527/829 297/493/796
f 287/497/801 297/493/796 293/494/798
f 289/528/830 287/497/801 293/494/798
f 291/529/831 289/528/830 293/494/798
usemtl 3d66_Standardmaterial_17342430_133
f 364/582/930 366/583/931 362/584/932
f 366/583/931 368/585/933 362/584/932
f 362/584/932 368/585/933 360/586/934
f 368/585/933 370/587/935 360/586/934
f 344/588/936 346/589/937 342/590/938
f 346/589/937 348/591/938 342/590/938
f 378/592/939 380/593/940 376/594/941
f 328/595/942 329/596/943 382/597/944
f 370/587/935 372/598/941 360/586/934
f 382/597/944 329/596/943 380/593/940
f 354/599/945 356/600/946 352/601/947
f 356/600/946 358/602/948 352/601/947
f 352/601/947 358/602/948 350/603/949
f 350/603/949 358/602/948 348/591/938
f 348/591/938 358/602/948 342/590/938
f 342/590/938 358/602/948 340/604/950
f 358/602/948 360/586/934 340/604/950
f 360/586/934 372/598/941 340/604/950
f 372/598/941 374/605/951 340/604/950
f 340/604/950 374/605/951 338/606/934
f 338/606/934 374/605/951 336/607/951
f 374/605/951 376/594/941 336/607/951
f 336/607/951 376/594/941 334/608/952
f 376/594/941 380/593/940 334/608/952
f 380/593/940 329/596/943 334/608/952
f 334/608/952 329/596/943 332/609/953
f 367/583/954 365/582/955 363/584/956
f 369/585/957 367/583/954 363/584/956
f 369/585/957 363/584/956 361/586/958
f 371/587/959 369/585/957 361/586/958
f 347/589/960 345/588/961 343/590/962
f 349/591/962 347/589/960 343/590/962
f 381/593/963 379/592/964 377/594/965
f 330/596/966 331/595/967 383/597/968
f 373/598/969 371/587/959 361/586/958
f 330/596/966 383/597/968 381/593/963
f 357/600/970 355/599/971 353/601/972
f 359/602/973 357/600/970 353/601/972
f 359/602/973 353/601/972 351/603/974
f 359/602/973 351/603/974 349/591/962
f 359/602/973 349/591/962 343/590/962
f 359/602/973 343/590/962 341/604/975
f 361/586/958 359/602/973 341/604/975
f 373/598/969 361/586/958 341/604/975
f 375/605/976 373/598/969 341/604/975
f 375/605/976 341/604/975 339/606/977
f 375/605/976 339/606/977 337/607/978
f 377/594/965 375/605/976 337/607/978
f 377/594/965 337/607/978 335/608/979
f 381/593/963 377/594/965 335/608/979
f 330/596/966 381/593/963 335/608/979
f 330/596/966 335/608/979 333/609/980
usemtl 3d66_Standardmaterial_17342430_134
f 412/664/1079 414/665/1080 410/3/1081
f 388/666/1082 390/667/1083 385/668/1084
f 406/669/1085 408/670/1086 404/671/1087
f 410/3/1081 414/665/1080 408/670/1086
f 408/670/1086 414/665/1080 404/671/1087
f 404/671/1087 414/665/1080 402/672/1088
f 414/665/1080 416/673/1089 402/672/1088
f 402/672/1088 416/673/1089 400/674/1090
f 418/675/1091 420/676/1089 416/673/1089
f 420/676/1089 422/677/1092 416/673/1089
f 392/678/1093 394/679/1094 390/667/1083
f 394/679/1094 396/680/1095 390/667/1083
f 416/673/1089 422/677/1092 400/674/1090
f 422/677/1092 424/681/1096 400/674/1090
f 424/681/1096 426/682/1097 400/674/1090
f 426/682/1097 428/683/1097 400/674/1090
f 400/674/1090 428/683/1097 398/684/1098
f 428/683/1097 430/685/1099 398/684/1098
f 398/684/1098 430/685/1099 396/680/1095
f 430/685/1099 432/686/1100 396/680/1095
f 396/680/1095 432/686/1100 390/667/1083
f 390/667/1083 432/686/1100 385/668/1084
f 385/668/1084 432/686/1100 384/687/1101
f 384/687/1101 432/686/1100 440/688/1102
f 432/686/1100 434/689/1103 440/688/1102
f 434/689/1103 436/690/1104 440/688/1102
f 440/688/1102 436/690/1104 438/691/1105
f 415/665/1106 413/664/1107 411/3/1108
f 391/667/1109 389/666/1110 386/668/1111
f 409/670/1112 407/669/1113 405/671/1114
f 415/665/1106 411/3/1108 409/670/1112
f 415/665/1106 409/670/1112 405/671/1114
f 415/665/1106 405/671/1114 403/672/1115
f 417/673/1116 415/665/1106 403/672/1115
f 417/673/1116 403/672/1115 401/674/1117
f 421/676/1118 419/675/1119 417/673/1116
f 423/677/1120 421/676/1118 417/673/1116
f 395/679/1121 393/678/1122 391/667/1109
f 397/680/1108 395/679/1121 391/667/1109
f 423/677/1120 417/673/1116 401/674/1117
f 425/681/1123 423/677/1120 401/674/1117
f 427/682/1124 425/681/1123 401/674/1117
f 429/683/1125 427/682/1124 401/674/1117
f 429/683/1125 401/674/1117 399/684/1116
f 431/685/1126 429/683/1125 399/684/1116
f 431/685/1126 399/684/1116 397/680/1108
f 433/686/1127 431/685/1126 397/680/1108
f 433/686/1127 397/680/1108 391/667/1109
f 433/686/1127 391/667/1109 386/668/1111
f 433/686/1127 386/668/1111 387/687/1128
f 433/686/1127 387/687/1128 441/688/1114
f 435/689/1129 433/686/1127 441/688/1114
f 437/690/1130 435/689/1129 441/688/1114
f 437/690/1130 441/688/1114 439/691/1130
usemtl 3d66_Standardmaterial_17342430_135
f 464/818/1281 466/819/1282 462/820/1283
f 466/819/1282 468/821/1284 462/820/1283
f 502/822/1285 504/823/1286 500/824/1287
f 500/824/1287 504/823/1286 498/825/1288
f 498/825/1288 504/823/1286 496/826/1289
f 496/826/1289 504/823/1286 494/827/1290
f 494/827/1290 504/823/1286 492/828/1291
f 492/828/1291 504/823/1286 490/829/1292
f 490/829/1292 504/823/1286 488/830/1293
f 514/831/1294 516/832/1295 512/833/1296
f 488/830/1293 504/823/1286 486/834/1297
f 532/835/1298 442/836/1299 530/837/1300
f 486/834/1297 504/823/1286 484/838/1301
f 462/820/1283 468/821/1284 460/839/1302
f 484/838/1301 504/823/1286 482/840/1303
f 442/836/1299 443/841/1299 530/837/1300
f 504/823/1286 506/842/1304 482/840/1303
f 482/840/1303 506/842/1304 480/843/1305
f 480/843/1305 506/842/1304 478/844/1306
f 478/844/1306 506/842/1304 476/845/1307
f 454/846/1308 456/847/1309 452/848/1310
f 456/847/1309 458/849/1311 452/848/1310
f 476/845/1307 506/842/1304 474/850/1312
f 506/842/1304 508/851/1313 474/850/1312
f 474/850/1312 508/851/1313 472/852/1314
f 508/851/1313 510/853/1315 472/852/1314
f 460/839/1302 468/821/1284 458/849/1311
f 458/849/1311 468/821/1284 452/848/1310
f 468/821/1284 470/854/1316 452/848/1310
f 452/848/1310 470/854/1316 450/855/1317
f 470/854/1316 472/852/1314 450/855/1317
f 472/852/1314 510/853/1315 450/855/1317
f 450/855/1317 510/853/1315 448/856/1318
f 510/853/1315 512/833/1296 448/856/1318
f 448/856/1318 512/833/1296 446/857/1319
f 446/857/1319 512/833/1296 443/841/1299
f 443/841/1299 512/833/1296 530/837/1300
f 512/833/1296 516/832/1295 530/837/1300
f 530/837/1300 516/832/1295 528/858/1320
f 528/858/1320 516/832/1295 526/859/1321
f 516/832/1295 518/860/1322 526/859/1321
f 518/860/1322 520/861/1323 526/859/1321
f 520/861/1323 522/862/1299 526/859/1321
f 526/859/1321 522/862/1299 524/863/1324
f 467/819/1325 465/818/1326 463/820/1327
f 469/821/1328 467/819/1325 463/820/1327
f 505/823/1329 503/822/1330 501/824/1331
f 505/823/1329 501/824/1331 499/825/1332
f 505/823/1329 499/825/1332 497/826/1333
f 505/823/1329 497/826/1333 495/827/1334
f 505/823/1329 495/827/1334 493/828/1335
f 505/823/1329 493/828/1335 491/829/1336
f 505/823/1329 491/829/1336 489/830/1337
f 517/832/1338 515/831/1339 513/833/1340
f 505/823/1329 489/830/1337 487/834/1341
f 445/836/1342 533/835/1343 531/837/1344
f 505/823/1329 487/834/1341 485/838/1345
f 469/821/1328 463/820/1327 461/839/1342
f 505/823/1329 485/838/1345 483/840/1346
f 444/841/1347 445/836/1342 531/837/1344
f 507/842/1348 505/823/1329 483/840/1346
f 507/842/1348 483/840/1346 481/843/1349
f 507/842/1348 481/843/1349 479/844/1350
f 507/842/1348 479/844/1350 477/845/1351
f 457/847/1352 455/846/1353 453/848/1347
f 459/849/1347 457/847/1352 453/848/1347
f 507/842/1348 477/845/1351 475/850/1354
f 509/851/1338 507/842/1348 475/850/1354
f 509/851/1338 475/850/1354 473/852/1355
f 511/853/1356 509/851/1338 473/852/1355
f 469/821/1328 461/839/1342 459/849/1347
f 469/821/1328 459/849/1347 453/848/1347
f 471/854/1357 469/821/1328 453/848/1347
f 471/854/1357 453/848/1347 451/855/1342
f 473/852/1355 471/854/1357 451/855/1342
f 511/853/1356 473/852/1355 451/855/1342
f 511/853/1356 451/855/1342 449/856/1358
f 513/833/1340 511/853/1356 449/856/1358
f 513/833/1340 449/856/1358 447/857/1359
f 513/833/1340 447/857/1359 444/841/1347
f 513/833/1340 444/841/1347 531/837/1344
f 517/832/1338 513/833/1340 531/837/1344
f 517/832/1338 531/837/1344 529/858/1360
f 517/832/1338 529/858/1360 527/859/1361
f 519/860/1362 517/832/1338 527/859/1361
f 521/861/1363 519/860/1362 527/859/1361
f 523/862/1364 521/861/1363 527/859/1361
f 523/862/1364 527/859/1361 525/863/1365
usemtl 3d66_Standardmaterial_17342430_136
f 568/962/1499 570/963/1500 566/964/1501
f 566/964/1501 570/963/1500 564/965/1502
f 554/3/1503 556/966/1504 552/967/1505
f 556/966/1504 558/968/1506 552/967/1505
f 552/967/1505 558/968/1506 550/969/1507
f 580/970/1508 582/971/1509 578/972/1510
f 570/963/1500 572/973/1511 564/965/1502
f 564/965/1502 572/973/1511 562/974/1512
f 562/974/1512 572/973/1511 560/975/1513
f 572/973/1511 574/976/1514 560/975/1513
f 584/977/1515 586/978/1516 582/971/1509
f 586/978/1516 588/979/1503 582/971/1509
f 602/980/1517 604/981/1518 600/982/1519
f 606/983/1520 534/984/1521 604/981/1518
f 534/984/1521 535/985/1506 604/981/1518
f 604/981/1518 535/985/1506 600/982/1519
f 542/986/1522 544/987/1506 540/988/1523
f 582/971/1509 588/979/1503 578/972/1510
f 574/976/1514 576/989/1524 560/975/1513
f 560/975/1513 576/989/1524 558/968/1506
f 598/990/1525 600/982/1519 596/991/1526
f 600/982/1519 535/985/1506 596/991/1526
f 558/968/1506 576/989/1524 550/969/1507
f 550/969/1507 576/989/1524 548/992/1504
f 548/992/1504 576/989/1524 546/993/1527
f 546/993/1527 576/989/1524 544/987/1506
f 544/987/1506 576/989/1524 540/988/1523
f 540/988/1523 576/989/1524 538/994/1528
f 538/994/1528 576/989/1524 535/985/1506
f 535/985/1506 576/989/1524 596/991/1526
f 576/989/1524 578/972/1510 596/991/1526
f 578/972/1510 588/979/1503 596/991/1526
f 588/979/1503 590/995/1529 596/991/1526
f 590/995/1529 592/996/1530 596/991/1526
f 592/996/1530 594/997/1531 596/991/1526
f 571/963/1532 569/962/1533 567/964/1534
f 571/963/1532 567/964/1534 565/965/1535
f 557/966/1536 555/3/1537 553/967/1538
f 559/968/1539 557/966/1536 553/967/1538
f 559/968/1539 553/967/1538 551/969/1540
f 583/971/1541 581/970/1542 579/972/1543
f 573/973/1544 571/963/1532 565/965/1535
f 573/973/1544 565/965/1535 563/974/1545
f 573/973/1544 563/974/1545 561/975/1546
f 575/976/1547 573/973/1544 561/975/1546
f 587/978/1548 585/977/1549 583/971/1541
f 589/979/1550 587/978/1548 583/971/1541
f 605/981/1551 603/980/1552 601/982/1553
f 537/984/1548 607/983/1554 605/981/1551
f 536/985/1555 537/984/1548 605/981/1551
f 536/985/1555 605/981/1551 601/982/1553
f 545/987/1556 543/986/1557 541/988/1558
f 589/979/1550 583/971/1541 579/972/1543
f 577/989/1559 575/976/1547 561/975/1546
f 577/989/1559 561/975/1546 559/968/1539
f 601/982/1553 599/990/1560 597/991/1550
f 536/985/1555 601/982/1553 597/991/1550
f 577/989/1559 559/968/1539 551/969/1540
f 577/989/1559 551/969/1540 549/992/1561
f 577/989/1559 549/992/1561 547/993/1547
f 577/989/1559 547/993/1547 545/987/1556
f 577/989/1559 545/987/1556 541/988/1558
f 577/989/1559 541/988/1558 539/994/1548
f 577/989/1559 539/994/1548 536/985/1555
f 577/989/1559 536/985/1555 597/991/1550
f 579/972/1543 577/989/1559 597/991/1550
f 589/979/1550 579/972/1543 597/991/1550
f 591/995/1562 589/979/1550 597/991/1550
f 593/996/1563 591/995/1562 597/991/1550
f 595/997/1564 593/996/1563 597/991/1550
usemtl 3d66_Standardmaterial_17342430_138
f 610/2/1565 609/1/1566 608/3/1567
f 611/4/1568 610/2/1565 608/3/1567
f 613/6/1569 612/5/1570 609/1/1569
f 610/2/1569 613/6/1569 609/1/1569
f 615/8/1571 614/7/1572 612/5/1572
f 613/6/1573 615/8/1571 612/5/1572
f 617/10/1574 616/9/1575 614/7/1576
f 615/8/1577 617/10/1574 614/7/1576
f 619/12/1578 618/11/1578 616/9/1578
f 617/10/1578 619/12/1578 616/9/1578
f 621/14/1579 620/13/1579 618/11/1579
f 619/12/1579 621/14/1579 618/11/1579
f 623/16/1580 622/15/1580 620/13/1580
f 621/14/1580 623/16/1580 620/13/1580
f 625/18/1581 624/17/1582 622/15/1582
f 623/16/1583 625/18/1581 622/15/1582
f 627/20/1584 626/19/1585 624/17/1586
f 625/18/1587 627/20/1584 624/17/1586
f 629/22/1588 628/21/1589 626/19/1589
f 627/20/1590 629/22/1588 626/19/1589
f 631/24/1591 630/23/1592 628/21/1592
f 629/22/1593 631/24/1591 628/21/1592
f 633/26/1594 632/25/1594 630/23/1594
f 631/24/1594 633/26/1594 630/23/1594
f 635/28/1595 634/27/1596 632/25/1595
f 633/26/1595 635/28/1595 632/25/1595
f 637/30/1597 636/34/1598 634/27/1599
f 635/28/1600 637/30/1597 634/27/1599
f 639/33/1601 638/32/1602 636/34/1603
f 637/30/1603 639/33/1601 636/34/1603
f 641/36/1604 640/35/1605 638/32/1606
f 639/33/1607 641/36/1604 638/32/1606
f 643/38/1608 642/37/1609 640/35/1610
f 641/36/1611 643/38/1608 640/35/1610
f 645/40/1612 644/39/1613 642/37/1614
f 643/38/1615 645/40/1612 642/37/1614
f 647/42/1616 646/41/1617 644/39/1618
f 645/40/1619 647/42/1616 644/39/1618
f 649/44/1620 648/43/1621 646/41/1622
f 647/42/1621 649/44/1620 646/41/1622
f 651/46/1623 650/45/1624 648/43/1625
f 649/44/1626 651/46/1623 648/43/1625
f 653/48/1627 652/47/1627 650/45/1627
f 651/46/1627 653/48/1627 650/45/1627
f 655/50/1628 654/49/1628 652/47/1628
f 653/48/1628 655/50/1628 652/47/1628
f 657/52/1629 656/51/1630 654/49/1631
f 655/50/1632 657/52/1629 654/49/1631
f 659/54/1633 658/53/1634 656/51/1635
f 657/52/1636 659/54/1633 656/51/1635
f 661/56/1637 660/55/1638 658/53/1638
f 659/54/1639 661/56/1637 658/53/1638
f 663/58/1640 662/57/1641 660/55/1642
f 661/56/1643 663/58/1640 660/55/1642
f 665/60/1644 664/59/1645 662/57/1646
f 663/58/1645 665/60/1644 662/57/1646
f 667/61/1647 666/998/1648 664/59/1648
f 665/60/1649 667/61/1647 664/59/1648
f 669/999/1650 668/1000/1650 666/998/1651
f 667/61/1652 669/999/1650 666/998/1651
f 671/1001/1653 670/1002/1654 668/1000/1655
f 669/999/1656 671/1001/1653 668/1000/1655
f 673/1003/1657 672/1004/1658 670/1002/1659
f 671/1001/1660 673/1003/1657 670/1002/1659
f 675/1005/1661 674/1006/1662 672/1004/1663
f 673/1003/1664 675/1005/1661 672/1004/1663
f 677/1007/1665 676/1008/1666 674/1006/1667
f 675/1005/1668 677/1007/1665 674/1006/1667
f 679/1009/1669 678/1010/1670 676/1008/1671
f 677/1007/1672 679/1009/1669 676/1008/1671
f 681/1011/1673 680/1012/1674 678/1010/1675
f 679/1009/1676 681/1011/1673 678/1010/1675
f 683/1013/1677 682/1014/1678 680/1012/1679
f 681/1011/1680 683/1013/1677 680/1012/1679
f 685/1015/1681 684/1016/1682 682/1014/1683
f 683/1013/1684 685/1015/1681 682/1014/1683
f 687/1017/1685 686/1018/1686 684/1016/1687
f 685/1015/1688 687/1017/1685 684/1016/1687
f 689/1019/1689 688/1020/1690 686/1018/1691
f 687/1017/1692 689/1019/1689 686/1018/1691
f 691/1021/1693 690/1022/1694 688/1020/1695
f 689/1019/1696 691/1021/1693 688/1020/1695
f 693/1023/1697 692/1024/1698 690/1022/1699
f 691/1021/1697 693/1023/1697 690/1022/1699
f 695/1025/1700 694/1026/1701 692/1024/1702
f 693/1023/1703 695/1025/1700 692/1024/1702
f 697/187/1704 696/188/1705 694/1026/1706
f 695/1025/1707 697/187/1704 694/1026/1706
f 699/1027/1708 698/64/1709 696/188/1710
f 697/187/1711 699/1027/1708 696/188/1710
f 701/63/1712 700/62/1713 698/64/1714
f 699/1027/1715 701/63/1712 698/64/1714
f 703/66/1716 702/65/1717 700/62/1717
f 701/63/1716 703/66/1716 700/62/1717
f 705/68/1718 704/67/1719 702/65/1720
f 703/66/1721 705/68/1718 702/65/1720
f 707/70/1722 706/69/1723 704/67/1724
f 705/68/1722 707/70/1722 704/67/1724
f 709/71/1725 708/74/1726 706/69/1727
f 707/70/1725 709/71/1725 706/69/1727
f 711/73/1728 710/72/1729 708/74/1730
f 709/71/1731 711/73/1728 708/74/1730
f 713/76/1732 712/75/1733 710/72/1734
f 711/73/1735 713/76/1732 710/72/1734
f 715/78/1736 714/77/1737 712/75/1736
f 713/76/1738 715/78/1736 712/75/1736
f 611/80/1739 608/79/1740 714/77/1741
f 715/78/1739 611/80/1739 714/77/1741
usemtl 3d66_Standardmaterial_17342430_137
f 672/1028/1742 674/1029/1743 670/1030/1744
f 670/1030/1744 674/1029/1743 668/1031/1745
f 686/1032/1746 688/1033/1747 684/1034/1748
f 688/1033/1747 690/1035/1749 684/1034/1748
f 690/1035/1749 692/1036/1750 684/1034/1748
f 684/1034/1748 692/1036/1750 682/1037/1751
f 692/1036/1750 694/1038/1752 682/1037/1751
f 682/1037/1751 694/1038/1752 680/1039/1753
f 694/1038/1752 696/1040/1754 680/1039/1753
f 696/1040/1754 698/90/1755 680/1039/1753
f 680/1039/1753 698/90/1755 678/1041/1756
f 634/82/1757 636/85/1757 632/83/1758
f 636/85/1757 638/84/1759 632/83/1758
f 632/83/1758 638/84/1759 630/87/1758
f 630/87/1758 638/84/1759 628/88/1760
f 668/1031/1745 674/1029/1743 666/1042/1761
f 674/1029/1743 676/91/1762 666/1042/1761
f 666/1042/1761 676/91/1762 664/92/1763
f 678/1041/1756 698/90/1755 676/91/1762
f 698/90/1755 700/89/1764 676/91/1762
f 676/91/1762 700/89/1764 664/92/1763
f 608/94/1765 609/93/1766 714/95/1758
f 626/96/1746 628/88/1760 624/97/1760
f 628/88/1760 638/84/1759 624/97/1760
f 624/97/1760 638/84/1759 622/99/1752
f 644/101/1767 646/100/1768 642/102/1756
f 646/100/1768 648/103/1769 642/102/1756
f 609/93/1766 612/104/1770 714/95/1758
f 612/104/1770 614/105/1757 714/95/1758
f 614/105/1757 616/106/1757 714/95/1758
f 616/106/1757 618/107/1771 714/95/1758
f 714/95/1758 618/107/1771 712/108/1758
f 712/108/1758 618/107/1771 710/109/1757
f 618/107/1771 620/110/1758 710/109/1757
f 620/110/1758 622/99/1752 710/109/1757
f 622/99/1752 638/84/1759 710/109/1757
f 710/109/1757 638/84/1759 708/112/1757
f 708/112/1757 638/84/1759 706/113/1772
f 706/113/1772 638/84/1759 704/114/1759
f 638/84/1759 640/115/1773 704/114/1759
f 704/114/1759 640/115/1773 702/116/1754
f 640/115/1773 642/102/1756 702/116/1754
f 702/116/1754 642/102/1756 700/89/1764
f 700/89/1764 642/102/1756 664/92/1763
f 664/92/1763 642/102/1756 662/117/1750
f 642/102/1756 648/103/1769 662/117/1750
f 648/103/1769 650/118/1774 662/117/1750
f 662/117/1750 650/118/1774 660/119/1775
f 650/118/1774 652/120/1776 660/119/1775
f 660/119/1775 652/120/1776 658/121/1777
f 652/120/1776 654/122/1753 658/121/1777
f 658/121/1777 654/122/1753 656/123/1778
f 675/1029/1779 673/1028/1780 671/1030/1781
f 675/1029/1779 671/1030/1781 669/1031/1782
f 689/1033/1783 687/1032/1783 685/1034/1784
f 691/1035/1785 689/1033/1783 685/1034/1784
f 693/1036/1786 691/1035/1785 685/1034/1784
f 693/1036/1786 685/1034/1784 683/1037/1787
f 695/1038/1788 693/1036/1786 683/1037/1787
f 695/1038/1788 683/1037/1787 681/1039/1789
f 697/1040/1790 695/1038/1788 681/1039/1789
f 699/90/1791 697/1040/1790 681/1039/1789
f 699/90/1791 681/1039/1789 679/1041/1792
f 637/85/1789 635/82/1789 633/83/1793
f 639/84/1789 637/85/1789 633/83/1793
f 639/84/1789 633/83/1793 631/87/1789
f 639/84/1789 631/87/1789 629/88/1786
f 675/1029/1779 669/1031/1782 667/1042/1794
f 677/91/1795 675/1029/1779 667/1042/1794
f 677/91/1795 667/1042/1794 665/92/1796
f 699/90/1791 679/1041/1792 677/91/1795
f 701/89/1797 699/90/1791 677/91/1795
f 701/89/1797 677/91/1795 665/92/1796
f 610/93/1798 611/94/1790 715/95/1790
f 629/88/1786 627/96/1799 625/97/1786
f 639/84/1789 629/88/1786 625/97/1786
f 639/84/1789 625/97/1786 623/99/1800
f 647/100/1801 645/101/1802 643/102/1803
f 649/103/1804 647/100/1801 643/102/1803
f 613/104/1805 610/93/1798 715/95/1790
f 615/105/1806 613/104/1805 715/95/1790
f 617/106/1807 615/105/1806 715/95/1790
f 619/107/1790 617/106/1807 715/95/1790
f 619/107/1790 715/95/1790 713/108/1789
f 619/107/1790 713/108/1789 711/109/1790
f 621/110/1800 619/107/1790 711/109/1790
f 623/99/1800 621/110/1800 711/109/1790
f 639/84/1789 623/99/1800 711/109/1790
f 639/84/1789 711/109/1790 709/112/1808
f 639/84/1789 709/112/1808 707/113/1800
f 639/84/1789 707/113/1800 705/114/1809
f 641/115/1786 639/84/1789 705/114/1809
f 641/115/1786 705/114/1809 703/116/1810
f 643/102/1803 641/115/1786 703/116/1810
f 643/102/1803 703/116/1810 701/89/1797
f 643/102/1803 701/89/1797 665/92/1796
f 643/102/1803 665/92/1796 663/117/1811
f 649/103/1804 643/102/1803 663/117/1811
f 651/118/1812 649/103/1804 663/117/1811
f 651/118/1812 663/117/1811 661/119/1813
f 653/120/1786 651/118/1812 661/119/1813
f 653/120/1786 661/119/1813 659/121/1814
f 655/122/1815 653/120/1786 659/121/1814
f 655/122/1815 659/121/1814 657/123/1816
usemtl 3d66_Standardmaterial_17342430_127
f 3/1/1 2/2/1 1/3/1
f 2/2/1 4/4/1 1/3/1
f 6/5/2 5/6/3 3/1/2
f 5/6/3 2/2/4 3/1/2
f 8/7/5 7/8/6 6/5/5
f 7/8/6 5/6/7 6/5/5
f 10/9/8 9/10/9 8/7/8
f 9/10/9 7/8/10 8/7/8
f 12/11/11 11/12/12 10/9/11
f 11/12/12 9/10/12 10/9/11
f 14/13/13 13/14/14 12/11/13
f 13/14/14 11/12/15 12/11/13
f 16/15/16 15/16/17 14/13/18
f 15/16/17 13/14/17 14/13/18
f 18/17/19 17/18/19 16/15/19
f 17/18/19 15/16/20 16/15/19
f 20/19/21 19/20/21 18/17/21
f 19/20/21 17/18/21 18/17/21
f 22/21/22 21/22/23 20/19/24
f 21/22/23 19/20/25 20/19/24
f 24/23/26 23/24/27 22/21/26
f 23/24/27 21/22/27 22/21/26
f 26/25/28 25/26/29 24/23/30
f 25/26/29 23/24/29 24/23/30
f 28/27/31 27/28/32 26/25/31
f 27/28/32 25/26/33 26/25/31
f 30/29/34 29/30/35 28/27/35
f 29/30/35 31/31/35 28/27/35
f 34/32/36 33/33/36 32/34/36
f 33/33/36 29/30/36 32/34/36
f 36/35/37 35/36/37 34/32/37
f 35/36/37 33/33/37 34/32/37
f 38/37/38 37/38/38 36/35/38
f 37/38/38 35/36/38 36/35/38
f 40/39/39 39/40/40 38/37/41
f 39/40/40 37/38/42 38/37/41
f 42/41/43 41/42/44 40/39/45
f 41/42/44 39/40/44 40/39/45
f 44/43/46 43/44/47 42/41/48
f 43/44/47 41/42/47 42/41/48
f 46/45/49 45/46/50 44/43/51
f 45/46/50 43/44/52 44/43/51
f 48/47/53 47/48/54 46/45/55
f 47/48/54 45/46/56 46/45/55
f 50/49/57 49/50/58 48/47/59
f 49/50/58 47/48/58 48/47/59
f 52/51/60 51/52/61 50/49/62
f 51/52/61 49/50/61 50/49/62
f 54/53/63 53/54/64 52/51/63
f 53/54/64 51/52/64 52/51/63
f 56/55/65 55/56/66 54/53/67
f 55/56/66 53/54/68 54/53/67
f 58/57/69 57/58/70 56/55/70
f 57/58/70 55/56/70 56/55/70
f 60/59/71 59/60/72 58/57/71
f 59/60/72 57/58/73 58/57/71
f 61/61/74 59/60/74 60/59/74
f 64/62/75 63/63/75 62/64/75
f 66/65/76 65/66/77 64/62/76
f 65/66/77 63/63/77 64/62/76
f 68/67/78 67/68/78 66/65/78
f 67/68/78 65/66/78 66/65/78
f 70/69/79 69/70/80 68/67/79
f 69/70/80 67/68/80 68/67/79
f 71/71/81 69/70/82 70/69/83
f 74/72/84 73/73/85 72/74/86
f 76/75/87 75/76/87 74/72/87
f 75/76/87 73/73/87 74/72/87
f 78/77/88 77/78/88 76/75/88
f 77/78/88 75/76/88 76/75/88
f 1/79/89 4/80/90 78/77/91
f 4/80/90 77/78/90 78/77/91
f 72/128/83 71/71/81 70/69/83
f 73/73/85 71/71/176 72/128/86
f 32/34/35 29/30/35 30/29/34
f 31/31/35 27/28/35 28/27/35
usemtl 3d66_Standardmaterial_17342430_126
f 79/81/92 28/82/93 26/83/94
f 34/84/95 32/85/96 79/81/92
f 80/86/97 26/83/94 24/87/98
f 80/86/97 24/87/98 22/88/99
f 64/89/100 62/90/101 61/91/102
f 64/89/100 61/91/102 60/92/103
f 3/93/104 1/94/105 78/95/106
f 22/88/99 20/96/107 18/97/108
f 81/98/109 22/88/99 18/97/108
f 81/98/109 18/97/108 16/99/110
f 42/100/111 40/101/112 38/102/113
f 44/103/114 42/100/111 38/102/113
f 6/104/115 3/93/104 78/95/106
f 8/105/116 6/104/115 78/95/106
f 10/106/117 8/105/116 78/95/106
f 12/107/118 10/106/117 78/95/106
f 12/107/118 78/95/106 76/108/119
f 12/107/118 76/108/119 74/109/120
f 14/110/121 12/107/118 74/109/120
f 16/99/110 14/110/121 74/109/120
f 82/111/122 16/99/110 74/109/120
f 82/111/122 74/109/120 72/112/123
f 34/84/95 70/113/124 68/114/125
f 36/115/126 34/84/95 68/114/125
f 36/115/126 68/114/125 66/116/127
f 38/102/113 36/115/126 66/116/127
f 38/102/113 66/116/127 64/89/100
f 38/102/113 64/89/100 60/92/103
f 38/102/113 60/92/103 58/117/128
f 44/103/114 38/102/113 58/117/128
f 46/118/129 44/103/114 58/117/128
f 46/118/129 58/117/128 56/119/130
f 48/120/131 46/118/129 56/119/130
f 48/120/131 56/119/130 54/121/132
f 50/122/133 48/120/131 54/121/132
f 50/122/133 54/121/132 52/123/134
f 27/82/135 31/124/136 25/83/137
f 29/85/138 33/84/139 83/125/140
f 25/83/137 83/125/140 23/87/141
f 83/125/140 33/84/139 84/126/142
f 62/90/101 63/89/143 61/91/102
f 61/91/102 63/89/143 59/92/144
f 4/94/145 2/93/146 77/95/147
f 19/96/148 21/88/149 17/97/150
f 21/88/149 84/126/142 17/97/150
f 84/126/142 33/84/139 85/127/151
f 39/101/152 41/100/153 37/102/154
f 41/100/153 43/103/155 37/102/154
f 2/93/146 5/104/156 77/95/147
f 5/104/156 7/105/157 77/95/147
f 7/105/157 9/106/158 77/95/147
f 9/106/158 11/107/159 77/95/147
f 77/95/147 11/107/159 75/108/160
f 75/108/160 11/107/159 73/109/161
f 11/107/159 13/110/162 73/109/161
f 13/110/162 15/99/163 73/109/161
f 15/99/163 85/127/151 73/109/161
f 85/127/151 33/84/139 71/112/164
f 71/112/164 33/84/139 69/113/165
f 69/113/165 33/84/139 67/114/166
f 33/84/139 35/115/167 67/114/166
f 67/114/166 35/115/167 65/116/168
f 35/115/167 37/102/154 65/116/168
f 65/116/168 37/102/154 63/89/143
f 63/89/143 37/102/154 59/92/144
f 59/92/144 37/102/154 57/117/169
f 37/102/154 43/103/155 57/117/169
f 43/103/155 45/118/170 57/117/169
f 57/117/169 45/118/170 55/119/171
f 45/118/170 47/120/172 55/119/171
f 55/119/171 47/120/172 53/121/173
f 47/120/172 49/122/174 53/121/173
f 53/121/173 49/122/174 51/123/175
f 34/84/95 72/129/123 70/113/124
f 34/84/95 82/111/122 72/129/123
f 81/98/109 16/99/110 82/111/122
f 34/84/95 81/98/109 82/111/122
f 80/86/97 22/88/99 81/98/109
f 34/84/95 80/86/97 81/98/109
f 79/81/92 26/83/94 80/86/97
f 34/84/95 79/81/92 80/86/97
f 30/130/177 28/82/93 79/81/92
f 32/85/96 30/130/177 79/81/92
f 73/109/161 85/127/151 71/112/164
f 17/97/150 85/127/151 15/99/163
f 17/97/150 84/126/142 85/127/151
f 23/87/141 84/126/142 21/88/149
f 23/87/141 83/125/140 84/126/142
f 29/85/138 83/125/140 31/124/136
f 31/124/136 83/125/140 25/83/137
