# Blender 4.3.2
# www.blender.org
mtllib 兽5.mtl
o 兽5
v 1.014974 -0.224174 0.538346
v 1.011587 -0.225312 0.538046
v 1.014985 -0.224758 0.538716
v 1.011577 -0.224727 0.537677
v 1.011328 -0.224459 0.538769
v 1.014725 -0.223906 0.539438
v 1.011206 -0.223567 0.538755
v 1.014604 -0.223015 0.539425
v 1.010863 -0.222326 0.539624
v 1.014262 -0.221775 0.540294
v 1.010842 -0.221462 0.539113
v 1.014241 -0.220911 0.539783
v 1.010583 -0.220804 0.539976
v 1.013982 -0.220253 0.540646
v 1.010600 -0.220511 0.539678
v 1.013999 -0.219961 0.540347
v 1.010298 -0.219531 0.540524
v 1.013698 -0.218981 0.541194
v 1.010311 -0.219200 0.540218
v 1.013711 -0.218650 0.540888
v 1.010075 -0.217626 0.540301
v 1.013475 -0.217076 0.540971
v 1.009904 -0.217177 0.540858
v 1.013305 -0.216628 0.541527
v 1.009933 -0.217005 0.540585
v 1.013334 -0.216455 0.541255
v 1.009523 -0.215645 0.541718
v 1.012925 -0.215097 0.542388
v 1.009535 -0.215395 0.541475
v 1.012936 -0.214847 0.542144
v 1.009409 -0.214734 0.541651
v 1.012810 -0.214186 0.542320
v 1.009102 -0.214745 0.543234
v 1.012505 -0.214198 0.543904
v 1.008914 -0.212951 0.542910
v 1.012317 -0.212404 0.543579
v 1.009006 -0.212674 0.542239
v 1.012409 -0.212127 0.542908
v 1.008861 -0.211889 0.542423
v 1.012263 -0.211342 0.543093
v 1.008883 -0.211403 0.541959
v 1.012285 -0.210856 0.542629
v 1.009672 -0.211708 0.538121
v 1.013072 -0.211159 0.538790
v 1.010126 -0.214296 0.537644
v 1.013526 -0.213746 0.538313
v 1.010298 -0.214835 0.537146
v 1.013697 -0.214285 0.537815
v 1.009816 -0.211827 0.537464
v 1.013216 -0.211277 0.538134
v 1.010187 -0.211903 0.535609
v 1.013585 -0.211352 0.536278
v 1.010908 -0.216662 0.535318
v 1.014305 -0.216110 0.535987
v 1.010996 -0.217918 0.535768
v 1.014393 -0.217366 0.536437
v 1.010918 -0.219084 0.537009
v 1.014316 -0.218533 0.537678
v 1.011152 -0.220416 0.536766
v 1.014549 -0.219864 0.537435
v 1.011409 -0.221112 0.535942
v 1.014805 -0.220559 0.536612
v 1.011449 -0.220705 0.535442
v 1.014845 -0.220152 0.536112
v 1.012002 -0.223131 0.534336
v 1.015397 -0.222577 0.535006
v 1.012021 -0.223767 0.534698
v 1.015416 -0.223212 0.535368
v 1.011933 -0.223769 0.535155
v 1.015328 -0.223215 0.535825
v 1.011926 -0.224088 0.535419
v 1.015321 -0.223534 0.536089
v 1.011747 -0.224066 0.536328
v 1.015143 -0.223512 0.536997
v 1.011698 -0.225121 0.537339
v 1.015094 -0.224568 0.538009
v 1.019062 -0.224834 0.520267
v 1.015725 -0.225350 0.520226
v 1.018944 -0.224808 0.520862
v 1.015844 -0.225377 0.519631
v 1.015707 -0.225841 0.520673
v 1.018927 -0.225298 0.521309
v 1.015557 -0.225660 0.521318
v 1.018777 -0.225118 0.521954
v 1.015613 -0.225948 0.521239
v 1.018833 -0.225406 0.521876
v 1.015422 -0.225891 0.522185
v 1.018643 -0.225349 0.522821
v 1.015414 -0.226357 0.522565
v 1.018636 -0.225816 0.523201
v 1.015293 -0.225874 0.522839
v 1.018515 -0.225333 0.523476
v 1.015220 -0.226410 0.523609
v 1.018442 -0.225869 0.524245
v 1.015028 -0.225128 0.523662
v 1.018251 -0.224588 0.524298
v 1.014809 -0.224011 0.523973
v 1.018033 -0.223471 0.524610
v 1.014781 -0.223394 0.523669
v 1.018004 -0.222854 0.524305
v 1.014499 -0.222643 0.524571
v 1.017724 -0.222104 0.525208
v 1.014501 -0.222345 0.524342
v 1.017726 -0.221805 0.524978
v 1.014320 -0.221548 0.524698
v 1.017545 -0.221009 0.525335
v 1.014095 -0.220863 0.525354
v 1.017321 -0.220325 0.525990
v 1.014129 -0.220543 0.524946
v 1.017354 -0.220004 0.525582
v 1.014005 -0.219574 0.524877
v 1.017231 -0.219036 0.525513
v 1.013793 -0.219186 0.525684
v 1.017020 -0.218648 0.526321
v 1.013767 -0.218691 0.525459
v 1.016994 -0.218154 0.526096
v 1.013253 -0.217142 0.526974
v 1.016482 -0.216605 0.527611
v 1.013103 -0.216363 0.527179
v 1.016332 -0.215827 0.527815
v 1.013314 -0.216743 0.526369
v 1.016543 -0.216207 0.527006
v 1.012985 -0.215233 0.526962
v 1.016215 -0.214698 0.527598
v 1.013054 -0.215129 0.526528
v 1.016283 -0.214593 0.527164
v 1.012783 -0.213635 0.526835
v 1.016013 -0.213100 0.527471
v 1.012904 -0.213733 0.526285
v 1.016132 -0.213197 0.526921
v 1.012836 -0.213175 0.526227
v 1.016065 -0.212639 0.526863
v 1.012545 -0.212600 0.527303
v 1.015776 -0.212065 0.527940
v 1.013230 -0.213027 0.524086
v 1.016457 -0.212490 0.524723
v 1.013291 -0.213454 0.524085
v 1.016518 -0.212917 0.524720
v 1.014034 -0.216854 0.522738
v 1.017259 -0.216316 0.523374
v 1.014063 -0.216320 0.522199
v 1.017287 -0.215781 0.522835
v 1.013690 -0.213739 0.522232
v 1.016915 -0.213201 0.522868
v 1.014040 -0.213908 0.520554
v 1.017263 -0.213369 0.521190
v 1.014782 -0.218911 0.520384
v 1.018003 -0.218371 0.521020
v 1.014842 -0.220974 0.521578
v 1.018065 -0.220433 0.522214
v 1.015264 -0.223005 0.520888
v 1.018485 -0.222464 0.521524
v 1.015252 -0.222116 0.520304
v 1.018472 -0.221575 0.520939
v 1.015445 -0.222975 0.519931
v 1.018664 -0.222433 0.520567
v 1.015603 -0.224158 0.519983
v 1.018822 -0.223616 0.520619
v 1.015754 -0.224403 0.519386
v 1.018971 -0.223861 0.520022
v 1.025947 -0.229880 0.483904
v 1.024216 -0.229707 0.483692
v 1.025859 -0.229415 0.484019
v 1.024304 -0.230172 0.483578
v 1.024132 -0.228711 0.483393
v 1.025776 -0.228419 0.483720
v 1.023961 -0.227755 0.483578
v 1.025604 -0.227464 0.483904
v 1.023785 -0.226041 0.483232
v 1.025428 -0.225750 0.483558
v 1.023721 -0.226017 0.483538
v 1.025366 -0.225726 0.483865
v 1.023678 -0.227453 0.484802
v 1.025324 -0.227162 0.485129
v 1.023646 -0.227996 0.485365
v 1.025292 -0.227705 0.485691
v 1.023340 -0.227247 0.486388
v 1.024987 -0.226956 0.486715
v 1.023038 -0.224574 0.485981
v 1.024686 -0.224283 0.486309
v 1.023072 -0.224270 0.485592
v 1.024719 -0.223980 0.485918
v 1.022717 -0.221452 0.485352
v 1.024365 -0.221162 0.485680
v 1.022753 -0.221127 0.484930
v 1.024401 -0.220837 0.485257
v 1.024276 -0.222715 0.478307
v 1.025915 -0.222424 0.478633
v 1.024455 -0.223892 0.478244
v 1.026094 -0.223600 0.478570
v 1.024554 -0.225620 0.478992
v 1.026193 -0.225328 0.479317
v 1.024683 -0.225467 0.478219
v 1.026321 -0.225174 0.478545
v 1.024792 -0.226298 0.478272
v 1.026430 -0.226006 0.478598
v 1.024925 -0.226475 0.477719
v 1.026562 -0.226183 0.478044
v 1.024950 -0.226917 0.477912
v 1.026587 -0.226625 0.478237
v 1.024790 -0.227295 0.479004
v 1.026428 -0.227002 0.479329
v 1.024860 -0.227662 0.478913
v 1.026498 -0.227370 0.479239
v 1.024858 -0.227936 0.479121
v 1.026496 -0.227644 0.479447
v 1.024797 -0.227949 0.479441
v 1.026436 -0.227656 0.479767
v 1.024781 -0.228250 0.479742
v 1.026420 -0.227958 0.480067
v 1.024693 -0.227912 0.479947
v 1.026332 -0.227620 0.480272
v 1.024563 -0.227552 0.480351
v 1.026203 -0.227261 0.480676
v 1.024459 -0.226950 0.480443
v 1.026099 -0.226658 0.480769
v 1.024341 -0.226798 0.480937
v 1.025982 -0.226506 0.481263
v 1.024319 -0.227481 0.481547
v 1.025960 -0.227189 0.481872
v 1.024377 -0.227925 0.481568
v 1.026019 -0.227633 0.481893
v 1.024379 -0.228810 0.482200
v 1.026021 -0.228518 0.482526
v 1.024463 -0.229027 0.481933
v 1.026105 -0.228735 0.482259
v 1.024498 -0.229348 0.481984
v 1.026140 -0.229056 0.482311
v 1.024579 -0.229736 0.481856
v 1.026220 -0.229444 0.482182
v 1.024605 -0.230186 0.482051
v 1.026246 -0.229894 0.482377
v 1.024567 -0.230652 0.482582
v 1.026208 -0.230360 0.482908
v 1.024617 -0.230909 0.482513
v 1.026259 -0.230617 0.482840
v 1.024580 -0.231067 0.482820
v 1.026221 -0.230774 0.483146
v 1.024421 -0.230849 0.483472
v 1.026064 -0.230557 0.483800
v 1.024289 -0.230472 0.483874
v 1.025932 -0.230180 0.484200
v 1.007792 -0.220254 0.567195
v 1.004078 -0.220812 0.567241
v 1.007644 -0.220249 0.567944
v 1.004225 -0.220818 0.566492
v 1.004024 -0.221214 0.567802
v 1.007590 -0.220651 0.568505
v 1.003660 -0.220895 0.569429
v 1.007227 -0.220333 0.570132
v 1.003541 -0.220963 0.570084
v 1.007107 -0.220401 0.570787
v 1.002853 -0.218458 0.571794
v 1.006420 -0.217898 0.572497
v 1.002316 -0.215177 0.572180
v 1.005883 -0.214618 0.572884
v 1.001391 -0.211515 0.574262
v 1.004958 -0.210958 0.574966
v 1.001187 -0.211744 0.575465
v 1.004753 -0.211188 0.576167
v 1.001045 -0.210895 0.575576
v 1.004612 -0.210339 0.576280
v 1.000991 -0.209140 0.574596
v 1.004558 -0.208584 0.575300
v 1.000881 -0.208341 0.574589
v 1.004448 -0.207785 0.575292
v 1.000905 -0.207479 0.573851
v 1.004472 -0.206923 0.574554
v 1.001613 -0.207687 0.570403
v 1.005181 -0.207129 0.571106
v 1.001861 -0.208760 0.569909
v 1.005428 -0.208201 0.570611
v 1.002027 -0.210388 0.570231
v 1.005594 -0.209829 0.570935
v 1.002302 -0.211314 0.569493
v 1.005869 -0.210755 0.570196
v 1.001952 -0.208746 0.569435
v 1.005520 -0.208188 0.570138
v 1.001741 -0.207667 0.569739
v 1.005309 -0.207108 0.570442
v 1.002175 -0.207866 0.567675
v 1.005742 -0.207306 0.568377
v 1.002356 -0.209169 0.567686
v 1.005923 -0.208609 0.568389
v 1.003080 -0.213636 0.567194
v 1.006647 -0.213075 0.567896
v 1.003055 -0.215223 0.568454
v 1.006622 -0.214661 0.569158
v 1.003151 -0.216716 0.569033
v 1.006718 -0.216155 0.569736
v 1.003465 -0.217990 0.568344
v 1.007032 -0.217427 0.569047
v 1.003580 -0.217698 0.567548
v 1.007147 -0.217135 0.568251
v 1.003812 -0.218768 0.567132
v 1.007379 -0.218205 0.567835
v 1.004090 -0.219776 0.566437
v 1.007656 -0.219212 0.567140
v 1.011774 -0.222858 0.552294
v 1.007597 -0.222886 0.553065
v 1.011417 -0.222278 0.553783
v 1.007954 -0.223467 0.551576
v 1.007567 -0.223321 0.553551
v 1.011387 -0.222713 0.554269
v 1.007432 -0.222721 0.553825
v 1.011252 -0.222113 0.554543
v 1.007312 -0.222666 0.554434
v 1.011132 -0.222059 0.555152
v 1.007205 -0.221926 0.554450
v 1.011026 -0.221319 0.555168
v 1.007284 -0.221872 0.553982
v 1.011105 -0.221265 0.554700
v 1.006913 -0.220224 0.554740
v 1.010735 -0.219618 0.555458
v 1.006359 -0.217159 0.555423
v 1.010180 -0.216555 0.556140
v 1.005870 -0.215515 0.556814
v 1.009692 -0.214911 0.557531
v 1.005180 -0.212388 0.558172
v 1.009003 -0.211786 0.558890
v 1.005132 -0.213125 0.558978
v 1.008955 -0.212523 0.559696
v 1.004889 -0.212065 0.559488
v 1.008712 -0.211465 0.560206
v 1.004562 -0.209788 0.559539
v 1.008385 -0.209188 0.560257
v 1.005878 -0.210307 0.552865
v 1.009699 -0.209703 0.553582
v 1.005912 -0.210934 0.553153
v 1.009734 -0.210330 0.553869
v 1.006232 -0.212418 0.552545
v 1.010053 -0.211813 0.553262
v 1.005946 -0.210290 0.552485
v 1.009768 -0.209685 0.553202
v 1.006174 -0.210411 0.551351
v 1.009995 -0.209806 0.552069
v 1.006595 -0.213026 0.551049
v 1.010416 -0.212420 0.551766
v 1.006935 -0.214829 0.550574
v 1.010755 -0.214222 0.551291
v 1.007086 -0.216352 0.550906
v 1.010906 -0.215745 0.551624
v 1.007097 -0.217585 0.551773
v 1.010917 -0.216978 0.552490
v 1.007308 -0.218973 0.551677
v 1.011128 -0.218365 0.552394
v 1.007679 -0.220244 0.550637
v 1.011498 -0.219635 0.551354
v 1.007957 -0.220971 0.549685
v 1.011776 -0.220362 0.550402
v 1.008165 -0.221950 0.549301
v 1.011983 -0.221340 0.550018
v 1.008239 -0.222884 0.549606
v 1.012057 -0.222274 0.550323
v 1.008012 -0.222830 0.550784
v 1.011831 -0.222221 0.551502
v 1.021277 -0.228367 0.509259
v 1.018720 -0.227493 0.509475
v 1.020993 -0.227113 0.509884
v 1.019005 -0.228747 0.508851
v 1.018510 -0.226807 0.510129
v 1.020783 -0.226427 0.510537
v 1.018289 -0.225209 0.510113
v 1.020563 -0.224830 0.510522
v 1.017909 -0.222777 0.510344
v 1.020184 -0.222399 0.510752
v 1.017245 -0.220369 0.512208
v 1.019523 -0.219991 0.512617
v 1.017134 -0.221112 0.513429
v 1.019412 -0.220734 0.513838
v 1.017068 -0.220871 0.513611
v 1.019347 -0.220494 0.514020
v 1.016856 -0.219166 0.513463
v 1.019135 -0.218789 0.513872
v 1.016713 -0.216785 0.512389
v 1.018991 -0.216409 0.512797
v 1.016615 -0.215822 0.512181
v 1.018894 -0.215445 0.512590
v 1.017443 -0.216499 0.508016
v 1.019717 -0.216121 0.508424
v 1.017377 -0.217363 0.509079
v 1.019652 -0.216986 0.509487
v 1.017308 -0.217446 0.509535
v 1.019583 -0.217069 0.509943
v 1.017619 -0.219363 0.509289
v 1.019894 -0.218985 0.509697
v 1.017943 -0.219973 0.507929
v 1.020217 -0.219595 0.508338
v 1.017949 -0.219897 0.507838
v 1.020222 -0.219518 0.508247
v 1.017934 -0.219638 0.507718
v 1.020207 -0.219260 0.508126
v 1.017905 -0.219263 0.507583
v 1.020178 -0.218885 0.507991
v 1.017870 -0.218839 0.507449
v 1.020143 -0.218460 0.507856
v 1.017834 -0.218432 0.507328
v 1.020107 -0.218053 0.507737
v 1.017805 -0.218108 0.507237
v 1.020078 -0.217730 0.507645
v 1.017789 -0.217936 0.507190
v 1.020062 -0.217558 0.507598
v 1.017781 -0.217840 0.507159
v 1.020054 -0.217461 0.507568
v 1.017771 -0.217704 0.507110
v 1.020044 -0.217326 0.507517
v 1.017760 -0.217536 0.507045
v 1.020032 -0.217158 0.507453
v 1.017746 -0.217343 0.506967
v 1.020018 -0.216965 0.507375
v 1.017732 -0.217130 0.506880
v 1.020004 -0.216751 0.507288
v 1.017716 -0.216904 0.506787
v 1.019989 -0.216525 0.507194
v 1.017701 -0.216671 0.506691
v 1.019974 -0.216293 0.507098
v 1.018069 -0.216983 0.504855
v 1.020339 -0.216604 0.505262
v 1.018062 -0.218671 0.506225
v 1.020333 -0.218292 0.506632
v 1.018213 -0.220113 0.506507
v 1.020485 -0.219733 0.506915
v 1.018539 -0.222118 0.506248
v 1.020809 -0.221738 0.506656
v 1.018512 -0.223597 0.507570
v 1.020784 -0.223218 0.507978
v 1.018731 -0.224950 0.507399
v 1.021002 -0.224570 0.507807
v 1.018806 -0.224324 0.506474
v 1.021077 -0.223944 0.506883
v 1.019119 -0.226157 0.506152
v 1.021388 -0.225777 0.506560
v 1.019213 -0.226398 0.505812
v 1.021482 -0.226018 0.506220
v 1.019298 -0.227114 0.505894
v 1.021566 -0.226733 0.506302
v 1.019335 -0.227711 0.506157
v 1.021604 -0.227330 0.506565
v 1.019281 -0.227746 0.506491
v 1.021550 -0.227365 0.506900
v 1.019186 -0.227424 0.506773
v 1.021456 -0.227044 0.507181
v 1.019201 -0.227897 0.507066
v 1.021470 -0.227517 0.507474
v 1.019107 -0.227901 0.507601
v 1.021377 -0.227520 0.508010
v 1.019149 -0.229293 0.508466
v 1.021420 -0.228912 0.508875
v 1.023178 -0.227378 0.497775
v 1.021208 -0.226394 0.496267
v 1.023199 -0.226050 0.496644
v 1.021186 -0.227722 0.497398
v 1.021044 -0.225622 0.496559
v 1.023036 -0.225279 0.496936
v 1.020957 -0.225065 0.496604
v 1.022949 -0.224722 0.496981
v 1.020834 -0.224755 0.497034
v 1.022826 -0.224412 0.497410
v 1.020809 -0.224078 0.496652
v 1.022801 -0.223735 0.497028
v 1.020646 -0.223315 0.496948
v 1.022639 -0.222972 0.497325
v 1.020455 -0.222173 0.497103
v 1.022449 -0.221831 0.497481
v 1.020461 -0.221696 0.496710
v 1.022454 -0.221354 0.497087
v 1.020281 -0.220486 0.496758
v 1.022274 -0.220144 0.497134
v 1.019670 -0.218224 0.498327
v 1.021666 -0.217882 0.498705
v 1.020323 -0.218844 0.495284
v 1.022315 -0.218502 0.495661
v 1.020869 -0.222306 0.494981
v 1.022860 -0.221963 0.495357
v 1.021024 -0.222498 0.494291
v 1.023014 -0.222155 0.494668
v 1.020890 -0.220804 0.493723
v 1.022880 -0.220462 0.494099
v 1.020871 -0.219806 0.493064
v 1.022861 -0.219463 0.493441
v 1.020594 -0.219150 0.494056
v 1.022585 -0.218808 0.494433
v 1.021506 -0.220031 0.489827
v 1.023491 -0.219688 0.490203
v 1.021107 -0.220094 0.492019
v 1.023095 -0.219751 0.492394
v 1.021121 -0.221643 0.493116
v 1.023110 -0.221299 0.493493
v 1.021409 -0.223895 0.493277
v 1.023398 -0.223552 0.493654
v 1.021441 -0.225793 0.494556
v 1.023430 -0.225449 0.494931
v 1.021588 -0.226361 0.494194
v 1.023577 -0.226017 0.494570
v 1.021584 -0.225748 0.493749
v 1.023572 -0.225404 0.494125
v 1.021803 -0.226755 0.493338
v 1.023790 -0.226411 0.493714
v 1.021856 -0.226480 0.492843
v 1.023842 -0.226136 0.493219
v 1.021965 -0.227052 0.492693
v 1.023951 -0.226707 0.493069
v 1.021939 -0.227816 0.493410
v 1.023926 -0.227472 0.493786
v 1.021971 -0.228100 0.493456
v 1.023958 -0.227756 0.493831
v 1.021961 -0.228701 0.493963
v 1.023949 -0.228357 0.494339
v 1.021841 -0.228627 0.494558
v 1.023829 -0.228283 0.494934
v 1.021767 -0.228406 0.494786
v 1.023756 -0.228062 0.495161
v 1.021742 -0.228658 0.495114
v 1.023731 -0.228313 0.495491
v 1.021654 -0.228436 0.495420
v 1.023643 -0.228092 0.495796
v 1.021528 -0.228621 0.496239
v 1.023518 -0.228277 0.496616
v 1.021482 -0.228345 0.496277
v 1.023472 -0.228002 0.496653
v 1.021269 -0.228343 0.497422
v 1.023261 -0.228000 0.497798
v 0.999593 -0.228582 0.628679
v 0.992204 -0.229694 0.629974
v 0.999027 -0.228693 0.631426
v 0.992770 -0.229584 0.627226
v 0.991511 -0.228208 0.632236
v 0.998334 -0.227208 0.633689
v 0.991046 -0.226213 0.633074
v 0.997870 -0.225214 0.634526
v 0.990739 -0.223803 0.632887
v 0.997562 -0.222804 0.634339
v 0.990811 -0.219848 0.629865
v 0.997634 -0.218848 0.631316
v 0.990426 -0.216381 0.629327
v 0.997249 -0.215381 0.630778
v 0.990617 -0.212688 0.625918
v 0.997440 -0.211687 0.627370
v 0.990233 -0.211029 0.626602
v 0.997056 -0.210028 0.628054
v 0.990129 -0.211522 0.627427
v 0.996952 -0.210521 0.628878
v 0.989695 -0.210373 0.628695
v 0.996518 -0.209373 0.630147
v 0.989095 -0.207643 0.629669
v 0.995919 -0.206644 0.631121
v 0.988394 -0.203422 0.630111
v 0.995219 -0.202422 0.631564
v 0.987301 -0.197401 0.631181
v 0.994126 -0.196403 0.632632
v 0.992246 -0.197478 0.607908
v 0.999067 -0.196471 0.609360
v 0.993652 -0.205578 0.606776
v 1.000471 -0.204568 0.608227
v 0.994731 -0.208803 0.603877
v 1.001550 -0.207791 0.605329
v 0.995840 -0.210174 0.599579
v 1.002658 -0.209159 0.601030
v 0.995843 -0.209574 0.599160
v 1.002661 -0.208559 0.600612
v 0.996156 -0.209935 0.597932
v 1.002973 -0.208919 0.599384
v 0.996359 -0.210849 0.597597
v 1.003176 -0.209833 0.599048
v 0.997430 -0.213686 0.594478
v 1.004246 -0.212667 0.595929
v 0.997625 -0.215839 0.595019
v 1.004441 -0.214819 0.596471
v 0.997847 -0.217397 0.595026
v 1.004663 -0.216377 0.596478
v 0.997829 -0.218346 0.595756
v 1.004645 -0.217326 0.597208
v 0.997424 -0.217877 0.597341
v 1.004241 -0.216858 0.598793
v 0.997021 -0.217215 0.598793
v 1.003838 -0.216199 0.600244
v 0.996700 -0.217104 0.600228
v 1.003517 -0.216088 0.601680
v 0.996823 -0.219103 0.601007
v 1.003640 -0.218088 0.602459
v 0.999958 -0.220916 0.601161
v 1.001184 -0.220734 0.601421
v 1.000192 -0.224725 0.602639
v 1.001419 -0.224542 0.602901
v 1.000154 -0.226224 0.603836
v 1.001381 -0.226041 0.604097
v 1.000011 -0.227354 0.605274
v 1.001238 -0.227171 0.605535
v 1.000045 -0.224508 0.603188
v 1.001271 -0.224326 0.603448
v 0.999733 -0.221600 0.602684
v 1.000959 -0.221417 0.602945
v 0.999068 -0.221762 0.605927
v 1.000295 -0.221580 0.606188
v 0.998962 -0.223600 0.607675
v 1.000188 -0.223418 0.607936
v 0.999266 -0.226302 0.608071
v 1.000493 -0.226119 0.608333
v 0.999958 -0.229065 0.606687
v 1.001185 -0.228882 0.606948
v 1.001020 -0.229954 0.602283
v 1.002247 -0.229771 0.602545
v 1.000855 -0.230528 0.603455
v 1.002081 -0.230345 0.603715
v 1.000130 -0.230005 0.606512
v 1.001357 -0.229822 0.606773
v 0.999486 -0.228286 0.608383
v 1.000712 -0.228104 0.608645
v 0.998888 -0.225601 0.609383
v 1.000115 -0.225419 0.609645
v 0.998681 -0.223310 0.608803
v 0.999908 -0.223128 0.609064
v 0.998829 -0.220523 0.606215
v 1.000055 -0.220341 0.606476
v 0.996006 -0.219525 0.605139
v 1.002824 -0.218513 0.606590
v 0.995671 -0.219221 0.606510
v 1.002490 -0.218209 0.607962
v 0.995022 -0.219552 0.609799
v 1.001841 -0.218542 0.611250
v 0.994844 -0.222349 0.612531
v 1.001664 -0.221341 0.613983
v 0.994485 -0.223030 0.614689
v 1.001305 -0.222023 0.616141
v 0.993885 -0.223250 0.617669
v 1.000706 -0.222244 0.619121
v 0.993675 -0.226109 0.620603
v 1.000496 -0.225104 0.622055
v 0.992535 -0.226908 0.626522
v 0.999357 -0.225906 0.627974
vn 0.2462 -0.5147 -0.8213
vn 0.2460 -0.5143 -0.8215
vn 0.2462 -0.5146 -0.8213
vn 0.2456 -0.5145 -0.8216
vn -0.0428 -0.6540 0.7553
vn -0.0425 -0.6538 0.7554
vn -0.0427 -0.6540 0.7553
vn -0.1914 -0.0112 0.9815
vn -0.1916 -0.0105 0.9814
vn -0.1913 -0.0111 0.9815
vn -0.1916 -0.0103 0.9814
vn -0.0645 -0.5848 0.8086
vn -0.0645 -0.5847 0.8087
vn -0.0648 -0.5847 0.8087
vn -0.0645 -0.5846 0.8087
vn -0.2442 0.4896 0.8370
vn -0.2444 0.4892 0.8372
vn 0.0088 -0.7941 0.6078
vn 0.0092 -0.7937 0.6083
vn 0.0089 -0.7940 0.6079
vn 0.0089 -0.7937 0.6082
vn -0.2454 0.6998 0.6708
vn -0.2455 0.6994 0.6713
vn -0.2454 0.6999 0.6708
vn -0.2456 0.6993 0.6714
vn -0.0407 -0.6609 0.7493
vn -0.0406 -0.6605 0.7497
vn -0.0407 -0.6608 0.7495
vn -0.0406 -0.6604 0.7498
vn -0.2466 0.6626 0.7072
vn -0.2465 0.6636 0.7063
vn -0.2466 0.6628 0.7071
vn -0.2465 0.6637 0.7063
vn -0.1809 -0.0791 0.9803
vn -0.1804 -0.0791 0.9804
vn -0.1808 -0.0790 0.9803
vn 0.0020 -0.7784 0.6278
vn 0.0019 -0.7780 0.6283
vn 0.0020 -0.7783 0.6279
vn 0.0020 -0.7781 0.6281
vn -0.2332 0.8327 0.5021
vn -0.2332 0.8328 0.5020
vn -0.2332 0.8327 0.5023
vn -0.0453 -0.6479 0.7604
vn -0.0453 -0.6477 0.7606
vn -0.0453 -0.6478 0.7605
vn -0.0452 -0.6476 0.7606
vn -0.2461 0.6815 0.6892
vn -0.2452 0.6816 0.6895
vn -0.2460 0.6814 0.6893
vn -0.2451 0.6815 0.6895
vn -0.1420 -0.2792 0.9497
vn -0.1416 -0.2790 0.9498
vn -0.1419 -0.2792 0.9497
vn 0.1544 -0.9878 0.0224
vn 0.1545 -0.9877 0.0228
vn 0.1541 -0.9878 0.0225
vn 0.1545 -0.9877 0.0229
vn -0.2143 0.1520 0.9649
vn -0.2139 0.1517 0.9650
vn -0.2145 0.1515 0.9649
vn -0.2151 0.9128 0.3471
vn -0.2149 0.9130 0.3468
vn -0.2150 0.9129 0.3471
vn -0.2149 0.9130 0.3467
vn -0.1482 -0.2520 0.9563
vn -0.1474 -0.2519 0.9565
vn -0.1481 -0.2520 0.9563
vn -0.1474 -0.2518 0.9565
vn -0.2455 0.6744 0.6964
vn -0.2453 0.6745 0.6963
vn -0.2453 0.6744 0.6964
vn -0.1381 0.9847 -0.1061
vn -0.1377 0.9848 -0.1063
vn -0.1376 0.9848 -0.1064
vn -0.1372 0.9848 -0.1066
vn 0.1569 0.2056 -0.9660
vn 0.1566 0.2057 -0.9660
vn 0.0323 0.6843 -0.7285
vn 0.0328 0.6840 -0.7288
vn 0.0327 0.6842 -0.7286
vn 0.0331 0.6838 -0.7289
vn -0.1711 -0.1308 0.9765
vn -0.1711 -0.1309 0.9765
vn -0.1463 0.9868 -0.0689
vn -0.1459 0.9869 -0.0693
vn -0.1461 0.9869 -0.0691
vn -0.1458 0.9869 -0.0695
vn 0.1790 0.0869 -0.9800
vn 0.1786 0.0870 -0.9801
vn 0.1789 0.0870 -0.9800
vn 0.2324 -0.3134 -0.9207
vn 0.2324 -0.3135 -0.9207
vn 0.2451 -0.7139 -0.6559
vn 0.2456 -0.7138 -0.6558
vn 0.2451 -0.7140 -0.6559
vn 0.2455 -0.7140 -0.6557
vn 0.1575 0.2041 -0.9662
vn 0.1575 0.2039 -0.9662
vn 0.1573 0.2037 -0.9663
vn 0.1572 0.2037 -0.9663
vn 0.0026 0.7644 -0.6447
vn 0.0029 0.7640 -0.6452
vn 0.0027 0.7644 -0.6448
vn 0.0029 0.7642 -0.6450
vn -0.2428 0.7616 0.6009
vn -0.2424 0.7620 0.6004
vn -0.2425 0.7618 0.6008
vn -0.2423 0.7621 0.6003
vn 0.1060 0.4325 -0.8954
vn 0.1061 0.4325 -0.8954
vn 0.2439 -0.4744 -0.8458
vn 0.2443 -0.4746 -0.8456
vn 0.2443 -0.4745 -0.8457
vn 0.1563 -0.9874 0.0248
vn 0.1563 -0.9874 0.0253
vn 0.1563 -0.9874 0.0254
vn 0.2480 -0.6211 -0.7435
vn 0.2480 -0.6207 -0.7438
vn 0.2479 -0.6212 -0.7434
vn 0.1505 -0.9872 0.0531
vn 0.1505 -0.9871 0.0537
vn 0.1505 -0.9872 0.0532
vn 0.1505 -0.9871 0.0538
vn 0.2471 -0.6764 -0.6939
vn 0.2471 -0.6762 -0.6940
vn 0.2471 -0.6763 -0.6939
vn 0.2475 -0.6764 -0.6937
vn -0.0413 -0.6571 0.7527
vn -0.0412 -0.6573 0.7525
vn -0.0411 -0.6572 0.7526
vn 0.9724 0.1362 0.1895
vn 0.9723 0.1361 0.1900
vn 0.9725 0.1361 0.1891
vn 0.9724 0.1362 0.1896
vn 0.9726 0.1361 0.1886
vn 0.9727 0.1359 0.1881
vn 0.9727 0.1358 0.1880
vn 0.9730 0.1350 0.1873
vn 0.9730 0.1353 0.1871
vn 0.9725 0.1360 0.1891
vn 0.9728 0.1356 0.1879
vn 0.9726 0.1358 0.1886
vn 0.9725 0.1361 0.1889
vn 0.9726 0.1356 0.1888
vn 0.9724 0.1356 0.1900
vn 0.9729 0.1354 0.1874
vn 0.9727 0.1356 0.1882
vn 0.9727 0.1357 0.1882
vn 0.9725 0.1362 0.1891
vn 0.9727 0.1357 0.1881
vn 0.9725 0.1361 0.1888
vn 0.9720 0.1370 0.1907
vn 0.9727 0.1358 0.1881
vn 0.9726 0.1364 0.1883
vn 0.9727 0.1357 0.1885
vn 0.9726 0.1357 0.1887
vn 0.9727 0.1354 0.1886
vn 0.9727 0.1357 0.1884
vn 0.9727 0.1356 0.1885
vn 0.9728 0.1360 0.1876
vn 0.9728 0.1359 0.1878
vn 0.9731 0.1354 0.1864
vn 0.9734 0.1345 0.1853
vn -0.9726 -0.1358 -0.1887
vn -0.9726 -0.1360 -0.1888
vn -0.9726 -0.1359 -0.1888
vn -0.9727 -0.1358 -0.1883
vn -0.9728 -0.1354 -0.1882
vn -0.9727 -0.1357 -0.1883
vn -0.9731 -0.1354 -0.1865
vn -0.9726 -0.1360 -0.1885
vn -0.9729 -0.1356 -0.1871
vn -0.9725 -0.1362 -0.1892
vn -0.9724 -0.1360 -0.1895
vn -0.9725 -0.1358 -0.1891
vn -0.9725 -0.1359 -0.1893
vn -0.9725 -0.1355 -0.1895
vn -0.9726 -0.1359 -0.1889
vn -0.9724 -0.1361 -0.1893
vn -0.9727 -0.1357 -0.1881
vn -0.9726 -0.1358 -0.1888
vn -0.9729 -0.1355 -0.1872
vn -0.9725 -0.1360 -0.1892
vn -0.9731 -0.1357 -0.1865
vn -0.9726 -0.1360 -0.1887
vn -0.9724 -0.1363 -0.1894
vn -0.9725 -0.1361 -0.1888
vn -0.9725 -0.1360 -0.1888
vn -0.9725 -0.1358 -0.1893
vn -0.9725 -0.1358 -0.1890
vn -0.9725 -0.1362 -0.1890
vn -0.9727 -0.1357 -0.1885
vn -0.9726 -0.1361 -0.1882
vn -0.9724 -0.1362 -0.1894
vn -0.9723 -0.1362 -0.1902
vn -0.9721 -0.1362 -0.1910
vn 0.1516 -0.9857 0.0733
vn 0.1516 -0.9857 0.0739
vn 0.2516 -0.6571 -0.7106
vn 0.2509 -0.6575 -0.7105
vn 0.2514 -0.6571 -0.7106
vn 0.2507 -0.6576 -0.7105
vn 0.1030 -0.9517 0.2893
vn 0.1030 -0.9515 0.2900
vn 0.1030 -0.9517 0.2894
vn 0.1030 -0.9514 0.2901
vn 0.1400 0.2846 -0.9484
vn 0.1397 0.2844 -0.9485
vn 0.1400 0.2845 -0.9484
vn 0.1397 0.2846 -0.9484
vn 0.1481 -0.9850 0.0889
vn 0.1481 -0.9849 0.0896
vn 0.1481 -0.9850 0.0891
vn 0.1481 -0.9849 0.0898
vn 0.2513 -0.6141 -0.7482
vn 0.2511 -0.6136 -0.7486
vn 0.2512 -0.6140 -0.7483
vn -0.0844 -0.5082 0.8571
vn -0.0841 -0.5080 0.8572
vn 0.2413 -0.8072 -0.5388
vn 0.2419 -0.8071 -0.5386
vn 0.2414 -0.8072 -0.5387
vn 0.2419 -0.8071 -0.5385
vn -0.1819 -0.0677 0.9810
vn -0.1822 -0.0679 0.9809
vn -0.1822 -0.0678 0.9809
vn -0.1825 -0.0680 0.9808
vn -0.1381 -0.2915 0.9465
vn -0.1380 -0.2910 0.9467
vn -0.1381 -0.2914 0.9466
vn -0.1380 -0.2909 0.9467
vn -0.2430 0.4211 0.8739
vn -0.2431 0.4210 0.8739
vn -0.2430 0.4209 0.8739
vn -0.2432 0.4212 0.8738
vn 0.0023 -0.7687 0.6396
vn 0.0024 -0.7684 0.6400
vn 0.0024 -0.7686 0.6397
vn 0.0024 -0.7683 0.6401
vn -0.2495 0.5906 0.7674
vn -0.2504 0.5914 0.7665
vn -0.2496 0.5907 0.7673
vn -0.2504 0.5915 0.7664
vn -0.1063 -0.4256 0.8987
vn -0.1061 -0.4256 0.8987
vn -0.1061 -0.4259 0.8985
vn -0.0253 -0.6961 0.7175
vn -0.0253 -0.6960 0.7176
vn -0.0253 -0.6963 0.7173
vn -0.2446 0.7721 0.5865
vn -0.2449 0.7721 0.5864
vn -0.2446 0.7722 0.5865
vn -0.2449 0.7722 0.5862
vn -0.2004 0.0443 0.9787
vn -0.2006 0.0446 0.9786
vn -0.2004 0.0442 0.9787
vn -0.2007 0.0448 0.9786
vn 0.0612 -0.8936 0.4446
vn 0.0612 -0.8934 0.4450
vn 0.0612 -0.8936 0.4447
vn 0.0612 -0.8934 0.4451
vn -0.2403 0.3912 0.8884
vn -0.2402 0.3907 0.8886
vn -0.2408 0.3912 0.8883
vn -0.2401 0.3907 0.8887
vn -0.0233 -0.7032 0.7106
vn -0.0232 -0.7029 0.7109
vn -0.0233 -0.7030 0.7108
vn -0.0231 -0.7027 0.7111
vn -0.1411 -0.2766 0.9506
vn -0.1417 -0.2763 0.9506
vn -0.1414 -0.2764 0.9506
vn -0.0628 0.8970 -0.4374
vn -0.0626 0.8969 -0.4378
vn -0.0628 0.8970 -0.4375
vn -0.1167 -0.3847 0.9156
vn -0.1167 -0.3848 0.9156
vn -0.1985 0.9597 0.1991
vn -0.1990 0.9595 0.1994
vn -0.1987 0.9596 0.1994
vn -0.1985 0.9596 0.1993
vn -0.1522 -0.2251 0.9624
vn -0.1526 -0.2249 0.9623
vn -0.1223 0.9725 -0.1983
vn -0.1220 0.9724 -0.1989
vn -0.1222 0.9725 -0.1984
vn -0.1219 0.9724 -0.1990
vn -0.2048 0.0772 0.9758
vn -0.2052 0.0772 0.9757
vn -0.2048 0.0771 0.9758
vn 0.0503 -0.8757 0.4803
vn 0.0504 -0.8754 0.4808
vn 0.0504 -0.8756 0.4804
vn 0.0504 -0.8753 0.4809
vn -0.1317 0.9787 -0.1572
vn -0.1314 0.9788 -0.1574
vn -0.1310 0.9788 -0.1577
vn 0.1891 0.0304 -0.9815
vn 0.1886 0.0300 -0.9816
vn 0.1884 0.0301 -0.9816
vn 0.1152 0.3879 -0.9145
vn 0.1156 0.3876 -0.9145
vn 0.1157 0.3876 -0.9145
vn -0.2492 0.6941 0.6753
vn -0.2493 0.6939 0.6755
vn -0.2492 0.6938 0.6757
vn -0.2494 0.6939 0.6755
vn -0.1872 -0.0397 0.9815
vn -0.1872 -0.0401 0.9815
vn -0.1869 -0.0397 0.9816
vn -0.1871 -0.0401 0.9815
vn -0.1390 0.9821 -0.1271
vn -0.1387 0.9821 -0.1275
vn -0.1388 0.9821 -0.1272
vn -0.1385 0.9821 -0.1276
vn 0.1837 0.0604 -0.9811
vn 0.1836 0.0605 -0.9811
vn 0.1835 0.0605 -0.9812
vn 0.1833 0.0606 -0.9812
vn 0.2471 -0.4798 -0.8419
vn 0.2468 -0.4799 -0.8419
vn 0.2465 -0.4799 -0.8420
vn 0.1265 0.3424 -0.9310
vn 0.1267 0.3423 -0.9310
vn 0.1264 0.3424 -0.9310
vn 0.1268 0.3422 -0.9310
vn -0.2486 0.5298 0.8108
vn -0.2492 0.5294 0.8110
vn -0.2487 0.5297 0.8109
vn -0.2493 0.5293 0.8110
vn 0.1086 0.4163 -0.9027
vn 0.1081 0.4163 -0.9028
vn 0.1085 0.4163 -0.9027
vn 0.1080 0.4161 -0.9029
vn 0.1971 -0.0169 -0.9802
vn 0.1959 -0.0164 -0.9805
vn 0.1965 -0.0171 -0.9804
vn 0.1955 -0.0162 -0.9806
vn -0.0763 0.9156 -0.3949
vn -0.0760 0.9153 -0.3955
vn -0.0763 0.9155 -0.3950
vn -0.0760 0.9153 -0.3956
vn 0.2247 -0.2183 -0.9497
vn 0.2246 -0.2180 -0.9498
vn 0.2246 -0.2179 -0.9498
vn 0.9726 0.1377 0.1874
vn 0.9725 0.1372 0.1882
vn 0.9725 0.1374 0.1881
vn 0.9725 0.1378 0.1877
vn 0.9724 0.1381 0.1881
vn 0.9726 0.1376 0.1874
vn 0.9726 0.1377 0.1875
vn 0.9727 0.1375 0.1870
vn 0.9723 0.1380 0.1886
vn 0.9723 0.1377 0.1891
vn 0.9725 0.1377 0.1877
vn 0.9726 0.1375 0.1877
vn 0.9724 0.1381 0.1882
vn 0.9731 0.1373 0.1852
vn 0.9720 0.1393 0.1895
vn 0.9723 0.1382 0.1883
vn 0.9725 0.1374 0.1879
vn 0.9720 0.1388 0.1896
vn 0.9725 0.1379 0.1876
vn 0.9722 0.1378 0.1892
vn 0.9726 0.1375 0.1875
vn 0.9727 0.1377 0.1870
vn 0.9726 0.1375 0.1874
vn 0.9725 0.1376 0.1879
vn 0.9724 0.1377 0.1881
vn 0.9726 0.1376 0.1875
vn 0.9726 0.1376 0.1876
vn 0.9722 0.1379 0.1892
vn 0.9726 0.1379 0.1874
vn 0.9727 0.1378 0.1869
vn 0.9728 0.1378 0.1861
vn 0.9726 0.1376 0.1873
vn 0.9728 0.1374 0.1864
vn 0.9729 0.1372 0.1863
vn 0.9724 0.1379 0.1884
vn 0.9722 0.1377 0.1892
vn 0.9722 0.1381 0.1890
vn -0.9723 -0.1371 -0.1893
vn -0.9722 -0.1390 -0.1884
vn -0.9724 -0.1375 -0.1885
vn -0.9724 -0.1381 -0.1881
vn -0.9724 -0.1378 -0.1885
vn -0.9722 -0.1381 -0.1888
vn -0.9722 -0.1380 -0.1892
vn -0.9723 -0.1378 -0.1888
vn -0.9723 -0.1380 -0.1885
vn -0.9723 -0.1377 -0.1887
vn -0.9724 -0.1378 -0.1884
vn -0.9720 -0.1384 -0.1901
vn -0.9723 -0.1381 -0.1887
vn -0.9722 -0.1383 -0.1889
vn -0.9726 -0.1377 -0.1875
vn -0.9725 -0.1380 -0.1874
vn -0.9728 -0.1371 -0.1865
vn -0.9724 -0.1377 -0.1883
vn -0.9724 -0.1379 -0.1884
vn -0.9720 -0.1385 -0.1897
vn -0.9720 -0.1382 -0.1901
vn -0.9723 -0.1381 -0.1885
vn -0.9724 -0.1376 -0.1884
vn -0.9723 -0.1378 -0.1886
vn -0.9723 -0.1382 -0.1887
vn -0.9721 -0.1382 -0.1895
vn -0.9722 -0.1381 -0.1893
vn -0.9722 -0.1379 -0.1890
vn -0.9724 -0.1377 -0.1884
vn -0.9724 -0.1377 -0.1885
vn -0.9720 -0.1393 -0.1893
vn -0.9723 -0.1384 -0.1886
vn -0.9729 -0.1379 -0.1858
vn -0.9725 -0.1377 -0.1878
vn -0.9723 -0.1381 -0.1883
vn -0.9725 -0.1376 -0.1880
vn -0.9726 -0.1376 -0.1875
vn -0.9722 -0.1377 -0.1893
vn -0.9723 -0.1377 -0.1890
vn -0.1429 -0.2628 0.9542
vn -0.1426 -0.2631 0.9542
vn -0.1429 -0.2629 0.9542
vn -0.1426 -0.2628 0.9543
vn -0.2337 0.2615 0.9365
vn -0.2328 0.2620 0.9366
vn -0.2331 0.2617 0.9366
vn -0.2329 0.2620 0.9366
vn -0.1527 -0.2141 0.9648
vn -0.1538 -0.2136 0.9647
vn -0.1535 -0.2138 0.9647
vn -0.1543 -0.2134 0.9647
vn -0.2207 0.1713 0.9602
vn -0.2212 0.1714 0.9601
vn -0.2214 0.1713 0.9600
vn 0.1527 -0.9826 0.1060
vn 0.1530 -0.9825 0.1061
vn 0.1530 -0.9825 0.1060
vn 0.1535 -0.9824 0.1060
vn 0.2578 -0.6426 -0.7215
vn 0.2577 -0.6427 -0.7215
vn 0.2575 -0.6427 -0.7215
vn 0.2572 -0.6429 -0.7215
vn 0.2557 -0.7029 -0.6638
vn 0.2559 -0.7028 -0.6637
vn 0.2559 -0.7027 -0.6639
vn 0.2559 -0.7025 -0.6640
vn 0.0239 -0.8035 0.5949
vn 0.0240 -0.8033 0.5951
vn 0.0239 -0.8033 0.5950
vn 0.0241 -0.8031 0.5953
vn -0.2146 0.1230 0.9689
vn -0.2142 0.1231 0.9690
vn -0.2141 0.1231 0.9690
vn -0.2140 0.1232 0.9690
vn -0.2523 0.7740 0.5807
vn -0.2522 0.7741 0.5806
vn -0.2522 0.7741 0.5807
vn -0.2521 0.7741 0.5806
vn -0.2035 0.0572 0.9774
vn -0.2043 0.0571 0.9773
vn -0.2041 0.0569 0.9773
vn -0.2044 0.0570 0.9772
vn -0.2515 0.7767 0.5775
vn -0.2512 0.7768 0.5775
vn -0.2514 0.7768 0.5775
vn -0.2513 0.7768 0.5775
vn -0.1195 0.9590 -0.2570
vn -0.1192 0.9590 -0.2571
vn -0.1181 0.9591 -0.2571
vn -0.1179 0.9592 -0.2571
vn 0.1810 0.0798 -0.9802
vn 0.1805 0.0799 -0.9803
vn 0.1806 0.0799 -0.9803
vn 0.1805 0.0800 -0.9803
vn 0.2442 -0.3730 -0.8951
vn 0.2443 -0.3730 -0.8951
vn 0.2439 -0.3732 -0.8951
vn -0.2039 0.9661 0.1587
vn -0.2036 0.9662 0.1583
vn -0.2038 0.9661 0.1585
vn -0.2035 0.9662 0.1582
vn 0.2011 -0.0360 -0.9789
vn 0.2011 -0.0357 -0.9789
vn 0.2010 -0.0356 -0.9789
vn -0.1032 0.9399 -0.3253
vn -0.1030 0.9399 -0.3256
vn -0.1032 0.9399 -0.3254
vn -0.1030 0.9398 -0.3257
vn 0.2443 -0.3768 -0.8935
vn 0.2444 -0.3764 -0.8937
vn 0.2442 -0.3767 -0.8935
vn 0.2444 -0.3761 -0.8938
vn 0.2235 -0.9309 -0.2889
vn 0.2232 -0.9311 -0.2886
vn 0.2236 -0.9309 -0.2888
vn 0.1434 0.2620 -0.9544
vn 0.1422 0.2630 -0.9543
vn 0.1430 0.2621 -0.9544
vn 0.1420 0.2632 -0.9542
vn 0.2569 -0.5857 -0.7687
vn 0.2570 -0.5866 -0.7680
vn 0.2569 -0.5858 -0.7687
vn 0.2571 -0.5868 -0.7678
vn 0.1766 -0.9843 -0.0052
vn 0.1767 -0.9842 -0.0052
vn 0.1767 -0.9843 -0.0052
vn 0.1767 -0.9842 -0.0051
vn 0.2580 -0.6885 -0.6778
vn 0.2577 -0.6891 -0.6773
vn 0.2581 -0.6885 -0.6777
vn 0.2575 -0.6896 -0.6769
vn -0.0730 -0.5308 0.8443
vn -0.0730 -0.5306 0.8444
vn -0.0731 -0.5309 0.8443
vn 0.0013 -0.7474 0.6644
vn 0.0012 -0.7472 0.6646
vn 0.0012 -0.7475 0.6643
vn -0.1609 -0.1758 0.9712
vn -0.1615 -0.1754 0.9712
vn -0.1611 -0.1758 0.9712
vn -0.1616 -0.1754 0.9711
vn 0.1051 -0.9432 0.3153
vn 0.1051 -0.9431 0.3155
vn 0.1051 -0.9431 0.3153
vn 0.1052 -0.9430 0.3156
vn 0.2574 -0.6479 -0.7170
vn 0.2580 -0.6479 -0.7167
vn 0.2574 -0.6479 -0.7169
vn 0.2584 -0.6478 -0.7167
vn 0.1987 -0.0214 -0.9798
vn 0.1986 -0.0215 -0.9798
vn 0.1986 -0.0216 -0.9798
vn 0.2557 -0.5618 -0.7867
vn 0.2558 -0.5615 -0.7869
vn 0.2559 -0.5617 -0.7868
vn 0.2559 -0.5615 -0.7869
vn -0.0119 0.7740 -0.6330
vn -0.0121 0.7743 -0.6328
vn -0.0119 0.7740 -0.6331
vn -0.0122 0.7743 -0.6327
vn 0.2146 -0.1329 -0.9676
vn 0.2163 -0.1315 -0.9674
vn 0.2148 -0.1327 -0.9676
vn 0.2164 -0.1314 -0.9674
vn 0.1272 0.3350 -0.9336
vn 0.1248 0.3357 -0.9336
vn 0.1266 0.3351 -0.9336
vn 0.1243 0.3359 -0.9336
vn 0.2435 -0.3735 -0.8951
vn 0.2453 -0.3729 -0.8948
vn 0.2440 -0.3732 -0.8951
vn 0.2457 -0.3727 -0.8948
vn 0.2563 -0.7358 -0.6269
vn 0.2559 -0.7357 -0.6271
vn 0.2559 -0.7358 -0.6270
vn 0.2557 -0.7358 -0.6271
vn 0.1372 0.2790 -0.9504
vn 0.1395 0.2790 -0.9501
vn 0.1375 0.2791 -0.9504
vn 0.1398 0.2790 -0.9501
vn 0.2391 -0.8749 -0.4212
vn 0.2399 -0.8742 -0.4221
vn 0.2391 -0.8748 -0.4213
vn 0.2400 -0.8741 -0.4223
vn 0.0998 -0.9365 0.3361
vn 0.0999 -0.9364 0.3364
vn 0.0999 -0.9365 0.3362
vn 0.0999 -0.9364 0.3365
vn -0.0060 -0.7297 0.6837
vn -0.0061 -0.7295 0.6839
vn -0.0060 -0.7297 0.6838
vn -0.0060 -0.7293 0.6842
vn -0.2579 0.6838 0.6825
vn -0.2570 0.6838 0.6829
vn -0.2578 0.6838 0.6826
vn -0.2568 0.6838 0.6830
vn 0.9723 0.1376 0.1891
vn 0.9722 0.1380 0.1891
vn 0.9722 0.1379 0.1893
vn 0.9723 0.1374 0.1889
vn 0.9723 0.1377 0.1889
vn 0.9723 0.1380 0.1889
vn 0.9724 0.1372 0.1888
vn 0.9722 0.1369 0.1899
vn 0.9723 0.1376 0.1888
vn 0.9723 0.1382 0.1884
vn 0.9733 0.1366 0.1844
vn 0.9723 0.1384 0.1884
vn 0.9722 0.1377 0.1893
vn 0.9722 0.1378 0.1893
vn 0.9722 0.1383 0.1891
vn 0.9723 0.1380 0.1884
vn 0.9724 0.1380 0.1879
vn 0.9723 0.1380 0.1885
vn 0.9723 0.1381 0.1886
vn 0.9723 0.1375 0.1889
vn 0.9723 0.1381 0.1888
vn 0.9729 0.1368 0.1865
vn 0.9731 0.1367 0.1853
vn 0.9725 0.1373 0.1879
vn 0.9722 0.1383 0.1890
vn 0.9716 0.1389 0.1917
vn 0.9722 0.1386 0.1887
vn 0.9730 0.1367 0.1859
vn 0.9724 0.1376 0.1884
vn 0.9723 0.1378 0.1889
vn 0.9723 0.1381 0.1887
vn 0.9723 0.1380 0.1888
vn 0.9723 0.1378 0.1890
vn 0.9722 0.1366 0.1900
vn 0.9723 0.1374 0.1888
vn 0.9721 0.1380 0.1898
vn 0.9721 0.1380 0.1899
vn 0.9709 0.1405 0.1938
vn -0.9719 -0.1386 -0.1902
vn -0.9718 -0.1382 -0.1910
vn -0.9720 -0.1382 -0.1903
vn -0.9718 -0.1379 -0.1913
vn -0.9720 -0.1380 -0.1903
vn -0.9720 -0.1382 -0.1900
vn -0.9721 -0.1378 -0.1899
vn -0.9719 -0.1379 -0.1905
vn -0.9718 -0.1383 -0.1909
vn -0.9725 -0.1384 -0.1874
vn -0.9722 -0.1380 -0.1893
vn -0.9722 -0.1381 -0.1892
vn -0.9719 -0.1385 -0.1902
vn -0.9720 -0.1380 -0.1904
vn -0.9720 -0.1386 -0.1900
vn -0.9721 -0.1378 -0.1898
vn -0.9721 -0.1385 -0.1894
vn -0.9721 -0.1384 -0.1896
vn -0.9720 -0.1380 -0.1900
vn -0.9720 -0.1384 -0.1900
vn -0.9712 -0.1400 -0.1928
vn -0.9724 -0.1382 -0.1881
vn -0.9720 -0.1386 -0.1899
vn -0.9720 -0.1383 -0.1898
vn -0.9724 -0.1381 -0.1882
vn -0.9720 -0.1360 -0.1915
vn -0.9720 -0.1383 -0.1901
vn -0.9720 -0.1378 -0.1904
vn -0.9721 -0.1381 -0.1896
vn -0.9723 -0.1379 -0.1889
vn -0.9721 -0.1380 -0.1898
vn -0.9721 -0.1383 -0.1896
vn -0.9722 -0.1378 -0.1891
vn -0.9721 -0.1378 -0.1900
vn -0.9718 -0.1419 -0.1883
vn -0.9720 -0.1381 -0.1901
vn -0.9716 -0.1387 -0.1919
vn -0.9729 -0.1360 -0.1870
vn 0.1489 -0.9882 0.0364
vn 0.1489 -0.9882 0.0369
vn 0.1489 -0.9882 0.0365
vn 0.1486 -0.9882 0.0371
vn 0.2350 -0.8009 -0.5508
vn 0.2351 -0.8012 -0.5502
vn 0.2350 -0.8012 -0.5503
vn 0.1107 -0.9705 0.2142
vn 0.1108 -0.9704 0.2147
vn 0.1108 -0.9704 0.2144
vn 0.1109 -0.9703 0.2149
vn 0.1688 -0.9831 -0.0711
vn 0.1688 -0.9831 -0.0704
vn 0.1688 -0.9831 -0.0710
vn 0.1688 -0.9831 -0.0703
vn -0.0703 -0.5758 0.8146
vn -0.0701 -0.5756 0.8147
vn -0.0702 -0.5756 0.8147
vn -0.0701 -0.5754 0.8149
vn -0.1700 -0.1428 0.9750
vn -0.1700 -0.1427 0.9751
vn -0.1699 -0.1427 0.9751
vn -0.0893 -0.5094 0.8559
vn -0.0892 -0.5093 0.8559
vn -0.0891 -0.5092 0.8560
vn 0.1818 -0.9711 -0.1546
vn 0.1818 -0.9711 -0.1545
vn 0.1818 -0.9711 -0.1544
vn 0.1819 -0.9712 -0.1539
vn -0.1675 -0.1574 0.9732
vn -0.1679 -0.1563 0.9733
vn -0.1676 -0.1568 0.9733
vn -0.1678 -0.1563 0.9734
vn -0.2402 0.4677 0.8506
vn -0.2407 0.4676 0.8505
vn -0.2404 0.4677 0.8506
vn -0.2412 0.4674 0.8505
vn -0.1908 -0.0165 0.9815
vn -0.1912 -0.0168 0.9814
vn -0.1909 -0.0168 0.9815
vn -0.2430 0.6342 0.7340
vn -0.2436 0.6345 0.7335
vn -0.2430 0.6343 0.7339
vn -0.2438 0.6345 0.7335
vn -0.1371 0.9867 -0.0873
vn -0.1368 0.9867 -0.0875
vn -0.1365 0.9867 -0.0878
vn 0.1075 0.4368 -0.8931
vn 0.1077 0.4366 -0.8932
vn 0.1073 0.4369 -0.8931
vn 0.2154 -0.1690 -0.9618
vn 0.2160 -0.1688 -0.9617
vn 0.2157 -0.1689 -0.9617
vn 0.2159 -0.1687 -0.9617
vn 0.0529 0.6327 -0.7725
vn 0.0533 0.6322 -0.7729
vn 0.0532 0.6323 -0.7729
vn 0.0534 0.6321 -0.7730
vn -0.1926 -0.0040 0.9813
vn -0.1403 -0.2938 0.9455
vn -0.1403 -0.2937 0.9456
vn -0.1403 -0.2936 0.9456
vn -0.1307 0.9840 -0.1214
vn -0.1301 0.9840 -0.1219
vn -0.1303 0.9840 -0.1217
vn -0.1300 0.9840 -0.1220
vn 0.1905 0.0177 -0.9815
vn 0.1908 0.0179 -0.9815
vn 0.1702 0.1353 -0.9761
vn 0.1709 0.1352 -0.9760
vn 0.1716 0.1352 -0.9758
vn 0.2438 -0.6058 -0.7574
vn 0.2444 -0.6056 -0.7573
vn 0.2445 -0.6057 -0.7572
vn 0.2452 -0.6053 -0.7573
vn 0.2332 -0.3388 -0.9115
vn 0.2330 -0.3384 -0.9117
vn 0.2331 -0.3389 -0.9115
vn 0.0931 0.4919 -0.8657
vn 0.0933 0.4917 -0.8658
vn 0.0932 0.4918 -0.8657
vn 0.0933 0.4916 -0.8658
vn -0.2075 0.9277 0.3105
vn -0.2071 0.9279 0.3100
vn -0.2074 0.9277 0.3104
vn -0.2070 0.9280 0.3098
vn 0.1206 0.3821 -0.9162
vn 0.1197 0.3824 -0.9162
vn 0.1202 0.3822 -0.9162
vn 0.0684 0.5797 -0.8120
vn 0.0680 0.5795 -0.8121
vn 0.0684 0.5796 -0.8120
vn 0.0686 0.5794 -0.8121
vn 0.1973 -0.0266 -0.9800
vn 0.1971 -0.0261 -0.9800
vn 0.1969 -0.0257 -0.9801
vn 0.9720 0.1365 0.1912
vn 0.9720 0.1364 0.1911
vn 0.9721 0.1363 0.1907
vn 0.9721 0.1364 0.1909
vn 0.9721 0.1364 0.1910
vn 0.9722 0.1364 0.1905
vn 0.9719 0.1364 0.1918
vn 0.9718 0.1366 0.1920
vn 0.9719 0.1365 0.1917
vn 0.9719 0.1367 0.1916
vn 0.9721 0.1364 0.1907
vn 0.9720 0.1364 0.1914
vn 0.9720 0.1365 0.1913
vn 0.9722 0.1364 0.1906
vn 0.9722 0.1362 0.1903
vn 0.9720 0.1366 0.1912
vn 0.9720 0.1365 0.1911
vn 0.9719 0.1367 0.1915
vn 0.9720 0.1362 0.1917
vn 0.9719 0.1366 0.1916
vn 0.9720 0.1366 0.1913
vn 0.9720 0.1363 0.1917
vn 0.9721 0.1364 0.1911
vn 0.9721 0.1365 0.1909
vn 0.9721 0.1365 0.1910
vn 0.9722 0.1365 0.1903
vn 0.9719 0.1378 0.1910
vn -0.9722 -0.1362 -0.1906
vn -0.9721 -0.1365 -0.1909
vn -0.9721 -0.1364 -0.1909
vn -0.9722 -0.1363 -0.1905
vn -0.9720 -0.1365 -0.1911
vn -0.9716 -0.1374 -0.1925
vn -0.9718 -0.1368 -0.1919
vn -0.9719 -0.1367 -0.1914
vn -0.9720 -0.1363 -0.1915
vn -0.9720 -0.1366 -0.1912
vn -0.9721 -0.1365 -0.1907
vn -0.9717 -0.1368 -0.1924
vn -0.9719 -0.1366 -0.1914
vn -0.9719 -0.1367 -0.1917
vn -0.9720 -0.1364 -0.1911
vn -0.9720 -0.1364 -0.1914
vn -0.9720 -0.1365 -0.1913
vn -0.9721 -0.1365 -0.1908
vn -0.9720 -0.1362 -0.1915
vn -0.9721 -0.1364 -0.1906
vn -0.9721 -0.1366 -0.1909
vn -0.9722 -0.1364 -0.1902
vn -0.9723 -0.1362 -0.1899
vn -0.9718 -0.1365 -0.1921
vn 0.0759 -0.9228 0.3778
vn 0.0760 -0.9226 0.3783
vn 0.0759 -0.9227 0.3779
vn 0.0760 -0.9225 0.3785
vn 0.2366 -0.7313 -0.6397
vn 0.2366 -0.7314 -0.6396
vn 0.2366 -0.7314 -0.6395
vn -0.0993 -0.4321 0.8963
vn -0.0996 -0.4322 0.8963
vn -0.0993 -0.4322 0.8963
vn 0.1351 -0.9843 0.1139
vn 0.1350 -0.9842 0.1145
vn 0.1351 -0.9843 0.1140
vn 0.1350 -0.9842 0.1146
vn -0.1773 -0.0470 0.9830
vn -0.1770 -0.0467 0.9831
vn -0.1769 -0.0467 0.9831
vn -0.1717 0.9816 0.0836
vn -0.1716 0.9817 0.0832
vn -0.1716 0.9817 0.0831
vn -0.0997 -0.4340 0.8954
vn -0.0993 -0.4341 0.8954
vn -0.0993 -0.4342 0.8953
vn -0.1423 -0.2397 0.9604
vn -0.1424 -0.2398 0.9603
vn -0.1423 -0.2397 0.9603
vn -0.0389 -0.6523 0.7569
vn -0.0390 -0.6519 0.7573
vn -0.0391 -0.6520 0.7572
vn -0.0390 -0.6518 0.7574
vn -0.1038 -0.4158 0.9035
vn -0.1041 -0.4156 0.9036
vn -0.1040 -0.4155 0.9036
vn 0.2356 -0.7239 -0.6485
vn 0.2353 -0.7242 -0.6482
vn 0.2358 -0.7242 -0.6481
vn 0.2352 -0.7242 -0.6482
vn -0.0960 -0.4498 0.8879
vn -0.0960 -0.4496 0.8881
vn -0.0963 -0.4496 0.8880
vn -0.0960 -0.4495 0.8881
vn -0.1771 -0.0475 0.9830
vn -0.1365 0.9853 -0.1029
vn -0.1361 0.9853 -0.1030
vn -0.1357 0.9854 -0.1032
vn -0.1353 0.9854 -0.1033
vn 0.2288 -0.3938 -0.8903
vn 0.2295 -0.3942 -0.8899
vn 0.2289 -0.3939 -0.8902
vn 0.2296 -0.3943 -0.8899
vn 0.1078 0.3969 -0.9115
vn 0.1085 0.3965 -0.9116
vn 0.1082 0.3966 -0.9116
vn 0.1086 0.3964 -0.9116
vn -0.1856 0.0030 0.9826
vn -0.1849 0.0028 0.9828
vn -0.1852 0.0029 0.9827
vn -0.1844 0.0028 0.9828
vn -0.1312 0.9827 -0.1308
vn -0.1309 0.9827 -0.1313
vn -0.1311 0.9827 -0.1309
vn -0.1308 0.9827 -0.1314
vn 0.1613 0.1392 -0.9770
vn 0.1613 0.1391 -0.9770
vn 0.1348 0.2760 -0.9517
vn 0.2103 -0.1886 -0.9593
vn 0.2101 -0.1882 -0.9594
vn 0.2102 -0.1885 -0.9593
vn 0.2100 -0.1884 -0.9594
vn 0.2379 -0.5571 -0.7956
vn 0.2384 -0.5571 -0.7955
vn 0.2379 -0.5572 -0.7955
vn 0.2386 -0.5571 -0.7954
vn 0.1693 0.0936 -0.9811
vn 0.0420 0.6401 -0.7672
vn 0.0422 0.6399 -0.7673
vn 0.0421 0.6400 -0.7672
vn 0.0422 0.6398 -0.7673
vn -0.0124 0.7936 -0.6083
vn -0.0122 0.7933 -0.6087
vn -0.0124 0.7935 -0.6084
vn -0.0121 0.7933 -0.6087
vn 0.1106 0.3833 -0.9170
vn 0.1111 0.3830 -0.9171
vn 0.1115 0.3828 -0.9171
vn 0.2212 -0.2873 -0.9319
vn 0.2209 -0.2874 -0.9320
vn 0.2209 -0.2875 -0.9320
vn 0.2204 -0.2875 -0.9321
vn 0.1439 -0.9869 0.0724
vn 0.1440 -0.9869 0.0728
vn 0.1440 -0.9869 0.0725
vn 0.1440 -0.9869 0.0729
vn 0.2341 -0.7656 -0.5992
vn 0.2348 -0.7654 -0.5991
vn 0.2343 -0.7655 -0.5992
vn 0.2353 -0.7653 -0.5991
vn 0.9740 0.1361 0.1812
vn 0.9739 0.1360 0.1819
vn 0.9740 0.1360 0.1813
vn 0.9741 0.1360 0.1807
vn 0.9739 0.1360 0.1816
vn 0.9742 0.1358 0.1802
vn 0.9739 0.1361 0.1814
vn 0.9739 0.1359 0.1817
vn 0.9739 0.1364 0.1814
vn 0.9740 0.1360 0.1812
vn 0.9742 0.1358 0.1805
vn 0.9740 0.1360 0.1809
vn 0.9743 0.1356 0.1798
vn 0.9741 0.1359 0.1809
vn 0.9738 0.1363 0.1822
vn 0.9741 0.1362 0.1805
vn 0.9739 0.1361 0.1817
vn 0.9741 0.1358 0.1809
vn 0.9742 0.1359 0.1803
vn 0.9741 0.1359 0.1807
vn 0.9741 0.1358 0.1806
vn 0.9741 0.1360 0.1808
vn 0.9741 0.1360 0.1805
vn 0.9742 0.1359 0.1804
vn 0.9743 0.1352 0.1802
vn -0.9740 -0.1355 -0.1814
vn -0.9740 -0.1358 -0.1813
vn -0.9739 -0.1362 -0.1816
vn -0.9741 -0.1358 -0.1810
vn -0.9739 -0.1361 -0.1817
vn -0.9739 -0.1363 -0.1817
vn -0.9737 -0.1365 -0.1825
vn -0.9739 -0.1363 -0.1816
vn -0.9740 -0.1361 -0.1814
vn -0.9740 -0.1359 -0.1811
vn -0.9740 -0.1360 -0.1812
vn -0.9743 -0.1355 -0.1801
vn -0.9741 -0.1358 -0.1808
vn -0.9742 -0.1355 -0.1805
vn -0.9740 -0.1359 -0.1812
vn -0.9739 -0.1361 -0.1815
vn -0.9740 -0.1358 -0.1811
vn -0.9741 -0.1357 -0.1809
vn -0.9740 -0.1361 -0.1810
vn -0.9742 -0.1357 -0.1805
vn -0.9741 -0.1359 -0.1809
vn -0.9741 -0.1359 -0.1808
vn -0.9741 -0.1361 -0.1807
vn -0.0814 -0.4591 0.8846
vn -0.0822 -0.4591 0.8846
vn -0.0822 -0.4590 0.8846
vn -0.0828 -0.4587 0.8847
vn -0.0139 -0.6923 0.7215
vn -0.0140 -0.6920 0.7218
vn -0.0141 -0.6920 0.7217
vn -0.0140 -0.6919 0.7218
vn -0.1744 -0.0146 0.9846
vn -0.1744 -0.0147 0.9846
vn -0.1740 -0.0146 0.9846
vn -0.1564 -0.1171 0.9807
vn -0.1565 -0.1172 0.9807
vn -0.1568 -0.1171 0.9807
vn -0.0381 -0.6183 0.7850
vn -0.0382 -0.6184 0.7849
vn -0.0380 -0.6182 0.7851
vn 0.2273 -0.8406 -0.4916
vn 0.2276 -0.8409 -0.4910
vn 0.2274 -0.8408 -0.4913
vn 0.2271 -0.8411 -0.4910
vn -0.0406 -0.6100 0.7914
vn -0.0408 -0.6098 0.7915
vn -0.0406 -0.6099 0.7914
vn -0.1870 0.0616 0.9804
vn -0.1862 0.0618 0.9806
vn -0.1852 0.0616 0.9808
vn -0.2235 0.3898 0.8934
vn -0.2246 0.3896 0.8932
vn -0.2252 0.3895 0.8931
vn -0.2039 0.1862 0.9611
vn -0.2026 0.1865 0.9613
vn -0.2033 0.1864 0.9612
vn -0.2019 0.1867 0.9614
vn -0.1290 0.9745 -0.1835
vn -0.1287 0.9745 -0.1836
vn -0.1284 0.9746 -0.1837
vn -0.1281 0.9746 -0.1838
vn 0.2355 -0.7610 -0.6045
vn 0.2350 -0.7614 -0.6042
vn 0.2354 -0.7611 -0.6044
vn 0.2351 -0.7615 -0.6041
vn 0.1880 -0.9709 -0.1485
vn 0.1878 -0.9709 -0.1485
vn 0.1878 -0.9709 -0.1487
vn 0.1510 0.1498 -0.9771
vn 0.1503 0.1501 -0.9772
vn 0.1504 0.1497 -0.9772
vn 0.1499 0.1501 -0.9772
vn -0.1820 0.9770 0.1112
vn -0.1828 0.9767 0.1121
vn -0.0744 0.9031 -0.4229
vn -0.0742 0.9030 -0.4231
vn -0.2362 0.5910 0.7713
vn -0.2369 0.5941 0.7687
vn -0.2221 0.3580 0.9069
vn -0.2225 0.3581 0.9068
vn -0.2159 0.2974 0.9300
vn -0.2166 0.2971 0.9300
vn -0.2134 0.2687 0.9393
vn -0.2134 0.2699 0.9389
vn -0.2120 0.2532 0.9439
vn -0.2117 0.2535 0.9439
vn -0.2106 0.2437 0.9467
vn -0.2103 0.2440 0.9467
vn -0.2128 0.2607 0.9417
vn -0.2119 0.2606 0.9419
vn -0.2169 0.3018 0.9284
vn -0.2162 0.3011 0.9287
vn -0.2198 0.3313 0.9176
vn -0.2195 0.3308 0.9178
vn -0.2210 0.3441 0.9126
vn -0.2213 0.3451 0.9121
vn -0.2214 0.3528 0.9091
vn -0.2218 0.3524 0.9092
vn -0.2223 0.3573 0.9071
vn -0.2223 0.3568 0.9073
vn -0.2222 0.3588 0.9066
vn -0.2225 0.3596 0.9062
vn -0.2223 0.3588 0.9066
vn -0.2227 0.3607 0.9057
vn -0.1281 0.9733 -0.1905
vn -0.1279 0.9733 -0.1907
vn -0.1277 0.9733 -0.1909
vn 0.2377 -0.6126 -0.7538
vn 0.2374 -0.6126 -0.7539
vn 0.2375 -0.6127 -0.7538
vn 0.2015 -0.1683 -0.9649
vn 0.2018 -0.1680 -0.9649
vn 0.2013 -0.1681 -0.9650
vn 0.2023 -0.1680 -0.9648
vn 0.1501 0.1508 -0.9771
vn 0.1505 0.1507 -0.9771
vn 0.1504 0.1507 -0.9771
vn 0.2382 -0.6493 -0.7222
vn 0.2384 -0.6494 -0.7221
vn 0.2383 -0.6494 -0.7221
vn 0.2385 -0.6495 -0.7220
vn 0.1512 0.1479 -0.9774
vn 0.1509 0.1480 -0.9774
vn 0.1512 0.1477 -0.9774
vn 0.1507 0.1477 -0.9775
vn -0.2326 0.8138 0.5327
vn -0.2319 0.8141 0.5324
vn -0.2324 0.8138 0.5327
vn -0.2315 0.8142 0.5324
vn 0.1424 0.1947 -0.9705
vn 0.1414 0.1952 -0.9705
vn 0.1417 0.1950 -0.9705
vn 0.1410 0.1954 -0.9705
vn -0.0314 0.8114 -0.5837
vn -0.0311 0.8110 -0.5842
vn -0.0313 0.8114 -0.5837
vn -0.0310 0.8110 -0.5843
vn 0.1919 -0.0909 -0.9772
vn 0.1901 -0.0908 -0.9776
vn 0.1915 -0.0908 -0.9773
vn 0.1897 -0.0907 -0.9777
vn 0.2246 -0.3803 -0.8972
vn 0.2250 -0.3801 -0.8972
vn 0.2248 -0.3802 -0.8972
vn 0.2251 -0.3799 -0.8972
vn 0.1774 -0.9813 -0.0740
vn 0.1780 -0.9813 -0.0739
vn 0.1775 -0.9813 -0.0741
vn -0.0236 -0.6617 0.7494
vn -0.0235 -0.6621 0.7491
vn -0.0231 -0.6620 0.7491
vn -0.0236 -0.6620 0.7492
vn 0.2339 -0.5069 -0.8296
vn 0.2338 -0.5073 -0.8294
vn 0.2335 -0.5071 -0.8297
vn 0.1613 -0.9867 0.0214
vn 0.1615 -0.9866 0.0218
vn 0.1615 -0.9866 0.0217
vn 0.2352 -0.5076 -0.8289
vn 0.2343 -0.5078 -0.8290
vn 0.2346 -0.5077 -0.8289
vn 0.2342 -0.5077 -0.8291
vn -0.0482 -0.5839 0.8104
vn -0.0473 -0.5841 0.8103
vn -0.0479 -0.5841 0.8103
vn -0.0470 -0.5841 0.8103
vn 0.9759 0.1357 0.1711
vn 0.9758 0.1358 0.1714
vn 0.9759 0.1359 0.1709
vn 0.9759 0.1359 0.1707
vn 0.9758 0.1360 0.1714
vn 0.9758 0.1356 0.1715
vn 0.9760 0.1349 0.1707
vn 0.9764 0.1351 0.1682
vn 0.9755 0.1365 0.1728
vn 0.9764 0.1352 0.1684
vn 0.9757 0.1364 0.1715
vn 0.9761 0.1370 0.1684
vn 0.9760 0.1356 0.1703
vn 0.9759 0.1357 0.1708
vn 0.9758 0.1360 0.1711
vn 0.9761 0.1344 0.1708
vn 0.9758 0.1360 0.1710
vn 0.9756 0.1363 0.1720
vn 0.9760 0.1358 0.1704
vn 0.9759 0.1347 0.1718
vn 0.9758 0.1359 0.1713
vn 0.9758 0.1363 0.1709
vn 0.9759 0.1361 0.1708
vn 0.9759 0.1355 0.1709
vn 0.9758 0.1359 0.1715
vn 0.9758 0.1359 0.1711
vn 0.9756 0.1362 0.1719
vn 0.9756 0.1364 0.1720
vn 0.9753 0.1366 0.1736
vn 0.9759 0.1360 0.1708
vn 0.9750 0.1382 0.1742
vn 0.9751 0.1379 0.1734
vn 0.9759 0.1358 0.1708
vn 0.9759 0.1359 0.1706
vn 0.9758 0.1362 0.1709
vn 0.9763 0.1351 0.1688
vn 0.9751 0.1367 0.1745
vn 0.9764 0.1350 0.1687
vn 0.9759 0.1358 0.1709
vn 0.9761 0.1356 0.1697
vn 0.9759 0.1352 0.1710
vn -0.9757 -0.1359 -0.1719
vn -0.9757 -0.1358 -0.1717
vn -0.9757 -0.1363 -0.1717
vn -0.9758 -0.1360 -0.1714
vn -0.9756 -0.1361 -0.1724
vn -0.9757 -0.1360 -0.1719
vn -0.9756 -0.1360 -0.1725
vn -0.9756 -0.1359 -0.1727
vn -0.9758 -0.1354 -0.1715
vn -0.9752 -0.1374 -0.1735
vn -0.9758 -0.1367 -0.1709
vn -0.9753 -0.1359 -0.1743
vn -0.9764 -0.1340 -0.1693
vn -0.9756 -0.1364 -0.1723
vn -0.9753 -0.1367 -0.1735
vn -0.9757 -0.1361 -0.1718
vn -0.9763 -0.1351 -0.1692
vn -0.9760 -0.1358 -0.1705
vn -0.9758 -0.1359 -0.1713
vn -0.9759 -0.1359 -0.1709
vn -0.9759 -0.1358 -0.1710
vn -0.9757 -0.1362 -0.1717
vn -0.9756 -0.1361 -0.1725
vn -0.9756 -0.1362 -0.1722
vn -0.9753 -0.1362 -0.1738
vn -0.9758 -0.1357 -0.1714
vn -0.9757 -0.1366 -0.1716
vn -0.9762 -0.1361 -0.1687
vn -0.9759 -0.1362 -0.1703
vn -0.9746 -0.1374 -0.1768
vn -0.9757 -0.1362 -0.1718
vn -0.9747 -0.1374 -0.1765
vn -0.9755 -0.1365 -0.1726
vn -0.9761 -0.1357 -0.1698
vn -0.9707 -0.1431 -0.1929
vn -0.9750 -0.1370 -0.1747
vn -0.9757 -0.1358 -0.1718
vn -0.9755 -0.1367 -0.1726
vn -0.9754 -0.1385 -0.1717
vn -0.2479 0.6305 0.7355
vn -0.2478 0.6306 0.7355
vn -0.2479 0.6306 0.7355
vn -0.2478 0.6307 0.7354
vn -0.1095 -0.3723 0.9216
vn -0.1102 -0.3722 0.9216
vn -0.1097 -0.3722 0.9216
vn -0.1671 -0.1073 0.9801
vn -0.1671 -0.1060 0.9802
vn -0.1671 -0.1072 0.9801
vn 0.0272 -0.8066 0.5904
vn 0.0270 -0.8063 0.5908
vn 0.0270 -0.8063 0.5909
vn -0.2405 0.4702 0.8492
vn -0.2409 0.4704 0.8489
vn -0.2406 0.4703 0.8491
vn -0.2413 0.4705 0.8488
vn -0.1082 -0.3802 0.9186
vn -0.1082 -0.3803 0.9185
vn -0.1566 -0.1592 0.9747
vn -0.1569 -0.1589 0.9747
vn -0.1565 -0.1591 0.9748
vn -0.1568 -0.1587 0.9748
vn -0.2467 0.6187 0.7459
vn -0.2468 0.6187 0.7459
vn -0.2469 0.6187 0.7459
vn -0.1744 -0.0648 0.9825
vn -0.1744 -0.0649 0.9825
vn -0.0548 -0.5794 0.8132
vn -0.0546 -0.5792 0.8134
vn -0.0545 -0.5791 0.8134
vn -0.0543 -0.5789 0.8136
vn -0.1238 0.9669 -0.2232
vn -0.1235 0.9669 -0.2233
vn -0.1233 0.9669 -0.2234
vn -0.1231 0.9669 -0.2235
vn 0.1658 0.1122 -0.9798
vn 0.1659 0.1121 -0.9797
vn 0.1660 0.1121 -0.9797
vn 0.1661 0.1120 -0.9797
vn -0.1094 0.9512 -0.2884
vn -0.1092 0.9512 -0.2887
vn -0.1093 0.9512 -0.2885
vn -0.1089 0.9512 -0.2886
vn -0.2259 0.2943 0.9286
vn -0.2259 0.2941 0.9287
vn -0.2261 0.2940 0.9287
vn -0.2258 0.2941 0.9287
vn -0.2445 0.5304 0.8117
vn -0.2450 0.5300 0.8118
vn -0.2446 0.5304 0.8117
vn -0.2451 0.5301 0.8118
vn 0.0370 -0.8290 0.5581
vn 0.0371 -0.8289 0.5582
vn 0.0371 -0.8288 0.5583
vn -0.1240 0.9658 -0.2276
vn -0.1237 0.9659 -0.2276
vn -0.1233 0.9659 -0.2278
vn -0.1230 0.9659 -0.2278
vn 0.1694 -0.9855 0.0021
vn 0.1697 -0.9855 0.0024
vn 0.1697 -0.9855 0.0025
vn 0.1695 -0.9855 0.0027
vn 0.2470 -0.5587 -0.7917
vn 0.2461 -0.5592 -0.7917
vn 0.2454 -0.5595 -0.7916
vn 0.1930 -0.0453 -0.9801
vn 0.1935 -0.0453 -0.9801
vn 0.1932 -0.0455 -0.9801
vn 0.2448 -0.5388 -0.8061
vn 0.2455 -0.5387 -0.8060
vn 0.2455 -0.5387 -0.8059
vn 0.2458 -0.5389 -0.8058
vn 0.0621 0.5476 -0.8344
vn 0.0640 0.5468 -0.8348
vn 0.0626 0.5474 -0.8345
vn 0.0646 0.5466 -0.8349
vn -0.2458 0.5678 0.7856
vn -0.2467 0.5678 0.7853
vn -0.2460 0.5679 0.7855
vn -0.2469 0.5677 0.7853
vn 0.1044 0.3951 -0.9127
vn 0.1042 0.3953 -0.9126
vn 0.1043 0.3952 -0.9127
vn -0.2354 0.8597 0.4533
vn -0.2345 0.8604 0.4525
vn -0.2352 0.8599 0.4531
vn -0.2343 0.8606 0.4522
vn 0.1327 0.2759 -0.9520
vn 0.1331 0.2753 -0.9521
vn 0.1328 0.2757 -0.9520
vn 0.1334 0.2751 -0.9521
vn 0.2487 -0.6664 -0.7029
vn 0.2484 -0.6666 -0.7028
vn 0.2484 -0.6667 -0.7027
vn 0.2487 -0.6663 -0.7030
vn 0.2061 -0.1351 -0.9692
vn 0.2062 -0.1345 -0.9692
vn 0.2061 -0.1350 -0.9692
vn 0.2061 -0.1344 -0.9693
vn 0.2465 -0.6279 -0.7383
vn 0.2486 -0.6271 -0.7382
vn 0.2472 -0.6276 -0.7383
vn 0.2491 -0.6269 -0.7382
vn 0.1411 -0.9786 0.1496
vn 0.1411 -0.9786 0.1500
vn 0.1408 -0.9787 0.1497
vn 0.1411 -0.9785 0.1501
vn -0.0070 -0.7195 0.6944
vn -0.0069 -0.7188 0.6952
vn -0.0070 -0.7195 0.6945
vn -0.0071 -0.7186 0.6954
vn 0.2438 -0.7795 -0.5769
vn 0.2440 -0.7792 -0.5773
vn 0.2438 -0.7795 -0.5770
vn 0.0273 -0.8054 0.5920
vn 0.0271 -0.8052 0.5923
vn 0.0272 -0.8052 0.5924
vn 0.0271 -0.8050 0.5926
vn 0.2015 -0.9615 -0.1867
vn -0.1556 -0.1623 0.9744
vn -0.1563 -0.1620 0.9743
vn -0.1564 -0.1618 0.9744
vn 0.1642 -0.9859 0.0313
vn 0.1641 -0.9859 0.0320
vn 0.1641 -0.9859 0.0318
vn 0.1642 -0.9859 0.0321
vn -0.1882 0.0118 0.9821
vn -0.1874 0.0113 0.9822
vn -0.1880 0.0117 0.9821
vn -0.1873 0.0114 0.9822
vn 0.9739 0.1373 0.1806
vn 0.9740 0.1371 0.1804
vn 0.9740 0.1375 0.1802
vn 0.9739 0.1378 0.1802
vn 0.9741 0.1373 0.1798
vn 0.9741 0.1376 0.1797
vn 0.9741 0.1374 0.1794
vn 0.9741 0.1374 0.1798
vn 0.9742 0.1371 0.1792
vn 0.9741 0.1372 0.1799
vn 0.9739 0.1374 0.1804
vn 0.9743 0.1370 0.1788
vn 0.9739 0.1376 0.1804
vn 0.9740 0.1374 0.1800
vn 0.9743 0.1371 0.1785
vn 0.9745 0.1365 0.1782
vn 0.9741 0.1375 0.1794
vn 0.9740 0.1372 0.1800
vn 0.9741 0.1367 0.1803
vn 0.9739 0.1374 0.1807
vn 0.9741 0.1375 0.1793
vn 0.9740 0.1386 0.1795
vn 0.9741 0.1373 0.1794
vn 0.9744 0.1365 0.1788
vn 0.9741 0.1374 0.1796
vn 0.9741 0.1375 0.1795
vn 0.9742 0.1373 0.1793
vn 0.9737 0.1372 0.1817
vn 0.9740 0.1379 0.1797
vn 0.9741 0.1374 0.1797
vn 0.9742 0.1379 0.1785
vn 0.9744 0.1372 0.1783
vn 0.9740 0.1399 0.1781
vn -0.9738 -0.1370 -0.1813
vn -0.9738 -0.1374 -0.1813
vn -0.9738 -0.1369 -0.1815
vn -0.9737 -0.1372 -0.1818
vn -0.9738 -0.1377 -0.1809
vn -0.9740 -0.1376 -0.1802
vn -0.9738 -0.1381 -0.1808
vn -0.9739 -0.1375 -0.1804
vn -0.9743 -0.1372 -0.1789
vn -0.9737 -0.1377 -0.1813
vn -0.9735 -0.1381 -0.1820
vn -0.9738 -0.1375 -0.1809
vn -0.9736 -0.1379 -0.1819
vn -0.9745 -0.1360 -0.1787
vn -0.9744 -0.1366 -0.1784
vn -0.9738 -0.1379 -0.1810
vn -0.9742 -0.1377 -0.1791
vn -0.9740 -0.1376 -0.1801
vn -0.9739 -0.1375 -0.1805
vn -0.9738 -0.1380 -0.1805
vn -0.9738 -0.1379 -0.1806
vn -0.9738 -0.1376 -0.1809
vn -0.9742 -0.1372 -0.1794
vn -0.9738 -0.1377 -0.1807
vn -0.9740 -0.1373 -0.1802
vn -0.9738 -0.1376 -0.1810
vn -0.9739 -0.1370 -0.1810
vn -0.9739 -0.1377 -0.1807
vn -0.9740 -0.1374 -0.1799
vn -0.9737 -0.1379 -0.1812
vn -0.9740 -0.1370 -0.1804
vn -0.9735 -0.1393 -0.1812
vn -0.9739 -0.1373 -0.1807
vn 0.1472 -0.9891 -0.0099
vn 0.1473 -0.9891 -0.0096
vn 0.1472 -0.9891 -0.0098
vn 0.1473 -0.9890 -0.0095
vn 0.0053 -0.8352 0.5499
vn 0.0054 -0.8351 0.5501
vn 0.0053 -0.8351 0.5500
vn 0.0054 -0.8350 0.5502
vn -0.1320 -0.4098 0.9026
vn -0.1320 -0.4099 0.9025
vn -0.1317 -0.4099 0.9026
vn -0.2146 0.0484 0.9755
vn -0.2146 0.0483 0.9755
vn -0.2498 0.5908 0.7672
vn -0.2497 0.5909 0.7671
vn -0.2235 0.1249 0.9667
vn -0.2239 0.1250 0.9666
vn -0.2476 0.6639 0.7056
vn -0.2475 0.6641 0.7055
vn -0.2475 0.6640 0.7056
vn -0.2474 0.6642 0.7055
vn -0.1333 -0.4038 0.9051
vn -0.1333 -0.4040 0.9050
vn -0.1331 -0.4043 0.9049
vn 0.2262 -0.8482 -0.4789
vn 0.2262 -0.8484 -0.4785
vn 0.2262 -0.8483 -0.4788
vn 0.2262 -0.8485 -0.4785
vn -0.0321 -0.7463 0.6648
vn -0.0321 -0.7462 0.6650
vn -0.0321 -0.7463 0.6649
vn -0.1434 -0.3605 0.9217
vn -0.1433 -0.3602 0.9218
vn -0.1434 -0.3604 0.9217
vn -0.1876 -0.1332 0.9732
vn -0.1752 -0.2029 0.9634
vn -0.1753 -0.2029 0.9634
vn -0.1753 -0.2030 0.9634
vn -0.1393 0.9897 -0.0325
vn -0.1390 0.9898 -0.0325
vn -0.1381 0.9899 -0.0326
vn -0.1378 0.9899 -0.0326
vn 0.1812 0.1670 -0.9692
vn 0.1816 0.1670 -0.9691
vn 0.1816 0.1669 -0.9691
vn 0.0555 0.6779 -0.7330
vn 0.0556 0.6778 -0.7331
vn 0.0556 0.6779 -0.7331
vn 0.0557 0.6778 -0.7332
vn -0.0726 0.9448 -0.3195
vn -0.0723 0.9447 -0.3199
vn -0.0724 0.9447 -0.3197
vn -0.0720 0.9447 -0.3201
vn -0.2515 0.5546 0.7932
vn -0.2517 0.5550 0.7929
vn -0.0781 0.9511 -0.2988
vn -0.0779 0.9510 -0.2993
vn -0.0781 0.9511 -0.2989
vn -0.0778 0.9510 -0.2994
vn 0.1406 0.3691 -0.9187
vn 0.1406 0.3689 -0.9188
vn 0.0305 0.7449 -0.6664
vn 0.0308 0.7447 -0.6667
vn 0.0306 0.7448 -0.6666
vn 0.0309 0.7446 -0.6668
vn 0.2344 -0.2176 -0.9475
vn 0.2342 -0.2173 -0.9476
vn 0.2343 -0.2175 -0.9475
vn 0.2342 -0.2172 -0.9476
vn 0.2043 0.0251 -0.9786
vn 0.2047 0.0248 -0.9785
vn 0.2047 0.0249 -0.9785
vn 0.2516 -0.5928 -0.7650
vn 0.2517 -0.5929 -0.7649
vn 0.2517 -0.5930 -0.7649
vn 0.0781 -0.9507 0.3002
vn 0.0781 -0.9505 0.3009
vn 0.0781 -0.9506 0.3004
vn 0.0781 -0.9504 0.3010
vn 0.0447 -0.9046 0.4238
vn 0.0447 -0.9044 0.4244
vn 0.0447 -0.9046 0.4239
vn 0.0447 -0.9043 0.4245
vn 0.1249 -0.9867 0.1038
vn 0.1249 -0.9867 0.1044
vn 0.1249 -0.9867 0.1039
vn 0.1249 -0.9866 0.1045
vn 0.2439 -0.3389 -0.9087
vn 0.2440 -0.3389 -0.9086
vn 0.1717 0.2167 -0.9610
vn 0.1722 0.2167 -0.9609
vn 0.1723 0.2166 -0.9609
vn 0.2452 -0.3377 -0.9088
vn 0.2449 -0.3378 -0.9088
vn 0.2437 -0.3380 -0.9091
vn 0.2436 -0.3380 -0.9091
vn 0.2521 -0.6072 -0.7535
vn 0.2515 -0.6074 -0.7536
vn 0.2512 -0.6075 -0.7535
vn 0.2505 -0.6078 -0.7536
vn 0.2412 -0.7742 -0.5851
vn 0.2406 -0.7746 -0.5849
vn 0.2399 -0.7749 -0.5848
vn 0.2401 -0.7750 -0.5846
vn -0.2509 0.5746 0.7791
vn -0.2510 0.5743 0.7792
vn -0.2522 0.5739 0.7791
vn -0.2526 0.5738 0.7791
vn -0.2283 0.1423 0.9631
vn -0.2278 0.1423 0.9633
vn -0.2268 0.1424 0.9635
vn -0.2260 0.1426 0.9636
vn 0.1503 -0.9885 -0.0187
vn 0.1508 -0.9884 -0.0189
vn 0.1511 -0.9883 -0.0187
vn 0.1516 -0.9883 -0.0189
vn 0.2478 -0.6752 -0.6948
vn 0.2224 -0.1166 -0.9680
vn 0.2226 -0.1167 -0.9679
vn 0.2232 -0.1167 -0.9678
vn 0.2234 -0.1167 -0.9677
vn 0.1178 0.4680 -0.8759
vn 0.1171 0.4681 -0.8759
vn 0.1160 0.4684 -0.8759
vn 0.1154 0.4686 -0.8758
vn -0.0981 0.9707 -0.2196
vn -0.0980 0.9707 -0.2196
vn -0.0976 0.9707 -0.2196
vn -0.0975 0.9707 -0.2196
vn 0.2206 -0.8872 -0.4051
vn 0.2193 -0.8878 -0.4046
vn 0.2192 -0.8878 -0.4046
vn 0.2179 -0.8884 -0.4041
vn 0.1044 -0.9759 0.1916
vn 0.1046 -0.9759 0.1917
vn 0.1045 -0.9758 0.1920
vn -0.0331 -0.7416 0.6701
vn -0.0327 -0.7417 0.6699
vn -0.0319 -0.7418 0.6699
vn -0.0313 -0.7419 0.6698
vn -0.1417 -0.3722 0.9173
vn -0.1412 -0.3723 0.9173
vn -0.1403 -0.3727 0.9173
vn -0.1396 -0.3726 0.9174
vn -0.2331 0.2191 0.9475
vn -0.2335 0.2190 0.9474
vn -0.2338 0.2189 0.9473
vn -0.2345 0.2187 0.9472
vn -0.2501 0.6654 0.7033
vn -0.2495 0.6657 0.7033
vn -0.2480 0.6662 0.7033
vn -0.2477 0.6664 0.7033
vn -0.2417 0.3091 0.9198
vn -0.2417 0.3087 0.9199
vn -0.2417 0.3089 0.9199
vn -0.2412 0.3085 0.9201
vn 0.0931 -0.9671 0.2366
vn 0.0931 -0.9670 0.2371
vn 0.0931 -0.9671 0.2367
vn 0.0931 -0.9670 0.2372
vn 0.1603 -0.9847 -0.0681
vn 0.1604 -0.9847 -0.0676
vn 0.1603 -0.9847 -0.0679
vn 0.1605 -0.9847 -0.0673
vn 0.2473 -0.6850 -0.6853
vn 0.2472 -0.6852 -0.6851
vn 0.1960 -0.9439 -0.2658
vn 0.1961 -0.9440 -0.2653
vn 0.1960 -0.9439 -0.2657
vn 0.1961 -0.9441 -0.2651
vn 0.1545 -0.9871 -0.0421
vn 0.1546 -0.9871 -0.0417
vn 0.1545 -0.9871 -0.0419
vn 0.1546 -0.9871 -0.0415
vn 0.2456 -0.7028 -0.6676
vn 0.2457 -0.7029 -0.6675
vn 0.2457 -0.7029 -0.6676
vn 0.1656 -0.9810 -0.1011
vn 0.1658 -0.9810 -0.1008
vn 0.1657 -0.9810 -0.1008
vn 0.1659 -0.9810 -0.1005
vn 0.2346 -0.2280 -0.9450
vn 0.2344 -0.2282 -0.9450
vn 0.9683 0.1398 0.2068
vn 0.9679 0.1400 0.2086
vn 0.9679 0.1401 0.2086
vn 0.9683 0.1399 0.2069
vn 0.9687 0.1389 0.2056
vn 0.9687 0.1394 0.2055
vn 0.9687 0.1391 0.2054
vn 0.9686 0.1392 0.2061
vn 0.9687 0.1393 0.2056
vn 0.9688 0.1392 0.2051
vn 0.9689 0.1391 0.2046
vn 0.8952 -0.3074 0.3228
vn 0.9685 0.1395 0.2061
vn 0.9687 0.1394 0.2052
vn 0.9687 0.1394 0.2053
vn 0.9687 0.1393 0.2052
vn 0.9687 0.1393 0.2053
vn 0.9044 -0.4231 -0.0562
vn 0.9362 -0.3189 0.1478
vn 0.9653 -0.2220 0.1373
vn 0.9483 -0.2100 0.2380
vn 0.9688 0.1393 0.2051
vn 0.9688 0.1394 0.2050
vn 0.9687 0.1392 0.2054
vn 0.9690 0.1392 0.2043
vn 0.9686 0.1396 0.2056
vn 0.9687 0.1395 0.2053
vn 0.9688 0.1393 0.2052
vn 0.9686 0.1394 0.2057
vn 0.9687 0.1394 0.2054
vn 0.9690 0.1391 0.2042
vn 0.9685 0.1396 0.2061
vn 0.9687 0.1392 0.2056
vn 0.9686 0.1395 0.2058
vn 0.9687 0.1391 0.2055
vn 0.9688 0.1392 0.2053
vn -0.9678 -0.1403 -0.2091
vn -0.9687 -0.1392 -0.2054
vn -0.9680 -0.1401 -0.2083
vn -0.9688 -0.1392 -0.2053
vn -0.9686 -0.1398 -0.2055
vn -0.9687 -0.1392 -0.2058
vn -0.9686 -0.1395 -0.2056
vn -0.9687 -0.1393 -0.2056
vn -0.9686 -0.1394 -0.2058
vn -0.9687 -0.1393 -0.2053
vn -0.9687 -0.1394 -0.2053
vn -0.8335 -0.5506 -0.0456
vn -0.9686 -0.1397 -0.2057
vn -0.9687 -0.1394 -0.2054
vn -0.9687 -0.1395 -0.2054
vn -0.6655 -0.6392 -0.3853
vn -0.7998 -0.5587 -0.2195
vn -0.8448 -0.4750 -0.2463
vn -0.8716 -0.4678 -0.1465
vn -0.9687 -0.1395 -0.2053
vn -0.9687 -0.1392 -0.2055
vn -0.9686 -0.1393 -0.2059
vn -0.9686 -0.1391 -0.2059
vn -0.9686 -0.1394 -0.2057
vn -0.9686 -0.1395 -0.2059
vn -0.9689 -0.1391 -0.2047
vn -0.9687 -0.1394 -0.2056
vn -0.9687 -0.1394 -0.2055
vn -0.9686 -0.1395 -0.2058
vn -0.9685 -0.1396 -0.2063
vn -0.9685 -0.1395 -0.2060
vn -0.9686 -0.1393 -0.2058
vn -0.9688 -0.1393 -0.2051
vt 0.014100 0.000000
vt 0.014100 1.000000
vt 0.000000 0.000000
vt 0.000000 1.000000
vt 0.036400 0.000000
vt 0.036400 1.000000
vt 0.054200 0.000000
vt 0.054200 1.000000
vt 0.084300 0.000000
vt 0.084300 1.000000
vt 0.104700 0.000000
vt 0.104700 1.000000
vt 0.126600 0.000000
vt 0.126600 1.000000
vt 0.135100 0.000000
vt 0.135100 1.000000
vt 0.161000 0.000000
vt 0.161000 1.000000
vt 0.170200 0.000000
vt 0.170200 1.000000
vt 0.201700 0.000000
vt 0.201700 1.000000
vt 0.216000 0.000000
vt 0.216000 1.000000
vt 0.222700 0.000000
vt 0.222700 1.000000
vt 0.258100 0.000000
vt 0.258100 1.000000
vt 0.265200 0.000000
vt 0.265200 1.000000
vt 0.278800 0.000000
vt 0.278800 1.000000
vt 0.311300 0.000000
vt 0.311300 1.000000
vt 0.347900 0.000000
vt 0.347900 1.000000
vt 0.362800 0.000000
vt 0.362800 1.000000
vt 0.378900 0.000000
vt 0.378900 1.000000
vt 0.392600 0.000000
vt 0.392600 1.000000
vt 0.471500 0.000000
vt 0.471500 1.000000
vt 0.523900 0.000000
vt 0.523900 1.000000
vt 0.538600 0.000000
vt 0.538600 1.000000
vt 0.598900 0.000000
vt 0.598900 1.000000
vt 0.636900 0.000000
vt 0.636900 1.000000
vt 0.731900 0.000000
vt 0.731900 1.000000
vt 0.758800 0.000000
vt 0.758800 1.000000
vt 0.793700 0.000000
vt 0.793700 1.000000
vt 0.820700 0.000000
vt 0.820700 1.000000
vt 0.842300 0.000000
vt 0.842300 1.000000
vt 0.855500 0.000000
vt 0.855500 1.000000
vt 0.908400 0.000000
vt 0.908400 1.000000
vt 0.923200 0.000000
vt 0.923200 1.000000
vt 0.932600 0.000000
vt 0.932600 1.000000
vt 0.941100 0.000000
vt 0.941100 1.000000
vt 0.959700 0.000000
vt 0.959700 1.000000
vt 0.989700 0.000000
vt 0.989700 1.000000
vt 1.000000 0.000000
vt 1.000000 1.000000
vt 0.296500 0.404400
vt 0.268300 0.418600
vt 0.330400 0.448400
vt 0.532700 0.941600
vt 0.615000 1.000000
vt 0.651200 0.954900
vt 1.000000 0.817600
vt 0.868000 0.646300
vt 0.816800 0.679200
vt 0.024600 0.119000
vt 0.000000 0.252800
vt 0.169600 0.243300
vt 0.094900 0.095100
vt 0.413400 0.656900
vt 0.383000 0.680100
vt 0.479100 0.723500
vt 0.800800 0.001000
vt 0.601600 0.006200
vt 0.652700 0.225400
vt 0.858700 0.348800
vt 0.689500 0.981800
vt 0.792000 0.898300
vt 0.192100 0.291000
vt 0.167500 0.310700
vt 0.348200 0.563700
vt 0.317200 0.589800
vt 0.529200 0.876100
vt 0.596300 0.188600
vt 0.530700 0.001200
vt 0.117600 0.000000
vt 0.070700 0.038300
vt 0.817600 0.443700
vt 0.691200 0.536600
vt 0.724700 0.633000
vt 0.964800 0.866400
vt 0.915900 0.869400
vt 0.429200 0.790000
vt 0.889400 0.894400
vt 0.011900 0.000000
vt 0.011900 1.000000
vt 0.025200 0.000000
vt 0.025200 1.000000
vt 0.038400 0.000000
vt 0.038400 1.000000
vt 0.044100 0.000000
vt 0.044100 1.000000
vt 0.063000 0.000000
vt 0.063000 1.000000
vt 0.075000 0.000000
vt 0.075000 1.000000
vt 0.085600 0.000000
vt 0.085600 1.000000
vt 0.104500 0.000000
vt 0.104500 1.000000
vt 0.129300 0.000000
vt 0.129300 1.000000
vt 0.151500 0.000000
vt 0.151500 1.000000
vt 0.165100 0.000000
vt 0.165100 1.000000
vt 0.187900 0.000000
vt 0.187900 1.000000
vt 0.195400 0.000000
vt 0.195400 1.000000
vt 0.212200 0.000000
vt 0.212200 1.000000
vt 0.230500 0.000000
vt 0.230500 1.000000
vt 0.240900 0.000000
vt 0.240900 1.000000
vt 0.259800 0.000000
vt 0.259800 1.000000
vt 0.277400 0.000000
vt 0.277400 1.000000
vt 0.288100 0.000000
vt 0.288100 1.000000
vt 0.330000 0.000000
vt 0.330000 1.000000
vt 0.345600 0.000000
vt 0.345600 1.000000
vt 0.363100 0.000000
vt 0.363100 1.000000
vt 0.394400 0.000000
vt 0.394400 1.000000
vt 0.403300 0.000000
vt 0.403300 1.000000
vt 0.432800 0.000000
vt 0.432800 1.000000
vt 0.443900 0.000000
vt 0.443900 1.000000
vt 0.454800 0.000000
vt 0.454800 1.000000
vt 0.478700 0.000000
vt 0.478700 1.000000
vt 0.543300 0.000000
vt 0.543300 1.000000
vt 0.551500 0.000000
vt 0.551500 1.000000
vt 0.621900 0.000000
vt 0.621900 1.000000
vt 0.637100 0.000000
vt 0.637100 1.000000
vt 0.687000 0.000000
vt 0.687000 1.000000
vt 0.720600 0.000000
vt 0.720600 1.000000
vt 0.817300 0.000000
vt 0.817300 1.000000
vt 0.864600 0.000000
vt 0.864600 1.000000
vt 0.905700 0.000000
vt 0.905700 1.000000
vt 0.926900 0.000000
vt 0.926900 1.000000
vt 0.944800 0.000000
vt 0.944800 1.000000
vt 0.967700 0.000000
vt 0.967700 1.000000
vt 0.980400 0.000000
vt 0.980400 1.000000
vt 0.356900 0.000000
vt 0.000000 0.001900
vt 0.124400 0.033800
vt 0.149500 0.303700
vt 0.056600 0.283600
vt 0.087800 0.340100
vt 0.540700 0.904400
vt 0.561000 1.000000
vt 0.639100 0.951300
vt 0.924300 0.701400
vt 0.873800 0.641200
vt 0.820000 0.714400
vt 0.124400 0.076400
vt 0.063100 0.074900
vt 0.113600 0.184000
vt 0.674600 0.984500
vt 0.710800 0.945300
vt 0.814800 0.939100
vt 0.803000 0.918400
vt 0.271100 0.440400
vt 0.067400 0.196400
vt 0.348300 0.574000
vt 0.307300 0.602500
vt 0.386900 0.646800
vt 0.932000 0.790700
vt 0.361900 0.032100
vt 0.753200 0.028000
vt 0.567700 0.033600
vt 0.600900 0.227100
vt 0.828700 0.401600
vt 0.548000 0.273100
vt 0.252200 0.480000
vt 0.344900 0.500500
vt 0.434800 0.702800
vt 0.413100 0.727700
vt 0.520400 0.774300
vt 0.984200 0.878200
vt 1.000000 0.802400
vt 0.918900 0.882900
vt 0.721600 0.569600
vt 0.875500 0.924700
vt 0.494000 0.823900
vt 0.123400 0.000500
vt 0.123400 0.999500
vt 0.077100 0.000500
vt 0.077100 0.999500
vt 0.235200 0.000500
vt 0.235200 0.999500
vt 0.331600 0.000500
vt 0.331600 0.999500
vt 0.520100 0.000500
vt 0.520100 0.999500
vt 0.687200 0.000500
vt 0.687200 0.999500
vt 0.651100 0.000500
vt 0.651100 0.999500
vt 0.664700 0.000500
vt 0.664700 0.999500
vt 0.484500 0.000500
vt 0.484500 0.999500
vt 0.734800 0.000500
vt 0.734800 0.999500
vt 0.999500 0.000500
vt 0.999500 0.999500
vt 0.868200 0.000500
vt 0.868200 0.999500
vt 0.612100 0.000500
vt 0.612100 0.999500
vt 0.320900 0.000500
vt 0.320900 0.999500
vt 0.652900 0.000500
vt 0.652900 0.999500
vt 0.955600 0.000500
vt 0.955600 0.999500
vt 0.869700 0.000500
vt 0.869700 0.999500
vt 0.071500 0.000500
vt 0.071500 0.999500
vt 0.137900 0.000500
vt 0.137900 0.999500
vt 0.015600 0.000500
vt 0.015600 0.999500
vt 0.337200 0.000500
vt 0.337200 0.999500
vt 0.924600 0.000500
vt 0.924600 0.999500
vt 0.836900 0.000500
vt 0.836900 0.999500
vt 0.391600 0.000500
vt 0.391600 0.999500
vt 0.302900 0.000500
vt 0.302900 0.999500
vt 0.932000 0.000500
vt 0.932000 0.999500
vt 0.448200 0.000500
vt 0.448200 0.999500
vt 0.397100 0.000500
vt 0.397100 0.999500
vt 0.137400 0.000500
vt 0.137400 0.999500
vt 0.015900 0.000500
vt 0.015900 0.999500
vt 0.550000 0.000500
vt 0.550000 0.999500
vt 0.513500 0.000500
vt 0.513500 0.999500
vt 0.583700 0.000500
vt 0.583700 0.999500
vt 0.177800 0.000500
vt 0.177800 0.999500
vt 0.140700 0.000500
vt 0.140700 0.999500
vt 0.631300 0.000500
vt 0.631300 0.999500
vt 0.592500 0.000500
vt 0.592500 0.999500
vt 0.399400 0.000500
vt 0.399400 0.999500
vt 0.368700 0.000500
vt 0.368700 0.999500
vt 0.290500 0.000500
vt 0.290500 0.999500
vt 0.237500 0.000500
vt 0.237500 0.999500
vt 0.489000 0.000500
vt 0.489000 0.999500
vt 0.427800 0.000500
vt 0.427800 0.999500
vt 0.371100 0.000500
vt 0.371100 0.999500
vt 0.311000 0.000500
vt 0.311000 0.999500
vt 0.506500 0.000500
vt 0.506500 0.999500
vt 0.639800 0.000500
vt 0.639800 0.999500
vt 0.747600 0.000500
vt 0.747600 0.999500
vt 0.548700 0.000500
vt 0.548700 0.999500
vt 0.513900 0.000500
vt 0.513900 0.999500
vt 0.799200 0.000500
vt 0.799200 0.999500
vt 0.764200 0.000500
vt 0.764200 0.999500
vt 0.837000 0.000500
vt 0.837000 0.999500
vt 0.889000 0.000500
vt 0.889000 0.999500
vt 0.950300 0.000500
vt 0.950300 0.999500
vt 0.975800 0.000500
vt 0.975800 0.999500
vt 0.522000 0.000500
vt 0.522000 0.999500
vt 0.488700 0.000500
vt 0.488700 0.999500
vt 0.601600 0.000500
vt 0.601600 0.999500
vt 0.654400 0.000500
vt 0.654400 0.999500
vt 0.038600 0.000500
vt 0.038600 0.999500
vt 0.932500 0.391500
vt 0.925100 0.302700
vt 0.837200 0.337000
vt 0.762800 0.600700
vt 0.792200 0.631400
vt 0.822500 0.592600
vt 0.984600 0.448100
vt 1.000000 0.397000
vt 0.863000 0.513500
vt 0.375100 0.923300
vt 0.345400 0.961800
vt 0.398300 0.992200
vt 0.896500 0.137500
vt 0.870100 0.015100
vt 0.071000 0.000000
vt 0.000000 0.679300
vt 0.131400 0.735000
vt 0.188300 0.664900
vt 0.004200 0.387800
vt 0.312600 0.484400
vt 0.044800 0.346900
vt 0.478000 1.000000
vt 0.511300 0.976200
vt 0.499200 0.950700
vt 0.027100 0.043900
vt 0.348800 0.479800
vt 0.547900 0.799500
vt 0.548700 0.764500
vt 0.514000 0.747800
vt 0.553700 0.889400
vt 0.354200 0.876900
vt 0.373000 0.765100
vt 0.569200 0.837400
vt 0.336000 0.668600
vt 0.573500 0.639900
vt 0.568800 0.592600
vt 0.629000 0.506500
vt 0.689200 0.511000
vt 0.709700 0.572300
vt 0.879600 0.550100
vt 0.859700 0.583800
vt 0.015600 0.000000
vt 0.015600 1.000000
vt 0.029900 0.000000
vt 0.029900 1.000000
vt 0.064300 0.000000
vt 0.064300 1.000000
vt 0.078000 0.000000
vt 0.078000 1.000000
vt 0.140200 0.000000
vt 0.140200 1.000000
vt 0.207600 0.000000
vt 0.207600 1.000000
vt 0.293900 0.000000
vt 0.293900 1.000000
vt 0.319300 0.000000
vt 0.319300 1.000000
vt 0.336800 0.000000
vt 0.336800 1.000000
vt 0.378000 0.000000
vt 0.378000 1.000000
vt 0.394300 0.000000
vt 0.394300 1.000000
vt 0.417700 0.000000
vt 0.417700 1.000000
vt 0.489500 0.000000
vt 0.489500 1.000000
vt 0.513700 0.000000
vt 0.513700 1.000000
vt 0.547600 0.000000
vt 0.547600 1.000000
vt 0.571900 0.000000
vt 0.571900 1.000000
vt 0.624300 0.000000
vt 0.624300 1.000000
vt 0.647200 0.000000
vt 0.647200 1.000000
vt 0.690300 0.000000
vt 0.690300 1.000000
vt 0.716900 0.000000
vt 0.716900 1.000000
vt 0.808500 0.000000
vt 0.808500 1.000000
vt 0.850200 0.000000
vt 0.850200 1.000000
vt 0.883000 0.000000
vt 0.883000 1.000000
vt 0.912600 0.000000
vt 0.912600 1.000000
vt 0.930300 0.000000
vt 0.930300 1.000000
vt 0.953700 0.000000
vt 0.953700 1.000000
vt 0.978700 0.000000
vt 0.978700 1.000000
vt 0.805400 0.006000
vt 0.589500 0.000000
vt 0.627000 0.079100
vt 0.811500 0.103000
vt 0.635200 0.270600
vt 0.887400 0.433400
vt 0.000000 0.264600
vt 0.016400 0.327400
vt 0.140100 0.305500
vt 0.092200 0.129800
vt 0.922100 0.815000
vt 0.873000 0.737200
vt 0.791800 0.762500
vt 0.922100 0.967600
vt 1.000000 0.964600
vt 1.000000 0.886800
vt 0.765000 0.557000
vt 0.577900 0.082100
vt 0.520500 0.004300
vt 0.160600 0.003000
vt 0.553300 0.204800
vt 0.088600 0.070200
vt 0.377000 0.569700
vt 0.713000 0.670700
vt 0.435400 0.812500
vt 0.627000 0.991500
vt 0.694900 0.983600
vt 0.865900 1.000000
vt 0.033500 0.000000
vt 0.033500 1.000000
vt 0.047200 0.000000
vt 0.047200 1.000000
vt 0.060800 0.000000
vt 0.060800 1.000000
vt 0.073700 0.000000
vt 0.073700 1.000000
vt 0.089000 0.000000
vt 0.089000 1.000000
vt 0.098900 0.000000
vt 0.098900 1.000000
vt 0.136400 0.000000
vt 0.136400 1.000000
vt 0.201100 0.000000
vt 0.201100 1.000000
vt 0.245800 0.000000
vt 0.245800 1.000000
vt 0.316300 0.000000
vt 0.316300 1.000000
vt 0.339200 0.000000
vt 0.339200 1.000000
vt 0.363600 0.000000
vt 0.363600 1.000000
vt 0.410700 0.000000
vt 0.410700 1.000000
vt 0.551900 0.000000
vt 0.551900 1.000000
vt 0.566300 0.000000
vt 0.566300 1.000000
vt 0.599400 0.000000
vt 0.599400 1.000000
vt 0.643400 0.000000
vt 0.643400 1.000000
vt 0.667400 0.000000
vt 0.667400 1.000000
vt 0.721700 0.000000
vt 0.721700 1.000000
vt 0.760100 0.000000
vt 0.760100 1.000000
vt 0.792500 0.000000
vt 0.792500 1.000000
vt 0.824100 0.000000
vt 0.824100 1.000000
vt 0.852700 0.000000
vt 0.852700 1.000000
vt 0.886700 0.000000
vt 0.886700 1.000000
vt 0.911600 0.000000
vt 0.911600 1.000000
vt 0.933200 0.000000
vt 0.933200 1.000000
vt 0.978600 0.000000
vt 0.978600 1.000000
vt 0.592700 0.055300
vt 0.615900 0.006100
vt 0.587900 0.955400
vt 0.616000 0.999600
vt 0.658600 0.963900
vt 0.015800 0.173300
vt 0.067800 0.251500
vt 0.138300 0.191400
vt 0.278400 0.422700
vt 0.655700 0.165100
vt 0.414200 0.540800
vt 0.755600 0.006100
vt 0.650900 0.002800
vt 0.796200 0.203400
vt 0.526700 0.898300
vt 0.531800 0.954600
vt 0.569400 0.891800
vt 0.848600 0.337900
vt 0.825400 0.455500
vt 0.751700 0.553900
vt 0.491800 0.770400
vt 0.767200 0.658900
vt 0.868900 0.749900
vt 0.798300 1.000000
vt 0.867900 0.947200
vt 0.960000 0.799800
vt 1.000000 0.872100
vt 0.976400 0.944800
vt 0.127100 0.000500
vt 0.127100 0.999500
vt 0.037900 0.000500
vt 0.037900 0.999500
vt 0.172100 0.000500
vt 0.172100 0.999500
vt 0.296100 0.000500
vt 0.296100 0.999500
vt 0.481500 0.000500
vt 0.481500 0.999500
vt 0.645500 0.000500
vt 0.645500 0.999500
vt 0.426800 0.000500
vt 0.426800 0.999500
vt 0.354500 0.000500
vt 0.354500 0.999500
vt 0.589600 0.000500
vt 0.589600 0.999500
vt 0.573200 0.000500
vt 0.573200 0.999500
vt 0.723700 0.000500
vt 0.723700 0.999500
vt 0.921200 0.000500
vt 0.921200 0.999500
vt 0.998400 0.000500
vt 0.998400 0.999500
vt 0.615400 0.000500
vt 0.615400 0.999500
vt 0.111700 0.000500
vt 0.111700 0.999500
vt 0.083500 0.000500
vt 0.083500 0.999500
vt 0.003500 0.000500
vt 0.003500 0.999500
vt 0.553500 0.000500
vt 0.553500 0.999500
vt 0.500300 0.000500
vt 0.500300 0.999500
vt 0.241100 0.000500
vt 0.241100 0.999500
vt 0.095500 0.000500
vt 0.095500 0.999500
vt 0.668600 0.000500
vt 0.668600 0.999500
vt 0.499500 0.000500
vt 0.499500 0.999500
vt 0.735500 0.000500
vt 0.735500 0.999500
vt 0.728400 0.000500
vt 0.728400 0.999500
vt 0.757000 0.000500
vt 0.757000 0.999500
vt 0.787700 0.000500
vt 0.787700 0.999500
vt 0.822300 0.000500
vt 0.822300 0.999500
vt 0.855300 0.000500
vt 0.855300 0.999500
vt 0.881400 0.000500
vt 0.881400 0.999500
vt 0.895400 0.000500
vt 0.895400 0.999500
vt 0.903200 0.000500
vt 0.903200 0.999500
vt 0.914300 0.000500
vt 0.914300 0.999500
vt 0.928100 0.000500
vt 0.928100 0.999500
vt 0.944100 0.000500
vt 0.944100 0.999500
vt 0.961600 0.000500
vt 0.961600 0.999500
vt 0.980300 0.000500
vt 0.980300 0.999500
vt 0.997300 0.000500
vt 0.997300 0.999500
vt 0.775100 0.000500
vt 0.775100 0.999500
vt 0.149500 0.000500
vt 0.149500 0.999500
vt 0.001800 0.000500
vt 0.001800 0.999500
vt 0.264600 0.000500
vt 0.264600 0.999500
vt 0.416500 0.000500
vt 0.416500 0.999500
vt 0.547600 0.000500
vt 0.547600 0.999500
vt 0.650100 0.000500
vt 0.650100 0.999500
vt 0.409900 0.000500
vt 0.409900 0.999500
vt 0.349900 0.000500
vt 0.349900 0.999500
vt 0.727700 0.000500
vt 0.727700 0.999500
vt 0.590100 0.000500
vt 0.590100 0.999500
vt 0.956100 0.000500
vt 0.956100 0.999500
vt 0.798400 0.000500
vt 0.798400 0.999500
vt 0.742100 0.000500
vt 0.742100 0.999500
vt 0.847900 0.000500
vt 0.847900 0.999500
vt 0.064800 0.000500
vt 0.064800 0.999500
vt 0.025500 0.000500
vt 0.025500 0.999500
vt 0.166400 0.000500
vt 0.166400 0.999500
vt 0.145100 0.000500
vt 0.145100 0.999500
vt 0.873800 0.000500
vt 0.873800 0.999500
vt 0.833600 0.000500
vt 0.833600 0.999500
vt 0.194900 0.000500
vt 0.194900 0.999500
vt 0.131300 0.000500
vt 0.131300 0.999500
vt 0.880900 0.000500
vt 0.880900 0.999500
vt 0.000500 0.000500
vt 0.000500 0.999500
vt 0.499700 0.083100
vt 0.615500 0.003000
vt 0.111300 0.001100
vt 0.446400 0.095100
vt 0.855600 0.149200
vt 0.997800 0.001300
vt 0.775400 0.000000
vt 0.766800 0.019200
vt 0.758500 0.037900
vt 0.750800 0.055500
vt 0.744000 0.071500
vt 0.738300 0.085300
vt 0.734100 0.096400
vt 0.956500 0.727900
vt 0.895600 0.590200
vt 0.793300 0.650300
vt 0.731600 0.104300
vt 0.667000 0.962600
vt 0.719500 1.000000
vt 0.805400 0.881300
vt 0.728100 0.118200
vt 0.098500 0.078400
vt 0.721300 0.144400
vt 0.577300 0.873200
vt 0.839800 0.264400
vt 0.712000 0.177400
vt 0.701200 0.212000
vt 0.689800 0.242700
vt 0.003500 0.410300
vt 0.028100 0.426800
vt 0.164300 0.354400
vt 0.000000 0.276100
vt 0.678700 0.264300
vt 0.895400 0.416400
vt 0.668700 0.271300
vt 0.756300 0.547600
vt 0.499500 0.240800
vt 0.416000 0.518500
vt 0.473300 0.704100
vt 0.491100 0.828200
vt 0.869100 0.874200
vt 0.898200 0.833900
vt 1.000000 0.742300
vt 0.998900 0.798700
vt 0.975000 0.848300
vt 0.935600 0.855200
vt 0.222900 0.000500
vt 0.222900 0.999500
vt 0.066400 0.000500
vt 0.066400 0.999500
vt 0.294100 0.000500
vt 0.294100 0.999500
vt 0.348900 0.000500
vt 0.348900 0.999500
vt 0.748600 0.000500
vt 0.748600 0.999500
vt 0.694700 0.000500
vt 0.694700 0.999500
vt 0.446900 0.000500
vt 0.446900 0.999500
vt 0.517200 0.000500
vt 0.517200 0.999500
vt 0.628400 0.000500
vt 0.628400 0.999500
vt 0.684300 0.000500
vt 0.684300 0.999500
vt 0.804600 0.000500
vt 0.804600 0.999500
vt 0.357600 0.000500
vt 0.357600 0.999500
vt 0.341100 0.000500
vt 0.341100 0.999500
vt 0.528800 0.000500
vt 0.528800 0.999500
vt 0.447100 0.000500
vt 0.447100 0.999500
vt 0.835400 0.000500
vt 0.835400 0.999500
vt 0.654100 0.000500
vt 0.654100 0.999500
vt 0.949200 0.000500
vt 0.949200 0.999500
vt 0.497300 0.000500
vt 0.497300 0.999500
vt 0.373800 0.000500
vt 0.373800 0.999500
vt 0.502700 0.000500
vt 0.502700 0.999500
vt 0.249700 0.000500
vt 0.249700 0.999500
vt 0.235800 0.000500
vt 0.235800 0.999500
vt 0.057900 0.000500
vt 0.057900 0.999500
vt 0.464600 0.000500
vt 0.464600 0.999500
vt 0.681300 0.000500
vt 0.681300 0.999500
vt 0.730500 0.000500
vt 0.730500 0.999500
vt 0.340200 0.000500
vt 0.340200 0.999500
vt 0.269500 0.000500
vt 0.269500 0.999500
vt 0.751900 0.000500
vt 0.751900 0.999500
vt 0.659800 0.000500
vt 0.659800 0.999500
vt 0.704800 0.000500
vt 0.704800 0.999500
vt 0.768000 0.000500
vt 0.768000 0.999500
vt 0.714000 0.000500
vt 0.714000 0.999500
vt 0.859600 0.000500
vt 0.859600 0.999500
vt 0.888900 0.000500
vt 0.888900 0.999500
vt 0.959700 0.000500
vt 0.959700 0.999500
vt 0.405000 0.000500
vt 0.405000 0.999500
vt 0.335900 0.000500
vt 0.335900 0.999500
vt 0.434400 0.000500
vt 0.434400 0.999500
vt 0.979600 0.000500
vt 0.979600 0.999500
vt 0.947600 0.000500
vt 0.947600 0.999500
vt 0.506400 0.000500
vt 0.506400 0.999500
vt 0.468000 0.000500
vt 0.468000 0.999500
vt 0.597000 0.000500
vt 0.597000 0.999500
vt 0.027300 0.000500
vt 0.027300 0.999500
vt 0.736300 0.000500
vt 0.736300 0.999500
vt 0.605700 0.000500
vt 0.605700 0.999500
vt 0.003700 0.000500
vt 0.003700 0.999500
vt 0.750500 0.057400
vt 1.000000 0.004900
vt 0.502700 0.005300
vt 0.626300 0.050400
vt 0.357400 0.000000
vt 0.215100 0.195100
vt 0.447000 0.340900
vt 0.239700 0.315500
vt 0.705000 0.752200
vt 0.642100 0.660000
vt 0.601000 0.730800
vt 0.649600 0.235500
vt 0.567000 0.164200
vt 0.528800 0.345800
vt 0.666800 0.464600
vt 0.783500 0.768200
vt 0.757300 0.714200
vt 0.713600 0.859900
vt 0.394200 0.973200
vt 0.402900 1.000000
vt 0.493600 0.964300
vt 0.256300 0.934000
vt 0.263400 0.996800
vt 0.364600 0.777400
vt 0.284100 0.553200
vt 0.251100 0.629000
vt 0.305100 0.651200
vt 0.550700 0.681400
vt 0.532100 0.980100
vt 0.565600 0.948000
vt 0.202300 0.371500
vt 0.238200 0.482800
vt 0.319100 0.706100
vt 0.712900 0.889300
vt 0.664300 0.960200
vt 0.595100 0.965300
vt 0.031100 0.000000
vt 0.031100 1.000000
vt 0.043400 0.000000
vt 0.043400 1.000000
vt 0.056900 0.000000
vt 0.056900 1.000000
vt 0.084500 0.000000
vt 0.084500 1.000000
vt 0.104100 0.000000
vt 0.104100 1.000000
vt 0.132000 0.000000
vt 0.132000 1.000000
vt 0.142200 0.000000
vt 0.142200 1.000000
vt 0.147600 0.000000
vt 0.147600 1.000000
vt 0.157400 0.000000
vt 0.157400 1.000000
vt 0.173800 0.000000
vt 0.173800 1.000000
vt 0.197700 0.000000
vt 0.197700 1.000000
vt 0.232200 0.000000
vt 0.232200 1.000000
vt 0.364300 0.000000
vt 0.364300 1.000000
vt 0.410400 0.000000
vt 0.410400 1.000000
vt 0.435200 0.000000
vt 0.435200 1.000000
vt 0.461000 0.000000
vt 0.461000 1.000000
vt 0.465000 0.000000
vt 0.465000 1.000000
vt 0.472300 0.000000
vt 0.472300 1.000000
vt 0.477900 0.000000
vt 0.477900 1.000000
vt 0.502000 0.000000
vt 0.502000 1.000000
vt 0.514400 0.000000
vt 0.514400 1.000000
vt 0.523100 0.000000
vt 0.523100 1.000000
vt 0.529700 0.000000
vt 0.529700 1.000000
vt 0.539200 0.000000
vt 0.539200 1.000000
vt 0.548300 0.000000
vt 0.548300 1.000000
vt 0.556500 0.000000
vt 0.556500 1.000000
vt 0.568400 0.000000
vt 0.568400 1.000000
vt 0.581200 0.000000
vt 0.581200 1.000000
vt 0.603900 0.000000
vt 0.603900 1.000000
vt 0.614500 0.000000
vt 0.614500 1.000000
vt 0.624700 0.000000
vt 0.624700 1.000000
vt 0.644300 0.000000
vt 0.644300 1.000000
vt 0.660800 0.000000
vt 0.660800 1.000000
vt 0.679200 0.000000
vt 0.679200 1.000000
vt 0.693300 0.000000
vt 0.693300 1.000000
vt 0.708500 0.000000
vt 0.708500 1.000000
vt 0.726100 0.000000
vt 0.726100 1.000000
vt 0.751700 0.000000
vt 0.751700 1.000000
vt 0.759000 0.000000
vt 0.759000 1.000000
vt 0.776700 0.000000
vt 0.776700 1.000000
vt 0.791300 0.000000
vt 0.791300 1.000000
vt 0.807500 0.000000
vt 0.807500 1.000000
vt 0.841800 0.000000
vt 0.841800 1.000000
vt 0.850100 0.000000
vt 0.850100 1.000000
vt 0.858100 0.000000
vt 0.858100 1.000000
vt 0.876800 0.000000
vt 0.876800 1.000000
vt 0.898500 0.000000
vt 0.898500 1.000000
vt 0.911200 0.000000
vt 0.911200 1.000000
vt 0.928100 0.000000
vt 0.928100 1.000000
vt 0.950900 0.000000
vt 0.950900 1.000000
vt 0.984600 0.000000
vt 0.984600 1.000000
vt 0.797600 0.819900
vt 0.745600 0.905400
vt 0.782200 0.871300
vt 0.812100 0.826200
vt 0.796300 1.000000
vt 0.826500 0.982600
vt 0.710200 0.956900
vt 0.715600 0.985000
vt 0.664900 0.933900
vt 0.671200 0.874500
vt 0.636200 0.853800
vt 0.679000 0.793600
vt 0.649200 0.785100
vt 0.714400 0.701300
vt 0.723100 0.738300
vt 0.632400 0.000000
vt 0.022200 0.001300
vt 0.056000 0.181300
vt 0.669800 0.242200
vt 0.071600 0.307600
vt 0.099700 0.389100
vt 0.847300 0.712000
vt 0.808000 0.732700
vt 0.834000 0.645700
vt 0.726100 0.659200
vt 0.084600 0.967500
vt 0.156500 0.963800
vt 0.172400 0.883700
vt 0.134100 0.423300
vt 0.155200 0.408500
vt 0.174700 0.458000
vt 0.905800 0.370700
vt 0.873300 0.360200
vt 0.862900 0.378300
vt 0.915500 0.398000
vt 0.023900 0.923400
vt 0.000000 0.863800
vt 0.002600 0.791700
vt 0.078100 0.672900
vt 0.326900 0.858900
vt 0.401100 0.772900
vt 0.088900 0.569000
vt 0.479000 0.765800
vt 0.534900 0.745100
vt 0.603900 0.660900
vt 0.748900 0.338100
vt 0.689800 0.650300
vt 0.852500 0.585700
vt 1.000000 0.482100
vt 0.890200 0.588700
vt 0.987800 0.546600
vt 0.928900 0.608200
vt 0.989100 0.593200
vt 0.970900 0.621800
s 1
usemtl 3d66_Standardmaterial_17342430_129
f 3/1/1 2/2/2 1/3/3
f 2/2/2 4/4/4 1/3/3
f 6/5/5 5/6/6 3/1/7
f 5/6/6 2/2/6 3/1/7
f 8/7/8 7/8/9 6/5/10
f 7/8/9 5/6/11 6/5/10
f 10/9/12 9/10/13 8/7/14
f 9/10/13 7/8/15 8/7/14
f 12/11/16 11/12/17 10/9/16
f 11/12/17 9/10/17 10/9/16
f 14/13/18 13/14/19 12/11/20
f 13/14/19 11/12/21 12/11/20
f 16/15/22 15/16/23 14/13/24
f 15/16/23 13/14/25 14/13/24
f 18/17/26 17/18/27 16/15/28
f 17/18/27 15/16/29 16/15/28
f 20/19/30 19/20/31 18/17/32
f 19/20/31 17/18/33 18/17/32
f 22/21/34 21/22/35 20/19/36
f 21/22/35 19/20/35 20/19/36
f 24/23/37 23/24/38 22/21/39
f 23/24/38 21/22/40 22/21/39
f 26/25/41 25/26/42 24/23/43
f 25/26/42 23/24/42 24/23/43
f 28/27/44 27/28/45 26/25/46
f 27/28/45 25/26/47 26/25/46
f 30/29/48 29/30/49 28/27/50
f 29/30/49 27/28/51 28/27/50
f 32/31/52 31/32/53 30/29/54
f 31/32/53 29/30/53 30/29/54
f 34/33/55 33/34/56 32/31/57
f 33/34/56 31/32/58 32/31/57
f 36/35/59 35/36/59 34/33/60
f 35/36/59 33/34/61 34/33/60
f 38/37/62 37/38/63 36/35/64
f 37/38/63 35/36/65 36/35/64
f 40/39/66 39/40/67 38/37/68
f 39/40/67 37/38/69 38/37/68
f 42/41/70 41/42/71 40/39/70
f 41/42/71 39/40/72 40/39/70
f 44/43/73 43/44/74 42/41/75
f 43/44/74 41/42/76 42/41/75
f 46/45/77 45/46/77 44/43/77
f 45/46/77 43/44/78 44/43/77
f 48/47/79 47/48/80 46/45/81
f 47/48/80 45/46/82 46/45/81
f 50/49/83 49/50/84 48/47/84
f 49/50/84 47/48/84 48/47/84
f 52/51/85 51/52/86 50/49/87
f 51/52/86 49/50/88 50/49/87
f 54/53/89 53/54/90 52/51/91
f 53/54/90 51/52/91 52/51/91
f 56/55/92 55/56/93 54/53/92
f 55/56/93 53/54/93 54/53/92
f 58/57/94 57/58/95 56/55/96
f 57/58/95 55/56/97 56/55/96
f 60/59/98 59/60/99 58/57/100
f 59/60/99 57/58/101 58/57/100
f 62/61/102 61/62/103 60/59/104
f 61/62/103 59/60/105 60/59/104
f 64/63/106 63/64/107 62/61/108
f 63/64/107 61/62/109 62/61/108
f 66/65/110 65/66/110 64/63/110
f 65/66/110 63/64/111 64/63/110
f 68/67/112 67/68/113 66/65/114
f 67/68/113 65/66/113 66/65/114
f 70/69/115 69/70/116 68/67/115
f 69/70/116 67/68/117 68/67/115
f 72/71/118 71/72/119 70/69/120
f 71/72/119 69/70/119 70/69/120
f 74/73/121 73/74/122 72/71/123
f 73/74/122 71/72/124 72/71/123
f 76/75/125 75/76/126 74/73/127
f 75/76/126 73/74/128 74/73/127
f 1/77/129 4/78/130 76/75/129
f 4/78/130 75/76/131 76/75/129
f 79/117/198 78/118/199 77/3/198
f 78/118/199 80/4/199 77/3/198
f 82/119/200 81/120/201 79/117/202
f 81/120/201 78/118/203 79/117/202
f 84/121/204 83/122/205 82/119/206
f 83/122/205 81/120/207 82/119/206
f 86/123/208 85/124/209 84/121/210
f 85/124/209 83/122/211 84/121/210
f 88/125/212 87/126/213 86/123/214
f 87/126/213 85/124/215 86/123/214
f 90/127/216 89/128/217 88/125/218
f 89/128/217 87/126/217 88/125/218
f 92/129/219 91/130/220 90/127/219
f 91/130/220 89/128/220 90/127/219
f 94/131/221 93/132/222 92/129/223
f 93/132/222 91/130/224 92/129/223
f 96/133/225 95/134/226 94/131/227
f 95/134/226 93/132/228 94/131/227
f 98/135/229 97/136/230 96/133/231
f 97/136/230 95/134/232 96/133/231
f 100/137/233 99/138/234 98/135/235
f 99/138/234 97/136/236 98/135/235
f 102/139/237 101/140/238 100/137/239
f 101/140/238 99/138/240 100/137/239
f 104/141/241 103/142/242 102/139/243
f 103/142/242 101/140/244 102/139/243
f 106/143/245 105/144/246 104/141/245
f 105/144/246 103/142/247 104/141/245
f 108/145/248 107/146/249 106/143/248
f 107/146/249 105/144/250 106/143/248
f 110/147/251 109/148/252 108/145/253
f 109/148/252 107/146/254 108/145/253
f 112/149/255 111/150/256 110/147/257
f 111/150/256 109/148/258 110/147/257
f 114/151/259 113/152/260 112/149/261
f 113/152/260 111/150/262 112/149/261
f 116/153/263 115/154/264 114/151/265
f 115/154/264 113/152/266 114/151/265
f 118/155/267 117/156/268 116/153/269
f 117/156/268 115/154/270 116/153/269
f 120/157/271 119/158/272 118/155/273
f 119/158/272 117/156/272 118/155/273
f 122/159/274 121/160/275 120/157/276
f 121/160/275 119/158/275 120/157/276
f 124/161/277 123/162/278 122/159/277
f 123/162/278 121/160/278 122/159/277
f 126/163/279 125/164/280 124/161/281
f 125/164/280 123/162/282 124/161/281
f 128/165/283 127/166/283 126/163/283
f 127/166/283 125/164/284 126/163/283
f 130/167/285 129/168/286 128/165/287
f 129/168/286 127/166/288 128/165/287
f 132/169/289 131/170/290 130/167/291
f 131/170/290 129/168/290 130/167/291
f 134/171/292 133/172/293 132/169/294
f 133/172/293 131/170/295 132/169/294
f 136/173/296 135/174/297 134/171/297
f 135/174/297 133/172/298 134/171/297
f 138/175/299 137/176/300 136/173/299
f 137/176/300 135/174/301 136/173/299
f 140/177/302 139/178/303 138/175/304
f 139/178/303 137/176/304 138/175/304
f 142/179/305 141/180/306 140/177/307
f 141/180/306 139/178/308 140/177/307
f 144/181/309 143/182/310 142/179/311
f 143/182/310 141/180/312 142/179/311
f 146/183/313 145/184/314 144/181/315
f 145/184/314 143/182/316 144/181/315
f 148/185/317 147/186/318 146/183/319
f 147/186/318 145/184/320 146/183/319
f 150/187/321 149/188/322 148/185/322
f 149/188/322 147/186/323 148/185/322
f 152/189/324 151/190/325 150/187/326
f 151/190/325 149/188/327 150/187/326
f 154/191/328 153/192/329 152/189/330
f 153/192/329 151/190/331 152/189/330
f 156/193/332 155/194/333 154/191/334
f 155/194/333 153/192/335 154/191/334
f 158/195/336 157/196/337 156/193/338
f 157/196/337 155/194/339 156/193/338
f 160/197/340 159/198/341 158/195/342
f 159/198/341 157/196/343 158/195/342
f 77/77/344 80/78/345 160/197/344
f 80/78/345 159/198/346 160/197/344
f 245/404/656 244/405/657 243/3/658
f 244/405/657 246/4/659 243/3/658
f 248/406/660 247/407/661 245/404/660
f 247/407/661 244/405/662 245/404/660
f 250/408/663 249/409/664 248/406/665
f 249/409/664 247/407/666 248/406/665
f 252/410/667 251/411/668 250/408/669
f 251/411/668 249/409/670 250/408/669
f 254/412/671 253/413/672 252/410/673
f 253/413/672 251/411/674 252/410/673
f 256/414/675 255/415/676 254/412/676
f 255/415/676 253/413/677 254/412/676
f 258/416/678 257/417/679 256/414/679
f 257/417/679 255/415/680 256/414/679
f 260/418/681 259/419/682 258/416/683
f 259/419/682 257/417/684 258/416/683
f 262/420/685 261/421/686 260/418/687
f 261/421/686 259/419/688 260/418/687
f 264/422/689 263/423/690 262/420/691
f 263/423/690 261/421/692 262/420/691
f 266/424/693 265/425/694 264/422/695
f 265/425/694 263/423/694 264/422/695
f 268/426/696 267/427/697 266/424/698
f 267/427/697 265/425/699 266/424/698
f 270/428/700 269/429/701 268/426/701
f 269/429/701 267/427/702 268/426/701
f 272/430/703 271/431/704 270/428/705
f 271/431/704 269/429/704 270/428/705
f 274/432/706 273/433/707 272/430/708
f 273/433/707 271/431/709 272/430/708
f 276/434/710 275/435/711 274/432/712
f 275/435/711 273/433/713 274/432/712
f 278/436/714 277/437/714 276/434/714
f 277/437/714 275/435/714 276/434/714
f 280/438/715 279/439/716 278/436/715
f 279/439/716 277/437/717 278/436/715
f 282/440/718 281/441/719 280/438/720
f 281/441/719 279/439/721 280/438/720
f 284/442/722 283/443/722 282/440/722
f 283/443/722 281/441/723 282/440/722
f 286/444/724 285/445/725 284/442/725
f 285/445/725 283/443/726 284/442/725
f 288/446/727 287/447/728 286/444/729
f 287/447/728 285/445/730 286/444/729
f 290/448/731 289/449/732 288/446/733
f 289/449/732 287/447/732 288/446/733
f 292/450/734 291/451/735 290/448/736
f 291/451/735 289/449/737 290/448/736
f 294/452/738 293/453/739 292/450/740
f 293/453/739 291/451/741 292/450/740
f 296/454/742 295/455/743 294/452/744
f 295/455/743 293/453/743 294/452/744
f 298/456/745 297/457/746 296/454/747
f 297/457/746 295/455/748 296/454/747
f 243/77/749 246/78/750 298/456/749
f 246/78/750 297/457/751 298/456/749
f 301/486/803 300/487/804 299/3/805
f 300/487/804 302/4/806 299/3/805
f 304/488/807 303/489/808 301/486/807
f 303/489/808 300/487/809 301/486/807
f 306/490/810 305/491/811 304/488/812
f 305/491/811 303/489/811 304/488/812
f 308/492/813 307/493/814 306/490/815
f 307/493/814 305/491/816 306/490/815
f 310/494/817 309/495/818 308/492/817
f 309/495/818 307/493/819 308/492/817
f 312/496/820 311/497/821 310/494/820
f 311/497/821 309/495/822 310/494/820
f 314/498/823 313/499/824 312/496/825
f 313/499/824 311/497/824 312/496/825
f 316/500/826 315/501/827 314/498/828
f 315/501/827 313/499/827 314/498/828
f 318/502/829 317/503/830 316/500/831
f 317/503/830 315/501/832 316/500/831
f 320/504/833 319/505/834 318/502/834
f 319/505/834 317/503/835 318/502/834
f 322/506/836 321/507/837 320/504/838
f 321/507/837 319/505/839 320/504/838
f 324/508/840 323/509/841 322/506/842
f 323/509/841 321/507/843 322/506/842
f 326/510/844 325/511/844 324/508/844
f 325/511/844 323/509/844 324/508/844
f 328/512/845 327/513/846 326/510/847
f 327/513/846 325/511/848 326/510/847
f 330/514/849 329/515/850 328/512/851
f 329/515/850 327/513/852 328/512/851
f 332/516/853 331/517/854 330/514/855
f 331/517/854 329/515/856 330/514/855
f 334/518/857 333/519/858 332/516/859
f 333/519/858 331/517/860 332/516/859
f 336/520/861 335/521/862 334/518/863
f 335/521/862 333/519/864 334/518/863
f 338/522/865 337/523/866 336/520/865
f 337/523/866 335/521/866 336/520/865
f 340/524/867 339/525/867 338/522/867
f 339/525/867 337/523/867 338/522/867
f 342/526/868 341/527/869 340/524/870
f 341/527/869 339/525/871 340/524/870
f 344/528/872 343/529/873 342/526/874
f 343/529/873 341/527/875 342/526/874
f 346/530/876 345/531/876 344/528/876
f 345/531/876 343/529/876 344/528/876
f 348/532/877 347/533/878 346/530/879
f 347/533/878 345/531/880 346/530/879
f 350/534/881 349/535/882 348/532/883
f 349/535/882 347/533/884 348/532/883
f 352/536/885 351/537/886 350/534/885
f 351/537/886 349/535/887 350/534/885
f 354/454/888 353/455/889 352/536/890
f 353/455/889 351/537/891 352/536/890
f 356/538/892 355/539/893 354/454/894
f 355/539/893 353/455/895 354/454/894
f 299/77/896 302/78/897 356/538/898
f 302/78/897 355/539/899 356/538/898
usemtl 3d66_Standardmaterial_17342430_128
f 26/79/132 24/80/133 22/81/134
f 6/82/135 3/83/136 1/84/137
f 66/85/138 64/86/139 62/87/140
f 36/88/141 34/89/142 32/90/143
f 38/91/144 36/88/141 32/90/143
f 16/92/145 14/93/146 12/94/142
f 52/95/142 50/96/147 48/97/148
f 54/98/149 52/95/142 48/97/148
f 1/84/137 76/99/150 74/100/151
f 30/101/152 28/102/153 26/79/132
f 20/103/154 18/104/155 16/92/145
f 8/105/149 6/82/135 1/84/137
f 46/106/156 44/107/157 42/108/158
f 46/106/156 42/108/158 40/109/159
f 46/106/156 40/109/159 38/91/144
f 46/106/156 38/91/144 32/90/143
f 46/106/156 32/90/143 30/101/152
f 46/106/156 30/101/152 26/79/132
f 48/97/148 46/106/156 26/79/132
f 48/97/148 26/79/132 22/81/134
f 54/98/149 48/97/148 22/81/134
f 56/110/160 54/98/149 22/81/134
f 58/111/149 56/110/160 22/81/134
f 58/111/149 22/81/134 20/103/154
f 58/111/149 20/103/154 16/92/145
f 60/112/154 58/111/149 16/92/145
f 60/112/154 16/92/145 12/94/142
f 8/105/149 1/84/137 74/100/151
f 68/113/161 66/85/138 62/87/140
f 70/114/162 68/113/161 62/87/140
f 12/94/142 10/115/163 8/105/149
f 60/112/154 12/94/142 8/105/149
f 60/112/154 8/105/149 74/100/151
f 62/87/140 60/112/154 74/100/151
f 70/114/162 62/87/140 74/100/151
f 70/114/162 74/100/151 72/116/164
f 23/80/165 25/79/166 21/81/167
f 2/83/168 5/82/169 4/84/170
f 63/86/171 65/85/172 61/87/173
f 33/89/174 35/88/175 31/90/176
f 35/88/175 37/91/177 31/90/176
f 13/93/178 15/92/179 11/94/180
f 49/96/181 51/95/165 47/97/176
f 51/95/165 53/98/182 47/97/176
f 75/99/183 4/84/170 73/100/184
f 27/102/185 29/101/186 25/79/166
f 17/104/187 19/103/188 15/92/179
f 5/82/169 7/105/189 4/84/170
f 43/107/190 45/106/191 41/108/191
f 41/108/191 45/106/191 39/109/192
f 39/109/192 45/106/191 37/91/177
f 37/91/177 45/106/191 31/90/176
f 31/90/176 45/106/191 29/101/186
f 29/101/186 45/106/191 25/79/166
f 45/106/191 47/97/176 25/79/166
f 25/79/166 47/97/176 21/81/167
f 47/97/176 53/98/182 21/81/167
f 53/98/182 55/110/165 21/81/167
f 55/110/165 57/111/193 21/81/167
f 21/81/167 57/111/193 19/103/188
f 19/103/188 57/111/193 15/92/179
f 57/111/193 59/112/168 15/92/179
f 15/92/179 59/112/168 11/94/180
f 4/84/170 7/105/189 73/100/184
f 65/85/172 67/113/194 61/87/173
f 67/113/194 69/114/195 61/87/173
f 9/115/196 11/94/180 7/105/189
f 11/94/180 59/112/168 7/105/189
f 7/105/189 59/112/168 73/100/184
f 59/112/168 61/87/173 73/100/184
f 61/87/173 69/114/195 73/100/184
f 73/100/184 69/114/195 71/116/197
usemtl 3d66_Standardmaterial_17342430_130
f 136/199/347 134/200/348 132/201/349
f 122/202/350 120/203/351 118/204/352
f 96/205/353 94/206/352 92/207/354
f 156/208/355 154/209/356 152/210/357
f 130/211/358 128/212/353 126/213/359
f 92/207/354 90/214/360 88/215/352
f 88/215/352 86/216/361 84/217/362
f 122/202/350 118/204/352 116/218/363
f 126/213/359 124/219/364 122/202/350
f 110/220/365 108/221/366 106/222/367
f 158/223/368 156/208/355 152/210/357
f 138/224/369 136/199/347 132/201/349
f 146/225/370 144/226/371 142/227/372
f 148/228/371 146/225/370 142/227/372
f 148/228/371 142/227/372 140/229/373
f 116/218/363 114/230/374 112/231/375
f 104/232/376 102/233/377 100/234/378
f 138/224/369 132/201/349 130/211/358
f 77/235/379 160/236/380 158/223/368
f 79/237/381 77/235/379 158/223/368
f 150/238/372 148/228/371 140/229/373
f 140/229/373 138/224/369 130/211/358
f 140/229/373 130/211/358 126/213/359
f 140/229/373 126/213/359 122/202/350
f 140/229/373 122/202/350 116/218/363
f 150/238/372 140/229/373 116/218/363
f 150/238/372 116/218/363 112/231/375
f 150/238/372 112/231/375 110/220/365
f 150/238/372 110/220/365 106/222/367
f 150/238/372 106/222/367 104/232/376
f 152/210/357 150/238/372 104/232/376
f 152/210/357 104/232/376 100/234/378
f 84/217/362 82/239/382 79/237/381
f 84/217/362 79/237/381 158/223/368
f 84/217/362 158/223/368 152/210/357
f 84/217/362 152/210/357 100/234/378
f 88/215/352 84/217/362 100/234/378
f 92/207/354 88/215/352 100/234/378
f 96/205/353 92/207/354 100/234/378
f 98/240/383 96/205/353 100/234/378
f 133/200/384 135/199/385 131/201/386
f 119/203/387 121/202/388 117/204/389
f 93/206/390 95/205/391 91/207/392
f 153/209/388 155/208/393 151/210/394
f 127/212/395 129/211/396 125/213/397
f 89/214/398 91/207/392 87/215/399
f 85/216/400 87/215/399 83/217/401
f 117/204/389 121/202/388 115/218/402
f 123/219/403 125/213/397 121/202/388
f 107/221/404 109/220/405 105/222/406
f 155/208/393 157/223/407 151/210/394
f 135/199/385 137/224/408 131/201/386
f 143/226/409 145/225/410 141/227/411
f 145/225/410 147/228/412 141/227/411
f 141/227/411 147/228/412 139/229/413
f 113/230/414 115/218/402 111/231/415
f 101/233/416 103/232/417 99/234/418
f 131/201/386 137/224/408 129/211/396
f 159/236/419 80/235/420 157/223/407
f 80/235/420 78/237/412 157/223/407
f 147/228/412 149/238/394 139/229/413
f 137/224/408 139/229/413 129/211/396
f 129/211/396 139/229/413 125/213/397
f 125/213/397 139/229/413 121/202/388
f 121/202/388 139/229/413 115/218/402
f 139/229/413 149/238/394 115/218/402
f 115/218/402 149/238/394 111/231/415
f 111/231/415 149/238/394 109/220/405
f 109/220/405 149/238/394 105/222/406
f 105/222/406 149/238/394 103/232/417
f 149/238/394 151/210/394 103/232/417
f 103/232/417 151/210/394 99/234/418
f 81/239/421 83/217/401 78/237/412
f 78/237/412 83/217/401 157/223/407
f 157/223/407 83/217/401 151/210/394
f 151/210/394 83/217/401 99/234/418
f 83/217/401 87/215/399 99/234/418
f 87/215/399 91/207/392 99/234/418
f 91/207/392 95/205/391 99/234/418
f 95/205/391 97/240/422 99/234/418
usemtl 3d66_Standardmaterial_17342430_132
f 163/241/423 162/242/424 161/243/425
f 162/242/424 164/244/426 161/243/425
f 166/245/427 165/246/428 163/241/429
f 165/246/428 162/242/430 163/241/429
f 168/247/431 167/248/432 166/245/433
f 167/248/432 165/246/434 166/245/433
f 170/249/435 169/250/436 168/247/435
f 169/250/436 167/248/437 168/247/435
f 172/251/438 171/252/439 170/253/440
f 171/252/439 169/254/441 170/253/440
f 174/255/442 173/256/443 172/257/444
f 173/256/443 171/258/445 172/257/444
f 176/259/446 175/260/447 174/255/448
f 175/260/447 173/256/449 174/255/448
f 178/261/450 177/262/451 176/263/452
f 177/262/451 175/264/453 176/263/452
f 180/265/454 179/266/455 178/267/456
f 179/266/455 177/268/457 178/267/456
f 182/269/458 181/270/459 180/265/460
f 181/270/459 179/266/461 180/265/460
f 184/271/462 183/272/463 182/269/464
f 183/272/463 181/270/465 182/269/464
f 186/261/466 185/262/467 184/271/468
f 185/262/467 183/272/469 184/271/468
f 188/273/470 187/274/471 186/275/472
f 187/274/471 185/276/473 186/275/472
f 190/277/474 189/278/475 188/279/476
f 189/278/475 187/280/477 188/279/476
f 192/281/478 191/282/479 190/277/479
f 191/282/479 189/278/480 190/277/479
f 194/283/481 193/284/482 192/285/483
f 193/284/482 191/286/484 192/285/483
f 196/287/485 195/288/486 194/289/485
f 195/288/486 193/290/487 194/289/485
f 198/261/488 197/262/489 196/291/490
f 197/262/489 195/292/491 196/291/490
f 200/293/492 199/294/493 198/295/494
f 199/294/493 197/296/495 198/295/494
f 202/297/496 201/298/496 200/299/497
f 201/298/496 199/300/498 200/299/497
f 204/301/499 203/302/500 202/303/501
f 203/302/500 201/304/502 202/303/501
f 206/305/503 205/306/504 204/301/505
f 205/306/504 203/302/506 204/301/505
f 208/307/507 207/308/508 206/309/509
f 207/308/508 205/310/510 206/309/509
f 210/311/511 209/312/512 208/313/513
f 209/312/512 207/314/514 208/313/513
f 212/315/515 211/316/516 210/317/515
f 211/316/516 209/318/517 210/317/515
f 214/319/518 213/320/519 212/321/520
f 213/320/519 211/322/519 212/321/520
f 216/323/521 215/324/522 214/325/523
f 215/324/522 213/326/524 214/325/523
f 218/327/525 217/328/526 216/329/527
f 217/328/526 215/330/528 216/329/527
f 220/313/529 219/314/530 218/331/531
f 219/314/530 217/332/532 218/331/531
f 222/333/533 221/334/534 220/313/533
f 221/334/534 219/314/535 220/313/533
f 224/335/536 223/336/537 222/333/538
f 223/336/537 221/334/539 222/333/538
f 226/337/540 225/338/541 224/339/542
f 225/338/541 223/340/543 224/339/542
f 228/341/544 227/342/545 226/343/546
f 227/342/545 225/344/547 226/343/546
f 230/345/548 229/346/549 228/341/550
f 229/346/549 227/342/551 228/341/550
f 232/347/552 231/348/553 230/345/554
f 231/348/553 229/346/555 230/345/554
f 234/349/556 233/350/557 232/347/558
f 233/350/557 231/348/559 232/347/558
f 236/351/560 235/352/561 234/349/562
f 235/352/561 233/350/563 234/349/562
f 238/353/564 237/354/565 236/355/566
f 237/354/565 235/356/567 236/355/566
f 240/357/568 239/358/569 238/353/570
f 239/358/569 237/354/571 238/353/570
f 242/359/572 241/360/573 240/357/574
f 241/360/573 239/358/575 240/357/574
f 161/243/576 164/244/577 242/361/578
f 164/244/577 241/362/579 242/361/578
f 359/568/948 358/569/949 357/570/950
f 358/569/949 360/571/951 357/570/950
f 362/572/952 361/573/953 359/568/954
f 361/573/953 358/569/955 359/568/954
f 364/574/956 363/575/957 362/572/956
f 363/575/957 361/573/958 362/572/956
f 366/576/959 365/577/960 364/574/960
f 365/577/960 363/575/961 364/574/960
f 368/578/962 367/579/963 366/576/962
f 367/579/963 365/577/964 366/576/962
f 370/580/965 369/581/966 368/582/967
f 369/581/966 367/583/968 368/582/967
f 372/584/969 371/585/970 370/586/971
f 371/585/970 369/587/970 370/586/971
f 374/588/972 373/589/973 372/584/973
f 373/589/973 371/585/974 372/584/973
f 376/590/975 375/591/976 374/588/976
f 375/591/976 373/589/977 374/588/976
f 378/592/978 377/593/979 376/590/980
f 377/593/979 375/591/981 376/590/980
f 380/594/982 379/595/983 378/596/984
f 379/595/983 377/597/985 378/596/984
f 382/598/986 381/599/987 380/600/988
f 381/599/987 379/601/989 380/600/988
f 384/602/990 383/603/991 382/604/992
f 383/603/991 381/605/991 382/604/992
f 386/606/993 385/607/994 384/608/995
f 385/607/994 383/609/996 384/608/995
f 388/610/997 387/611/998 386/612/999
f 387/611/998 385/613/1000 386/612/999
f 390/614/1001 389/615/1002 388/616/997
f 389/615/1002 387/617/998 388/616/997
f 392/618/1003 391/619/1004 390/614/1001
f 391/619/1004 389/615/1002 390/614/1001
f 394/620/1005 393/621/1006 392/618/1003
f 393/621/1006 391/619/1004 392/618/1003
f 396/622/1007 395/623/1008 394/620/1005
f 395/623/1008 393/621/1006 394/620/1005
f 398/624/1009 397/625/1010 396/622/1007
f 397/625/1010 395/623/1008 396/622/1007
f 400/626/1011 399/627/1012 398/624/1009
f 399/627/1012 397/625/1010 398/624/1009
f 402/628/1013 401/629/1014 400/626/1011
f 401/629/1014 399/627/1012 400/626/1011
f 404/630/1015 403/631/1016 402/628/1013
f 403/631/1016 401/629/1014 402/628/1013
f 406/632/1017 405/633/1018 404/630/1015
f 405/633/1018 403/631/1016 404/630/1015
f 408/634/1019 407/635/1020 406/632/1017
f 407/635/1020 405/633/1018 406/632/1017
f 410/636/1021 409/637/1022 408/634/1019
f 409/637/1022 407/635/1020 408/634/1019
f 412/638/1023 411/639/1024 410/636/1021
f 411/639/1024 409/637/1022 410/636/1021
f 414/640/1025 413/641/1026 412/638/1023
f 413/641/1026 411/639/1024 412/638/1023
f 416/261/1027 415/262/1028 414/640/1025
f 415/262/1028 413/641/1026 414/640/1025
f 418/642/1029 417/643/1030 416/644/1030
f 417/643/1030 415/645/1031 416/644/1030
f 420/646/1032 419/647/1033 418/648/1033
f 419/647/1033 417/649/1034 418/648/1033
f 422/650/1035 421/651/1036 420/646/1037
f 421/651/1036 419/647/1038 420/646/1037
f 424/652/1039 423/653/1040 422/650/1039
f 423/653/1040 421/651/1041 422/650/1039
f 426/654/1042 425/655/1043 424/652/1044
f 425/655/1043 423/653/1045 424/652/1044
f 428/656/1046 427/657/1047 426/654/1048
f 427/657/1047 425/655/1049 426/654/1048
f 430/658/1050 429/659/1051 428/660/1052
f 429/659/1051 427/661/1053 428/660/1052
f 432/662/1054 431/663/1055 430/664/1056
f 431/663/1055 429/665/1057 430/664/1056
f 434/261/1058 433/262/1059 432/666/1060
f 433/262/1059 431/667/1061 432/666/1060
f 436/668/1062 435/669/1063 434/670/1064
f 435/669/1063 433/671/1065 434/670/1064
f 438/672/1066 437/673/1067 436/668/1068
f 437/673/1067 435/669/1069 436/668/1068
f 440/674/1070 439/675/1071 438/676/1072
f 439/675/1071 437/677/1071 438/676/1072
f 442/678/1073 441/679/1074 440/680/1075
f 441/679/1074 439/681/1076 440/680/1075
f 444/682/1077 443/683/1077 442/684/1078
f 443/683/1077 441/685/1079 442/684/1078
f 446/686/1080 445/687/1081 444/688/1082
f 445/687/1081 443/689/1081 444/688/1082
f 448/261/1083 447/262/1084 446/690/1085
f 447/262/1084 445/691/1086 446/690/1085
f 357/570/1087 360/571/1088 448/692/1089
f 360/571/1088 447/693/1090 448/692/1089
f 451/740/1171 450/741/1172 449/742/1173
f 450/741/1172 452/743/1174 449/742/1173
f 454/744/1175 453/745/1176 451/740/1177
f 453/745/1176 450/741/1176 451/740/1177
f 456/746/1178 455/747/1179 454/744/1180
f 455/747/1179 453/745/1179 454/744/1180
f 458/748/1181 457/749/1182 456/750/1181
f 457/749/1182 455/751/1183 456/750/1181
f 460/752/1184 459/753/1185 458/327/1186
f 459/753/1185 457/328/1187 458/327/1186
f 462/754/1188 461/755/1189 460/752/1188
f 461/755/1189 459/753/1189 460/752/1188
f 464/756/1190 463/757/1191 462/754/1192
f 463/757/1191 461/755/1193 462/754/1192
f 466/758/1194 465/759/1195 464/756/1194
f 465/759/1195 463/757/1196 464/756/1194
f 468/760/1197 467/761/1197 466/758/1197
f 467/761/1197 465/759/1198 466/758/1197
f 470/261/1199 469/262/1200 468/760/1201
f 469/262/1200 467/761/1202 468/760/1201
f 472/762/1203 471/763/1204 470/692/1205
f 471/763/1204 469/693/1206 470/692/1205
f 474/764/1207 473/765/1208 472/692/1209
f 473/765/1208 471/693/1210 472/692/1209
f 476/766/1211 475/767/1212 474/768/1213
f 475/767/1212 473/769/1214 474/768/1213
f 478/770/1215 477/771/1216 476/772/1217
f 477/771/1216 475/773/1218 476/772/1217
f 480/774/1219 479/775/1220 478/770/1221
f 479/775/1220 477/771/1222 478/770/1221
f 482/776/1223 481/777/1224 480/778/1224
f 481/777/1224 479/779/1225 480/778/1224
f 484/261/1226 483/262/1227 482/780/1228
f 483/262/1227 481/781/1229 482/780/1228
f 486/782/1230 485/783/1231 484/692/1232
f 485/783/1231 483/693/1233 484/692/1232
f 488/784/1234 487/785/1235 486/786/1235
f 487/785/1235 485/787/1236 486/786/1235
f 490/788/1237 489/789/1238 488/784/1238
f 489/789/1238 487/785/1239 488/784/1238
f 492/790/1240 491/791/1241 490/788/1242
f 491/791/1241 489/789/1243 490/788/1242
f 494/792/1244 493/793/1245 492/790/1246
f 493/793/1245 491/791/1247 492/790/1246
f 496/794/1248 495/795/1249 494/796/1250
f 495/795/1249 493/797/1251 494/796/1250
f 498/798/1252 497/799/1253 496/800/1254
f 497/799/1253 495/801/1253 496/800/1254
f 500/618/1255 499/619/1256 498/802/1257
f 499/619/1256 497/803/1258 498/802/1257
f 502/804/1259 501/805/1260 500/806/1261
f 501/805/1260 499/807/1262 500/806/1261
f 504/808/1263 503/809/1264 502/804/1265
f 503/809/1264 501/805/1266 502/804/1265
f 506/810/1267 505/811/1268 504/808/1269
f 505/811/1268 503/809/1270 504/808/1269
f 508/812/1271 507/813/1272 506/810/1273
f 507/813/1272 505/811/1274 506/810/1273
f 510/814/1275 509/815/1276 508/816/1277
f 509/815/1276 507/817/1278 508/816/1277
f 512/818/1279 511/819/1280 510/814/1281
f 511/819/1280 509/815/1282 510/814/1281
f 514/820/1283 513/821/1284 512/822/1285
f 513/821/1284 511/823/1284 512/822/1285
f 516/824/1286 515/825/1287 514/826/1288
f 515/825/1287 513/827/1289 514/826/1288
f 518/828/1290 517/829/1290 516/824/1290
f 517/829/1290 515/825/1290 516/824/1290
f 520/830/1291 519/831/1292 518/692/1291
f 519/831/1292 517/693/1293 518/692/1291
f 522/832/1294 521/833/1295 520/834/1296
f 521/833/1295 519/835/1297 520/834/1296
f 449/742/1298 452/743/1299 522/836/1300
f 452/743/1299 521/837/1301 522/836/1300
usemtl 3d66_Standardmaterial_17342430_131
f 196/363/580 194/364/581 192/365/582
f 212/366/583 210/367/584 208/368/585
f 200/369/586 198/370/587 196/363/580
f 202/371/588 200/369/586 196/363/580
f 161/372/589 242/373/590 240/374/591
f 202/371/588 196/363/580 192/365/582
f 190/375/592 188/376/593 186/377/594
f 192/365/582 190/375/592 186/377/594
f 178/378/595 176/379/596 174/380/597
f 180/381/598 178/378/595 174/380/597
f 180/381/598 174/380/597 172/382/599
f 182/383/600 180/381/598 172/382/599
f 238/384/601 236/385/602 234/386/603
f 240/374/591 238/384/601 234/386/603
f 161/372/589 240/374/591 234/386/603
f 192/365/582 186/377/594 184/387/604
f 192/365/582 184/387/604 182/383/600
f 192/365/582 182/383/600 172/382/599
f 192/365/582 172/382/599 170/388/605
f 202/371/588 192/365/582 170/388/605
f 228/389/606 226/390/607 224/391/362
f 161/372/589 234/386/603 232/392/608
f 163/393/355 161/372/589 232/392/608
f 166/394/609 163/393/355 232/392/608
f 166/394/609 232/392/608 230/395/356
f 166/394/609 230/395/356 228/389/606
f 166/394/609 228/389/606 224/391/362
f 168/396/610 166/394/609 224/391/362
f 168/396/610 224/391/362 222/397/611
f 170/388/605 168/396/610 222/397/611
f 170/388/605 222/397/611 220/398/612
f 170/388/605 220/398/612 218/399/613
f 202/371/588 170/388/605 218/399/613
f 202/371/588 218/399/613 216/400/614
f 202/371/588 216/400/614 214/401/615
f 202/371/588 214/401/615 212/366/583
f 202/371/588 212/366/583 208/368/585
f 204/402/616 202/371/588 208/368/585
f 206/403/617 204/402/616 208/368/585
f 193/364/618 195/363/619 191/365/620
f 209/367/621 211/366/622 207/368/623
f 197/370/624 199/369/625 195/363/619
f 199/369/625 201/371/626 195/363/619
f 241/373/627 164/372/628 239/374/629
f 195/363/619 201/371/626 191/365/620
f 187/376/630 189/375/631 185/377/632
f 189/375/631 191/365/620 185/377/632
f 175/379/633 177/378/634 173/380/635
f 177/378/634 179/381/636 173/380/635
f 173/380/635 179/381/636 171/382/404
f 179/381/636 181/383/637 171/382/404
f 235/385/638 237/384/639 233/386/640
f 237/384/639 239/374/629 233/386/640
f 239/374/629 164/372/628 233/386/640
f 185/377/632 191/365/620 183/387/641
f 183/387/641 191/365/620 181/383/637
f 181/383/637 191/365/620 171/382/404
f 171/382/404 191/365/620 169/388/642
f 191/365/620 201/371/626 169/388/642
f 225/390/643 227/389/644 223/391/645
f 233/386/640 164/372/628 231/392/646
f 164/372/628 162/393/637 231/392/646
f 162/393/637 165/394/618 231/392/646
f 231/392/646 165/394/618 229/395/647
f 229/395/647 165/394/618 227/389/644
f 227/389/644 165/394/618 223/391/645
f 165/394/618 167/396/648 223/391/645
f 223/391/645 167/396/648 221/397/649
f 167/396/648 169/388/642 221/397/649
f 221/397/649 169/388/642 219/398/650
f 219/398/650 169/388/642 217/399/651
f 169/388/642 201/371/626 217/399/651
f 217/399/651 201/371/626 215/400/652
f 215/400/652 201/371/626 213/401/653
f 213/401/653 201/371/626 211/366/622
f 211/366/622 201/371/626 207/368/623
f 201/371/626 203/402/654 207/368/623
f 203/402/654 205/403/655 207/368/623
usemtl 3d66_Standardmaterial_17342430_133
f 282/458/752 280/459/753 278/460/754
f 284/461/755 282/458/752 278/460/754
f 284/461/755 278/460/754 276/462/756
f 286/463/757 284/461/755 276/462/756
f 262/464/758 260/465/759 258/466/760
f 264/467/761 262/464/758 258/466/760
f 296/468/762 294/469/763 292/470/764
f 245/471/765 243/472/766 298/473/767
f 288/474/768 286/463/757 276/462/756
f 245/471/765 298/473/767 296/468/762
f 272/475/769 270/476/770 268/477/771
f 274/478/772 272/475/769 268/477/771
f 274/478/772 268/477/771 266/479/773
f 274/478/772 266/479/773 264/467/761
f 274/478/772 264/467/761 258/466/760
f 274/478/772 258/466/760 256/480/767
f 276/462/756 274/478/772 256/480/767
f 288/474/768 276/462/756 256/480/767
f 290/481/774 288/474/768 256/480/767
f 290/481/774 256/480/767 254/482/775
f 290/481/774 254/482/775 252/483/776
f 292/470/764 290/481/774 252/483/776
f 292/470/764 252/483/776 250/484/777
f 296/468/762 292/470/764 250/484/777
f 245/471/765 296/468/762 250/484/777
f 245/471/765 250/484/777 248/485/778
f 279/459/779 281/458/780 277/460/781
f 281/458/780 283/461/780 277/460/781
f 277/460/781 283/461/780 275/462/782
f 283/461/780 285/463/783 275/462/782
f 259/465/784 261/464/785 257/466/786
f 261/464/785 263/467/787 257/466/786
f 293/469/788 295/468/789 291/470/782
f 246/472/790 244/471/791 297/473/792
f 285/463/783 287/474/793 275/462/782
f 297/473/792 244/471/791 295/468/789
f 269/476/794 271/475/795 267/477/794
f 271/475/795 273/478/796 267/477/794
f 267/477/794 273/478/796 265/479/797
f 265/479/797 273/478/796 263/467/787
f 263/467/787 273/478/796 257/466/786
f 257/466/786 273/478/796 255/480/788
f 273/478/796 275/462/782 255/480/788
f 275/462/782 287/474/793 255/480/788
f 287/474/793 289/481/798 255/480/788
f 255/480/788 289/481/798 253/482/799
f 253/482/799 289/481/798 251/483/800
f 289/481/798 291/470/782 251/483/800
f 251/483/800 291/470/782 249/484/801
f 291/470/782 295/468/789 249/484/801
f 295/468/789 244/471/791 249/484/801
f 249/484/801 244/471/791 247/485/802
usemtl 3d66_Standardmaterial_17342430_134
f 330/540/900 328/541/901 326/3/902
f 306/542/903 304/543/904 301/544/905
f 324/545/906 322/546/907 320/547/908
f 330/540/900 326/3/902 324/545/906
f 330/540/900 324/545/906 320/547/908
f 330/540/900 320/547/908 318/548/909
f 332/549/910 330/540/900 318/548/909
f 332/549/910 318/548/909 316/550/911
f 336/551/910 334/552/912 332/549/910
f 338/553/913 336/551/910 332/549/910
f 310/554/914 308/555/915 306/542/903
f 312/556/916 310/554/914 306/542/903
f 338/553/913 332/549/910 316/550/911
f 340/557/909 338/553/913 316/550/911
f 342/558/917 340/557/909 316/550/911
f 344/559/918 342/558/917 316/550/911
f 344/559/918 316/550/911 314/560/919
f 346/561/920 344/559/918 314/560/919
f 346/561/920 314/560/919 312/556/916
f 348/562/921 346/561/920 312/556/916
f 348/562/921 312/556/916 306/542/903
f 348/562/921 306/542/903 301/544/905
f 348/562/921 301/544/905 299/563/922
f 348/562/921 299/563/922 356/564/919
f 350/565/923 348/562/921 356/564/919
f 352/566/912 350/565/923 356/564/919
f 352/566/912 356/564/919 354/567/924
f 327/541/925 329/540/926 325/3/927
f 303/543/928 305/542/929 300/544/930
f 321/546/931 323/545/929 319/547/932
f 325/3/927 329/540/926 323/545/929
f 323/545/929 329/540/926 319/547/932
f 319/547/932 329/540/926 317/548/933
f 329/540/926 331/549/934 317/548/933
f 317/548/933 331/549/934 315/550/935
f 333/552/936 335/551/937 331/549/934
f 335/551/937 337/553/935 331/549/934
f 307/555/938 309/554/939 305/542/929
f 309/554/939 311/556/940 305/542/929
f 331/549/934 337/553/935 315/550/935
f 337/553/935 339/557/941 315/550/935
f 339/557/941 341/558/942 315/550/935
f 341/558/942 343/559/943 315/550/935
f 315/550/935 343/559/943 313/560/934
f 343/559/943 345/561/944 313/560/934
f 313/560/934 345/561/944 311/556/940
f 345/561/944 347/562/945 311/556/940
f 311/556/940 347/562/945 305/542/929
f 305/542/929 347/562/945 300/544/930
f 300/544/930 347/562/945 302/563/946
f 302/563/946 347/562/945 355/564/933
f 347/562/945 349/565/940 355/564/933
f 349/565/940 351/566/940 355/564/933
f 355/564/933 351/566/940 353/567/947
usemtl 3d66_Standardmaterial_17342430_135
f 382/694/1091 380/695/1092 378/696/1093
f 384/697/1091 382/694/1091 378/696/1093
f 420/698/1094 418/699/1095 416/700/1096
f 420/698/1094 416/700/1096 414/701/1097
f 420/698/1094 414/701/1097 412/702/1098
f 420/698/1094 412/702/1098 410/703/1099
f 420/698/1094 410/703/1099 408/704/1100
f 420/698/1094 408/704/1100 406/705/1101
f 420/698/1094 406/705/1101 404/706/1102
f 432/707/1103 430/708/1104 428/709/1105
f 420/698/1094 404/706/1102 402/710/1106
f 357/711/1107 448/712/1108 446/713/1109
f 420/698/1094 402/710/1106 400/714/1110
f 384/697/1091 378/696/1093 376/715/1111
f 420/698/1094 400/714/1110 398/716/1112
f 359/717/1113 357/711/1107 446/713/1109
f 422/718/1114 420/698/1094 398/716/1112
f 422/718/1114 398/716/1112 396/719/1115
f 422/718/1114 396/719/1115 394/720/1116
f 422/718/1114 394/720/1116 392/721/1117
f 372/722/1118 370/723/1119 368/724/1120
f 374/725/1113 372/722/1118 368/724/1120
f 422/718/1114 392/721/1117 390/726/1121
f 424/727/1094 422/718/1114 390/726/1121
f 424/727/1094 390/726/1121 388/728/1122
f 426/729/1123 424/727/1094 388/728/1122
f 384/697/1091 376/715/1111 374/725/1113
f 384/697/1091 374/725/1113 368/724/1120
f 386/730/1124 384/697/1091 368/724/1120
f 386/730/1124 368/724/1120 366/731/1093
f 388/728/1122 386/730/1124 366/731/1093
f 426/729/1123 388/728/1122 366/731/1093
f 426/729/1123 366/731/1093 364/732/1093
f 428/709/1105 426/729/1123 364/732/1093
f 428/709/1105 364/732/1093 362/733/1125
f 428/709/1105 362/733/1125 359/717/1113
f 428/709/1105 359/717/1113 446/713/1109
f 432/707/1103 428/709/1105 446/713/1109
f 432/707/1103 446/713/1109 444/734/1126
f 432/707/1103 444/734/1126 442/735/1127
f 434/736/1128 432/707/1103 442/735/1127
f 436/737/1129 434/736/1128 442/735/1127
f 438/738/1130 436/737/1129 442/735/1127
f 438/738/1130 442/735/1127 440/739/1131
f 379/695/1132 381/694/1133 377/696/1134
f 381/694/1133 383/697/1135 377/696/1134
f 417/699/1136 419/698/1137 415/700/1138
f 415/700/1138 419/698/1137 413/701/1139
f 413/701/1139 419/698/1137 411/702/1140
f 411/702/1140 419/698/1137 409/703/1141
f 409/703/1141 419/698/1137 407/704/1142
f 407/704/1142 419/698/1137 405/705/1143
f 405/705/1143 419/698/1137 403/706/1144
f 429/708/1145 431/707/1146 427/709/1147
f 403/706/1144 419/698/1137 401/710/1148
f 447/712/1149 360/711/1150 445/713/1151
f 401/710/1148 419/698/1137 399/714/1152
f 377/696/1134 383/697/1135 375/715/1153
f 399/714/1152 419/698/1137 397/716/1154
f 360/711/1150 358/717/1155 445/713/1151
f 419/698/1137 421/718/1137 397/716/1154
f 397/716/1154 421/718/1137 395/719/1156
f 395/719/1156 421/718/1137 393/720/1157
f 393/720/1157 421/718/1137 391/721/1158
f 369/723/1159 371/722/1160 367/724/1135
f 371/722/1160 373/725/1153 367/724/1135
f 391/721/1158 421/718/1137 389/726/1161
f 421/718/1137 423/727/1162 389/726/1161
f 389/726/1161 423/727/1162 387/728/1163
f 423/727/1162 425/729/1147 387/728/1163
f 375/715/1153 383/697/1135 373/725/1153
f 373/725/1153 383/697/1135 367/724/1135
f 383/697/1135 385/730/1162 367/724/1135
f 367/724/1135 385/730/1162 365/731/1147
f 385/730/1162 387/728/1163 365/731/1147
f 387/728/1163 425/729/1147 365/731/1147
f 365/731/1147 425/729/1147 363/732/1147
f 425/729/1147 427/709/1147 363/732/1147
f 363/732/1147 427/709/1147 361/733/1164
f 361/733/1164 427/709/1147 358/717/1155
f 358/717/1155 427/709/1147 445/713/1151
f 427/709/1147 431/707/1146 445/713/1151
f 445/713/1151 431/707/1146 443/734/1165
f 443/734/1165 431/707/1146 441/735/1166
f 431/707/1146 433/736/1167 441/735/1166
f 433/736/1167 435/737/1168 441/735/1166
f 435/737/1168 437/738/1169 441/735/1166
f 441/735/1166 437/738/1169 439/739/1170
usemtl 3d66_Standardmaterial_17342430_136
f 486/838/1302 484/839/1303 482/840/1304
f 486/838/1302 482/840/1304 480/841/1305
f 472/842/1306 470/3/1307 468/843/1308
f 474/844/1309 472/842/1306 468/843/1308
f 474/844/1309 468/843/1308 466/845/1310
f 498/846/1311 496/847/1312 494/848/1313
f 488/849/1314 486/838/1302 480/841/1305
f 488/849/1314 480/841/1305 478/850/1315
f 488/849/1314 478/850/1315 476/851/1315
f 490/852/1310 488/849/1314 476/851/1315
f 502/853/1316 500/854/1317 498/846/1311
f 504/855/1318 502/853/1316 498/846/1311
f 520/856/1319 518/857/1320 516/858/1321
f 449/859/1322 522/860/1323 520/856/1319
f 451/861/1324 449/859/1322 520/856/1319
f 451/861/1324 520/856/1319 516/858/1321
f 460/862/1325 458/863/1326 456/864/1327
f 504/855/1318 498/846/1311 494/848/1313
f 492/865/1328 490/852/1310 476/851/1315
f 492/865/1328 476/851/1315 474/844/1309
f 516/858/1321 514/866/1329 512/867/1327
f 451/861/1324 516/858/1321 512/867/1327
f 492/865/1328 474/844/1309 466/845/1310
f 492/865/1328 466/845/1310 464/868/1330
f 492/865/1328 464/868/1330 462/869/1331
f 492/865/1328 462/869/1331 460/862/1325
f 492/865/1328 460/862/1325 456/864/1327
f 492/865/1328 456/864/1327 454/870/1322
f 492/865/1328 454/870/1322 451/861/1324
f 492/865/1328 451/861/1324 512/867/1327
f 494/848/1313 492/865/1328 512/867/1327
f 504/855/1318 494/848/1313 512/867/1327
f 506/871/1332 504/855/1318 512/867/1327
f 508/872/1333 506/871/1332 512/867/1327
f 510/873/1334 508/872/1333 512/867/1327
f 483/839/1335 485/838/1336 481/840/1337
f 481/840/1337 485/838/1336 479/841/1338
f 469/3/1339 471/842/1339 467/843/1339
f 471/842/1339 473/844/1339 467/843/1339
f 467/843/1339 473/844/1339 465/845/1340
f 495/847/1341 497/846/1342 493/848/1343
f 485/838/1336 487/849/1344 479/841/1338
f 479/841/1338 487/849/1344 477/850/1345
f 477/850/1345 487/849/1344 475/851/1346
f 487/849/1344 489/852/1347 475/851/1346
f 499/854/1348 501/853/1349 497/846/1342
f 501/853/1349 503/855/1350 497/846/1342
f 517/857/1351 519/856/1352 515/858/1353
f 521/860/1354 452/859/1355 519/856/1352
f 452/859/1355 450/861/1356 519/856/1352
f 519/856/1352 450/861/1356 515/858/1353
f 457/863/1357 459/862/1358 455/864/1359
f 497/846/1342 503/855/1350 493/848/1343
f 489/852/1347 491/865/1360 475/851/1346
f 475/851/1346 491/865/1360 473/844/1339
f 513/866/1361 515/858/1353 511/867/1362
f 515/858/1353 450/861/1356 511/867/1362
f 473/844/1339 491/865/1360 465/845/1340
f 465/845/1340 491/865/1360 463/868/1363
f 463/868/1363 491/865/1360 461/869/1364
f 461/869/1364 491/865/1360 459/862/1358
f 459/862/1358 491/865/1360 455/864/1359
f 455/864/1359 491/865/1360 453/870/1365
f 453/870/1365 491/865/1360 450/861/1356
f 450/861/1356 491/865/1360 511/867/1362
f 491/865/1360 493/848/1343 511/867/1362
f 493/848/1343 503/855/1350 511/867/1362
f 503/855/1350 505/871/1366 511/867/1362
f 505/871/1366 507/872/1367 511/867/1362
f 507/872/1367 509/873/1353 511/867/1362
usemtl 3d66_Standardmaterial_17342430_138
f 525/404/1368 524/405/1369 523/3/1370
f 524/405/1369 526/4/1371 523/3/1370
f 528/874/1372 527/875/1373 525/404/1374
f 527/875/1373 524/405/1375 525/404/1374
f 530/876/1376 529/877/1377 528/874/1378
f 529/877/1377 527/875/1377 528/874/1378
f 532/878/1379 531/879/1380 530/876/1379
f 531/879/1380 529/877/1380 530/876/1379
f 534/880/1381 533/881/1382 532/878/1381
f 533/881/1382 531/879/1382 532/878/1381
f 536/882/1383 535/883/1384 534/880/1384
f 535/883/1384 533/881/1384 534/880/1384
f 538/884/1385 537/885/1386 536/882/1387
f 537/885/1386 535/883/1388 536/882/1387
f 540/886/1389 539/887/1390 538/884/1391
f 539/887/1390 537/885/1390 538/884/1391
f 542/888/1392 541/889/1393 540/886/1394
f 541/889/1393 539/887/1395 540/886/1394
f 544/890/1396 543/891/1397 542/888/1398
f 543/891/1397 541/889/1397 542/888/1398
f 546/892/1399 545/893/1400 544/890/1401
f 545/893/1400 543/891/1400 544/890/1401
f 548/894/1402 547/895/1402 546/892/1402
f 547/895/1402 545/893/1402 546/892/1402
f 550/896/1403 549/897/1404 548/894/1404
f 549/897/1404 547/895/1405 548/894/1404
f 552/898/1406 551/899/1407 550/896/1408
f 551/899/1407 549/897/1409 550/896/1408
f 554/900/1410 553/901/1411 552/898/1411
f 553/901/1411 551/899/1412 552/898/1411
f 556/902/1413 555/903/1414 554/900/1415
f 555/903/1414 553/901/1416 554/900/1415
f 558/904/1417 557/905/1418 556/902/1419
f 557/905/1418 555/903/1420 556/902/1419
f 560/906/1421 559/907/1422 558/904/1421
f 559/907/1422 557/905/1422 558/904/1421
f 562/908/1423 561/909/1424 560/906/1425
f 561/909/1424 559/907/1426 560/906/1425
f 564/910/1427 563/911/1428 562/908/1427
f 563/911/1428 561/909/1428 562/908/1427
f 566/912/1429 565/913/1430 564/910/1431
f 565/913/1430 563/911/1432 564/910/1431
f 568/914/1433 567/915/1434 566/912/1435
f 567/915/1434 565/913/1436 566/912/1435
f 570/916/1437 569/917/1438 568/914/1439
f 569/917/1438 567/915/1438 568/914/1439
f 572/918/1440 571/919/1441 570/916/1440
f 571/919/1441 569/917/1442 570/916/1440
f 574/920/1443 573/921/1444 572/918/1445
f 573/921/1444 571/919/1446 572/918/1445
f 576/922/1447 575/923/1448 574/920/1449
f 575/923/1448 573/921/1450 574/920/1449
f 578/924/1451 577/925/1452 576/922/1453
f 577/925/1452 575/923/1454 576/922/1453
f 580/926/1455 579/927/1456 578/924/1455
f 579/927/1456 577/925/1456 578/924/1455
f 582/928/1457 581/929/1458 580/926/1458
f 581/929/1458 579/927/1459 580/926/1458
f 584/930/1460 583/931/1461 582/928/1462
f 583/931/1461 581/929/1463 582/928/1462
f 586/932/1464 585/933/1465 584/930/1466
f 585/933/1465 583/931/1467 584/930/1466
f 588/934/1468 587/935/1469 586/932/1470
f 587/935/1469 585/933/1471 586/932/1470
f 590/936/1472 589/937/1473 588/934/1474
f 589/937/1473 587/935/1475 588/934/1474
f 592/938/1476 591/939/1477 590/936/1478
f 591/939/1477 589/937/1479 590/936/1478
f 594/940/1480 593/941/1481 592/938/1482
f 593/941/1481 591/939/1483 592/938/1482
f 596/942/1484 595/943/1484 594/940/1484
f 595/943/1484 593/941/1484 594/940/1484
f 598/944/1485 597/945/1486 596/942/1487
f 597/945/1486 595/943/1488 596/942/1487
f 600/946/1489 599/947/1490 598/944/1491
f 599/947/1490 597/945/1492 598/944/1491
f 602/948/1493 601/949/1494 600/946/1495
f 601/949/1494 599/947/1496 600/946/1495
f 604/950/1497 603/951/1498 602/948/1499
f 603/951/1498 601/949/1500 602/948/1499
f 606/952/1501 605/953/1501 604/950/1502
f 605/953/1501 603/951/1503 604/950/1502
f 608/954/1504 607/955/1505 606/952/1506
f 607/955/1505 605/953/1507 606/952/1506
f 610/956/1508 609/957/1509 608/954/1510
f 609/957/1509 607/955/1511 608/954/1510
f 612/59/1512 611/60/1513 610/956/1514
f 611/60/1513 609/957/1515 610/956/1514
f 614/958/1516 613/959/1517 612/59/1518
f 613/959/1517 611/60/1519 612/59/1518
f 616/960/1520 615/961/1521 614/958/1522
f 615/961/1521 613/959/1523 614/958/1522
f 618/962/1524 617/963/1525 616/960/1526
f 617/963/1525 615/961/1527 616/960/1526
f 620/964/1528 619/965/1529 618/962/1530
f 619/965/1529 617/963/1531 618/962/1530
f 622/966/1532 621/967/1532 620/964/1532
f 621/967/1532 619/965/1533 620/964/1532
f 624/968/1534 623/969/1535 622/966/1536
f 623/969/1535 621/967/1537 622/966/1536
f 626/970/1538 625/971/1539 624/968/1540
f 625/971/1539 623/969/1541 624/968/1540
f 628/972/1542 627/973/1543 626/970/1544
f 627/973/1543 625/971/1543 626/970/1544
f 630/974/1545 629/975/1546 628/972/1547
f 629/975/1546 627/973/1548 628/972/1547
f 523/77/1549 526/78/1549 630/974/1549
f 526/78/1549 629/975/1550 630/974/1549
usemtl 3d66_Standardmaterial_17342430_137
f 590/976/1551 588/977/1552 586/978/1553
f 590/976/1551 586/978/1553 584/979/1554
f 604/980/1555 602/981/1556 600/982/1557
f 606/983/1558 604/980/1555 600/982/1557
f 608/984/1559 606/983/1558 600/982/1557
f 608/984/1559 600/982/1557 598/985/1560
f 610/986/1560 608/984/1559 598/985/1560
f 610/986/1560 598/985/1560 596/987/1561
f 612/988/1561 610/986/1560 596/987/1561
f 614/989/1562 612/988/1561 596/987/1561
f 614/989/1562 596/987/1561 594/990/1563
f 552/991/1564 550/992/1565 548/993/1565
f 554/994/1565 552/991/1564 548/993/1565
f 554/994/1565 548/993/1565 546/995/1566
f 554/994/1565 546/995/1566 544/996/1567
f 590/976/1551 584/979/1554 582/997/1568
f 592/998/1569 590/976/1551 582/997/1568
f 592/998/1569 582/997/1568 580/999/1570
f 614/989/1562 594/990/1563 592/998/1569
f 616/1000/1571 614/989/1562 592/998/1569
f 616/1000/1571 592/998/1569 580/999/1570
f 525/1001/1564 523/1002/1572 630/1003/1564
f 544/996/1567 542/1004/1557 540/1005/1573
f 554/994/1565 544/996/1567 540/1005/1573
f 554/994/1565 540/1005/1573 538/1006/1564
f 562/1007/1574 560/1008/1575 558/1009/1559
f 564/1010/1559 562/1007/1574 558/1009/1559
f 528/1011/1576 525/1001/1564 630/1003/1564
f 530/1012/1577 528/1011/1576 630/1003/1564
f 532/1013/1565 530/1012/1577 630/1003/1564
f 534/1014/1564 532/1013/1565 630/1003/1564
f 534/1014/1564 630/1003/1564 628/1015/1564
f 534/1014/1564 628/1015/1564 626/1016/1578
f 536/1017/1566 534/1014/1564 626/1016/1578
f 538/1006/1564 536/1017/1566 626/1016/1578
f 554/994/1565 538/1006/1564 626/1016/1578
f 554/994/1565 626/1016/1578 624/1018/1579
f 554/994/1565 624/1018/1579 622/1019/1580
f 554/994/1565 622/1019/1580 620/1020/1567
f 556/1021/1580 554/994/1565 620/1020/1567
f 556/1021/1580 620/1020/1567 618/1022/1567
f 558/1009/1559 556/1021/1580 618/1022/1567
f 558/1009/1559 618/1022/1567 616/1000/1571
f 558/1009/1559 616/1000/1571 580/999/1570
f 558/1009/1559 580/999/1570 578/1023/1581
f 564/1010/1559 558/1009/1559 578/1023/1581
f 566/1024/1582 564/1010/1559 578/1023/1581
f 566/1024/1582 578/1023/1581 576/1025/1583
f 568/1026/1584 566/1024/1582 576/1025/1583
f 568/1026/1584 576/1025/1583 574/1027/1585
f 570/1028/1582 568/1026/1584 574/1027/1585
f 570/1028/1582 574/1027/1585 572/1029/1586
f 587/977/1587 589/976/1588 585/978/1589
f 585/978/1589 589/976/1588 583/979/1590
f 601/981/1591 603/980/1591 599/982/1592
f 603/980/1591 605/983/1593 599/982/1592
f 605/983/1593 607/984/1594 599/982/1592
f 599/982/1592 607/984/1594 597/985/1595
f 607/984/1594 609/986/1596 597/985/1595
f 597/985/1595 609/986/1596 595/987/1597
f 609/986/1596 611/988/1596 595/987/1597
f 611/988/1596 613/989/1598 595/987/1597
f 595/987/1597 613/989/1598 593/990/1599
f 549/992/1600 551/991/1600 547/993/1600
f 551/991/1600 553/994/1600 547/993/1600
f 547/993/1600 553/994/1600 545/995/1601
f 545/995/1601 553/994/1600 543/996/1600
f 583/979/1590 589/976/1588 581/997/1602
f 589/976/1588 591/998/1603 581/997/1602
f 581/997/1602 591/998/1603 579/999/1604
f 593/990/1599 613/989/1598 591/998/1603
f 613/989/1598 615/1000/1605 591/998/1603
f 591/998/1603 615/1000/1605 579/999/1604
f 526/1002/1593 524/1001/1606 629/1003/1597
f 541/1004/1607 543/996/1600 539/1005/1600
f 543/996/1600 553/994/1600 539/1005/1600
f 539/1005/1600 553/994/1600 537/1006/1596
f 559/1008/1608 561/1007/1609 557/1009/1610
f 561/1007/1609 563/1010/1595 557/1009/1610
f 524/1001/1606 527/1011/1597 629/1003/1597
f 527/1011/1597 529/1012/1597 629/1003/1597
f 529/1012/1597 531/1013/1597 629/1003/1597
f 531/1013/1597 533/1014/1597 629/1003/1597
f 629/1003/1597 533/1014/1597 627/1015/1597
f 627/1015/1597 533/1014/1597 625/1016/1597
f 533/1014/1597 535/1017/1597 625/1016/1597
f 535/1017/1597 537/1006/1596 625/1016/1597
f 537/1006/1596 553/994/1600 625/1016/1597
f 625/1016/1597 553/994/1600 623/1018/1611
f 623/1018/1611 553/994/1600 621/1019/1612
f 621/1019/1612 553/994/1600 619/1020/1613
f 553/994/1600 555/1021/1614 619/1020/1613
f 619/1020/1613 555/1021/1614 617/1022/1615
f 555/1021/1614 557/1009/1610 617/1022/1615
f 617/1022/1615 557/1009/1610 615/1000/1605
f 615/1000/1605 557/1009/1610 579/999/1604
f 579/999/1604 557/1009/1610 577/1023/1616
f 557/1009/1610 563/1010/1595 577/1023/1616
f 563/1010/1595 565/1024/1595 577/1023/1616
f 577/1023/1616 565/1024/1595 575/1025/1617
f 565/1024/1595 567/1026/1618 575/1025/1617
f 575/1025/1617 567/1026/1618 573/1027/1596
f 567/1026/1618 569/1028/1594 573/1027/1596
f 573/1027/1596 569/1028/1594 571/1029/1619
