# Blender 4.3.2
# www.blender.org
mtllib 兽6.mtl
o 兽6
v -0.172418 -0.132627 1.129632
v -0.172202 -0.133226 1.129900
v -0.170781 -0.134151 1.126830
v -0.170996 -0.133551 1.126563
v -0.171369 -0.132459 1.130078
v -0.169947 -0.133382 1.127009
v -0.171198 -0.131590 1.129919
v -0.169776 -0.132514 1.126849
v -0.170152 -0.130457 1.130097
v -0.168729 -0.131380 1.127027
v -0.170439 -0.129572 1.129718
v -0.169016 -0.130495 1.126648
v -0.169518 -0.129005 1.129994
v -0.168096 -0.129928 1.126923
v -0.169730 -0.128695 1.129809
v -0.168307 -0.129618 1.126738
v -0.168758 -0.127814 1.130022
v -0.167334 -0.128736 1.126950
v -0.168968 -0.127465 1.129827
v -0.167545 -0.128387 1.126755
v -0.168568 -0.125941 1.129593
v -0.167145 -0.126862 1.126521
v -0.167970 -0.125552 1.129767
v -0.166546 -0.126473 1.126695
v -0.168182 -0.125361 1.129614
v -0.166758 -0.126282 1.126542
v -0.166872 -0.124135 1.129891
v -0.165447 -0.125055 1.126818
v -0.167041 -0.123871 1.129738
v -0.165616 -0.124791 1.126666
v -0.166745 -0.123242 1.129704
v -0.165321 -0.124162 1.126631
v -0.165307 -0.123389 1.130419
v -0.163882 -0.124308 1.127345
v -0.165233 -0.121615 1.129964
v -0.163807 -0.122534 1.126890
v -0.165786 -0.121289 1.129614
v -0.164361 -0.122208 1.126541
v -0.165457 -0.120540 1.129562
v -0.164031 -0.121459 1.126488
v -0.165778 -0.120028 1.129269
v -0.164353 -0.120946 1.126195
v -0.169333 -0.119996 1.127592
v -0.167909 -0.120917 1.124521
v -0.170300 -0.122473 1.127823
v -0.168876 -0.123395 1.124752
v -0.170864 -0.122955 1.127691
v -0.169441 -0.123878 1.124621
v -0.169954 -0.120055 1.127317
v -0.168531 -0.120976 1.124246
v -0.171657 -0.119970 1.126494
v -0.170234 -0.120892 1.123424
v -0.172901 -0.124577 1.127181
v -0.171480 -0.125500 1.124112
v -0.172751 -0.125837 1.127600
v -0.171329 -0.126761 1.124531
v -0.171863 -0.127078 1.128360
v -0.170441 -0.128002 1.125291
v -0.172358 -0.128354 1.128479
v -0.170936 -0.129278 1.125411
v -0.173249 -0.128960 1.128229
v -0.171829 -0.129885 1.125160
v -0.173621 -0.128522 1.127932
v -0.172200 -0.129446 1.124864
v -0.175126 -0.130788 1.127851
v -0.173706 -0.131713 1.124784
v -0.174928 -0.131437 1.128123
v -0.173508 -0.132363 1.125056
v -0.174513 -0.131478 1.128330
v -0.173093 -0.132403 1.125263
v -0.174339 -0.131811 1.128504
v -0.172918 -0.132737 1.125437
v -0.173508 -0.131867 1.128910
v -0.172087 -0.132792 1.125842
v -0.172806 -0.132981 1.129548
v -0.171385 -0.133906 1.126479
v -0.189291 -0.131670 1.121991
v -0.188745 -0.131695 1.122255
v -0.187401 -0.132589 1.119347
v -0.187948 -0.132565 1.119084
v -0.188439 -0.132210 1.122543
v -0.187096 -0.133105 1.119634
v -0.187816 -0.132090 1.122802
v -0.186472 -0.132984 1.119893
v -0.187947 -0.132363 1.122817
v -0.186603 -0.133257 1.119908
v -0.187076 -0.132388 1.123234
v -0.185732 -0.133282 1.120324
v -0.186827 -0.132875 1.123486
v -0.185483 -0.133768 1.120576
v -0.186478 -0.132428 1.123526
v -0.185133 -0.133321 1.120616
v -0.185890 -0.133015 1.123967
v -0.184544 -0.133908 1.121056
v -0.185576 -0.131773 1.123768
v -0.184230 -0.132666 1.120857
v -0.185061 -0.130712 1.123715
v -0.183715 -0.131605 1.120803
v -0.185211 -0.130087 1.123470
v -0.183864 -0.130979 1.120559
v -0.184234 -0.129433 1.123748
v -0.182888 -0.130325 1.120835
v -0.184381 -0.129123 1.123592
v -0.183034 -0.130015 1.120679
v -0.183893 -0.128378 1.123615
v -0.182545 -0.129270 1.120702
v -0.183154 -0.127768 1.123792
v -0.181806 -0.128659 1.120878
v -0.183459 -0.127422 1.123552
v -0.182111 -0.128313 1.120638
v -0.183321 -0.126473 1.123353
v -0.181974 -0.127364 1.120439
v -0.182507 -0.126165 1.123650
v -0.181158 -0.127055 1.120735
v -0.182609 -0.125665 1.123462
v -0.181260 -0.126555 1.120548
v -0.180911 -0.124286 1.123877
v -0.179561 -0.125176 1.120962
v -0.180563 -0.123546 1.123835
v -0.179214 -0.124435 1.120918
v -0.181378 -0.123847 1.123535
v -0.180029 -0.124736 1.120620
v -0.180527 -0.122429 1.123540
v -0.179177 -0.123318 1.120623
v -0.180900 -0.122291 1.123326
v -0.179550 -0.123180 1.120410
v -0.180312 -0.120864 1.123205
v -0.178961 -0.121752 1.120288
v -0.180831 -0.120911 1.122975
v -0.179482 -0.121800 1.120057
v -0.180769 -0.120364 1.122851
v -0.179419 -0.121252 1.119934
v -0.179671 -0.119896 1.123237
v -0.178320 -0.120785 1.120319
v -0.182684 -0.120037 1.121859
v -0.181335 -0.120926 1.118944
v -0.182774 -0.120452 1.121932
v -0.181425 -0.121341 1.119018
v -0.184703 -0.123645 1.121915
v -0.183355 -0.124536 1.119002
v -0.185082 -0.123079 1.121579
v -0.183735 -0.123970 1.118667
v -0.184517 -0.120571 1.121146
v -0.183169 -0.121461 1.118233
v -0.186077 -0.120592 1.120418
v -0.184731 -0.121483 1.117507
v -0.187267 -0.125444 1.121210
v -0.185923 -0.126337 1.118299
v -0.186610 -0.127553 1.122106
v -0.185264 -0.128446 1.119195
v -0.187657 -0.129470 1.122147
v -0.186313 -0.130364 1.119238
v -0.188005 -0.128556 1.121729
v -0.186660 -0.129449 1.118820
v -0.188521 -0.129359 1.121709
v -0.187177 -0.130253 1.118801
v -0.188719 -0.130514 1.121939
v -0.187375 -0.131408 1.119031
v -0.189312 -0.130702 1.121711
v -0.187969 -0.131596 1.118804
v -0.222890 -0.133594 1.105789
v -0.222689 -0.133152 1.105760
v -0.222006 -0.133623 1.104275
v -0.222208 -0.134066 1.104304
v -0.222754 -0.132157 1.105452
v -0.222072 -0.132628 1.103967
v -0.222389 -0.131244 1.105368
v -0.221705 -0.131715 1.103884
v -0.222348 -0.129546 1.104914
v -0.221665 -0.130016 1.103429
v -0.222064 -0.129549 1.105049
v -0.221381 -0.130020 1.103563
v -0.221212 -0.131054 1.105867
v -0.220528 -0.131525 1.104381
v -0.220813 -0.131630 1.106215
v -0.220129 -0.132101 1.104728
v -0.219727 -0.130988 1.106546
v -0.219042 -0.131459 1.105058
v -0.219541 -0.128353 1.105898
v -0.218856 -0.128823 1.104410
v -0.219833 -0.128025 1.105669
v -0.219149 -0.128495 1.104181
v -0.219466 -0.125263 1.105072
v -0.218781 -0.125733 1.103582
v -0.219782 -0.124910 1.104825
v -0.219098 -0.125380 1.103336
v -0.226140 -0.125890 1.102120
v -0.225460 -0.126361 1.100639
v -0.226441 -0.127029 1.102296
v -0.225761 -0.127500 1.100816
v -0.226120 -0.128775 1.102933
v -0.225439 -0.129246 1.101452
v -0.226791 -0.128559 1.102558
v -0.226110 -0.129030 1.101079
v -0.226915 -0.129373 1.102727
v -0.226236 -0.129844 1.101247
v -0.227456 -0.129498 1.102508
v -0.226776 -0.129969 1.101030
v -0.227371 -0.129945 1.102672
v -0.226692 -0.130416 1.101193
v -0.226456 -0.130405 1.103229
v -0.225775 -0.130876 1.101749
v -0.226614 -0.130755 1.103252
v -0.225934 -0.131226 1.101772
v -0.226482 -0.131039 1.103394
v -0.225801 -0.131510 1.101913
v -0.226193 -0.131078 1.103539
v -0.225513 -0.131550 1.102059
v -0.225982 -0.131397 1.103727
v -0.225302 -0.131869 1.102247
v -0.225726 -0.131086 1.103761
v -0.225045 -0.131557 1.102280
v -0.225283 -0.130771 1.103880
v -0.224602 -0.131242 1.102399
v -0.225074 -0.130192 1.103817
v -0.224393 -0.130663 1.102335
v -0.224593 -0.130087 1.104013
v -0.223912 -0.130557 1.102530
v -0.224180 -0.130803 1.104406
v -0.223498 -0.131274 1.102923
v -0.224253 -0.131237 1.104493
v -0.223571 -0.131708 1.103010
v -0.223861 -0.132152 1.104931
v -0.223179 -0.132623 1.103449
v -0.224149 -0.132340 1.104849
v -0.223468 -0.132812 1.103366
v -0.224169 -0.132657 1.104928
v -0.223487 -0.133128 1.103446
v -0.224366 -0.133023 1.104938
v -0.223685 -0.133495 1.103454
v -0.224282 -0.133478 1.105103
v -0.223601 -0.133950 1.103621
v -0.223896 -0.133976 1.105423
v -0.223214 -0.134448 1.103941
v -0.224011 -0.134221 1.105437
v -0.223329 -0.134692 1.103955
v -0.223765 -0.134400 1.105603
v -0.223083 -0.134872 1.104120
v -0.223126 -0.134244 1.105859
v -0.222443 -0.134716 1.104376
v -0.222683 -0.133912 1.105974
v -0.222001 -0.134383 1.104490
v -0.144748 -0.131394 1.141125
v -0.144065 -0.131452 1.141460
v -0.142571 -0.132406 1.138237
v -0.143254 -0.132348 1.137903
v -0.143636 -0.131891 1.141783
v -0.142142 -0.132845 1.138559
v -0.142089 -0.131721 1.142457
v -0.140595 -0.132674 1.139233
v -0.141506 -0.131843 1.142762
v -0.140011 -0.132795 1.139539
v -0.139431 -0.129553 1.143097
v -0.137937 -0.130504 1.139873
v -0.138401 -0.126394 1.142703
v -0.136906 -0.127344 1.139479
v -0.135747 -0.123010 1.143003
v -0.134252 -0.123957 1.139778
v -0.134699 -0.123337 1.143580
v -0.133204 -0.124283 1.140357
v -0.134421 -0.122520 1.143484
v -0.132926 -0.123467 1.140260
v -0.134952 -0.120728 1.142742
v -0.133457 -0.121674 1.139517
v -0.134794 -0.119950 1.142600
v -0.133299 -0.120896 1.139376
v -0.135288 -0.119048 1.142120
v -0.133793 -0.119994 1.138897
v -0.138474 -0.118954 1.140612
v -0.136979 -0.119902 1.137388
v -0.139146 -0.119955 1.140575
v -0.137651 -0.120904 1.137352
v -0.139188 -0.121567 1.141002
v -0.137693 -0.122516 1.137778
v -0.140052 -0.122404 1.140831
v -0.138557 -0.123354 1.137607
v -0.139575 -0.119901 1.140362
v -0.138079 -0.120850 1.137138
v -0.139075 -0.118877 1.140311
v -0.137580 -0.119826 1.137087
v -0.140998 -0.118893 1.139419
v -0.139502 -0.119843 1.136196
v -0.141256 -0.120162 1.139649
v -0.139761 -0.121112 1.136426
v -0.142627 -0.124466 1.140200
v -0.141132 -0.125418 1.136976
v -0.141806 -0.126118 1.141039
v -0.140311 -0.127070 1.137816
v -0.141587 -0.127621 1.141557
v -0.140092 -0.128572 1.138334
v -0.142478 -0.128801 1.141468
v -0.140983 -0.129753 1.138245
v -0.143142 -0.128449 1.141061
v -0.141647 -0.129401 1.137837
v -0.143742 -0.129454 1.141059
v -0.142247 -0.130407 1.137836
v -0.144584 -0.130375 1.140920
v -0.143089 -0.131329 1.137697
v -0.159273 -0.132571 1.135440
v -0.157807 -0.132131 1.136021
v -0.156179 -0.133159 1.132590
v -0.157646 -0.133600 1.132010
v -0.157457 -0.132595 1.136318
v -0.155829 -0.133623 1.132887
v -0.157085 -0.132034 1.136341
v -0.155457 -0.133062 1.132909
v -0.156524 -0.132033 1.136609
v -0.154895 -0.133061 1.133178
v -0.156356 -0.131314 1.136489
v -0.154728 -0.132341 1.133058
v -0.156768 -0.131222 1.136266
v -0.155139 -0.132249 1.132836
v -0.155743 -0.129682 1.136329
v -0.154114 -0.130709 1.132897
v -0.154495 -0.126759 1.136114
v -0.152865 -0.127784 1.132682
v -0.152898 -0.125276 1.136466
v -0.151268 -0.126300 1.133034
v -0.151024 -0.122348 1.136548
v -0.149394 -0.123370 1.133115
v -0.150446 -0.123134 1.137043
v -0.148816 -0.124156 1.133610
v -0.149767 -0.122146 1.137094
v -0.148136 -0.123168 1.133660
v -0.149251 -0.119935 1.136725
v -0.147620 -0.120955 1.133291
v -0.155398 -0.119874 1.133766
v -0.153768 -0.120898 1.130335
v -0.155268 -0.120509 1.134005
v -0.153637 -0.121533 1.130574
v -0.156123 -0.121901 1.133983
v -0.154493 -0.122927 1.130551
v -0.155739 -0.119825 1.133589
v -0.154109 -0.120850 1.130158
v -0.156789 -0.119847 1.133092
v -0.155159 -0.120873 1.129661
v -0.157601 -0.122366 1.133403
v -0.155972 -0.123392 1.129973
v -0.158402 -0.124080 1.133496
v -0.156773 -0.125107 1.130066
v -0.158415 -0.125590 1.133910
v -0.156786 -0.126618 1.130480
v -0.157884 -0.126864 1.134518
v -0.156256 -0.127891 1.131088
v -0.158257 -0.128205 1.134713
v -0.156628 -0.129233 1.131283
v -0.159459 -0.129355 1.134456
v -0.157831 -0.130384 1.131027
v -0.160470 -0.129982 1.134145
v -0.158843 -0.131011 1.130716
v -0.161019 -0.130902 1.134138
v -0.159392 -0.131932 1.130709
v -0.160935 -0.131837 1.134438
v -0.159308 -0.132867 1.131010
v -0.159858 -0.131884 1.134969
v -0.158231 -0.132913 1.131539
v -0.199786 -0.134223 1.117313
v -0.198967 -0.133054 1.117388
v -0.197986 -0.133685 1.115359
v -0.198806 -0.134854 1.115285
v -0.198239 -0.132441 1.117574
v -0.197257 -0.133071 1.115545
v -0.197924 -0.130884 1.117292
v -0.196941 -0.131515 1.115262
v -0.197217 -0.128537 1.116982
v -0.196234 -0.129167 1.114951
v -0.195045 -0.126348 1.117436
v -0.194061 -0.126977 1.115404
v -0.194102 -0.127172 1.118132
v -0.193117 -0.127801 1.116099
v -0.193889 -0.126953 1.118176
v -0.192904 -0.127583 1.116142
v -0.193670 -0.125282 1.117813
v -0.192685 -0.125910 1.115780
v -0.194146 -0.122876 1.116904
v -0.193161 -0.123504 1.114870
v -0.194134 -0.121921 1.116642
v -0.193149 -0.122549 1.114608
v -0.198016 -0.122234 1.114819
v -0.197033 -0.122863 1.112789
v -0.197238 -0.123163 1.115463
v -0.196255 -0.123792 1.113432
v -0.196845 -0.123282 1.115690
v -0.195862 -0.123911 1.113658
v -0.197461 -0.125127 1.115904
v -0.196479 -0.125756 1.113874
v -0.198808 -0.125608 1.115376
v -0.197826 -0.126238 1.113347
v -0.198874 -0.125526 1.115321
v -0.197893 -0.126156 1.113291
v -0.198929 -0.125264 1.115220
v -0.197947 -0.125894 1.113191
v -0.198974 -0.124888 1.115093
v -0.197992 -0.125518 1.113064
v -0.199007 -0.124464 1.114957
v -0.198025 -0.125093 1.112929
v -0.199031 -0.124057 1.114832
v -0.198049 -0.124687 1.112803
v -0.199047 -0.123736 1.114733
v -0.198065 -0.124365 1.112705
v -0.199053 -0.123564 1.114682
v -0.198072 -0.124193 1.112653
v -0.199061 -0.123467 1.114651
v -0.198079 -0.124097 1.112623
v -0.199078 -0.123332 1.114604
v -0.198096 -0.123961 1.112576
v -0.199102 -0.123163 1.114546
v -0.198120 -0.123792 1.112517
v -0.199132 -0.122968 1.114476
v -0.198150 -0.123597 1.112447
v -0.199166 -0.122753 1.114399
v -0.198184 -0.123383 1.112370
v -0.199204 -0.122526 1.114316
v -0.198222 -0.123155 1.112288
v -0.199242 -0.122291 1.114232
v -0.198260 -0.122920 1.112203
v -0.200956 -0.122442 1.113432
v -0.199975 -0.123071 1.111405
v -0.200072 -0.124199 1.114359
v -0.199091 -0.124828 1.112331
v -0.200115 -0.125625 1.114738
v -0.199134 -0.126255 1.112711
v -0.200761 -0.127555 1.114962
v -0.199780 -0.128185 1.112935
v -0.199877 -0.129105 1.115831
v -0.198897 -0.129735 1.113804
v -0.200309 -0.130407 1.115984
v -0.199329 -0.131038 1.113957
v -0.201011 -0.129721 1.115446
v -0.200031 -0.130352 1.113420
v -0.201678 -0.131478 1.115611
v -0.200699 -0.132109 1.113585
v -0.202033 -0.131685 1.115494
v -0.201054 -0.132316 1.113469
v -0.202106 -0.132388 1.115656
v -0.201127 -0.133019 1.113631
v -0.201993 -0.132991 1.115880
v -0.201014 -0.133622 1.113855
v -0.201700 -0.133053 1.116042
v -0.200720 -0.133684 1.114017
v -0.201381 -0.132763 1.116118
v -0.200401 -0.133394 1.114092
v -0.201215 -0.133248 1.116335
v -0.200235 -0.133879 1.114309
v -0.200734 -0.133295 1.116585
v -0.199755 -0.133926 1.114559
v -0.200244 -0.134722 1.117228
v -0.199264 -0.135353 1.115201
v -0.209917 -0.132307 1.111820
v -0.210665 -0.130919 1.111072
v -0.209822 -0.131481 1.109283
v -0.209073 -0.132869 1.110031
v -0.210242 -0.130193 1.111072
v -0.209398 -0.130755 1.109283
v -0.210085 -0.129655 1.110996
v -0.209241 -0.130217 1.109208
v -0.209633 -0.129390 1.111139
v -0.208789 -0.129951 1.109350
v -0.209838 -0.128698 1.110847
v -0.208994 -0.129260 1.109057
v -0.209412 -0.127981 1.110850
v -0.208568 -0.128543 1.109061
v -0.209035 -0.126883 1.110724
v -0.208191 -0.127445 1.108933
v -0.209293 -0.126386 1.110461
v -0.208448 -0.126947 1.108671
v -0.208999 -0.125213 1.110272
v -0.208154 -0.125773 1.108483
v -0.207112 -0.123143 1.110600
v -0.206266 -0.123704 1.108807
v -0.209991 -0.123491 1.109313
v -0.209147 -0.124052 1.107524
v -0.210983 -0.126834 1.109774
v -0.210139 -0.127395 1.107987
v -0.211645 -0.126962 1.109492
v -0.210802 -0.127524 1.107705
v -0.211809 -0.125267 1.108938
v -0.210966 -0.125828 1.107152
v -0.212197 -0.124240 1.108464
v -0.211355 -0.124801 1.106677
v -0.211165 -0.123685 1.108804
v -0.210322 -0.124246 1.107017
v -0.215172 -0.124187 1.107021
v -0.214332 -0.124748 1.105239
v -0.213203 -0.124432 1.108035
v -0.212362 -0.124994 1.106250
v -0.212531 -0.126031 1.108806
v -0.211689 -0.126593 1.107019
v -0.212851 -0.128237 1.109270
v -0.212010 -0.128799 1.107484
v -0.212089 -0.130191 1.110183
v -0.211246 -0.130753 1.108397
v -0.212533 -0.130713 1.110116
v -0.211690 -0.131275 1.108331
v -0.212807 -0.130079 1.109807
v -0.211966 -0.130641 1.108021
v -0.213388 -0.131024 1.109792
v -0.212547 -0.131587 1.108008
v -0.213778 -0.130715 1.109518
v -0.212937 -0.131277 1.107734
v -0.214033 -0.131259 1.109548
v -0.213191 -0.131821 1.107765
v -0.213543 -0.132063 1.110009
v -0.212702 -0.132626 1.108225
v -0.213560 -0.132343 1.110079
v -0.212719 -0.132905 1.108295
v -0.213225 -0.132970 1.110416
v -0.212384 -0.133533 1.108632
v -0.212672 -0.132949 1.110675
v -0.211830 -0.133511 1.108890
v -0.212421 -0.132753 1.110742
v -0.211579 -0.133315 1.108956
v -0.212176 -0.133025 1.110936
v -0.211333 -0.133587 1.109150
v -0.211854 -0.132835 1.111037
v -0.211011 -0.133397 1.109251
v -0.211151 -0.133084 1.111445
v -0.210308 -0.133646 1.109658
v -0.211060 -0.132819 1.111414
v -0.210217 -0.133381 1.109627
v -0.210025 -0.132913 1.111939
v -0.209181 -0.133476 1.110150
v -0.092060 -0.144416 1.172288
v -0.089554 -0.144764 1.173507
v -0.086771 -0.146506 1.167271
v -0.089277 -0.146158 1.166053
v -0.087163 -0.143517 1.174233
v -0.084379 -0.145258 1.167996
v -0.085976 -0.141650 1.174248
v -0.083192 -0.143390 1.168012
v -0.085645 -0.139289 1.173744
v -0.082861 -0.141029 1.167507
v -0.087602 -0.135177 1.171731
v -0.084818 -0.136918 1.165495
v -0.087374 -0.131757 1.170887
v -0.084590 -0.133497 1.164652
v -0.089740 -0.127866 1.168753
v -0.086957 -0.129608 1.162516
v -0.088765 -0.126312 1.168759
v -0.085981 -0.128053 1.162524
v -0.088108 -0.126863 1.169206
v -0.085325 -0.128605 1.162970
v -0.086701 -0.125857 1.169557
v -0.083917 -0.127598 1.163321
v -0.085236 -0.123287 1.169504
v -0.082452 -0.125027 1.163267
v -0.083949 -0.119220 1.168955
v -0.081164 -0.120959 1.162718
v -0.081709 -0.113457 1.168365
v -0.078924 -0.115196 1.162128
v -0.103142 -0.111491 1.158226
v -0.100361 -0.113239 1.151993
v -0.105873 -0.119270 1.159153
v -0.103092 -0.121019 1.152921
v -0.109214 -0.122152 1.158454
v -0.106434 -0.123904 1.152223
v -0.113455 -0.123108 1.156821
v -0.110676 -0.124862 1.150591
v -0.113715 -0.122487 1.156533
v -0.110937 -0.124242 1.150303
v -0.114921 -0.122730 1.156061
v -0.112142 -0.124486 1.149831
v -0.115420 -0.123589 1.156075
v -0.112642 -0.125346 1.149845
v -0.118882 -0.126074 1.155214
v -0.116106 -0.127833 1.148985
v -0.118833 -0.128215 1.155828
v -0.116056 -0.129975 1.149599
v -0.119151 -0.129731 1.156104
v -0.116374 -0.131491 1.149875
v -0.118678 -0.130718 1.156589
v -0.115901 -0.132478 1.150360
v -0.117120 -0.130402 1.157198
v -0.114343 -0.132160 1.150968
v -0.115647 -0.129887 1.157714
v -0.112869 -0.131643 1.151484
v -0.114302 -0.129905 1.158320
v -0.111524 -0.131660 1.152091
v -0.114003 -0.131918 1.159011
v -0.111224 -0.133673 1.152781
v -0.113691 -0.134777 1.156596
v -0.113191 -0.135093 1.155475
v -0.113124 -0.138611 1.157910
v -0.112624 -0.138927 1.156788
v -0.112335 -0.140174 1.158694
v -0.111836 -0.140490 1.157573
v -0.111247 -0.141399 1.159520
v -0.110747 -0.141715 1.158398
v -0.112575 -0.138449 1.158110
v -0.112074 -0.138764 1.156989
v -0.112431 -0.135575 1.157380
v -0.111930 -0.135891 1.156260
v -0.109480 -0.136017 1.158822
v -0.108980 -0.136332 1.157701
v -0.108254 -0.137958 1.159907
v -0.107754 -0.138273 1.158786
v -0.108453 -0.140620 1.160554
v -0.107953 -0.140936 1.159433
v -0.110303 -0.143187 1.160436
v -0.109804 -0.143502 1.159314
v -0.114542 -0.143667 1.158672
v -0.114043 -0.143983 1.157551
v -0.113584 -0.144328 1.159283
v -0.113084 -0.144644 1.158163
v -0.110661 -0.144086 1.160524
v -0.110160 -0.144402 1.159404
v -0.108579 -0.142578 1.161039
v -0.108079 -0.142893 1.159918
v -0.107100 -0.140053 1.161003
v -0.106599 -0.140368 1.159882
v -0.107156 -0.137774 1.160348
v -0.106656 -0.138089 1.159227
v -0.108956 -0.134837 1.158731
v -0.108456 -0.135152 1.157609
v -0.110288 -0.132692 1.160887
v -0.107509 -0.134445 1.154656
v -0.108962 -0.132517 1.161432
v -0.106183 -0.134269 1.155200
v -0.106005 -0.133128 1.162924
v -0.103225 -0.134878 1.156692
v -0.104074 -0.136089 1.164607
v -0.101293 -0.137838 1.158374
v -0.102230 -0.136941 1.165668
v -0.099449 -0.138689 1.159435
v -0.099533 -0.137416 1.167007
v -0.096752 -0.139162 1.160773
v -0.097430 -0.140454 1.168789
v -0.094648 -0.142200 1.162555
v -0.092150 -0.141751 1.171512
v -0.089367 -0.143494 1.165276
vn -0.8617 -0.4294 -0.2702
vn -0.8620 -0.4292 -0.2698
vn -0.8619 -0.4293 -0.2699
vn -0.8618 -0.4293 -0.2703
vn 0.5449 -0.6991 0.4629
vn 0.5445 -0.6995 0.4629
vn 0.5450 -0.6991 0.4629
vn 0.8923 -0.0944 0.4415
vn 0.8925 -0.0946 0.4411
vn 0.8924 -0.0946 0.4411
vn 0.8922 -0.0943 0.4416
vn 0.6084 -0.6368 0.4737
vn 0.6087 -0.6367 0.4733
vn 0.6087 -0.6367 0.4734
vn 0.6085 -0.6367 0.4737
vn 0.8705 0.4033 0.2820
vn 0.8706 0.4035 0.2816
vn 0.8705 0.4035 0.2816
vn 0.3801 -0.8224 0.4233
vn 0.3798 -0.8227 0.4230
vn 0.3799 -0.8226 0.4231
vn 0.3802 -0.8224 0.4233
vn 0.7650 0.6216 0.1683
vn 0.7649 0.6217 0.1682
vn 0.7648 0.6219 0.1682
vn 0.7649 0.6217 0.1683
vn 0.5386 -0.7051 0.4613
vn 0.5384 -0.7053 0.4611
vn 0.5384 -0.7053 0.4612
vn 0.5386 -0.7050 0.4613
vn 0.7898 0.5830 0.1903
vn 0.7895 0.5834 0.1907
vn 0.7898 0.5831 0.1903
vn 0.8762 -0.1607 0.4544
vn 0.8763 -0.1605 0.4542
vn 0.8762 -0.1606 0.4545
vn 0.4019 -0.8090 0.4289
vn 0.4016 -0.8092 0.4288
vn 0.4017 -0.8092 0.4288
vn 0.4020 -0.8090 0.4289
vn 0.6401 0.7653 0.0669
vn 0.6408 0.7648 0.0670
vn 0.6408 0.7647 0.0671
vn 0.6400 0.7655 0.0669
vn 0.5514 -0.6935 0.4637
vn 0.5513 -0.6939 0.4633
vn 0.5513 -0.6938 0.4634
vn 0.5514 -0.6936 0.4635
vn 0.7777 0.6023 0.1801
vn 0.7776 0.6025 0.1799
vn 0.7776 0.6024 0.1800
vn 0.7777 0.6022 0.1802
vn 0.8048 -0.3518 0.4781
vn 0.8048 -0.3517 0.4782
vn 0.8047 -0.3518 0.4782
vn 0.8048 -0.3517 0.4781
vn -0.1953 -0.9608 0.1970
vn -0.1957 -0.9608 0.1966
vn -0.1955 -0.9608 0.1967
vn -0.1952 -0.9607 0.1971
vn 0.9127 0.0648 0.4035
vn 0.9125 0.0650 0.4040
vn 0.9126 0.0651 0.4037
vn 0.9126 0.0650 0.4037
vn 0.5152 0.8569 -0.0169
vn 0.5150 0.8570 -0.0168
vn 0.5151 0.8570 -0.0168
vn 0.8165 -0.3264 0.4762
vn 0.8167 -0.3264 0.4759
vn 0.8165 -0.3265 0.4762
vn 0.7820 0.5952 0.1848
vn 0.7821 0.5952 0.1848
vn 0.7821 0.5951 0.1849
vn 0.1186 0.9650 -0.2339
vn 0.1190 0.9649 -0.2341
vn 0.1185 0.9650 -0.2339
vn 0.1181 0.9651 -0.2337
vn -0.8353 0.2821 -0.4719
vn -0.8353 0.2821 -0.4718
vn -0.5142 0.7262 -0.4564
vn -0.5140 0.7263 -0.4564
vn 0.8613 -0.2105 0.4624
vn 0.8611 -0.2105 0.4628
vn 0.1531 0.9638 -0.2182
vn 0.1536 0.9637 -0.2183
vn 0.1534 0.9638 -0.2183
vn 0.1529 0.9638 -0.2182
vn -0.8742 0.1682 -0.4556
vn -0.8742 0.1682 -0.4555
vn -0.8740 0.1682 -0.4559
vn -0.9081 -0.2256 -0.3527
vn -0.7546 -0.6369 -0.1579
vn -0.7547 -0.6368 -0.1581
vn -0.7546 -0.6368 -0.1580
vn -0.7546 -0.6369 -0.1578
vn -0.8361 0.2803 -0.4717
vn -0.8360 0.2803 -0.4717
vn -0.8359 0.2805 -0.4718
vn -0.4200 0.7968 -0.4344
vn -0.4194 0.7970 -0.4346
vn -0.4199 0.7968 -0.4344
vn 0.7151 0.6880 0.1237
vn 0.7152 0.6879 0.1236
vn 0.7151 0.6880 0.1236
vn 0.7152 0.6879 0.1238
vn -0.7211 0.4963 -0.4835
vn -0.7210 0.4963 -0.4836
vn -0.7210 0.4963 -0.4835
vn -0.8754 -0.3882 -0.2880
vn -0.8753 -0.3883 -0.2883
vn -0.8756 -0.3878 -0.2880
vn -0.1946 -0.9603 0.2000
vn -0.1948 -0.9603 0.1996
vn -0.1947 -0.9603 0.1996
vn -0.1945 -0.9603 0.2001
vn -0.8147 -0.5389 -0.2142
vn -0.8145 -0.5391 -0.2145
vn -0.1682 -0.9626 0.2125
vn -0.1687 -0.9626 0.2121
vn -0.1686 -0.9626 0.2122
vn -0.1681 -0.9626 0.2125
vn -0.7814 -0.5969 -0.1819
vn -0.7814 -0.5970 -0.1817
vn -0.7814 -0.5970 -0.1818
vn 0.5416 -0.7021 0.4622
vn 0.5417 -0.7020 0.4624
vn 0.5416 -0.7020 0.4624
vn 0.5417 -0.7021 0.4622
vn -0.4126 0.2427 0.8780
vn -0.4129 0.2425 0.8779
vn -0.4125 0.2427 0.8780
vn -0.4132 0.2426 0.8777
vn -0.4134 0.2424 0.8777
vn -0.4130 0.2425 0.8778
vn -0.4122 0.2423 0.8783
vn -0.4130 0.2425 0.8779
vn -0.4122 0.2426 0.8782
vn -0.4119 0.2428 0.8783
vn -0.4106 0.2428 0.8789
vn -0.4119 0.2427 0.8783
vn -0.4116 0.2428 0.8784
vn -0.4152 0.2417 0.8770
vn -0.4133 0.2424 0.8777
vn -0.4125 0.2430 0.8780
vn -0.4113 0.2427 0.8786
vn -0.4119 0.2426 0.8783
vn -0.4121 0.2425 0.8782
vn -0.4126 0.2424 0.8781
vn -0.4126 0.2425 0.8781
vn -0.4123 0.2426 0.8782
vn -0.4121 0.2427 0.8783
vn -0.4118 0.2430 0.8783
vn -0.4125 0.2429 0.8780
vn -0.4126 0.2425 0.8780
vn -0.4121 0.2425 0.8783
vn -0.4116 0.2427 0.8785
vn -0.4117 0.2426 0.8784
vn -0.4117 0.2427 0.8784
vn -0.4125 0.2425 0.8781
vn -0.4126 0.2426 0.8780
vn -0.4118 0.2428 0.8783
vn -0.4120 0.2428 0.8783
vn -0.4111 0.2429 0.8786
vn 0.4120 -0.2427 -0.8783
vn 0.4119 -0.2427 -0.8783
vn 0.4123 -0.2426 -0.8781
vn 0.4108 -0.2429 -0.8788
vn 0.4105 -0.2431 -0.8789
vn 0.4119 -0.2425 -0.8784
vn 0.4122 -0.2427 -0.8782
vn 0.4117 -0.2427 -0.8784
vn 0.4124 -0.2425 -0.8782
vn 0.4116 -0.2430 -0.8784
vn 0.4116 -0.2428 -0.8784
vn 0.4120 -0.2426 -0.8783
vn 0.4117 -0.2428 -0.8784
vn 0.4118 -0.2426 -0.8784
vn 0.4116 -0.2427 -0.8784
vn 0.4120 -0.2425 -0.8783
vn 0.4137 -0.2425 -0.8775
vn 0.4131 -0.2424 -0.8778
vn 0.4123 -0.2427 -0.8781
vn 0.4136 -0.2422 -0.8777
vn 0.4120 -0.2428 -0.8783
vn 0.4118 -0.2425 -0.8784
vn 0.4115 -0.2425 -0.8785
vn 0.4117 -0.2425 -0.8785
vn 0.4110 -0.2429 -0.8787
vn 0.4113 -0.2428 -0.8786
vn 0.4138 -0.2423 -0.8776
vn 0.4124 -0.2425 -0.8781
vn -0.1526 -0.9622 0.2256
vn -0.1532 -0.9622 0.2251
vn -0.1525 -0.9622 0.2256
vn -0.7946 -0.5768 -0.1894
vn -0.7942 -0.5772 -0.1900
vn -0.7942 -0.5771 -0.1900
vn -0.7947 -0.5767 -0.1893
vn 0.0521 -0.9475 0.3154
vn 0.0515 -0.9477 0.3150
vn 0.0516 -0.9477 0.3150
vn 0.0522 -0.9475 0.3154
vn -0.8007 0.3580 -0.4803
vn -0.8007 0.3582 -0.4801
vn -0.8007 0.3583 -0.4802
vn -0.1380 -0.9628 0.2321
vn -0.1385 -0.9629 0.2317
vn -0.1384 -0.9629 0.2318
vn -0.1379 -0.9628 0.2322
vn -0.8193 -0.5313 -0.2156
vn 0.6678 -0.5667 0.4826
vn 0.6680 -0.5664 0.4827
vn 0.6680 -0.5664 0.4826
vn -0.6710 -0.7367 -0.0840
vn -0.6711 -0.7366 -0.0841
vn -0.6712 -0.7365 -0.0843
vn -0.6709 -0.7368 -0.0839
vn 0.8792 -0.1497 0.4524
vn 0.8794 -0.1495 0.4520
vn 0.8793 -0.1496 0.4521
vn 0.7980 -0.3635 0.4808
vn 0.7981 -0.3638 0.4803
vn 0.7981 -0.3636 0.4803
vn 0.7980 -0.3634 0.4808
vn 0.8906 0.3332 0.3095
vn 0.8903 0.3339 0.3096
vn 0.8904 0.3338 0.3096
vn 0.8907 0.3333 0.3091
vn 0.4124 -0.8000 0.4358
vn 0.4125 -0.8001 0.4354
vn 0.4122 -0.8002 0.4356
vn 0.4125 -0.7999 0.4359
vn 0.8306 0.5076 0.2288
vn 0.8306 0.5077 0.2289
vn 0.7249 -0.4895 0.4847
vn 0.7248 -0.4896 0.4848
vn 0.7247 -0.4897 0.4848
vn 0.4995 -0.7364 0.4563
vn 0.4990 -0.7369 0.4561
vn 0.4991 -0.7367 0.4562
vn 0.7060 0.6992 0.1127
vn 0.7063 0.6988 0.1129
vn 0.7062 0.6990 0.1126
vn 0.7059 0.6993 0.1127
vn 0.9021 -0.0407 0.4296
vn 0.9022 -0.0403 0.4295
vn 0.9021 -0.0406 0.4296
vn 0.9019 -0.0406 0.4299
vn 0.2071 -0.9047 0.3723
vn 0.2068 -0.9049 0.3721
vn 0.2068 -0.9048 0.3721
vn 0.2072 -0.9046 0.3724
vn 0.8967 0.3037 0.3221
vn 0.4919 -0.7427 0.4544
vn 0.4918 -0.7428 0.4542
vn 0.4919 -0.7427 0.4543
vn 0.4920 -0.7426 0.4545
vn 0.8050 -0.3498 0.4791
vn 0.8052 -0.3498 0.4789
vn 0.8051 -0.3498 0.4790
vn 0.8052 -0.3493 0.4793
vn -0.2002 0.9075 -0.3693
vn -0.1996 0.9077 -0.3693
vn -0.1997 0.9076 -0.3693
vn -0.2003 0.9075 -0.3693
vn 0.7494 -0.4513 0.4845
vn 0.7493 -0.4516 0.4843
vn 0.7494 -0.4515 0.4844
vn 0.7493 -0.4514 0.4846
vn 0.3943 0.9140 -0.0961
vn 0.3941 0.9140 -0.0962
vn 0.3944 0.9139 -0.0958
vn 0.8272 -0.3006 0.4746
vn 0.8272 -0.3006 0.4747
vn 0.8272 -0.3007 0.4746
vn 0.0342 0.9604 -0.2767
vn 0.0349 0.9604 -0.2765
vn 0.0348 0.9604 -0.2765
vn 0.0341 0.9604 -0.2767
vn 0.9068 -0.0085 0.4214
vn 0.9065 -0.0086 0.4221
vn 0.9065 -0.0087 0.4221
vn 0.9068 -0.0083 0.4214
vn 0.2442 -0.8904 0.3842
vn 0.2439 -0.8906 0.3839
vn 0.2440 -0.8905 0.3840
vn 0.2442 -0.8903 0.3843
vn 0.0735 0.9630 -0.2595
vn 0.0739 0.9629 -0.2596
vn 0.0731 0.9630 -0.2593
vn -0.8879 0.1133 -0.4459
vn -0.8880 0.1135 -0.4456
vn -0.8879 0.1134 -0.4459
vn -0.7475 0.4542 -0.4847
vn -0.7480 0.4541 -0.4840
vn 0.7700 0.6156 0.1679
vn 0.7702 0.6153 0.1680
vn 0.7699 0.6156 0.1679
vn 0.8858 -0.1226 0.4475
vn 0.8860 -0.1224 0.4473
vn 0.8858 -0.1228 0.4476
vn 0.8858 -0.1227 0.4476
vn 0.1020 0.9635 -0.2474
vn 0.1025 0.9635 -0.2474
vn 0.1023 0.9635 -0.2474
vn 0.1018 0.9636 -0.2474
vn -0.8811 0.1426 -0.4510
vn -0.8807 0.1426 -0.4516
vn -0.8810 0.1426 -0.4511
vn -0.8814 0.1426 -0.4504
vn -0.8746 -0.3934 -0.2835
vn -0.8746 -0.3933 -0.2836
vn -0.8746 -0.3934 -0.2836
vn -0.8748 -0.3932 -0.2831
vn -0.7726 0.4117 -0.4833
vn -0.7726 0.4116 -0.4833
vn -0.7725 0.4116 -0.4836
vn 0.8573 0.4443 0.2599
vn 0.8579 0.4438 0.2590
vn 0.8577 0.4440 0.2593
vn 0.8571 0.4446 0.2601
vn -0.7304 0.4808 -0.4851
vn -0.7306 0.4808 -0.4849
vn -0.7306 0.4807 -0.4849
vn -0.8976 0.0679 -0.4355
vn -0.8974 0.0678 -0.4359
vn -0.8975 0.0679 -0.4358
vn -0.8977 0.0674 -0.4355
vn -0.1563 0.9215 -0.3555
vn -0.1555 0.9217 -0.3554
vn -0.1556 0.9217 -0.3554
vn -0.1567 0.9215 -0.3554
vn -0.9146 -0.1302 -0.3829
vn -0.9147 -0.1303 -0.3826
vn -0.9147 -0.1307 -0.3823
vn -0.9147 -0.1301 -0.3827
vn -0.4126 0.2442 0.8776
vn -0.4127 0.2445 0.8774
vn -0.4122 0.2445 0.8777
vn -0.4129 0.2444 0.8774
vn -0.4127 0.2444 0.8775
vn -0.4132 0.2443 0.8773
vn -0.4128 0.2444 0.8774
vn -0.4125 0.2445 0.8775
vn -0.4131 0.2445 0.8772
vn -0.4140 0.2442 0.8769
vn -0.4135 0.2446 0.8770
vn -0.4131 0.2444 0.8773
vn -0.4135 0.2443 0.8771
vn -0.4123 0.2445 0.8776
vn -0.4139 0.2442 0.8770
vn -0.4139 0.2444 0.8769
vn -0.4138 0.2444 0.8770
vn -0.4144 0.2437 0.8768
vn -0.4136 0.2442 0.8771
vn -0.4132 0.2444 0.8772
vn -0.4164 0.2437 0.8759
vn -0.4142 0.2442 0.8768
vn -0.4134 0.2444 0.8771
vn -0.4133 0.2444 0.8772
vn -0.4133 0.2445 0.8772
vn -0.4128 0.2442 0.8775
vn -0.4124 0.2444 0.8776
vn -0.4132 0.2442 0.8773
vn -0.4144 0.2441 0.8768
vn -0.4129 0.2447 0.8773
vn -0.4156 0.2439 0.8762
vn -0.4137 0.2442 0.8770
vn -0.4130 0.2445 0.8773
vn -0.4170 0.2436 0.8757
vn -0.4132 0.2445 0.8772
vn -0.4126 0.2444 0.8775
vn -0.4138 0.2442 0.8770
vn -0.4138 0.2445 0.8769
vn 0.4128 -0.2443 -0.8774
vn 0.4114 -0.2448 -0.8779
vn 0.4117 -0.2445 -0.8779
vn 0.4119 -0.2447 -0.8778
vn 0.4103 -0.2451 -0.8784
vn 0.4112 -0.2449 -0.8780
vn 0.4118 -0.2447 -0.8778
vn 0.4103 -0.2449 -0.8784
vn 0.4117 -0.2446 -0.8779
vn 0.4125 -0.2444 -0.8776
vn 0.4131 -0.2443 -0.8773
vn 0.4124 -0.2444 -0.8776
vn 0.4121 -0.2447 -0.8777
vn 0.4118 -0.2448 -0.8778
vn 0.4118 -0.2446 -0.8778
vn 0.4110 -0.2447 -0.8782
vn 0.4120 -0.2446 -0.8777
vn 0.4120 -0.2445 -0.8778
vn 0.4104 -0.2449 -0.8784
vn 0.4135 -0.2442 -0.8772
vn 0.4118 -0.2446 -0.8779
vn 0.4122 -0.2445 -0.8777
vn 0.4125 -0.2443 -0.8776
vn 0.4129 -0.2443 -0.8774
vn 0.4119 -0.2444 -0.8778
vn 0.4120 -0.2444 -0.8778
vn 0.4140 -0.2442 -0.8769
vn 0.4120 -0.2448 -0.8777
vn 0.4119 -0.2445 -0.8778
vn 0.4108 -0.2448 -0.8782
vn 0.4122 -0.2446 -0.8776
vn 0.4111 -0.2446 -0.8782
vn 0.4116 -0.2444 -0.8780
vn 0.4119 -0.2443 -0.8779
vn 0.4146 -0.2440 -0.8767
vn 0.4138 -0.2443 -0.8770
vn 0.8112 -0.3362 0.4785
vn 0.8107 -0.3363 0.4793
vn 0.8106 -0.3364 0.4793
vn 0.8113 -0.3363 0.4783
vn 0.9148 0.1734 0.3649
vn 0.9143 0.1737 0.3660
vn 0.9145 0.1734 0.3655
vn 0.9150 0.1731 0.3644
vn 0.8308 -0.2899 0.4751
vn 0.8321 -0.2897 0.4729
vn 0.8315 -0.2899 0.4739
vn 0.8302 -0.2901 0.4761
vn 0.9150 0.0837 0.3946
vn 0.9150 0.0838 0.3946
vn -0.1267 -0.9611 0.2455
vn -0.1280 -0.9609 0.2456
vn -0.1279 -0.9609 0.2456
vn -0.1264 -0.9611 0.2454
vn -0.8046 -0.5615 -0.1932
vn -0.8049 -0.5612 -0.1928
vn -0.8047 -0.5614 -0.1932
vn -0.8043 -0.5618 -0.1937
vn -0.7661 -0.6239 -0.1545
vn -0.7664 -0.6235 -0.1547
vn -0.7659 -0.6239 -0.1550
vn -0.7659 -0.6241 -0.1548
vn 0.3596 -0.8292 0.4280
vn 0.3595 -0.8293 0.4278
vn 0.3596 -0.8292 0.4279
vn 0.3597 -0.8291 0.4281
vn 0.9121 0.0362 0.4084
vn 0.9123 0.0361 0.4080
vn 0.9123 0.0362 0.4079
vn 0.9121 0.0362 0.4083
vn 0.7056 0.7010 0.1036
vn 0.7059 0.7007 0.1040
vn 0.7058 0.7007 0.1039
vn 0.7055 0.7011 0.1038
vn 0.9050 -0.0284 0.4246
vn 0.9052 -0.0284 0.4241
vn 0.9047 -0.0283 0.4251
vn 0.9047 -0.0282 0.4252
vn 0.7031 0.7037 0.1022
vn 0.7032 0.7036 0.1023
vn 0.7032 0.7036 0.1022
vn -0.0153 0.9510 -0.3088
vn -0.0151 0.9509 -0.3090
vn -0.0160 0.9513 -0.3079
vn -0.0161 0.9513 -0.3078
vn -0.8763 0.1613 -0.4540
vn -0.8766 0.1613 -0.4534
vn -0.8764 0.1612 -0.4537
vn -0.8762 0.1614 -0.4541
vn -0.9022 -0.2847 -0.3239
vn -0.9021 -0.2845 -0.3244
vn -0.9022 -0.2846 -0.3241
vn 0.3660 0.9222 -0.1249
vn 0.3654 0.9224 -0.1248
vn 0.3658 0.9223 -0.1249
vn -0.9010 0.0494 -0.4310
vn -0.9017 0.0489 -0.4296
vn -0.9014 0.0494 -0.4303
vn -0.9007 0.0495 -0.4315
vn -0.0817 0.9382 -0.3362
vn -0.0814 0.9383 -0.3362
vn -0.0815 0.9383 -0.3362
vn -0.0818 0.9382 -0.3362
vn -0.9023 -0.2874 -0.3214
vn -0.9013 -0.2886 -0.3231
vn -0.9016 -0.2881 -0.3227
vn -0.9024 -0.2872 -0.3213
vn -0.4769 -0.8769 0.0600
vn -0.4766 -0.8771 0.0596
vn -0.4769 -0.8769 0.0599
vn -0.4773 -0.8766 0.0605
vn -0.8103 0.3363 -0.4799
vn -0.8106 0.3361 -0.4795
vn -0.8108 0.3357 -0.4794
vn -0.8101 0.3364 -0.4801
vn -0.8352 -0.5021 -0.2245
vn -0.8359 -0.5010 -0.2240
vn -0.8358 -0.5012 -0.2241
vn -0.8350 -0.5024 -0.2244
vn -0.2304 -0.9529 0.1975
vn -0.2300 -0.9529 0.1975
vn -0.2304 -0.9529 0.1974
vn -0.2303 -0.9529 0.1975
vn -0.7757 -0.6097 -0.1628
vn -0.7765 -0.6089 -0.1622
vn -0.7764 -0.6090 -0.1623
vn -0.7756 -0.6098 -0.1631
vn 0.6490 -0.5865 0.4846
vn 0.6488 -0.5865 0.4849
vn 0.6491 -0.5865 0.4844
vn 0.4353 -0.7806 0.4485
vn 0.4357 -0.7807 0.4480
vn 0.4355 -0.7807 0.4482
vn 0.4348 -0.7809 0.4486
vn 0.8458 -0.2533 0.4696
vn 0.8458 -0.2538 0.4692
vn 0.8459 -0.2536 0.4692
vn 0.8458 -0.2531 0.4696
vn 0.0721 -0.9405 0.3321
vn 0.0719 -0.9406 0.3319
vn 0.0722 -0.9405 0.3321
vn -0.8015 -0.5671 -0.1895
vn -0.8023 -0.5661 -0.1894
vn -0.8019 -0.5667 -0.1893
vn -0.8013 -0.5674 -0.1896
vn -0.8990 0.0640 -0.4333
vn -0.8987 0.0635 -0.4340
vn -0.8987 0.0636 -0.4339
vn -0.8990 0.0641 -0.4333
vn -0.8463 -0.4768 -0.2375
vn -0.8464 -0.4765 -0.2376
vn -0.8463 -0.4766 -0.2378
vn -0.8462 -0.4768 -0.2379
vn -0.4006 0.8040 -0.4395
vn -0.4001 0.8044 -0.4392
vn -0.4004 0.8040 -0.4396
vn -0.4007 0.8039 -0.4395
vn -0.9134 -0.0456 -0.4046
vn -0.9128 -0.0450 -0.4060
vn -0.9129 -0.0453 -0.4056
vn -0.9134 -0.0457 -0.4044
vn -0.7748 0.4051 -0.4854
vn -0.7745 0.4051 -0.4858
vn -0.7749 0.4050 -0.4853
vn -0.9014 -0.2853 -0.3256
vn -0.9028 -0.2845 -0.3227
vn -0.9025 -0.2847 -0.3233
vn -0.9011 -0.2856 -0.3263
vn -0.7403 -0.6594 -0.1309
vn -0.7403 -0.6593 -0.1310
vn -0.7404 -0.6593 -0.1309
vn -0.8032 0.3518 -0.4807
vn -0.8033 0.3521 -0.4803
vn -0.8034 0.3521 -0.4803
vn -0.8032 0.3519 -0.4807
vn -0.5849 -0.8110 -0.0110
vn -0.5858 -0.8104 -0.0103
vn -0.5856 -0.8105 -0.0104
vn -0.5847 -0.8112 -0.0111
vn 0.0926 -0.9358 0.3401
vn 0.0923 -0.9359 0.3398
vn 0.0924 -0.9359 0.3399
vn 0.4568 -0.7652 0.4536
vn 0.4573 -0.7651 0.4533
vn 0.4567 -0.7652 0.4537
vn 0.7794 0.6040 0.1662
vn 0.7796 0.6039 0.1661
vn 0.7795 0.6040 0.1661
vn 0.7794 0.6040 0.1663
vn -0.4114 0.2447 0.8780
vn -0.4112 0.2443 0.8782
vn -0.4112 0.2446 0.8781
vn -0.4114 0.2445 0.8780
vn -0.4123 0.2443 0.8777
vn -0.4137 0.2440 0.8771
vn -0.4126 0.2440 0.8776
vn -0.4111 0.2444 0.8782
vn -0.4113 0.2444 0.8781
vn -0.4121 0.2445 0.8777
vn -0.4117 0.2445 0.8779
vn -0.4109 0.2444 0.8783
vn -0.4115 0.2448 0.8779
vn -0.4119 0.2446 0.8778
vn -0.4111 0.2449 0.8781
vn -0.4117 0.2447 0.8778
vn -0.4117 0.2448 0.8778
vn -0.4116 0.2442 0.8781
vn -0.4115 0.2449 0.8779
vn -0.4067 0.2458 0.8799
vn -0.4103 0.2451 0.8784
vn -0.4112 0.2448 0.8781
vn -0.4114 0.2446 0.8780
vn -0.4154 0.2413 0.8770
vn -0.4108 0.2448 0.8782
vn -0.4114 0.2449 0.8779
vn -0.4119 0.2449 0.8777
vn -0.4117 0.2450 0.8778
vn -0.4109 0.2448 0.8782
vn -0.4116 0.2449 0.8779
vn -0.4110 0.2447 0.8782
vn -0.4118 0.2425 0.8784
vn -0.4102 0.2437 0.8788
vn -0.4113 0.2447 0.8781
vn -0.4095 0.2448 0.8789
vn -0.4129 0.2443 0.8774
vn 0.4097 -0.2445 -0.8788
vn 0.4087 -0.2450 -0.8792
vn 0.4100 -0.2446 -0.8787
vn 0.4100 -0.2448 -0.8786
vn 0.4104 -0.2446 -0.8785
vn 0.4103 -0.2446 -0.8785
vn 0.4100 -0.2445 -0.8787
vn 0.4113 -0.2442 -0.8782
vn 0.4090 -0.2449 -0.8791
vn 0.4100 -0.2449 -0.8786
vn 0.4102 -0.2449 -0.8785
vn 0.4105 -0.2452 -0.8783
vn 0.4101 -0.2445 -0.8787
vn 0.4103 -0.2450 -0.8784
vn 0.4108 -0.2450 -0.8782
vn 0.4108 -0.2451 -0.8782
vn 0.4107 -0.2449 -0.8782
vn 0.4107 -0.2450 -0.8782
vn 0.4106 -0.2444 -0.8785
vn 0.4105 -0.2450 -0.8783
vn 0.4127 -0.2445 -0.8774
vn 0.4201 -0.2433 -0.8743
vn 0.4126 -0.2445 -0.8775
vn 0.4104 -0.2451 -0.8784
vn 0.4121 -0.2424 -0.8783
vn 0.4097 -0.2449 -0.8787
vn 0.4073 -0.2456 -0.8797
vn 0.4107 -0.2448 -0.8783
vn 0.4098 -0.2450 -0.8787
vn 0.4105 -0.2448 -0.8784
vn 0.4103 -0.2449 -0.8785
vn 0.4105 -0.2449 -0.8783
vn 0.4104 -0.2445 -0.8785
vn 0.4094 -0.2448 -0.8789
vn 0.4098 -0.2425 -0.8794
vn 0.4114 -0.2433 -0.8784
vn 0.4101 -0.2447 -0.8786
vn 0.4059 -0.2455 -0.8803
vn 0.4139 -0.2435 -0.8772
vn -0.1807 -0.9627 0.2011
vn -0.1811 -0.9627 0.2008
vn -0.1811 -0.9627 0.2009
vn -0.1807 -0.9627 0.2012
vn -0.6757 -0.7307 -0.0971
vn -0.6758 -0.7307 -0.0967
vn -0.6759 -0.7306 -0.0968
vn -0.6758 -0.7307 -0.0972
vn -0.0148 -0.9607 0.2773
vn -0.0148 -0.9608 0.2767
vn -0.0150 -0.9607 0.2770
vn -0.0146 -0.9606 0.2774
vn -0.2774 -0.9487 0.1517
vn -0.2777 -0.9487 0.1510
vn -0.2778 -0.9486 0.1514
vn -0.2770 -0.9488 0.1519
vn 0.6181 -0.6286 0.4720
vn 0.6184 -0.6286 0.4716
vn 0.6181 -0.6287 0.4720
vn 0.6181 -0.6284 0.4722
vn 0.8579 -0.2221 0.4634
vn 0.8578 -0.2220 0.4635
vn 0.8580 -0.2220 0.4631
vn 0.6703 -0.5679 0.4777
vn 0.6703 -0.5680 0.4776
vn 0.6703 -0.5679 0.4778
vn 0.6703 -0.5678 0.4779
vn -0.3500 -0.9302 0.1108
vn -0.3504 -0.9301 0.1105
vn -0.3500 -0.9302 0.1105
vn -0.3499 -0.9302 0.1109
vn 0.8534 -0.2355 0.4650
vn 0.8534 -0.2358 0.4649
vn 0.8534 -0.2360 0.4648
vn 0.8536 -0.2351 0.4649
vn 0.8763 0.3815 0.2943
vn 0.8764 0.3815 0.2940
vn 0.8763 0.3814 0.2943
vn 0.8911 -0.1003 0.4425
vn 0.8913 -0.1001 0.4422
vn 0.8911 -0.1002 0.4425
vn 0.8056 0.5535 0.2113
vn 0.8059 0.5531 0.2112
vn 0.8057 0.5533 0.2114
vn 0.1332 0.9659 -0.2220
vn 0.1336 0.9658 -0.2221
vn 0.1333 0.9659 -0.2220
vn 0.1329 0.9660 -0.2219
vn -0.7198 0.5005 -0.4811
vn -0.7196 0.5006 -0.4811
vn -0.7197 0.5006 -0.4811
vn -0.7195 0.5005 -0.4814
vn -0.9131 -0.0818 -0.3994
vn -0.9131 -0.0818 -0.3996
vn -0.9130 -0.0818 -0.3997
vn -0.9131 -0.0817 -0.3995
vn -0.5675 0.6802 -0.4639
vn -0.5677 0.6803 -0.4636
vn -0.5677 0.6802 -0.4636
vn -0.5675 0.6802 -0.4640
vn 0.8935 -0.0880 0.4403
vn 0.8935 -0.0878 0.4404
vn 0.8935 -0.0879 0.4403
vn 0.8937 -0.0877 0.4401
vn 0.7983 -0.3658 0.4783
vn 0.7987 -0.3660 0.4777
vn 0.7986 -0.3659 0.4779
vn 0.7985 -0.3656 0.4783
vn 0.1017 0.9661 -0.2373
vn 0.1018 0.9661 -0.2371
vn 0.1019 0.9661 -0.2373
vn 0.1014 0.9661 -0.2373
vn -0.8907 0.1015 -0.4430
vn -0.8908 0.1010 -0.4431
vn -0.8907 0.1016 -0.4430
vn -0.8604 0.2148 -0.4621
vn -0.8605 0.2148 -0.4620
vn -0.8605 0.2147 -0.4620
vn -0.8602 0.2149 -0.4624
vn -0.8214 -0.5235 -0.2264
vn -0.8215 -0.5233 -0.2267
vn -0.8214 -0.5234 -0.2266
vn -0.8214 -0.5236 -0.2263
vn -0.9042 -0.2511 -0.3456
vn -0.9043 -0.2513 -0.3451
vn -0.9043 -0.2511 -0.3452
vn -0.9040 -0.2511 -0.3459
vn -0.6827 0.5515 -0.4794
vn -0.6825 0.5517 -0.4794
vn -0.6827 0.5515 -0.4793
vn 0.4840 0.8744 -0.0338
vn 0.4845 0.8741 -0.0343
vn 0.4841 0.8743 -0.0339
vn 0.4838 0.8745 -0.0340
vn -0.7522 0.4494 -0.4819
vn -0.7522 0.4495 -0.4818
vn -0.7523 0.4494 -0.4817
vn -0.7520 0.4495 -0.4821
vn -0.6145 0.6322 -0.4719
vn -0.6147 0.6321 -0.4718
vn -0.6148 0.6320 -0.4718
vn -0.6146 0.6321 -0.4719
vn -0.8989 0.0583 -0.4342
vn -0.8990 0.0582 -0.4341
vn -0.8990 0.0579 -0.4341
vn -0.8990 0.0580 -0.4341
vn -0.4097 0.2436 0.8791
vn -0.4099 0.2432 0.8791
vn -0.4099 0.2433 0.8791
vn -0.4101 0.2431 0.8791
vn -0.4095 0.2431 0.8794
vn -0.4092 0.2432 0.8795
vn -0.4090 0.2426 0.8797
vn -0.4091 0.2428 0.8796
vn -0.4092 0.2430 0.8795
vn -0.4093 0.2432 0.8794
vn -0.4102 0.2432 0.8790
vn -0.4102 0.2430 0.8790
vn -0.4104 0.2429 0.8790
vn -0.4124 0.2424 0.8782
vn -0.4115 0.2427 0.8785
vn -0.4099 0.2430 0.8792
vn -0.4097 0.2428 0.8793
vn -0.4094 0.2432 0.8793
vn -0.4093 0.2433 0.8794
vn -0.4097 0.2431 0.8792
vn -0.4099 0.2431 0.8792
vn -0.4095 0.2431 0.8793
vn -0.4104 0.2429 0.8789
vn -0.4098 0.2438 0.8790
vn 0.4098 -0.2430 -0.8792
vn 0.4097 -0.2431 -0.8792
vn 0.4098 -0.2431 -0.8792
vn 0.4099 -0.2430 -0.8792
vn 0.4100 -0.2431 -0.8791
vn 0.4095 -0.2433 -0.8793
vn 0.4092 -0.2430 -0.8795
vn 0.4095 -0.2432 -0.8793
vn 0.4093 -0.2433 -0.8794
vn 0.4102 -0.2431 -0.8790
vn 0.4093 -0.2431 -0.8794
vn 0.4102 -0.2433 -0.8789
vn 0.4105 -0.2432 -0.8789
vn 0.4091 -0.2431 -0.8795
vn 0.4095 -0.2430 -0.8794
vn 0.4095 -0.2429 -0.8794
vn 0.4095 -0.2430 -0.8793
vn 0.4095 -0.2428 -0.8794
vn 0.4101 -0.2429 -0.8791
vn 0.4101 -0.2428 -0.8791
vn 0.1418 -0.9276 0.3455
vn 0.1414 -0.9278 0.3452
vn 0.1415 -0.9278 0.3453
vn 0.1419 -0.9276 0.3457
vn -0.7388 -0.6561 -0.1539
vn -0.7389 -0.6560 -0.1540
vn -0.7386 -0.6564 -0.1539
vn 0.7179 -0.4954 0.4891
vn 0.7175 -0.4956 0.4894
vn 0.7176 -0.4956 0.4893
vn -0.1104 -0.9652 0.2370
vn -0.1110 -0.9653 0.2364
vn -0.1109 -0.9653 0.2364
vn -0.1104 -0.9653 0.2367
vn 0.8805 -0.1286 0.4563
vn 0.8806 -0.1284 0.4560
vn 0.8805 -0.1285 0.4563
vn 0.8806 -0.1288 0.4561
vn 0.2889 0.9461 -0.1463
vn 0.2896 0.9460 -0.1454
vn 0.2894 0.9460 -0.1458
vn 0.2890 0.9461 -0.1462
vn 0.7169 -0.4968 0.4891
vn 0.7166 -0.4971 0.4892
vn 0.7168 -0.4970 0.4890
vn 0.7172 -0.4967 0.4887
vn 0.8180 -0.3138 0.4821
vn 0.8178 -0.3139 0.4824
vn 0.8180 -0.3139 0.4821
vn 0.5446 -0.6969 0.4667
vn 0.5444 -0.6971 0.4665
vn 0.5445 -0.6970 0.4666
vn 0.5446 -0.6968 0.4668
vn 0.7285 -0.4798 0.4890
vn 0.7285 -0.4799 0.4889
vn 0.7285 -0.4797 0.4891
vn -0.7443 -0.6483 -0.1604
vn -0.7442 -0.6484 -0.1604
vn -0.7440 -0.6486 -0.1604
vn -0.7443 -0.6483 -0.1605
vn 0.7072 -0.5115 0.4881
vn 0.7071 -0.5117 0.4880
vn 0.8803 -0.1290 0.4565
vn 0.1203 0.9656 -0.2307
vn 0.1207 0.9655 -0.2309
vn 0.1200 0.9657 -0.2305
vn 0.1197 0.9657 -0.2302
vn -0.8915 -0.3080 -0.3320
vn -0.8917 -0.3079 -0.3318
vn -0.8917 -0.3078 -0.3318
vn -0.7399 0.4619 -0.4892
vn -0.7397 0.4619 -0.4893
vn -0.7397 0.4620 -0.4893
vn -0.7396 0.4620 -0.4894
vn 0.8909 -0.0801 0.4470
vn 0.8911 -0.0802 0.4467
vn 0.0944 0.9653 -0.2435
vn 0.0950 0.9653 -0.2434
vn 0.0948 0.9653 -0.2434
vn 0.0943 0.9653 -0.2435
vn -0.8549 0.2175 -0.4710
vn -0.8546 0.2176 -0.4714
vn -0.8022 0.3482 -0.4851
vn -0.8021 0.3482 -0.4851
vn -0.8024 0.3481 -0.4848
vn -0.9101 -0.1022 -0.4015
vn -0.8418 -0.4741 -0.2580
vn -0.8420 -0.4738 -0.2579
vn -0.8418 -0.4742 -0.2580
vn -0.8685 0.1736 -0.4643
vn -0.8684 0.1737 -0.4644
vn -0.8685 0.1737 -0.4644
vn -0.5558 0.6860 -0.4695
vn -0.5556 0.6861 -0.4696
vn -0.5557 0.6861 -0.4695
vn -0.5562 0.6859 -0.4692
vn -0.3788 0.8216 -0.4259
vn -0.3782 0.8218 -0.4262
vn -0.3783 0.8217 -0.4262
vn -0.3787 0.8215 -0.4262
vn -0.7469 0.4494 -0.4901
vn -0.7476 0.4492 -0.4892
vn -0.7473 0.4492 -0.4896
vn -0.7468 0.4494 -0.4902
vn -0.9072 -0.2004 -0.3698
vn -0.9070 -0.2004 -0.3703
vn -0.1492 -0.9643 0.2188
vn -0.1495 -0.9643 0.2185
vn -0.1495 -0.9643 0.2186
vn -0.1492 -0.9643 0.2189
vn -0.7097 -0.6926 -0.1288
vn -0.7101 -0.6922 -0.1287
vn -0.7098 -0.6925 -0.1289
vn -0.7097 -0.6927 -0.1287
vn -0.4188 0.2433 0.8749
vn -0.4188 0.2434 0.8748
vn -0.4188 0.2434 0.8749
vn -0.4189 0.2434 0.8748
vn -0.4191 0.2433 0.8747
vn -0.4194 0.2434 0.8745
vn -0.4193 0.2432 0.8746
vn -0.4186 0.2435 0.8749
vn -0.4181 0.2438 0.8751
vn -0.4191 0.2434 0.8747
vn -0.4193 0.2433 0.8747
vn -0.4198 0.2431 0.8745
vn -0.4198 0.2431 0.8744
vn -0.4171 0.2437 0.8756
vn -0.4183 0.2435 0.8751
vn -0.4192 0.2433 0.8747
vn -0.4193 0.2432 0.8747
vn -0.4194 0.2433 0.8746
vn -0.4195 0.2433 0.8746
vn -0.4195 0.2433 0.8745
vn -0.4189 0.2435 0.8748
vn -0.4197 0.2434 0.8745
vn -0.4193 0.2434 0.8746
vn -0.4204 0.2429 0.8742
vn 0.4187 -0.2434 -0.8749
vn 0.4185 -0.2435 -0.8750
vn 0.4192 -0.2435 -0.8746
vn 0.4199 -0.2434 -0.8743
vn 0.4191 -0.2434 -0.8747
vn 0.4187 -0.2435 -0.8749
vn 0.4195 -0.2433 -0.8745
vn 0.4187 -0.2437 -0.8748
vn 0.4189 -0.2433 -0.8748
vn 0.4189 -0.2434 -0.8748
vn 0.4190 -0.2433 -0.8748
vn 0.4191 -0.2431 -0.8748
vn 0.4179 -0.2436 -0.8752
vn 0.4188 -0.2436 -0.8748
vn 0.4186 -0.2435 -0.8749
vn 0.4194 -0.2432 -0.8746
vn 0.4184 -0.2435 -0.8750
vn 0.4189 -0.2435 -0.8748
vn 0.4190 -0.2434 -0.8747
vn 0.4192 -0.2433 -0.8747
vn 0.4198 -0.2433 -0.8744
vn 0.4194 -0.2433 -0.8746
vn 0.4196 -0.2434 -0.8745
vn 0.6951 -0.5190 0.4975
vn 0.6955 -0.5188 0.4971
vn 0.4965 -0.7314 0.4675
vn 0.4964 -0.7315 0.4675
vn 0.4964 -0.7314 0.4675
vn 0.4962 -0.7314 0.4679
vn 0.8838 -0.0964 0.4577
vn 0.8835 -0.0962 0.4585
vn 0.8838 -0.0962 0.4578
vn 0.8841 -0.0965 0.4573
vn 0.8576 -0.1953 0.4757
vn 0.8576 -0.1954 0.4757
vn 0.5698 -0.6654 0.4823
vn 0.5694 -0.6654 0.4826
vn 0.5697 -0.6654 0.4825
vn 0.5700 -0.6652 0.4823
vn -0.6287 -0.7749 -0.0649
vn -0.6283 -0.7752 -0.0656
vn -0.6285 -0.7751 -0.0652
vn -0.6290 -0.7747 -0.0644
vn 0.5782 -0.6575 0.4831
vn 0.5780 -0.6576 0.4832
vn 0.5779 -0.6577 0.4832
vn 0.5783 -0.6574 0.4831
vn 0.8971 -0.0221 0.4413
vn 0.8974 -0.0220 0.4406
vn 0.8973 -0.0220 0.4409
vn 0.8971 -0.0223 0.4412
vn 0.8911 0.3035 0.3374
vn 0.8913 0.3033 0.3370
vn 0.8910 0.3036 0.3375
vn 0.8908 0.3038 0.3378
vn 0.9076 0.1009 0.4075
vn 0.9072 0.1010 0.4084
vn 0.9072 0.1009 0.4084
vn 0.9076 0.1008 0.4075
vn 0.0506 0.9607 -0.2729
vn 0.0508 0.9606 -0.2731
vn 0.0503 0.9608 -0.2727
vn 0.0501 0.9608 -0.2726
vn -0.7133 -0.6883 -0.1320
vn -0.7134 -0.6881 -0.1322
vn -0.7134 -0.6882 -0.1321
vn -0.7129 -0.6886 -0.1323
vn -0.3485 -0.9297 0.1189
vn -0.3486 -0.9296 0.1192
vn -0.3487 -0.9296 0.1192
vn -0.3485 -0.9297 0.1190
vn -0.8473 0.2269 -0.4802
vn -0.8466 0.2270 -0.4814
vn -0.8470 0.2270 -0.4807
vn -0.8477 0.2269 -0.4795
vn 0.3177 0.9382 -0.1374
vn 0.3188 0.9378 -0.1372
vn -0.1806 0.9113 -0.3700
vn -0.1806 0.9112 -0.3702
vn 0.8246 0.5123 0.2397
vn 0.8268 0.5076 0.2425
vn 0.8966 0.2722 0.3493
vn 0.8967 0.2716 0.3496
vn 0.9041 0.2111 0.3716
vn 0.9040 0.2105 0.3722
vn 0.9062 0.1832 0.3811
vn 0.9060 0.1822 0.3820
vn 0.9069 0.1673 0.3868
vn 0.9068 0.1671 0.3870
vn 0.9072 0.1575 0.3902
vn 0.9071 0.1575 0.3902
vn 0.9063 0.1748 0.3847
vn 0.9063 0.1734 0.3853
vn 0.9035 0.2153 0.3705
vn 0.9035 0.2143 0.3713
vn 0.9006 0.2434 0.3601
vn 0.9003 0.2444 0.3602
vn 0.8986 0.2577 0.3550
vn 0.8985 0.2583 0.3548
vn 0.8972 0.2663 0.3523
vn 0.8976 0.2663 0.3513
vn 0.8967 0.2712 0.3499
vn 0.8967 0.2709 0.3500
vn 0.8963 0.2736 0.3490
vn 0.8963 0.2735 0.3490
vn 0.8964 0.2733 0.3491
vn 0.8961 0.2744 0.3489
vn 0.0443 0.9600 -0.2764
vn 0.0446 0.9600 -0.2765
vn 0.0444 0.9600 -0.2765
vn 0.0441 0.9600 -0.2764
vn -0.8154 -0.5315 -0.2295
vn -0.8154 -0.5315 -0.2294
vn -0.8152 -0.5316 -0.2298
vn -0.8154 -0.5314 -0.2295
vn -0.9069 -0.0827 -0.4132
vn -0.9062 -0.0831 -0.4147
vn -0.9067 -0.0828 -0.4137
vn -0.9073 -0.0825 -0.4123
vn -0.8471 0.2277 -0.4801
vn -0.8471 0.2276 -0.4803
vn -0.8472 0.2277 -0.4801
vn -0.7951 -0.5697 -0.2077
vn -0.7948 -0.5700 -0.2083
vn -0.7952 -0.5697 -0.2075
vn -0.7952 -0.5698 -0.2073
vn -0.8479 0.2250 -0.4801
vn -0.8479 0.2249 -0.4800
vn -0.8479 0.2249 -0.4801
vn -0.8480 0.2245 -0.4801
vn 0.6609 0.7453 0.0879
vn 0.6613 0.7449 0.0877
vn 0.6611 0.7451 0.0880
vn 0.6607 0.7455 0.0880
vn -0.8308 0.2701 -0.4866
vn -0.8311 0.2701 -0.4861
vn -0.8311 0.2702 -0.4862
vn -0.8307 0.2702 -0.4868
vn -0.3454 0.8353 -0.4277
vn -0.3456 0.8354 -0.4274
vn -0.9011 -0.0066 -0.4336
vn -0.9011 -0.0067 -0.4335
vn -0.9011 -0.0067 -0.4336
vn -0.9011 -0.0065 -0.4336
vn -0.8931 -0.2941 -0.3404
vn -0.8936 -0.2936 -0.3396
vn -0.8935 -0.2937 -0.3398
vn -0.8930 -0.2943 -0.3406
vn -0.2850 -0.9456 0.1569
vn -0.2852 -0.9456 0.1564
vn -0.2853 -0.9456 0.1567
vn 0.5281 -0.7042 0.4745
vn 0.5280 -0.7044 0.4743
vn 0.5280 -0.7044 0.4744
vn 0.5282 -0.7043 0.4744
vn -0.8607 -0.4222 -0.2844
vn -0.8606 -0.4227 -0.2840
vn -0.8606 -0.4226 -0.2841
vn -0.8608 -0.4221 -0.2844
vn -0.2004 -0.9586 0.2022
vn -0.2000 -0.9588 0.2015
vn -0.2001 -0.9588 0.2018
vn -0.2002 -0.9587 0.2022
vn -0.8602 -0.4237 -0.2839
vn -0.8606 -0.4232 -0.2834
vn -0.8602 -0.4237 -0.2840
vn 0.6003 -0.6338 0.4878
vn 0.6002 -0.6341 0.4874
vn 0.6000 -0.6340 0.4878
vn 0.6004 -0.6337 0.4878
vn -0.4284 0.2441 0.8700
vn -0.4282 0.2444 0.8700
vn -0.4280 0.2442 0.8701
vn -0.4288 0.2438 0.8699
vn -0.4281 0.2441 0.8701
vn -0.4282 0.2442 0.8701
vn -0.4266 0.2448 0.8707
vn -0.4265 0.2444 0.8709
vn -0.4302 0.2435 0.8693
vn -0.4296 0.2436 0.8696
vn -0.4278 0.2439 0.8704
vn -0.4265 0.2441 0.8709
vn -0.4288 0.2439 0.8698
vn -0.4287 0.2440 0.8699
vn -0.4286 0.2441 0.8699
vn -0.4243 0.2455 0.8716
vn -0.4284 0.2442 0.8700
vn -0.4284 0.2442 0.8699
vn -0.4277 0.2446 0.8702
vn -0.4284 0.2443 0.8699
vn -0.4291 0.2438 0.8697
vn -0.4278 0.2441 0.8703
vn -0.4288 0.2440 0.8698
vn -0.4271 0.2442 0.8706
vn -0.4275 0.2443 0.8704
vn -0.4321 0.2434 0.8684
vn -0.4307 0.2437 0.8690
vn -0.4290 0.2441 0.8697
vn -0.4289 0.2441 0.8698
vn -0.4304 0.2440 0.8690
vn -0.4275 0.2442 0.8704
vn -0.4300 0.2440 0.8692
vn -0.4283 0.2441 0.8701
vn -0.4283 0.2442 0.8700
vn -0.4285 0.2441 0.8699
vn -0.4282 0.2441 0.8701
vn -0.4255 0.2447 0.8712
vn -0.4087 0.2485 0.8782
vn -0.4293 0.2440 0.8696
vn -0.4296 0.2438 0.8695
vn -0.4312 0.2434 0.8688
vn 0.4270 -0.2443 -0.8706
vn 0.4269 -0.2442 -0.8707
vn 0.4274 -0.2443 -0.8704
vn 0.4272 -0.2444 -0.8705
vn 0.4278 -0.2440 -0.8703
vn 0.4278 -0.2438 -0.8704
vn 0.4248 -0.2448 -0.8716
vn 0.4286 -0.2440 -0.8699
vn 0.4260 -0.2448 -0.8710
vn 0.4286 -0.2438 -0.8700
vn 0.4281 -0.2438 -0.8702
vn 0.4266 -0.2445 -0.8708
vn 0.4270 -0.2440 -0.8707
vn 0.4272 -0.2442 -0.8705
vn 0.4276 -0.2441 -0.8704
vn 0.4275 -0.2442 -0.8704
vn 0.4280 -0.2442 -0.8702
vn 0.4261 -0.2445 -0.8710
vn 0.4271 -0.2444 -0.8705
vn 0.4269 -0.2443 -0.8707
vn 0.4278 -0.2442 -0.8703
vn 0.4271 -0.2444 -0.8706
vn 0.4263 -0.2444 -0.8710
vn 0.4272 -0.2441 -0.8706
vn 0.4270 -0.2444 -0.8706
vn 0.4288 -0.2441 -0.8698
vn 0.4298 -0.2438 -0.8694
vn 0.4274 -0.2444 -0.8704
vn 0.4286 -0.2441 -0.8699
vn 0.4272 -0.2443 -0.8705
vn 0.4285 -0.2442 -0.8700
vn 0.4273 -0.2443 -0.8705
vn 0.4269 -0.2444 -0.8706
vn 0.4277 -0.2443 -0.8703
vn 0.4274 -0.2442 -0.8704
vn 0.4400 -0.2415 -0.8649
vn 0.4262 -0.2445 -0.8710
vn 0.4273 -0.2442 -0.8705
vn 0.4261 -0.2444 -0.8710
vn 0.4241 -0.2448 -0.8719
vn 0.8092 0.5491 0.2091
vn 0.8098 0.5484 0.2085
vn 0.8092 0.5490 0.2091
vn 0.8084 0.5498 0.2102
vn 0.7519 -0.4383 0.4924
vn 0.7518 -0.4383 0.4927
vn 0.7517 -0.4387 0.4924
vn 0.7517 -0.4388 0.4923
vn 0.8647 -0.1863 0.4664
vn 0.8645 -0.1867 0.4667
vn 0.8645 -0.1866 0.4666
vn 0.8647 -0.1864 0.4664
vn 0.3540 -0.8316 0.4279
vn 0.3540 -0.8316 0.4278
vn 0.3536 -0.8318 0.4279
vn 0.3540 -0.8317 0.4278
vn 0.8758 0.3839 0.2925
vn 0.8759 0.3839 0.2922
vn 0.8758 0.3839 0.2927
vn 0.8756 0.3842 0.2927
vn 0.7472 -0.4462 0.4926
vn 0.7474 -0.4461 0.4923
vn 0.7472 -0.4461 0.4926
vn 0.7472 -0.4462 0.4925
vn 0.8480 -0.2364 0.4743
vn 0.8478 -0.2366 0.4746
vn 0.8480 -0.2366 0.4742
vn 0.8480 -0.2362 0.4744
vn 0.8157 0.5363 0.2168
vn 0.8154 0.5366 0.2170
vn 0.8155 0.5367 0.2167
vn 0.8156 0.5364 0.2168
vn 0.8760 -0.1458 0.4597
vn 0.8762 -0.1457 0.4593
vn 0.8758 -0.1459 0.4601
vn 0.6073 -0.6302 0.4838
vn 0.6073 -0.6304 0.4836
vn 0.6073 -0.6301 0.4839
vn 0.6073 -0.6300 0.4841
vn 0.0151 0.9562 -0.2923
vn 0.0153 0.9562 -0.2924
vn 0.0149 0.9562 -0.2922
vn 0.0146 0.9563 -0.2920
vn -0.8631 0.1914 -0.4673
vn -0.8631 0.1915 -0.4674
vn -0.8632 0.1914 -0.4672
vn -0.0474 0.9464 -0.3195
vn -0.0470 0.9464 -0.3195
vn -0.0471 0.9464 -0.3195
vn -0.0475 0.9464 -0.3195
vn 0.9084 0.2066 0.3635
vn 0.9084 0.2067 0.3635
vn 0.9083 0.2065 0.3638
vn 0.9086 0.2064 0.3632
vn 0.8557 0.4452 0.2637
vn 0.8558 0.4452 0.2634
vn 0.8558 0.4452 0.2635
vn 0.8555 0.4455 0.2639
vn 0.3194 -0.8506 0.4176
vn 0.3193 -0.8507 0.4175
vn 0.3194 -0.8507 0.4176
vn 0.3195 -0.8506 0.4177
vn 0.0116 0.9554 -0.2950
vn 0.0118 0.9554 -0.2952
vn 0.0112 0.9555 -0.2947
vn 0.0115 0.9555 -0.2949
vn -0.2203 -0.9554 0.1966
vn -0.2203 -0.9554 0.1965
vn -0.2203 -0.9554 0.1967
vn -0.2206 -0.9553 0.1970
vn -0.8442 -0.4749 -0.2487
vn -0.8435 -0.4756 -0.2497
vn -0.8440 -0.4751 -0.2488
vn -0.8447 -0.4744 -0.2477
vn -0.8991 0.0390 -0.4359
vn -0.8992 0.0389 -0.4359
vn -0.8989 0.0388 -0.4364
vn -0.8525 -0.4540 -0.2592
vn -0.8528 -0.4537 -0.2586
vn -0.8525 -0.4541 -0.2591
vn -0.8522 -0.4543 -0.2595
vn -0.6329 0.6010 -0.4880
vn -0.6335 0.6009 -0.4874
vn -0.6333 0.6008 -0.4878
vn -0.6326 0.6012 -0.4883
vn 0.8405 0.4837 0.2441
vn 0.8402 0.4840 0.2446
vn 0.8403 0.4839 0.2444
vn 0.8406 0.4837 0.2440
vn -0.7383 0.4604 -0.4929
vn -0.7379 0.4603 -0.4936
vn -0.7380 0.4604 -0.4934
vn -0.7384 0.4603 -0.4928
vn 0.6053 0.7953 0.0344
vn 0.6048 0.7956 0.0346
vn 0.6055 0.7951 0.0343
vn -0.8009 0.3474 -0.4877
vn -0.8012 0.3477 -0.4870
vn -0.8012 0.3476 -0.4870
vn -0.8008 0.3474 -0.4879
vn -0.7880 -0.5867 -0.1867
vn -0.7883 -0.5863 -0.1866
vn -0.7880 -0.5866 -0.1869
vn -0.7875 -0.5871 -0.1874
vn -0.9092 -0.0478 -0.4136
vn -0.9093 -0.0478 -0.4134
vn -0.9092 -0.0480 -0.4136
vn -0.8115 -0.5454 -0.2098
vn -0.8107 -0.5463 -0.2106
vn -0.8109 -0.5460 -0.2104
vn -0.8118 -0.5451 -0.2094
vn -0.0854 -0.9611 0.2626
vn -0.0857 -0.9612 0.2623
vn -0.0857 -0.9611 0.2624
vn -0.0854 -0.9611 0.2627
vn 0.4682 -0.7555 0.4583
vn 0.4678 -0.7554 0.4589
vn 0.4678 -0.7554 0.4588
vn 0.4683 -0.7555 0.4581
vn -0.6992 -0.7068 -0.1074
vn -0.6994 -0.7067 -0.1072
vn -0.6996 -0.7065 -0.1068
vn -0.6991 -0.7069 -0.1075
vn 0.3554 -0.8305 0.4290
vn 0.3554 -0.8304 0.4290
vn -0.3861 -0.9163 0.1063
vn -0.3870 -0.9159 0.1061
vn -0.3869 -0.9160 0.1061
vn -0.3860 -0.9163 0.1064
vn 0.8476 -0.2388 0.4738
vn 0.8466 -0.2396 0.4752
vn 0.8467 -0.2394 0.4751
vn 0.8477 -0.2387 0.4737
vn -0.1936 -0.9583 0.2101
vn -0.1937 -0.9584 0.2098
vn -0.1937 -0.9583 0.2099
vn -0.1935 -0.9583 0.2102
vn 0.8932 -0.0715 0.4438
vn 0.8932 -0.0714 0.4439
vn -0.4196 0.2448 0.8741
vn -0.4197 0.2444 0.8741
vn -0.4196 0.2447 0.8741
vn -0.4195 0.2446 0.8742
vn -0.4194 0.2451 0.8741
vn -0.4195 0.2451 0.8740
vn -0.4198 0.2448 0.8739
vn -0.4206 0.2447 0.8736
vn -0.4200 0.2450 0.8738
vn -0.4202 0.2448 0.8738
vn -0.4200 0.2448 0.8739
vn -0.4191 0.2451 0.8742
vn -0.4199 0.2448 0.8739
vn -0.4209 0.2446 0.8735
vn -0.4190 0.2450 0.8743
vn -0.4200 0.2442 0.8740
vn -0.4193 0.2449 0.8742
vn -0.4200 0.2449 0.8738
vn -0.4187 0.2453 0.8743
vn -0.4195 0.2451 0.8741
vn -0.4207 0.2447 0.8736
vn -0.4208 0.2449 0.8735
vn -0.4208 0.2447 0.8735
vn -0.4201 0.2449 0.8738
vn -0.4214 0.2447 0.8733
vn -0.4196 0.2449 0.8741
vn -0.4202 0.2451 0.8737
vn -0.4199 0.2450 0.8739
vn -0.4196 0.2449 0.8740
vn -0.4202 0.2446 0.8738
vn -0.4207 0.2450 0.8735
vn -0.4197 0.2449 0.8740
vn -0.4195 0.2450 0.8741
vn -0.4191 0.2450 0.8743
vn -0.4192 0.2440 0.8745
vn 0.4187 -0.2446 -0.8746
vn 0.4184 -0.2444 -0.8748
vn 0.4181 -0.2448 -0.8748
vn 0.4181 -0.2449 -0.8748
vn 0.4182 -0.2452 -0.8746
vn 0.4189 -0.2451 -0.8743
vn 0.4188 -0.2451 -0.8744
vn 0.4187 -0.2450 -0.8745
vn 0.4183 -0.2451 -0.8746
vn 0.4183 -0.2452 -0.8746
vn 0.4178 -0.2452 -0.8748
vn 0.4171 -0.2453 -0.8751
vn 0.4180 -0.2451 -0.8747
vn 0.4179 -0.2452 -0.8748
vn 0.4173 -0.2452 -0.8751
vn 0.4187 -0.2452 -0.8744
vn 0.4195 -0.2450 -0.8741
vn 0.4185 -0.2451 -0.8745
vn 0.4186 -0.2452 -0.8745
vn 0.4198 -0.2449 -0.8740
vn 0.4193 -0.2449 -0.8742
vn 0.4194 -0.2450 -0.8741
vn 0.4170 -0.2457 -0.8751
vn 0.4184 -0.2453 -0.8745
vn 0.4187 -0.2450 -0.8744
vn 0.4187 -0.2451 -0.8744
vn 0.4193 -0.2450 -0.8742
vn 0.4189 -0.2452 -0.8743
vn 0.4204 -0.2447 -0.8737
vn 0.4182 -0.2453 -0.8746
vn -0.2168 -0.9610 0.1717
vn -0.2171 -0.9610 0.1715
vn -0.2170 -0.9610 0.1716
vn -0.2168 -0.9610 0.1718
vn 0.3311 -0.8602 0.3879
vn 0.3309 -0.8603 0.3878
vn 0.3310 -0.8603 0.3878
vn 0.3311 -0.8601 0.3880
vn 0.7450 -0.4775 0.4658
vn 0.7451 -0.4773 0.4658
vn 0.7451 -0.4774 0.4658
vn 0.7450 -0.4776 0.4658
vn 0.9084 -0.0383 0.4162
vn 0.9084 -0.0386 0.4162
vn 0.9084 -0.0385 0.4162
vn 0.8306 0.5076 0.2291
vn 0.8305 0.5077 0.2291
vn 0.9163 0.0371 0.3987
vn 0.7893 0.5841 0.1892
vn 0.7894 0.5839 0.1892
vn 0.7894 0.5840 0.1892
vn 0.7892 0.5842 0.1893
vn 0.7485 -0.4720 0.4659
vn 0.7485 -0.4718 0.4659
vn 0.7485 -0.4719 0.4659
vn 0.7484 -0.4720 0.4659
vn -0.6191 -0.7832 -0.0576
vn -0.6190 -0.7833 -0.0577
vn -0.6188 -0.7835 -0.0573
vn 0.4555 -0.7838 0.4221
vn 0.4552 -0.7838 0.4223
vn 0.4551 -0.7839 0.4224
vn 0.4559 -0.7837 0.4219
vn 0.7731 -0.4309 0.4654
vn 0.7731 -0.4311 0.4653
vn 0.7731 -0.4310 0.4653
vn 0.7732 -0.4308 0.4654
vn 0.8681 -0.2145 0.4477
vn 0.8682 -0.2144 0.4474
vn 0.8682 -0.2146 0.4474
vn 0.8445 -0.2816 0.4556
vn 0.1786 0.9653 -0.1907
vn 0.1788 0.9652 -0.1909
vn 0.1780 0.9655 -0.1900
vn 0.1779 0.9656 -0.1898
vn -0.8572 0.2471 -0.4518
vn -0.8572 0.2470 -0.4518
vn -0.5320 0.7231 -0.4405
vn -0.5318 0.7233 -0.4406
vn -0.5319 0.7232 -0.4405
vn -0.5322 0.7231 -0.4404
vn -0.0949 0.9465 -0.3086
vn -0.0944 0.9465 -0.3087
vn -0.0947 0.9465 -0.3086
vn -0.0952 0.9464 -0.3085
vn 0.8476 0.4703 0.2455
vn 0.8477 0.4702 0.2457
vn 0.8477 0.4701 0.2457
vn 0.8477 0.4702 0.2456
vn -0.0744 0.9507 -0.3010
vn -0.0739 0.9508 -0.3009
vn -0.0740 0.9508 -0.3009
vn -0.0745 0.9507 -0.3010
vn -0.7680 0.4390 -0.4663
vn -0.7682 0.4389 -0.4660
vn -0.7681 0.4390 -0.4663
vn -0.4563 0.7823 -0.4241
vn -0.4559 0.7824 -0.4242
vn -0.4561 0.7823 -0.4242
vn -0.4564 0.7822 -0.4241
vn -0.9188 -0.1283 -0.3734
vn -0.9189 -0.1283 -0.3730
vn -0.8960 0.1097 -0.4304
vn -0.8302 -0.5095 -0.2262
vn -0.8303 -0.5094 -0.2262
vn -0.8302 -0.5094 -0.2262
vn -0.8300 -0.5097 -0.2264
vn 0.0757 -0.9503 0.3021
vn 0.0751 -0.9504 0.3017
vn 0.0752 -0.9504 0.3018
vn 0.0758 -0.9502 0.3022
vn 0.1992 -0.9163 0.3474
vn 0.1988 -0.9165 0.3471
vn 0.1989 -0.9165 0.3471
vn 0.1993 -0.9163 0.3474
vn -0.1127 -0.9683 0.2228
vn -0.1132 -0.9684 0.2224
vn -0.1126 -0.9683 0.2228
vn -0.9085 -0.2500 -0.3347
vn -0.8391 0.2947 -0.4573
vn -0.8403 0.2944 -0.4553
vn -0.8393 0.2946 -0.4569
vn -0.8390 0.2947 -0.4575
vn -0.9092 -0.2487 -0.3339
vn -0.9093 -0.2487 -0.3338
vn -0.9090 -0.2488 -0.3343
vn -0.9090 -0.2488 -0.3344
vn -0.8227 -0.5247 -0.2188
vn -0.8223 -0.5251 -0.2194
vn -0.8228 -0.5246 -0.2185
vn -0.8231 -0.5243 -0.2180
vn -0.7025 -0.7023 -0.1153
vn -0.7015 -0.7030 -0.1165
vn -0.7029 -0.7019 -0.1150
vn -0.7038 -0.7012 -0.1141
vn 0.8386 0.4906 0.2367
vn 0.8386 0.4906 0.2368
vn 0.8382 0.4909 0.2374
vn 0.8381 0.4910 0.2375
vn 0.9176 0.0541 0.3939
vn 0.9174 0.0542 0.3943
vn 0.9184 0.0539 0.3920
vn 0.9187 0.0538 0.3912
vn -0.2269 -0.9591 0.1692
vn -0.2272 -0.9590 0.1694
vn -0.2258 -0.9594 0.1690
vn -0.2255 -0.9595 0.1688
vn -0.7823 -0.5958 -0.1819
vn -0.7824 -0.5957 -0.1816
vn -0.7824 -0.5957 -0.1814
vn -0.7824 -0.5957 -0.1815
vn -0.9159 -0.0290 -0.4003
vn -0.9160 -0.0290 -0.4001
vn -0.9158 -0.0289 -0.4006
vn -0.9157 -0.0289 -0.4008
vn -0.7078 0.5318 -0.4650
vn -0.7075 0.5318 -0.4654
vn -0.7080 0.5316 -0.4648
vn -0.7081 0.5316 -0.4647
vn 0.0032 0.9629 -0.2700
vn 0.0033 0.9628 -0.2701
vn 0.0030 0.9629 -0.2698
vn 0.0030 0.9629 -0.2697
vn -0.5603 -0.8281 -0.0165
vn -0.5604 -0.8281 -0.0168
vn -0.5603 -0.8281 -0.0164
vn -0.5602 -0.8282 -0.0161
vn -0.0299 -0.9656 0.2585
vn -0.0304 -0.9655 0.2587
vn -0.0299 -0.9655 0.2587
vn -0.0299 -0.9655 0.2588
vn 0.4602 -0.7796 0.4247
vn 0.4599 -0.7797 0.4248
vn 0.4602 -0.7796 0.4248
vn 0.4606 -0.7796 0.4244
vn 0.7661 -0.4423 0.4664
vn 0.7661 -0.4423 0.4663
vn 0.9187 0.1300 0.3730
vn 0.9186 0.1300 0.3732
vn 0.7885 0.5860 0.1867
vn 0.7886 0.5859 0.1866
vn 0.7887 0.5858 0.1865
vn 0.7888 0.5857 0.1864
vn 0.9125 0.2198 0.3450
vn 0.9125 0.2197 0.3451
vn 0.9125 0.2196 0.3451
vn 0.9125 0.2198 0.3449
vn 0.0141 -0.9609 0.2765
vn 0.0136 -0.9610 0.2762
vn 0.0136 -0.9610 0.2763
vn 0.0141 -0.9609 0.2766
vn -0.2702 -0.9515 0.1469
vn -0.2706 -0.9515 0.1464
vn -0.2704 -0.9515 0.1466
vn -0.2701 -0.9515 0.1470
vn -0.7757 -0.6061 -0.1759
vn -0.4435 -0.8947 0.0532
vn -0.4438 -0.8946 0.0528
vn -0.4437 -0.8946 0.0529
vn -0.4434 -0.8948 0.0533
vn -0.2465 -0.9562 0.1581
vn -0.2467 -0.9562 0.1578
vn -0.2466 -0.9562 0.1579
vn -0.2462 -0.9563 0.1579
vn -0.7628 -0.6251 -0.1653
vn -0.7629 -0.6251 -0.1654
vn -0.7628 -0.6252 -0.1652
vn -0.2993 -0.9451 0.1308
vn -0.2994 -0.9451 0.1305
vn -0.2992 -0.9451 0.1311
vn -0.9182 -0.1391 -0.3709
vn -0.9183 -0.1393 -0.3706
vn -0.3954 0.2447 0.8853
vn -0.3959 0.2447 0.8851
vn -0.3955 0.2446 0.8853
vn -0.3960 0.2446 0.8851
vn -0.3961 0.2444 0.8851
vn -0.3959 0.2442 0.8852
vn -0.3959 0.2444 0.8852
vn -0.3955 0.2448 0.8852
vn -0.3959 0.2445 0.8852
vn -0.3958 0.2446 0.8852
vn -0.3958 0.2447 0.8851
vn -0.3962 0.2445 0.8850
vn -0.3963 0.2444 0.8850
vn -0.3140 -0.2142 0.9249
vn -0.3956 0.2447 0.8852
vn -0.3962 0.2446 0.8850
vn -0.6344 -0.3049 0.7104
vn -0.4780 -0.2097 0.8530
vn -0.4927 -0.1096 0.8632
vn -0.4013 -0.1058 0.9098
vn -0.3962 0.2447 0.8849
vn -0.3963 0.2446 0.8849
vn -0.3950 0.2449 0.8854
vn -0.3957 0.2448 0.8851
vn -0.3951 0.2448 0.8854
vn -0.3959 0.2446 0.8851
vn -0.3962 0.2448 0.8849
vn -0.3963 0.2447 0.8849
vn -0.3963 0.2446 0.8850
vn -0.3966 0.2445 0.8848
vn -0.3961 0.2446 0.8850
vn -0.3960 0.2447 0.8851
vn -0.3937 0.2450 0.8860
vn -0.3964 0.2444 0.8850
vn -0.3958 0.2445 0.8852
vn -0.3957 0.2447 0.8852
vn -0.3950 0.2448 0.8855
vn 0.3968 -0.2444 -0.8848
vn 0.3992 -0.2440 -0.8838
vn 0.3990 -0.2440 -0.8839
vn 0.3961 -0.2447 -0.8850
vn 0.3961 -0.2448 -0.8850
vn 0.3959 -0.2446 -0.8851
vn 0.3965 -0.2445 -0.8849
vn 0.3962 -0.2448 -0.8849
vn 0.3958 -0.2446 -0.8852
vn 0.3958 -0.2446 -0.8851
vn 0.3915 -0.6450 -0.6562
vn 0.3949 -0.2448 -0.8855
vn 0.3961 -0.2446 -0.8850
vn 0.3960 -0.2447 -0.8850
vn 0.0119 -0.6915 -0.7223
vn 0.2325 -0.6383 -0.7338
vn 0.2487 -0.5593 -0.7908
vn 0.3446 -0.5616 -0.7522
vn 0.3959 -0.2447 -0.8851
vn 0.3959 -0.2444 -0.8852
vn 0.3962 -0.2445 -0.8850
vn 0.3965 -0.2444 -0.8849
vn 0.3952 -0.2447 -0.8854
vn 0.3961 -0.2445 -0.8850
vn 0.3963 -0.2445 -0.8850
vn 0.3966 -0.2445 -0.8848
vn 0.3962 -0.2447 -0.8850
vn 0.3962 -0.2446 -0.8850
vn 0.3960 -0.2446 -0.8851
vn 0.3955 -0.2447 -0.8853
vn 0.3957 -0.2446 -0.8852
vn 0.3954 -0.2446 -0.8853
vn 0.3957 -0.2445 -0.8852
vn 0.3953 -0.2446 -0.8854
vn 0.3956 -0.2446 -0.8853
vt 0.014100 1.000000
vt 0.014100 0.000000
vt 0.000000 0.000000
vt 0.000000 1.000000
vt 0.036400 1.000000
vt 0.036400 0.000000
vt 0.054200 1.000000
vt 0.054200 0.000000
vt 0.084300 1.000000
vt 0.084300 0.000000
vt 0.104700 1.000000
vt 0.104700 0.000000
vt 0.126600 1.000000
vt 0.126600 0.000000
vt 0.135100 1.000000
vt 0.135100 0.000000
vt 0.161000 1.000000
vt 0.161000 0.000000
vt 0.170200 1.000000
vt 0.170200 0.000000
vt 0.201700 1.000000
vt 0.201700 0.000000
vt 0.216000 1.000000
vt 0.216000 0.000000
vt 0.222700 1.000000
vt 0.222700 0.000000
vt 0.258100 1.000000
vt 0.258100 0.000000
vt 0.265200 1.000000
vt 0.265200 0.000000
vt 0.278800 1.000000
vt 0.278800 0.000000
vt 0.311300 1.000000
vt 0.311300 0.000000
vt 0.347900 1.000000
vt 0.347900 0.000000
vt 0.362800 1.000000
vt 0.362800 0.000000
vt 0.378900 1.000000
vt 0.378900 0.000000
vt 0.392600 1.000000
vt 0.392600 0.000000
vt 0.471500 1.000000
vt 0.471500 0.000000
vt 0.523900 1.000000
vt 0.523900 0.000000
vt 0.538600 1.000000
vt 0.538600 0.000000
vt 0.598900 1.000000
vt 0.598900 0.000000
vt 0.636900 1.000000
vt 0.636900 0.000000
vt 0.731900 1.000000
vt 0.731900 0.000000
vt 0.758800 1.000000
vt 0.758800 0.000000
vt 0.793700 1.000000
vt 0.793700 0.000000
vt 0.820700 1.000000
vt 0.820700 0.000000
vt 0.842300 1.000000
vt 0.842300 0.000000
vt 0.855500 1.000000
vt 0.855500 0.000000
vt 0.908400 1.000000
vt 0.908400 0.000000
vt 0.923200 1.000000
vt 0.923200 0.000000
vt 0.932600 1.000000
vt 0.932600 0.000000
vt 0.941100 1.000000
vt 0.941100 0.000000
vt 0.959700 1.000000
vt 0.959700 0.000000
vt 0.989700 1.000000
vt 0.989700 0.000000
vt 1.000000 1.000000
vt 1.000000 0.000000
vt 0.268300 0.418600
vt 0.296500 0.404400
vt 0.330400 0.448400
vt 0.615000 1.000000
vt 0.532700 0.941600
vt 0.651200 0.954900
vt 0.868000 0.646300
vt 1.000000 0.817600
vt 0.816800 0.679200
vt 0.000000 0.252800
vt 0.024600 0.119000
vt 0.169600 0.243300
vt 0.094900 0.095100
vt 0.383000 0.680100
vt 0.413400 0.656900
vt 0.479100 0.723500
vt 0.601600 0.006200
vt 0.800800 0.001000
vt 0.652700 0.225400
vt 0.858700 0.348800
vt 0.689500 0.981800
vt 0.792000 0.898300
vt 0.167500 0.310700
vt 0.192100 0.291000
vt 0.317200 0.589800
vt 0.348200 0.563700
vt 0.529200 0.876100
vt 0.530700 0.001200
vt 0.596300 0.188600
vt 0.117600 0.000000
vt 0.070700 0.038300
vt 0.817600 0.443700
vt 0.691200 0.536600
vt 0.724700 0.633000
vt 0.964800 0.866400
vt 0.915900 0.869400
vt 0.429200 0.790000
vt 0.889400 0.894400
vt 0.011900 1.000000
vt 0.011900 0.000000
vt 0.025200 1.000000
vt 0.025200 0.000000
vt 0.038400 1.000000
vt 0.038400 0.000000
vt 0.044100 1.000000
vt 0.044100 0.000000
vt 0.063000 1.000000
vt 0.063000 0.000000
vt 0.075000 1.000000
vt 0.075000 0.000000
vt 0.085600 1.000000
vt 0.085600 0.000000
vt 0.104500 1.000000
vt 0.104500 0.000000
vt 0.129300 1.000000
vt 0.129300 0.000000
vt 0.151500 1.000000
vt 0.151500 0.000000
vt 0.165100 1.000000
vt 0.165100 0.000000
vt 0.187900 1.000000
vt 0.187900 0.000000
vt 0.195400 1.000000
vt 0.195400 0.000000
vt 0.212200 1.000000
vt 0.212200 0.000000
vt 0.230500 1.000000
vt 0.230500 0.000000
vt 0.240900 1.000000
vt 0.240900 0.000000
vt 0.259800 1.000000
vt 0.259800 0.000000
vt 0.277400 1.000000
vt 0.277400 0.000000
vt 0.288100 1.000000
vt 0.288100 0.000000
vt 0.330000 1.000000
vt 0.330000 0.000000
vt 0.345600 1.000000
vt 0.345600 0.000000
vt 0.363100 1.000000
vt 0.363100 0.000000
vt 0.394400 1.000000
vt 0.394400 0.000000
vt 0.403300 1.000000
vt 0.403300 0.000000
vt 0.432800 1.000000
vt 0.432800 0.000000
vt 0.443900 1.000000
vt 0.443900 0.000000
vt 0.454800 1.000000
vt 0.454800 0.000000
vt 0.478700 1.000000
vt 0.478700 0.000000
vt 0.543300 1.000000
vt 0.543300 0.000000
vt 0.551500 1.000000
vt 0.551500 0.000000
vt 0.621900 1.000000
vt 0.621900 0.000000
vt 0.637100 1.000000
vt 0.637100 0.000000
vt 0.687000 1.000000
vt 0.687000 0.000000
vt 0.720600 1.000000
vt 0.720600 0.000000
vt 0.817300 1.000000
vt 0.817300 0.000000
vt 0.864600 1.000000
vt 0.864600 0.000000
vt 0.905700 1.000000
vt 0.905700 0.000000
vt 0.926900 1.000000
vt 0.926900 0.000000
vt 0.944800 1.000000
vt 0.944800 0.000000
vt 0.967700 1.000000
vt 0.967700 0.000000
vt 0.980400 1.000000
vt 0.980400 0.000000
vt 0.000000 0.001900
vt 0.356900 0.000000
vt 0.124400 0.033800
vt 0.056600 0.283600
vt 0.149500 0.303700
vt 0.087800 0.340100
vt 0.561000 1.000000
vt 0.540700 0.904400
vt 0.639100 0.951300
vt 0.873800 0.641200
vt 0.924300 0.701400
vt 0.820000 0.714400
vt 0.063100 0.074900
vt 0.124400 0.076400
vt 0.113600 0.184000
vt 0.674600 0.984500
vt 0.710800 0.945300
vt 0.814800 0.939100
vt 0.803000 0.918400
vt 0.271100 0.440400
vt 0.067400 0.196400
vt 0.307300 0.602500
vt 0.348300 0.574000
vt 0.386900 0.646800
vt 0.932000 0.790700
vt 0.361900 0.032100
vt 0.567700 0.033600
vt 0.753200 0.028000
vt 0.600900 0.227100
vt 0.828700 0.401600
vt 0.548000 0.273100
vt 0.252200 0.480000
vt 0.344900 0.500500
vt 0.413100 0.727700
vt 0.434800 0.702800
vt 0.520400 0.774300
vt 1.000000 0.802400
vt 0.984200 0.878200
vt 0.918900 0.882900
vt 0.721600 0.569600
vt 0.875500 0.924700
vt 0.494000 0.823900
vt 0.123400 0.999500
vt 0.123400 0.000500
vt 0.077100 0.000500
vt 0.077100 0.999500
vt 0.235200 0.999500
vt 0.235200 0.000500
vt 0.331600 0.999500
vt 0.331600 0.000500
vt 0.520100 0.999500
vt 0.520100 0.000500
vt 0.687200 0.999500
vt 0.687200 0.000500
vt 0.651100 0.000500
vt 0.651100 0.999500
vt 0.664700 0.999500
vt 0.664700 0.000500
vt 0.484500 0.000500
vt 0.484500 0.999500
vt 0.734800 0.999500
vt 0.734800 0.000500
vt 0.999500 0.999500
vt 0.999500 0.000500
vt 0.868200 0.000500
vt 0.868200 0.999500
vt 0.612100 0.999500
vt 0.612100 0.000500
vt 0.320900 0.000500
vt 0.320900 0.999500
vt 0.652900 0.999500
vt 0.652900 0.000500
vt 0.955600 0.999500
vt 0.955600 0.000500
vt 0.869700 0.999500
vt 0.869700 0.000500
vt 0.071500 0.000500
vt 0.071500 0.999500
vt 0.137900 0.999500
vt 0.137900 0.000500
vt 0.015600 0.000500
vt 0.015600 0.999500
vt 0.337200 0.999500
vt 0.337200 0.000500
vt 0.924600 0.999500
vt 0.924600 0.000500
vt 0.836900 0.000500
vt 0.836900 0.999500
vt 0.391600 0.999500
vt 0.391600 0.000500
vt 0.302900 0.000500
vt 0.302900 0.999500
vt 0.932000 0.000500
vt 0.932000 0.999500
vt 0.448200 0.999500
vt 0.448200 0.000500
vt 0.397100 0.000500
vt 0.397100 0.999500
vt 0.137400 0.999500
vt 0.137400 0.000500
vt 0.015900 0.000500
vt 0.015900 0.999500
vt 0.550000 0.999500
vt 0.550000 0.000500
vt 0.513500 0.000500
vt 0.513500 0.999500
vt 0.583700 0.999500
vt 0.583700 0.000500
vt 0.177800 0.999500
vt 0.177800 0.000500
vt 0.140700 0.000500
vt 0.140700 0.999500
vt 0.631300 0.999500
vt 0.631300 0.000500
vt 0.592500 0.000500
vt 0.592500 0.999500
vt 0.399400 0.999500
vt 0.399400 0.000500
vt 0.368700 0.000500
vt 0.368700 0.999500
vt 0.290500 0.999500
vt 0.290500 0.000500
vt 0.237500 0.000500
vt 0.237500 0.999500
vt 0.489000 0.999500
vt 0.489000 0.000500
vt 0.427800 0.000500
vt 0.427800 0.999500
vt 0.371100 0.999500
vt 0.371100 0.000500
vt 0.311000 0.000500
vt 0.311000 0.999500
vt 0.506500 0.000500
vt 0.506500 0.999500
vt 0.639800 0.999500
vt 0.639800 0.000500
vt 0.747600 0.999500
vt 0.747600 0.000500
vt 0.548700 0.999500
vt 0.548700 0.000500
vt 0.513900 0.000500
vt 0.513900 0.999500
vt 0.799200 0.999500
vt 0.799200 0.000500
vt 0.764200 0.000500
vt 0.764200 0.999500
vt 0.837000 0.999500
vt 0.837000 0.000500
vt 0.889000 0.999500
vt 0.889000 0.000500
vt 0.950300 0.999500
vt 0.950300 0.000500
vt 0.975800 0.999500
vt 0.975800 0.000500
vt 0.522000 0.999500
vt 0.522000 0.000500
vt 0.488700 0.000500
vt 0.488700 0.999500
vt 0.601600 0.999500
vt 0.601600 0.000500
vt 0.654400 0.999500
vt 0.654400 0.000500
vt 0.038600 0.000500
vt 0.038600 0.999500
vt 0.925100 0.302700
vt 0.932500 0.391500
vt 0.837200 0.337000
vt 0.792200 0.631400
vt 0.762800 0.600700
vt 0.822500 0.592600
vt 1.000000 0.397000
vt 0.984600 0.448100
vt 0.863000 0.513500
vt 0.345400 0.961800
vt 0.375100 0.923300
vt 0.398300 0.992200
vt 0.870100 0.015100
vt 0.896500 0.137500
vt 0.071000 0.000000
vt 0.131400 0.735000
vt 0.000000 0.679300
vt 0.188300 0.664900
vt 0.004200 0.387800
vt 0.312600 0.484400
vt 0.044800 0.346900
vt 0.511300 0.976200
vt 0.478000 1.000000
vt 0.499200 0.950700
vt 0.027100 0.043900
vt 0.348800 0.479800
vt 0.548700 0.764500
vt 0.547900 0.799500
vt 0.514000 0.747800
vt 0.553700 0.889400
vt 0.354200 0.876900
vt 0.373000 0.765100
vt 0.569200 0.837400
vt 0.336000 0.668600
vt 0.573500 0.639900
vt 0.568800 0.592600
vt 0.629000 0.506500
vt 0.689200 0.511000
vt 0.709700 0.572300
vt 0.879600 0.550100
vt 0.859700 0.583800
vt 0.015600 1.000000
vt 0.015600 0.000000
vt 0.029900 1.000000
vt 0.029900 0.000000
vt 0.064300 1.000000
vt 0.064300 0.000000
vt 0.078000 1.000000
vt 0.078000 0.000000
vt 0.140200 1.000000
vt 0.140200 0.000000
vt 0.207600 1.000000
vt 0.207600 0.000000
vt 0.293900 1.000000
vt 0.293900 0.000000
vt 0.319300 1.000000
vt 0.319300 0.000000
vt 0.336800 1.000000
vt 0.336800 0.000000
vt 0.378000 1.000000
vt 0.378000 0.000000
vt 0.394300 1.000000
vt 0.394300 0.000000
vt 0.417700 1.000000
vt 0.417700 0.000000
vt 0.489500 1.000000
vt 0.489500 0.000000
vt 0.513700 1.000000
vt 0.513700 0.000000
vt 0.547600 1.000000
vt 0.547600 0.000000
vt 0.571900 1.000000
vt 0.571900 0.000000
vt 0.624300 1.000000
vt 0.624300 0.000000
vt 0.647200 1.000000
vt 0.647200 0.000000
vt 0.690300 1.000000
vt 0.690300 0.000000
vt 0.716900 1.000000
vt 0.716900 0.000000
vt 0.808500 1.000000
vt 0.808500 0.000000
vt 0.850200 1.000000
vt 0.850200 0.000000
vt 0.883000 1.000000
vt 0.883000 0.000000
vt 0.912600 1.000000
vt 0.912600 0.000000
vt 0.930300 1.000000
vt 0.930300 0.000000
vt 0.953700 1.000000
vt 0.953700 0.000000
vt 0.978700 1.000000
vt 0.978700 0.000000
vt 0.589500 0.000000
vt 0.805400 0.006000
vt 0.627000 0.079100
vt 0.811500 0.103000
vt 0.635200 0.270600
vt 0.887400 0.433400
vt 0.016400 0.327400
vt 0.000000 0.264600
vt 0.140100 0.305500
vt 0.092200 0.129800
vt 0.873000 0.737200
vt 0.922100 0.815000
vt 0.791800 0.762500
vt 1.000000 0.964600
vt 0.922100 0.967600
vt 1.000000 0.886800
vt 0.765000 0.557000
vt 0.520500 0.004300
vt 0.577900 0.082100
vt 0.160600 0.003000
vt 0.553300 0.204800
vt 0.088600 0.070200
vt 0.377000 0.569700
vt 0.713000 0.670700
vt 0.435400 0.812500
vt 0.627000 0.991500
vt 0.694900 0.983600
vt 0.865900 1.000000
vt 0.033500 1.000000
vt 0.033500 0.000000
vt 0.047200 1.000000
vt 0.047200 0.000000
vt 0.060800 1.000000
vt 0.060800 0.000000
vt 0.073700 1.000000
vt 0.073700 0.000000
vt 0.089000 1.000000
vt 0.089000 0.000000
vt 0.098900 1.000000
vt 0.098900 0.000000
vt 0.136400 1.000000
vt 0.136400 0.000000
vt 0.201100 1.000000
vt 0.201100 0.000000
vt 0.245800 1.000000
vt 0.245800 0.000000
vt 0.316300 1.000000
vt 0.316300 0.000000
vt 0.339200 1.000000
vt 0.339200 0.000000
vt 0.363600 1.000000
vt 0.363600 0.000000
vt 0.410700 1.000000
vt 0.410700 0.000000
vt 0.551900 1.000000
vt 0.551900 0.000000
vt 0.566300 1.000000
vt 0.566300 0.000000
vt 0.599400 1.000000
vt 0.599400 0.000000
vt 0.643400 1.000000
vt 0.643400 0.000000
vt 0.667400 1.000000
vt 0.667400 0.000000
vt 0.721700 1.000000
vt 0.721700 0.000000
vt 0.760100 1.000000
vt 0.760100 0.000000
vt 0.792500 1.000000
vt 0.792500 0.000000
vt 0.824100 1.000000
vt 0.824100 0.000000
vt 0.852700 1.000000
vt 0.852700 0.000000
vt 0.886700 1.000000
vt 0.886700 0.000000
vt 0.911600 1.000000
vt 0.911600 0.000000
vt 0.933200 1.000000
vt 0.933200 0.000000
vt 0.978600 1.000000
vt 0.978600 0.000000
vt 0.615900 0.006100
vt 0.592700 0.055300
vt 0.616000 0.999600
vt 0.587900 0.955400
vt 0.658600 0.963900
vt 0.067800 0.251500
vt 0.015800 0.173300
vt 0.138300 0.191400
vt 0.278400 0.422700
vt 0.655700 0.165100
vt 0.414200 0.540800
vt 0.650900 0.002800
vt 0.755600 0.006100
vt 0.796200 0.203400
vt 0.531800 0.954600
vt 0.526700 0.898300
vt 0.569400 0.891800
vt 0.848600 0.337900
vt 0.825400 0.455500
vt 0.751700 0.553900
vt 0.491800 0.770400
vt 0.767200 0.658900
vt 0.868900 0.749900
vt 0.798300 1.000000
vt 0.867900 0.947200
vt 0.960000 0.799800
vt 1.000000 0.872100
vt 0.976400 0.944800
vt 0.127100 0.999500
vt 0.127100 0.000500
vt 0.037900 0.000500
vt 0.037900 0.999500
vt 0.172100 0.999500
vt 0.172100 0.000500
vt 0.296100 0.999500
vt 0.296100 0.000500
vt 0.481500 0.999500
vt 0.481500 0.000500
vt 0.645500 0.999500
vt 0.645500 0.000500
vt 0.426800 0.999500
vt 0.426800 0.000500
vt 0.354500 0.000500
vt 0.354500 0.999500
vt 0.589600 0.999500
vt 0.589600 0.000500
vt 0.573200 0.000500
vt 0.573200 0.999500
vt 0.723700 0.999500
vt 0.723700 0.000500
vt 0.921200 0.999500
vt 0.921200 0.000500
vt 0.998400 0.999500
vt 0.998400 0.000500
vt 0.615400 0.999500
vt 0.615400 0.000500
vt 0.111700 0.000500
vt 0.111700 0.999500
vt 0.083500 0.999500
vt 0.083500 0.000500
vt 0.003500 0.000500
vt 0.003500 0.999500
vt 0.553500 0.999500
vt 0.553500 0.000500
vt 0.500300 0.000500
vt 0.500300 0.999500
vt 0.241100 0.999500
vt 0.241100 0.000500
vt 0.095500 0.000500
vt 0.095500 0.999500
vt 0.668600 0.999500
vt 0.668600 0.000500
vt 0.499500 0.000500
vt 0.499500 0.999500
vt 0.735500 0.999500
vt 0.735500 0.000500
vt 0.728400 0.000500
vt 0.728400 0.999500
vt 0.757000 0.999500
vt 0.757000 0.000500
vt 0.787700 0.999500
vt 0.787700 0.000500
vt 0.822300 0.999500
vt 0.822300 0.000500
vt 0.855300 0.999500
vt 0.855300 0.000500
vt 0.881400 0.999500
vt 0.881400 0.000500
vt 0.895400 0.999500
vt 0.895400 0.000500
vt 0.903200 0.999500
vt 0.903200 0.000500
vt 0.914300 0.999500
vt 0.914300 0.000500
vt 0.928100 0.999500
vt 0.928100 0.000500
vt 0.944100 0.999500
vt 0.944100 0.000500
vt 0.961600 0.999500
vt 0.961600 0.000500
vt 0.980300 0.999500
vt 0.980300 0.000500
vt 0.997300 0.999500
vt 0.997300 0.000500
vt 0.775100 0.000500
vt 0.775100 0.999500
vt 0.149500 0.999500
vt 0.149500 0.000500
vt 0.001800 0.000500
vt 0.001800 0.999500
vt 0.264600 0.999500
vt 0.264600 0.000500
vt 0.416500 0.999500
vt 0.416500 0.000500
vt 0.547600 0.999500
vt 0.547600 0.000500
vt 0.650100 0.999500
vt 0.650100 0.000500
vt 0.409900 0.999500
vt 0.409900 0.000500
vt 0.349900 0.000500
vt 0.349900 0.999500
vt 0.727700 0.999500
vt 0.727700 0.000500
vt 0.590100 0.000500
vt 0.590100 0.999500
vt 0.956100 0.000500
vt 0.956100 0.999500
vt 0.798400 0.999500
vt 0.798400 0.000500
vt 0.742100 0.000500
vt 0.742100 0.999500
vt 0.847900 0.999500
vt 0.847900 0.000500
vt 0.064800 0.999500
vt 0.064800 0.000500
vt 0.025500 0.000500
vt 0.025500 0.999500
vt 0.166400 0.999500
vt 0.166400 0.000500
vt 0.145100 0.000500
vt 0.145100 0.999500
vt 0.873800 0.999500
vt 0.873800 0.000500
vt 0.833600 0.000500
vt 0.833600 0.999500
vt 0.194900 0.999500
vt 0.194900 0.000500
vt 0.131300 0.000500
vt 0.131300 0.999500
vt 0.880900 0.000500
vt 0.880900 0.999500
vt 0.000500 0.000500
vt 0.000500 0.999500
vt 0.615500 0.003000
vt 0.499700 0.083100
vt 0.111300 0.001100
vt 0.446400 0.095100
vt 0.997800 0.001300
vt 0.855600 0.149200
vt 0.775400 0.000000
vt 0.766800 0.019200
vt 0.758500 0.037900
vt 0.750800 0.055500
vt 0.744000 0.071500
vt 0.738300 0.085300
vt 0.734100 0.096400
vt 0.895600 0.590200
vt 0.956500 0.727900
vt 0.793300 0.650300
vt 0.731600 0.104300
vt 0.719500 1.000000
vt 0.667000 0.962600
vt 0.805400 0.881300
vt 0.728100 0.118200
vt 0.098500 0.078400
vt 0.721300 0.144400
vt 0.577300 0.873200
vt 0.839800 0.264400
vt 0.712000 0.177400
vt 0.701200 0.212000
vt 0.689800 0.242700
vt 0.028100 0.426800
vt 0.003500 0.410300
vt 0.164300 0.354400
vt 0.000000 0.276100
vt 0.678700 0.264300
vt 0.895400 0.416400
vt 0.668700 0.271300
vt 0.756300 0.547600
vt 0.499500 0.240800
vt 0.416000 0.518500
vt 0.473300 0.704100
vt 0.491100 0.828200
vt 0.869100 0.874200
vt 0.898200 0.833900
vt 1.000000 0.742300
vt 0.998900 0.798700
vt 0.975000 0.848300
vt 0.935600 0.855200
vt 0.222900 0.999500
vt 0.222900 0.000500
vt 0.066400 0.000500
vt 0.066400 0.999500
vt 0.294100 0.999500
vt 0.294100 0.000500
vt 0.348900 0.999500
vt 0.348900 0.000500
vt 0.748600 0.999500
vt 0.748600 0.000500
vt 0.694700 0.000500
vt 0.694700 0.999500
vt 0.446900 0.999500
vt 0.446900 0.000500
vt 0.517200 0.999500
vt 0.517200 0.000500
vt 0.628400 0.999500
vt 0.628400 0.000500
vt 0.684300 0.999500
vt 0.684300 0.000500
vt 0.804600 0.999500
vt 0.804600 0.000500
vt 0.357600 0.999500
vt 0.357600 0.000500
vt 0.341100 0.999500
vt 0.341100 0.000500
vt 0.528800 0.999500
vt 0.528800 0.000500
vt 0.447100 0.000500
vt 0.447100 0.999500
vt 0.835400 0.999500
vt 0.835400 0.000500
vt 0.654100 0.000500
vt 0.654100 0.999500
vt 0.949200 0.999500
vt 0.949200 0.000500
vt 0.497300 0.999500
vt 0.497300 0.000500
vt 0.373800 0.000500
vt 0.373800 0.999500
vt 0.502700 0.000500
vt 0.502700 0.999500
vt 0.249700 0.999500
vt 0.249700 0.000500
vt 0.235800 0.999500
vt 0.235800 0.000500
vt 0.057900 0.000500
vt 0.057900 0.999500
vt 0.464600 0.999500
vt 0.464600 0.000500
vt 0.681300 0.999500
vt 0.681300 0.000500
vt 0.730500 0.999500
vt 0.730500 0.000500
vt 0.340200 0.999500
vt 0.340200 0.000500
vt 0.269500 0.000500
vt 0.269500 0.999500
vt 0.751900 0.999500
vt 0.751900 0.000500
vt 0.659800 0.000500
vt 0.659800 0.999500
vt 0.704800 0.000500
vt 0.704800 0.999500
vt 0.768000 0.999500
vt 0.768000 0.000500
vt 0.714000 0.000500
vt 0.714000 0.999500
vt 0.859600 0.999500
vt 0.859600 0.000500
vt 0.888900 0.999500
vt 0.888900 0.000500
vt 0.959700 0.999500
vt 0.959700 0.000500
vt 0.405000 0.999500
vt 0.405000 0.000500
vt 0.335900 0.000500
vt 0.335900 0.999500
vt 0.434400 0.999500
vt 0.434400 0.000500
vt 0.979600 0.999500
vt 0.979600 0.000500
vt 0.947600 0.000500
vt 0.947600 0.999500
vt 0.506400 0.999500
vt 0.506400 0.000500
vt 0.468000 0.000500
vt 0.468000 0.999500
vt 0.597000 0.999500
vt 0.597000 0.000500
vt 0.027300 0.999500
vt 0.027300 0.000500
vt 0.736300 0.999500
vt 0.736300 0.000500
vt 0.605700 0.000500
vt 0.605700 0.999500
vt 0.003700 0.000500
vt 0.003700 0.999500
vt 1.000000 0.004900
vt 0.750500 0.057400
vt 0.502700 0.005300
vt 0.626300 0.050400
vt 0.357400 0.000000
vt 0.215100 0.195100
vt 0.447000 0.340900
vt 0.239700 0.315500
vt 0.642100 0.660000
vt 0.705000 0.752200
vt 0.601000 0.730800
vt 0.649600 0.235500
vt 0.567000 0.164200
vt 0.528800 0.345800
vt 0.666800 0.464600
vt 0.757300 0.714200
vt 0.783500 0.768200
vt 0.713600 0.859900
vt 0.402900 1.000000
vt 0.394200 0.973200
vt 0.493600 0.964300
vt 0.263400 0.996800
vt 0.256300 0.934000
vt 0.364600 0.777400
vt 0.251100 0.629000
vt 0.284100 0.553200
vt 0.305100 0.651200
vt 0.550700 0.681400
vt 0.532100 0.980100
vt 0.565600 0.948000
vt 0.202300 0.371500
vt 0.238200 0.482800
vt 0.319100 0.706100
vt 0.712900 0.889300
vt 0.664300 0.960200
vt 0.595100 0.965300
vt 0.031100 1.000000
vt 0.031100 0.000000
vt 0.043400 1.000000
vt 0.043400 0.000000
vt 0.056900 1.000000
vt 0.056900 0.000000
vt 0.084500 1.000000
vt 0.084500 0.000000
vt 0.104100 1.000000
vt 0.104100 0.000000
vt 0.132000 1.000000
vt 0.132000 0.000000
vt 0.142200 1.000000
vt 0.142200 0.000000
vt 0.147600 1.000000
vt 0.147600 0.000000
vt 0.157400 1.000000
vt 0.157400 0.000000
vt 0.173800 1.000000
vt 0.173800 0.000000
vt 0.197700 1.000000
vt 0.197700 0.000000
vt 0.232200 1.000000
vt 0.232200 0.000000
vt 0.364300 1.000000
vt 0.364300 0.000000
vt 0.410400 1.000000
vt 0.410400 0.000000
vt 0.435200 1.000000
vt 0.435200 0.000000
vt 0.461000 1.000000
vt 0.461000 0.000000
vt 0.465000 1.000000
vt 0.465000 0.000000
vt 0.472300 1.000000
vt 0.472300 0.000000
vt 0.477900 1.000000
vt 0.477900 0.000000
vt 0.502000 1.000000
vt 0.502000 0.000000
vt 0.514400 1.000000
vt 0.514400 0.000000
vt 0.523100 1.000000
vt 0.523100 0.000000
vt 0.529700 1.000000
vt 0.529700 0.000000
vt 0.539200 1.000000
vt 0.539200 0.000000
vt 0.548300 1.000000
vt 0.548300 0.000000
vt 0.556500 1.000000
vt 0.556500 0.000000
vt 0.568400 1.000000
vt 0.568400 0.000000
vt 0.581200 1.000000
vt 0.581200 0.000000
vt 0.603900 1.000000
vt 0.603900 0.000000
vt 0.614500 1.000000
vt 0.614500 0.000000
vt 0.624700 1.000000
vt 0.624700 0.000000
vt 0.644300 1.000000
vt 0.644300 0.000000
vt 0.660800 1.000000
vt 0.660800 0.000000
vt 0.679200 1.000000
vt 0.679200 0.000000
vt 0.693300 1.000000
vt 0.693300 0.000000
vt 0.708500 1.000000
vt 0.708500 0.000000
vt 0.726100 1.000000
vt 0.726100 0.000000
vt 0.751700 1.000000
vt 0.751700 0.000000
vt 0.759000 1.000000
vt 0.759000 0.000000
vt 0.776700 1.000000
vt 0.776700 0.000000
vt 0.791300 1.000000
vt 0.791300 0.000000
vt 0.807500 1.000000
vt 0.807500 0.000000
vt 0.841800 1.000000
vt 0.841800 0.000000
vt 0.850100 1.000000
vt 0.850100 0.000000
vt 0.858100 1.000000
vt 0.858100 0.000000
vt 0.876800 1.000000
vt 0.876800 0.000000
vt 0.898500 1.000000
vt 0.898500 0.000000
vt 0.911200 1.000000
vt 0.911200 0.000000
vt 0.928100 1.000000
vt 0.928100 0.000000
vt 0.950900 1.000000
vt 0.950900 0.000000
vt 0.984600 1.000000
vt 0.984600 0.000000
vt 0.745600 0.905400
vt 0.797600 0.819900
vt 0.782200 0.871300
vt 0.812100 0.826200
vt 0.826500 0.982600
vt 0.796300 1.000000
vt 0.710200 0.956900
vt 0.715600 0.985000
vt 0.664900 0.933900
vt 0.671200 0.874500
vt 0.636200 0.853800
vt 0.679000 0.793600
vt 0.649200 0.785100
vt 0.714400 0.701300
vt 0.723100 0.738300
vt 0.022200 0.001300
vt 0.632400 0.000000
vt 0.056000 0.181300
vt 0.669800 0.242200
vt 0.071600 0.307600
vt 0.099700 0.389100
vt 0.847300 0.712000
vt 0.808000 0.732700
vt 0.834000 0.645700
vt 0.726100 0.659200
vt 0.156500 0.963800
vt 0.084600 0.967500
vt 0.172400 0.883700
vt 0.134100 0.423300
vt 0.155200 0.408500
vt 0.174700 0.458000
vt 0.873300 0.360200
vt 0.905800 0.370700
vt 0.862900 0.378300
vt 0.915500 0.398000
vt 0.023900 0.923400
vt 0.000000 0.863800
vt 0.002600 0.791700
vt 0.078100 0.672900
vt 0.326900 0.858900
vt 0.401100 0.772900
vt 0.088900 0.569000
vt 0.479000 0.765800
vt 0.534900 0.745100
vt 0.603900 0.660900
vt 0.748900 0.338100
vt 0.689800 0.650300
vt 0.852500 0.585700
vt 1.000000 0.482100
vt 0.890200 0.588700
vt 0.987800 0.546600
vt 0.928900 0.608200
vt 0.989100 0.593200
vt 0.970900 0.621800
s 1
usemtl 3d66_Standardmaterial_17342430_129
f 3/1/1 2/2/2 1/3/3
f 4/4/4 3/1/1 1/3/3
f 6/5/5 5/6/6 2/2/7
f 3/1/5 6/5/5 2/2/7
f 8/7/8 7/8/9 5/6/10
f 6/5/11 8/7/8 5/6/10
f 10/9/12 9/10/13 7/8/14
f 8/7/15 10/9/12 7/8/14
f 12/11/16 11/12/17 9/10/18
f 10/9/16 12/11/16 9/10/18
f 14/13/19 13/14/20 11/12/21
f 12/11/22 14/13/19 11/12/21
f 16/15/23 15/16/24 13/14/25
f 14/13/26 16/15/23 13/14/25
f 18/17/27 17/18/28 15/16/29
f 16/15/30 18/17/27 15/16/29
f 20/19/31 19/20/32 17/18/32
f 18/17/33 20/19/31 17/18/32
f 22/21/34 21/22/35 19/20/36
f 20/19/35 22/21/34 19/20/36
f 24/23/37 23/24/38 21/22/39
f 22/21/40 24/23/37 21/22/39
f 26/25/41 25/26/42 23/24/43
f 24/23/44 26/25/41 23/24/43
f 28/27/45 27/28/46 25/26/47
f 26/25/48 28/27/45 25/26/47
f 30/29/49 29/30/50 27/28/51
f 28/27/52 30/29/49 27/28/51
f 32/31/53 31/32/54 29/30/55
f 30/29/56 32/31/53 29/30/55
f 34/33/57 33/34/58 31/32/59
f 32/31/60 34/33/57 31/32/59
f 36/35/61 35/36/62 33/34/63
f 34/33/64 36/35/61 33/34/63
f 38/37/65 37/38/66 35/36/65
f 36/35/67 38/37/65 35/36/65
f 40/39/68 39/40/69 37/38/70
f 38/37/68 40/39/68 37/38/70
f 42/41/71 41/42/72 39/40/72
f 40/39/73 42/41/71 39/40/72
f 44/43/74 43/44/75 41/42/76
f 42/41/77 44/43/74 41/42/76
f 46/45/78 45/46/78 43/44/78
f 44/43/79 46/45/78 43/44/78
f 48/47/80 47/48/81 45/46/81
f 46/45/80 48/47/80 45/46/81
f 50/49/82 49/50/83 47/48/82
f 48/47/82 50/49/82 47/48/82
f 52/51/84 51/52/85 49/50/86
f 50/49/87 52/51/84 49/50/86
f 54/53/88 53/54/89 51/52/88
f 52/51/90 54/53/88 51/52/88
f 56/55/91 55/56/91 53/54/91
f 54/53/91 56/55/91 53/54/91
f 58/57/92 57/58/93 55/56/94
f 56/55/95 58/57/92 55/56/94
f 60/59/96 59/60/97 57/58/97
f 58/57/98 60/59/96 57/58/97
f 62/61/99 61/62/100 59/60/101
f 60/59/99 62/61/99 59/60/101
f 64/63/102 63/64/103 61/62/104
f 62/61/105 64/63/102 61/62/104
f 66/65/106 65/66/107 63/64/108
f 64/63/106 66/65/106 63/64/108
f 68/67/109 67/68/109 65/66/110
f 66/65/111 68/67/109 65/66/110
f 70/69/112 69/70/113 67/68/114
f 68/67/115 70/69/112 67/68/114
f 72/71/116 71/72/117 69/70/117
f 70/69/116 72/71/116 69/70/117
f 74/73/118 73/74/119 71/72/120
f 72/71/121 74/73/118 71/72/120
f 76/75/122 75/76/123 73/74/124
f 74/73/122 76/75/122 73/74/124
f 4/77/125 1/78/126 75/76/127
f 76/75/128 4/77/125 75/76/127
f 79/117/192 78/118/193 77/3/193
f 80/4/194 79/117/192 77/3/193
f 82/119/195 81/120/196 78/118/197
f 79/117/198 82/119/195 78/118/197
f 84/121/199 83/122/200 81/120/201
f 82/119/202 84/121/199 81/120/201
f 86/123/203 85/124/204 83/122/205
f 84/121/203 86/123/203 83/122/205
f 88/125/206 87/126/207 85/124/208
f 86/123/209 88/125/206 85/124/208
f 90/127/210 89/128/210 87/126/210
f 88/125/210 90/127/210 87/126/210
f 92/129/211 91/130/211 89/128/212
f 90/127/213 92/129/211 89/128/212
f 94/131/214 93/132/215 91/130/216
f 92/129/217 94/131/214 91/130/216
f 96/133/218 95/134/219 93/132/220
f 94/131/218 96/133/218 93/132/220
f 98/135/221 97/136/222 95/134/223
f 96/133/224 98/135/221 95/134/223
f 100/137/225 99/138/226 97/136/227
f 98/135/228 100/137/225 97/136/227
f 102/139/229 101/140/230 99/138/231
f 100/137/232 102/139/229 99/138/231
f 104/141/233 103/142/234 101/140/234
f 102/139/233 104/141/233 101/140/234
f 106/143/235 105/144/236 103/142/237
f 104/141/235 106/143/235 103/142/237
f 108/145/238 107/146/239 105/144/240
f 106/143/238 108/145/238 105/144/240
f 110/147/241 109/148/242 107/146/243
f 108/145/244 110/147/241 107/146/243
f 112/149/245 111/150/246 109/148/247
f 110/147/248 112/149/245 109/148/247
f 114/151/249 113/152/250 111/150/251
f 112/149/252 114/151/249 111/150/251
f 116/153/253 115/154/253 113/152/253
f 114/151/253 116/153/253 113/152/253
f 118/155/254 117/156/255 115/154/256
f 116/153/257 118/155/254 115/154/256
f 120/157/258 119/158/259 117/156/260
f 118/155/261 120/157/258 117/156/260
f 122/159/262 121/160/263 119/158/264
f 120/157/265 122/159/262 119/158/264
f 124/161/266 123/162/267 121/160/268
f 122/159/269 124/161/266 121/160/268
f 126/163/270 125/164/271 123/162/272
f 124/161/270 126/163/270 123/162/272
f 128/165/273 127/166/274 125/164/273
f 126/163/275 128/165/273 125/164/273
f 130/167/276 129/168/277 127/166/278
f 128/165/279 130/167/276 127/166/278
f 132/169/280 131/170/281 129/168/282
f 130/167/283 132/169/280 129/168/282
f 134/171/284 133/172/285 131/170/286
f 132/169/287 134/171/284 131/170/286
f 136/173/288 135/174/289 133/172/288
f 134/171/290 136/173/288 133/172/288
f 138/175/291 137/176/292 135/174/292
f 136/173/293 138/175/291 135/174/292
f 140/177/294 139/178/294 137/176/294
f 138/175/295 140/177/294 137/176/294
f 142/179/296 141/180/296 139/178/297
f 140/177/298 142/179/296 139/178/297
f 144/181/299 143/182/300 141/180/301
f 142/179/302 144/181/299 141/180/301
f 146/183/303 145/184/304 143/182/305
f 144/181/306 146/183/303 143/182/305
f 148/185/307 147/186/308 145/184/309
f 146/183/310 148/185/307 145/184/309
f 150/187/311 149/188/312 147/186/313
f 148/185/314 150/187/311 147/186/313
f 152/189/315 151/190/316 149/188/315
f 150/187/317 152/189/315 149/188/315
f 154/191/318 153/192/319 151/190/320
f 152/189/321 154/191/318 151/190/320
f 156/193/322 155/194/323 153/192/324
f 154/191/322 156/193/322 153/192/324
f 158/195/325 157/196/326 155/194/327
f 156/193/328 158/195/325 155/194/327
f 160/197/329 159/198/330 157/196/331
f 158/195/332 160/197/329 157/196/331
f 80/77/333 77/78/334 159/198/335
f 160/197/336 80/77/333 159/198/335
f 245/404/639 244/405/640 243/3/641
f 246/4/642 245/404/639 243/3/641
f 248/406/643 247/407/644 244/405/645
f 245/404/646 248/406/643 244/405/645
f 250/408/647 249/409/648 247/407/649
f 248/406/650 250/408/647 247/407/649
f 252/410/651 251/411/652 249/409/653
f 250/408/654 252/410/651 249/409/653
f 254/412/655 253/413/656 251/411/657
f 252/410/658 254/412/655 251/411/657
f 256/414/659 255/415/660 253/413/661
f 254/412/659 256/414/659 253/413/661
f 258/416/662 257/417/663 255/415/664
f 256/414/665 258/416/662 255/415/664
f 260/418/666 259/419/667 257/417/668
f 258/416/669 260/418/666 257/417/668
f 262/420/670 261/421/671 259/419/672
f 260/418/673 262/420/670 259/419/672
f 264/422/674 263/423/675 261/421/674
f 262/420/676 264/422/674 261/421/674
f 266/424/677 265/425/678 263/423/678
f 264/422/679 266/424/677 263/423/678
f 268/426/680 267/427/681 265/425/682
f 266/424/680 268/426/680 265/425/682
f 270/428/683 269/429/684 267/427/685
f 268/426/686 270/428/683 267/427/685
f 272/430/687 271/431/688 269/429/689
f 270/428/690 272/430/687 269/429/689
f 274/432/691 273/433/692 271/431/693
f 272/430/694 274/432/691 271/431/693
f 276/434/695 275/435/696 273/433/697
f 274/432/698 276/434/695 273/433/697
f 278/436/699 277/437/700 275/435/701
f 276/434/702 278/436/699 275/435/701
f 280/438/703 279/439/704 277/437/705
f 278/436/706 280/438/703 277/437/705
f 282/440/707 281/441/708 279/439/709
f 280/438/710 282/440/707 279/439/709
f 284/442/711 283/443/712 281/441/712
f 282/440/713 284/442/711 281/441/712
f 286/444/714 285/445/715 283/443/716
f 284/442/717 286/444/714 283/443/716
f 288/446/718 287/447/719 285/445/720
f 286/444/721 288/446/718 285/445/720
f 290/448/722 289/449/723 287/447/724
f 288/446/725 290/448/722 287/447/724
f 292/450/726 291/451/727 289/449/727
f 290/448/728 292/450/726 289/449/727
f 294/452/729 293/453/730 291/451/731
f 292/450/732 294/452/729 291/451/731
f 296/454/733 295/455/734 293/453/735
f 294/452/736 296/454/733 293/453/735
f 298/456/737 297/457/738 295/455/739
f 296/454/740 298/456/737 295/455/739
f 246/77/741 243/78/742 297/457/743
f 298/456/744 246/77/741 297/457/743
f 301/486/789 300/487/790 299/3/791
f 302/4/792 301/486/789 299/3/791
f 304/488/793 303/489/794 300/487/795
f 301/486/793 304/488/793 300/487/795
f 306/490/796 305/491/797 303/489/798
f 304/488/796 306/490/796 303/489/798
f 308/492/799 307/493/800 305/491/801
f 306/490/802 308/492/799 305/491/801
f 310/494/803 309/495/804 307/493/805
f 308/492/806 310/494/803 307/493/805
f 312/496/807 311/497/808 309/495/809
f 310/494/810 312/496/807 309/495/809
f 314/498/811 313/499/812 311/497/813
f 312/496/814 314/498/811 311/497/813
f 316/500/815 315/501/816 313/499/815
f 314/498/817 316/500/815 313/499/815
f 318/502/818 317/503/819 315/501/820
f 316/500/821 318/502/818 315/501/820
f 320/504/822 319/505/823 317/503/822
f 318/502/824 320/504/822 317/503/822
f 322/506/825 321/507/826 319/505/827
f 320/504/828 322/506/825 319/505/827
f 324/508/829 323/509/830 321/507/830
f 322/506/829 324/508/829 321/507/830
f 326/510/831 325/511/831 323/509/831
f 324/508/831 326/510/831 323/509/831
f 328/512/832 327/513/833 325/511/834
f 326/510/835 328/512/832 325/511/834
f 330/514/836 329/515/837 327/513/837
f 328/512/838 330/514/836 327/513/837
f 332/516/839 331/517/840 329/515/841
f 330/514/842 332/516/839 329/515/841
f 334/518/843 333/519/843 331/517/843
f 332/516/844 334/518/843 331/517/843
f 336/520/845 335/521/846 333/519/847
f 334/518/848 336/520/845 333/519/847
f 338/522/849 337/523/850 335/521/849
f 336/520/849 338/522/849 335/521/849
f 340/524/851 339/525/852 337/523/852
f 338/522/853 340/524/851 337/523/852
f 342/526/854 341/527/854 339/525/854
f 340/524/854 342/526/854 339/525/854
f 344/528/855 343/529/856 341/527/857
f 342/526/856 344/528/855 341/527/857
f 346/530/858 345/531/859 343/529/860
f 344/528/858 346/530/858 343/529/860
f 348/532/861 347/533/862 345/531/863
f 346/530/864 348/532/861 345/531/863
f 350/534/865 349/535/866 347/533/867
f 348/532/868 350/534/865 347/533/867
f 352/536/869 351/537/870 349/535/871
f 350/534/872 352/536/869 349/535/871
f 354/454/873 353/455/874 351/537/874
f 352/536/874 354/454/873 351/537/874
f 356/538/875 355/539/876 353/455/877
f 354/454/878 356/538/875 353/455/877
f 302/77/879 299/78/880 355/539/881
f 356/538/882 302/77/879 355/539/881
usemtl 3d66_Standardmaterial_17342430_128
f 23/79/129 25/80/130 21/81/131
f 2/82/132 5/83/133 1/84/134
f 63/85/135 65/86/136 61/87/137
f 33/88/138 35/89/139 31/90/140
f 35/89/139 37/91/141 31/90/140
f 13/92/142 15/93/143 11/94/144
f 49/95/145 51/96/146 47/97/147
f 51/96/146 53/98/148 47/97/147
f 75/99/133 1/84/134 73/100/149
f 27/101/150 29/102/151 25/80/130
f 17/103/152 19/104/153 15/93/143
f 5/83/133 7/105/154 1/84/134
f 43/106/155 45/107/156 41/108/157
f 41/108/157 45/107/156 39/109/158
f 39/109/158 45/107/156 37/91/141
f 37/91/141 45/107/156 31/90/140
f 31/90/140 45/107/156 29/102/151
f 29/102/151 45/107/156 25/80/130
f 45/107/156 47/97/147 25/80/130
f 25/80/130 47/97/147 21/81/131
f 47/97/147 53/98/148 21/81/131
f 53/98/148 55/110/159 21/81/131
f 55/110/159 57/111/160 21/81/131
f 21/81/131 57/111/160 19/104/153
f 19/104/153 57/111/160 15/93/143
f 57/111/160 59/112/160 15/93/143
f 15/93/143 59/112/160 11/94/144
f 1/84/134 7/105/154 73/100/149
f 65/86/136 67/113/161 61/87/137
f 67/113/161 69/114/162 61/87/137
f 9/115/163 11/94/144 7/105/154
f 11/94/144 59/112/160 7/105/154
f 7/105/154 59/112/160 73/100/149
f 59/112/160 61/87/137 73/100/149
f 61/87/137 69/114/162 73/100/149
f 73/100/149 69/114/162 71/116/136
f 26/80/164 24/79/165 22/81/166
f 6/83/167 3/82/168 4/84/165
f 66/86/169 64/85/170 62/87/171
f 36/89/172 34/88/173 32/90/174
f 38/91/175 36/89/172 32/90/174
f 16/93/175 14/92/176 12/94/175
f 52/96/177 50/95/178 48/97/179
f 54/98/179 52/96/177 48/97/179
f 4/84/165 76/99/180 74/100/175
f 30/102/177 28/101/181 26/80/164
f 20/104/182 18/103/183 16/93/175
f 8/105/184 6/83/167 4/84/165
f 46/107/185 44/106/186 42/108/187
f 46/107/185 42/108/187 40/109/171
f 46/107/185 40/109/171 38/91/175
f 46/107/185 38/91/175 32/90/174
f 46/107/185 32/90/174 30/102/177
f 46/107/185 30/102/177 26/80/164
f 48/97/179 46/107/185 26/80/164
f 48/97/179 26/80/164 22/81/166
f 54/98/179 48/97/179 22/81/166
f 56/110/186 54/98/179 22/81/166
f 58/111/165 56/110/186 22/81/166
f 58/111/165 22/81/166 20/104/182
f 58/111/165 20/104/182 16/93/175
f 60/112/175 58/111/165 16/93/175
f 60/112/175 16/93/175 12/94/175
f 8/105/184 4/84/165 74/100/175
f 68/113/188 66/86/169 62/87/171
f 70/114/189 68/113/188 62/87/171
f 12/94/175 10/115/190 8/105/184
f 60/112/175 12/94/175 8/105/184
f 60/112/175 8/105/184 74/100/175
f 62/87/171 60/112/175 74/100/175
f 70/114/189 62/87/171 74/100/175
f 70/114/189 74/100/175 72/116/191
usemtl 3d66_Standardmaterial_17342430_130
f 133/199/337 135/200/338 131/201/339
f 119/202/340 121/203/341 117/204/342
f 93/205/343 95/206/344 91/207/345
f 153/208/346 155/209/347 151/210/348
f 127/211/349 129/212/350 125/213/351
f 89/214/352 91/207/345 87/215/353
f 85/216/354 87/215/353 83/217/355
f 117/204/342 121/203/341 115/218/356
f 123/219/357 125/213/351 121/203/341
f 107/220/358 109/221/359 105/222/360
f 155/209/347 157/223/361 151/210/348
f 135/200/338 137/224/362 131/201/339
f 143/225/339 145/226/363 141/227/343
f 145/226/363 147/228/364 141/227/343
f 141/227/343 147/228/364 139/229/341
f 113/230/365 115/218/356 111/231/366
f 101/232/367 103/233/368 99/234/369
f 131/201/339 137/224/362 129/212/350
f 159/235/370 77/236/371 157/223/361
f 77/236/371 78/237/372 157/223/361
f 147/228/364 149/238/343 139/229/341
f 137/224/362 139/229/341 129/212/350
f 129/212/350 139/229/341 125/213/351
f 125/213/351 139/229/341 121/203/341
f 121/203/341 139/229/341 115/218/356
f 139/229/341 149/238/343 115/218/356
f 115/218/356 149/238/343 111/231/366
f 111/231/366 149/238/343 109/221/359
f 109/221/359 149/238/343 105/222/360
f 105/222/360 149/238/343 103/233/368
f 149/238/343 151/210/348 103/233/368
f 103/233/368 151/210/348 99/234/369
f 81/239/373 83/217/355 78/237/372
f 78/237/372 83/217/355 157/223/361
f 157/223/361 83/217/355 151/210/348
f 151/210/348 83/217/355 99/234/369
f 83/217/355 87/215/353 99/234/369
f 87/215/353 91/207/345 99/234/369
f 91/207/345 95/206/344 99/234/369
f 95/206/344 97/240/374 99/234/369
f 136/200/375 134/199/376 132/201/377
f 122/203/378 120/202/379 118/204/380
f 96/206/381 94/205/382 92/207/383
f 156/209/384 154/208/385 152/210/386
f 130/212/381 128/211/387 126/213/388
f 92/207/383 90/214/378 88/215/389
f 88/215/389 86/216/390 84/217/391
f 122/203/378 118/204/380 116/218/392
f 126/213/388 124/219/393 122/203/378
f 110/221/381 108/220/394 106/222/391
f 158/223/395 156/209/384 152/210/386
f 138/224/396 136/200/375 132/201/377
f 146/226/397 144/225/398 142/227/399
f 148/228/400 146/226/397 142/227/399
f 148/228/400 142/227/399 140/229/399
f 116/218/392 114/230/401 112/231/402
f 104/233/403 102/232/404 100/234/405
f 138/224/396 132/201/377 130/212/381
f 80/236/406 160/235/407 158/223/395
f 79/237/408 80/236/406 158/223/395
f 150/238/392 148/228/400 140/229/399
f 140/229/399 138/224/396 130/212/381
f 140/229/399 130/212/381 126/213/388
f 140/229/399 126/213/388 122/203/378
f 140/229/399 122/203/378 116/218/392
f 150/238/392 140/229/399 116/218/392
f 150/238/392 116/218/392 112/231/402
f 150/238/392 112/231/402 110/221/381
f 150/238/392 110/221/381 106/222/391
f 150/238/392 106/222/391 104/233/403
f 152/210/386 150/238/392 104/233/403
f 152/210/386 104/233/403 100/234/405
f 84/217/391 82/239/409 79/237/408
f 84/217/391 79/237/408 158/223/395
f 84/217/391 158/223/395 152/210/386
f 84/217/391 152/210/386 100/234/405
f 88/215/389 84/217/391 100/234/405
f 92/207/383 88/215/389 100/234/405
f 96/206/381 92/207/383 100/234/405
f 98/240/410 96/206/381 100/234/405
usemtl 3d66_Standardmaterial_17342430_132
f 163/241/411 162/242/412 161/243/413
f 164/244/414 163/241/411 161/243/413
f 166/245/415 165/246/416 162/242/417
f 163/241/418 166/245/415 162/242/417
f 168/247/419 167/248/420 165/246/421
f 166/245/422 168/247/419 165/246/421
f 170/249/423 169/250/423 167/248/424
f 168/247/424 170/249/423 167/248/424
f 172/251/425 171/252/426 169/253/427
f 170/254/428 172/251/425 169/253/427
f 174/255/429 173/256/430 171/257/431
f 172/258/432 174/255/429 171/257/431
f 176/259/433 175/260/434 173/256/435
f 174/255/436 176/259/433 173/256/435
f 178/261/437 177/262/438 175/263/439
f 176/264/440 178/261/437 175/263/439
f 180/265/441 179/266/442 177/267/443
f 178/268/444 180/265/441 177/267/443
f 182/269/445 181/270/446 179/266/447
f 180/265/448 182/269/445 179/266/447
f 184/271/449 183/272/450 181/270/451
f 182/269/452 184/271/449 181/270/451
f 186/261/453 185/262/454 183/272/455
f 184/271/453 186/261/453 183/272/455
f 188/273/456 187/274/457 185/275/458
f 186/276/459 188/273/456 185/275/458
f 190/277/460 189/278/461 187/279/462
f 188/280/463 190/277/460 187/279/462
f 192/281/464 191/282/465 189/278/464
f 190/277/466 192/281/464 189/278/464
f 194/283/467 193/284/468 191/285/469
f 192/286/467 194/283/467 191/285/469
f 196/287/470 195/288/471 193/289/472
f 194/290/473 196/287/470 193/289/472
f 198/261/474 197/262/475 195/291/476
f 196/292/477 198/261/474 195/291/476
f 200/293/478 199/294/479 197/295/480
f 198/296/481 200/293/478 197/295/480
f 202/297/482 201/298/483 199/299/484
f 200/300/485 202/297/482 199/299/484
f 204/301/486 203/302/487 201/303/488
f 202/304/489 204/301/486 201/303/488
f 206/305/490 205/306/491 203/302/492
f 204/301/493 206/305/490 203/302/492
f 208/307/494 207/308/495 205/309/496
f 206/310/497 208/307/494 205/309/496
f 210/311/498 209/312/499 207/313/500
f 208/314/501 210/311/498 207/313/500
f 212/315/502 211/316/503 209/317/503
f 210/318/504 212/315/502 209/317/503
f 214/319/505 213/320/506 211/321/507
f 212/322/508 214/319/505 211/321/507
f 216/323/509 215/324/510 213/325/511
f 214/326/512 216/323/509 213/325/511
f 218/327/513 217/328/514 215/329/514
f 216/330/515 218/327/513 215/329/514
f 220/314/516 219/313/517 217/331/518
f 218/332/519 220/314/516 217/331/518
f 222/333/520 221/334/521 219/313/522
f 220/314/523 222/333/520 219/313/522
f 224/335/524 223/336/525 221/334/526
f 222/333/527 224/335/524 221/334/526
f 226/337/528 225/338/529 223/339/530
f 224/340/531 226/337/528 223/339/530
f 228/341/532 227/342/533 225/343/534
f 226/344/535 228/341/532 225/343/534
f 230/345/536 229/346/537 227/342/537
f 228/341/538 230/345/536 227/342/537
f 232/347/539 231/348/540 229/346/541
f 230/345/542 232/347/539 229/346/541
f 234/349/543 233/350/543 231/348/544
f 232/347/545 234/349/543 231/348/544
f 236/351/546 235/352/547 233/350/548
f 234/349/549 236/351/546 233/350/548
f 238/353/550 237/354/551 235/355/552
f 236/356/553 238/353/550 235/355/552
f 240/357/554 239/358/555 237/354/556
f 238/353/554 240/357/554 237/354/556
f 242/359/557 241/360/558 239/358/558
f 240/357/559 242/359/557 239/358/558
f 164/244/560 161/243/561 241/361/562
f 242/362/563 164/244/560 241/361/562
f 359/568/930 358/569/931 357/570/930
f 360/571/930 359/568/930 357/570/930
f 362/572/932 361/573/933 358/569/934
f 359/568/935 362/572/932 358/569/934
f 364/574/936 363/575/937 361/573/938
f 362/572/939 364/574/936 361/573/938
f 366/576/940 365/577/940 363/575/940
f 364/574/941 366/576/940 363/575/940
f 368/578/942 367/579/943 365/577/944
f 366/576/945 368/578/942 365/577/944
f 370/580/946 369/581/947 367/582/948
f 368/583/949 370/580/946 367/582/948
f 372/584/950 371/585/951 369/586/952
f 370/587/953 372/584/950 369/586/952
f 374/588/954 373/589/955 371/585/956
f 372/584/957 374/588/954 371/585/956
f 376/590/958 375/591/959 373/589/960
f 374/588/961 376/590/958 373/589/960
f 378/592/962 377/593/963 375/591/964
f 376/590/965 378/592/962 375/591/964
f 380/594/966 379/595/967 377/596/968
f 378/597/969 380/594/966 377/596/968
f 382/598/970 381/599/971 379/600/972
f 380/601/973 382/598/970 379/600/972
f 384/602/974 383/603/975 381/604/976
f 382/605/977 384/602/974 381/604/976
f 386/606/978 385/607/979 383/608/980
f 384/609/981 386/606/978 383/608/980
f 388/610/982 387/611/983 385/612/984
f 386/613/985 388/610/982 385/612/984
f 390/614/986 389/615/987 387/616/983
f 388/617/982 390/614/986 387/616/983
f 392/618/988 391/619/989 389/615/987
f 390/614/986 392/618/988 389/615/987
f 394/620/990 393/621/991 391/619/989
f 392/618/988 394/620/990 391/619/989
f 396/622/992 395/623/993 393/621/991
f 394/620/990 396/622/992 393/621/991
f 398/624/994 397/625/995 395/623/993
f 396/622/992 398/624/994 395/623/993
f 400/626/996 399/627/997 397/625/995
f 398/624/994 400/626/996 397/625/995
f 402/628/998 401/629/999 399/627/997
f 400/626/996 402/628/998 399/627/997
f 404/630/1000 403/631/1001 401/629/999
f 402/628/998 404/630/1000 401/629/999
f 406/632/1002 405/633/1003 403/631/1001
f 404/630/1000 406/632/1002 403/631/1001
f 408/634/1004 407/635/1005 405/633/1003
f 406/632/1002 408/634/1004 405/633/1003
f 410/636/1006 409/637/1007 407/635/1005
f 408/634/1004 410/636/1006 407/635/1005
f 412/638/1008 411/639/1009 409/637/1007
f 410/636/1006 412/638/1008 409/637/1007
f 414/640/1010 413/641/1011 411/639/1009
f 412/638/1008 414/640/1010 411/639/1009
f 416/261/1012 415/262/1013 413/641/1011
f 414/640/1010 416/261/1012 413/641/1011
f 418/642/1014 417/643/1015 415/644/1016
f 416/645/1017 418/642/1014 415/644/1016
f 420/646/1018 419/647/1019 417/648/1020
f 418/649/1021 420/646/1018 417/648/1020
f 422/650/1022 421/651/1023 419/647/1024
f 420/646/1025 422/650/1022 419/647/1024
f 424/652/1026 423/653/1027 421/651/1028
f 422/650/1026 424/652/1026 421/651/1028
f 426/654/1029 425/655/1030 423/653/1031
f 424/652/1032 426/654/1029 423/653/1031
f 428/656/1033 427/657/1034 425/655/1035
f 426/654/1036 428/656/1033 425/655/1035
f 430/658/1037 429/659/1038 427/660/1039
f 428/661/1040 430/658/1037 427/660/1039
f 432/662/1041 431/663/1042 429/664/1043
f 430/665/1044 432/662/1041 429/664/1043
f 434/261/1045 433/262/1046 431/666/1046
f 432/667/1045 434/261/1045 431/666/1046
f 436/668/1047 435/669/1048 433/670/1049
f 434/671/1050 436/668/1047 433/670/1049
f 438/672/1051 437/673/1052 435/669/1053
f 436/668/1054 438/672/1051 435/669/1053
f 440/674/1055 439/675/1056 437/676/1057
f 438/677/1055 440/674/1055 437/676/1057
f 442/678/1058 441/679/1059 439/680/1060
f 440/681/1061 442/678/1058 439/680/1060
f 444/682/1062 443/683/1063 441/684/1064
f 442/685/1065 444/682/1062 441/684/1064
f 446/686/1066 445/687/1067 443/688/1068
f 444/689/1069 446/686/1066 443/688/1068
f 448/261/1070 447/262/1071 445/690/1072
f 446/691/1070 448/261/1070 445/690/1072
f 360/571/1073 357/570/1074 447/692/1075
f 448/693/1076 360/571/1073 447/692/1075
f 451/740/1158 450/741/1159 449/742/1160
f 452/743/1161 451/740/1158 449/742/1160
f 454/744/1162 453/745/1163 450/741/1164
f 451/740/1165 454/744/1162 450/741/1164
f 456/746/1166 455/747/1167 453/745/1168
f 454/744/1169 456/746/1166 453/745/1168
f 458/748/1170 457/749/1171 455/750/1172
f 456/751/1173 458/748/1170 455/750/1172
f 460/752/1174 459/753/1175 457/328/1176
f 458/327/1177 460/752/1174 457/328/1176
f 462/754/1178 461/755/1179 459/753/1180
f 460/752/1181 462/754/1178 459/753/1180
f 464/756/1182 463/757/1183 461/755/1184
f 462/754/1185 464/756/1182 461/755/1184
f 466/758/1186 465/759/1187 463/757/1188
f 464/756/1189 466/758/1186 463/757/1188
f 468/760/1190 467/761/1191 465/759/1191
f 466/758/1192 468/760/1190 465/759/1191
f 470/261/1193 469/262/1194 467/761/1195
f 468/760/1196 470/261/1193 467/761/1195
f 472/762/1197 471/763/1198 469/692/1199
f 470/693/1200 472/762/1197 469/692/1199
f 474/764/1201 473/765/1202 471/692/1201
f 472/693/1203 474/764/1201 471/692/1201
f 476/766/1204 475/767/1205 473/768/1206
f 474/769/1207 476/766/1204 473/768/1206
f 478/770/1208 477/771/1209 475/772/1210
f 476/773/1211 478/770/1208 475/772/1210
f 480/774/1212 479/775/1213 477/771/1214
f 478/770/1215 480/774/1212 477/771/1214
f 482/776/1216 481/777/1217 479/778/1218
f 480/779/1219 482/776/1216 479/778/1218
f 484/261/1220 483/262/1221 481/780/1222
f 482/781/1223 484/261/1220 481/780/1222
f 486/782/1224 485/783/1225 483/692/1226
f 484/693/1227 486/782/1224 483/692/1226
f 488/784/1228 487/785/1229 485/786/1230
f 486/787/1231 488/784/1228 485/786/1230
f 490/788/1232 489/789/1233 487/785/1232
f 488/784/1234 490/788/1232 487/785/1232
f 492/790/1235 491/791/1236 489/789/1237
f 490/788/1238 492/790/1235 489/789/1237
f 494/792/1239 493/793/1240 491/791/1241
f 492/790/1242 494/792/1239 491/791/1241
f 496/794/1243 495/795/1244 493/796/1245
f 494/797/1246 496/794/1243 493/796/1245
f 498/798/1247 497/799/1248 495/800/1249
f 496/801/1250 498/798/1247 495/800/1249
f 500/618/1251 499/619/1252 497/802/1252
f 498/803/1253 500/618/1251 497/802/1252
f 502/804/1254 501/805/1255 499/806/1256
f 500/807/1257 502/804/1254 499/806/1256
f 504/808/1258 503/809/1259 501/805/1260
f 502/804/1261 504/808/1258 501/805/1260
f 506/810/1262 505/811/1263 503/809/1263
f 504/808/1264 506/810/1262 503/809/1263
f 508/812/1265 507/813/1266 505/811/1267
f 506/810/1268 508/812/1265 505/811/1267
f 510/814/1269 509/815/1270 507/816/1271
f 508/817/1272 510/814/1269 507/816/1271
f 512/818/1273 511/819/1274 509/815/1275
f 510/814/1276 512/818/1273 509/815/1275
f 514/820/1277 513/821/1278 511/822/1279
f 512/823/1280 514/820/1277 511/822/1279
f 516/824/1281 515/825/1282 513/826/1282
f 514/827/1281 516/824/1281 513/826/1282
f 518/828/1283 517/829/1284 515/825/1285
f 516/824/1286 518/828/1283 515/825/1285
f 520/830/1287 519/831/1288 517/692/1289
f 518/693/1290 520/830/1287 517/692/1289
f 522/832/1291 521/833/1292 519/834/1293
f 520/835/1294 522/832/1291 519/834/1293
f 452/743/1295 449/742/1296 521/836/1296
f 522/837/1295 452/743/1295 521/836/1296
usemtl 3d66_Standardmaterial_17342430_131
f 193/363/564 195/364/565 191/365/566
f 209/366/567 211/367/568 207/368/569
f 197/369/570 199/370/571 195/364/565
f 199/370/571 201/371/572 195/364/565
f 241/372/573 161/373/574 239/374/574
f 195/364/565 201/371/572 191/365/566
f 187/375/575 189/376/572 185/377/576
f 189/376/572 191/365/566 185/377/576
f 175/378/577 177/379/578 173/380/579
f 177/379/578 179/381/580 173/380/579
f 173/380/579 179/381/580 171/382/581
f 179/381/580 181/383/582 171/382/581
f 235/384/583 237/385/584 233/386/585
f 237/385/584 239/374/574 233/386/585
f 239/374/574 161/373/574 233/386/585
f 185/377/576 191/365/566 183/387/586
f 183/387/586 191/365/566 181/383/582
f 181/383/582 191/365/566 171/382/581
f 171/382/581 191/365/566 169/388/587
f 191/365/566 201/371/572 169/388/587
f 225/389/588 227/390/589 223/391/589
f 233/386/585 161/373/574 231/392/576
f 161/373/574 162/393/590 231/392/576
f 162/393/590 165/394/591 231/392/576
f 231/392/576 165/394/591 229/395/592
f 229/395/592 165/394/591 227/390/589
f 227/390/589 165/394/591 223/391/589
f 165/394/591 167/396/564 223/391/589
f 223/391/589 167/396/564 221/397/593
f 167/396/564 169/388/587 221/397/593
f 221/397/593 169/388/587 219/398/594
f 219/398/594 169/388/587 217/399/595
f 169/388/587 201/371/572 217/399/595
f 217/399/595 201/371/572 215/400/596
f 215/400/596 201/371/572 213/401/597
f 213/401/597 201/371/572 211/367/568
f 211/367/568 201/371/572 207/368/569
f 201/371/572 203/402/598 207/368/569
f 203/402/598 205/403/599 207/368/569
f 196/364/600 194/363/601 192/365/602
f 212/367/603 210/366/604 208/368/605
f 200/370/606 198/369/607 196/364/600
f 202/371/608 200/370/606 196/364/600
f 164/373/609 242/372/610 240/374/611
f 202/371/608 196/364/600 192/365/602
f 190/376/612 188/375/612 186/377/613
f 192/365/602 190/376/612 186/377/613
f 178/379/614 176/378/615 174/380/616
f 180/381/617 178/379/614 174/380/616
f 180/381/617 174/380/616 172/382/618
f 182/383/619 180/381/617 172/382/618
f 238/385/620 236/384/621 234/386/622
f 240/374/611 238/385/620 234/386/622
f 164/373/609 240/374/611 234/386/622
f 192/365/602 186/377/613 184/387/623
f 192/365/602 184/387/623 182/383/619
f 192/365/602 182/383/619 172/382/618
f 192/365/602 172/382/618 170/388/624
f 202/371/608 192/365/602 170/388/624
f 228/390/625 226/389/626 224/391/393
f 164/373/609 234/386/622 232/392/627
f 163/393/628 164/373/609 232/392/627
f 166/394/629 163/393/628 232/392/627
f 166/394/629 232/392/627 230/395/630
f 166/394/629 230/395/630 228/390/625
f 166/394/629 228/390/625 224/391/393
f 168/396/631 166/394/629 224/391/393
f 168/396/631 224/391/393 222/397/632
f 170/388/624 168/396/631 222/397/632
f 170/388/624 222/397/632 220/398/633
f 170/388/624 220/398/633 218/399/634
f 202/371/608 170/388/624 218/399/634
f 202/371/608 218/399/634 216/400/635
f 202/371/608 216/400/635 214/401/636
f 202/371/608 214/401/636 212/367/603
f 202/371/608 212/367/603 208/368/605
f 204/402/637 202/371/608 208/368/605
f 206/403/638 204/402/637 208/368/605
usemtl 3d66_Standardmaterial_17342430_133
f 279/458/745 281/459/746 277/460/747
f 281/459/746 283/461/748 277/460/747
f 277/460/747 283/461/748 275/462/749
f 283/461/748 285/463/750 275/462/749
f 259/464/751 261/465/752 257/466/753
f 261/465/752 263/467/754 257/466/753
f 293/468/755 295/469/756 291/470/757
f 243/471/758 244/472/755 297/473/759
f 285/463/750 287/474/760 275/462/749
f 297/473/759 244/472/755 295/469/756
f 269/475/761 271/476/754 267/477/754
f 271/476/754 273/478/762 267/477/754
f 267/477/754 273/478/762 265/479/763
f 265/479/763 273/478/762 263/467/754
f 263/467/754 273/478/762 257/466/753
f 257/466/753 273/478/762 255/480/764
f 273/478/762 275/462/749 255/480/764
f 275/462/749 287/474/760 255/480/764
f 287/474/760 289/481/765 255/480/764
f 255/480/764 289/481/765 253/482/766
f 253/482/766 289/481/765 251/483/756
f 289/481/765 291/470/757 251/483/756
f 251/483/756 291/470/757 249/484/767
f 291/470/757 295/469/756 249/484/767
f 295/469/756 244/472/755 249/484/767
f 249/484/767 244/472/755 247/485/768
f 282/459/769 280/458/770 278/460/771
f 284/461/772 282/459/769 278/460/771
f 284/461/772 278/460/771 276/462/769
f 286/463/773 284/461/772 276/462/769
f 262/465/774 260/464/775 258/466/776
f 264/467/777 262/465/774 258/466/776
f 296/469/769 294/468/778 292/470/779
f 245/472/778 246/471/780 298/473/781
f 288/474/771 286/463/773 276/462/769
f 245/472/778 298/473/781 296/469/769
f 272/476/782 270/475/783 268/477/784
f 274/478/785 272/476/782 268/477/784
f 274/478/785 268/477/784 266/479/786
f 274/478/785 266/479/786 264/467/777
f 274/478/785 264/467/777 258/466/776
f 274/478/785 258/466/776 256/480/770
f 276/462/769 274/478/785 256/480/770
f 288/474/771 276/462/769 256/480/770
f 290/481/771 288/474/771 256/480/770
f 290/481/771 256/480/770 254/482/787
f 290/481/771 254/482/787 252/483/771
f 292/470/779 290/481/771 252/483/771
f 292/470/779 252/483/771 250/484/778
f 296/469/769 292/470/779 250/484/778
f 245/472/778 296/469/769 250/484/778
f 245/472/778 250/484/778 248/485/788
usemtl 3d66_Standardmaterial_17342430_134
f 327/540/883 329/541/884 325/3/885
f 303/542/886 305/543/887 300/544/888
f 321/545/889 323/546/890 319/547/891
f 325/3/885 329/541/884 323/546/890
f 323/546/890 329/541/884 319/547/891
f 319/547/891 329/541/884 317/548/886
f 329/541/884 331/549/887 317/548/886
f 317/548/886 331/549/887 315/550/892
f 333/551/886 335/552/893 331/549/887
f 335/552/893 337/553/894 331/549/887
f 307/554/895 309/555/896 305/543/887
f 309/555/896 311/556/897 305/543/887
f 331/549/887 337/553/894 315/550/892
f 337/553/894 339/557/898 315/550/892
f 339/557/898 341/558/898 315/550/892
f 341/558/898 343/559/899 315/550/892
f 315/550/892 343/559/899 313/560/900
f 343/559/899 345/561/901 313/560/900
f 313/560/900 345/561/901 311/556/897
f 345/561/901 347/562/902 311/556/897
f 311/556/897 347/562/902 305/543/887
f 305/543/887 347/562/902 300/544/888
f 300/544/888 347/562/902 299/563/903
f 299/563/903 347/562/902 355/564/892
f 347/562/902 349/565/904 355/564/892
f 349/565/904 351/566/905 355/564/892
f 355/564/892 351/566/905 353/567/906
f 330/541/907 328/540/908 326/3/908
f 306/543/909 304/542/910 301/544/911
f 324/546/912 322/545/913 320/547/914
f 330/541/907 326/3/908 324/546/912
f 330/541/907 324/546/912 320/547/914
f 330/541/907 320/547/914 318/548/907
f 332/549/915 330/541/907 318/548/907
f 332/549/915 318/548/907 316/550/916
f 336/552/915 334/551/917 332/549/915
f 338/553/918 336/552/915 332/549/915
f 310/555/919 308/554/920 306/543/909
f 312/556/921 310/555/919 306/543/909
f 338/553/918 332/549/915 316/550/916
f 340/557/922 338/553/918 316/550/916
f 342/558/917 340/557/922 316/550/916
f 344/559/923 342/558/917 316/550/916
f 344/559/923 316/550/916 314/560/924
f 346/561/925 344/559/923 314/560/924
f 346/561/925 314/560/924 312/556/921
f 348/562/926 346/561/925 312/556/921
f 348/562/926 312/556/921 306/543/909
f 348/562/926 306/543/909 301/544/911
f 348/562/926 301/544/911 302/563/926
f 348/562/926 302/563/926 356/564/907
f 350/565/927 348/562/926 356/564/907
f 352/566/928 350/565/927 356/564/907
f 352/566/928 356/564/907 354/567/929
usemtl 3d66_Standardmaterial_17342430_135
f 379/694/1077 381/695/1078 377/696/1079
f 381/695/1078 383/697/1078 377/696/1079
f 417/698/1080 419/699/1081 415/700/1082
f 415/700/1082 419/699/1081 413/701/1083
f 413/701/1083 419/699/1081 411/702/1084
f 411/702/1084 419/699/1081 409/703/1085
f 409/703/1085 419/699/1081 407/704/1086
f 407/704/1086 419/699/1081 405/705/1087
f 405/705/1087 419/699/1081 403/706/1088
f 429/707/1089 431/708/1090 427/709/1091
f 403/706/1088 419/699/1081 401/710/1092
f 447/711/1093 357/712/1094 445/713/1091
f 401/710/1092 419/699/1081 399/714/1095
f 377/696/1079 383/697/1078 375/715/1096
f 399/714/1095 419/699/1081 397/716/1097
f 357/712/1094 358/717/1078 445/713/1091
f 419/699/1081 421/718/1098 397/716/1097
f 397/716/1097 421/718/1098 395/719/1099
f 395/719/1099 421/718/1098 393/720/1100
f 393/720/1100 421/718/1098 391/721/1101
f 369/722/1102 371/723/1103 367/724/1104
f 371/723/1103 373/725/1105 367/724/1104
f 391/721/1101 421/718/1098 389/726/1106
f 421/718/1098 423/727/1107 389/726/1106
f 389/726/1106 423/727/1107 387/728/1108
f 423/727/1107 425/729/1109 387/728/1108
f 375/715/1096 383/697/1078 373/725/1105
f 373/725/1105 383/697/1078 367/724/1104
f 383/697/1078 385/730/1110 367/724/1104
f 367/724/1104 385/730/1110 365/731/1111
f 385/730/1110 387/728/1108 365/731/1111
f 387/728/1108 425/729/1109 365/731/1111
f 365/731/1111 425/729/1109 363/732/1112
f 425/729/1109 427/709/1091 363/732/1112
f 363/732/1112 427/709/1091 361/733/1110
f 361/733/1110 427/709/1091 358/717/1078
f 358/717/1078 427/709/1091 445/713/1091
f 427/709/1091 431/708/1090 445/713/1091
f 445/713/1091 431/708/1090 443/734/1113
f 443/734/1113 431/708/1090 441/735/1114
f 431/708/1090 433/736/1115 441/735/1114
f 433/736/1115 435/737/1116 441/735/1114
f 435/737/1116 437/738/1116 441/735/1114
f 441/735/1114 437/738/1116 439/739/1117
f 382/695/1118 380/694/1119 378/696/1120
f 384/697/1118 382/695/1118 378/696/1120
f 420/699/1121 418/698/1119 416/700/1122
f 420/699/1121 416/700/1122 414/701/1123
f 420/699/1121 414/701/1123 412/702/1124
f 420/699/1121 412/702/1124 410/703/1125
f 420/699/1121 410/703/1125 408/704/1126
f 420/699/1121 408/704/1126 406/705/1127
f 420/699/1121 406/705/1127 404/706/1128
f 432/708/1129 430/707/1130 428/709/1131
f 420/699/1121 404/706/1128 402/710/1132
f 360/712/1133 448/711/1134 446/713/1121
f 420/699/1121 402/710/1132 400/714/1135
f 384/697/1118 378/696/1120 376/715/1136
f 420/699/1121 400/714/1135 398/716/1137
f 359/717/1138 360/712/1133 446/713/1121
f 422/718/1139 420/699/1121 398/716/1137
f 422/718/1139 398/716/1137 396/719/1140
f 422/718/1139 396/719/1140 394/720/1141
f 422/718/1139 394/720/1141 392/721/1142
f 372/723/1143 370/722/1144 368/724/1145
f 374/725/1145 372/723/1143 368/724/1145
f 422/718/1139 392/721/1142 390/726/1146
f 424/727/1147 422/718/1139 390/726/1146
f 424/727/1147 390/726/1146 388/728/1148
f 426/729/1149 424/727/1147 388/728/1148
f 384/697/1118 376/715/1136 374/725/1145
f 384/697/1118 374/725/1145 368/724/1145
f 386/730/1150 384/697/1118 368/724/1145
f 386/730/1150 368/724/1145 366/731/1120
f 388/728/1148 386/730/1150 366/731/1120
f 426/729/1149 388/728/1148 366/731/1120
f 426/729/1149 366/731/1120 364/732/1149
f 428/709/1131 426/729/1149 364/732/1149
f 428/709/1131 364/732/1149 362/733/1151
f 428/709/1131 362/733/1151 359/717/1138
f 428/709/1131 359/717/1138 446/713/1121
f 432/708/1129 428/709/1131 446/713/1121
f 432/708/1129 446/713/1121 444/734/1152
f 432/708/1129 444/734/1152 442/735/1153
f 434/736/1154 432/708/1129 442/735/1153
f 436/737/1155 434/736/1154 442/735/1153
f 438/738/1156 436/737/1155 442/735/1153
f 438/738/1156 442/735/1153 440/739/1157
usemtl 3d66_Standardmaterial_17342430_136
f 483/838/1297 485/839/1298 481/840/1299
f 481/840/1299 485/839/1298 479/841/1300
f 469/3/1301 471/842/1302 467/843/1303
f 471/842/1302 473/844/1304 467/843/1303
f 467/843/1303 473/844/1304 465/845/1305
f 495/846/1306 497/847/1307 493/848/1308
f 485/839/1298 487/849/1309 479/841/1300
f 479/841/1300 487/849/1309 477/850/1310
f 477/850/1310 487/849/1309 475/851/1310
f 487/849/1309 489/852/1311 475/851/1310
f 499/853/1312 501/854/1313 497/847/1307
f 501/854/1313 503/855/1314 497/847/1307
f 517/856/1315 519/857/1316 515/858/1317
f 521/859/1318 449/860/1319 519/857/1316
f 449/860/1319 450/861/1320 519/857/1316
f 519/857/1316 450/861/1320 515/858/1317
f 457/862/1321 459/863/1322 455/864/1323
f 497/847/1307 503/855/1314 493/848/1308
f 489/852/1311 491/865/1324 475/851/1310
f 475/851/1310 491/865/1324 473/844/1304
f 513/866/1325 515/858/1317 511/867/1326
f 515/858/1317 450/861/1320 511/867/1326
f 473/844/1304 491/865/1324 465/845/1305
f 465/845/1305 491/865/1324 463/868/1327
f 463/868/1327 491/865/1324 461/869/1328
f 461/869/1328 491/865/1324 459/863/1322
f 459/863/1322 491/865/1324 455/864/1323
f 455/864/1323 491/865/1324 453/870/1329
f 453/870/1329 491/865/1324 450/861/1320
f 450/861/1320 491/865/1324 511/867/1326
f 491/865/1324 493/848/1308 511/867/1326
f 493/848/1308 503/855/1314 511/867/1326
f 503/855/1314 505/871/1330 511/867/1326
f 505/871/1330 507/872/1322 511/867/1326
f 507/872/1322 509/873/1331 511/867/1326
f 486/839/1332 484/838/1333 482/840/1334
f 486/839/1332 482/840/1334 480/841/1335
f 472/842/1336 470/3/1337 468/843/1338
f 474/844/1338 472/842/1336 468/843/1338
f 474/844/1338 468/843/1338 466/845/1339
f 498/847/1340 496/846/1341 494/848/1338
f 488/849/1342 486/839/1332 480/841/1335
f 488/849/1342 480/841/1335 478/850/1343
f 488/849/1342 478/850/1343 476/851/1344
f 490/852/1337 488/849/1342 476/851/1344
f 502/854/1345 500/853/1346 498/847/1340
f 504/855/1347 502/854/1345 498/847/1340
f 520/857/1348 518/856/1349 516/858/1350
f 452/860/1348 522/859/1351 520/857/1348
f 451/861/1352 452/860/1348 520/857/1348
f 451/861/1352 520/857/1348 516/858/1350
f 460/863/1353 458/862/1354 456/864/1355
f 504/855/1347 498/847/1340 494/848/1338
f 492/865/1356 490/852/1337 476/851/1344
f 492/865/1356 476/851/1344 474/844/1338
f 516/858/1350 514/866/1338 512/867/1339
f 451/861/1352 516/858/1350 512/867/1339
f 492/865/1356 474/844/1338 466/845/1339
f 492/865/1356 466/845/1339 464/868/1357
f 492/865/1356 464/868/1357 462/869/1358
f 492/865/1356 462/869/1358 460/863/1353
f 492/865/1356 460/863/1353 456/864/1355
f 492/865/1356 456/864/1355 454/870/1359
f 492/865/1356 454/870/1359 451/861/1352
f 492/865/1356 451/861/1352 512/867/1339
f 494/848/1338 492/865/1356 512/867/1339
f 504/855/1347 494/848/1338 512/867/1339
f 506/871/1355 504/855/1347 512/867/1339
f 508/872/1360 506/871/1355 512/867/1339
f 510/873/1361 508/872/1360 512/867/1339
usemtl 3d66_Standardmaterial_17342430_138
f 525/404/1362 524/405/1363 523/3/1364
f 526/4/1365 525/404/1362 523/3/1364
f 528/874/1366 527/875/1367 524/405/1368
f 525/404/1369 528/874/1366 524/405/1368
f 530/876/1370 529/877/1371 527/875/1372
f 528/874/1373 530/876/1370 527/875/1372
f 532/878/1374 531/879/1375 529/877/1376
f 530/876/1374 532/878/1374 529/877/1376
f 534/880/1377 533/881/1378 531/879/1377
f 532/878/1377 534/880/1377 531/879/1377
f 536/882/1379 535/883/1379 533/881/1379
f 534/880/1379 536/882/1379 533/881/1379
f 538/884/1380 537/885/1381 535/883/1382
f 536/882/1383 538/884/1380 535/883/1382
f 540/886/1384 539/887/1385 537/885/1386
f 538/884/1387 540/886/1384 537/885/1386
f 542/888/1388 541/889/1389 539/887/1389
f 540/886/1390 542/888/1388 539/887/1389
f 544/890/1391 543/891/1392 541/889/1393
f 542/888/1394 544/890/1391 541/889/1393
f 546/892/1395 545/893/1396 543/891/1397
f 544/890/1398 546/892/1395 543/891/1397
f 548/894/1399 547/895/1400 545/893/1400
f 546/892/1401 548/894/1399 545/893/1400
f 550/896/1402 549/897/1402 547/895/1402
f 548/894/1402 550/896/1402 547/895/1402
f 552/898/1403 551/899/1404 549/897/1405
f 550/896/1406 552/898/1403 549/897/1405
f 554/900/1407 553/901/1407 551/899/1407
f 552/898/1408 554/900/1407 551/899/1407
f 556/902/1409 555/903/1410 553/901/1411
f 554/900/1412 556/902/1409 553/901/1411
f 558/904/1413 557/905/1414 555/903/1415
f 556/902/1416 558/904/1413 555/903/1415
f 560/906/1417 559/907/1418 557/905/1419
f 558/904/1420 560/906/1417 557/905/1419
f 562/908/1421 561/909/1422 559/907/1423
f 560/906/1424 562/908/1421 559/907/1423
f 564/910/1425 563/911/1426 561/909/1426
f 562/908/1427 564/910/1425 561/909/1426
f 566/912/1428 565/913/1429 563/911/1430
f 564/910/1431 566/912/1428 563/911/1430
f 568/914/1432 567/915/1433 565/913/1432
f 566/912/1432 568/914/1432 565/913/1432
f 570/916/1434 569/917/1434 567/915/1434
f 568/914/1434 570/916/1434 567/915/1434
f 572/918/1435 571/919/1436 569/917/1437
f 570/916/1438 572/918/1435 569/917/1437
f 574/920/1439 573/921/1440 571/919/1441
f 572/918/1442 574/920/1439 571/919/1441
f 576/922/1443 575/923/1444 573/921/1445
f 574/920/1446 576/922/1443 573/921/1445
f 578/924/1447 577/925/1448 575/923/1448
f 576/922/1449 578/924/1447 575/923/1448
f 580/926/1450 579/927/1450 577/925/1450
f 578/924/1450 580/926/1450 577/925/1450
f 582/928/1451 581/929/1452 579/927/1453
f 580/926/1454 582/928/1451 579/927/1453
f 584/930/1455 583/931/1456 581/929/1457
f 582/928/1458 584/930/1455 581/929/1457
f 586/932/1459 585/933/1460 583/931/1461
f 584/930/1462 586/932/1459 583/931/1461
f 588/934/1463 587/935/1464 585/933/1465
f 586/932/1466 588/934/1463 585/933/1465
f 590/936/1467 589/937/1468 587/935/1469
f 588/934/1470 590/936/1467 587/935/1469
f 592/938/1471 591/939/1472 589/937/1473
f 590/936/1474 592/938/1471 589/937/1473
f 594/940/1475 593/941/1476 591/939/1477
f 592/938/1478 594/940/1475 591/939/1477
f 596/942/1479 595/943/1480 593/941/1481
f 594/940/1482 596/942/1479 593/941/1481
f 598/944/1483 597/945/1484 595/943/1485
f 596/942/1486 598/944/1483 595/943/1485
f 600/946/1487 599/947/1488 597/945/1489
f 598/944/1490 600/946/1487 597/945/1489
f 602/948/1491 601/949/1492 599/947/1493
f 600/946/1494 602/948/1491 599/947/1493
f 604/950/1495 603/951/1496 601/949/1497
f 602/948/1498 604/950/1495 601/949/1497
f 606/952/1499 605/953/1500 603/951/1501
f 604/950/1502 606/952/1499 603/951/1501
f 608/954/1503 607/955/1504 605/953/1505
f 606/952/1506 608/954/1503 605/953/1505
f 610/956/1507 609/957/1508 607/955/1507
f 608/954/1507 610/956/1507 607/955/1507
f 612/59/1509 611/60/1510 609/957/1509
f 610/956/1509 612/59/1509 609/957/1509
f 614/958/1511 613/959/1512 611/60/1513
f 612/59/1514 614/958/1511 611/60/1513
f 616/960/1515 615/961/1516 613/959/1517
f 614/958/1518 616/960/1515 613/959/1517
f 618/962/1519 617/963/1520 615/961/1521
f 616/960/1522 618/962/1519 615/961/1521
f 620/964/1523 619/965/1524 617/963/1525
f 618/962/1526 620/964/1523 617/963/1525
f 622/966/1527 621/967/1527 619/965/1527
f 620/964/1527 622/966/1527 619/965/1527
f 624/968/1528 623/969/1529 621/967/1530
f 622/966/1531 624/968/1528 621/967/1530
f 626/970/1532 625/971/1533 623/969/1534
f 624/968/1535 626/970/1532 623/969/1534
f 628/972/1536 627/973/1537 625/971/1536
f 626/970/1538 628/972/1536 625/971/1536
f 630/974/1539 629/975/1540 627/973/1539
f 628/972/1541 630/974/1539 627/973/1539
f 526/77/1542 523/78/1543 629/975/1542
f 630/974/1542 526/77/1542 629/975/1542
usemtl 3d66_Standardmaterial_17342430_137
f 587/976/1544 589/977/1545 585/978/1546
f 585/978/1546 589/977/1545 583/979/1547
f 601/980/1548 603/981/1549 599/982/1550
f 603/981/1549 605/983/1551 599/982/1550
f 605/983/1551 607/984/1552 599/982/1550
f 599/982/1550 607/984/1552 597/985/1553
f 607/984/1552 609/986/1554 597/985/1553
f 597/985/1553 609/986/1554 595/987/1555
f 609/986/1554 611/988/1556 595/987/1555
f 611/988/1556 613/989/1557 595/987/1555
f 595/987/1555 613/989/1557 593/990/1558
f 549/991/1555 551/992/1559 547/993/1559
f 551/992/1559 553/994/1559 547/993/1559
f 547/993/1559 553/994/1559 545/995/1559
f 545/995/1559 553/994/1559 543/996/1554
f 583/979/1547 589/977/1545 581/997/1560
f 589/977/1545 591/998/1561 581/997/1560
f 581/997/1560 591/998/1561 579/999/1562
f 593/990/1558 613/989/1557 591/998/1561
f 613/989/1557 615/1000/1563 591/998/1561
f 591/998/1561 615/1000/1563 579/999/1562
f 523/1001/1545 524/1002/1564 629/1003/1565
f 541/1004/1566 543/996/1554 539/1005/1567
f 543/996/1554 553/994/1559 539/1005/1567
f 539/1005/1567 553/994/1559 537/1006/1559
f 559/1007/1553 561/1008/1568 557/1009/1569
f 561/1008/1568 563/1010/1553 557/1009/1569
f 524/1002/1564 527/1011/1570 629/1003/1565
f 527/1011/1570 529/1012/1555 629/1003/1565
f 529/1012/1555 531/1013/1555 629/1003/1565
f 531/1013/1555 533/1014/1571 629/1003/1565
f 629/1003/1565 533/1014/1571 627/1015/1571
f 627/1015/1571 533/1014/1571 625/1016/1572
f 533/1014/1571 535/1017/1572 625/1016/1572
f 535/1017/1572 537/1006/1559 625/1016/1572
f 537/1006/1559 553/994/1559 625/1016/1572
f 625/1016/1572 553/994/1559 623/1018/1573
f 623/1018/1573 553/994/1559 621/1019/1573
f 621/1019/1573 553/994/1559 619/1020/1559
f 553/994/1559 555/1021/1574 619/1020/1559
f 619/1020/1559 555/1021/1574 617/1022/1575
f 555/1021/1574 557/1009/1569 617/1022/1575
f 617/1022/1575 557/1009/1569 615/1000/1563
f 615/1000/1563 557/1009/1569 579/999/1562
f 579/999/1562 557/1009/1569 577/1023/1576
f 557/1009/1569 563/1010/1553 577/1023/1576
f 563/1010/1553 565/1024/1553 577/1023/1576
f 577/1023/1576 565/1024/1553 575/1025/1577
f 565/1024/1553 567/1026/1578 575/1025/1577
f 575/1025/1577 567/1026/1578 573/1027/1579
f 567/1026/1578 569/1028/1553 573/1027/1579
f 573/1027/1579 569/1028/1553 571/1029/1580
f 590/977/1581 588/976/1582 586/978/1583
f 590/977/1581 586/978/1583 584/979/1581
f 604/981/1584 602/980/1584 600/982/1585
f 606/983/1586 604/981/1584 600/982/1585
f 608/984/1587 606/983/1586 600/982/1585
f 608/984/1587 600/982/1585 598/985/1588
f 610/986/1589 608/984/1587 598/985/1588
f 610/986/1589 598/985/1588 596/987/1586
f 612/988/1590 610/986/1589 596/987/1586
f 614/989/1591 612/988/1590 596/987/1586
f 614/989/1591 596/987/1586 594/990/1592
f 552/992/1593 550/991/1593 548/993/1593
f 554/994/1593 552/992/1593 548/993/1593
f 554/994/1593 548/993/1593 546/995/1584
f 554/994/1593 546/995/1584 544/996/1594
f 590/977/1581 584/979/1581 582/997/1595
f 592/998/1596 590/977/1581 582/997/1595
f 592/998/1596 582/997/1595 580/999/1597
f 614/989/1591 594/990/1592 592/998/1596
f 616/1000/1598 614/989/1591 592/998/1596
f 616/1000/1598 592/998/1596 580/999/1597
f 525/1002/1593 526/1001/1599 630/1003/1593
f 544/996/1594 542/1004/1600 540/1005/1593
f 554/994/1593 544/996/1594 540/1005/1593
f 554/994/1593 540/1005/1593 538/1006/1601
f 562/1008/1602 560/1007/1603 558/1009/1604
f 564/1010/1605 562/1008/1602 558/1009/1604
f 528/1011/1606 525/1002/1593 630/1003/1593
f 530/1012/1593 528/1011/1606 630/1003/1593
f 532/1013/1593 530/1012/1593 630/1003/1593
f 534/1014/1593 532/1013/1593 630/1003/1593
f 534/1014/1593 630/1003/1593 628/1015/1607
f 534/1014/1593 628/1015/1607 626/1016/1593
f 536/1017/1607 534/1014/1593 626/1016/1593
f 538/1006/1601 536/1017/1607 626/1016/1593
f 554/994/1593 538/1006/1601 626/1016/1593
f 554/994/1593 626/1016/1593 624/1018/1608
f 554/994/1593 624/1018/1608 622/1019/1608
f 554/994/1593 622/1019/1608 620/1020/1586
f 556/1021/1609 554/994/1593 620/1020/1586
f 556/1021/1609 620/1020/1586 618/1022/1610
f 558/1009/1604 556/1021/1609 618/1022/1610
f 558/1009/1604 618/1022/1610 616/1000/1598
f 558/1009/1604 616/1000/1598 580/999/1597
f 558/1009/1604 580/999/1597 578/1023/1593
f 564/1010/1605 558/1009/1604 578/1023/1593
f 566/1024/1611 564/1010/1605 578/1023/1593
f 566/1024/1611 578/1023/1593 576/1025/1612
f 568/1026/1613 566/1024/1611 576/1025/1612
f 568/1026/1613 576/1025/1612 574/1027/1614
f 570/1028/1615 568/1026/1613 574/1027/1614
f 570/1028/1615 574/1027/1614 572/1029/1592
