# Blender 4.3.2
# www.blender.org
mtllib 兽7.mtl
o 兽7
v 0.144306 0.091614 1.730928
v 0.147808 0.091410 1.731668
v 0.144405 0.090931 1.730974
v 0.147710 0.092093 1.731622
v 0.147970 0.091702 1.730570
v 0.144566 0.091223 1.729876
v 0.147952 0.092437 1.730050
v 0.144547 0.091957 1.729357
v 0.148142 0.092964 1.728601
v 0.144737 0.092484 1.727908
v 0.148004 0.093954 1.728505
v 0.144599 0.093474 1.727812
v 0.148202 0.094010 1.727408
v 0.144797 0.093529 1.726716
v 0.148125 0.094416 1.727479
v 0.144720 0.093934 1.726786
v 0.148314 0.094742 1.726203
v 0.144908 0.094261 1.725511
v 0.148234 0.095184 1.726257
v 0.144828 0.094702 1.725565
v 0.148228 0.096421 1.725252
v 0.144822 0.095939 1.724560
v 0.148356 0.096477 1.724530
v 0.144950 0.095995 1.723840
v 0.148287 0.096770 1.724651
v 0.144881 0.096287 1.723959
v 0.148539 0.097247 1.722917
v 0.145132 0.096763 1.722226
v 0.148476 0.097586 1.722967
v 0.145069 0.097103 1.722275
v 0.148508 0.098028 1.722429
v 0.145101 0.097544 1.721739
v 0.148892 0.097135 1.721142
v 0.145484 0.096651 1.720451
v 0.148784 0.098780 1.720339
v 0.145376 0.098295 1.719649
v 0.148617 0.099380 1.720723
v 0.145209 0.098895 1.720033
v 0.148648 0.099917 1.720106
v 0.145241 0.099433 1.719416
v 0.148528 0.100573 1.720195
v 0.145121 0.100088 1.719505
v 0.147602 0.102465 1.723515
v 0.144197 0.101982 1.722823
v 0.147530 0.100620 1.725444
v 0.144124 0.100138 1.724752
v 0.147418 0.100458 1.726171
v 0.144013 0.099977 1.725479
v 0.147445 0.102734 1.724122
v 0.144040 0.102252 1.723430
v 0.146997 0.103707 1.725683
v 0.143593 0.103226 1.724991
v 0.147006 0.099987 1.728752
v 0.143603 0.099508 1.728058
v 0.147135 0.098712 1.729131
v 0.143732 0.098232 1.728438
v 0.147455 0.097068 1.728811
v 0.144051 0.096588 1.728118
v 0.147418 0.096117 1.729801
v 0.144015 0.095638 1.729108
v 0.147230 0.096009 1.730888
v 0.143828 0.095530 1.730195
v 0.147103 0.096619 1.731055
v 0.143700 0.096141 1.730361
v 0.146875 0.095258 1.733402
v 0.143474 0.094780 1.732707
v 0.146973 0.094537 1.733484
v 0.143572 0.094060 1.732789
v 0.147084 0.094281 1.733113
v 0.143682 0.093804 1.732419
v 0.147153 0.093873 1.733087
v 0.143751 0.093395 1.732391
v 0.147372 0.093385 1.732332
v 0.143970 0.092906 1.731636
v 0.147635 0.091959 1.732132
v 0.144231 0.091481 1.731438
v 0.139460 0.101085 1.746120
v 0.142831 0.101214 1.746288
v 0.139603 0.100774 1.745618
v 0.142687 0.101525 1.746790
v 0.142946 0.100565 1.746214
v 0.139718 0.100125 1.745545
v 0.143100 0.100353 1.745580
v 0.139871 0.099912 1.744910
v 0.143085 0.100161 1.745815
v 0.139856 0.099721 1.745146
v 0.143312 0.099681 1.745008
v 0.140082 0.099240 1.744339
v 0.143411 0.099088 1.744976
v 0.140181 0.098647 1.744306
v 0.143470 0.099329 1.744464
v 0.140240 0.098887 1.743795
v 0.143664 0.098463 1.744153
v 0.140433 0.098021 1.743485
v 0.143658 0.099479 1.743348
v 0.140427 0.099037 1.742679
v 0.143717 0.100217 1.742428
v 0.140486 0.099774 1.741761
v 0.143635 0.100890 1.742311
v 0.140403 0.100447 1.741643
v 0.143842 0.100999 1.741126
v 0.140609 0.100556 1.740458
v 0.143782 0.101371 1.741136
v 0.140549 0.100927 1.740468
v 0.143857 0.101823 1.740372
v 0.140624 0.101379 1.739704
v 0.144006 0.102015 1.739427
v 0.140772 0.101571 1.738760
v 0.143902 0.102505 1.739570
v 0.140668 0.102060 1.738903
v 0.143872 0.103334 1.739050
v 0.140637 0.102889 1.738383
v 0.144061 0.103200 1.738159
v 0.140826 0.102755 1.737493
v 0.144000 0.103729 1.738049
v 0.140765 0.103284 1.737383
v 0.144344 0.104148 1.735889
v 0.141107 0.103702 1.735223
v 0.144382 0.104670 1.735258
v 0.141145 0.104223 1.734593
v 0.144192 0.104811 1.736147
v 0.140955 0.104365 1.735480
v 0.144313 0.105713 1.734764
v 0.141076 0.105266 1.734099
v 0.144207 0.106039 1.735056
v 0.140970 0.105593 1.734391
v 0.144259 0.107087 1.733917
v 0.141022 0.106640 1.733252
v 0.144127 0.107315 1.734424
v 0.140891 0.106868 1.733760
v 0.144105 0.107803 1.734141
v 0.140869 0.107355 1.733475
v 0.144358 0.107671 1.732918
v 0.141120 0.107223 1.732253
v 0.143585 0.109117 1.735801
v 0.140350 0.108671 1.735135
v 0.143591 0.108770 1.736057
v 0.140357 0.108324 1.735391
v 0.143315 0.106747 1.739181
v 0.140082 0.106302 1.738515
v 0.143177 0.107483 1.739304
v 0.139945 0.107040 1.738637
v 0.143147 0.109570 1.737740
v 0.139914 0.109126 1.737074
v 0.142743 0.110369 1.739212
v 0.139512 0.109925 1.738545
v 0.142776 0.106381 1.742328
v 0.139545 0.105939 1.741659
v 0.143094 0.104032 1.742579
v 0.139864 0.103590 1.741911
v 0.142957 0.102759 1.744352
v 0.139728 0.102318 1.743683
v 0.142803 0.103810 1.744300
v 0.139574 0.103369 1.743631
v 0.142725 0.103317 1.745116
v 0.139497 0.102877 1.744447
v 0.142755 0.102323 1.745777
v 0.139527 0.101883 1.745109
v 0.142614 0.102456 1.746411
v 0.139387 0.102016 1.745741
v 0.131607 0.117389 1.778795
v 0.133278 0.117918 1.778776
v 0.131628 0.117704 1.778425
v 0.133256 0.117602 1.779147
v 0.133191 0.118897 1.778429
v 0.131541 0.118683 1.778076
v 0.133222 0.119574 1.777709
v 0.131572 0.119360 1.777357
v 0.133114 0.121167 1.776972
v 0.131464 0.120953 1.776620
v 0.133188 0.121015 1.776707
v 0.131537 0.120800 1.776355
v 0.133516 0.119138 1.776528
v 0.131864 0.118924 1.776177
v 0.133660 0.118381 1.776392
v 0.132008 0.118167 1.776040
v 0.133899 0.118422 1.775110
v 0.132245 0.118207 1.774758
v 0.133763 0.120831 1.773852
v 0.132108 0.120614 1.773499
v 0.133663 0.121296 1.773989
v 0.132010 0.121080 1.773638
v 0.133566 0.123729 1.772508
v 0.131912 0.123512 1.772156
v 0.133459 0.124230 1.772660
v 0.131805 0.124014 1.772309
v 0.131867 0.126627 1.779019
v 0.130221 0.126413 1.778666
v 0.131868 0.125701 1.779769
v 0.130223 0.125489 1.779418
v 0.132075 0.123874 1.780187
v 0.130430 0.123661 1.779835
v 0.131885 0.124430 1.780727
v 0.130240 0.124218 1.780375
v 0.131909 0.123722 1.781179
v 0.130265 0.123510 1.780828
v 0.131777 0.123886 1.781736
v 0.130133 0.123674 1.781384
v 0.131830 0.123417 1.781841
v 0.130186 0.123206 1.781490
v 0.132102 0.122501 1.781173
v 0.130457 0.122289 1.780821
v 0.132085 0.122251 1.781466
v 0.130440 0.122039 1.781114
v 0.132139 0.121912 1.781459
v 0.130495 0.121700 1.781108
v 0.132217 0.121723 1.781205
v 0.130572 0.121511 1.780853
v 0.132295 0.121309 1.781138
v 0.130649 0.121097 1.780787
v 0.132340 0.121471 1.780770
v 0.130694 0.121259 1.780418
v 0.132434 0.121539 1.780225
v 0.130787 0.121327 1.779874
v 0.132448 0.121980 1.779792
v 0.130800 0.121767 1.779440
v 0.132566 0.121828 1.779297
v 0.130918 0.121615 1.778946
v 0.132724 0.120931 1.779206
v 0.131076 0.120718 1.778854
v 0.132736 0.120557 1.779453
v 0.131088 0.120344 1.779101
v 0.132902 0.119482 1.779463
v 0.131253 0.119269 1.779110
v 0.132840 0.119454 1.779810
v 0.131192 0.119241 1.779459
v 0.132857 0.119163 1.779959
v 0.131209 0.118950 1.779607
v 0.132831 0.118918 1.780295
v 0.131183 0.118705 1.779943
v 0.132885 0.118442 1.780404
v 0.131237 0.118229 1.780051
v 0.133020 0.117766 1.780246
v 0.131372 0.117553 1.779894
v 0.133008 0.117594 1.780455
v 0.131359 0.117381 1.780103
v 0.133084 0.117294 1.780299
v 0.131436 0.117081 1.779946
v 0.133240 0.117108 1.779636
v 0.131591 0.116895 1.779284
v 0.133332 0.117192 1.779084
v 0.131682 0.116979 1.778732
v 0.152247 0.078878 1.704967
v 0.156001 0.078982 1.705071
v 0.152430 0.078466 1.704352
v 0.155818 0.079395 1.705686
v 0.156144 0.078341 1.704850
v 0.152573 0.077825 1.704132
v 0.156536 0.077694 1.703331
v 0.152966 0.077177 1.702613
v 0.156697 0.077274 1.702835
v 0.153127 0.076756 1.702118
v 0.157076 0.078364 1.699949
v 0.153506 0.077845 1.699232
v 0.157119 0.080826 1.697680
v 0.153549 0.080306 1.696965
v 0.157571 0.082653 1.693800
v 0.154001 0.082131 1.693085
v 0.157870 0.081796 1.692954
v 0.154300 0.081274 1.692239
v 0.157883 0.082426 1.692357
v 0.154314 0.081903 1.691642
v 0.157616 0.084405 1.692114
v 0.154046 0.083882 1.691399
v 0.157601 0.085061 1.691646
v 0.154031 0.084538 1.690931
v 0.157407 0.086175 1.691735
v 0.153837 0.085653 1.691021
v 0.156566 0.087927 1.694677
v 0.152995 0.087406 1.693962
v 0.156462 0.087327 1.695719
v 0.152891 0.086807 1.695004
v 0.156566 0.085819 1.696424
v 0.152996 0.085299 1.695709
v 0.156400 0.085475 1.697579
v 0.152830 0.084956 1.696863
v 0.156346 0.087602 1.696098
v 0.152775 0.087082 1.695383
v 0.156403 0.088313 1.695208
v 0.152832 0.087793 1.694492
v 0.155901 0.089302 1.697014
v 0.152330 0.088783 1.696298
v 0.155924 0.088232 1.697779
v 0.152354 0.087714 1.697064
v 0.155875 0.084862 1.700840
v 0.152304 0.084344 1.700123
v 0.156208 0.082865 1.700753
v 0.152638 0.082347 1.700037
v 0.156373 0.081324 1.701168
v 0.152803 0.080806 1.700451
v 0.156225 0.080670 1.702489
v 0.152654 0.080152 1.701772
v 0.156026 0.081351 1.702966
v 0.152455 0.080834 1.702248
v 0.155941 0.080710 1.703943
v 0.152371 0.080193 1.703225
v 0.155788 0.080275 1.705110
v 0.152218 0.079759 1.704392
v 0.147967 0.084955 1.718731
v 0.152132 0.085124 1.717913
v 0.148305 0.084595 1.717169
v 0.151793 0.085483 1.719475
v 0.152252 0.084498 1.717774
v 0.148425 0.083969 1.717030
v 0.152307 0.084834 1.717193
v 0.148480 0.084304 1.716450
v 0.152448 0.084538 1.716664
v 0.148621 0.084008 1.715921
v 0.152440 0.085133 1.716210
v 0.148612 0.084603 1.715467
v 0.152330 0.085438 1.716561
v 0.148502 0.084908 1.715817
v 0.152479 0.086359 1.714961
v 0.148652 0.085828 1.714218
v 0.152589 0.088477 1.712581
v 0.148760 0.087945 1.711839
v 0.152887 0.089041 1.710466
v 0.149059 0.088509 1.709726
v 0.153154 0.090833 1.707496
v 0.149325 0.090299 1.706756
v 0.153355 0.089781 1.707276
v 0.149527 0.089246 1.706537
v 0.153457 0.090360 1.706230
v 0.149629 0.089825 1.705490
v 0.153432 0.092189 1.704834
v 0.149603 0.091653 1.704095
v 0.151876 0.095496 1.710594
v 0.148048 0.094965 1.709853
v 0.151953 0.094825 1.710733
v 0.148125 0.094293 1.709992
v 0.151836 0.093953 1.712111
v 0.148008 0.093423 1.711370
v 0.151786 0.095723 1.710894
v 0.147958 0.095192 1.710153
v 0.151523 0.096258 1.711892
v 0.147695 0.095727 1.711150
v 0.151495 0.094294 1.713695
v 0.147669 0.093765 1.712954
v 0.151415 0.093089 1.715156
v 0.147588 0.092560 1.714413
v 0.151518 0.091661 1.715790
v 0.147691 0.091132 1.715047
v 0.151741 0.090170 1.715815
v 0.147914 0.089641 1.715072
v 0.151742 0.089092 1.716718
v 0.147915 0.088564 1.715976
v 0.151520 0.088636 1.718324
v 0.147694 0.088109 1.717581
v 0.151309 0.088576 1.719535
v 0.147484 0.088049 1.718791
v 0.151236 0.087992 1.720431
v 0.147410 0.087466 1.719687
v 0.151323 0.087059 1.720738
v 0.147498 0.086533 1.719992
v 0.151597 0.086445 1.719743
v 0.147771 0.085917 1.718998
v 0.137264 0.104408 1.757197
v 0.139662 0.105370 1.756379
v 0.137382 0.105081 1.755942
v 0.139543 0.104697 1.757635
v 0.139797 0.105563 1.755438
v 0.137516 0.105273 1.755000
v 0.139768 0.106875 1.754499
v 0.137486 0.106585 1.754062
v 0.139778 0.108729 1.752865
v 0.137496 0.108439 1.752428
v 0.140156 0.109649 1.749911
v 0.137871 0.109357 1.749473
v 0.140442 0.108358 1.749355
v 0.138156 0.108066 1.748919
v 0.140479 0.108452 1.749064
v 0.138193 0.108160 1.748628
v 0.140418 0.109926 1.748170
v 0.138131 0.109633 1.747734
v 0.140137 0.112470 1.747631
v 0.137852 0.112178 1.747195
v 0.140075 0.113372 1.747228
v 0.137789 0.113080 1.746792
v 0.139151 0.115156 1.751031
v 0.136870 0.114865 1.750594
v 0.139404 0.113854 1.750677
v 0.137122 0.113563 1.750240
v 0.139508 0.113531 1.750354
v 0.137225 0.113240 1.749918
v 0.139485 0.112105 1.751695
v 0.137202 0.111815 1.751258
v 0.139190 0.112370 1.753168
v 0.136909 0.112080 1.752730
v 0.139168 0.112483 1.753197
v 0.136887 0.112193 1.752760
v 0.139137 0.112762 1.753142
v 0.136856 0.112472 1.752704
v 0.139100 0.113143 1.753029
v 0.136820 0.112853 1.752592
v 0.139063 0.113565 1.752886
v 0.136782 0.113275 1.752449
v 0.139030 0.113965 1.752742
v 0.136749 0.113674 1.752304
v 0.139003 0.114279 1.752624
v 0.136723 0.113989 1.752187
v 0.138990 0.114446 1.752559
v 0.136710 0.114156 1.752123
v 0.138982 0.114542 1.752528
v 0.136701 0.114252 1.752090
v 0.138968 0.114680 1.752488
v 0.136688 0.114390 1.752051
v 0.138951 0.114854 1.752441
v 0.136670 0.114563 1.752004
v 0.138930 0.115055 1.752389
v 0.136650 0.114765 1.751952
v 0.138907 0.115278 1.752333
v 0.136627 0.114988 1.751896
v 0.138882 0.115515 1.752275
v 0.136602 0.115224 1.751838
v 0.138856 0.115758 1.752215
v 0.136576 0.115468 1.751778
v 0.138449 0.116533 1.753899
v 0.136171 0.116243 1.753462
v 0.138785 0.114388 1.753785
v 0.136506 0.114099 1.753348
v 0.138873 0.113054 1.754412
v 0.136594 0.112764 1.753975
v 0.138849 0.111564 1.755817
v 0.136570 0.111275 1.755379
v 0.139170 0.109616 1.755618
v 0.136890 0.109326 1.755180
v 0.139154 0.108608 1.756562
v 0.136875 0.108319 1.756124
v 0.138937 0.109637 1.756944
v 0.136658 0.109348 1.756506
v 0.138894 0.108322 1.758298
v 0.136617 0.108035 1.757859
v 0.138822 0.108316 1.758719
v 0.136546 0.108029 1.758281
v 0.138853 0.107686 1.759077
v 0.136576 0.107399 1.758639
v 0.138921 0.107052 1.759218
v 0.136645 0.106765 1.758779
v 0.138998 0.106836 1.758966
v 0.136720 0.106548 1.758527
v 0.139055 0.106941 1.758544
v 0.136777 0.106653 1.758106
v 0.139129 0.106391 1.758587
v 0.136851 0.106103 1.758148
v 0.139249 0.106088 1.758151
v 0.136970 0.105799 1.757713
v 0.139466 0.104467 1.758274
v 0.137188 0.104179 1.757836
v 0.134655 0.111650 1.765985
v 0.136370 0.113622 1.766524
v 0.134371 0.113366 1.766118
v 0.136654 0.111906 1.766390
v 0.136427 0.114088 1.765826
v 0.134428 0.113833 1.765422
v 0.136430 0.114518 1.765458
v 0.134430 0.114261 1.765053
v 0.136525 0.114531 1.764922
v 0.134525 0.114274 1.764518
v 0.136426 0.115297 1.764832
v 0.134426 0.115040 1.764427
v 0.136484 0.115754 1.764135
v 0.134484 0.115497 1.763731
v 0.136503 0.116598 1.763330
v 0.134502 0.116341 1.762924
v 0.136404 0.117208 1.763367
v 0.134404 0.116950 1.762963
v 0.136397 0.118169 1.762608
v 0.134397 0.117911 1.762204
v 0.136731 0.119137 1.759980
v 0.134728 0.118878 1.759577
v 0.136028 0.120332 1.762835
v 0.134029 0.120075 1.762430
v 0.136009 0.117677 1.765143
v 0.134010 0.117420 1.764738
v 0.135850 0.117906 1.765820
v 0.133853 0.117650 1.765415
v 0.135692 0.119606 1.765277
v 0.133695 0.119349 1.764872
v 0.135523 0.120789 1.765220
v 0.133527 0.120532 1.764816
v 0.135746 0.120769 1.764021
v 0.133748 0.120513 1.763616
v 0.134768 0.122414 1.767999
v 0.132775 0.122160 1.767594
v 0.135282 0.121138 1.766246
v 0.133287 0.120883 1.765842
v 0.135563 0.119261 1.766271
v 0.133566 0.119005 1.765865
v 0.135634 0.117333 1.767480
v 0.133638 0.117077 1.767074
v 0.135961 0.115069 1.767564
v 0.133965 0.114814 1.767160
v 0.135885 0.114808 1.768198
v 0.133889 0.114553 1.767792
v 0.135772 0.115557 1.768196
v 0.133776 0.115302 1.767791
v 0.135691 0.114965 1.769131
v 0.133696 0.114711 1.768726
v 0.135571 0.115466 1.769372
v 0.133577 0.115212 1.768966
v 0.135544 0.115084 1.769834
v 0.133550 0.114830 1.769429
v 0.135723 0.114059 1.769704
v 0.133728 0.113805 1.769299
v 0.135738 0.113802 1.769835
v 0.133744 0.113548 1.769430
v 0.135866 0.113028 1.769778
v 0.133871 0.112774 1.769373
v 0.136004 0.112755 1.769248
v 0.134008 0.112501 1.768843
v 0.136054 0.112808 1.768931
v 0.134058 0.112554 1.768526
v 0.136134 0.112420 1.768812
v 0.134138 0.112165 1.768407
v 0.136202 0.112430 1.768431
v 0.134206 0.112175 1.768025
v 0.136397 0.111821 1.767872
v 0.134399 0.111565 1.767467
v 0.136401 0.112024 1.767676
v 0.134404 0.111769 1.767271
v 0.136669 0.111386 1.766740
v 0.134669 0.111130 1.766335
v 0.164732 0.037392 1.659803
v 0.172260 0.036887 1.659037
v 0.165447 0.035776 1.657622
v 0.171545 0.038503 1.661220
v 0.172829 0.036845 1.656302
v 0.166015 0.035732 1.654887
v 0.173022 0.038008 1.654429
v 0.166208 0.036895 1.653015
v 0.172944 0.040080 1.653148
v 0.166130 0.038967 1.651734
v 0.172110 0.044986 1.653269
v 0.165296 0.043874 1.651853
v 0.171927 0.048116 1.651645
v 0.165113 0.047003 1.650229
v 0.170996 0.053022 1.652236
v 0.164183 0.051911 1.650821
v 0.171153 0.053997 1.650690
v 0.164339 0.052885 1.649274
v 0.171373 0.053137 1.650307
v 0.164560 0.052025 1.648892
v 0.171689 0.053371 1.648586
v 0.164875 0.052258 1.647171
v 0.171908 0.055059 1.646165
v 0.165094 0.053946 1.644751
v 0.171971 0.058260 1.643291
v 0.165157 0.057146 1.641877
v 0.172174 0.062581 1.638833
v 0.165359 0.061466 1.637420
v 0.166129 0.075435 1.657920
v 0.159317 0.074329 1.656501
v 0.165935 0.069452 1.663666
v 0.159124 0.068347 1.662246
v 0.165222 0.068428 1.667957
v 0.158411 0.067326 1.666536
v 0.164122 0.069694 1.672290
v 0.157311 0.068594 1.670866
v 0.164005 0.070416 1.672275
v 0.157195 0.069316 1.670851
v 0.163690 0.070803 1.673494
v 0.156880 0.069704 1.672070
v 0.163614 0.070243 1.674313
v 0.156804 0.069145 1.672889
v 0.162837 0.069658 1.678553
v 0.156028 0.068562 1.677127
v 0.163005 0.067600 1.679391
v 0.156195 0.066504 1.677964
v 0.163026 0.066324 1.680312
v 0.156216 0.065228 1.678885
v 0.163228 0.065144 1.680280
v 0.156418 0.064049 1.678853
v 0.163634 0.064648 1.678704
v 0.156824 0.063550 1.677278
v 0.164004 0.064382 1.677123
v 0.157194 0.063284 1.675698
v 0.164376 0.063676 1.675882
v 0.157566 0.062577 1.674458
v 0.164603 0.061612 1.676434
v 0.157793 0.060513 1.675010
v 0.161797 0.059598 1.677535
v 0.160572 0.059400 1.677279
v 0.162228 0.055668 1.678591
v 0.161003 0.055470 1.678335
v 0.162558 0.053780 1.678505
v 0.161333 0.053582 1.678248
v 0.162946 0.052059 1.678000
v 0.161721 0.051861 1.677744
v 0.162369 0.055541 1.678015
v 0.161143 0.055343 1.677758
v 0.162202 0.058194 1.676695
v 0.160976 0.057996 1.676438
v 0.163047 0.056262 1.674139
v 0.161821 0.056063 1.673883
v 0.163523 0.053791 1.673802
v 0.162298 0.053592 1.673546
v 0.163660 0.051366 1.675085
v 0.162434 0.051167 1.674829
v 0.163334 0.049878 1.677862
v 0.162109 0.049680 1.677607
v 0.162201 0.051596 1.681994
v 0.160975 0.051399 1.681738
v 0.162512 0.050478 1.681378
v 0.161287 0.050280 1.681121
v 0.163301 0.049208 1.678565
v 0.162075 0.049010 1.678309
v 0.163766 0.049573 1.676011
v 0.162540 0.049374 1.675754
v 0.163992 0.051210 1.673595
v 0.162767 0.051012 1.673340
v 0.163813 0.053402 1.672707
v 0.162588 0.053203 1.672451
v 0.163106 0.057113 1.673166
v 0.161881 0.056915 1.672909
v 0.165683 0.058974 1.673305
v 0.158872 0.057873 1.671883
v 0.166036 0.058461 1.672002
v 0.159224 0.057359 1.670580
v 0.166894 0.056366 1.669509
v 0.160083 0.055262 1.668088
v 0.167639 0.052566 1.668938
v 0.160828 0.051460 1.667518
v 0.168208 0.050812 1.667577
v 0.161396 0.049705 1.666157
v 0.168985 0.048979 1.665269
v 0.162172 0.047871 1.663851
v 0.169782 0.045016 1.664571
v 0.162969 0.043907 1.663153
v 0.171329 0.041078 1.660204
v 0.164516 0.039967 1.658787
vn -0.2047 0.0362 0.9782
vn -0.2044 0.0363 0.9782
vn -0.2046 0.0362 0.9782
vn -0.2044 0.0362 0.9782
vn 0.1812 -0.9568 -0.2274
vn 0.1810 -0.9568 -0.2276
vn 0.1811 -0.9568 -0.2276
vn 0.1810 -0.9566 -0.2282
vn 0.2405 -0.5561 -0.7955
vn 0.2404 -0.5560 -0.7957
vn 0.2405 -0.5562 -0.7955
vn 0.1946 -0.9299 -0.3122
vn 0.1948 -0.9297 -0.3126
vn 0.1944 -0.9299 -0.3123
vn 0.1948 -0.9297 -0.3127
vn 0.2082 -0.0654 -0.9759
vn 0.2080 -0.0658 -0.9759
vn 0.2081 -0.0655 -0.9759
vn 0.2080 -0.0659 -0.9759
vn 0.1450 -0.9892 -0.0237
vn 0.1445 -0.9892 -0.0240
vn 0.1446 -0.9892 -0.0236
vn 0.1445 -0.9892 -0.0241
vn 0.1682 0.1991 -0.9654
vn 0.1682 0.1993 -0.9654
vn 0.1683 0.1992 -0.9654
vn 0.1801 -0.9590 -0.2186
vn 0.1800 -0.9590 -0.2189
vn 0.1802 -0.9589 -0.2190
vn 0.1800 -0.9590 -0.2190
vn 0.1765 0.1497 -0.9728
vn 0.1769 0.1496 -0.9728
vn 0.2398 -0.6112 -0.7543
vn 0.2395 -0.6113 -0.7543
vn 0.2390 -0.6116 -0.7542
vn 0.1499 -0.9875 -0.0497
vn 0.1499 -0.9875 -0.0496
vn 0.1500 -0.9875 -0.0493
vn 0.1499 -0.9875 -0.0495
vn 0.1272 0.4015 -0.9070
vn 0.1268 0.4025 -0.9066
vn 0.1273 0.4015 -0.9070
vn 0.1269 0.4024 -0.9066
vn 0.1830 -0.9545 -0.2355
vn 0.1831 -0.9544 -0.2359
vn 0.1832 -0.9544 -0.2358
vn 0.1834 -0.9543 -0.2360
vn 0.1725 0.1735 -0.9696
vn 0.1720 0.1739 -0.9696
vn 0.1719 0.1739 -0.9696
vn 0.2311 -0.7578 -0.6102
vn 0.2315 -0.7577 -0.6102
vn 0.2311 -0.7578 -0.6101
vn 0.0010 -0.8212 0.5706
vn 0.0012 -0.8216 0.5700
vn 0.0013 -0.8215 0.5702
vn 0.0012 -0.8217 0.5699
vn 0.2371 -0.4134 -0.8791
vn 0.2368 -0.4134 -0.8792
vn 0.2371 -0.4136 -0.8790
vn 0.2364 -0.4136 -0.8792
vn 0.0888 0.5542 -0.8276
vn 0.0887 0.5544 -0.8275
vn 0.0885 0.5544 -0.8275
vn 0.2332 -0.7394 -0.6315
vn 0.2335 -0.7393 -0.6316
vn 0.2332 -0.7394 -0.6316
vn 0.1729 0.1639 -0.9712
vn 0.1730 0.1646 -0.9711
vn 0.1730 0.1639 -0.9712
vn 0.1732 0.1641 -0.9711
vn -0.0214 0.8658 -0.5000
vn -0.0215 0.8658 -0.4999
vn -0.0216 0.8658 -0.4999
vn -0.0220 0.8659 -0.4997
vn -0.2356 0.7068 0.6670
vn -0.1747 0.9666 0.1877
vn -0.1746 0.9665 0.1882
vn -0.1747 0.9665 0.1878
vn 0.2383 -0.6515 -0.7203
vn 0.2385 -0.6514 -0.7203
vn 0.2384 -0.6513 -0.7204
vn -0.0115 0.8468 -0.5319
vn -0.0118 0.8469 -0.5316
vn -0.0116 0.8468 -0.5317
vn -0.0122 0.8471 -0.5313
vn -0.2396 0.6174 0.7492
vn -0.2396 0.6175 0.7492
vn -0.2395 0.6175 0.7492
vn -0.2275 0.2564 0.9394
vn -0.2275 0.2563 0.9394
vn -0.1644 -0.2194 0.9617
vn -0.1649 -0.2194 0.9616
vn -0.1649 -0.2193 0.9616
vn -0.1649 -0.2195 0.9616
vn -0.2355 0.7055 0.6685
vn -0.1532 0.9856 0.0714
vn -0.1536 0.9855 0.0719
vn -0.1534 0.9856 0.0717
vn 0.1518 0.2894 -0.9451
vn 0.1519 0.2895 -0.9450
vn 0.1520 0.2893 -0.9451
vn 0.1524 0.2896 -0.9449
vn -0.2166 0.8534 0.4741
vn -0.2167 0.8534 0.4742
vn -0.2106 0.0824 0.9741
vn -0.2106 0.0826 0.9741
vn -0.2106 0.0825 0.9741
vn -0.0005 -0.8228 0.5683
vn -0.0003 -0.8232 0.5678
vn -0.0006 -0.8228 0.5684
vn -0.0005 -0.8231 0.5679
vn -0.1858 -0.0946 0.9780
vn -0.1869 -0.0937 0.9779
vn -0.1860 -0.0945 0.9780
vn -0.1871 -0.0937 0.9779
vn 0.0069 -0.8384 0.5450
vn 0.0065 -0.8388 0.5444
vn 0.0065 -0.8385 0.5449
vn 0.0065 -0.8389 0.5443
vn -0.1745 -0.1674 0.9703
vn -0.1746 -0.1676 0.9703
vn -0.1746 -0.1675 0.9703
vn -0.1746 -0.1677 0.9703
vn 0.1804 -0.9579 -0.2235
vn 0.1804 -0.9578 -0.2238
vn 0.1804 -0.9578 -0.2236
vn -0.9712 -0.1530 -0.1828
vn -0.9709 -0.1533 -0.1841
vn -0.9712 -0.1531 -0.1828
vn -0.9712 -0.1531 -0.1826
vn -0.9712 -0.1530 -0.1825
vn -0.9713 -0.1529 -0.1823
vn -0.9711 -0.1532 -0.1833
vn -0.9710 -0.1533 -0.1836
vn -0.9709 -0.1536 -0.1840
vn -0.9711 -0.1532 -0.1829
vn -0.9711 -0.1530 -0.1829
vn -0.9713 -0.1530 -0.1823
vn -0.9713 -0.1529 -0.1825
vn -0.9712 -0.1528 -0.1827
vn -0.9711 -0.1531 -0.1831
vn -0.9709 -0.1534 -0.1839
vn -0.9712 -0.1531 -0.1825
vn -0.9714 -0.1525 -0.1818
vn -0.9714 -0.1527 -0.1818
vn -0.9714 -0.1527 -0.1817
vn -0.9712 -0.1529 -0.1825
vn -0.9711 -0.1532 -0.1828
vn -0.9711 -0.1533 -0.1829
vn -0.9711 -0.1534 -0.1830
vn -0.9711 -0.1530 -0.1830
vn -0.9712 -0.1529 -0.1827
vn -0.9712 -0.1530 -0.1826
vn -0.9710 -0.1532 -0.1833
vn -0.9715 -0.1526 -0.1815
vn -0.9717 -0.1523 -0.1808
vn -0.9711 -0.1534 -0.1829
vn 0.9712 0.1526 0.1830
vn 0.9711 0.1531 0.1833
vn 0.9711 0.1532 0.1832
vn 0.9710 0.1531 0.1837
vn 0.9709 0.1534 0.1838
vn 0.9711 0.1529 0.1832
vn 0.9708 0.1535 0.1843
vn 0.9714 0.1528 0.1818
vn 0.9712 0.1530 0.1827
vn 0.9710 0.1531 0.1836
vn 0.9709 0.1535 0.1840
vn 0.9710 0.1533 0.1833
vn 0.9710 0.1533 0.1835
vn 0.9703 0.1542 0.1863
vn 0.9708 0.1535 0.1842
vn 0.9711 0.1530 0.1833
vn 0.9712 0.1531 0.1826
vn 0.9711 0.1532 0.1833
vn 0.9711 0.1532 0.1831
vn 0.9708 0.1534 0.1843
vn 0.9711 0.1532 0.1830
vn 0.9707 0.1540 0.1846
vn 0.9710 0.1536 0.1833
vn 0.9710 0.1534 0.1834
vn 0.9711 0.1531 0.1830
vn 0.9709 0.1536 0.1836
vn 0.9710 0.1532 0.1836
vn 0.9711 0.1530 0.1834
vn 0.9709 0.1535 0.1836
vn 0.9711 0.1533 0.1832
vn 0.9710 0.1536 0.1832
vn 0.9713 0.1530 0.1823
vn 0.9717 0.1523 0.1803
vn 0.0063 -0.8493 0.5279
vn 0.0063 -0.8495 0.5275
vn 0.0063 -0.8493 0.5278
vn 0.0063 -0.8497 0.5272
vn -0.1816 -0.1434 0.9729
vn -0.1823 -0.1435 0.9727
vn -0.1817 -0.1434 0.9728
vn -0.1824 -0.1433 0.9727
vn 0.0599 -0.9418 0.3308
vn 0.0600 -0.9420 0.3303
vn 0.0600 -0.9418 0.3308
vn 0.0600 -0.9420 0.3302
vn -0.2294 0.7628 0.6046
vn -0.2296 0.7625 0.6048
vn -0.2293 0.7627 0.6047
vn 0.0103 -0.8574 0.5146
vn 0.0105 -0.8577 0.5140
vn 0.0102 -0.8575 0.5145
vn 0.0105 -0.8578 0.5139
vn -0.1906 -0.0866 0.9778
vn -0.1903 -0.0866 0.9779
vn -0.1905 -0.0866 0.9779
vn -0.1903 -0.0865 0.9779
vn 0.2045 -0.8948 -0.3969
vn 0.2045 -0.8947 -0.3972
vn 0.2045 -0.8946 -0.3972
vn -0.1413 -0.3615 0.9216
vn -0.1412 -0.3620 0.9214
vn -0.1413 -0.3613 0.9217
vn -0.1411 -0.3621 0.9214
vn 0.2402 -0.6020 -0.7615
vn 0.2399 -0.6023 -0.7614
vn 0.2401 -0.6021 -0.7615
vn 0.2399 -0.6023 -0.7613
vn 0.2284 -0.7667 -0.6000
vn 0.2290 -0.7665 -0.6000
vn 0.2286 -0.7666 -0.6001
vn 0.2290 -0.7663 -0.6003
vn 0.2193 -0.1419 -0.9653
vn 0.2189 -0.1412 -0.9655
vn 0.2192 -0.1422 -0.9653
vn 0.2188 -0.1417 -0.9654
vn 0.1490 -0.9867 -0.0649
vn 0.1487 -0.9868 -0.0648
vn 0.1488 -0.9867 -0.0649
vn 0.1945 0.0566 -0.9793
vn 0.1942 0.0576 -0.9793
vn 0.1942 0.0579 -0.9792
vn 0.2161 -0.8498 -0.4808
vn 0.2160 -0.8496 -0.4812
vn 0.2162 -0.8498 -0.4807
vn 0.1687 -0.9707 -0.1709
vn 0.1689 -0.9706 -0.1715
vn 0.1687 -0.9707 -0.1710
vn 0.1686 -0.9707 -0.1713
vn 0.1524 0.3063 -0.9396
vn 0.1516 0.3068 -0.9396
vn 0.1525 0.3064 -0.9396
vn 0.2404 -0.5091 -0.8265
vn 0.2405 -0.5092 -0.8264
vn 0.2406 -0.5088 -0.8266
vn 0.2405 -0.5092 -0.8263
vn 0.1000 -0.9805 0.1694
vn 0.1000 -0.9805 0.1689
vn 0.1000 -0.9805 0.1693
vn 0.1000 -0.9806 0.1688
vn 0.2216 -0.1742 -0.9594
vn 0.2217 -0.1748 -0.9593
vn 0.2216 -0.1743 -0.9594
vn 0.1672 -0.9726 -0.1616
vn 0.1673 -0.9725 -0.1621
vn 0.1674 -0.9725 -0.1619
vn 0.1672 -0.9725 -0.1623
vn 0.2298 -0.7567 -0.6121
vn 0.2301 -0.7567 -0.6119
vn 0.2297 -0.7567 -0.6120
vn 0.2304 -0.7569 -0.6116
vn -0.0986 0.9792 -0.1772
vn -0.0988 0.9793 -0.1769
vn -0.0988 0.9793 -0.1768
vn 0.2209 -0.8257 -0.5191
vn 0.2208 -0.8257 -0.5191
vn 0.2207 -0.8256 -0.5193
vn 0.2208 -0.8257 -0.5190
vn 0.0579 0.6752 -0.7353
vn 0.0577 0.6755 -0.7351
vn 0.0581 0.6754 -0.7352
vn 0.0577 0.6756 -0.7350
vn 0.2339 -0.7208 -0.6525
vn 0.2336 -0.7209 -0.6525
vn 0.2336 -0.7209 -0.6524
vn -0.0396 0.9078 -0.4176
vn -0.0398 0.9080 -0.4171
vn -0.0396 0.9078 -0.4175
vn -0.0398 0.9080 -0.4170
vn 0.2399 -0.4806 -0.8435
vn 0.2399 -0.4804 -0.8436
vn 0.1098 -0.9855 0.1294
vn 0.1097 -0.9856 0.1290
vn 0.1098 -0.9855 0.1293
vn 0.1097 -0.9856 0.1289
vn -0.0290 0.8900 -0.4550
vn -0.0294 0.8901 -0.4548
vn -0.0298 0.8902 -0.4546
vn -0.2407 0.5718 0.7843
vn -0.2400 0.5725 0.7840
vn -0.2406 0.5717 0.7844
vn -0.2399 0.5725 0.7840
vn -0.2202 0.8276 0.5163
vn -0.2203 0.8276 0.5163
vn -0.2208 0.8274 0.5165
vn 0.1730 0.1922 -0.9660
vn 0.1727 0.1928 -0.9659
vn 0.1729 0.1923 -0.9660
vn 0.1727 0.1929 -0.9659
vn 0.2402 -0.5798 -0.7785
vn 0.2402 -0.5799 -0.7785
vn 0.2400 -0.5800 -0.7785
vn -0.0209 0.8761 -0.4817
vn -0.0212 0.8763 -0.4814
vn -0.0210 0.8762 -0.4816
vn -0.0213 0.8763 -0.4812
vn -0.2394 0.5967 0.7659
vn -0.2401 0.5964 0.7659
vn -0.2400 0.5965 0.7659
vn -0.2407 0.5962 0.7659
vn -0.2120 0.0757 0.9743
vn -0.2114 0.0758 0.9745
vn -0.2249 0.7996 0.5568
vn -0.2249 0.7995 0.5570
vn -0.2247 0.7996 0.5569
vn 0.2050 -0.0178 -0.9786
vn 0.2050 -0.0174 -0.9786
vn 0.2050 -0.0176 -0.9786
vn 0.2050 -0.0173 -0.9786
vn -0.2167 0.8447 0.4894
vn -0.2173 0.8443 0.4899
vn -0.2176 0.8441 0.4900
vn -0.2406 0.5329 0.8112
vn -0.2413 0.5325 0.8113
vn -0.2407 0.5328 0.8113
vn -0.2417 0.5326 0.8112
vn -0.0860 0.9710 -0.2231
vn -0.0862 0.9711 -0.2227
vn -0.0860 0.9712 -0.2222
vn -0.2356 0.3506 0.9064
vn -0.2358 0.3505 0.9064
vn -0.2357 0.3505 0.9064
vn -0.2358 0.3504 0.9064
vn -0.9714 -0.1510 -0.1833
vn -0.9714 -0.1512 -0.1834
vn -0.9714 -0.1514 -0.1831
vn -0.9712 -0.1513 -0.1840
vn -0.9707 -0.1519 -0.1862
vn -0.9709 -0.1516 -0.1853
vn -0.9717 -0.1506 -0.1818
vn -0.9717 -0.1507 -0.1818
vn -0.9717 -0.1507 -0.1821
vn -0.9716 -0.1508 -0.1822
vn -0.9718 -0.1506 -0.1817
vn -0.9715 -0.1511 -0.1829
vn -0.9715 -0.1510 -0.1828
vn -0.9718 -0.1506 -0.1814
vn -0.9715 -0.1510 -0.1829
vn -0.9719 -0.1504 -0.1808
vn -0.9715 -0.1510 -0.1827
vn -0.9712 -0.1515 -0.1841
vn -0.9714 -0.1512 -0.1833
vn -0.9714 -0.1510 -0.1832
vn -0.9720 -0.1504 -0.1807
vn -0.9717 -0.1506 -0.1822
vn -0.9722 -0.1500 -0.1799
vn -0.9715 -0.1509 -0.1826
vn -0.9714 -0.1511 -0.1833
vn -0.9714 -0.1511 -0.1830
vn -0.9714 -0.1513 -0.1832
vn -0.9716 -0.1510 -0.1824
vn -0.9713 -0.1513 -0.1833
vn -0.9716 -0.1508 -0.1825
vn -0.9715 -0.1508 -0.1827
vn -0.9717 -0.1507 -0.1819
vn -0.9715 -0.1509 -0.1830
vn -0.9716 -0.1509 -0.1824
vn -0.9715 -0.1505 -0.1832
vn -0.9714 -0.1508 -0.1832
vn -0.9714 -0.1511 -0.1831
vn -0.9719 -0.1503 -0.1811
vn -0.9706 -0.1521 -0.1867
vn 0.9711 0.1515 0.1842
vn 0.9710 0.1517 0.1847
vn 0.9711 0.1513 0.1846
vn 0.9713 0.1511 0.1838
vn 0.9713 0.1512 0.1835
vn 0.9716 0.1507 0.1824
vn 0.9710 0.1516 0.1847
vn 0.9709 0.1518 0.1854
vn 0.9714 0.1511 0.1834
vn 0.9716 0.1510 0.1822
vn 0.9716 0.1509 0.1822
vn 0.9714 0.1512 0.1832
vn 0.9716 0.1509 0.1820
vn 0.9712 0.1515 0.1840
vn 0.9715 0.1509 0.1828
vn 0.9714 0.1512 0.1833
vn 0.9717 0.1508 0.1819
vn 0.9714 0.1512 0.1830
vn 0.9712 0.1512 0.1840
vn 0.9709 0.1518 0.1852
vn 0.9709 0.1517 0.1851
vn 0.9712 0.1514 0.1842
vn 0.9712 0.1513 0.1839
vn 0.9712 0.1516 0.1840
vn 0.9713 0.1514 0.1835
vn 0.9711 0.1517 0.1841
vn 0.9712 0.1515 0.1841
vn 0.9716 0.1510 0.1823
vn 0.9712 0.1511 0.1840
vn 0.9719 0.1504 0.1812
vn 0.9714 0.1511 0.1832
vn 0.9711 0.1517 0.1844
vn 0.9707 0.1521 0.1862
vn 0.9710 0.1518 0.1848
vn 0.9712 0.1514 0.1840
vn 0.9719 0.1507 0.1809
vn 0.9713 0.1511 0.1837
vn 0.2295 -0.7479 -0.6229
vn 0.2303 -0.7472 -0.6234
vn 0.2296 -0.7476 -0.6232
vn 0.2305 -0.7471 -0.6235
vn 0.2365 -0.3066 -0.9220
vn 0.2360 -0.3068 -0.9220
vn 0.2365 -0.3069 -0.9219
vn 0.2355 -0.3069 -0.9221
vn 0.2349 -0.7125 -0.6612
vn 0.2337 -0.7130 -0.6611
vn 0.2343 -0.7127 -0.6611
vn 0.2331 -0.7133 -0.6610
vn 0.2392 -0.3945 -0.8872
vn 0.2402 -0.3940 -0.8872
vn 0.2414 -0.3937 -0.8870
vn 0.0061 -0.8661 0.4999
vn 0.0061 -0.8665 0.4992
vn 0.0062 -0.8663 0.4995
vn -0.1893 -0.1263 0.9738
vn -0.1898 -0.1263 0.9737
vn -0.1899 -0.1263 0.9736
vn -0.1904 -0.1264 0.9735
vn -0.1775 -0.2073 0.9620
vn -0.1776 -0.2076 0.9620
vn -0.1775 -0.2074 0.9620
vn -0.1781 -0.2075 0.9619
vn 0.1299 -0.9915 -0.0067
vn 0.1302 -0.9915 -0.0071
vn 0.1305 -0.9914 -0.0072
vn 0.1304 -0.9914 -0.0076
vn 0.2409 -0.4389 -0.8656
vn 0.2411 -0.4389 -0.8656
vn 0.2416 -0.4388 -0.8655
vn 0.1582 0.3127 -0.9366
vn 0.1583 0.3126 -0.9366
vn 0.1578 0.3126 -0.9367
vn 0.1585 0.3125 -0.9366
vn 0.2431 -0.4972 -0.8329
vn 0.2427 -0.4973 -0.8329
vn 0.2425 -0.4974 -0.8330
vn 0.2419 -0.4974 -0.8331
vn 0.1562 0.3166 -0.9356
vn 0.1570 0.3164 -0.9355
vn 0.1564 0.3166 -0.9356
vn 0.1573 0.3163 -0.9355
vn -0.0431 0.9311 -0.3622
vn -0.0436 0.9312 -0.3619
vn -0.0445 0.9311 -0.3621
vn -0.0448 0.9310 -0.3621
vn -0.2399 0.6119 0.7537
vn -0.2404 0.6118 0.7536
vn -0.2401 0.6118 0.7537
vn -0.2408 0.6113 0.7538
vn -0.2289 0.1921 0.9543
vn -0.2283 0.1920 0.9545
vn -0.2279 0.1921 0.9545
vn 0.0600 0.7054 -0.7062
vn 0.0597 0.7057 -0.7060
vn 0.0599 0.7055 -0.7061
vn 0.0596 0.7058 -0.7059
vn -0.2420 0.5165 0.8214
vn -0.2416 0.5164 0.8216
vn -0.2421 0.5163 0.8215
vn -0.2416 0.5164 0.8215
vn -0.0598 0.9536 -0.2950
vn -0.0599 0.9537 -0.2948
vn -0.0598 0.9536 -0.2949
vn -0.2294 0.1881 0.9550
vn -0.2286 0.1886 0.9551
vn -0.0914 -0.6040 0.7917
vn -0.0915 -0.6041 0.7917
vn -0.0915 -0.6040 0.7917
vn -0.0915 -0.6042 0.7916
vn -0.2302 0.7472 0.6235
vn -0.2295 0.7477 0.6232
vn -0.2298 0.7472 0.6237
vn -0.2293 0.7477 0.6232
vn -0.2014 -0.0527 0.9781
vn -0.2022 -0.0539 0.9779
vn -0.2014 -0.0529 0.9781
vn -0.2023 -0.0543 0.9778
vn -0.0226 -0.8058 0.5917
vn -0.0226 -0.8059 0.5917
vn -0.0226 -0.8059 0.5916
vn -0.0227 -0.8063 0.5911
vn -0.1826 -0.1885 0.9649
vn -0.1813 -0.1893 0.9650
vn -0.1824 -0.1885 0.9650
vn -0.1810 -0.1894 0.9651
vn 0.1967 -0.9066 -0.3734
vn 0.1968 -0.9067 -0.3732
vn 0.1969 -0.9066 -0.3732
vn 0.1967 -0.9067 -0.3732
vn 0.1482 -0.9842 -0.0973
vn 0.1477 -0.9842 -0.0973
vn 0.1477 -0.9842 -0.0974
vn 0.2358 -0.6856 -0.6887
vn 0.2361 -0.6853 -0.6890
vn 0.2359 -0.6854 -0.6889
vn 0.2361 -0.6852 -0.6891
vn 0.0578 -0.9506 0.3050
vn 0.0578 -0.9506 0.3049
vn -0.1890 -0.1334 0.9729
vn -0.1903 -0.1331 0.9727
vn -0.1897 -0.1334 0.9727
vn -0.1909 -0.1334 0.9725
vn -0.2410 0.5293 0.8135
vn -0.2418 0.5290 0.8134
vn -0.2412 0.5292 0.8135
vn -0.2422 0.5288 0.8135
vn -0.2066 -0.0230 0.9782
vn -0.2063 -0.0231 0.9782
vn -0.2065 -0.0231 0.9782
vn -0.2061 -0.0231 0.9782
vn -0.1393 0.9887 0.0546
vn -0.1394 0.9887 0.0554
vn -0.1394 0.9887 0.0548
vn -0.1395 0.9887 0.0555
vn -0.2403 0.4304 0.8701
vn -0.2413 0.4299 0.8700
vn -0.2404 0.4303 0.8701
vn -0.2414 0.4299 0.8700
vn -0.2212 0.7968 0.5624
vn -0.2232 0.7958 0.5630
vn -0.2216 0.7965 0.5626
vn -0.2240 0.7953 0.5633
vn -0.2274 0.1917 0.9548
vn -0.2286 0.1919 0.9544
vn -0.2276 0.1917 0.9547
vn -0.2287 0.1924 0.9543
vn -0.1701 -0.2555 0.9517
vn -0.1704 -0.2555 0.9517
vn -0.1702 -0.2555 0.9517
vn -0.1705 -0.2554 0.9517
vn -0.2286 0.7589 0.6098
vn -0.2281 0.7588 0.6101
vn -0.2285 0.7588 0.6099
vn -0.2282 0.7587 0.6102
vn -0.1227 -0.4841 0.8664
vn -0.1227 -0.4842 0.8663
vn -0.1228 -0.4837 0.8666
vn 0.0631 -0.9567 0.2840
vn 0.0630 -0.9568 0.2838
vn 0.0630 -0.9568 0.2839
vn 0.0630 -0.9568 0.2837
vn 0.1537 -0.9804 -0.1236
vn 0.1529 -0.9804 -0.1239
vn 0.1535 -0.9804 -0.1237
vn 0.1529 -0.9805 -0.1237
vn 0.1826 0.1820 -0.9662
vn 0.1833 0.1813 -0.9662
vn 0.1829 0.1817 -0.9662
vn 0.1834 0.1811 -0.9662
vn -0.9710 -0.1519 -0.1846
vn -0.9710 -0.1519 -0.1845
vn -0.9709 -0.1521 -0.1849
vn -0.9710 -0.1520 -0.1846
vn -0.9712 -0.1517 -0.1838
vn -0.9710 -0.1519 -0.1848
vn -0.9704 -0.1527 -0.1872
vn -0.9711 -0.1519 -0.1842
vn -0.9713 -0.1513 -0.1838
vn -0.9716 -0.1511 -0.1824
vn -0.9712 -0.1514 -0.1838
vn -0.9710 -0.1518 -0.1846
vn -0.9712 -0.1512 -0.1843
vn -0.9711 -0.1514 -0.1846
vn -0.9709 -0.1516 -0.1852
vn -0.9710 -0.1514 -0.1849
vn -0.9710 -0.1515 -0.1848
vn -0.9711 -0.1516 -0.1845
vn -0.9719 -0.1506 -0.1809
vn -0.9713 -0.1513 -0.1837
vn -0.9712 -0.1513 -0.1842
vn -0.9719 -0.1524 -0.1796
vn -0.9711 -0.1520 -0.1840
vn -0.9708 -0.1518 -0.1856
vn -0.9711 -0.1515 -0.1846
vn -0.9712 -0.1514 -0.1842
vn -0.9711 -0.1514 -0.1844
vn -0.9711 -0.1514 -0.1843
vn -0.9712 -0.1513 -0.1843
vn -0.9712 -0.1514 -0.1837
vn -0.9714 -0.1512 -0.1832
vn -0.9709 -0.1532 -0.1840
vn -0.9706 -0.1538 -0.1853
vn -0.9714 -0.1514 -0.1827
vn -0.9727 -0.1496 -0.1774
vn 0.9705 0.1525 0.1868
vn 0.9707 0.1523 0.1860
vn 0.9707 0.1522 0.1858
vn 0.9705 0.1524 0.1867
vn 0.9707 0.1523 0.1859
vn 0.9707 0.1523 0.1858
vn 0.9708 0.1523 0.1853
vn 0.9707 0.1524 0.1857
vn 0.9706 0.1524 0.1861
vn 0.9706 0.1523 0.1863
vn 0.9708 0.1519 0.1859
vn 0.9708 0.1519 0.1858
vn 0.9708 0.1521 0.1855
vn 0.9711 0.1514 0.1845
vn 0.9707 0.1518 0.1860
vn 0.9709 0.1517 0.1855
vn 0.9708 0.1517 0.1857
vn 0.9708 0.1518 0.1855
vn 0.9701 0.1529 0.1885
vn 0.9704 0.1524 0.1872
vn 0.9708 0.1520 0.1857
vn 0.9708 0.1516 0.1857
vn 0.9717 0.1516 0.1814
vn 0.9706 0.1521 0.1867
vn 0.9708 0.1520 0.1856
vn 0.9709 0.1516 0.1856
vn 0.9709 0.1516 0.1852
vn 0.9709 0.1521 0.1852
vn 0.9707 0.1521 0.1859
vn 0.9709 0.1519 0.1853
vn 0.9708 0.1521 0.1854
vn 0.9710 0.1519 0.1848
vn 0.9707 0.1539 0.1847
vn 0.9713 0.1529 0.1822
vn 0.9702 0.1531 0.1880
vn 0.9706 0.1522 0.1867
vn 0.0074 -0.8292 0.5589
vn 0.0074 -0.8295 0.5585
vn 0.0074 -0.8292 0.5588
vn -0.1359 -0.3489 0.9273
vn -0.1359 -0.3489 0.9272
vn -0.1359 -0.3488 0.9273
vn 0.0514 -0.9137 0.4031
vn 0.0513 -0.9139 0.4026
vn 0.0514 -0.9138 0.4029
vn 0.0513 -0.9140 0.4025
vn -0.0184 -0.7650 0.6437
vn -0.0182 -0.7656 0.6430
vn -0.0184 -0.7651 0.6437
vn -0.0184 -0.7655 0.6432
vn 0.1994 -0.9251 -0.3230
vn 0.1993 -0.9251 -0.3232
vn 0.1992 -0.9251 -0.3234
vn 0.2389 -0.6603 -0.7120
vn 0.2390 -0.6603 -0.7120
vn 0.2390 -0.6604 -0.7119
vn 0.2100 -0.8939 -0.3960
vn 0.2098 -0.8939 -0.3962
vn 0.2096 -0.8938 -0.3964
vn -0.0372 -0.7085 0.7047
vn -0.0375 -0.7086 0.7046
vn -0.0374 -0.7085 0.7048
vn -0.0375 -0.7087 0.7045
vn 0.2388 -0.6709 -0.7021
vn 0.2387 -0.6708 -0.7022
vn 0.2388 -0.6711 -0.7019
vn 0.2088 -0.0915 -0.9737
vn 0.2084 -0.0914 -0.9738
vn 0.2077 -0.0915 -0.9739
vn 0.2406 -0.5608 -0.7923
vn 0.2406 -0.5605 -0.7924
vn 0.2406 -0.5607 -0.7923
vn 0.2405 -0.5607 -0.7924
vn 0.1799 0.1098 -0.9775
vn 0.1788 0.1102 -0.9777
vn 0.1794 0.1098 -0.9776
vn 0.1787 0.1103 -0.9777
vn -0.0211 0.8560 -0.5165
vn -0.0218 0.8562 -0.5162
vn -0.0225 0.8563 -0.5160
vn -0.2187 0.8553 0.4698
vn -0.2188 0.8551 0.4700
vn -0.2187 0.8552 0.4698
vn -0.2193 0.8549 0.4701
vn -0.2356 0.3979 0.8866
vn -0.2356 0.3980 0.8866
vn -0.2354 0.3978 0.8868
vn -0.1895 0.9482 0.2551
vn -0.1892 0.9482 0.2553
vn -0.1891 0.9483 0.2550
vn -0.1887 0.9483 0.2551
vn 0.2403 -0.5502 -0.7997
vn 0.2403 -0.5503 -0.7997
vn 0.2320 -0.7672 -0.5980
vn 0.2316 -0.7673 -0.5980
vn 0.2316 -0.7674 -0.5978
vn 0.2315 -0.7673 -0.5981
vn -0.0294 0.8730 -0.4868
vn -0.0297 0.8732 -0.4865
vn -0.0295 0.8731 -0.4867
vn -0.0298 0.8732 -0.4864
vn -0.2403 0.5616 0.7917
vn -0.2403 0.5620 0.7915
vn -0.2402 0.5620 0.7915
vn -0.2394 0.6544 0.7172
vn -0.2389 0.6547 0.7171
vn -0.1861 -0.0736 0.9798
vn -0.1860 -0.0736 0.9798
vn -0.1860 -0.0735 0.9798
vn -0.1857 -0.0733 0.9799
vn -0.2232 0.2309 0.9470
vn -0.2236 0.2311 0.9469
vn -0.2239 0.2310 0.9468
vn -0.2121 0.8850 0.4146
vn -0.2117 0.8849 0.4148
vn -0.2120 0.8850 0.4146
vn -0.2112 0.8852 0.4145
vn 0.0774 0.5861 -0.8065
vn 0.0771 0.5865 -0.8063
vn 0.0772 0.5861 -0.8066
vn 0.0770 0.5865 -0.8062
vn -0.2239 0.8235 0.5212
vn -0.2240 0.8234 0.5213
vn -0.2240 0.8235 0.5212
vn -0.2240 0.8234 0.5214
vn -0.1984 0.9269 0.3186
vn -0.1986 0.9267 0.3189
vn -0.1984 0.9269 0.3187
vn -0.1982 0.9269 0.3187
vn -0.2403 0.5248 0.8166
vn -0.2397 0.5250 0.8167
vn -0.2401 0.5249 0.8166
vn -0.2396 0.5250 0.8167
vn -0.9707 -0.1538 -0.1848
vn -0.9704 -0.1542 -0.1860
vn -0.9705 -0.1541 -0.1854
vn -0.9706 -0.1539 -0.1849
vn -0.9704 -0.1542 -0.1857
vn -0.9705 -0.1540 -0.1853
vn -0.9704 -0.1542 -0.1856
vn -0.9705 -0.1543 -0.1856
vn -0.9704 -0.1542 -0.1858
vn -0.9704 -0.1540 -0.1858
vn -0.9706 -0.1538 -0.1850
vn -0.9706 -0.1538 -0.1852
vn -0.9707 -0.1538 -0.1849
vn -0.9707 -0.1539 -0.1846
vn -0.9708 -0.1535 -0.1845
vn -0.9705 -0.1540 -0.1854
vn -0.9704 -0.1544 -0.1857
vn -0.9704 -0.1546 -0.1857
vn -0.9704 -0.1541 -0.1857
vn -0.9705 -0.1540 -0.1855
vn -0.9705 -0.1539 -0.1855
vn -0.9707 -0.1537 -0.1846
vn -0.9706 -0.1540 -0.1850
vn 0.9705 0.1542 0.1852
vn 0.9705 0.1541 0.1855
vn 0.9705 0.1540 0.1855
vn 0.9704 0.1541 0.1858
vn 0.9706 0.1537 0.1851
vn 0.9705 0.1540 0.1853
vn 0.9706 0.1539 0.1850
vn 0.9704 0.1542 0.1857
vn 0.9708 0.1537 0.1842
vn 0.9706 0.1538 0.1849
vn 0.9706 0.1539 0.1853
vn 0.9703 0.1541 0.1865
vn 0.9705 0.1539 0.1856
vn 0.9704 0.1541 0.1861
vn 0.9705 0.1543 0.1855
vn 0.9705 0.1542 0.1856
vn 0.9704 0.1542 0.1860
vn 0.9704 0.1543 0.1857
vn 0.9705 0.1540 0.1854
vn 0.9703 0.1541 0.1862
vn 0.9704 0.1542 0.1861
vn 0.0866 -0.9666 0.2412
vn 0.0865 -0.9667 0.2407
vn 0.0866 -0.9666 0.2411
vn 0.0865 -0.9668 0.2405
vn -0.1525 -0.2415 0.9583
vn -0.1530 -0.2413 0.9583
vn -0.1526 -0.2414 0.9584
vn 0.2104 -0.8548 -0.4744
vn 0.2104 -0.8548 -0.4745
vn 0.0245 -0.8695 0.4933
vn 0.0245 -0.8696 0.4931
vn 0.0245 -0.8698 0.4927
vn 0.2327 -0.5873 -0.7752
vn 0.2319 -0.5878 -0.7751
vn 0.2319 -0.5878 -0.7750
vn 0.0221 0.7569 -0.6532
vn 0.0220 0.7572 -0.6528
vn 0.2103 -0.8558 -0.4727
vn 0.2103 -0.8557 -0.4728
vn 0.2104 -0.8555 -0.4731
vn 0.2262 -0.7328 -0.6417
vn 0.2261 -0.7328 -0.6418
vn 0.1776 -0.9569 -0.2300
vn 0.1775 -0.9568 -0.2301
vn 0.1775 -0.9568 -0.2302
vn 0.2126 -0.8452 -0.4904
vn 0.2125 -0.8451 -0.4905
vn 0.2126 -0.8451 -0.4905
vn 0.2125 -0.8451 -0.4906
vn -0.1532 -0.2304 0.9610
vn -0.1540 -0.2302 0.9609
vn -0.1536 -0.2300 0.9610
vn -0.1541 -0.2302 0.9609
vn 0.2092 -0.8641 -0.4577
vn 0.2090 -0.8642 -0.4577
vn 0.2091 -0.8643 -0.4575
vn 0.2311 -0.5884 -0.7749
vn 0.2318 -0.5882 -0.7748
vn 0.2323 -0.5880 -0.7748
vn -0.0226 0.8640 -0.5030
vn -0.0230 0.8641 -0.5029
vn -0.0234 0.8641 -0.5027
vn -0.0238 0.8642 -0.5026
vn -0.2105 0.1746 0.9619
vn -0.2105 0.1747 0.9619
vn -0.2109 0.1745 0.9618
vn -0.2142 0.8340 0.5085
vn -0.2142 0.8339 0.5086
vn -0.2139 0.8341 0.5085
vn 0.2310 -0.5471 -0.8046
vn 0.2317 -0.5469 -0.8045
vn 0.2321 -0.5467 -0.8045
vn -0.0289 0.8775 -0.4786
vn -0.0292 0.8778 -0.4782
vn -0.0290 0.8776 -0.4785
vn -0.0293 0.8778 -0.4781
vn -0.2301 0.6599 0.7153
vn -0.2300 0.6600 0.7152
vn -0.2299 0.6601 0.7152
vn -0.2242 0.7576 0.6130
vn -0.2236 0.7579 0.6128
vn -0.2240 0.7577 0.6130
vn -0.2235 0.7580 0.6128
vn -0.2266 0.3817 0.8961
vn -0.2271 0.3816 0.8960
vn -0.2273 0.3816 0.8960
vn -0.1886 -0.0116 0.9820
vn -0.1889 -0.0120 0.9819
vn -0.2308 0.6250 0.7458
vn -0.2311 0.6249 0.7457
vn -0.2314 0.6247 0.7458
vn -0.1791 0.9528 0.2453
vn -0.1792 0.9527 0.2455
vn -0.1791 0.9527 0.2454
vn -0.1793 0.9526 0.2456
vn -0.1407 0.9898 0.0239
vn -0.1415 0.9896 0.0247
vn -0.1408 0.9897 0.0240
vn -0.1416 0.9896 0.0247
vn -0.2155 0.8260 0.5209
vn -0.2149 0.8262 0.5208
vn -0.2151 0.8260 0.5210
vn -0.2210 0.2853 0.9326
vn -0.2207 0.2856 0.9326
vn -0.2209 0.2855 0.9326
vn -0.2207 0.2857 0.9325
vn 0.0140 -0.8485 0.5290
vn 0.0139 -0.8489 0.5284
vn 0.0140 -0.8486 0.5288
vn 0.0136 -0.8488 0.5285
vn -0.1443 -0.2917 0.9456
vn -0.1438 -0.2920 0.9456
vn -0.1442 -0.2916 0.9456
vn -0.1438 -0.2920 0.9455
vn -0.9728 -0.1490 -0.1775
vn -0.9729 -0.1489 -0.1771
vn -0.9732 -0.1484 -0.1757
vn -0.9736 -0.1477 -0.1740
vn -0.9733 -0.1482 -0.1753
vn -0.9728 -0.1489 -0.1772
vn -0.9728 -0.1492 -0.1773
vn -0.9728 -0.1486 -0.1774
vn -0.9729 -0.1488 -0.1770
vn -0.9730 -0.1487 -0.1767
vn -0.9729 -0.1488 -0.1768
vn -0.9730 -0.1488 -0.1766
vn -0.9730 -0.1488 -0.1764
vn -0.9727 -0.1492 -0.1775
vn -0.9733 -0.1480 -0.1753
vn -0.9731 -0.1486 -0.1762
vn -0.9730 -0.1486 -0.1766
vn -0.9730 -0.1485 -0.1767
vn -0.9730 -0.1486 -0.1765
vn -0.9730 -0.1487 -0.1764
vn -0.9732 -0.1484 -0.1759
vn -0.9729 -0.1487 -0.1769
vn -0.9733 -0.1483 -0.1753
vn -0.9732 -0.1482 -0.1756
vn 0.9728 0.1489 0.1773
vn 0.9728 0.1489 0.1772
vn 0.9725 0.1493 0.1789
vn 0.9729 0.1486 0.1770
vn 0.9729 0.1487 0.1771
vn 0.9728 0.1491 0.1774
vn 0.9728 0.1489 0.1774
vn 0.9729 0.1488 0.1772
vn 0.9729 0.1489 0.1770
vn 0.9726 0.1494 0.1782
vn 0.9728 0.1491 0.1775
vn 0.9729 0.1490 0.1769
vn 0.9731 0.1485 0.1763
vn 0.9729 0.1489 0.1768
vn 0.9729 0.1489 0.1769
vn 0.9728 0.1490 0.1771
vn 0.9729 0.1487 0.1770
vn 0.9730 0.1486 0.1768
vn 0.9731 0.1486 0.1763
vn 0.9728 0.1490 0.1772
vn 0.9729 0.1488 0.1769
vn 0.9731 0.1484 0.1760
vn 0.9730 0.1489 0.1765
vn 0.9729 0.1488 0.1771
vn 0.1968 -0.8717 -0.4487
vn 0.1965 -0.8719 -0.4486
vn 0.1571 -0.9717 -0.1762
vn 0.1570 -0.9717 -0.1767
vn 0.1571 -0.9717 -0.1764
vn 0.1570 -0.9716 -0.1768
vn 0.2241 -0.5634 -0.7952
vn 0.2246 -0.5634 -0.7951
vn 0.2244 -0.5635 -0.7951
vn 0.2245 -0.5634 -0.7951
vn 0.2231 -0.6449 -0.7310
vn 0.2226 -0.6451 -0.7310
vn 0.2227 -0.6450 -0.7310
vn 0.2221 -0.6454 -0.7308
vn 0.1724 -0.9468 -0.2719
vn 0.1724 -0.9467 -0.2721
vn 0.1728 -0.9466 -0.2723
vn 0.1729 -0.9465 -0.2725
vn -0.1184 -0.4141 0.9025
vn -0.1196 -0.4143 0.9023
vn -0.1190 -0.4141 0.9024
vn -0.1198 -0.4143 0.9022
vn 0.1745 -0.9435 -0.2818
vn 0.1746 -0.9431 -0.2829
vn 0.1743 -0.9434 -0.2822
vn 0.1747 -0.9431 -0.2829
vn 0.2237 -0.4986 -0.8375
vn 0.2238 -0.4986 -0.8374
vn 0.2238 -0.4987 -0.8374
vn 0.2073 -0.1808 -0.9614
vn 0.2066 -0.1809 -0.9616
vn 0.2066 -0.1809 -0.9615
vn 0.2061 -0.1808 -0.9617
vn 0.2197 -0.3857 -0.8961
vn 0.2202 -0.3856 -0.8960
vn 0.2208 -0.3855 -0.8959
vn -0.0324 0.9017 -0.4311
vn -0.0327 0.9017 -0.4311
vn -0.0330 0.9018 -0.4310
vn -0.0333 0.9018 -0.4309
vn -0.1447 -0.2855 0.9474
vn -0.1449 -0.2858 0.9473
vn -0.1448 -0.2857 0.9473
vn -0.1443 -0.2862 0.9472
vn -0.0429 -0.7126 0.7003
vn -0.0425 -0.7131 0.6998
vn -0.0429 -0.7126 0.7002
vn -0.0425 -0.7130 0.6998
vn -0.2214 0.6701 0.7085
vn -0.2213 0.6701 0.7085
vn -0.2209 0.6702 0.7086
vn 0.0355 0.7378 -0.6741
vn 0.0353 0.7381 -0.6738
vn -0.0874 0.9773 -0.1931
vn -0.0876 0.9773 -0.1929
vn 0.1816 0.0513 -0.9820
vn 0.1811 0.0570 -0.9818
vn 0.2102 -0.2146 -0.9538
vn 0.2103 -0.2137 -0.9540
vn 0.2147 -0.2775 -0.9364
vn 0.2152 -0.2770 -0.9365
vn 0.2159 -0.3057 -0.9273
vn 0.2166 -0.3051 -0.9274
vn 0.2168 -0.3211 -0.9219
vn 0.2174 -0.3210 -0.9218
vn 0.2180 -0.3304 -0.9183
vn 0.2182 -0.3301 -0.9184
vn 0.2173 -0.3142 -0.9241
vn 0.2171 -0.3134 -0.9245
vn 0.2145 -0.2732 -0.9377
vn 0.2145 -0.2730 -0.9378
vn 0.2120 -0.2428 -0.9466
vn 0.2124 -0.2433 -0.9464
vn 0.2106 -0.2286 -0.9505
vn 0.2106 -0.2288 -0.9504
vn 0.2106 -0.2204 -0.9524
vn 0.2099 -0.2198 -0.9527
vn 0.2100 -0.2151 -0.9537
vn 0.2096 -0.2148 -0.9539
vn 0.2095 -0.2122 -0.9545
vn 0.2099 -0.2129 -0.9543
vn 0.2096 -0.2120 -0.9545
vn 0.2100 -0.2122 -0.9544
vn -0.0334 0.9047 -0.4248
vn -0.0337 0.9048 -0.4246
vn -0.0336 0.9048 -0.4246
vn -0.0339 0.9048 -0.4244
vn -0.1781 -0.0799 0.9808
vn -0.1778 -0.0799 0.9808
vn -0.1779 -0.0801 0.9808
vn -0.2202 0.4028 0.8884
vn -0.2213 0.4028 0.8881
vn -0.2208 0.4028 0.8883
vn -0.2217 0.4026 0.8882
vn -0.2211 0.6708 0.7079
vn -0.2207 0.6710 0.7078
vn -0.1711 -0.1280 0.9769
vn -0.1716 -0.1279 0.9768
vn -0.1716 -0.1280 0.9768
vn -0.2209 0.6686 0.7101
vn -0.2207 0.6686 0.7101
vn -0.2212 0.6686 0.7100
vn 0.1300 0.3693 -0.9202
vn 0.1301 0.3694 -0.9201
vn 0.1302 0.3693 -0.9202
vn 0.1300 0.3696 -0.9201
vn -0.2186 0.7036 0.6762
vn -0.2188 0.7036 0.6761
vn -0.2191 0.7035 0.6761
vn -0.2189 0.7035 0.6761
vn -0.1238 0.9923 -0.0073
vn -0.1241 0.9922 -0.0066
vn -0.1239 0.9923 -0.0072
vn -0.1241 0.9922 -0.0065
vn -0.2238 0.4729 0.8522
vn -0.2242 0.4732 0.8520
vn -0.2237 0.4731 0.8521
vn -0.2244 0.4733 0.8519
vn -0.2083 0.1907 0.9593
vn -0.2096 0.1905 0.9590
vn -0.2086 0.1905 0.9593
vn -0.2099 0.1906 0.9590
vn -0.0280 -0.7632 0.6455
vn -0.0276 -0.7634 0.6453
vn -0.0283 -0.7631 0.6457
vn -0.0276 -0.7633 0.6454
vn 0.1636 -0.9623 -0.2174
vn 0.1633 -0.9624 -0.2172
vn 0.1638 -0.9622 -0.2174
vn 0.1633 -0.9624 -0.2173
vn -0.1953 0.0487 0.9795
vn -0.1948 0.0491 0.9796
vn -0.1947 0.0491 0.9796
vn -0.0059 -0.8212 0.5705
vn -0.0059 -0.8216 0.5700
vn -0.0059 -0.8211 0.5707
vn -0.0059 -0.8217 0.5699
vn -0.1953 0.0478 0.9796
vn -0.1945 0.0476 0.9797
vn -0.1946 0.0481 0.9797
vn -0.1942 0.0478 0.9798
vn 0.1782 -0.9327 -0.3135
vn 0.1787 -0.9326 -0.3137
vn -0.9752 -0.1435 -0.1686
vn -0.9752 -0.1432 -0.1686
vn -0.9752 -0.1432 -0.1685
vn -0.9753 -0.1432 -0.1684
vn -0.9752 -0.1435 -0.1687
vn -0.9753 -0.1431 -0.1681
vn -0.9752 -0.1433 -0.1686
vn -0.9744 -0.1443 -0.1723
vn -0.9756 -0.1428 -0.1668
vn -0.9753 -0.1427 -0.1689
vn -0.9755 -0.1432 -0.1668
vn -0.9743 -0.1452 -0.1720
vn -0.9753 -0.1430 -0.1682
vn -0.9754 -0.1431 -0.1679
vn -0.9751 -0.1432 -0.1696
vn -0.9751 -0.1433 -0.1691
vn -0.9749 -0.1436 -0.1699
vn -0.9754 -0.1428 -0.1681
vn -0.9753 -0.1432 -0.1683
vn -0.9753 -0.1430 -0.1684
vn -0.9753 -0.1432 -0.1681
vn -0.9754 -0.1430 -0.1678
vn -0.9752 -0.1434 -0.1686
vn -0.9758 -0.1420 -0.1663
vn -0.9762 -0.1413 -0.1645
vn -0.9753 -0.1430 -0.1685
vn -0.9753 -0.1429 -0.1686
vn -0.9756 -0.1429 -0.1668
vn -0.9753 -0.1431 -0.1685
vn -0.9755 -0.1428 -0.1672
vn -0.9752 -0.1431 -0.1685
vn -0.9754 -0.1429 -0.1678
vn -0.9752 -0.1434 -0.1688
vn -0.9718 -0.1479 -0.1839
vn -0.9752 -0.1433 -0.1689
vn -0.9751 -0.1435 -0.1693
vn -0.9752 -0.1434 -0.1685
vn -0.9753 -0.1434 -0.1683
vn 0.9749 0.1439 0.1699
vn 0.9749 0.1438 0.1698
vn 0.9750 0.1435 0.1699
vn 0.9750 0.1440 0.1693
vn 0.9753 0.1433 0.1683
vn 0.9750 0.1436 0.1694
vn 0.9744 0.1446 0.1724
vn 0.9730 0.1465 0.1784
vn 0.9746 0.1444 0.1714
vn 0.9753 0.1435 0.1682
vn 0.9750 0.1436 0.1695
vn 0.9753 0.1435 0.1678
vn 0.9756 0.1434 0.1665
vn 0.9753 0.1432 0.1683
vn 0.9750 0.1434 0.1695
vn 0.9747 0.1439 0.1708
vn 0.9749 0.1437 0.1700
vn 0.9746 0.1444 0.1713
vn 0.9750 0.1435 0.1698
vn 0.9751 0.1436 0.1690
vn 0.9751 0.1434 0.1693
vn 0.9750 0.1437 0.1695
vn 0.9754 0.1428 0.1679
vn 0.9749 0.1437 0.1702
vn 0.9749 0.1439 0.1700
vn 0.9749 0.1435 0.1702
vn 0.9750 0.1432 0.1696
vn 0.9751 0.1433 0.1694
vn 0.9751 0.1433 0.1693
vn 0.9747 0.1438 0.1709
vn 0.9748 0.1437 0.1705
vn 0.9751 0.1435 0.1694
vn 0.9751 0.1433 0.1690
vn 0.9751 0.1435 0.1693
vn 0.9750 0.1435 0.1697
vn 0.9746 0.1440 0.1713
vn 0.9738 0.1450 0.1751
vn 0.9755 0.1430 0.1674
vn 0.9751 0.1434 0.1690
vn 0.9755 0.1429 0.1675
vn 0.9753 0.1431 0.1685
vn 0.1841 0.1065 -0.9771
vn 0.1837 0.1066 -0.9772
vn 0.1838 0.1066 -0.9772
vn 0.1836 0.1068 -0.9772
vn 0.2128 -0.8201 -0.5312
vn 0.2123 -0.8203 -0.5311
vn 0.2126 -0.8199 -0.5315
vn 0.2123 -0.8203 -0.5310
vn 0.2308 -0.6358 -0.7365
vn 0.2306 -0.6352 -0.7371
vn 0.2307 -0.6356 -0.7367
vn 0.2305 -0.6350 -0.7373
vn 0.1277 -0.9918 -0.0015
vn 0.1277 -0.9918 -0.0018
vn 0.1277 -0.9918 -0.0016
vn 0.1276 -0.9918 -0.0019
vn 0.2075 -0.0883 -0.9742
vn 0.2085 -0.0883 -0.9740
vn 0.2076 -0.0884 -0.9742
vn 0.2115 -0.8254 -0.5235
vn 0.2119 -0.8252 -0.5236
vn 0.2116 -0.8253 -0.5236
vn 0.2291 -0.6747 -0.7016
vn 0.2287 -0.6749 -0.7016
vn 0.2288 -0.6750 -0.7014
vn 0.2289 -0.6749 -0.7015
vn 0.1858 0.0908 -0.9784
vn 0.1866 0.0906 -0.9782
vn 0.1860 0.0911 -0.9783
vn 0.1869 0.0907 -0.9782
vn 0.2324 -0.6017 -0.7641
vn 0.2318 -0.6020 -0.7641
vn 0.2321 -0.6019 -0.7641
vn 0.2313 -0.6022 -0.7641
vn 0.1844 -0.9296 -0.3191
vn 0.1846 -0.9296 -0.3191
vn 0.1842 -0.9296 -0.3192
vn 0.1841 -0.9296 -0.3193
vn -0.0384 0.9181 -0.3944
vn -0.0387 0.9182 -0.3943
vn -0.0389 0.9182 -0.3942
vn -0.0392 0.9182 -0.3941
vn -0.2309 0.6393 0.7335
vn -0.2308 0.6393 0.7335
vn -0.2308 0.6394 0.7335
vn -0.2302 0.6395 0.7335
vn -0.0535 0.9418 -0.3318
vn -0.0537 0.9419 -0.3315
vn -0.0535 0.9419 -0.3317
vn -0.0537 0.9420 -0.3314
vn 0.2241 -0.2774 -0.9343
vn 0.2249 -0.2772 -0.9341
vn 0.2254 -0.2773 -0.9340
vn 0.2008 -0.0183 -0.9795
vn 0.2008 -0.0184 -0.9795
vn 0.2009 -0.0184 -0.9794
vn 0.2009 -0.0185 -0.9794
vn 0.1195 -0.9921 0.0388
vn 0.1196 -0.9921 0.0382
vn 0.1194 -0.9921 0.0386
vn 0.1195 -0.9921 0.0381
vn -0.0383 0.9199 -0.3902
vn -0.0386 0.9199 -0.3902
vn -0.0390 0.9199 -0.3901
vn -0.0393 0.9200 -0.3900
vn -0.0147 -0.8102 0.5860
vn -0.0152 -0.8103 0.5859
vn -0.0149 -0.8104 0.5857
vn -0.0151 -0.8105 0.5855
vn -0.1965 -0.0168 0.9804
vn -0.1966 -0.0167 0.9803
vn -0.1963 -0.0166 0.9804
vn -0.1963 -0.0163 0.9804
vn -0.2335 0.5102 0.8277
vn -0.2337 0.5100 0.8278
vn -0.2015 0.0082 0.9795
vn -0.2005 0.0081 0.9797
vn -0.2003 0.0081 0.9797
vn -0.1994 0.0079 0.9799
vn -0.1893 0.9153 0.3556
vn -0.1894 0.9153 0.3555
vn -0.1892 0.9154 0.3554
vn 0.1956 0.0272 -0.9803
vn 0.1949 0.0273 -0.9805
vn 0.1954 0.0276 -0.9803
vn 0.1946 0.0273 -0.9805
vn -0.2096 0.8344 0.5097
vn -0.2104 0.8341 0.5099
vn -0.2100 0.8342 0.5098
vn -0.2110 0.8339 0.5100
vn 0.1206 0.4535 -0.8830
vn 0.1221 0.4532 -0.8830
vn 0.1208 0.4535 -0.8830
vn 0.1225 0.4531 -0.8830
vn -0.2225 0.7579 0.6133
vn -0.2212 0.7580 0.6136
vn -0.2223 0.7579 0.6133
vn -0.2208 0.7582 0.6135
vn -0.1778 -0.1548 0.9718
vn -0.1774 -0.1546 0.9719
vn -0.1778 -0.1547 0.9718
vn -0.1769 -0.1548 0.9720
vn -0.2307 0.4317 0.8720
vn -0.2328 0.4309 0.8719
vn -0.2309 0.4316 0.8720
vn -0.2330 0.4308 0.8718
vn -0.1862 -0.1026 0.9771
vn -0.1852 -0.1028 0.9773
vn -0.1855 -0.1026 0.9773
vn -0.1850 -0.1027 0.9774
vn 0.0194 -0.8868 0.4617
vn 0.0194 -0.8871 0.4612
vn 0.0191 -0.8868 0.4617
vn 0.0196 -0.8872 0.4610
vn 0.1526 -0.9785 -0.1388
vn 0.1534 -0.9783 -0.1394
vn 0.1527 -0.9785 -0.1389
vn 0.1535 -0.9783 -0.1394
vn -0.1491 -0.3176 0.9364
vn -0.1494 -0.3179 0.9363
vn -0.1494 -0.3175 0.9364
vn 0.1273 -0.9919 -0.0030
vn 0.1273 -0.9919 -0.0037
vn 0.1270 -0.9919 -0.0035
vn 0.1273 -0.9919 -0.0038
vn -0.0591 -0.6851 0.7261
vn -0.0601 -0.6852 0.7259
vn -0.0594 -0.6851 0.7261
vn -0.0599 -0.6851 0.7260
vn 0.2287 -0.6769 -0.6996
vn 0.2289 -0.6767 -0.6998
vn 0.2287 -0.6770 -0.6996
vn 0.2289 -0.6767 -0.6997
vn -0.0077 -0.8270 0.5622
vn -0.0081 -0.8271 0.5620
vn -0.0076 -0.8271 0.5620
vn -0.0082 -0.8272 0.5618
vn 0.2330 -0.5387 -0.8096
vn 0.2333 -0.5390 -0.8093
vn 0.2330 -0.5390 -0.8094
vn 0.2336 -0.5392 -0.8091
vn -0.9731 -0.1475 -0.1769
vn -0.9733 -0.1473 -0.1763
vn -0.9731 -0.1472 -0.1770
vn -0.9732 -0.1470 -0.1769
vn -0.9733 -0.1469 -0.1765
vn -0.9732 -0.1470 -0.1768
vn -0.9734 -0.1467 -0.1760
vn -0.9731 -0.1470 -0.1775
vn -0.9736 -0.1465 -0.1751
vn -0.9733 -0.1469 -0.1763
vn -0.9732 -0.1470 -0.1770
vn -0.9732 -0.1469 -0.1769
vn -0.9729 -0.1474 -0.1781
vn -0.9728 -0.1475 -0.1784
vn -0.9726 -0.1480 -0.1794
vn -0.9732 -0.1471 -0.1767
vn -0.9735 -0.1464 -0.1755
vn -0.9740 -0.1459 -0.1736
vn -0.9735 -0.1466 -0.1757
vn -0.9735 -0.1465 -0.1758
vn -0.9735 -0.1463 -0.1758
vn -0.9733 -0.1466 -0.1766
vn -0.9734 -0.1464 -0.1763
vn -0.9736 -0.1463 -0.1751
vn -0.9732 -0.1471 -0.1770
vn -0.9732 -0.1469 -0.1767
vn -0.9736 -0.1465 -0.1750
vn -0.9732 -0.1469 -0.1772
vn -0.9732 -0.1471 -0.1766
vn -0.9728 -0.1475 -0.1785
vn -0.9727 -0.1475 -0.1790
vn 0.9728 0.1481 0.1781
vn 0.9729 0.1478 0.1778
vn 0.9728 0.1479 0.1780
vn 0.9729 0.1475 0.1779
vn 0.9730 0.1472 0.1778
vn 0.9730 0.1472 0.1777
vn 0.9730 0.1472 0.1776
vn 0.9728 0.1475 0.1788
vn 0.9736 0.1466 0.1752
vn 0.9731 0.1473 0.1772
vn 0.9731 0.1471 0.1774
vn 0.9728 0.1476 0.1784
vn 0.9728 0.1477 0.1786
vn 0.9730 0.1474 0.1778
vn 0.9730 0.1472 0.1775
vn 0.9729 0.1475 0.1782
vn 0.9727 0.1478 0.1789
vn 0.9730 0.1473 0.1778
vn 0.9731 0.1470 0.1774
vn 0.9731 0.1472 0.1773
vn 0.9731 0.1469 0.1776
vn 0.9730 0.1474 0.1777
vn 0.9733 0.1468 0.1763
vn 0.9734 0.1465 0.1759
vn 0.9730 0.1473 0.1776
vn 0.9730 0.1474 0.1775
vn 0.9726 0.1477 0.1795
vn 0.9733 0.1469 0.1761
vn 0.9727 0.1478 0.1791
vn 0.9725 0.1490 0.1790
vn 0.0070 -0.8025 0.5966
vn 0.0069 -0.8025 0.5966
vn 0.0069 -0.8024 0.5968
vn 0.0069 -0.8026 0.5965
vn 0.1519 -0.9873 0.0471
vn 0.1514 -0.9874 0.0469
vn 0.1514 -0.9873 0.0471
vn 0.1514 -0.9874 0.0468
vn 0.2392 -0.8356 -0.4946
vn 0.2392 -0.8356 -0.4945
vn 0.2392 -0.8357 -0.4944
vn 0.2541 -0.5018 -0.8268
vn 0.2536 -0.5019 -0.8269
vn 0.2533 -0.5019 -0.8270
vn 0.1942 0.0568 -0.9793
vn 0.1940 0.0570 -0.9793
vn 0.1941 0.0569 -0.9793
vn 0.1935 0.0569 -0.9794
vn 0.2507 -0.4343 -0.8652
vn 0.2506 -0.4343 -0.8652
vn 0.1774 0.1508 -0.9725
vn 0.2397 -0.8320 -0.5003
vn 0.2397 -0.8321 -0.5002
vn 0.2397 -0.8320 -0.5004
vn 0.2396 -0.8320 -0.5003
vn -0.1165 -0.4271 0.8966
vn -0.1164 -0.4279 0.8963
vn -0.1165 -0.4272 0.8966
vn 0.1805 -0.9785 -0.0997
vn 0.1805 -0.9785 -0.0999
vn 0.1805 -0.9785 -0.0998
vn 0.1805 -0.9785 -0.1000
vn 0.2437 -0.8058 -0.5398
vn 0.2436 -0.8057 -0.5398
vn 0.2436 -0.8058 -0.5398
vn 0.2438 -0.8059 -0.5395
vn 0.2548 -0.6488 -0.7170
vn 0.2529 -0.7004 -0.6674
vn -0.0170 0.8266 -0.5626
vn -0.0173 0.8266 -0.5626
vn -0.0182 0.8266 -0.5625
vn -0.0184 0.8266 -0.5625
vn -0.2539 0.6742 0.6935
vn -0.2540 0.6742 0.6935
vn -0.1964 0.9607 0.1961
vn -0.1966 0.9606 0.1963
vn -0.1965 0.9607 0.1962
vn -0.1967 0.9606 0.1964
vn -0.0903 0.9493 -0.3010
vn -0.0907 0.9494 -0.3007
vn -0.0906 0.9494 -0.3008
vn -0.0909 0.9494 -0.3005
vn 0.2026 0.0129 -0.9792
vn 0.2026 0.0131 -0.9792
vn 0.2025 0.0132 -0.9792
vn 0.2024 0.0134 -0.9792
vn -0.0848 0.9430 -0.3218
vn -0.0851 0.9432 -0.3212
vn -0.0849 0.9430 -0.3217
vn -0.0851 0.9432 -0.3211
vn -0.2421 0.8114 0.5320
vn -0.2422 0.8113 0.5321
vn -0.2423 0.8112 0.5322
vn -0.1788 0.9786 0.1018
vn -0.1790 0.9785 0.1021
vn -0.1789 0.9786 0.1020
vn -0.1792 0.9785 0.1023
vn -0.2456 0.3480 0.9048
vn -0.2455 0.3483 0.9047
vn -0.2456 0.3480 0.9047
vn -0.2550 0.5633 0.7859
vn -0.2553 0.5633 0.7858
vn -0.1955 -0.0599 0.9789
vn -0.1955 -0.0602 0.9789
vn -0.1955 -0.0600 0.9789
vn 0.0849 -0.9435 0.3203
vn 0.0849 -0.9437 0.3196
vn 0.0849 -0.9436 0.3202
vn 0.0849 -0.9438 0.3195
vn 0.1170 -0.9744 0.1918
vn 0.1170 -0.9746 0.1912
vn 0.1170 -0.9745 0.1917
vn 0.1168 -0.9746 0.1908
vn 0.0343 -0.8639 0.5025
vn 0.0343 -0.8642 0.5019
vn 0.0343 -0.8639 0.5024
vn 0.0344 -0.8643 0.5018
vn -0.2343 0.2273 0.9452
vn -0.2348 0.2274 0.9451
vn -0.2523 0.7101 0.6573
vn -0.2519 0.7102 0.6574
vn -0.2521 0.7103 0.6572
vn -0.2520 0.7102 0.6573
vn -0.2352 0.2282 0.9448
vn -0.2351 0.2282 0.9448
vn -0.2349 0.2281 0.9449
vn -0.2354 0.2281 0.9448
vn -0.1917 -0.0785 0.9783
vn -0.1919 -0.0786 0.9783
vn -0.1918 -0.0785 0.9783
vn -0.1919 -0.0784 0.9783
vn -0.1463 -0.3084 0.9399
vn -0.1470 -0.3085 0.9398
vn -0.1475 -0.3084 0.9397
vn -0.1484 -0.3083 0.9396
vn 0.1990 0.0370 -0.9793
vn 0.1989 0.0370 -0.9793
vn 0.1985 0.0371 -0.9794
vn 0.1988 0.0370 -0.9793
vn 0.2500 -0.4184 -0.8732
vn 0.2498 -0.4185 -0.8732
vn 0.2497 -0.4185 -0.8732
vn 0.2495 -0.4185 -0.8733
vn 0.0023 -0.7970 0.6040
vn 0.0022 -0.7970 0.6040
vn 0.0022 -0.7971 0.6038
vn 0.0025 -0.7972 0.6037
vn -0.1759 -0.1662 0.9703
vn -0.1756 -0.1662 0.9703
vn -0.1764 -0.1660 0.9702
vn -0.1767 -0.1659 0.9702
vn -0.2525 0.4413 0.8611
vn -0.2523 0.4413 0.8612
vn -0.2516 0.4415 0.8612
vn -0.2516 0.4415 0.8613
vn -0.2311 0.8689 0.4376
vn -0.2312 0.8689 0.4377
vn -0.2316 0.8687 0.4379
vn -0.2317 0.8686 0.4379
vn -0.0642 0.9151 -0.3982
vn -0.0643 0.9150 -0.3982
vn -0.0647 0.9150 -0.3982
vn -0.0648 0.9150 -0.3982
vn -0.0978 -0.5019 0.8594
vn -0.0984 -0.5016 0.8595
vn -0.0983 -0.5016 0.8595
vn -0.0989 -0.5013 0.8596
vn 0.0574 -0.9037 0.4242
vn 0.0573 -0.9038 0.4242
vn 0.0571 -0.9038 0.4241
vn 0.0571 -0.9038 0.4240
vn 0.1803 -0.9778 -0.1067
vn 0.1806 -0.9778 -0.1066
vn 0.1805 -0.9778 -0.1067
vn 0.1800 -0.9779 -0.1068
vn 0.2419 -0.8135 -0.5289
vn 0.2420 -0.8135 -0.5288
vn 0.2410 -0.8139 -0.5286
vn 0.2407 -0.8141 -0.5285
vn 0.2449 -0.3469 -0.9054
vn 0.2452 -0.3468 -0.9053
vn 0.2461 -0.3466 -0.9052
vn 0.2468 -0.3465 -0.9050
vn 0.1764 0.1543 -0.9722
vn 0.1766 0.1543 -0.9721
vn 0.1770 0.1541 -0.9721
vn 0.1771 0.1541 -0.9721
vn 0.2372 -0.2580 -0.9366
vn 0.2374 -0.2583 -0.9364
vn 0.2373 -0.2581 -0.9365
vn 0.2369 -0.2583 -0.9366
vn 0.0694 -0.9215 0.3821
vn 0.0694 -0.9217 0.3816
vn 0.0694 -0.9215 0.3820
vn 0.0694 -0.9217 0.3815
vn -0.0096 -0.7667 0.6419
vn -0.0097 -0.7670 0.6415
vn -0.0094 -0.7670 0.6416
vn -0.0098 -0.7672 0.6414
vn -0.1728 -0.1791 0.9685
vn -0.1729 -0.1794 0.9685
vn -0.1729 -0.1792 0.9685
vn -0.1730 -0.1795 0.9684
vn -0.0611 -0.6238 0.7792
vn -0.0611 -0.6241 0.7790
vn -0.0611 -0.6239 0.7792
vn -0.0611 -0.6242 0.7789
vn -0.0022 -0.7830 0.6220
vn -0.0023 -0.7833 0.6217
vn -0.0022 -0.7831 0.6219
vn -0.0023 -0.7834 0.6216
vn -0.1676 -0.2037 0.9646
vn -0.1680 -0.2036 0.9645
vn -0.1677 -0.2037 0.9646
vn -0.1677 -0.2038 0.9645
vn -0.0171 -0.7452 0.6666
vn -0.0172 -0.7454 0.6664
vn -0.0173 -0.7456 0.6662
vn -0.2441 0.3381 0.9089
vn -0.9669 -0.1597 -0.1991
vn -0.9675 -0.1590 -0.1968
vn -0.9674 -0.1591 -0.1972
vn -0.9669 -0.1597 -0.1990
vn -0.9669 -0.1598 -0.1990
vn -0.9670 -0.1595 -0.1987
vn -0.9670 -0.1595 -0.1988
vn -0.9669 -0.1599 -0.1990
vn -0.9670 -0.1595 -0.1984
vn -0.9669 -0.1596 -0.1990
vn -0.9669 -0.1597 -0.1989
vn -0.8195 -0.5720 -0.0347
vn -0.9667 -0.1599 -0.1996
vn -0.9670 -0.1595 -0.1986
vn -0.9670 -0.1596 -0.1986
vn -0.8299 -0.4425 0.3398
vn -0.8669 -0.4852 0.1143
vn -0.9113 -0.4060 0.0684
vn -0.8913 -0.4530 -0.0208
vn -0.9670 -0.1597 -0.1985
vn -0.9671 -0.1593 -0.1982
vn -0.9669 -0.1600 -0.1986
vn -0.9669 -0.1600 -0.1989
vn -0.9664 -0.1604 -0.2010
vn -0.9668 -0.1598 -0.1994
vn -0.9670 -0.1594 -0.1987
vn -0.9670 -0.1594 -0.1988
vn -0.9670 -0.1594 -0.1986
vn -0.9670 -0.1595 -0.1985
vn -0.9671 -0.1595 -0.1984
vn -0.9670 -0.1596 -0.1988
vn -0.9670 -0.1596 -0.1987
vn -0.9664 -0.1603 -0.2007
vn -0.9669 -0.1598 -0.1988
vn -0.9669 -0.1597 -0.1992
vn -0.9667 -0.1601 -0.1997
vn 0.9673 0.1592 0.1977
vn 0.9670 0.1596 0.1988
vn 0.9672 0.1593 0.1979
vn 0.9669 0.1597 0.1991
vn 0.9669 0.1598 0.1988
vn 0.9670 0.1595 0.1986
vn 0.9670 0.1595 0.1988
vn 0.9669 0.1599 0.1989
vn 0.9669 0.1597 0.1989
vn 0.9672 0.1593 0.1981
vn 0.9671 0.1594 0.1985
vn 0.9670 0.1596 0.1984
vn 0.9052 -0.2819 0.3180
vn 0.9670 0.1597 0.1985
vn 0.9670 0.1595 0.1987
vn 0.7357 -0.1788 0.6533
vn 0.8645 -0.1913 0.4648
vn 0.8945 -0.1021 0.4353
vn 0.9250 -0.1510 0.3488
vn 0.9672 0.1593 0.1980
vn 0.9669 0.1596 0.1990
vn 0.9670 0.1596 0.1986
vn 0.9668 0.1598 0.1996
vn 0.9669 0.1598 0.1990
vn 0.9669 0.1598 0.1991
vn 0.9671 0.1595 0.1984
vn 0.9670 0.1596 0.1987
vn 0.9670 0.1595 0.1985
vn 0.9672 0.1594 0.1978
vn 0.9668 0.1599 0.1995
vn 0.9667 0.1601 0.1997
vt 0.014100 0.000000
vt 0.014100 1.000000
vt 0.000000 0.000000
vt 0.000000 1.000000
vt 0.036400 0.000000
vt 0.036400 1.000000
vt 0.054200 0.000000
vt 0.054200 1.000000
vt 0.084300 0.000000
vt 0.084300 1.000000
vt 0.104700 0.000000
vt 0.104700 1.000000
vt 0.126600 0.000000
vt 0.126600 1.000000
vt 0.135100 0.000000
vt 0.135100 1.000000
vt 0.161000 0.000000
vt 0.161000 1.000000
vt 0.170200 0.000000
vt 0.170200 1.000000
vt 0.201700 0.000000
vt 0.201700 1.000000
vt 0.216000 0.000000
vt 0.216000 1.000000
vt 0.222700 0.000000
vt 0.222700 1.000000
vt 0.258100 0.000000
vt 0.258100 1.000000
vt 0.265200 0.000000
vt 0.265200 1.000000
vt 0.278800 0.000000
vt 0.278800 1.000000
vt 0.311300 0.000000
vt 0.311300 1.000000
vt 0.347900 0.000000
vt 0.347900 1.000000
vt 0.362800 0.000000
vt 0.362800 1.000000
vt 0.378900 0.000000
vt 0.378900 1.000000
vt 0.392600 0.000000
vt 0.392600 1.000000
vt 0.471500 0.000000
vt 0.471500 1.000000
vt 0.523900 0.000000
vt 0.523900 1.000000
vt 0.538600 0.000000
vt 0.538600 1.000000
vt 0.598900 0.000000
vt 0.598900 1.000000
vt 0.636900 0.000000
vt 0.636900 1.000000
vt 0.731900 0.000000
vt 0.731900 1.000000
vt 0.758800 0.000000
vt 0.758800 1.000000
vt 0.793700 0.000000
vt 0.793700 1.000000
vt 0.820700 0.000000
vt 0.820700 1.000000
vt 0.842300 0.000000
vt 0.842300 1.000000
vt 0.855500 0.000000
vt 0.855500 1.000000
vt 0.908400 0.000000
vt 0.908400 1.000000
vt 0.923200 0.000000
vt 0.923200 1.000000
vt 0.932600 0.000000
vt 0.932600 1.000000
vt 0.941100 0.000000
vt 0.941100 1.000000
vt 0.959700 0.000000
vt 0.959700 1.000000
vt 0.989700 0.000000
vt 0.989700 1.000000
vt 1.000000 0.000000
vt 1.000000 1.000000
vt 0.296500 0.404400
vt 0.268300 0.418600
vt 0.330400 0.448400
vt 0.532700 0.941600
vt 0.615000 1.000000
vt 0.651200 0.954900
vt 1.000000 0.817600
vt 0.868000 0.646300
vt 0.816800 0.679200
vt 0.024600 0.119000
vt 0.000000 0.252800
vt 0.169600 0.243300
vt 0.094900 0.095100
vt 0.413400 0.656900
vt 0.383000 0.680100
vt 0.479100 0.723500
vt 0.800800 0.001000
vt 0.601600 0.006200
vt 0.652700 0.225400
vt 0.858700 0.348800
vt 0.689500 0.981800
vt 0.792000 0.898300
vt 0.192100 0.291000
vt 0.167500 0.310700
vt 0.348200 0.563700
vt 0.317200 0.589800
vt 0.529200 0.876100
vt 0.596300 0.188600
vt 0.530700 0.001200
vt 0.117600 0.000000
vt 0.070700 0.038300
vt 0.817600 0.443700
vt 0.691200 0.536600
vt 0.724700 0.633000
vt 0.964800 0.866400
vt 0.915900 0.869400
vt 0.429200 0.790000
vt 0.889400 0.894400
vt 0.011900 0.000000
vt 0.011900 1.000000
vt 0.025200 0.000000
vt 0.025200 1.000000
vt 0.038400 0.000000
vt 0.038400 1.000000
vt 0.044100 0.000000
vt 0.044100 1.000000
vt 0.063000 0.000000
vt 0.063000 1.000000
vt 0.075000 0.000000
vt 0.075000 1.000000
vt 0.085600 0.000000
vt 0.085600 1.000000
vt 0.104500 0.000000
vt 0.104500 1.000000
vt 0.129300 0.000000
vt 0.129300 1.000000
vt 0.151500 0.000000
vt 0.151500 1.000000
vt 0.165100 0.000000
vt 0.165100 1.000000
vt 0.187900 0.000000
vt 0.187900 1.000000
vt 0.195400 0.000000
vt 0.195400 1.000000
vt 0.212200 0.000000
vt 0.212200 1.000000
vt 0.230500 0.000000
vt 0.230500 1.000000
vt 0.240900 0.000000
vt 0.240900 1.000000
vt 0.259800 0.000000
vt 0.259800 1.000000
vt 0.277400 0.000000
vt 0.277400 1.000000
vt 0.288100 0.000000
vt 0.288100 1.000000
vt 0.330000 0.000000
vt 0.330000 1.000000
vt 0.345600 0.000000
vt 0.345600 1.000000
vt 0.363100 0.000000
vt 0.363100 1.000000
vt 0.394400 0.000000
vt 0.394400 1.000000
vt 0.403300 0.000000
vt 0.403300 1.000000
vt 0.432800 0.000000
vt 0.432800 1.000000
vt 0.443900 0.000000
vt 0.443900 1.000000
vt 0.454800 0.000000
vt 0.454800 1.000000
vt 0.478700 0.000000
vt 0.478700 1.000000
vt 0.543300 0.000000
vt 0.543300 1.000000
vt 0.551500 0.000000
vt 0.551500 1.000000
vt 0.621900 0.000000
vt 0.621900 1.000000
vt 0.637100 0.000000
vt 0.637100 1.000000
vt 0.687000 0.000000
vt 0.687000 1.000000
vt 0.720600 0.000000
vt 0.720600 1.000000
vt 0.817300 0.000000
vt 0.817300 1.000000
vt 0.864600 0.000000
vt 0.864600 1.000000
vt 0.905700 0.000000
vt 0.905700 1.000000
vt 0.926900 0.000000
vt 0.926900 1.000000
vt 0.944800 0.000000
vt 0.944800 1.000000
vt 0.967700 0.000000
vt 0.967700 1.000000
vt 0.980400 0.000000
vt 0.980400 1.000000
vt 0.356900 0.000000
vt 0.000000 0.001900
vt 0.124400 0.033800
vt 0.149500 0.303700
vt 0.056600 0.283600
vt 0.087800 0.340100
vt 0.540700 0.904400
vt 0.561000 1.000000
vt 0.639100 0.951300
vt 0.924300 0.701400
vt 0.873800 0.641200
vt 0.820000 0.714400
vt 0.124400 0.076400
vt 0.063100 0.074900
vt 0.113600 0.184000
vt 0.674600 0.984500
vt 0.710800 0.945300
vt 0.814800 0.939100
vt 0.803000 0.918400
vt 0.271100 0.440400
vt 0.067400 0.196400
vt 0.348300 0.574000
vt 0.307300 0.602500
vt 0.386900 0.646800
vt 0.932000 0.790700
vt 0.361900 0.032100
vt 0.753200 0.028000
vt 0.567700 0.033600
vt 0.600900 0.227100
vt 0.828700 0.401600
vt 0.548000 0.273100
vt 0.252200 0.480000
vt 0.344900 0.500500
vt 0.434800 0.702800
vt 0.413100 0.727700
vt 0.520400 0.774300
vt 0.984200 0.878200
vt 1.000000 0.802400
vt 0.918900 0.882900
vt 0.721600 0.569600
vt 0.875500 0.924700
vt 0.494000 0.823900
vt 0.123400 0.000500
vt 0.123400 0.999500
vt 0.077100 0.000500
vt 0.077100 0.999500
vt 0.235200 0.000500
vt 0.235200 0.999500
vt 0.331600 0.000500
vt 0.331600 0.999500
vt 0.520100 0.000500
vt 0.520100 0.999500
vt 0.687200 0.000500
vt 0.687200 0.999500
vt 0.651100 0.000500
vt 0.651100 0.999500
vt 0.664700 0.000500
vt 0.664700 0.999500
vt 0.484500 0.000500
vt 0.484500 0.999500
vt 0.734800 0.000500
vt 0.734800 0.999500
vt 0.999500 0.000500
vt 0.999500 0.999500
vt 0.868200 0.000500
vt 0.868200 0.999500
vt 0.612100 0.000500
vt 0.612100 0.999500
vt 0.320900 0.000500
vt 0.320900 0.999500
vt 0.652900 0.000500
vt 0.652900 0.999500
vt 0.955600 0.000500
vt 0.955600 0.999500
vt 0.869700 0.000500
vt 0.869700 0.999500
vt 0.071500 0.000500
vt 0.071500 0.999500
vt 0.137900 0.000500
vt 0.137900 0.999500
vt 0.015600 0.000500
vt 0.015600 0.999500
vt 0.337200 0.000500
vt 0.337200 0.999500
vt 0.924600 0.000500
vt 0.924600 0.999500
vt 0.836900 0.000500
vt 0.836900 0.999500
vt 0.391600 0.000500
vt 0.391600 0.999500
vt 0.302900 0.000500
vt 0.302900 0.999500
vt 0.932000 0.000500
vt 0.932000 0.999500
vt 0.448200 0.000500
vt 0.448200 0.999500
vt 0.397100 0.000500
vt 0.397100 0.999500
vt 0.137400 0.000500
vt 0.137400 0.999500
vt 0.015900 0.000500
vt 0.015900 0.999500
vt 0.550000 0.000500
vt 0.550000 0.999500
vt 0.513500 0.000500
vt 0.513500 0.999500
vt 0.583700 0.000500
vt 0.583700 0.999500
vt 0.177800 0.000500
vt 0.177800 0.999500
vt 0.140700 0.000500
vt 0.140700 0.999500
vt 0.631300 0.000500
vt 0.631300 0.999500
vt 0.592500 0.000500
vt 0.592500 0.999500
vt 0.399400 0.000500
vt 0.399400 0.999500
vt 0.368700 0.000500
vt 0.368700 0.999500
vt 0.290500 0.000500
vt 0.290500 0.999500
vt 0.237500 0.000500
vt 0.237500 0.999500
vt 0.489000 0.000500
vt 0.489000 0.999500
vt 0.427800 0.000500
vt 0.427800 0.999500
vt 0.371100 0.000500
vt 0.371100 0.999500
vt 0.311000 0.000500
vt 0.311000 0.999500
vt 0.506500 0.000500
vt 0.506500 0.999500
vt 0.639800 0.000500
vt 0.639800 0.999500
vt 0.747600 0.000500
vt 0.747600 0.999500
vt 0.548700 0.000500
vt 0.548700 0.999500
vt 0.513900 0.000500
vt 0.513900 0.999500
vt 0.799200 0.000500
vt 0.799200 0.999500
vt 0.764200 0.000500
vt 0.764200 0.999500
vt 0.837000 0.000500
vt 0.837000 0.999500
vt 0.889000 0.000500
vt 0.889000 0.999500
vt 0.950300 0.000500
vt 0.950300 0.999500
vt 0.975800 0.000500
vt 0.975800 0.999500
vt 0.522000 0.000500
vt 0.522000 0.999500
vt 0.488700 0.000500
vt 0.488700 0.999500
vt 0.601600 0.000500
vt 0.601600 0.999500
vt 0.654400 0.000500
vt 0.654400 0.999500
vt 0.038600 0.000500
vt 0.038600 0.999500
vt 0.932500 0.391500
vt 0.925100 0.302700
vt 0.837200 0.337000
vt 0.762800 0.600700
vt 0.792200 0.631400
vt 0.822500 0.592600
vt 0.984600 0.448100
vt 1.000000 0.397000
vt 0.863000 0.513500
vt 0.375100 0.923300
vt 0.345400 0.961800
vt 0.398300 0.992200
vt 0.896500 0.137500
vt 0.870100 0.015100
vt 0.071000 0.000000
vt 0.000000 0.679300
vt 0.131400 0.735000
vt 0.188300 0.664900
vt 0.004200 0.387800
vt 0.312600 0.484400
vt 0.044800 0.346900
vt 0.478000 1.000000
vt 0.511300 0.976200
vt 0.499200 0.950700
vt 0.027100 0.043900
vt 0.348800 0.479800
vt 0.547900 0.799500
vt 0.548700 0.764500
vt 0.514000 0.747800
vt 0.553700 0.889400
vt 0.354200 0.876900
vt 0.373000 0.765100
vt 0.569200 0.837400
vt 0.336000 0.668600
vt 0.573500 0.639900
vt 0.568800 0.592600
vt 0.629000 0.506500
vt 0.689200 0.511000
vt 0.709700 0.572300
vt 0.879600 0.550100
vt 0.859700 0.583800
vt 0.015600 0.000000
vt 0.015600 1.000000
vt 0.029900 0.000000
vt 0.029900 1.000000
vt 0.064300 0.000000
vt 0.064300 1.000000
vt 0.078000 0.000000
vt 0.078000 1.000000
vt 0.140200 0.000000
vt 0.140200 1.000000
vt 0.207600 0.000000
vt 0.207600 1.000000
vt 0.293900 0.000000
vt 0.293900 1.000000
vt 0.319300 0.000000
vt 0.319300 1.000000
vt 0.336800 0.000000
vt 0.336800 1.000000
vt 0.378000 0.000000
vt 0.378000 1.000000
vt 0.394300 0.000000
vt 0.394300 1.000000
vt 0.417700 0.000000
vt 0.417700 1.000000
vt 0.489500 0.000000
vt 0.489500 1.000000
vt 0.513700 0.000000
vt 0.513700 1.000000
vt 0.547600 0.000000
vt 0.547600 1.000000
vt 0.571900 0.000000
vt 0.571900 1.000000
vt 0.624300 0.000000
vt 0.624300 1.000000
vt 0.647200 0.000000
vt 0.647200 1.000000
vt 0.690300 0.000000
vt 0.690300 1.000000
vt 0.716900 0.000000
vt 0.716900 1.000000
vt 0.808500 0.000000
vt 0.808500 1.000000
vt 0.850200 0.000000
vt 0.850200 1.000000
vt 0.883000 0.000000
vt 0.883000 1.000000
vt 0.912600 0.000000
vt 0.912600 1.000000
vt 0.930300 0.000000
vt 0.930300 1.000000
vt 0.953700 0.000000
vt 0.953700 1.000000
vt 0.978700 0.000000
vt 0.978700 1.000000
vt 0.805400 0.006000
vt 0.589500 0.000000
vt 0.627000 0.079100
vt 0.811500 0.103000
vt 0.635200 0.270600
vt 0.887400 0.433400
vt 0.000000 0.264600
vt 0.016400 0.327400
vt 0.140100 0.305500
vt 0.092200 0.129800
vt 0.922100 0.815000
vt 0.873000 0.737200
vt 0.791800 0.762500
vt 0.922100 0.967600
vt 1.000000 0.964600
vt 1.000000 0.886800
vt 0.765000 0.557000
vt 0.577900 0.082100
vt 0.520500 0.004300
vt 0.160600 0.003000
vt 0.553300 0.204800
vt 0.088600 0.070200
vt 0.377000 0.569700
vt 0.713000 0.670700
vt 0.435400 0.812500
vt 0.627000 0.991500
vt 0.694900 0.983600
vt 0.865900 1.000000
vt 0.033500 0.000000
vt 0.033500 1.000000
vt 0.047200 0.000000
vt 0.047200 1.000000
vt 0.060800 0.000000
vt 0.060800 1.000000
vt 0.073700 0.000000
vt 0.073700 1.000000
vt 0.089000 0.000000
vt 0.089000 1.000000
vt 0.098900 0.000000
vt 0.098900 1.000000
vt 0.136400 0.000000
vt 0.136400 1.000000
vt 0.201100 0.000000
vt 0.201100 1.000000
vt 0.245800 0.000000
vt 0.245800 1.000000
vt 0.316300 0.000000
vt 0.316300 1.000000
vt 0.339200 0.000000
vt 0.339200 1.000000
vt 0.363600 0.000000
vt 0.363600 1.000000
vt 0.410700 0.000000
vt 0.410700 1.000000
vt 0.551900 0.000000
vt 0.551900 1.000000
vt 0.566300 0.000000
vt 0.566300 1.000000
vt 0.599400 0.000000
vt 0.599400 1.000000
vt 0.643400 0.000000
vt 0.643400 1.000000
vt 0.667400 0.000000
vt 0.667400 1.000000
vt 0.721700 0.000000
vt 0.721700 1.000000
vt 0.760100 0.000000
vt 0.760100 1.000000
vt 0.792500 0.000000
vt 0.792500 1.000000
vt 0.824100 0.000000
vt 0.824100 1.000000
vt 0.852700 0.000000
vt 0.852700 1.000000
vt 0.886700 0.000000
vt 0.886700 1.000000
vt 0.911600 0.000000
vt 0.911600 1.000000
vt 0.933200 0.000000
vt 0.933200 1.000000
vt 0.978600 0.000000
vt 0.978600 1.000000
vt 0.592700 0.055300
vt 0.615900 0.006100
vt 0.587900 0.955400
vt 0.616000 0.999600
vt 0.658600 0.963900
vt 0.015800 0.173300
vt 0.067800 0.251500
vt 0.138300 0.191400
vt 0.278400 0.422700
vt 0.655700 0.165100
vt 0.414200 0.540800
vt 0.755600 0.006100
vt 0.650900 0.002800
vt 0.796200 0.203400
vt 0.526700 0.898300
vt 0.531800 0.954600
vt 0.569400 0.891800
vt 0.848600 0.337900
vt 0.825400 0.455500
vt 0.751700 0.553900
vt 0.491800 0.770400
vt 0.767200 0.658900
vt 0.868900 0.749900
vt 0.798300 1.000000
vt 0.867900 0.947200
vt 0.960000 0.799800
vt 1.000000 0.872100
vt 0.976400 0.944800
vt 0.127100 0.000500
vt 0.127100 0.999500
vt 0.037900 0.000500
vt 0.037900 0.999500
vt 0.172100 0.000500
vt 0.172100 0.999500
vt 0.296100 0.000500
vt 0.296100 0.999500
vt 0.481500 0.000500
vt 0.481500 0.999500
vt 0.645500 0.000500
vt 0.645500 0.999500
vt 0.426800 0.000500
vt 0.426800 0.999500
vt 0.354500 0.000500
vt 0.354500 0.999500
vt 0.589600 0.000500
vt 0.589600 0.999500
vt 0.573200 0.000500
vt 0.573200 0.999500
vt 0.723700 0.000500
vt 0.723700 0.999500
vt 0.921200 0.000500
vt 0.921200 0.999500
vt 0.998400 0.000500
vt 0.998400 0.999500
vt 0.615400 0.000500
vt 0.615400 0.999500
vt 0.111700 0.000500
vt 0.111700 0.999500
vt 0.083500 0.000500
vt 0.083500 0.999500
vt 0.003500 0.000500
vt 0.003500 0.999500
vt 0.553500 0.000500
vt 0.553500 0.999500
vt 0.500300 0.000500
vt 0.500300 0.999500
vt 0.241100 0.000500
vt 0.241100 0.999500
vt 0.095500 0.000500
vt 0.095500 0.999500
vt 0.668600 0.000500
vt 0.668600 0.999500
vt 0.499500 0.000500
vt 0.499500 0.999500
vt 0.735500 0.000500
vt 0.735500 0.999500
vt 0.728400 0.000500
vt 0.728400 0.999500
vt 0.757000 0.000500
vt 0.757000 0.999500
vt 0.787700 0.000500
vt 0.787700 0.999500
vt 0.822300 0.000500
vt 0.822300 0.999500
vt 0.855300 0.000500
vt 0.855300 0.999500
vt 0.881400 0.000500
vt 0.881400 0.999500
vt 0.895400 0.000500
vt 0.895400 0.999500
vt 0.903200 0.000500
vt 0.903200 0.999500
vt 0.914300 0.000500
vt 0.914300 0.999500
vt 0.928100 0.000500
vt 0.928100 0.999500
vt 0.944100 0.000500
vt 0.944100 0.999500
vt 0.961600 0.000500
vt 0.961600 0.999500
vt 0.980300 0.000500
vt 0.980300 0.999500
vt 0.997300 0.000500
vt 0.997300 0.999500
vt 0.775100 0.000500
vt 0.775100 0.999500
vt 0.149500 0.000500
vt 0.149500 0.999500
vt 0.001800 0.000500
vt 0.001800 0.999500
vt 0.264600 0.000500
vt 0.264600 0.999500
vt 0.416500 0.000500
vt 0.416500 0.999500
vt 0.547600 0.000500
vt 0.547600 0.999500
vt 0.650100 0.000500
vt 0.650100 0.999500
vt 0.409900 0.000500
vt 0.409900 0.999500
vt 0.349900 0.000500
vt 0.349900 0.999500
vt 0.727700 0.000500
vt 0.727700 0.999500
vt 0.590100 0.000500
vt 0.590100 0.999500
vt 0.956100 0.000500
vt 0.956100 0.999500
vt 0.798400 0.000500
vt 0.798400 0.999500
vt 0.742100 0.000500
vt 0.742100 0.999500
vt 0.847900 0.000500
vt 0.847900 0.999500
vt 0.064800 0.000500
vt 0.064800 0.999500
vt 0.025500 0.000500
vt 0.025500 0.999500
vt 0.166400 0.000500
vt 0.166400 0.999500
vt 0.145100 0.000500
vt 0.145100 0.999500
vt 0.873800 0.000500
vt 0.873800 0.999500
vt 0.833600 0.000500
vt 0.833600 0.999500
vt 0.194900 0.000500
vt 0.194900 0.999500
vt 0.131300 0.000500
vt 0.131300 0.999500
vt 0.880900 0.000500
vt 0.880900 0.999500
vt 0.000500 0.000500
vt 0.000500 0.999500
vt 0.499700 0.083100
vt 0.615500 0.003000
vt 0.111300 0.001100
vt 0.446400 0.095100
vt 0.855600 0.149200
vt 0.997800 0.001300
vt 0.775400 0.000000
vt 0.766800 0.019200
vt 0.758500 0.037900
vt 0.750800 0.055500
vt 0.744000 0.071500
vt 0.738300 0.085300
vt 0.734100 0.096400
vt 0.956500 0.727900
vt 0.895600 0.590200
vt 0.793300 0.650300
vt 0.731600 0.104300
vt 0.667000 0.962600
vt 0.719500 1.000000
vt 0.805400 0.881300
vt 0.728100 0.118200
vt 0.098500 0.078400
vt 0.721300 0.144400
vt 0.577300 0.873200
vt 0.839800 0.264400
vt 0.712000 0.177400
vt 0.701200 0.212000
vt 0.689800 0.242700
vt 0.003500 0.410300
vt 0.028100 0.426800
vt 0.164300 0.354400
vt 0.000000 0.276100
vt 0.678700 0.264300
vt 0.895400 0.416400
vt 0.668700 0.271300
vt 0.756300 0.547600
vt 0.499500 0.240800
vt 0.416000 0.518500
vt 0.473300 0.704100
vt 0.491100 0.828200
vt 0.869100 0.874200
vt 0.898200 0.833900
vt 1.000000 0.742300
vt 0.998900 0.798700
vt 0.975000 0.848300
vt 0.935600 0.855200
vt 0.222900 0.000500
vt 0.222900 0.999500
vt 0.066400 0.000500
vt 0.066400 0.999500
vt 0.294100 0.000500
vt 0.294100 0.999500
vt 0.348900 0.000500
vt 0.348900 0.999500
vt 0.748600 0.000500
vt 0.748600 0.999500
vt 0.694700 0.000500
vt 0.694700 0.999500
vt 0.446900 0.000500
vt 0.446900 0.999500
vt 0.517200 0.000500
vt 0.517200 0.999500
vt 0.628400 0.000500
vt 0.628400 0.999500
vt 0.684300 0.000500
vt 0.684300 0.999500
vt 0.804600 0.000500
vt 0.804600 0.999500
vt 0.357600 0.000500
vt 0.357600 0.999500
vt 0.341100 0.000500
vt 0.341100 0.999500
vt 0.528800 0.000500
vt 0.528800 0.999500
vt 0.447100 0.000500
vt 0.447100 0.999500
vt 0.835400 0.000500
vt 0.835400 0.999500
vt 0.654100 0.000500
vt 0.654100 0.999500
vt 0.949200 0.000500
vt 0.949200 0.999500
vt 0.497300 0.000500
vt 0.497300 0.999500
vt 0.373800 0.000500
vt 0.373800 0.999500
vt 0.502700 0.000500
vt 0.502700 0.999500
vt 0.249700 0.000500
vt 0.249700 0.999500
vt 0.235800 0.000500
vt 0.235800 0.999500
vt 0.057900 0.000500
vt 0.057900 0.999500
vt 0.464600 0.000500
vt 0.464600 0.999500
vt 0.681300 0.000500
vt 0.681300 0.999500
vt 0.730500 0.000500
vt 0.730500 0.999500
vt 0.340200 0.000500
vt 0.340200 0.999500
vt 0.269500 0.000500
vt 0.269500 0.999500
vt 0.751900 0.000500
vt 0.751900 0.999500
vt 0.659800 0.000500
vt 0.659800 0.999500
vt 0.704800 0.000500
vt 0.704800 0.999500
vt 0.768000 0.000500
vt 0.768000 0.999500
vt 0.714000 0.000500
vt 0.714000 0.999500
vt 0.859600 0.000500
vt 0.859600 0.999500
vt 0.888900 0.000500
vt 0.888900 0.999500
vt 0.959700 0.000500
vt 0.959700 0.999500
vt 0.405000 0.000500
vt 0.405000 0.999500
vt 0.335900 0.000500
vt 0.335900 0.999500
vt 0.434400 0.000500
vt 0.434400 0.999500
vt 0.979600 0.000500
vt 0.979600 0.999500
vt 0.947600 0.000500
vt 0.947600 0.999500
vt 0.506400 0.000500
vt 0.506400 0.999500
vt 0.468000 0.000500
vt 0.468000 0.999500
vt 0.597000 0.000500
vt 0.597000 0.999500
vt 0.027300 0.000500
vt 0.027300 0.999500
vt 0.736300 0.000500
vt 0.736300 0.999500
vt 0.605700 0.000500
vt 0.605700 0.999500
vt 0.003700 0.000500
vt 0.003700 0.999500
vt 0.750500 0.057400
vt 1.000000 0.004900
vt 0.502700 0.005300
vt 0.626300 0.050400
vt 0.357400 0.000000
vt 0.215100 0.195100
vt 0.447000 0.340900
vt 0.239700 0.315500
vt 0.705000 0.752200
vt 0.642100 0.660000
vt 0.601000 0.730800
vt 0.649600 0.235500
vt 0.567000 0.164200
vt 0.528800 0.345800
vt 0.666800 0.464600
vt 0.783500 0.768200
vt 0.757300 0.714200
vt 0.713600 0.859900
vt 0.394200 0.973200
vt 0.402900 1.000000
vt 0.493600 0.964300
vt 0.256300 0.934000
vt 0.263400 0.996800
vt 0.364600 0.777400
vt 0.284100 0.553200
vt 0.251100 0.629000
vt 0.305100 0.651200
vt 0.550700 0.681400
vt 0.532100 0.980100
vt 0.565600 0.948000
vt 0.202300 0.371500
vt 0.238200 0.482800
vt 0.319100 0.706100
vt 0.712900 0.889300
vt 0.664300 0.960200
vt 0.595100 0.965300
vt 0.031100 0.000000
vt 0.031100 1.000000
vt 0.043400 0.000000
vt 0.043400 1.000000
vt 0.056900 0.000000
vt 0.056900 1.000000
vt 0.084500 0.000000
vt 0.084500 1.000000
vt 0.104100 0.000000
vt 0.104100 1.000000
vt 0.132000 0.000000
vt 0.132000 1.000000
vt 0.142200 0.000000
vt 0.142200 1.000000
vt 0.147600 0.000000
vt 0.147600 1.000000
vt 0.157400 0.000000
vt 0.157400 1.000000
vt 0.173800 0.000000
vt 0.173800 1.000000
vt 0.197700 0.000000
vt 0.197700 1.000000
vt 0.232200 0.000000
vt 0.232200 1.000000
vt 0.364300 0.000000
vt 0.364300 1.000000
vt 0.410400 0.000000
vt 0.410400 1.000000
vt 0.435200 0.000000
vt 0.435200 1.000000
vt 0.461000 0.000000
vt 0.461000 1.000000
vt 0.465000 0.000000
vt 0.465000 1.000000
vt 0.472300 0.000000
vt 0.472300 1.000000
vt 0.477900 0.000000
vt 0.477900 1.000000
vt 0.502000 0.000000
vt 0.502000 1.000000
vt 0.514400 0.000000
vt 0.514400 1.000000
vt 0.523100 0.000000
vt 0.523100 1.000000
vt 0.529700 0.000000
vt 0.529700 1.000000
vt 0.539200 0.000000
vt 0.539200 1.000000
vt 0.548300 0.000000
vt 0.548300 1.000000
vt 0.556500 0.000000
vt 0.556500 1.000000
vt 0.568400 0.000000
vt 0.568400 1.000000
vt 0.581200 0.000000
vt 0.581200 1.000000
vt 0.603900 0.000000
vt 0.603900 1.000000
vt 0.614500 0.000000
vt 0.614500 1.000000
vt 0.624700 0.000000
vt 0.624700 1.000000
vt 0.644300 0.000000
vt 0.644300 1.000000
vt 0.660800 0.000000
vt 0.660800 1.000000
vt 0.679200 0.000000
vt 0.679200 1.000000
vt 0.693300 0.000000
vt 0.693300 1.000000
vt 0.708500 0.000000
vt 0.708500 1.000000
vt 0.726100 0.000000
vt 0.726100 1.000000
vt 0.751700 0.000000
vt 0.751700 1.000000
vt 0.759000 0.000000
vt 0.759000 1.000000
vt 0.776700 0.000000
vt 0.776700 1.000000
vt 0.791300 0.000000
vt 0.791300 1.000000
vt 0.807500 0.000000
vt 0.807500 1.000000
vt 0.841800 0.000000
vt 0.841800 1.000000
vt 0.850100 0.000000
vt 0.850100 1.000000
vt 0.858100 0.000000
vt 0.858100 1.000000
vt 0.876800 0.000000
vt 0.876800 1.000000
vt 0.898500 0.000000
vt 0.898500 1.000000
vt 0.911200 0.000000
vt 0.911200 1.000000
vt 0.928100 0.000000
vt 0.928100 1.000000
vt 0.950900 0.000000
vt 0.950900 1.000000
vt 0.984600 0.000000
vt 0.984600 1.000000
vt 0.797600 0.819900
vt 0.745600 0.905400
vt 0.782200 0.871300
vt 0.812100 0.826200
vt 0.796300 1.000000
vt 0.826500 0.982600
vt 0.710200 0.956900
vt 0.715600 0.985000
vt 0.664900 0.933900
vt 0.671200 0.874500
vt 0.636200 0.853800
vt 0.679000 0.793600
vt 0.649200 0.785100
vt 0.714400 0.701300
vt 0.723100 0.738300
vt 0.632400 0.000000
vt 0.022200 0.001300
vt 0.056000 0.181300
vt 0.669800 0.242200
vt 0.071600 0.307600
vt 0.099700 0.389100
vt 0.847300 0.712000
vt 0.808000 0.732700
vt 0.834000 0.645700
vt 0.726100 0.659200
vt 0.084600 0.967500
vt 0.156500 0.963800
vt 0.172400 0.883700
vt 0.134100 0.423300
vt 0.155200 0.408500
vt 0.174700 0.458000
vt 0.905800 0.370700
vt 0.873300 0.360200
vt 0.862900 0.378300
vt 0.915500 0.398000
vt 0.023900 0.923400
vt 0.000000 0.863800
vt 0.002600 0.791700
vt 0.078100 0.672900
vt 0.326900 0.858900
vt 0.401100 0.772900
vt 0.088900 0.569000
vt 0.479000 0.765800
vt 0.534900 0.745100
vt 0.603900 0.660900
vt 0.748900 0.338100
vt 0.689800 0.650300
vt 0.852500 0.585700
vt 1.000000 0.482100
vt 0.890200 0.588700
vt 0.987800 0.546600
vt 0.928900 0.608200
vt 0.989100 0.593200
vt 0.970900 0.621800
s 1
usemtl 3d66_Standardmaterial_17342430_129
f 3/1/1 2/2/2 1/3/3
f 2/2/2 4/4/4 1/3/3
f 6/5/5 5/6/6 3/1/7
f 5/6/6 2/2/8 3/1/7
f 8/7/9 7/8/10 6/5/11
f 7/8/10 5/6/10 6/5/11
f 10/9/12 9/10/13 8/7/14
f 9/10/13 7/8/15 8/7/14
f 12/11/16 11/12/17 10/9/18
f 11/12/17 9/10/19 10/9/18
f 14/13/20 13/14/21 12/11/22
f 13/14/21 11/12/23 12/11/22
f 16/15/24 15/16/25 14/13/24
f 15/16/25 13/14/26 14/13/24
f 18/17/27 17/18/28 16/15/29
f 17/18/28 15/16/30 16/15/29
f 20/19/31 19/20/32 18/17/31
f 19/20/32 17/18/32 18/17/31
f 22/21/33 21/22/34 20/19/33
f 21/22/34 19/20/35 20/19/33
f 24/23/36 23/24/37 22/21/38
f 23/24/37 21/22/39 22/21/38
f 26/25/40 25/26/41 24/23/42
f 25/26/41 23/24/43 24/23/42
f 28/27/44 27/28/45 26/25/46
f 27/28/45 25/26/47 26/25/46
f 30/29/48 29/30/49 28/27/48
f 29/30/49 27/28/50 28/27/48
f 32/31/51 31/32/52 30/29/53
f 31/32/52 29/30/52 30/29/53
f 34/33/54 33/34/55 32/31/56
f 33/34/55 31/32/57 32/31/56
f 36/35/58 35/36/59 34/33/60
f 35/36/59 33/34/61 34/33/60
f 38/37/62 37/38/63 36/35/64
f 37/38/63 35/36/63 36/35/64
f 40/39/65 39/40/66 38/37/67
f 39/40/66 37/38/66 38/37/67
f 42/41/68 41/42/69 40/39/70
f 41/42/69 39/40/71 40/39/70
f 44/43/72 43/44/73 42/41/74
f 43/44/73 41/42/75 42/41/74
f 46/45/76 45/46/76 44/43/76
f 45/46/76 43/44/76 44/43/76
f 48/47/77 47/48/78 46/45/79
f 47/48/78 45/46/78 46/45/79
f 50/49/80 49/50/81 48/47/81
f 49/50/81 47/48/82 48/47/81
f 52/51/83 51/52/84 50/49/85
f 51/52/84 49/50/86 50/49/85
f 54/53/87 53/54/88 52/51/88
f 53/54/88 51/52/89 52/51/88
f 56/55/90 55/56/90 54/53/90
f 55/56/90 53/54/91 54/53/90
f 58/57/92 57/58/93 56/55/94
f 57/58/93 55/56/95 56/55/94
f 60/59/96 59/60/96 58/57/96
f 59/60/96 57/58/96 58/57/96
f 62/61/97 61/62/98 60/59/97
f 61/62/98 59/60/99 60/59/97
f 64/63/100 63/64/101 62/61/102
f 63/64/101 61/62/103 62/61/102
f 66/65/104 65/66/104 64/63/104
f 65/66/104 63/64/105 64/63/104
f 68/67/106 67/68/107 66/65/108
f 67/68/107 65/66/107 66/65/108
f 70/69/109 69/70/110 68/67/111
f 69/70/110 67/68/112 68/67/111
f 72/71/113 71/72/114 70/69/115
f 71/72/114 69/70/116 70/69/115
f 74/73/117 73/74/118 72/71/119
f 73/74/118 71/72/120 72/71/119
f 76/75/121 75/76/122 74/73/123
f 75/76/122 73/74/124 74/73/123
f 1/77/125 4/78/126 76/75/127
f 4/78/126 75/76/126 76/75/127
f 79/117/192 78/118/193 77/3/194
f 78/118/193 80/4/195 77/3/194
f 82/119/196 81/120/197 79/117/198
f 81/120/197 78/118/199 79/117/198
f 84/121/200 83/122/201 82/119/202
f 83/122/201 81/120/203 82/119/202
f 86/123/204 85/124/205 84/121/204
f 85/124/205 83/122/206 84/121/204
f 88/125/207 87/126/208 86/123/209
f 87/126/208 85/124/210 86/123/209
f 90/127/211 89/128/212 88/125/213
f 89/128/212 87/126/214 88/125/213
f 92/129/215 91/130/216 90/127/216
f 91/130/216 89/128/217 90/127/216
f 94/131/218 93/132/219 92/129/220
f 93/132/219 91/130/221 92/129/220
f 96/133/222 95/134/223 94/131/224
f 95/134/223 93/132/225 94/131/224
f 98/135/226 97/136/227 96/133/228
f 97/136/227 95/134/229 96/133/228
f 100/137/230 99/138/231 98/135/232
f 99/138/231 97/136/233 98/135/232
f 102/139/234 101/140/235 100/137/236
f 101/140/235 99/138/235 100/137/236
f 104/141/237 103/142/238 102/139/237
f 103/142/238 101/140/239 102/139/237
f 106/143/240 105/144/241 104/141/242
f 105/144/241 103/142/241 104/141/242
f 108/145/243 107/146/244 106/143/245
f 107/146/244 105/144/246 106/143/245
f 110/147/247 109/148/248 108/145/249
f 109/148/248 107/146/248 108/145/249
f 112/149/250 111/150/251 110/147/252
f 111/150/251 109/148/253 110/147/252
f 114/151/254 113/152/255 112/149/256
f 113/152/255 111/150/257 112/149/256
f 116/153/258 115/154/259 114/151/260
f 115/154/259 113/152/259 114/151/260
f 118/155/261 117/156/262 116/153/263
f 117/156/262 115/154/264 116/153/263
f 120/157/265 119/158/266 118/155/267
f 119/158/266 117/156/268 118/155/267
f 122/159/269 121/160/270 120/157/269
f 121/160/270 119/158/271 120/157/269
f 124/161/272 123/162/273 122/159/274
f 123/162/273 121/160/275 122/159/274
f 126/163/276 125/164/277 124/161/278
f 125/164/277 123/162/279 124/161/278
f 128/165/280 127/166/281 126/163/282
f 127/166/281 125/164/281 126/163/282
f 130/167/283 129/168/284 128/165/285
f 129/168/284 127/166/286 128/165/285
f 132/169/287 131/170/288 130/167/287
f 131/170/288 129/168/288 130/167/287
f 134/171/289 133/172/290 132/169/291
f 133/172/290 131/170/292 132/169/291
f 136/173/293 135/174/294 134/171/294
f 135/174/294 133/172/295 134/171/294
f 138/175/296 137/176/297 136/173/298
f 137/176/297 135/174/299 136/173/298
f 140/177/300 139/178/301 138/175/301
f 139/178/301 137/176/302 138/175/301
f 142/179/303 141/180/304 140/177/305
f 141/180/304 139/178/306 140/177/305
f 144/181/307 143/182/308 142/179/308
f 143/182/308 141/180/309 142/179/308
f 146/183/310 145/184/311 144/181/312
f 145/184/311 143/182/313 144/181/312
f 148/185/314 147/186/315 146/183/316
f 147/186/315 145/184/317 146/183/316
f 150/187/318 149/188/318 148/185/318
f 149/188/318 147/186/319 148/185/318
f 152/189/320 151/190/321 150/187/321
f 151/190/321 149/188/322 150/187/321
f 154/191/323 153/192/324 152/189/325
f 153/192/324 151/190/326 152/189/325
f 156/193/327 155/194/328 154/191/327
f 155/194/328 153/192/329 154/191/327
f 158/195/330 157/196/331 156/193/332
f 157/196/331 155/194/333 156/193/332
f 160/197/334 159/198/335 158/195/334
f 159/198/335 157/196/336 158/195/334
f 77/77/337 80/78/338 160/197/339
f 80/78/338 159/198/340 160/197/339
f 245/404/641 244/405/642 243/3/643
f 244/405/642 246/4/642 243/3/643
f 248/406/644 247/407/645 245/404/646
f 247/407/645 244/405/644 245/404/646
f 250/408/647 249/409/648 248/406/649
f 249/409/648 247/407/650 248/406/649
f 252/410/651 251/411/652 250/408/653
f 251/411/652 249/409/654 250/408/653
f 254/412/655 253/413/656 252/410/656
f 253/413/656 251/411/657 252/410/656
f 256/414/658 255/415/659 254/412/659
f 255/415/659 253/413/660 254/412/659
f 258/416/661 257/417/662 256/414/662
f 257/417/662 255/415/663 256/414/662
f 260/418/664 259/419/665 258/416/666
f 259/419/665 257/417/667 258/416/666
f 262/420/668 261/421/669 260/418/668
f 261/421/669 259/419/670 260/418/668
f 264/422/671 263/423/672 262/420/672
f 263/423/672 261/421/673 262/420/672
f 266/424/674 265/425/675 264/422/676
f 265/425/675 263/423/677 264/422/676
f 268/426/678 267/427/679 266/424/680
f 267/427/679 265/425/681 266/424/680
f 270/428/682 269/429/683 268/426/683
f 269/429/683 267/427/684 268/426/683
f 272/430/685 271/431/686 270/428/687
f 271/431/686 269/429/688 270/428/687
f 274/432/689 273/433/690 272/430/691
f 273/433/690 271/431/690 272/430/691
f 276/434/692 275/435/693 274/432/694
f 275/435/693 273/433/695 274/432/694
f 278/436/696 277/437/697 276/434/697
f 277/437/697 275/435/697 276/434/697
f 280/438/698 279/439/699 278/436/700
f 279/439/699 277/437/701 278/436/700
f 282/440/702 281/441/703 280/438/704
f 281/441/703 279/439/705 280/438/704
f 284/442/706 283/443/707 282/440/706
f 283/443/707 281/441/708 282/440/706
f 286/444/709 285/445/710 284/442/710
f 285/445/710 283/443/710 284/442/710
f 288/446/711 287/447/712 286/444/713
f 287/447/712 285/445/714 286/444/713
f 290/448/715 289/449/716 288/446/715
f 289/449/716 287/447/717 288/446/715
f 292/450/718 291/451/719 290/448/720
f 291/451/719 289/449/721 290/448/720
f 294/452/722 293/453/723 292/450/724
f 293/453/723 291/451/725 292/450/724
f 296/454/726 295/455/727 294/452/728
f 295/455/727 293/453/729 294/452/728
f 298/456/730 297/457/731 296/454/732
f 297/457/731 295/455/733 296/454/732
f 243/77/734 246/78/735 298/456/736
f 246/78/735 297/457/737 298/456/736
f 301/486/782 300/487/783 299/3/784
f 300/487/783 302/4/785 299/3/784
f 304/488/786 303/489/787 301/486/788
f 303/489/787 300/487/787 301/486/788
f 306/490/789 305/491/790 304/488/789
f 305/491/790 303/489/790 304/488/789
f 308/492/791 307/493/792 306/490/791
f 307/493/792 305/491/793 306/490/791
f 310/494/794 309/495/795 308/492/794
f 309/495/795 307/493/796 308/492/794
f 312/496/797 311/497/798 310/494/797
f 311/497/798 309/495/798 310/494/797
f 314/498/799 313/499/800 312/496/799
f 313/499/800 311/497/801 312/496/799
f 316/500/802 315/501/803 314/498/803
f 315/501/803 313/499/803 314/498/803
f 318/502/804 317/503/805 316/500/805
f 317/503/805 315/501/806 316/500/805
f 320/504/807 319/505/808 318/502/809
f 319/505/808 317/503/810 318/502/809
f 322/506/811 321/507/812 320/504/813
f 321/507/812 319/505/814 320/504/813
f 324/508/815 323/509/816 322/506/817
f 323/509/816 321/507/816 322/506/817
f 326/510/818 325/511/819 324/508/819
f 325/511/819 323/509/820 324/508/819
f 328/512/821 327/513/822 326/510/823
f 327/513/822 325/511/824 326/510/823
f 330/514/825 329/515/826 328/512/825
f 329/515/826 327/513/827 328/512/825
f 332/516/828 331/517/829 330/514/828
f 331/517/829 329/515/830 330/514/828
f 334/518/831 333/519/832 332/516/832
f 333/519/832 331/517/833 332/516/832
f 336/520/834 335/521/835 334/518/836
f 335/521/835 333/519/837 334/518/836
f 338/522/838 337/523/839 336/520/840
f 337/523/839 335/521/838 336/520/840
f 340/524/841 339/525/842 338/522/843
f 339/525/842 337/523/844 338/522/843
f 342/526/845 341/527/846 340/524/845
f 341/527/846 339/525/847 340/524/845
f 344/528/848 343/529/849 342/526/849
f 343/529/849 341/527/849 342/526/849
f 346/530/850 345/531/851 344/528/851
f 345/531/851 343/529/852 344/528/851
f 348/532/853 347/533/854 346/530/855
f 347/533/854 345/531/856 346/530/855
f 350/534/857 349/535/858 348/532/859
f 349/535/858 347/533/860 348/532/859
f 352/536/861 351/537/862 350/534/861
f 351/537/862 349/535/863 350/534/861
f 354/454/864 353/455/865 352/536/866
f 353/455/865 351/537/867 352/536/866
f 356/538/868 355/539/869 354/454/870
f 355/539/869 353/455/871 354/454/870
f 299/77/872 302/78/873 356/538/874
f 302/78/873 355/539/875 356/538/874
usemtl 3d66_Standardmaterial_17342430_128
f 26/79/128 24/80/129 22/81/130
f 6/82/128 3/83/129 1/84/131
f 66/85/132 64/86/133 62/87/134
f 36/88/135 34/89/136 32/90/137
f 38/91/138 36/88/135 32/90/137
f 16/92/139 14/93/140 12/94/141
f 52/95/142 50/96/143 48/97/144
f 54/98/132 52/95/142 48/97/144
f 1/84/131 76/99/145 74/100/146
f 30/101/128 28/102/147 26/79/128
f 20/103/148 18/104/128 16/92/139
f 8/105/144 6/82/128 1/84/131
f 46/106/149 44/107/150 42/108/151
f 46/106/149 42/108/151 40/109/152
f 46/106/149 40/109/152 38/91/138
f 46/106/149 38/91/138 32/90/137
f 46/106/149 32/90/137 30/101/128
f 46/106/149 30/101/128 26/79/128
f 48/97/144 46/106/149 26/79/128
f 48/97/144 26/79/128 22/81/130
f 54/98/132 48/97/144 22/81/130
f 56/110/153 54/98/132 22/81/130
f 58/111/154 56/110/153 22/81/130
f 58/111/154 22/81/130 20/103/148
f 58/111/154 20/103/148 16/92/139
f 60/112/155 58/111/154 16/92/139
f 60/112/155 16/92/139 12/94/141
f 8/105/144 1/84/131 74/100/146
f 68/113/156 66/85/132 62/87/134
f 70/114/157 68/113/156 62/87/134
f 12/94/141 10/115/158 8/105/144
f 60/112/155 12/94/141 8/105/144
f 60/112/155 8/105/144 74/100/146
f 62/87/134 60/112/155 74/100/146
f 70/114/157 62/87/134 74/100/146
f 70/114/157 74/100/146 72/116/153
f 23/80/159 25/79/160 21/81/161
f 2/83/162 5/82/163 4/84/164
f 63/86/165 65/85/166 61/87/167
f 33/89/168 35/88/169 31/90/170
f 35/88/169 37/91/171 31/90/170
f 13/93/172 15/92/173 11/94/174
f 49/96/175 51/95/176 47/97/161
f 51/95/176 53/98/177 47/97/161
f 75/99/178 4/84/164 73/100/179
f 27/102/180 29/101/181 25/79/160
f 17/104/182 19/103/183 15/92/173
f 5/82/163 7/105/179 4/84/164
f 43/107/184 45/106/185 41/108/186
f 41/108/186 45/106/185 39/109/186
f 39/109/186 45/106/185 37/91/171
f 37/91/171 45/106/185 31/90/170
f 31/90/170 45/106/185 29/101/181
f 29/101/181 45/106/185 25/79/160
f 45/106/185 47/97/161 25/79/160
f 25/79/160 47/97/161 21/81/161
f 47/97/161 53/98/177 21/81/161
f 53/98/177 55/110/187 21/81/161
f 55/110/187 57/111/188 21/81/161
f 21/81/161 57/111/188 19/103/183
f 19/103/183 57/111/188 15/92/173
f 57/111/188 59/112/161 15/92/173
f 15/92/173 59/112/161 11/94/174
f 4/84/164 7/105/179 73/100/179
f 65/85/166 67/113/167 61/87/167
f 67/113/167 69/114/189 61/87/167
f 9/115/190 11/94/174 7/105/179
f 11/94/174 59/112/161 7/105/179
f 7/105/179 59/112/161 73/100/179
f 59/112/161 61/87/167 73/100/179
f 61/87/167 69/114/189 73/100/179
f 73/100/179 69/114/189 71/116/191
usemtl 3d66_Standardmaterial_17342430_130
f 136/199/341 134/200/342 132/201/343
f 122/202/344 120/203/345 118/204/346
f 96/205/347 94/206/348 92/207/349
f 156/208/350 154/209/351 152/210/352
f 130/211/353 128/212/354 126/213/355
f 92/207/349 90/214/356 88/215/357
f 88/215/357 86/216/358 84/217/359
f 122/202/344 118/204/346 116/218/360
f 126/213/355 124/219/361 122/202/344
f 110/220/362 108/221/363 106/222/364
f 158/223/365 156/208/350 152/210/352
f 138/224/366 136/199/341 132/201/343
f 146/225/367 144/226/368 142/227/359
f 148/228/369 146/225/367 142/227/359
f 148/228/369 142/227/359 140/229/355
f 116/218/360 114/230/370 112/231/360
f 104/232/371 102/233/372 100/234/373
f 138/224/366 132/201/343 130/211/353
f 77/235/374 160/236/375 158/223/365
f 79/237/376 77/235/374 158/223/365
f 150/238/377 148/228/369 140/229/355
f 140/229/355 138/224/366 130/211/353
f 140/229/355 130/211/353 126/213/355
f 140/229/355 126/213/355 122/202/344
f 140/229/355 122/202/344 116/218/360
f 150/238/377 140/229/355 116/218/360
f 150/238/377 116/218/360 112/231/360
f 150/238/377 112/231/360 110/220/362
f 150/238/377 110/220/362 106/222/364
f 150/238/377 106/222/364 104/232/371
f 152/210/352 150/238/377 104/232/371
f 152/210/352 104/232/371 100/234/373
f 84/217/359 82/239/378 79/237/376
f 84/217/359 79/237/376 158/223/365
f 84/217/359 158/223/365 152/210/352
f 84/217/359 152/210/352 100/234/373
f 88/215/357 84/217/359 100/234/373
f 92/207/349 88/215/357 100/234/373
f 96/205/347 92/207/349 100/234/373
f 98/240/379 96/205/347 100/234/373
f 133/200/380 135/199/381 131/201/382
f 119/203/383 121/202/384 117/204/385
f 93/206/386 95/205/387 91/207/388
f 153/209/389 155/208/390 151/210/391
f 127/212/392 129/211/384 125/213/393
f 89/214/394 91/207/388 87/215/395
f 85/216/396 87/215/395 83/217/397
f 117/204/385 121/202/384 115/218/398
f 123/219/399 125/213/393 121/202/384
f 107/221/400 109/220/401 105/222/393
f 155/208/390 157/223/402 151/210/391
f 135/199/381 137/224/403 131/201/382
f 143/226/404 145/225/404 141/227/405
f 145/225/404 147/228/406 141/227/405
f 141/227/405 147/228/406 139/229/393
f 113/230/407 115/218/398 111/231/408
f 101/233/409 103/232/410 99/234/402
f 131/201/382 137/224/403 129/211/384
f 159/236/411 80/235/412 157/223/402
f 80/235/412 78/237/413 157/223/402
f 147/228/406 149/238/414 139/229/393
f 137/224/403 139/229/393 129/211/384
f 129/211/384 139/229/393 125/213/393
f 125/213/393 139/229/393 121/202/384
f 121/202/384 139/229/393 115/218/398
f 139/229/393 149/238/414 115/218/398
f 115/218/398 149/238/414 111/231/408
f 111/231/408 149/238/414 109/220/401
f 109/220/401 149/238/414 105/222/393
f 105/222/393 149/238/414 103/232/410
f 149/238/414 151/210/391 103/232/410
f 103/232/410 151/210/391 99/234/402
f 81/239/415 83/217/397 78/237/413
f 78/237/413 83/217/397 157/223/402
f 157/223/402 83/217/397 151/210/391
f 151/210/391 83/217/397 99/234/402
f 83/217/397 87/215/395 99/234/402
f 87/215/395 91/207/388 99/234/402
f 91/207/388 95/205/387 99/234/402
f 95/205/387 97/240/416 99/234/402
usemtl 3d66_Standardmaterial_17342430_132
f 163/241/417 162/242/418 161/243/419
f 162/242/418 164/244/420 161/243/419
f 166/245/421 165/246/422 163/241/423
f 165/246/422 162/242/424 163/241/423
f 168/247/425 167/248/426 166/245/427
f 167/248/426 165/246/428 166/245/427
f 170/249/429 169/250/430 168/247/430
f 169/250/430 167/248/431 168/247/430
f 172/251/432 171/252/433 170/253/432
f 171/252/433 169/254/434 170/253/432
f 174/255/435 173/256/436 172/257/437
f 173/256/436 171/258/438 172/257/437
f 176/259/439 175/260/440 174/255/441
f 175/260/440 173/256/442 174/255/441
f 178/261/443 177/262/444 176/263/445
f 177/262/444 175/264/446 176/263/445
f 180/265/447 179/266/448 178/267/449
f 179/266/448 177/268/449 178/267/449
f 182/269/450 181/270/451 180/265/452
f 181/270/451 179/266/453 180/265/452
f 184/271/454 183/272/455 182/269/456
f 183/272/455 181/270/457 182/269/456
f 186/261/458 185/262/459 184/271/460
f 185/262/459 183/272/461 184/271/460
f 188/273/462 187/274/463 186/275/464
f 187/274/463 185/276/465 186/275/464
f 190/277/466 189/278/467 188/279/468
f 189/278/467 187/280/469 188/279/468
f 192/281/470 191/282/471 190/277/471
f 191/282/471 189/278/472 190/277/471
f 194/283/473 193/284/474 192/285/475
f 193/284/474 191/286/476 192/285/475
f 196/287/477 195/288/478 194/289/479
f 195/288/478 193/290/480 194/289/479
f 198/261/481 197/262/482 196/291/483
f 197/262/482 195/292/482 196/291/483
f 200/293/484 199/294/485 198/295/484
f 199/294/485 197/296/485 198/295/484
f 202/297/486 201/298/487 200/299/488
f 201/298/487 199/300/489 200/299/488
f 204/301/490 203/302/491 202/303/492
f 203/302/491 201/304/493 202/303/492
f 206/305/494 205/306/495 204/301/496
f 205/306/495 203/302/497 204/301/496
f 208/307/498 207/308/499 206/309/500
f 207/308/499 205/310/501 206/309/500
f 210/311/502 209/312/503 208/313/504
f 209/312/503 207/314/505 208/313/504
f 212/315/506 211/316/507 210/317/508
f 211/316/507 209/318/509 210/317/508
f 214/319/510 213/320/511 212/321/512
f 213/320/511 211/322/511 212/321/512
f 216/323/513 215/324/514 214/325/515
f 215/324/514 213/326/516 214/325/515
f 218/327/517 217/328/518 216/329/517
f 217/328/518 215/330/518 216/329/517
f 220/313/519 219/314/520 218/331/521
f 219/314/520 217/332/522 218/331/521
f 222/333/523 221/334/524 220/313/525
f 221/334/524 219/314/526 220/313/525
f 224/335/527 223/336/528 222/333/529
f 223/336/528 221/334/530 222/333/529
f 226/337/531 225/338/532 224/339/533
f 225/338/532 223/340/534 224/339/533
f 228/341/535 227/342/536 226/343/537
f 227/342/536 225/344/538 226/343/537
f 230/345/539 229/346/540 228/341/541
f 229/346/540 227/342/542 228/341/541
f 232/347/543 231/348/544 230/345/545
f 231/348/544 229/346/546 230/345/545
f 234/349/547 233/350/548 232/347/549
f 233/350/548 231/348/550 232/347/549
f 236/351/551 235/352/552 234/349/553
f 235/352/552 233/350/554 234/349/553
f 238/353/555 237/354/556 236/355/557
f 237/354/556 235/356/556 236/355/557
f 240/357/558 239/358/559 238/353/560
f 239/358/559 237/354/561 238/353/560
f 242/359/562 241/360/563 240/357/564
f 241/360/563 239/358/565 240/357/564
f 161/243/566 164/244/567 242/361/568
f 164/244/567 241/362/569 242/361/568
f 359/568/924 358/569/925 357/570/925
f 358/569/925 360/571/925 357/570/925
f 362/572/926 361/573/927 359/568/928
f 361/573/927 358/569/929 359/568/928
f 364/574/930 363/575/931 362/572/932
f 363/575/931 361/573/933 362/572/932
f 366/576/934 365/577/935 364/574/936
f 365/577/935 363/575/937 364/574/936
f 368/578/938 367/579/939 366/576/940
f 367/579/939 365/577/941 366/576/940
f 370/580/942 369/581/943 368/582/944
f 369/581/943 367/583/945 368/582/944
f 372/584/946 371/585/947 370/586/948
f 371/585/947 369/587/949 370/586/948
f 374/588/950 373/589/951 372/584/951
f 373/589/951 371/585/952 372/584/951
f 376/590/953 375/591/954 374/588/955
f 375/591/954 373/589/956 374/588/955
f 378/592/957 377/593/958 376/590/958
f 377/593/958 375/591/959 376/590/958
f 380/594/960 379/595/961 378/596/962
f 379/595/961 377/597/963 378/596/962
f 382/598/964 381/599/965 380/600/966
f 381/599/965 379/601/967 380/600/966
f 384/602/968 383/603/969 382/604/970
f 383/603/969 381/605/971 382/604/970
f 386/606/972 385/607/972 384/608/973
f 385/607/972 383/609/974 384/608/973
f 388/610/975 387/611/976 386/612/977
f 387/611/976 385/613/978 386/612/977
f 390/614/979 389/615/980 388/616/975
f 389/615/980 387/617/976 388/616/975
f 392/618/981 391/619/982 390/614/979
f 391/619/982 389/615/980 390/614/979
f 394/620/983 393/621/984 392/618/981
f 393/621/984 391/619/982 392/618/981
f 396/622/985 395/623/986 394/620/983
f 395/623/986 393/621/984 394/620/983
f 398/624/987 397/625/988 396/622/985
f 397/625/988 395/623/986 396/622/985
f 400/626/989 399/627/990 398/624/987
f 399/627/990 397/625/988 398/624/987
f 402/628/991 401/629/992 400/626/989
f 401/629/992 399/627/990 400/626/989
f 404/630/993 403/631/994 402/628/991
f 403/631/994 401/629/992 402/628/991
f 406/632/995 405/633/996 404/630/993
f 405/633/996 403/631/994 404/630/993
f 408/634/997 407/635/998 406/632/995
f 407/635/998 405/633/996 406/632/995
f 410/636/999 409/637/1000 408/634/997
f 409/637/1000 407/635/998 408/634/997
f 412/638/1001 411/639/1002 410/636/999
f 411/639/1002 409/637/1000 410/636/999
f 414/640/1003 413/641/1004 412/638/1001
f 413/641/1004 411/639/1002 412/638/1001
f 416/261/1005 415/262/1006 414/640/1003
f 415/262/1006 413/641/1004 414/640/1003
f 418/642/1007 417/643/1008 416/644/1009
f 417/643/1008 415/645/1010 416/644/1009
f 420/646/1011 419/647/1012 418/648/1012
f 419/647/1012 417/649/1013 418/648/1012
f 422/650/1014 421/651/1015 420/646/1016
f 421/651/1015 419/647/1017 420/646/1016
f 424/652/1018 423/653/1018 422/650/1018
f 423/653/1018 421/651/1019 422/650/1018
f 426/654/1020 425/655/1021 424/652/1022
f 425/655/1021 423/653/1021 424/652/1022
f 428/656/1023 427/657/1024 426/654/1025
f 427/657/1024 425/655/1024 426/654/1025
f 430/658/1026 429/659/1027 428/660/1028
f 429/659/1027 427/661/1029 428/660/1028
f 432/662/1030 431/663/1031 430/664/1032
f 431/663/1031 429/665/1033 430/664/1032
f 434/261/1034 433/262/1035 432/666/1036
f 433/262/1035 431/667/1037 432/666/1036
f 436/668/1038 435/669/1039 434/670/1040
f 435/669/1039 433/671/1041 434/670/1040
f 438/672/1042 437/673/1043 436/668/1044
f 437/673/1043 435/669/1045 436/668/1044
f 440/674/1046 439/675/1047 438/676/1048
f 439/675/1047 437/677/1049 438/676/1048
f 442/678/1050 441/679/1051 440/680/1052
f 441/679/1051 439/681/1053 440/680/1052
f 444/682/1054 443/683/1055 442/684/1054
f 443/683/1055 441/685/1056 442/684/1054
f 446/686/1057 445/687/1058 444/688/1059
f 445/687/1058 443/689/1060 444/688/1059
f 448/261/1061 447/262/1062 446/690/1063
f 447/262/1062 445/691/1064 446/690/1063
f 357/570/1065 360/571/1066 448/692/1065
f 360/571/1066 447/693/1065 448/692/1065
f 451/740/1146 450/741/1147 449/742/1148
f 450/741/1147 452/743/1149 449/742/1148
f 454/744/1150 453/745/1151 451/740/1152
f 453/745/1151 450/741/1153 451/740/1152
f 456/746/1154 455/747/1155 454/744/1156
f 455/747/1155 453/745/1157 454/744/1156
f 458/748/1158 457/749/1159 456/750/1160
f 457/749/1159 455/751/1161 456/750/1160
f 460/752/1162 459/753/1163 458/327/1164
f 459/753/1163 457/328/1163 458/327/1164
f 462/754/1165 461/755/1166 460/752/1167
f 461/755/1166 459/753/1166 460/752/1167
f 464/756/1168 463/757/1169 462/754/1170
f 463/757/1169 461/755/1171 462/754/1170
f 466/758/1172 465/759/1173 464/756/1174
f 465/759/1173 463/757/1175 464/756/1174
f 468/760/1176 467/761/1177 466/758/1178
f 467/761/1177 465/759/1179 466/758/1178
f 470/261/1180 469/262/1181 468/760/1182
f 469/262/1181 467/761/1183 468/760/1182
f 472/762/1184 471/763/1185 470/692/1186
f 471/763/1185 469/693/1187 470/692/1186
f 474/764/1188 473/765/1189 472/692/1190
f 473/765/1189 471/693/1191 472/692/1190
f 476/766/1192 475/767/1193 474/768/1194
f 475/767/1193 473/769/1195 474/768/1194
f 478/770/1196 477/771/1197 476/772/1197
f 477/771/1197 475/773/1198 476/772/1197
f 480/774/1199 479/775/1200 478/770/1201
f 479/775/1200 477/771/1202 478/770/1201
f 482/776/1203 481/777/1204 480/778/1205
f 481/777/1204 479/779/1206 480/778/1205
f 484/261/1207 483/262/1208 482/780/1209
f 483/262/1208 481/781/1210 482/780/1209
f 486/782/1211 485/783/1212 484/692/1213
f 485/783/1212 483/693/1214 484/692/1213
f 488/784/1215 487/785/1216 486/786/1217
f 487/785/1216 485/787/1218 486/786/1217
f 490/788/1219 489/789/1219 488/784/1220
f 489/789/1219 487/785/1219 488/784/1220
f 492/790/1221 491/791/1222 490/788/1223
f 491/791/1222 489/789/1224 490/788/1223
f 494/792/1225 493/793/1226 492/790/1227
f 493/793/1226 491/791/1226 492/790/1227
f 496/794/1228 495/795/1229 494/796/1230
f 495/795/1229 493/797/1231 494/796/1230
f 498/798/1232 497/799/1233 496/800/1234
f 497/799/1233 495/801/1235 496/800/1234
f 500/618/1236 499/619/1237 498/802/1238
f 499/619/1237 497/803/1239 498/802/1238
f 502/804/1240 501/805/1241 500/806/1242
f 501/805/1241 499/807/1243 500/806/1242
f 504/808/1244 503/809/1245 502/804/1246
f 503/809/1245 501/805/1247 502/804/1246
f 506/810/1248 505/811/1249 504/808/1250
f 505/811/1249 503/809/1251 504/808/1250
f 508/812/1252 507/813/1253 506/810/1254
f 507/813/1253 505/811/1255 506/810/1254
f 510/814/1256 509/815/1257 508/816/1258
f 509/815/1257 507/817/1259 508/816/1258
f 512/818/1260 511/819/1261 510/814/1262
f 511/819/1261 509/815/1263 510/814/1262
f 514/820/1264 513/821/1265 512/822/1266
f 513/821/1265 511/823/1265 512/822/1266
f 516/824/1267 515/825/1268 514/826/1269
f 515/825/1268 513/827/1270 514/826/1269
f 518/828/1271 517/829/1272 516/824/1273
f 517/829/1272 515/825/1274 516/824/1273
f 520/830/1275 519/831/1276 518/692/1277
f 519/831/1276 517/693/1278 518/692/1277
f 522/832/1279 521/833/1280 520/834/1281
f 521/833/1280 519/835/1282 520/834/1281
f 449/742/1283 452/743/1284 522/836/1285
f 452/743/1284 521/837/1286 522/836/1285
usemtl 3d66_Standardmaterial_17342430_131
f 196/363/570 194/364/343 192/365/571
f 212/366/572 210/367/573 208/368/574
f 200/369/575 198/370/576 196/363/570
f 202/371/577 200/369/575 196/363/570
f 161/372/578 242/373/579 240/374/580
f 202/371/577 196/363/570 192/365/571
f 190/375/570 188/376/581 186/377/582
f 192/365/571 190/375/570 186/377/582
f 178/378/583 176/379/584 174/380/583
f 180/381/585 178/378/583 174/380/583
f 180/381/585 174/380/583 172/382/577
f 182/383/586 180/381/585 172/382/577
f 238/384/587 236/385/588 234/386/589
f 240/374/580 238/384/587 234/386/589
f 161/372/578 240/374/580 234/386/589
f 192/365/571 186/377/582 184/387/590
f 192/365/571 184/387/590 182/383/586
f 192/365/571 182/383/586 172/382/577
f 192/365/571 172/382/577 170/388/591
f 202/371/577 192/365/571 170/388/591
f 228/389/592 226/390/593 224/391/594
f 161/372/578 234/386/589 232/392/595
f 163/393/596 161/372/578 232/392/595
f 166/394/597 163/393/596 232/392/595
f 166/394/597 232/392/595 230/395/358
f 166/394/597 230/395/358 228/389/592
f 166/394/597 228/389/592 224/391/594
f 168/396/598 166/394/597 224/391/594
f 168/396/598 224/391/594 222/397/599
f 170/388/591 168/396/598 222/397/599
f 170/388/591 222/397/599 220/398/600
f 170/388/591 220/398/600 218/399/601
f 202/371/577 170/388/591 218/399/601
f 202/371/577 218/399/601 216/400/602
f 202/371/577 216/400/602 214/401/575
f 202/371/577 214/401/575 212/366/572
f 202/371/577 212/366/572 208/368/574
f 204/402/603 202/371/577 208/368/574
f 206/403/604 204/402/603 208/368/574
f 193/364/605 195/363/606 191/365/607
f 209/367/608 211/366/609 207/368/610
f 197/370/611 199/369/612 195/363/606
f 199/369/612 201/371/613 195/363/606
f 241/373/614 164/372/615 239/374/616
f 195/363/606 201/371/613 191/365/607
f 187/376/617 189/375/607 185/377/615
f 189/375/607 191/365/607 185/377/615
f 175/379/618 177/378/619 173/380/620
f 177/378/619 179/381/621 173/380/620
f 173/380/620 179/381/621 171/382/622
f 179/381/621 181/383/620 171/382/622
f 235/385/623 237/384/624 233/386/625
f 237/384/624 239/374/616 233/386/625
f 239/374/616 164/372/615 233/386/625
f 185/377/615 191/365/607 183/387/626
f 183/387/626 191/365/607 181/383/620
f 181/383/620 191/365/607 171/382/622
f 171/382/622 191/365/607 169/388/627
f 191/365/607 201/371/613 169/388/627
f 225/390/628 227/389/629 223/391/630
f 233/386/625 164/372/615 231/392/620
f 164/372/615 162/393/631 231/392/620
f 162/393/631 165/394/632 231/392/620
f 231/392/620 165/394/632 229/395/633
f 229/395/633 165/394/632 227/389/629
f 227/389/629 165/394/632 223/391/630
f 165/394/632 167/396/634 223/391/630
f 223/391/630 167/396/634 221/397/635
f 167/396/634 169/388/627 221/397/635
f 221/397/635 169/388/627 219/398/636
f 219/398/636 169/388/627 217/399/637
f 169/388/627 201/371/613 217/399/637
f 217/399/637 201/371/613 215/400/638
f 215/400/638 201/371/613 213/401/609
f 213/401/609 201/371/613 211/366/609
f 211/366/609 201/371/613 207/368/610
f 201/371/613 203/402/639 207/368/610
f 203/402/639 205/403/640 207/368/610
usemtl 3d66_Standardmaterial_17342430_133
f 282/458/738 280/459/739 278/460/740
f 284/461/741 282/458/738 278/460/740
f 284/461/741 278/460/740 276/462/742
f 286/463/743 284/461/741 276/462/742
f 262/464/744 260/465/745 258/466/746
f 264/467/747 262/464/744 258/466/746
f 296/468/748 294/469/749 292/470/738
f 245/471/750 243/472/751 298/473/752
f 288/474/753 286/463/743 276/462/742
f 245/471/750 298/473/752 296/468/748
f 272/475/754 270/476/755 268/477/746
f 274/478/756 272/475/754 268/477/746
f 274/478/756 268/477/746 266/479/747
f 274/478/756 266/479/747 264/467/747
f 274/478/756 264/467/747 258/466/746
f 274/478/756 258/466/746 256/480/757
f 276/462/742 274/478/756 256/480/757
f 288/474/753 276/462/742 256/480/757
f 290/481/758 288/474/753 256/480/757
f 290/481/758 256/480/757 254/482/757
f 290/481/758 254/482/757 252/483/753
f 292/470/738 290/481/758 252/483/753
f 292/470/738 252/483/753 250/484/759
f 296/468/748 292/470/738 250/484/759
f 245/471/750 296/468/748 250/484/759
f 245/471/750 250/484/759 248/485/760
f 279/459/761 281/458/762 277/460/762
f 281/458/762 283/461/763 277/460/762
f 277/460/762 283/461/763 275/462/764
f 283/461/763 285/463/765 275/462/764
f 259/465/766 261/464/767 257/466/768
f 261/464/767 263/467/766 257/466/768
f 293/469/769 295/468/770 291/470/771
f 246/472/772 244/471/773 297/473/774
f 285/463/765 287/474/771 275/462/764
f 297/473/774 244/471/773 295/468/770
f 269/476/775 271/475/776 267/477/762
f 271/475/776 273/478/777 267/477/762
f 267/477/762 273/478/777 265/479/778
f 265/479/778 273/478/777 263/467/766
f 263/467/766 273/478/777 257/466/768
f 257/466/768 273/478/777 255/480/763
f 273/478/777 275/462/764 255/480/763
f 275/462/764 287/474/771 255/480/763
f 287/474/771 289/481/779 255/480/763
f 255/480/763 289/481/779 253/482/779
f 253/482/779 289/481/779 251/483/780
f 289/481/779 291/470/771 251/483/780
f 251/483/780 291/470/771 249/484/781
f 291/470/771 295/468/770 249/484/781
f 295/468/770 244/471/773 249/484/781
f 249/484/781 244/471/773 247/485/637
usemtl 3d66_Standardmaterial_17342430_134
f 330/540/876 328/541/876 326/3/877
f 306/542/878 304/543/879 301/544/880
f 324/545/881 322/546/882 320/547/883
f 330/540/876 326/3/877 324/545/881
f 330/540/876 324/545/881 320/547/883
f 330/540/876 320/547/883 318/548/884
f 332/549/881 330/540/876 318/548/884
f 332/549/881 318/548/884 316/550/885
f 336/551/886 334/552/887 332/549/881
f 338/553/888 336/551/886 332/549/881
f 310/554/889 308/555/890 306/542/878
f 312/556/882 310/554/889 306/542/878
f 338/553/888 332/549/881 316/550/885
f 340/557/891 338/553/888 316/550/885
f 342/558/892 340/557/891 316/550/885
f 344/559/893 342/558/892 316/550/885
f 344/559/893 316/550/885 314/560/894
f 346/561/895 344/559/893 314/560/894
f 346/561/895 314/560/894 312/556/882
f 348/562/896 346/561/895 312/556/882
f 348/562/896 312/556/882 306/542/878
f 348/562/896 306/542/878 301/544/880
f 348/562/896 301/544/880 299/563/897
f 348/562/896 299/563/897 356/564/896
f 350/565/898 348/562/896 356/564/896
f 352/566/885 350/565/898 356/564/896
f 352/566/885 356/564/896 354/567/899
f 327/541/900 329/540/901 325/3/900
f 303/543/902 305/542/903 300/544/904
f 321/546/905 323/545/906 319/547/907
f 325/3/900 329/540/901 323/545/906
f 323/545/906 329/540/901 319/547/907
f 319/547/907 329/540/901 317/548/908
f 329/540/901 331/549/905 317/548/908
f 317/548/908 331/549/905 315/550/908
f 333/552/909 335/551/910 331/549/905
f 335/551/910 337/553/911 331/549/905
f 307/555/912 309/554/913 305/542/903
f 309/554/913 311/556/914 305/542/903
f 331/549/905 337/553/911 315/550/908
f 337/553/911 339/557/915 315/550/908
f 339/557/915 341/558/916 315/550/908
f 341/558/916 343/559/917 315/550/908
f 315/550/908 343/559/917 313/560/914
f 343/559/917 345/561/913 313/560/914
f 313/560/914 345/561/913 311/556/914
f 345/561/913 347/562/918 311/556/914
f 311/556/914 347/562/918 305/542/903
f 305/542/903 347/562/918 300/544/904
f 300/544/904 347/562/918 302/563/919
f 302/563/919 347/562/918 355/564/920
f 347/562/918 349/565/921 355/564/920
f 349/565/921 351/566/922 355/564/920
f 355/564/920 351/566/922 353/567/923
usemtl 3d66_Standardmaterial_17342430_135
f 382/694/1067 380/695/1068 378/696/1069
f 384/697/1068 382/694/1067 378/696/1069
f 420/698/1070 418/699/1071 416/700/1072
f 420/698/1070 416/700/1072 414/701/1073
f 420/698/1070 414/701/1073 412/702/1074
f 420/698/1070 412/702/1074 410/703/1075
f 420/698/1070 410/703/1075 408/704/1076
f 420/698/1070 408/704/1076 406/705/1077
f 420/698/1070 406/705/1077 404/706/1078
f 432/707/1079 430/708/1080 428/709/1070
f 420/698/1070 404/706/1078 402/710/1081
f 357/711/1082 448/712/1083 446/713/1068
f 420/698/1070 402/710/1081 400/714/1084
f 384/697/1068 378/696/1069 376/715/1079
f 420/698/1070 400/714/1084 398/716/1073
f 359/717/1085 357/711/1082 446/713/1068
f 422/718/1086 420/698/1070 398/716/1073
f 422/718/1086 398/716/1073 396/719/1087
f 422/718/1086 396/719/1087 394/720/1088
f 422/718/1086 394/720/1088 392/721/1089
f 372/722/1090 370/723/1091 368/724/1092
f 374/725/1093 372/722/1090 368/724/1092
f 422/718/1086 392/721/1089 390/726/1094
f 424/727/1095 422/718/1086 390/726/1094
f 424/727/1095 390/726/1094 388/728/1096
f 426/729/1070 424/727/1095 388/728/1096
f 384/697/1068 376/715/1079 374/725/1093
f 384/697/1068 374/725/1093 368/724/1092
f 386/730/1095 384/697/1068 368/724/1092
f 386/730/1095 368/724/1092 366/731/1070
f 388/728/1096 386/730/1095 366/731/1070
f 426/729/1070 388/728/1096 366/731/1070
f 426/729/1070 366/731/1070 364/732/1097
f 428/709/1070 426/729/1070 364/732/1097
f 428/709/1070 364/732/1097 362/733/1098
f 428/709/1070 362/733/1098 359/717/1085
f 428/709/1070 359/717/1085 446/713/1068
f 432/707/1079 428/709/1070 446/713/1068
f 432/707/1079 446/713/1068 444/734/1099
f 432/707/1079 444/734/1099 442/735/1100
f 434/736/1101 432/707/1079 442/735/1100
f 436/737/1102 434/736/1101 442/735/1100
f 438/738/1103 436/737/1102 442/735/1100
f 438/738/1103 442/735/1100 440/739/1104
f 379/695/1105 381/694/1106 377/696/1107
f 381/694/1106 383/697/1108 377/696/1107
f 417/699/1109 419/698/1110 415/700/1111
f 415/700/1111 419/698/1110 413/701/1112
f 413/701/1112 419/698/1110 411/702/1113
f 411/702/1113 419/698/1110 409/703/1114
f 409/703/1114 419/698/1110 407/704/1115
f 407/704/1115 419/698/1110 405/705/1116
f 405/705/1116 419/698/1110 403/706/1117
f 429/708/1106 431/707/1118 427/709/1119
f 403/706/1117 419/698/1110 401/710/1118
f 447/712/1120 360/711/1121 445/713/1115
f 401/710/1118 419/698/1110 399/714/1122
f 377/696/1107 383/697/1108 375/715/1123
f 399/714/1122 419/698/1110 397/716/1124
f 360/711/1121 358/717/1125 445/713/1115
f 419/698/1110 421/718/1126 397/716/1124
f 397/716/1124 421/718/1126 395/719/1127
f 395/719/1127 421/718/1126 393/720/1128
f 393/720/1128 421/718/1126 391/721/1129
f 369/723/1130 371/722/1131 367/724/1132
f 371/722/1131 373/725/1133 367/724/1132
f 391/721/1129 421/718/1126 389/726/1134
f 421/718/1126 423/727/1115 389/726/1134
f 389/726/1134 423/727/1115 387/728/1135
f 423/727/1115 425/729/1136 387/728/1135
f 375/715/1123 383/697/1108 373/725/1133
f 373/725/1133 383/697/1108 367/724/1132
f 383/697/1108 385/730/1137 367/724/1132
f 367/724/1132 385/730/1137 365/731/1138
f 385/730/1137 387/728/1135 365/731/1138
f 387/728/1135 425/729/1136 365/731/1138
f 365/731/1138 425/729/1136 363/732/1139
f 425/729/1136 427/709/1119 363/732/1139
f 363/732/1139 427/709/1119 361/733/1132
f 361/733/1132 427/709/1119 358/717/1125
f 358/717/1125 427/709/1119 445/713/1115
f 427/709/1119 431/707/1118 445/713/1115
f 445/713/1115 431/707/1118 443/734/1140
f 443/734/1140 431/707/1118 441/735/1141
f 431/707/1118 433/736/1142 441/735/1141
f 433/736/1142 435/737/1143 441/735/1141
f 435/737/1143 437/738/1144 441/735/1141
f 441/735/1141 437/738/1144 439/739/1145
usemtl 3d66_Standardmaterial_17342430_136
f 486/838/1287 484/839/1288 482/840/1289
f 486/838/1287 482/840/1289 480/841/1290
f 472/842/1291 470/3/1292 468/843/1292
f 474/844/1293 472/842/1291 468/843/1292
f 474/844/1293 468/843/1292 466/845/1294
f 498/846/1292 496/847/1295 494/848/1296
f 488/849/1297 486/838/1287 480/841/1290
f 488/849/1297 480/841/1290 478/850/1298
f 488/849/1297 478/850/1298 476/851/1296
f 490/852/1299 488/849/1297 476/851/1296
f 502/853/1300 500/854/1301 498/846/1292
f 504/855/1302 502/853/1300 498/846/1292
f 520/856/1303 518/857/1304 516/858/1305
f 449/859/1306 522/860/1307 520/856/1303
f 451/861/1308 449/859/1306 520/856/1303
f 451/861/1308 520/856/1303 516/858/1305
f 460/862/1309 458/863/1310 456/864/1311
f 504/855/1302 498/846/1292 494/848/1296
f 492/865/1312 490/852/1299 476/851/1296
f 492/865/1312 476/851/1296 474/844/1293
f 516/858/1305 514/866/1313 512/867/1292
f 451/861/1308 516/858/1305 512/867/1292
f 492/865/1312 474/844/1293 466/845/1294
f 492/865/1312 466/845/1294 464/868/1294
f 492/865/1312 464/868/1294 462/869/1305
f 492/865/1312 462/869/1305 460/862/1309
f 492/865/1312 460/862/1309 456/864/1311
f 492/865/1312 456/864/1311 454/870/1314
f 492/865/1312 454/870/1314 451/861/1308
f 492/865/1312 451/861/1308 512/867/1292
f 494/848/1296 492/865/1312 512/867/1292
f 504/855/1302 494/848/1296 512/867/1292
f 506/871/1315 504/855/1302 512/867/1292
f 508/872/1316 506/871/1315 512/867/1292
f 510/873/1317 508/872/1316 512/867/1292
f 483/839/1318 485/838/1319 481/840/1320
f 481/840/1320 485/838/1319 479/841/1321
f 469/3/1322 471/842/1323 467/843/1324
f 471/842/1323 473/844/1323 467/843/1324
f 467/843/1324 473/844/1323 465/845/1325
f 495/847/1326 497/846/1327 493/848/1328
f 485/838/1319 487/849/1329 479/841/1321
f 479/841/1321 487/849/1329 477/850/1330
f 477/850/1330 487/849/1329 475/851/1331
f 487/849/1329 489/852/1332 475/851/1331
f 499/854/1333 501/853/1334 497/846/1327
f 501/853/1334 503/855/1335 497/846/1327
f 517/857/1335 519/856/1336 515/858/1329
f 521/860/1337 452/859/1338 519/856/1336
f 452/859/1338 450/861/1339 519/856/1336
f 519/856/1336 450/861/1339 515/858/1329
f 457/863/1340 459/862/1341 455/864/1342
f 497/846/1327 503/855/1335 493/848/1328
f 489/852/1332 491/865/1324 475/851/1331
f 475/851/1331 491/865/1324 473/844/1323
f 513/866/1343 515/858/1329 511/867/1329
f 515/858/1329 450/861/1339 511/867/1329
f 473/844/1323 491/865/1324 465/845/1325
f 465/845/1325 491/865/1324 463/868/1344
f 463/868/1344 491/865/1324 461/869/1343
f 461/869/1343 491/865/1324 459/862/1341
f 459/862/1341 491/865/1324 455/864/1342
f 455/864/1342 491/865/1324 453/870/1331
f 453/870/1331 491/865/1324 450/861/1339
f 450/861/1339 491/865/1324 511/867/1329
f 491/865/1324 493/848/1328 511/867/1329
f 493/848/1328 503/855/1335 511/867/1329
f 503/855/1335 505/871/1345 511/867/1329
f 505/871/1345 507/872/1346 511/867/1329
f 507/872/1346 509/873/1347 511/867/1329
usemtl 3d66_Standardmaterial_17342430_138
f 525/404/1348 524/405/1349 523/3/1350
f 524/405/1349 526/4/1351 523/3/1350
f 528/874/1352 527/875/1353 525/404/1354
f 527/875/1353 524/405/1355 525/404/1354
f 530/876/1356 529/877/1357 528/874/1356
f 529/877/1357 527/875/1358 528/874/1356
f 532/878/1359 531/879/1360 530/876/1360
f 531/879/1360 529/877/1361 530/876/1360
f 534/880/1362 533/881/1363 532/878/1364
f 533/881/1363 531/879/1365 532/878/1364
f 536/882/1366 535/883/1367 534/880/1366
f 535/883/1367 533/881/1367 534/880/1366
f 538/884/1368 537/885/1368 536/882/1368
f 537/885/1368 535/883/1368 536/882/1368
f 540/886/1369 539/887/1370 538/884/1371
f 539/887/1370 537/885/1372 538/884/1371
f 542/888/1373 541/889/1374 540/886/1375
f 541/889/1374 539/887/1374 540/886/1375
f 544/890/1376 543/891/1377 542/888/1378
f 543/891/1377 541/889/1379 542/888/1378
f 546/892/1380 545/893/1381 544/890/1382
f 545/893/1381 543/891/1383 544/890/1382
f 548/894/1384 547/895/1384 546/892/1384
f 547/895/1384 545/893/1384 546/892/1384
f 550/896/1385 549/897/1385 548/894/1385
f 549/897/1385 547/895/1385 548/894/1385
f 552/898/1386 551/899/1387 550/896/1388
f 551/899/1387 549/897/1389 550/896/1388
f 554/900/1390 553/901/1390 552/898/1390
f 553/901/1390 551/899/1391 552/898/1390
f 556/902/1392 555/903/1393 554/900/1394
f 555/903/1393 553/901/1395 554/900/1394
f 558/904/1396 557/905/1397 556/902/1398
f 557/905/1397 555/903/1399 556/902/1398
f 560/906/1400 559/907/1401 558/904/1402
f 559/907/1401 557/905/1403 558/904/1402
f 562/908/1404 561/909/1405 560/906/1406
f 561/909/1405 559/907/1407 560/906/1406
f 564/910/1408 563/911/1409 562/908/1410
f 563/911/1409 561/909/1409 562/908/1410
f 566/912/1411 565/913/1412 564/910/1413
f 565/913/1412 563/911/1414 564/910/1413
f 568/914/1415 567/915/1416 566/912/1417
f 567/915/1416 565/913/1416 566/912/1417
f 570/916/1418 569/917/1419 568/914/1419
f 569/917/1419 567/915/1419 568/914/1419
f 572/918/1420 571/919/1421 570/916/1422
f 571/919/1421 569/917/1421 570/916/1422
f 574/920/1423 573/921/1424 572/918/1425
f 573/921/1424 571/919/1426 572/918/1425
f 576/922/1427 575/923/1428 574/920/1429
f 575/923/1428 573/921/1430 574/920/1429
f 578/924/1431 577/925/1432 576/922/1433
f 577/925/1432 575/923/1434 576/922/1433
f 580/926/1435 579/927/1435 578/924/1436
f 579/927/1435 577/925/1435 578/924/1436
f 582/928/1437 581/929/1438 580/926/1439
f 581/929/1438 579/927/1440 580/926/1439
f 584/930/1441 583/931/1442 582/928/1443
f 583/931/1442 581/929/1444 582/928/1443
f 586/932/1445 585/933/1446 584/930/1447
f 585/933/1446 583/931/1448 584/930/1447
f 588/934/1449 587/935/1450 586/932/1451
f 587/935/1450 585/933/1452 586/932/1451
f 590/936/1453 589/937/1454 588/934/1455
f 589/937/1454 587/935/1456 588/934/1455
f 592/938/1457 591/939/1458 590/936/1459
f 591/939/1458 589/937/1460 590/936/1459
f 594/940/1461 593/941/1462 592/938/1463
f 593/941/1462 591/939/1464 592/938/1463
f 596/942/1465 595/943/1466 594/940/1467
f 595/943/1466 593/941/1468 594/940/1467
f 598/944/1469 597/945/1470 596/942/1471
f 597/945/1470 595/943/1472 596/942/1471
f 600/946/1473 599/947/1474 598/944/1475
f 599/947/1474 597/945/1476 598/944/1475
f 602/948/1477 601/949/1478 600/946/1479
f 601/949/1478 599/947/1480 600/946/1479
f 604/950/1481 603/951/1482 602/948/1483
f 603/951/1482 601/949/1484 602/948/1483
f 606/952/1485 605/953/1486 604/950/1487
f 605/953/1486 603/951/1488 604/950/1487
f 608/954/1489 607/955/1490 606/952/1491
f 607/955/1490 605/953/1492 606/952/1491
f 610/956/1493 609/957/1494 608/954/1495
f 609/957/1494 607/955/1496 608/954/1495
f 612/59/1497 611/60/1498 610/956/1499
f 611/60/1498 609/957/1500 610/956/1499
f 614/958/1501 613/959/1502 612/59/1503
f 613/959/1502 611/60/1504 612/59/1503
f 616/960/1505 615/961/1506 614/958/1507
f 615/961/1506 613/959/1508 614/958/1507
f 618/962/1509 617/963/1510 616/960/1511
f 617/963/1510 615/961/1512 616/960/1511
f 620/964/1513 619/965/1514 618/962/1515
f 619/965/1514 617/963/1516 618/962/1515
f 622/966/1517 621/967/1518 620/964/1519
f 621/967/1518 619/965/1520 620/964/1519
f 624/968/1521 623/969/1522 622/966/1523
f 623/969/1522 621/967/1524 622/966/1523
f 626/970/1525 625/971/1526 624/968/1527
f 625/971/1526 623/969/1528 624/968/1527
f 628/972/1529 627/973/1530 626/970/1531
f 627/973/1530 625/971/1532 626/970/1531
f 630/974/1533 629/975/1534 628/972/1534
f 629/975/1534 627/973/1535 628/972/1534
f 523/77/1536 526/78/1536 630/974/1536
f 526/78/1536 629/975/1536 630/974/1536
usemtl 3d66_Standardmaterial_17342430_137
f 590/976/1537 588/977/1538 586/978/1539
f 590/976/1537 586/978/1539 584/979/1540
f 604/980/1541 602/981/1542 600/982/1543
f 606/983/1544 604/980/1541 600/982/1543
f 608/984/1545 606/983/1544 600/982/1543
f 608/984/1545 600/982/1543 598/985/1540
f 610/986/1546 608/984/1545 598/985/1540
f 610/986/1546 598/985/1540 596/987/1540
f 612/988/1547 610/986/1546 596/987/1540
f 614/989/1548 612/988/1547 596/987/1540
f 614/989/1548 596/987/1540 594/990/1549
f 552/991/1550 550/992/1551 548/993/1542
f 554/994/1542 552/991/1550 548/993/1542
f 554/994/1542 548/993/1542 546/995/1542
f 554/994/1542 546/995/1542 544/996/1542
f 590/976/1537 584/979/1540 582/997/1552
f 592/998/1553 590/976/1537 582/997/1552
f 592/998/1553 582/997/1552 580/999/1554
f 614/989/1548 594/990/1549 592/998/1553
f 616/1000/1555 614/989/1548 592/998/1553
f 616/1000/1555 592/998/1553 580/999/1554
f 525/1001/1556 523/1002/1557 630/1003/1550
f 544/996/1542 542/1004/1558 540/1005/1551
f 554/994/1542 544/996/1542 540/1005/1551
f 554/994/1542 540/1005/1551 538/1006/1550
f 562/1007/1559 560/1008/1560 558/1009/1561
f 564/1010/1547 562/1007/1559 558/1009/1561
f 528/1011/1562 525/1001/1556 630/1003/1550
f 530/1012/1563 528/1011/1562 630/1003/1550
f 532/1013/1542 530/1012/1563 630/1003/1550
f 534/1014/1550 532/1013/1542 630/1003/1550
f 534/1014/1550 630/1003/1550 628/1015/1564
f 534/1014/1550 628/1015/1564 626/1016/1550
f 536/1017/1564 534/1014/1550 626/1016/1550
f 538/1006/1550 536/1017/1564 626/1016/1550
f 554/994/1542 538/1006/1550 626/1016/1550
f 554/994/1542 626/1016/1550 624/1018/1565
f 554/994/1542 624/1018/1565 622/1019/1537
f 554/994/1542 622/1019/1537 620/1020/1566
f 556/1021/1567 554/994/1542 620/1020/1566
f 556/1021/1567 620/1020/1566 618/1022/1568
f 558/1009/1561 556/1021/1567 618/1022/1568
f 558/1009/1561 618/1022/1568 616/1000/1555
f 558/1009/1561 616/1000/1555 580/999/1554
f 558/1009/1561 580/999/1554 578/1023/1569
f 564/1010/1547 558/1009/1561 578/1023/1569
f 566/1024/1537 564/1010/1547 578/1023/1569
f 566/1024/1537 578/1023/1569 576/1025/1570
f 568/1026/1571 566/1024/1537 576/1025/1570
f 568/1026/1571 576/1025/1570 574/1027/1537
f 570/1028/1551 568/1026/1571 574/1027/1537
f 570/1028/1551 574/1027/1537 572/1029/1572
f 587/977/1573 589/976/1574 585/978/1575
f 585/978/1575 589/976/1574 583/979/1576
f 601/981/1577 603/980/1578 599/982/1579
f 603/980/1578 605/983/1580 599/982/1579
f 605/983/1580 607/984/1581 599/982/1579
f 599/982/1579 607/984/1581 597/985/1582
f 607/984/1581 609/986/1583 597/985/1582
f 597/985/1582 609/986/1583 595/987/1584
f 609/986/1583 611/988/1576 595/987/1584
f 611/988/1576 613/989/1585 595/987/1584
f 595/987/1584 613/989/1585 593/990/1586
f 549/992/1574 551/991/1574 547/993/1574
f 551/991/1574 553/994/1574 547/993/1574
f 547/993/1574 553/994/1574 545/995/1579
f 545/995/1579 553/994/1574 543/996/1587
f 583/979/1576 589/976/1574 581/997/1588
f 589/976/1574 591/998/1589 581/997/1588
f 581/997/1588 591/998/1589 579/999/1590
f 593/990/1586 613/989/1585 591/998/1589
f 613/989/1585 615/1000/1591 591/998/1589
f 591/998/1589 615/1000/1591 579/999/1590
f 526/1002/1592 524/1001/1579 629/1003/1579
f 541/1004/1593 543/996/1587 539/1005/1594
f 543/996/1587 553/994/1574 539/1005/1594
f 539/1005/1594 553/994/1574 537/1006/1574
f 559/1008/1595 561/1007/1587 557/1009/1596
f 561/1007/1587 563/1010/1597 557/1009/1596
f 524/1001/1579 527/1011/1583 629/1003/1579
f 527/1011/1583 529/1012/1587 629/1003/1579
f 529/1012/1587 531/1013/1579 629/1003/1579
f 531/1013/1579 533/1014/1579 629/1003/1579
f 629/1003/1579 533/1014/1579 627/1015/1579
f 627/1015/1579 533/1014/1579 625/1016/1579
f 533/1014/1579 535/1017/1574 625/1016/1579
f 535/1017/1574 537/1006/1574 625/1016/1579
f 537/1006/1574 553/994/1574 625/1016/1579
f 625/1016/1579 553/994/1574 623/1018/1598
f 623/1018/1598 553/994/1574 621/1019/1576
f 621/1019/1576 553/994/1574 619/1020/1599
f 553/994/1574 555/1021/1581 619/1020/1599
f 619/1020/1599 555/1021/1581 617/1022/1600
f 555/1021/1581 557/1009/1596 617/1022/1600
f 617/1022/1600 557/1009/1596 615/1000/1591
f 615/1000/1591 557/1009/1596 579/999/1590
f 579/999/1590 557/1009/1596 577/1023/1601
f 557/1009/1596 563/1010/1597 577/1023/1601
f 563/1010/1597 565/1024/1597 577/1023/1601
f 577/1023/1601 565/1024/1597 575/1025/1602
f 565/1024/1597 567/1026/1597 575/1025/1602
f 575/1025/1602 567/1026/1597 573/1027/1602
f 567/1026/1597 569/1028/1599 573/1027/1602
f 573/1027/1602 569/1028/1599 571/1029/1603
