# Blender 4.3.2
# www.blender.org
mtllib 兽8.mtl
o 兽8
v 1.331693 0.000065 1.139633
v 1.331586 -0.000602 1.139780
v 1.330172 0.000249 1.142874
v 1.330278 0.000915 1.142726
v 1.330655 -0.000226 1.139226
v 1.329239 0.000625 1.142320
v 1.330344 0.000532 1.138853
v 1.328928 0.001383 1.141947
v 1.329146 0.001165 1.138096
v 1.327729 0.002017 1.141189
v 1.329273 0.002135 1.137868
v 1.327857 0.002987 1.140962
v 1.328291 0.002281 1.137358
v 1.326874 0.003134 1.140453
v 1.328443 0.002668 1.137314
v 1.327026 0.003521 1.140409
v 1.327359 0.003093 1.136674
v 1.325941 0.003947 1.139768
v 1.327503 0.003517 1.136616
v 1.326085 0.004371 1.139710
v 1.326860 0.004803 1.135929
v 1.325442 0.005657 1.139022
v 1.326219 0.004918 1.135590
v 1.324801 0.005772 1.138684
v 1.326391 0.005192 1.135590
v 1.324973 0.006046 1.138684
v 1.324923 0.005800 1.134712
v 1.323504 0.006656 1.137807
v 1.325041 0.006126 1.134672
v 1.323622 0.006981 1.137766
v 1.324651 0.006600 1.134345
v 1.323232 0.007456 1.137439
v 1.323291 0.005841 1.133927
v 1.321871 0.006698 1.137021
v 1.322920 0.007506 1.133256
v 1.321500 0.008363 1.136349
v 1.323398 0.008056 1.133318
v 1.321978 0.008913 1.136412
v 1.322955 0.008630 1.132937
v 1.321535 0.009487 1.136031
v 1.323178 0.009259 1.132856
v 1.321758 0.010116 1.135949
v 1.326596 0.010818 1.134011
v 1.325178 0.011673 1.137104
v 1.327944 0.008865 1.135233
v 1.326527 0.009718 1.138326
v 1.328568 0.008647 1.135594
v 1.327151 0.009499 1.138687
v 1.327205 0.011029 1.134237
v 1.325787 0.011883 1.137330
v 1.328830 0.011844 1.134766
v 1.327413 0.012696 1.137858
v 1.330803 0.007973 1.136855
v 1.329388 0.008824 1.139947
v 1.330871 0.006703 1.137266
v 1.329456 0.007554 1.140359
v 1.330224 0.005133 1.137426
v 1.328809 0.005985 1.140520
v 1.330916 0.004126 1.138054
v 1.329501 0.004977 1.141147
v 1.331877 0.003930 1.138569
v 1.330462 0.004780 1.141662
v 1.332160 0.004510 1.138531
v 1.330746 0.005360 1.141624
v 1.333991 0.002991 1.139853
v 1.332578 0.003839 1.142945
v 1.333910 0.002284 1.140024
v 1.332497 0.003133 1.143117
v 1.333517 0.002066 1.139903
v 1.332104 0.002915 1.142995
v 1.333405 0.001672 1.139967
v 1.331992 0.002521 1.143060
v 1.332615 0.001261 1.139714
v 1.331201 0.002110 1.142807
v 1.332126 -0.000107 1.139889
v 1.330711 0.000743 1.142982
v 1.347808 0.007921 1.144387
v 1.347286 0.007661 1.144216
v 1.345952 0.008453 1.147157
v 1.346474 0.008712 1.147328
v 1.347079 0.007036 1.144302
v 1.345744 0.007828 1.147243
v 1.346459 0.006883 1.144053
v 1.345124 0.007676 1.146996
v 1.346631 0.006677 1.144195
v 1.345296 0.007470 1.147138
v 1.345796 0.006278 1.143917
v 1.344460 0.007071 1.146860
v 1.345638 0.005705 1.144011
v 1.344303 0.006499 1.146955
v 1.345227 0.005982 1.143735
v 1.343890 0.006776 1.146678
v 1.344759 0.005167 1.143754
v 1.343422 0.005961 1.146697
v 1.344248 0.006221 1.143200
v 1.342911 0.007016 1.146143
v 1.343574 0.007015 1.142645
v 1.342236 0.007810 1.145590
v 1.343613 0.007679 1.142468
v 1.342274 0.008474 1.145411
v 1.342562 0.007884 1.141909
v 1.341224 0.008681 1.144853
v 1.342651 0.008244 1.141845
v 1.341312 0.009040 1.144789
v 1.342055 0.008747 1.141413
v 1.340716 0.009544 1.144358
v 1.341241 0.009013 1.140949
v 1.339901 0.009810 1.143893
v 1.341476 0.009477 1.140923
v 1.340137 0.010274 1.143868
v 1.341184 0.010326 1.140534
v 1.339844 0.011123 1.143479
v 1.340348 0.010271 1.140155
v 1.339008 0.011068 1.143099
v 1.340362 0.010793 1.140006
v 1.339021 0.011591 1.142951
v 1.338495 0.011382 1.138947
v 1.337152 0.012182 1.141893
v 1.338036 0.011942 1.138564
v 1.336694 0.012742 1.141510
v 1.338871 0.012004 1.138942
v 1.337529 0.012803 1.141887
v 1.337812 0.012996 1.138147
v 1.336470 0.013796 1.141093
v 1.338147 0.013289 1.138219
v 1.336805 0.014089 1.141165
v 1.337341 0.014403 1.137508
v 1.335998 0.015203 1.140454
v 1.337850 0.014581 1.137697
v 1.336508 0.015381 1.140643
v 1.337697 0.015079 1.137478
v 1.336355 0.015879 1.140423
v 1.336561 0.015053 1.136947
v 1.335218 0.015855 1.139893
v 1.339486 0.016217 1.137989
v 1.338145 0.017016 1.140934
v 1.339643 0.015858 1.138169
v 1.338302 0.016656 1.141114
v 1.342038 0.013630 1.139963
v 1.340699 0.014427 1.142906
v 1.342308 0.014336 1.139882
v 1.340969 0.015132 1.142825
v 1.341341 0.016495 1.138786
v 1.340001 0.017292 1.141729
v 1.342847 0.017147 1.139308
v 1.341509 0.017943 1.142250
v 1.344811 0.013012 1.141461
v 1.343474 0.013806 1.144402
v 1.344533 0.010709 1.142009
v 1.343196 0.011503 1.144952
v 1.345864 0.009324 1.143050
v 1.344528 0.010117 1.145992
v 1.346045 0.010349 1.142833
v 1.344709 0.011142 1.145774
v 1.346677 0.009802 1.143294
v 1.345342 0.010595 1.146235
v 1.347062 0.008781 1.143779
v 1.345728 0.009573 1.146720
v 1.347665 0.008857 1.144042
v 1.346331 0.009648 1.146983
v 1.380438 0.021103 1.156900
v 1.380170 0.021440 1.156674
v 1.379494 0.021834 1.158185
v 1.379762 0.021496 1.158410
v 1.380066 0.022421 1.156335
v 1.379390 0.022814 1.157845
v 1.379559 0.023139 1.155883
v 1.378883 0.023533 1.157394
v 1.379234 0.024748 1.155254
v 1.378558 0.025142 1.156765
v 1.378962 0.024623 1.155163
v 1.378285 0.025017 1.156674
v 1.378394 0.022815 1.155428
v 1.377717 0.023209 1.156941
v 1.378107 0.022091 1.155506
v 1.377430 0.022486 1.157019
v 1.376953 0.022239 1.154918
v 1.376275 0.022634 1.156430
v 1.376330 0.024684 1.153901
v 1.375652 0.025080 1.155414
v 1.376557 0.025124 1.153878
v 1.375878 0.025520 1.155391
v 1.375737 0.027612 1.152756
v 1.375058 0.028008 1.154269
v 1.375983 0.028086 1.152732
v 1.375304 0.028482 1.154244
v 1.382271 0.029879 1.155170
v 1.381597 0.030271 1.156677
v 1.382753 0.028918 1.155682
v 1.382079 0.029309 1.157189
v 1.382737 0.027107 1.156211
v 1.382063 0.027499 1.157718
v 1.383347 0.027602 1.156353
v 1.382673 0.027993 1.157858
v 1.383604 0.026876 1.156688
v 1.382931 0.027267 1.158194
v 1.384145 0.026989 1.156911
v 1.383472 0.027379 1.158415
v 1.384139 0.026525 1.157045
v 1.383466 0.026915 1.158550
v 1.383335 0.025691 1.156913
v 1.382661 0.026081 1.158418
v 1.383547 0.025424 1.157092
v 1.382873 0.025814 1.158597
v 1.383467 0.025095 1.157151
v 1.382794 0.025485 1.158658
v 1.383196 0.024933 1.157071
v 1.382522 0.025324 1.158578
v 1.383046 0.024537 1.157117
v 1.382372 0.024928 1.158624
v 1.382747 0.024725 1.156921
v 1.382073 0.025116 1.158427
v 1.382267 0.024836 1.156661
v 1.381593 0.025228 1.158169
v 1.381969 0.025301 1.156383
v 1.381294 0.025693 1.157891
v 1.381488 0.025195 1.156187
v 1.380813 0.025587 1.157695
v 1.381210 0.024331 1.156311
v 1.380535 0.024724 1.157820
v 1.381353 0.023947 1.156492
v 1.380678 0.024339 1.158001
v 1.381130 0.022902 1.156696
v 1.380455 0.023295 1.158205
v 1.381440 0.022846 1.156859
v 1.380765 0.023238 1.158368
v 1.381512 0.022551 1.156980
v 1.380837 0.022943 1.158489
v 1.381764 0.022284 1.157178
v 1.381089 0.022676 1.158686
v 1.381760 0.021813 1.157316
v 1.381085 0.022204 1.158824
v 1.381471 0.021169 1.157369
v 1.380796 0.021561 1.158878
v 1.381624 0.020985 1.157496
v 1.380948 0.021377 1.159004
v 1.381417 0.020707 1.157480
v 1.380742 0.021099 1.158990
v 1.380775 0.020581 1.157214
v 1.380099 0.020974 1.158723
v 1.380292 0.020709 1.156948
v 1.379617 0.021102 1.158458
v 1.304782 -0.009983 1.131027
v 1.304134 -0.010332 1.130826
v 1.302644 -0.009425 1.134064
v 1.303292 -0.009077 1.134266
v 1.303795 -0.010936 1.130845
v 1.302305 -0.010029 1.134084
v 1.302276 -0.011436 1.130279
v 1.300785 -0.010528 1.133517
v 1.301735 -0.011802 1.130134
v 1.300244 -0.010894 1.133372
v 1.299351 -0.010501 1.128623
v 1.297860 -0.009591 1.131860
v 1.297827 -0.007919 1.127136
v 1.296336 -0.007009 1.130373
v 1.294701 -0.005818 1.125039
v 1.293208 -0.004906 1.128274
v 1.293746 -0.006578 1.124817
v 1.292254 -0.005666 1.128052
v 1.293341 -0.005917 1.124429
v 1.291849 -0.005004 1.127664
v 1.293551 -0.003975 1.123948
v 1.292059 -0.003062 1.127184
v 1.293268 -0.003298 1.123614
v 1.291776 -0.002385 1.126848
v 1.293592 -0.002224 1.123444
v 1.292100 -0.001311 1.126680
v 1.296645 -0.000770 1.124447
v 1.295153 0.000141 1.127683
v 1.297460 -0.001440 1.125030
v 1.295969 -0.000529 1.128267
v 1.297772 -0.002965 1.125632
v 1.296280 -0.002054 1.128868
v 1.298745 -0.003396 1.126218
v 1.297253 -0.002486 1.129455
v 1.297864 -0.001205 1.125150
v 1.296372 -0.000295 1.128387
v 1.297211 -0.000439 1.124614
v 1.295719 0.000471 1.127851
v 1.299065 0.000369 1.125246
v 1.297573 0.001279 1.128484
v 1.299528 -0.000734 1.125793
v 1.298036 0.000175 1.129030
v 1.301573 -0.004265 1.127810
v 1.300081 -0.003357 1.131047
v 1.301060 -0.006197 1.128144
v 1.299569 -0.005289 1.131382
v 1.301102 -0.007728 1.128621
v 1.299610 -0.006820 1.131858
v 1.302159 -0.008475 1.129341
v 1.300668 -0.007568 1.132579
v 1.302739 -0.007854 1.129429
v 1.301249 -0.006946 1.132668
v 1.303486 -0.008559 1.129992
v 1.301996 -0.007652 1.133230
v 1.304451 -0.009079 1.130601
v 1.302961 -0.008173 1.133841
v 1.319008 -0.005333 1.135575
v 1.317523 -0.005552 1.134921
v 1.315902 -0.004603 1.138378
v 1.317388 -0.004386 1.139032
v 1.317264 -0.006149 1.134972
v 1.315643 -0.005200 1.138429
v 1.316812 -0.005775 1.134643
v 1.315190 -0.004825 1.138100
v 1.316271 -0.006018 1.134454
v 1.314650 -0.005068 1.137911
v 1.315989 -0.005402 1.134137
v 1.314367 -0.004452 1.137594
v 1.316370 -0.005135 1.134242
v 1.314748 -0.004186 1.137698
v 1.315124 -0.004107 1.133338
v 1.313502 -0.003157 1.136795
v 1.313430 -0.001851 1.131856
v 1.311807 -0.000900 1.135312
v 1.311643 -0.001127 1.130781
v 1.310019 -0.000175 1.134237
v 1.309347 0.000860 1.129089
v 1.307722 0.001815 1.132544
v 1.308923 -0.000144 1.129180
v 1.307298 0.000811 1.132635
v 1.308102 0.000506 1.128593
v 1.306477 0.001461 1.132048
v 1.307234 0.002399 1.127617
v 1.305608 0.003355 1.131072
v 1.313140 0.005135 1.129660
v 1.311516 0.006087 1.133115
v 1.313121 0.004471 1.129847
v 1.311497 0.005423 1.133301
v 1.314179 0.003510 1.130640
v 1.312556 0.004461 1.134096
v 1.313459 0.005331 1.129756
v 1.311836 0.006282 1.133212
v 1.314474 0.005768 1.130118
v 1.312851 0.006718 1.133574
v 1.315680 0.003710 1.131306
v 1.314057 0.004660 1.134762
v 1.316739 0.002417 1.132198
v 1.315117 0.003366 1.135654
v 1.317006 0.000977 1.132751
v 1.315384 0.001925 1.136207
v 1.316710 -0.000474 1.133035
v 1.315088 0.000475 1.136491
v 1.317295 -0.001596 1.133648
v 1.315673 -0.000648 1.137104
v 1.318645 -0.002173 1.134470
v 1.317024 -0.001225 1.137926
v 1.319724 -0.002331 1.135038
v 1.318104 -0.001385 1.138494
v 1.320407 -0.002973 1.135557
v 1.318787 -0.002027 1.139013
v 1.320484 -0.003905 1.135868
v 1.318864 -0.002959 1.139324
v 1.319455 -0.004420 1.135522
v 1.317835 -0.003473 1.138979
v 1.358321 0.010263 1.149134
v 1.357337 0.011021 1.148427
v 1.356363 0.011561 1.150486
v 1.357348 0.010803 1.151191
v 1.356533 0.011286 1.147954
v 1.355559 0.011827 1.150012
v 1.355967 0.012639 1.147281
v 1.354992 0.013180 1.149340
v 1.354892 0.014577 1.146189
v 1.353916 0.015118 1.148248
v 1.352434 0.015713 1.144645
v 1.351457 0.016256 1.146706
v 1.351666 0.014504 1.144616
v 1.350688 0.015047 1.146677
v 1.351424 0.014619 1.144462
v 1.350446 0.015163 1.146524
v 1.350932 0.016126 1.143783
v 1.349954 0.016670 1.145844
v 1.350983 0.018644 1.143079
v 1.350006 0.019189 1.145141
v 1.350811 0.019555 1.142730
v 1.349833 0.020099 1.144792
v 1.354598 0.020977 1.144189
v 1.353623 0.021519 1.146248
v 1.354006 0.019740 1.144256
v 1.353031 0.020283 1.146315
v 1.353649 0.019453 1.144162
v 1.352672 0.019995 1.146221
v 1.354552 0.017956 1.145042
v 1.353577 0.018498 1.147101
v 1.355928 0.018092 1.145683
v 1.354954 0.018633 1.147741
v 1.355978 0.018200 1.145676
v 1.355004 0.018741 1.147734
v 1.355987 0.018476 1.145601
v 1.355013 0.019017 1.147659
v 1.355966 0.018856 1.145480
v 1.354992 0.019397 1.147538
v 1.355927 0.019278 1.145339
v 1.354953 0.019819 1.147396
v 1.355882 0.019678 1.145200
v 1.354908 0.020219 1.147258
v 1.355842 0.019994 1.145089
v 1.354868 0.020535 1.147146
v 1.355820 0.020162 1.145030
v 1.354845 0.020703 1.147087
v 1.355811 0.020257 1.144997
v 1.354837 0.020799 1.147055
v 1.355804 0.020395 1.144954
v 1.354830 0.020936 1.147012
v 1.355799 0.020568 1.144902
v 1.354825 0.021109 1.146959
v 1.355795 0.020768 1.144841
v 1.354820 0.021309 1.146899
v 1.355792 0.020989 1.144776
v 1.354817 0.021530 1.146834
v 1.355789 0.021224 1.144706
v 1.354815 0.021765 1.146763
v 1.355787 0.021466 1.144635
v 1.354813 0.022007 1.146693
v 1.357461 0.022081 1.145284
v 1.356488 0.022621 1.147340
v 1.356907 0.020004 1.145612
v 1.355933 0.020545 1.147669
v 1.357189 0.018656 1.146143
v 1.356215 0.019196 1.148199
v 1.358135 0.017091 1.147063
v 1.357162 0.017630 1.149120
v 1.357546 0.015213 1.147317
v 1.356573 0.015753 1.149374
v 1.358181 0.014155 1.147937
v 1.357209 0.014695 1.149995
v 1.358741 0.015125 1.147933
v 1.357768 0.015663 1.149989
v 1.359679 0.013736 1.148799
v 1.358707 0.014274 1.150855
v 1.360055 0.013695 1.148997
v 1.359084 0.014233 1.151052
v 1.360243 0.013053 1.149276
v 1.359272 0.013591 1.151331
v 1.360236 0.012425 1.149455
v 1.359265 0.012963 1.151510
v 1.359964 0.012235 1.149375
v 1.358993 0.012773 1.151431
v 1.359609 0.012372 1.149160
v 1.358637 0.012910 1.151216
v 1.359531 0.011833 1.149277
v 1.358559 0.012372 1.151334
v 1.359077 0.011574 1.149128
v 1.358105 0.012113 1.151185
v 1.358845 0.009988 1.149473
v 1.357873 0.010527 1.151530
v 1.367744 0.016578 1.151930
v 1.368230 0.018235 1.151681
v 1.367394 0.018709 1.153497
v 1.366908 0.017053 1.153747
v 1.367700 0.018746 1.151276
v 1.366864 0.019221 1.153093
v 1.367458 0.019193 1.151028
v 1.366622 0.019668 1.152845
v 1.366979 0.019251 1.150780
v 1.366142 0.019726 1.152597
v 1.367060 0.020003 1.150599
v 1.366223 0.020479 1.152417
v 1.366529 0.020505 1.150196
v 1.365692 0.020981 1.152014
v 1.365981 0.021393 1.149672
v 1.365144 0.021869 1.151490
v 1.366145 0.021982 1.149580
v 1.365308 0.022458 1.151397
v 1.365665 0.022979 1.149056
v 1.364827 0.023456 1.150874
v 1.363500 0.024139 1.147671
v 1.362661 0.024617 1.149491
v 1.366330 0.025064 1.148769
v 1.365493 0.025540 1.150586
v 1.367847 0.022291 1.150311
v 1.367011 0.022766 1.152127
v 1.368507 0.022457 1.150581
v 1.367671 0.022931 1.152396
v 1.368379 0.024154 1.150024
v 1.367543 0.024629 1.151839
v 1.368579 0.025309 1.149783
v 1.367744 0.025783 1.151598
v 1.367492 0.025390 1.149235
v 1.366656 0.025865 1.151050
v 1.371434 0.026658 1.150766
v 1.370600 0.027130 1.152578
v 1.369580 0.025563 1.150192
v 1.368745 0.026037 1.152006
v 1.369202 0.023736 1.150543
v 1.368367 0.024210 1.152357
v 1.369882 0.021762 1.151449
v 1.369047 0.022235 1.153263
v 1.369477 0.019555 1.151898
v 1.368642 0.020029 1.153713
v 1.369993 0.019248 1.152237
v 1.369158 0.019721 1.154051
v 1.370150 0.019976 1.152100
v 1.369316 0.020449 1.153914
v 1.370868 0.019324 1.152638
v 1.370035 0.019796 1.154452
v 1.371192 0.019790 1.152658
v 1.370358 0.020263 1.154471
v 1.371528 0.019380 1.152940
v 1.370695 0.019853 1.154753
v 1.371193 0.018395 1.153066
v 1.370359 0.018868 1.154880
v 1.371256 0.018134 1.153172
v 1.370422 0.018607 1.154986
v 1.371039 0.017387 1.153286
v 1.370206 0.017859 1.155100
v 1.370503 0.017166 1.153092
v 1.369670 0.017639 1.154907
v 1.370229 0.017243 1.152936
v 1.369395 0.017717 1.154752
v 1.370039 0.016876 1.152952
v 1.369204 0.017349 1.154768
v 1.369697 0.016917 1.152775
v 1.368862 0.017391 1.154590
v 1.369063 0.016371 1.152628
v 1.368227 0.016845 1.154444
v 1.368930 0.016585 1.152500
v 1.368094 0.017060 1.154317
v 1.367950 0.016043 1.152186
v 1.367114 0.016517 1.154003
v 1.256380 -0.046775 1.116184
v 1.254023 -0.048155 1.115531
v 1.251230 -0.046302 1.121731
v 1.253587 -0.044923 1.122384
v 1.251507 -0.047960 1.114333
v 1.248713 -0.046107 1.120532
v 1.250048 -0.046669 1.113284
v 1.247255 -0.044816 1.119483
v 1.249332 -0.044549 1.112319
v 1.246538 -0.042695 1.118519
v 1.250527 -0.039798 1.111429
v 1.247733 -0.037945 1.117628
v 1.249731 -0.036622 1.110111
v 1.246937 -0.034769 1.116310
v 1.251357 -0.031911 1.109428
v 1.248564 -0.030059 1.115628
v 1.250155 -0.030832 1.108559
v 1.247362 -0.028979 1.114758
v 1.249615 -0.031634 1.108555
v 1.246822 -0.029781 1.114755
v 1.248089 -0.031258 1.107751
v 1.245296 -0.029405 1.113950
v 1.246244 -0.029412 1.106358
v 1.243450 -0.027558 1.112558
v 1.244318 -0.026058 1.104475
v 1.241524 -0.024204 1.110675
v 1.241189 -0.021481 1.101678
v 1.238394 -0.019626 1.107877
v 1.261521 -0.010651 1.107625
v 1.258731 -0.008805 1.113826
v 1.265463 -0.016952 1.111311
v 1.262674 -0.015108 1.117512
v 1.269169 -0.018315 1.113399
v 1.266381 -0.016472 1.119601
v 1.273418 -0.017459 1.115065
v 1.270633 -0.015619 1.121269
v 1.273565 -0.016756 1.114921
v 1.270780 -0.014917 1.121123
v 1.274768 -0.016486 1.115384
v 1.271983 -0.014647 1.121586
v 1.275394 -0.017100 1.115851
v 1.272610 -0.015261 1.122055
v 1.279151 -0.018032 1.117833
v 1.276368 -0.016196 1.124037
v 1.279464 -0.020101 1.118598
v 1.276680 -0.018265 1.124803
v 1.280026 -0.021418 1.119250
v 1.277243 -0.019583 1.125454
v 1.279735 -0.022560 1.119463
v 1.276952 -0.020724 1.125667
v 1.278181 -0.022907 1.118864
v 1.275397 -0.021070 1.125068
v 1.276674 -0.023029 1.118219
v 1.273888 -0.021191 1.124422
v 1.275380 -0.023607 1.117808
v 1.272595 -0.021768 1.124011
v 1.275430 -0.025658 1.118449
v 1.272645 -0.023819 1.124652
v 1.275441 -0.026558 1.122095
v 1.274940 -0.026227 1.123211
v 1.275540 -0.030462 1.123317
v 1.275039 -0.030131 1.124433
v 1.275043 -0.032286 1.123642
v 1.274542 -0.031955 1.124758
v 1.274200 -0.033912 1.123750
v 1.273699 -0.033581 1.124866
v 1.274984 -0.030535 1.123087
v 1.274482 -0.030204 1.124203
v 1.274361 -0.027846 1.121995
v 1.273860 -0.027516 1.123110
v 1.271591 -0.029501 1.121239
v 1.271089 -0.029169 1.122355
v 1.270735 -0.031869 1.121566
v 1.270234 -0.031537 1.122682
v 1.271375 -0.034333 1.122598
v 1.270874 -0.034001 1.123715
v 1.273591 -0.036016 1.124109
v 1.273090 -0.035685 1.125225
v 1.277759 -0.034706 1.125601
v 1.277258 -0.034376 1.126716
v 1.276947 -0.035738 1.125545
v 1.276446 -0.035407 1.126660
v 1.274087 -0.036727 1.124548
v 1.273586 -0.036396 1.125664
v 1.271827 -0.036152 1.123352
v 1.271325 -0.035821 1.124467
v 1.269975 -0.034355 1.121971
v 1.269474 -0.034024 1.123087
v 1.269646 -0.032151 1.121158
v 1.269144 -0.031820 1.122273
v 1.270887 -0.028590 1.120646
v 1.270386 -0.028259 1.121762
v 1.271979 -0.027949 1.117577
v 1.269192 -0.026107 1.123779
v 1.270672 -0.028335 1.117101
v 1.267884 -0.026492 1.123303
v 1.267924 -0.030154 1.116405
v 1.265135 -0.028309 1.122606
v 1.266560 -0.033793 1.116884
v 1.263771 -0.031947 1.123085
v 1.264926 -0.035377 1.116621
v 1.262136 -0.033531 1.122822
v 1.262406 -0.036958 1.115956
v 1.259616 -0.035110 1.122157
v 1.260890 -0.040743 1.116410
v 1.258099 -0.038894 1.122610
v 1.256018 -0.044188 1.115240
v 1.253226 -0.042337 1.121440
vn 0.9028 -0.0493 0.4272
vn 0.9033 -0.0495 0.4262
vn 0.9032 -0.0493 0.4263
vn 0.9028 -0.0492 0.4273
vn -0.4063 -0.9114 0.0648
vn -0.4061 -0.9115 0.0650
vn -0.4062 -0.9115 0.0646
vn -0.8432 -0.4727 -0.2561
vn -0.8432 -0.4726 -0.2562
vn -0.8432 -0.4727 -0.2562
vn -0.8432 -0.4727 -0.2560
vn -0.4781 -0.8780 0.0225
vn -0.4783 -0.8779 0.0227
vn -0.4783 -0.8779 0.0228
vn -0.9069 0.0206 -0.4208
vn -0.9071 0.0205 -0.4204
vn -0.9069 0.0207 -0.4209
vn -0.2267 -0.9606 0.1609
vn -0.2264 -0.9606 0.1611
vn -0.2265 -0.9606 0.1611
vn -0.2267 -0.9606 0.1608
vn -0.8424 0.2770 -0.4623
vn -0.8419 0.2775 -0.4628
vn -0.8420 0.2775 -0.4627
vn -0.8424 0.2769 -0.4622
vn -0.3992 -0.9142 0.0692
vn -0.3990 -0.9143 0.0695
vn -0.3991 -0.9143 0.0694
vn -0.3993 -0.9142 0.0692
vn -0.8593 0.2296 -0.4570
vn -0.8592 0.2295 -0.4572
vn -0.8591 0.2296 -0.4574
vn -0.8166 -0.5301 -0.2284
vn -0.8166 -0.5300 -0.2284
vn -0.8168 -0.5299 -0.2282
vn -0.2499 -0.9566 0.1496
vn -0.2496 -0.9567 0.1498
vn -0.2497 -0.9567 0.1498
vn -0.2502 -0.9566 0.1495
vn -0.7457 0.4705 -0.4717
vn -0.7471 0.4685 -0.4715
vn -0.7470 0.4686 -0.4716
vn -0.7457 0.4706 -0.4718
vn -0.4135 -0.9084 0.0614
vn -0.4134 -0.9085 0.0616
vn -0.4134 -0.9084 0.0615
vn -0.4136 -0.9084 0.0613
vn -0.8510 0.2525 -0.4605
vn -0.8511 0.2529 -0.4601
vn -0.8512 0.2525 -0.4602
vn -0.7157 -0.6846 -0.1384
vn -0.7153 -0.6849 -0.1389
vn -0.7152 -0.6850 -0.1390
vn 0.3510 -0.8486 0.3958
vn 0.3513 -0.8483 0.3961
vn 0.3512 -0.8484 0.3960
vn 0.3509 -0.8487 0.3957
vn -0.8900 -0.3268 -0.3180
vn -0.8898 -0.3269 -0.3184
vn -0.8900 -0.3266 -0.3181
vn -0.8902 -0.3266 -0.3176
vn -0.6418 0.6109 -0.4635
vn -0.6417 0.6108 -0.4638
vn -0.6420 0.6106 -0.4637
vn -0.7316 -0.6648 -0.1512
vn -0.7309 -0.6654 -0.1516
vn -0.7310 -0.6653 -0.1515
vn -0.7315 -0.6649 -0.1513
vn -0.8539 0.2435 -0.4599
vn -0.8543 0.2434 -0.4592
vn -0.8543 0.2434 -0.4593
vn -0.8540 0.2433 -0.4599
vn -0.2781 0.8855 -0.3722
vn -0.2782 0.8855 -0.3721
vn -0.2777 0.8856 -0.3724
vn -0.2773 0.8856 -0.3726
vn 0.7568 0.6303 0.1730
vn 0.3722 0.9243 -0.0844
vn 0.3719 0.9244 -0.0845
vn 0.3720 0.9244 -0.0844
vn -0.7940 -0.5719 -0.2061
vn -0.7943 -0.5717 -0.2058
vn -0.3110 0.8700 -0.3826
vn -0.3114 0.8699 -0.3825
vn -0.3112 0.8699 -0.3826
vn -0.3108 0.8701 -0.3826
vn 0.8136 0.5362 0.2249
vn 0.8136 0.5361 0.2248
vn 0.8133 0.5366 0.2252
vn 0.8133 0.5365 0.2252
vn 0.9130 0.1690 0.3713
vn 0.9130 0.1687 0.3715
vn 0.8349 -0.2967 0.4637
vn 0.8351 -0.2964 0.4634
vn 0.8350 -0.2969 0.4633
vn 0.7579 0.6289 0.1736
vn 0.7579 0.6288 0.1736
vn 0.7577 0.6290 0.1739
vn 0.2691 0.9530 -0.1388
vn 0.2690 0.9530 -0.1390
vn 0.2691 0.9530 -0.1390
vn 0.2690 0.9531 -0.1387
vn -0.8059 0.3632 -0.4676
vn -0.8055 0.3631 -0.4684
vn -0.8055 0.3631 -0.4683
vn 0.6104 0.7896 0.0622
vn 0.6104 0.7897 0.0623
vn 0.6104 0.7896 0.0623
vn 0.6105 0.7896 0.0622
vn 0.9093 -0.0037 0.4162
vn 0.9093 -0.0038 0.4162
vn 0.9093 -0.0036 0.4161
vn 0.3499 -0.8503 0.3932
vn 0.3508 -0.8498 0.3935
vn 0.3508 -0.8498 0.3934
vn 0.3498 -0.8503 0.3931
vn 0.8762 -0.1763 0.4486
vn 0.8763 -0.1762 0.4484
vn 0.8763 -0.1763 0.4484
vn 0.8762 -0.1766 0.4485
vn 0.3253 -0.8633 0.3857
vn 0.3258 -0.8631 0.3860
vn 0.3257 -0.8631 0.3860
vn 0.3252 -0.8634 0.3857
vn 0.8538 -0.2469 0.4583
vn 0.8541 -0.2467 0.4578
vn 0.8540 -0.2467 0.4580
vn -0.4028 -0.9128 0.0665
vn -0.4023 -0.9131 0.0667
vn -0.4027 -0.9129 0.0666
vn -0.4029 -0.9128 0.0665
vn 0.4142 -0.2597 -0.8723
vn 0.4140 -0.2595 -0.8725
vn 0.4143 -0.2597 -0.8723
vn 0.4140 -0.2597 -0.8725
vn 0.4139 -0.2598 -0.8724
vn 0.4142 -0.2595 -0.8724
vn 0.4153 -0.2593 -0.8720
vn 0.4145 -0.2595 -0.8723
vn 0.4144 -0.2596 -0.8723
vn 0.4132 -0.2602 -0.8727
vn 0.4131 -0.2598 -0.8728
vn 0.4136 -0.2598 -0.8726
vn 0.4135 -0.2599 -0.8726
vn 0.4135 -0.2600 -0.8726
vn 0.4136 -0.2597 -0.8726
vn 0.4141 -0.2598 -0.8724
vn 0.4140 -0.2598 -0.8724
vn 0.4139 -0.2599 -0.8724
vn 0.4140 -0.2600 -0.8724
vn 0.4148 -0.2594 -0.8722
vn 0.4141 -0.2599 -0.8723
vn 0.4127 -0.2603 -0.8729
vn 0.4130 -0.2600 -0.8728
vn 0.4133 -0.2599 -0.8727
vn 0.4139 -0.2596 -0.8725
vn 0.4141 -0.2597 -0.8724
vn 0.4136 -0.2601 -0.8725
vn 0.4138 -0.2599 -0.8725
vn 0.4138 -0.2601 -0.8724
vn 0.4139 -0.2600 -0.8724
vn 0.4140 -0.2600 -0.8723
vn 0.4133 -0.2598 -0.8728
vn 0.4132 -0.2598 -0.8728
vn 0.4128 -0.2602 -0.8729
vn 0.4121 -0.2594 -0.8734
vn -0.4130 0.2595 0.8730
vn -0.4111 0.2603 0.8736
vn -0.4131 0.2598 0.8728
vn -0.4135 0.2596 0.8727
vn -0.4120 0.2602 0.8732
vn -0.4133 0.2602 0.8726
vn -0.4134 0.2602 0.8726
vn -0.4130 0.2599 0.8728
vn -0.4123 0.2600 0.8732
vn -0.4141 0.2600 0.8723
vn -0.4124 0.2602 0.8731
vn -0.4132 0.2599 0.8728
vn -0.4133 0.2599 0.8727
vn -0.4136 0.2597 0.8726
vn -0.4131 0.2599 0.8728
vn -0.4136 0.2600 0.8726
vn -0.4128 0.2602 0.8728
vn -0.4128 0.2601 0.8729
vn -0.4129 0.2601 0.8728
vn -0.4130 0.2602 0.8728
vn -0.4143 0.2598 0.8723
vn -0.4141 0.2598 0.8724
vn -0.4133 0.2601 0.8727
vn -0.4147 0.2600 0.8720
vn -0.4135 0.2599 0.8726
vn -0.4135 0.2598 0.8727
vn -0.4133 0.2601 0.8726
vn -0.4132 0.2602 0.8727
vn -0.4130 0.2601 0.8728
vn -0.4128 0.2600 0.8729
vn -0.4134 0.2601 0.8726
vn -0.4135 0.2600 0.8726
vn -0.4124 0.2603 0.8730
vn -0.4134 0.2599 0.8727
vn -0.4139 0.2605 0.8723
vn 0.3105 -0.8732 0.3758
vn 0.3111 -0.8728 0.3761
vn 0.3110 -0.8728 0.3761
vn 0.3104 -0.8732 0.3757
vn 0.8632 -0.2241 0.4525
vn 0.8633 -0.2242 0.4521
vn 0.8632 -0.2241 0.4524
vn 0.1108 -0.9459 0.3050
vn 0.1113 -0.9457 0.3053
vn 0.1109 -0.9458 0.3052
vn 0.7102 0.6906 0.1371
vn 0.7102 0.6906 0.1365
vn 0.7103 0.6905 0.1365
vn 0.7101 0.6906 0.1371
vn 0.2963 -0.8798 0.3718
vn 0.2970 -0.8795 0.3719
vn 0.2969 -0.8795 0.3718
vn 0.2964 -0.8799 0.3714
vn 0.8794 -0.1691 0.4450
vn 0.8795 -0.1685 0.4451
vn 0.8795 -0.1687 0.4451
vn 0.8794 -0.1693 0.4450
vn -0.5471 -0.8367 -0.0231
vn -0.5470 -0.8368 -0.0228
vn -0.5471 -0.8367 -0.0229
vn -0.5472 -0.8367 -0.0227
vn 0.7715 -0.4321 0.4669
vn 0.7715 -0.4320 0.4670
vn 0.7717 -0.4317 0.4670
vn 0.7715 -0.4322 0.4669
vn -0.8215 -0.5205 -0.2329
vn -0.8218 -0.5202 -0.2326
vn -0.7072 -0.6942 -0.1340
vn -0.7074 -0.6941 -0.1338
vn -0.7073 -0.6941 -0.1340
vn -0.7069 -0.6944 -0.1341
vn -0.9145 -0.0543 -0.4010
vn -0.9144 -0.0552 -0.4011
vn -0.9144 -0.0549 -0.4011
vn -0.9145 -0.0540 -0.4011
vn -0.2614 -0.9551 0.1392
vn -0.2615 -0.9551 0.1395
vn -0.2612 -0.9552 0.1395
vn -0.2611 -0.9553 0.1389
vn -0.8866 0.1405 -0.4407
vn -0.8863 0.1399 -0.4415
vn -0.8863 0.1400 -0.4414
vn -0.8866 0.1404 -0.4406
vn -0.6150 -0.7856 -0.0673
vn -0.6147 -0.7859 -0.0669
vn -0.6148 -0.7858 -0.0673
vn -0.6151 -0.7856 -0.0674
vn -0.3557 -0.9303 0.0899
vn -0.3556 -0.9303 0.0901
vn -0.3556 -0.9303 0.0900
vn -0.3558 -0.9302 0.0899
vn -0.7987 0.3802 -0.4664
vn -0.7988 0.3801 -0.4662
vn -0.7989 0.3801 -0.4662
vn -0.8621 -0.4242 -0.2771
vn -0.8623 -0.4235 -0.2776
vn -0.8622 -0.4238 -0.2774
vn -0.0459 -0.9693 0.2416
vn -0.0455 -0.9692 0.2419
vn -0.0456 -0.9692 0.2418
vn -0.0460 -0.9693 0.2415
vn -0.9155 -0.0875 -0.3927
vn -0.9153 -0.0869 -0.3934
vn -0.9153 -0.0869 -0.3933
vn -0.9155 -0.0875 -0.3926
vn -0.3479 -0.9328 0.0944
vn -0.3479 -0.9327 0.0950
vn -0.3479 -0.9328 0.0945
vn -0.3480 -0.9327 0.0943
vn -0.7159 -0.6839 -0.1409
vn -0.7163 -0.6835 -0.1404
vn -0.7160 -0.6838 -0.1405
vn -0.7158 -0.6839 -0.1410
vn 0.0388 0.9687 -0.2454
vn 0.0382 0.9687 -0.2454
vn 0.0383 0.9687 -0.2454
vn 0.0389 0.9687 -0.2453
vn -0.6453 -0.7588 -0.0880
vn -0.6455 -0.7587 -0.0877
vn -0.6452 -0.7589 -0.0878
vn -0.6454 -0.7588 -0.0881
vn -0.5352 0.7210 -0.4401
vn -0.5357 0.7211 -0.4393
vn -0.5358 0.7211 -0.4393
vn -0.5352 0.7211 -0.4401
vn -0.7459 -0.6454 -0.1645
vn -0.7460 -0.6453 -0.1645
vn -0.7459 -0.6454 -0.1644
vn -0.1959 0.9200 -0.3393
vn -0.1965 0.9199 -0.3394
vn -0.1964 0.9199 -0.3394
vn -0.1959 0.9201 -0.3393
vn -0.8719 -0.3947 -0.2900
vn -0.8719 -0.3949 -0.2896
vn -0.8719 -0.3948 -0.2898
vn -0.8719 -0.3946 -0.2901
vn -0.0841 -0.9706 0.2254
vn -0.0837 -0.9706 0.2258
vn -0.0838 -0.9706 0.2257
vn -0.0842 -0.9706 0.2253
vn -0.2343 0.9059 -0.3528
vn -0.2347 0.9059 -0.3526
vn -0.2338 0.9059 -0.3530
vn 0.8357 0.4900 0.2480
vn 0.8364 0.4888 0.2481
vn 0.8363 0.4889 0.2480
vn 0.8357 0.4900 0.2481
vn 0.6430 0.7610 0.0864
vn 0.6428 0.7611 0.0865
vn 0.6428 0.7611 0.0867
vn -0.8463 0.2713 -0.4584
vn -0.8466 0.2708 -0.4581
vn -0.8464 0.2711 -0.4583
vn -0.8460 0.2716 -0.4587
vn -0.8328 -0.4968 -0.2440
vn -0.8326 -0.4971 -0.2443
vn -0.8326 -0.4972 -0.2442
vn -0.8328 -0.4970 -0.2440
vn -0.2619 0.8949 -0.3614
vn -0.2624 0.8948 -0.3614
vn -0.2621 0.8948 -0.3614
vn -0.2617 0.8949 -0.3615
vn 0.8245 0.5143 0.2359
vn 0.8244 0.5145 0.2360
vn 0.8247 0.5142 0.2356
vn 0.9091 -0.0107 0.4164
vn 0.9091 -0.0108 0.4163
vn 0.9091 -0.0108 0.4164
vn 0.9092 -0.0105 0.4163
vn 0.6744 0.7302 0.1094
vn 0.6742 0.7304 0.1094
vn 0.6745 0.7302 0.1089
vn 0.6746 0.7301 0.1093
vn -0.9013 0.0678 -0.4280
vn -0.9015 0.0680 -0.4273
vn -0.9014 0.0680 -0.4277
vn -0.9012 0.0675 -0.4282
vn 0.6214 0.7801 0.0724
vn 0.6222 0.7795 0.0719
vn 0.6220 0.7797 0.0720
vn 0.6214 0.7802 0.0724
vn 0.8533 0.4482 0.2664
vn 0.8532 0.4485 0.2664
vn 0.8533 0.4482 0.2665
vn -0.0060 0.9649 -0.2625
vn -0.0066 0.9649 -0.2627
vn -0.0065 0.9649 -0.2626
vn -0.0059 0.9649 -0.2625
vn 0.9032 0.2627 0.3396
vn 0.9034 0.2628 0.3388
vn 0.9034 0.2626 0.3390
vn 0.9030 0.2626 0.3399
vn 0.4136 -0.2569 -0.8735
vn 0.4140 -0.2577 -0.8730
vn 0.4139 -0.2572 -0.8732
vn 0.4140 -0.2582 -0.8729
vn 0.4138 -0.2580 -0.8731
vn 0.4134 -0.2581 -0.8732
vn 0.4153 -0.2575 -0.8725
vn 0.4143 -0.2582 -0.8728
vn 0.4139 -0.2577 -0.8731
vn 0.4152 -0.2577 -0.8725
vn 0.4152 -0.2576 -0.8725
vn 0.4146 -0.2578 -0.8727
vn 0.4120 -0.2582 -0.8738
vn 0.4138 -0.2578 -0.8731
vn 0.4148 -0.2577 -0.8727
vn 0.4158 -0.2576 -0.8722
vn 0.4145 -0.2576 -0.8728
vn 0.4158 -0.2584 -0.8720
vn 0.4148 -0.2579 -0.8726
vn 0.4142 -0.2579 -0.8729
vn 0.4165 -0.2575 -0.8719
vn 0.4130 -0.2573 -0.8736
vn 0.4141 -0.2576 -0.8730
vn 0.4135 -0.2579 -0.8732
vn 0.4145 -0.2578 -0.8728
vn 0.4137 -0.2579 -0.8731
vn 0.4139 -0.2580 -0.8730
vn 0.4142 -0.2578 -0.8729
vn 0.4136 -0.2579 -0.8732
vn 0.4143 -0.2580 -0.8728
vn 0.4154 -0.2575 -0.8724
vn 0.4143 -0.2579 -0.8728
vn 0.4166 -0.2569 -0.8720
vn 0.4146 -0.2576 -0.8728
vn 0.4141 -0.2577 -0.8730
vn 0.4148 -0.2578 -0.8726
vn 0.4138 -0.2579 -0.8731
vn 0.4140 -0.2579 -0.8730
vn 0.4151 -0.2580 -0.8724
vn 0.4151 -0.2573 -0.8726
vn -0.4140 0.2581 0.8729
vn -0.4127 0.2571 0.8738
vn -0.4123 0.2579 0.8738
vn -0.4129 0.2581 0.8734
vn -0.4127 0.2584 0.8734
vn -0.4124 0.2583 0.8736
vn -0.4133 0.2580 0.8733
vn -0.4129 0.2583 0.8734
vn -0.4135 0.2579 0.8732
vn -0.4142 0.2579 0.8729
vn -0.4141 0.2578 0.8730
vn -0.4135 0.2580 0.8732
vn -0.4131 0.2583 0.8733
vn -0.4150 0.2576 0.8726
vn -0.4129 0.2580 0.8735
vn -0.4153 0.2577 0.8724
vn -0.4133 0.2582 0.8732
vn -0.4124 0.2591 0.8734
vn -0.4132 0.2580 0.8733
vn -0.4131 0.2584 0.8732
vn -0.4116 0.2585 0.8739
vn -0.4132 0.2579 0.8734
vn -0.4135 0.2578 0.8732
vn -0.4128 0.2582 0.8735
vn -0.4135 0.2581 0.8732
vn -0.4131 0.2582 0.8733
vn -0.4132 0.2582 0.8733
vn -0.4130 0.2584 0.8733
vn -0.4133 0.2588 0.8731
vn -0.4131 0.2586 0.8732
vn -0.4131 0.2576 0.8735
vn -0.4136 0.2581 0.8731
vn -0.4107 0.2587 0.8743
vn -0.4123 0.2582 0.8737
vn -0.4126 0.2583 0.8735
vn -0.4131 0.2581 0.8733
vn -0.4150 0.2580 0.8725
vn -0.4149 0.2580 0.8725
vn -0.7240 -0.6736 -0.1488
vn -0.7241 -0.6737 -0.1473
vn -0.7241 -0.6737 -0.1477
vn -0.7239 -0.6736 -0.1490
vn -0.9107 -0.2185 -0.3507
vn -0.9106 -0.2180 -0.3511
vn -0.9106 -0.2183 -0.3509
vn -0.9107 -0.2181 -0.3507
vn -0.7513 -0.6375 -0.1710
vn -0.7520 -0.6369 -0.1700
vn -0.7518 -0.6370 -0.1704
vn -0.8958 -0.3067 -0.3218
vn -0.8961 -0.3065 -0.3211
vn -0.8958 -0.3067 -0.3217
vn -0.8955 -0.3070 -0.3223
vn 0.2859 -0.8880 0.3601
vn 0.2871 -0.8877 0.3600
vn 0.2870 -0.8877 0.3600
vn 0.2856 -0.8881 0.3601
vn 0.8716 -0.2080 0.4440
vn 0.8714 -0.2078 0.4444
vn 0.8715 -0.2080 0.4441
vn 0.8717 -0.2080 0.4437
vn 0.8444 -0.2865 0.4527
vn 0.8445 -0.2858 0.4528
vn 0.8444 -0.2861 0.4529
vn 0.8444 -0.2866 0.4527
vn -0.2053 -0.9655 0.1601
vn -0.2050 -0.9656 0.1601
vn -0.2054 -0.9655 0.1600
vn -0.8854 -0.3517 -0.3040
vn -0.8854 -0.3517 -0.3041
vn -0.8854 -0.3517 -0.3039
vn -0.7996 0.3871 -0.4591
vn -0.7999 0.3864 -0.4591
vn -0.7999 0.3866 -0.4590
vn -0.7995 0.3872 -0.4593
vn -0.8671 -0.4118 -0.2803
vn -0.8671 -0.4118 -0.2802
vn -0.8670 -0.4119 -0.2804
vn -0.7975 0.3902 -0.4601
vn -0.7980 0.3894 -0.4599
vn -0.7980 0.3895 -0.4600
vn -0.7975 0.3903 -0.4601
vn -0.1473 0.9391 -0.3104
vn -0.1475 0.9392 -0.3102
vn -0.1466 0.9389 -0.3113
vn -0.1465 0.9389 -0.3115
vn 0.8166 0.5303 0.2279
vn 0.8172 0.5298 0.2270
vn 0.8167 0.5303 0.2274
vn 0.8163 0.5306 0.2283
vn 0.9178 0.1036 0.3832
vn 0.9178 0.1034 0.3832
vn 0.9177 0.1039 0.3834
vn 0.9179 0.1036 0.3831
vn -0.5099 0.7493 -0.4226
vn -0.5098 0.7495 -0.4224
vn -0.5098 0.7493 -0.4226
vn 0.8597 0.4314 0.2734
vn 0.8604 0.4305 0.2726
vn 0.8603 0.4308 0.2726
vn 0.8595 0.4316 0.2739
vn -0.0813 0.9553 -0.2842
vn -0.0815 0.9553 -0.2842
vn -0.0814 0.9553 -0.2842
vn -0.0812 0.9553 -0.2842
vn 0.9171 0.1001 0.3858
vn 0.9176 0.0995 0.3849
vn 0.9175 0.0996 0.3851
vn 0.9170 0.1001 0.3861
vn 0.6086 -0.6581 0.4433
vn 0.6080 -0.6582 0.4440
vn 0.6083 -0.6582 0.4437
vn 0.6088 -0.6581 0.4430
vn 0.7242 0.6734 0.1485
vn 0.7238 0.6738 0.1483
vn 0.7239 0.6737 0.1487
vn 0.7243 0.6733 0.1485
vn 0.8908 -0.1376 0.4330
vn 0.8905 -0.1373 0.4338
vn 0.8905 -0.1374 0.4337
vn 0.8908 -0.1377 0.4329
vn 0.3841 -0.8374 0.3889
vn 0.3843 -0.8372 0.3890
vn 0.3843 -0.8373 0.3889
vn 0.8512 -0.2685 0.4510
vn 0.8520 -0.2680 0.4497
vn 0.8519 -0.2681 0.4499
vn 0.8510 -0.2688 0.4511
vn -0.5248 -0.8511 -0.0140
vn -0.5250 -0.8510 -0.0140
vn -0.5251 -0.8509 -0.0140
vn -0.5248 -0.8511 -0.0142
vn -0.2861 -0.9508 0.1189
vn -0.2868 -0.9505 0.1194
vn -0.2867 -0.9506 0.1193
vn -0.2862 -0.9508 0.1188
vn -0.7723 -0.6072 -0.1868
vn -0.7714 -0.6080 -0.1879
vn -0.7716 -0.6078 -0.1877
vn -0.7726 -0.6069 -0.1864
vn 0.0909 -0.9532 0.2884
vn 0.0910 -0.9532 0.2885
vn 0.8690 -0.2153 0.4456
vn 0.8696 -0.2148 0.4446
vn 0.8693 -0.2152 0.4450
vn 0.8686 -0.2155 0.4461
vn 0.8550 0.4443 0.2674
vn 0.8552 0.4441 0.2671
vn 0.8551 0.4443 0.2671
vn 0.8550 0.4444 0.2674
vn 0.8964 -0.1080 0.4300
vn 0.8962 -0.1083 0.4302
vn 0.8963 -0.1082 0.4301
vn 0.8963 -0.1080 0.4301
vn 0.2490 0.9586 -0.1380
vn 0.2481 0.9588 -0.1385
vn 0.2482 0.9588 -0.1384
vn 0.2492 0.9586 -0.1380
vn 0.8875 0.3421 0.3088
vn 0.8879 0.3430 0.3066
vn 0.8879 0.3428 0.3068
vn 0.8874 0.3420 0.3092
vn 0.6784 0.7257 0.1142
vn 0.6762 0.7276 0.1155
vn 0.6766 0.7272 0.1153
vn 0.6788 0.7255 0.1140
vn 0.9176 0.1037 0.3837
vn 0.9184 0.1029 0.3821
vn 0.9182 0.1032 0.3824
vn 0.9174 0.1038 0.3841
vn 0.8254 -0.3325 0.4562
vn 0.8263 -0.3324 0.4548
vn 0.8259 -0.3325 0.4553
vn 0.8251 -0.3325 0.4567
vn 0.7147 0.6853 0.1399
vn 0.7130 0.6866 0.1420
vn 0.7132 0.6865 0.1417
vn 0.7149 0.6851 0.1397
vn 0.7020 -0.5469 0.4562
vn 0.7017 -0.5474 0.4560
vn 0.7018 -0.5472 0.4560
vn 0.7023 -0.5464 0.4563
vn 0.0703 -0.9574 0.2802
vn 0.0706 -0.9573 0.2805
vn 0.0705 -0.9573 0.2804
vn 0.0702 -0.9574 0.2802
vn -0.3100 -0.9447 0.1069
vn -0.3097 -0.9448 0.1073
vn -0.3098 -0.9447 0.1072
vn -0.3101 -0.9447 0.1069
vn -0.8536 0.2613 -0.4506
vn -0.8540 0.2613 -0.4500
vn -0.8539 0.2613 -0.4500
vn -0.8535 0.2613 -0.4508
vn 0.4124 -0.2585 -0.8735
vn 0.4129 -0.2585 -0.8733
vn 0.4124 -0.2584 -0.8736
vn 0.4125 -0.2579 -0.8737
vn 0.4124 -0.2582 -0.8736
vn 0.4105 -0.2590 -0.8743
vn 0.4141 -0.2581 -0.8729
vn 0.4128 -0.2585 -0.8734
vn 0.4125 -0.2585 -0.8735
vn 0.4116 -0.2584 -0.8740
vn 0.4126 -0.2581 -0.8736
vn 0.4124 -0.2582 -0.8737
vn 0.4125 -0.2583 -0.8736
vn 0.4123 -0.2584 -0.8737
vn 0.4126 -0.2582 -0.8735
vn 0.4134 -0.2579 -0.8733
vn 0.4131 -0.2579 -0.8734
vn 0.4127 -0.2579 -0.8736
vn 0.4130 -0.2582 -0.8733
vn 0.4127 -0.2581 -0.8736
vn 0.4176 -0.2564 -0.8717
vn 0.4137 -0.2570 -0.8734
vn 0.4133 -0.2577 -0.8734
vn 0.4129 -0.2578 -0.8735
vn 0.4211 -0.2559 -0.8702
vn 0.4122 -0.2601 -0.8732
vn 0.4142 -0.2583 -0.8728
vn 0.4127 -0.2582 -0.8735
vn 0.4122 -0.2585 -0.8737
vn 0.4130 -0.2580 -0.8734
vn 0.4125 -0.2582 -0.8736
vn 0.4127 -0.2584 -0.8734
vn 0.4129 -0.2583 -0.8734
vn 0.4128 -0.2584 -0.8734
vn 0.4128 -0.2582 -0.8735
vn 0.4130 -0.2612 -0.8725
vn 0.4097 -0.2576 -0.8751
vn 0.4122 -0.2583 -0.8737
vn 0.4099 -0.2596 -0.8744
vn -0.4097 0.2592 0.8746
vn -0.4100 0.2589 0.8746
vn -0.4113 0.2588 0.8740
vn -0.4112 0.2590 0.8740
vn -0.4115 0.2588 0.8739
vn -0.4096 0.2593 0.8746
vn -0.4074 0.2603 0.8754
vn -0.4119 0.2588 0.8737
vn -0.4122 0.2585 0.8737
vn -0.4139 0.2584 0.8729
vn -0.4116 0.2587 0.8739
vn -0.4114 0.2589 0.8739
vn -0.4111 0.2587 0.8741
vn -0.4115 0.2586 0.8740
vn -0.4115 0.2584 0.8740
vn -0.4119 0.2586 0.8738
vn -0.4119 0.2583 0.8738
vn -0.4118 0.2586 0.8738
vn -0.4116 0.2586 0.8739
vn -0.4117 0.2583 0.8739
vn -0.4119 0.2585 0.8738
vn -0.4115 0.2586 0.8739
vn -0.4115 0.2585 0.8740
vn -0.4190 0.2582 0.8705
vn -0.4045 0.2585 0.8772
vn -0.4111 0.2583 0.8742
vn -0.4110 0.2587 0.8742
vn -0.4122 0.2583 0.8737
vn -0.4108 0.2591 0.8741
vn -0.4108 0.2586 0.8743
vn -0.4109 0.2587 0.8742
vn -0.4121 0.2613 0.8729
vn -0.4092 0.2633 0.8736
vn -0.4172 0.2579 0.8715
vn -0.4156 0.2579 0.8722
vn 0.3372 -0.8549 0.3943
vn 0.3376 -0.8546 0.3945
vn 0.3375 -0.8547 0.3945
vn 0.3371 -0.8549 0.3943
vn 0.7743 -0.4191 0.4741
vn 0.7745 -0.4192 0.4738
vn 0.7744 -0.4194 0.4737
vn 0.7743 -0.4190 0.4741
vn 0.1769 -0.9236 0.3401
vn 0.1772 -0.9234 0.3405
vn 0.1771 -0.9235 0.3403
vn 0.1771 -0.9237 0.3398
vn 0.4278 -0.7997 0.4212
vn 0.4282 -0.7995 0.4213
vn 0.4281 -0.7995 0.4213
vn 0.4278 -0.7998 0.4211
vn -0.4893 -0.8719 0.0198
vn -0.4891 -0.8720 0.0200
vn -0.4892 -0.8719 0.0198
vn -0.4895 -0.8718 0.0196
vn -0.7890 -0.5809 -0.2001
vn -0.7890 -0.5810 -0.2000
vn -0.5495 -0.8353 -0.0181
vn -0.5489 -0.8357 -0.0181
vn -0.5495 -0.8353 -0.0182
vn 0.4945 -0.7498 0.4397
vn 0.4949 -0.7494 0.4398
vn 0.4949 -0.7495 0.4398
vn 0.4947 -0.7497 0.4396
vn -0.7823 -0.5921 -0.1937
vn -0.7820 -0.5925 -0.1933
vn -0.7821 -0.5924 -0.1935
vn -0.7824 -0.5917 -0.1941
vn -0.9087 -0.0053 -0.4175
vn -0.9088 -0.0052 -0.4173
vn -0.9086 -0.0053 -0.4175
vn -0.9084 -0.0054 -0.4181
vn -0.8412 -0.4775 -0.2537
vn -0.8416 -0.4771 -0.2533
vn -0.8415 -0.4771 -0.2533
vn -0.8412 -0.4775 -0.2538
vn -0.8697 0.1908 -0.4552
vn -0.8700 0.1906 -0.4547
vn -0.8699 0.1907 -0.4548
vn -0.8697 0.1910 -0.4552
vn -0.2918 0.8770 -0.3817
vn -0.2921 0.8770 -0.3816
vn -0.2913 0.8770 -0.3821
vn 0.6088 0.7912 0.0580
vn 0.6085 0.7914 0.0579
vn 0.6086 0.7914 0.0580
vn 0.6087 0.7913 0.0579
vn 0.8932 0.3110 0.3248
vn 0.8934 0.3109 0.3244
vn 0.8934 0.3108 0.3244
vn 0.8930 0.3112 0.3250
vn 0.4320 0.9003 -0.0540
vn 0.4309 0.9008 -0.0540
vn 0.4313 0.9006 -0.0540
vn 0.4321 0.9002 -0.0540
vn -0.8458 -0.4665 -0.2588
vn -0.7071 -0.6948 -0.1310
vn -0.7078 -0.6944 -0.1297
vn -0.7075 -0.6946 -0.1304
vn -0.7069 -0.6951 -0.1313
vn -0.2615 0.8910 -0.3711
vn -0.2620 0.8909 -0.3711
vn -0.2617 0.8909 -0.3711
vn -0.2612 0.8911 -0.3712
vn 0.8409 0.4783 0.2531
vn 0.8410 0.4782 0.2529
vn 0.8410 0.4783 0.2529
vn 0.8408 0.4785 0.2531
vn 0.7923 0.5752 0.2037
vn 0.7922 0.5752 0.2038
vn 0.7923 0.5751 0.2037
vn 0.8798 -0.1557 0.4490
vn 0.8798 -0.1560 0.4490
vn 0.8798 -0.1559 0.4490
vn 0.8796 -0.1557 0.4495
vn 0.9136 0.1431 0.3806
vn 0.9137 0.1428 0.3805
vn 0.9136 0.1431 0.3805
vn 0.9136 0.1430 0.3806
vn 0.5638 0.8254 0.0286
vn 0.5637 0.8255 0.0284
vn 0.5639 0.8253 0.0283
vn -0.6141 0.6398 -0.4621
vn -0.6147 0.6395 -0.4618
vn -0.6144 0.6396 -0.4621
vn -0.6143 0.6400 -0.4617
vn 0.6489 0.7559 0.0866
vn 0.6485 0.7562 0.0868
vn 0.6490 0.7558 0.0866
vn 0.4850 0.8742 -0.0215
vn 0.4847 0.8744 -0.0216
vn 0.4847 0.8744 -0.0219
vn 0.4853 0.8741 -0.0216
vn 0.8559 0.4405 0.2710
vn 0.8564 0.4398 0.2706
vn 0.8563 0.4399 0.2706
vn 0.8558 0.4407 0.2711
vn 0.4109 -0.2603 -0.8737
vn 0.4113 -0.2607 -0.8734
vn 0.4110 -0.2606 -0.8736
vn 0.4111 -0.2607 -0.8735
vn 0.4114 -0.2605 -0.8735
vn 0.4112 -0.2605 -0.8736
vn 0.4107 -0.2611 -0.8736
vn 0.4107 -0.2609 -0.8736
vn 0.4108 -0.2608 -0.8737
vn 0.4108 -0.2606 -0.8737
vn 0.4116 -0.2603 -0.8734
vn 0.4116 -0.2605 -0.8734
vn 0.4121 -0.2604 -0.8731
vn 0.4121 -0.2601 -0.8732
vn 0.4119 -0.2604 -0.8733
vn 0.4114 -0.2606 -0.8734
vn 0.4108 -0.2607 -0.8737
vn 0.4105 -0.2607 -0.8738
vn 0.4108 -0.2610 -0.8736
vn 0.4109 -0.2607 -0.8736
vn 0.4112 -0.2607 -0.8735
vn 0.4112 -0.2606 -0.8735
vn 0.4113 -0.2606 -0.8734
vn 0.4111 -0.2605 -0.8736
vn 0.4118 -0.2604 -0.8733
vn 0.4122 -0.2602 -0.8732
vn 0.4105 -0.2604 -0.8739
vn -0.4113 0.2602 0.8736
vn -0.4113 0.2603 0.8735
vn -0.4114 0.2603 0.8735
vn -0.4113 0.2606 0.8735
vn -0.4110 0.2605 0.8736
vn -0.4105 0.2606 0.8738
vn -0.4105 0.2605 0.8739
vn -0.4108 0.2606 0.8737
vn -0.4108 0.2608 0.8736
vn -0.4122 0.2602 0.8731
vn -0.4116 0.2603 0.8734
vn -0.4116 0.2604 0.8734
vn -0.4117 0.2603 0.8734
vn -0.4118 0.2602 0.8733
vn -0.4120 0.2600 0.8733
vn -0.4113 0.2605 0.8735
vn -0.4107 0.2608 0.8737
vn -0.4111 0.2608 0.8735
vn -0.4112 0.2608 0.8734
vn -0.4112 0.2605 0.8735
vn -0.4112 0.2606 0.8735
vn -0.4113 0.2604 0.8735
vn -0.4109 0.2606 0.8737
vn 0.0208 -0.9617 0.2735
vn 0.0211 -0.9616 0.2738
vn 0.0210 -0.9616 0.2737
vn 0.0207 -0.9617 0.2734
vn 0.8221 -0.3168 0.4731
vn 0.8224 -0.3163 0.4729
vn 0.8225 -0.3165 0.4726
vn 0.8220 -0.3169 0.4731
vn -0.6072 -0.7916 -0.0675
vn -0.6075 -0.7915 -0.0673
vn -0.6071 -0.7918 -0.0673
vn -0.6073 -0.7916 -0.0675
vn 0.2701 -0.8885 0.3709
vn 0.2705 -0.8884 0.3709
vn 0.2704 -0.8884 0.3709
vn 0.2699 -0.8887 0.3706
vn -0.8257 -0.5065 -0.2482
vn -0.8259 -0.5062 -0.2484
vn -0.8261 -0.5058 -0.2484
vn -0.8256 -0.5067 -0.2482
vn -0.4386 0.7926 -0.4235
vn -0.4388 0.7924 -0.4236
vn -0.4387 0.7924 -0.4239
vn -0.4384 0.7928 -0.4233
vn -0.6062 -0.7925 -0.0662
vn -0.6058 -0.7929 -0.0662
vn -0.6059 -0.7928 -0.0664
vn -0.6064 -0.7924 -0.0660
vn -0.7343 -0.6589 -0.1635
vn -0.7343 -0.6588 -0.1636
vn -0.7343 -0.6589 -0.1634
vn -0.4062 -0.9118 0.0603
vn -0.4059 -0.9119 0.0610
vn -0.4061 -0.9118 0.0605
vn -0.4062 -0.9118 0.0602
vn -0.6200 -0.7809 -0.0759
vn -0.6200 -0.7810 -0.0758
vn -0.6200 -0.7809 -0.0761
vn 0.8264 -0.3056 0.4730
vn 0.8261 -0.3059 0.4733
vn 0.8265 -0.3059 0.4725
vn -0.5942 -0.8023 -0.0577
vn -0.5940 -0.8024 -0.0575
vn -0.5941 -0.8024 -0.0575
vn -0.5942 -0.8022 -0.0577
vn -0.8253 -0.5069 -0.2488
vn -0.8260 -0.5063 -0.2477
vn -0.2794 0.8838 -0.3752
vn -0.2798 0.8838 -0.3749
vn -0.2791 0.8838 -0.3754
vn -0.2788 0.8838 -0.3757
vn 0.9106 0.0883 0.4038
vn 0.9108 0.0885 0.4033
vn 0.9107 0.0884 0.4035
vn 0.9104 0.0880 0.4042
vn 0.6337 0.7687 0.0862
vn 0.6341 0.7685 0.0860
vn 0.6341 0.7685 0.0861
vn 0.6337 0.7688 0.0862
vn -0.8443 -0.4638 -0.2686
vn -0.8439 -0.4642 -0.2691
vn -0.8441 -0.4640 -0.2688
vn -0.8445 -0.4635 -0.2682
vn -0.2544 0.8952 -0.3660
vn -0.2550 0.8950 -0.3660
vn -0.2549 0.8950 -0.3660
vn -0.2543 0.8952 -0.3660
vn 0.7862 0.5815 0.2092
vn 0.7858 0.5819 0.2096
vn 0.7859 0.5818 0.2095
vn 0.7132 0.6855 0.1464
vn 0.7130 0.6857 0.1466
vn 0.7134 0.6853 0.1462
vn 0.8935 0.2953 0.3382
vn 0.8940 0.2951 0.3373
vn 0.8937 0.2952 0.3377
vn 0.8933 0.2955 0.3387
vn 0.8906 -0.0949 0.4447
vn 0.8909 -0.0947 0.4441
vn 0.8905 -0.0949 0.4450
vn 0.8067 0.5449 0.2290
vn 0.8066 0.5447 0.2294
vn 0.4188 0.9066 -0.0522
vn 0.4186 0.9067 -0.0523
vn 0.4187 0.9066 -0.0523
vn 0.4189 0.9065 -0.0522
vn 0.2252 0.9614 -0.1580
vn 0.2247 0.9615 -0.1580
vn 0.2248 0.9615 -0.1580
vn 0.2255 0.9613 -0.1581
vn 0.6434 0.7598 0.0935
vn 0.6435 0.7597 0.0931
vn 0.6434 0.7598 0.0932
vn 0.9072 0.1985 0.3709
vn 0.9074 0.1984 0.3705
vn 0.3071 -0.8714 0.3825
vn 0.3078 -0.8711 0.3828
vn 0.3074 -0.8712 0.3827
vn 0.8007 -0.3648 0.4752
vn 0.8008 -0.3645 0.4753
vn 0.8008 -0.3646 0.4752
vn 0.8005 -0.3650 0.4754
vn 0.4200 -0.2567 -0.8705
vn 0.4198 -0.2566 -0.8706
vn 0.4199 -0.2563 -0.8706
vn 0.4223 -0.2556 -0.8697
vn 0.4211 -0.2560 -0.8701
vn 0.4222 -0.2556 -0.8697
vn 0.4194 -0.2561 -0.8709
vn 0.4197 -0.2563 -0.8707
vn 0.4196 -0.2559 -0.8709
vn 0.4200 -0.2562 -0.8706
vn 0.4202 -0.2562 -0.8705
vn 0.4199 -0.2564 -0.8706
vn 0.4203 -0.2562 -0.8704
vn 0.4203 -0.2562 -0.8705
vn 0.4209 -0.2565 -0.8701
vn 0.4202 -0.2564 -0.8704
vn 0.4198 -0.2563 -0.8707
vn 0.4204 -0.2562 -0.8704
vn 0.4205 -0.2561 -0.8704
vn 0.4206 -0.2561 -0.8703
vn 0.4206 -0.2560 -0.8704
vn 0.4199 -0.2562 -0.8706
vn 0.4207 -0.2560 -0.8704
vn 0.4212 -0.2558 -0.8701
vn 0.4197 -0.2562 -0.8708
vn 0.4214 -0.2562 -0.8699
vn -0.4198 0.2563 0.8707
vn -0.4196 0.2563 0.8708
vn -0.4198 0.2560 0.8708
vn -0.4192 0.2558 0.8711
vn -0.4208 0.2558 0.8703
vn -0.4195 0.2565 0.8708
vn -0.4199 0.2559 0.8707
vn -0.4201 0.2563 0.8705
vn -0.4200 0.2562 0.8706
vn -0.4201 0.2563 0.8706
vn -0.4205 0.2562 0.8704
vn -0.4196 0.2561 0.8708
vn -0.4184 0.2568 0.8712
vn -0.4198 0.2561 0.8707
vn -0.4205 0.2563 0.8704
vn -0.4202 0.2562 0.8705
vn -0.4208 0.2561 0.8703
vn -0.4204 0.2561 0.8704
vn -0.4215 0.2558 0.8700
vn -0.4206 0.2559 0.8704
vn -0.4201 0.2561 0.8706
vn -0.5807 -0.8118 -0.0617
vn -0.5806 -0.8119 -0.0615
vn -0.5806 -0.8118 -0.0616
vn -0.5808 -0.8117 -0.0614
vn -0.3534 -0.9323 0.0775
vn -0.3535 -0.9322 0.0779
vn -0.3533 -0.9323 0.0776
vn -0.8341 -0.4819 -0.2684
vn -0.8338 -0.4822 -0.2690
vn -0.8340 -0.4821 -0.2685
vn -0.8343 -0.4818 -0.2679
vn -0.7923 -0.5669 -0.2256
vn -0.7919 -0.5672 -0.2262
vn -0.7927 -0.5665 -0.2251
vn -0.4353 -0.8997 0.0306
vn -0.4349 -0.9000 0.0305
vn -0.4358 -0.8995 0.0307
vn -0.4361 -0.8994 0.0308
vn 0.7369 -0.4800 0.4760
vn 0.7364 -0.4801 0.4768
vn 0.7369 -0.4799 0.4761
vn 0.7374 -0.4802 0.4751
vn -0.4443 -0.8955 0.0258
vn -0.4436 -0.8959 0.0254
vn -0.4443 -0.8955 0.0259
vn -0.8594 -0.4154 -0.2980
vn -0.8598 -0.4150 -0.2976
vn -0.8597 -0.4151 -0.2977
vn -0.8594 -0.4155 -0.2978
vn -0.9089 -0.0949 -0.4061
vn -0.9090 -0.0951 -0.4058
vn -0.9088 -0.0948 -0.4063
vn -0.8902 -0.2999 -0.3429
vn -0.8902 -0.2999 -0.3428
vn -0.2120 0.9156 -0.3417
vn -0.2120 0.9155 -0.3418
vn -0.2118 0.9155 -0.3419
vn -0.2115 0.9155 -0.3421
vn 0.8034 -0.3589 0.4750
vn 0.8031 -0.3587 0.4757
vn 0.8033 -0.3587 0.4755
vn 0.8034 -0.3591 0.4750
vn 0.4934 -0.7545 0.4327
vn 0.4940 -0.7542 0.4326
vn 0.4935 -0.7545 0.4327
vn 0.4934 -0.7546 0.4326
vn 0.7765 0.5935 0.2117
vn 0.7764 0.5935 0.2120
vn 0.7770 0.5930 0.2112
vn -0.4651 0.7768 -0.4245
vn -0.4648 0.7773 -0.4240
vn 0.0188 0.9691 -0.2459
vn 0.0191 0.9691 -0.2460
vn -0.8805 0.1385 -0.4533
vn -0.8815 0.1346 -0.4525
vn -0.9091 -0.1274 -0.3967
vn -0.9090 -0.1286 -0.3964
vn -0.9060 -0.1904 -0.3782
vn -0.9057 -0.1908 -0.3785
vn -0.9032 -0.2188 -0.3692
vn -0.9029 -0.2188 -0.3700
vn -0.9010 -0.2351 -0.3645
vn -0.9011 -0.2347 -0.3646
vn -0.8998 -0.2435 -0.3620
vn -0.8998 -0.2448 -0.3612
vn -0.9021 -0.2272 -0.3669
vn -0.9018 -0.2281 -0.3669
vn -0.9062 -0.1859 -0.3798
vn -0.9061 -0.1863 -0.3799
vn -0.9079 -0.1565 -0.3889
vn -0.9079 -0.1568 -0.3888
vn -0.9087 -0.1420 -0.3924
vn -0.9084 -0.1430 -0.3928
vn -0.9092 -0.1327 -0.3947
vn -0.9088 -0.1349 -0.3948
vn -0.9089 -0.1284 -0.3967
vn -0.9090 -0.1290 -0.3964
vn -0.9090 -0.1262 -0.3972
vn -0.9089 -0.1259 -0.3977
vn -0.9090 -0.1252 -0.3975
vn -0.2059 0.9181 -0.3388
vn -0.2062 0.9180 -0.3387
vn -0.2060 0.9180 -0.3388
vn -0.2057 0.9181 -0.3389
vn 0.8750 -0.1614 0.4564
vn 0.8753 -0.1612 0.4559
vn 0.8752 -0.1613 0.4562
vn 0.8750 -0.1613 0.4565
vn 0.8867 0.3173 0.3363
vn 0.8865 0.3171 0.3368
vn 0.8866 0.3174 0.3363
vn 0.8868 0.3171 0.3362
vn 0.7765 0.5937 0.2112
vn 0.7768 0.5935 0.2106
vn 0.7762 0.5939 0.2116
vn 0.8619 -0.2076 0.4627
vn 0.8621 -0.2076 0.4622
vn 0.8620 -0.2075 0.4626
vn 0.8616 -0.2077 0.4631
vn 0.7776 0.5917 0.2125
vn 0.7777 0.5915 0.2128
vn -0.7627 0.4383 -0.4756
vn -0.7632 0.4378 -0.4752
vn -0.7629 0.4379 -0.4756
vn -0.7624 0.4385 -0.4758
vn 0.7534 0.6289 0.1922
vn 0.7536 0.6288 0.1918
vn 0.7536 0.6287 0.1920
vn 0.7533 0.6289 0.1925
vn 0.1907 0.9680 -0.1633
vn 0.1900 0.9681 -0.1634
vn 0.1901 0.9681 -0.1634
vn 0.8682 0.3889 0.3084
vn 0.8688 0.3880 0.3077
vn 0.8686 0.3882 0.3078
vn 0.8682 0.3889 0.3083
vn 0.9098 0.1045 0.4016
vn 0.9096 0.1045 0.4021
vn 0.9097 0.1045 0.4020
vn 0.9099 0.1045 0.4014
vn 0.4350 -0.7993 0.4146
vn 0.4359 -0.7986 0.4149
vn 0.4355 -0.7988 0.4149
vn 0.4349 -0.7993 0.4146
vn -0.3880 -0.9199 0.0574
vn -0.3885 -0.9197 0.0576
vn -0.3883 -0.9198 0.0572
vn -0.3878 -0.9199 0.0573
vn 0.9000 -0.0356 0.4344
vn 0.9001 -0.0365 0.4341
vn 0.9002 -0.0362 0.4340
vn 0.8999 -0.0355 0.4347
vn 0.3554 -0.8493 0.3904
vn 0.3561 -0.8489 0.3906
vn 0.3560 -0.8489 0.3906
vn 0.3552 -0.8493 0.3905
vn 0.9000 -0.0367 0.4344
vn 0.8998 -0.0367 0.4348
vn 0.8998 -0.0368 0.4348
vn 0.9001 -0.0367 0.4341
vn -0.4705 -0.8824 0.0092
vn -0.4698 -0.8827 0.0092
vn -0.4701 -0.8826 0.0093
vn -0.4706 -0.8823 0.0092
vn 0.4289 -0.2516 -0.8676
vn 0.4290 -0.2516 -0.8675
vn 0.4288 -0.2509 -0.8679
vn 0.4290 -0.2519 -0.8675
vn 0.4295 -0.2513 -0.8674
vn 0.4283 -0.2517 -0.8679
vn 0.4237 -0.2526 -0.8699
vn 0.4175 -0.2539 -0.8725
vn 0.4315 -0.2508 -0.8665
vn 0.4300 -0.2516 -0.8671
vn 0.4292 -0.2518 -0.8674
vn 0.4236 -0.2524 -0.8700
vn 0.4360 -0.2505 -0.8644
vn 0.4288 -0.2514 -0.8677
vn 0.4290 -0.2514 -0.8676
vn 0.4318 -0.2510 -0.8663
vn 0.4293 -0.2514 -0.8675
vn 0.4289 -0.2515 -0.8676
vn 0.4290 -0.2513 -0.8677
vn 0.4269 -0.2510 -0.8688
vn 0.4290 -0.2510 -0.8677
vn 0.4287 -0.2521 -0.8676
vn 0.4289 -0.2512 -0.8677
vn 0.4293 -0.2513 -0.8675
vn 0.4301 -0.2512 -0.8671
vn 0.4299 -0.2511 -0.8673
vn 0.4293 -0.2518 -0.8674
vn 0.4328 -0.2498 -0.8662
vn 0.4310 -0.2505 -0.8669
vn 0.4289 -0.2513 -0.8677
vn 0.4288 -0.2513 -0.8678
vn 0.4309 -0.2499 -0.8671
vn 0.4289 -0.2514 -0.8677
vn 0.4303 -0.2501 -0.8673
vn 0.4288 -0.2513 -0.8677
vn 0.4282 -0.2514 -0.8680
vn 0.4159 -0.2537 -0.8733
vn 0.4279 -0.2515 -0.8681
vn 0.4289 -0.2514 -0.8676
vn 0.4305 -0.2523 -0.8666
vn -0.4272 0.2516 0.8685
vn -0.4278 0.2519 0.8681
vn -0.4278 0.2516 0.8681
vn -0.4270 0.2506 0.8688
vn -0.4278 0.2517 0.8681
vn -0.4286 0.2519 0.8677
vn -0.4240 0.2527 0.8697
vn -0.4189 0.2539 0.8718
vn -0.4308 0.2519 0.8666
vn -0.4299 0.2512 0.8672
vn -0.4281 0.2512 0.8681
vn -0.4280 0.2511 0.8682
vn -0.4279 0.2510 0.8683
vn -0.4291 0.2514 0.8676
vn -0.4268 0.2522 0.8685
vn -0.4280 0.2518 0.8680
vn -0.4307 0.2526 0.8664
vn -0.4274 0.2518 0.8683
vn -0.4267 0.2519 0.8686
vn -0.4279 0.2515 0.8681
vn -0.4264 0.2535 0.8683
vn -0.4282 0.2516 0.8679
vn -0.4268 0.2519 0.8686
vn -0.4283 0.2517 0.8679
vn -0.4282 0.2518 0.8679
vn -0.4259 0.2517 0.8691
vn -0.4281 0.2517 0.8680
vn -0.4277 0.2526 0.8679
vn -0.4293 0.2509 0.8676
vn -0.4304 0.2504 0.8672
vn -0.4280 0.2516 0.8680
vn -0.4280 0.2516 0.8681
vn -0.4243 0.2524 0.8696
vn -0.4279 0.2518 0.8681
vn -0.4245 0.2519 0.8697
vn -0.4280 0.2517 0.8680
vn -0.4277 0.2516 0.8682
vn -0.4279 0.2516 0.8681
vn -0.4273 0.2524 0.8682
vn -0.4296 0.2511 0.8674
vn -0.4302 0.2511 0.8671
vn -0.4282 0.2519 0.8679
vn -0.4276 0.2516 0.8683
vn -0.4277 0.2501 0.8686
vn -0.8726 0.1880 -0.4508
vn -0.8725 0.1881 -0.4509
vn -0.8724 0.1881 -0.4511
vn -0.8724 0.1885 -0.4511
vn -0.6495 -0.7535 -0.1018
vn -0.6491 -0.7539 -0.1016
vn -0.6492 -0.7538 -0.1018
vn -0.6496 -0.7534 -0.1017
vn -0.8011 -0.5553 -0.2234
vn -0.8008 -0.5559 -0.2231
vn -0.8009 -0.5556 -0.2232
vn -0.1993 -0.9666 0.1613
vn -0.1986 -0.9668 0.1609
vn -0.1987 -0.9667 0.1610
vn -0.1994 -0.9666 0.1609
vn -0.9085 -0.0021 -0.4178
vn -0.9082 -0.0021 -0.4186
vn -0.9084 -0.0023 -0.4181
vn -0.9087 -0.0027 -0.4174
vn -0.6435 -0.7592 -0.0977
vn -0.6432 -0.7594 -0.0978
vn -0.6436 -0.7591 -0.0978
vn -0.6435 -0.7592 -0.0976
vn -0.7760 -0.5978 -0.2010
vn -0.7760 -0.5978 -0.2011
vn -0.7762 -0.5976 -0.2010
vn -0.7763 -0.5975 -0.2010
vn -0.8765 0.1724 -0.4494
vn -0.8765 0.1727 -0.4494
vn -0.8765 0.1726 -0.4494
vn -0.8766 0.1723 -0.4494
vn -0.8188 -0.5210 -0.2408
vn -0.8189 -0.5210 -0.2410
vn -0.8189 -0.5210 -0.2409
vn -0.8188 -0.5211 -0.2408
vn -0.4772 -0.8787 0.0102
vn -0.4774 -0.8786 0.0108
vn -0.4775 -0.8786 0.0104
vn -0.4775 -0.8786 0.0101
vn -0.1772 0.9289 -0.3253
vn -0.1775 0.9289 -0.3251
vn -0.1771 0.9288 -0.3254
vn -0.1768 0.9288 -0.3256
vn 0.7985 0.5600 0.2211
vn 0.7984 0.5600 0.2212
vn 0.7982 0.5602 0.2214
vn 0.7981 0.5603 0.2216
vn -0.1155 0.9467 -0.3007
vn -0.1159 0.9466 -0.3007
vn -0.1158 0.9467 -0.3007
vn -0.1153 0.9468 -0.3004
vn -0.9098 -0.1899 -0.3691
vn -0.9097 -0.1899 -0.3694
vn -0.9098 -0.1899 -0.3690
vn -0.9098 -0.1900 -0.3690
vn -0.8997 0.0666 -0.4314
vn -0.9000 0.0660 -0.4309
vn -0.8999 0.0662 -0.4311
vn -0.8995 0.0670 -0.4318
vn -0.1627 -0.9703 0.1789
vn -0.1626 -0.9703 0.1791
vn -0.1626 -0.9703 0.1790
vn -0.1628 -0.9703 0.1788
vn -0.1738 0.9304 -0.3228
vn -0.1740 0.9304 -0.3227
vn -0.1735 0.9303 -0.3231
vn -0.1733 0.9303 -0.3233
vn 0.3747 -0.8403 0.3917
vn 0.3748 -0.8402 0.3919
vn 0.3747 -0.8404 0.3915
vn 0.8933 -0.1007 0.4381
vn 0.8933 -0.1008 0.4379
vn 0.8933 -0.1006 0.4380
vn 0.8591 0.4260 0.2837
vn 0.8590 0.4260 0.2839
vn 0.8590 0.4261 0.2840
vn 0.8591 0.4259 0.2838
vn 0.8981 -0.0766 0.4330
vn 0.8982 -0.0768 0.4327
vn 0.8981 -0.0766 0.4331
vn 0.8977 -0.0767 0.4339
vn 0.5074 0.8617 0.0086
vn 0.5068 0.8620 0.0085
vn 0.5070 0.8619 0.0085
vn 0.5073 0.8617 0.0082
vn -0.8917 0.1103 -0.4389
vn -0.8912 0.1109 -0.4399
vn -0.8913 0.1109 -0.4397
vn -0.8916 0.1108 -0.4391
vn 0.6324 0.7694 0.0902
vn 0.6326 0.7693 0.0899
vn 0.6325 0.7693 0.0901
vn 0.6323 0.7694 0.0904
vn -0.7183 0.5178 -0.4647
vn -0.7175 0.5183 -0.4654
vn -0.7177 0.5182 -0.4652
vn -0.7184 0.5178 -0.4646
vn 0.7116 0.6866 0.1488
vn 0.7132 0.6853 0.1477
vn 0.7128 0.6856 0.1479
vn 0.7114 0.6869 0.1489
vn 0.8581 -0.2348 0.4566
vn 0.8589 -0.2342 0.4554
vn 0.8585 -0.2345 0.4560
vn 0.8578 -0.2351 0.4571
vn 0.8842 0.3437 0.3163
vn 0.8830 0.3461 0.3170
vn 0.8832 0.3458 0.3169
vn 0.8844 0.3434 0.3162
vn 0.8740 -0.1842 0.4496
vn 0.8730 -0.1849 0.4513
vn 0.8733 -0.1847 0.4508
vn 0.8743 -0.1842 0.4491
vn 0.2459 -0.9044 0.3486
vn 0.2461 -0.9043 0.3487
vn 0.2461 -0.9044 0.3487
vn 0.2459 -0.9045 0.3485
vn -0.3220 -0.9417 0.0975
vn -0.3218 -0.9418 0.0977
vn 0.7935 -0.3904 0.4668
vn 0.7934 -0.3906 0.4668
vn 0.7935 -0.3906 0.4668
vn 0.7936 -0.3904 0.4667
vn -0.2010 -0.9665 0.1596
vn -0.2005 -0.9666 0.1599
vn -0.2008 -0.9665 0.1597
vn -0.2014 -0.9664 0.1595
vn 0.5283 -0.7303 0.4330
vn 0.5280 -0.7302 0.4335
vn 0.5280 -0.7303 0.4334
vn 0.5282 -0.7305 0.4329
vn -0.7749 -0.5996 -0.1998
vn -0.7752 -0.5991 -0.2006
vn -0.7752 -0.5991 -0.2005
vn -0.7749 -0.5997 -0.1997
vn 0.3496 -0.8546 0.3839
vn 0.3498 -0.8544 0.3842
vn 0.3497 -0.8545 0.3840
vn 0.3495 -0.8547 0.3837
vn -0.8478 -0.4558 -0.2711
vn -0.8479 -0.4556 -0.2711
vn -0.8477 -0.4560 -0.2710
vn 0.4205 -0.2551 -0.8707
vn 0.4209 -0.2547 -0.8706
vn 0.4208 -0.2549 -0.8706
vn 0.4213 -0.2546 -0.8704
vn 0.4202 -0.2547 -0.8710
vn 0.4207 -0.2544 -0.8708
vn 0.4203 -0.2547 -0.8709
vn 0.4200 -0.2545 -0.8711
vn 0.4204 -0.2545 -0.8709
vn 0.4192 -0.2549 -0.8714
vn 0.4198 -0.2547 -0.8711
vn 0.4211 -0.2543 -0.8706
vn 0.4208 -0.2544 -0.8707
vn 0.4213 -0.2545 -0.8705
vn 0.4201 -0.2545 -0.8711
vn 0.4206 -0.2544 -0.8709
vn 0.4186 -0.2549 -0.8716
vn 0.4189 -0.2550 -0.8715
vn 0.4205 -0.2542 -0.8710
vn 0.4199 -0.2548 -0.8711
vn 0.4204 -0.2544 -0.8710
vn 0.4196 -0.2550 -0.8711
vn 0.4216 -0.2544 -0.8704
vn 0.4175 -0.2550 -0.8722
vn 0.4211 -0.2536 -0.8708
vn 0.4202 -0.2545 -0.8710
vn 0.4208 -0.2543 -0.8708
vn 0.4208 -0.2556 -0.8704
vn 0.4207 -0.2542 -0.8708
vn 0.4217 -0.2542 -0.8704
vn 0.4215 -0.2539 -0.8706
vn 0.4207 -0.2546 -0.8708
vn 0.4208 -0.2539 -0.8709
vn 0.4230 -0.2541 -0.8698
vn 0.4219 -0.2538 -0.8704
vn -0.4193 0.2555 0.8712
vn -0.4194 0.2557 0.8711
vn -0.4190 0.2556 0.8713
vn -0.4188 0.2552 0.8715
vn -0.4192 0.2548 0.8714
vn -0.4188 0.2550 0.8715
vn -0.4196 0.2546 0.8713
vn -0.4195 0.2548 0.8713
vn -0.4194 0.2547 0.8713
vn -0.4193 0.2548 0.8714
vn -0.4209 0.2546 0.8706
vn -0.4199 0.2546 0.8711
vn -0.4198 0.2549 0.8711
vn -0.4196 0.2549 0.8712
vn -0.4173 0.2552 0.8722
vn -0.4180 0.2544 0.8721
vn -0.4200 0.2545 0.8711
vn -0.4213 0.2548 0.8704
vn -0.4223 0.2551 0.8698
vn -0.4201 0.2549 0.8709
vn -0.4202 0.2546 0.8710
vn -0.4201 0.2551 0.8709
vn -0.4198 0.2545 0.8712
vn -0.4192 0.2546 0.8715
vn -0.4164 0.2549 0.8727
vn -0.4193 0.2545 0.8714
vn -0.4197 0.2547 0.8712
vn -0.4198 0.2547 0.8711
vn -0.4196 0.2547 0.8713
vn -0.4191 0.2544 0.8716
vn -0.4195 0.2552 0.8712
vn -0.4197 0.2546 0.8712
vn -0.4215 0.2538 0.8706
vn -0.4191 0.2550 0.8714
vn -0.4175 0.2558 0.8719
vn 0.3710 -0.8306 0.4152
vn 0.3712 -0.8304 0.4154
vn 0.3712 -0.8305 0.4153
vn 0.3705 -0.8308 0.4154
vn -0.1742 -0.9622 0.2091
vn -0.1741 -0.9622 0.2092
vn -0.6380 -0.7679 -0.0579
vn -0.6379 -0.7679 -0.0578
vn -0.6379 -0.7679 -0.0579
vn -0.8694 -0.4153 -0.2676
vn -0.8694 -0.4155 -0.2674
vn -0.8694 -0.4155 -0.2675
vn -0.8694 -0.4153 -0.2677
vn -0.8863 0.1402 -0.4413
vn -0.8863 0.1403 -0.4414
vn -0.8897 -0.3464 -0.2974
vn -0.8594 0.2308 -0.4562
vn -0.8595 0.2307 -0.4561
vn -0.8595 0.2307 -0.4562
vn -0.8594 0.2309 -0.4563
vn -0.6421 -0.7642 -0.0609
vn -0.6420 -0.7643 -0.0609
vn -0.6421 -0.7642 -0.0608
vn 0.7287 -0.4927 0.4756
vn 0.7290 -0.4923 0.4756
vn 0.7289 -0.4924 0.4757
vn 0.7285 -0.4931 0.4756
vn -0.3071 -0.9409 0.1429
vn -0.6728 -0.7351 -0.0834
vn -0.6727 -0.7352 -0.0832
vn -0.6727 -0.7352 -0.0833
vn -0.6728 -0.7351 -0.0835
vn -0.8010 -0.5674 -0.1912
vn -0.7668 -0.6217 -0.1596
vn -0.7668 -0.6217 -0.1597
vn -0.7668 -0.6218 -0.1595
vn -0.3349 0.8511 -0.4044
vn -0.3351 0.8511 -0.4042
vn -0.3343 0.8509 -0.4051
vn -0.3342 0.8509 -0.4053
vn 0.7849 0.5941 0.1762
vn 0.7848 0.5941 0.1762
vn 0.3911 0.9153 -0.0963
vn 0.3909 0.9154 -0.0963
vn 0.3910 0.9153 -0.0963
vn 0.3912 0.9153 -0.0963
vn -0.0681 0.9477 -0.3120
vn -0.0686 0.9476 -0.3119
vn -0.0683 0.9477 -0.3119
vn -0.0678 0.9477 -0.3120
vn -0.8964 0.0977 -0.4323
vn -0.8965 0.0988 -0.4319
vn -0.8965 0.0987 -0.4319
vn -0.8965 0.0977 -0.4322
vn -0.0886 0.9434 -0.3195
vn -0.0891 0.9433 -0.3196
vn -0.0891 0.9434 -0.3196
vn -0.0885 0.9434 -0.3195
vn 0.6665 0.7412 0.0796
vn 0.6665 0.7413 0.0795
vn 0.6665 0.7413 0.0796
vn 0.3080 0.9410 -0.1405
vn 0.3076 0.9411 -0.1404
vn 0.3078 0.9410 -0.1405
vn 0.3082 0.9409 -0.1405
vn 0.9075 0.2594 0.3304
vn 0.9076 0.2591 0.3303
vn 0.8454 0.4784 0.2377
vn 0.8862 -0.1437 0.4404
vn 0.8864 -0.1434 0.4401
vn 0.8864 -0.1436 0.4401
vn 0.0873 -0.9439 0.3185
vn 0.0878 -0.9437 0.3188
vn 0.0877 -0.9438 0.3188
vn 0.0872 -0.9439 0.3184
vn -0.0376 -0.9626 0.2682
vn -0.0371 -0.9626 0.2685
vn -0.0372 -0.9626 0.2685
vn -0.0376 -0.9626 0.2681
vn 0.2720 -0.8825 0.3836
vn 0.2728 -0.8821 0.3840
vn 0.2724 -0.8823 0.3839
vn 0.2719 -0.8826 0.3836
vn 0.9181 0.1384 0.3713
vn 0.9183 0.1386 0.3709
vn 0.9181 0.1385 0.3713
vn 0.7595 0.6322 0.1531
vn 0.7603 0.6314 0.1528
vn 0.7595 0.6321 0.1536
vn 0.7594 0.6322 0.1536
vn 0.9184 0.1393 0.3703
vn 0.9187 0.1392 0.3697
vn 0.9177 0.1395 0.3719
vn 0.9176 0.1396 0.3723
vn 0.8817 -0.1611 0.4435
vn 0.8814 -0.1611 0.4441
vn 0.8819 -0.1611 0.4431
vn 0.8821 -0.1612 0.4426
vn 0.7957 -0.3815 0.4704
vn 0.7948 -0.3816 0.4718
vn 0.7960 -0.3813 0.4700
vn 0.7970 -0.3810 0.4687
vn -0.8914 0.1211 -0.4366
vn -0.8914 0.1211 -0.4368
vn -0.8916 0.1211 -0.4363
vn -0.8917 0.1211 -0.4362
vn -0.8936 -0.3304 -0.3038
vn -0.8935 -0.3305 -0.3041
vn -0.8940 -0.3300 -0.3031
vn -0.8942 -0.3298 -0.3026
vn 0.3799 -0.8262 0.4161
vn 0.3804 -0.8261 0.4157
vn 0.3799 -0.8263 0.4159
vn 0.3795 -0.8265 0.4159
vn 0.8550 -0.2457 0.4568
vn 0.8548 -0.2459 0.4569
vn 0.8547 -0.2456 0.4572
vn 0.8547 -0.2455 0.4574
vn 0.8882 0.3535 0.2933
vn 0.8884 0.3535 0.2929
vn 0.8879 0.3538 0.2941
vn 0.8876 0.3539 0.2947
vn 0.5926 0.8050 0.0276
vn 0.5927 0.8050 0.0275
vn 0.5928 0.8049 0.0271
vn -0.1655 0.9228 -0.3478
vn -0.1655 0.9229 -0.3477
vn -0.1650 0.9228 -0.3481
vn -0.1652 0.9228 -0.3481
vn 0.6792 -0.5616 0.4725
vn 0.6788 -0.5617 0.4730
vn 0.6793 -0.5616 0.4724
vn 0.6797 -0.5615 0.4720
vn 0.1916 -0.9141 0.3573
vn 0.1916 -0.9141 0.3574
vn 0.1916 -0.9142 0.3572
vn 0.1913 -0.9142 0.3572
vn -0.3125 -0.9397 0.1387
vn -0.3125 -0.9397 0.1388
vn -0.3120 -0.9399 0.1387
vn -0.3118 -0.9400 0.1385
vn -0.6635 -0.7441 -0.0779
vn -0.6637 -0.7439 -0.0777
vn -0.6634 -0.7442 -0.0782
vn -0.6632 -0.7443 -0.0784
vn -0.9080 -0.2577 -0.3305
vn -0.9082 -0.2575 -0.3301
vn -0.9076 -0.2579 -0.3312
vn -0.9075 -0.2580 -0.3314
vn -0.8583 0.2341 -0.4566
vn -0.8580 0.2342 -0.4571
vn -0.8591 0.2337 -0.4553
vn -0.8593 0.2337 -0.4550
vn -0.9168 -0.1695 -0.3615
vn -0.9168 -0.1693 -0.3617
vn -0.9168 -0.1693 -0.3616
vn -0.9169 -0.1700 -0.3612
vn 0.1485 -0.9278 0.3422
vn 0.1489 -0.9276 0.3425
vn 0.1489 -0.9277 0.3425
vn 0.1484 -0.9278 0.3422
vn 0.4210 -0.8003 0.4270
vn 0.4213 -0.7999 0.4273
vn 0.4211 -0.8001 0.4272
vn 0.4208 -0.8004 0.4269
vn 0.8501 -0.2582 0.4591
vn 0.8501 -0.2582 0.4590
vn 0.5784 -0.6734 0.4605
vn 0.5787 -0.6729 0.4607
vn 0.5786 -0.6730 0.4607
vn 0.5783 -0.6733 0.4607
vn 0.3988 -0.8142 0.4219
vn 0.3990 -0.8140 0.4222
vn 0.3990 -0.8140 0.4221
vn 0.3987 -0.8143 0.4219
vn 0.8408 -0.2815 0.4623
vn 0.8408 -0.2814 0.4624
vn 0.8408 -0.2815 0.4624
vn 0.8408 -0.2816 0.4623
vn 0.4479 -0.7813 0.4348
vn 0.4480 -0.7811 0.4350
vn 0.4479 -0.7812 0.4348
vn 0.4478 -0.7814 0.4346
vn 0.9087 0.2492 0.3348
vn 0.9087 0.2493 0.3348
vn 0.3970 -0.2650 -0.8787
vn 0.3971 -0.2649 -0.8787
vn 0.3969 -0.2650 -0.8787
vn 0.3971 -0.2650 -0.8787
vn 0.3978 -0.2653 -0.8783
vn 0.3980 -0.2647 -0.8784
vn 0.3978 -0.2648 -0.8784
vn 0.3977 -0.2650 -0.8784
vn 0.3973 -0.2650 -0.8786
vn 0.3978 -0.2649 -0.8784
vn 0.3972 -0.2650 -0.8786
vn 0.3979 -0.2648 -0.8784
vn 0.3897 -0.6653 -0.6368
vn 0.3979 -0.2649 -0.8784
vn 0.3979 -0.2647 -0.8784
vn 0.3980 -0.2648 -0.8784
vn 0.3980 -0.2648 -0.8783
vn 0.3977 -0.2649 -0.8785
vn 0.7091 -0.5614 -0.4266
vn 0.5473 -0.5940 -0.5896
vn 0.5468 -0.5184 -0.6575
vn 0.4579 -0.5570 -0.6929
vn 0.3981 -0.2647 -0.8783
vn 0.3968 -0.2654 -0.8787
vn 0.3973 -0.2649 -0.8786
vn 0.3989 -0.2645 -0.8780
vn 0.3977 -0.2653 -0.8783
vn 0.3976 -0.2647 -0.8785
vn 0.3976 -0.2648 -0.8785
vn 0.3982 -0.2646 -0.8783
vn 0.3984 -0.2647 -0.8782
vn 0.3983 -0.2648 -0.8782
vn 0.3974 -0.2650 -0.8786
vn 0.3977 -0.2649 -0.8784
vn 0.3976 -0.2650 -0.8784
vn 0.3973 -0.2651 -0.8786
vn 0.3971 -0.2651 -0.8787
vn 0.3976 -0.2650 -0.8785
vn 0.3969 -0.2652 -0.8787
vn -0.3974 0.2649 0.8786
vn -0.4009 0.2640 0.8773
vn -0.4005 0.2641 0.8774
vn -0.3975 0.2649 0.8785
vn -0.3975 0.2650 0.8785
vn -0.3976 0.2651 0.8784
vn -0.3978 0.2649 0.8784
vn -0.3978 0.2647 0.8785
vn -0.3979 0.2646 0.8784
vn -0.3979 0.2647 0.8784
vn -0.3979 0.2648 0.8784
vn -0.3202 -0.1873 0.9286
vn -0.3968 0.2650 0.8788
vn -0.3978 0.2648 0.8784
vn -0.3978 0.2647 0.8784
vn 0.0591 -0.1262 0.9902
vn -0.1673 -0.1113 0.9796
vn -0.1990 -0.0178 0.9798
vn -0.2914 -0.0570 0.9549
vn -0.3980 0.2648 0.8783
vn -0.3984 0.2646 0.8782
vn -0.3976 0.2648 0.8785
vn -0.3985 0.2645 0.8782
vn -0.3986 0.2648 0.8781
vn -0.3979 0.2646 0.8785
vn -0.3981 0.2648 0.8783
vn -0.3977 0.2649 0.8784
vn -0.3973 0.2650 0.8786
vn -0.4003 0.2643 0.8774
vn -0.3970 0.2650 0.8787
vn -0.3972 0.2650 0.8786
vn -0.3969 0.2649 0.8788
vt 0.014100 1.000000
vt 0.014100 0.000000
vt 0.000000 0.000000
vt 0.000000 1.000000
vt 0.036400 1.000000
vt 0.036400 0.000000
vt 0.054200 1.000000
vt 0.054200 0.000000
vt 0.084300 1.000000
vt 0.084300 0.000000
vt 0.104700 1.000000
vt 0.104700 0.000000
vt 0.126600 1.000000
vt 0.126600 0.000000
vt 0.135100 1.000000
vt 0.135100 0.000000
vt 0.161000 1.000000
vt 0.161000 0.000000
vt 0.170200 1.000000
vt 0.170200 0.000000
vt 0.201700 1.000000
vt 0.201700 0.000000
vt 0.216000 1.000000
vt 0.216000 0.000000
vt 0.222700 1.000000
vt 0.222700 0.000000
vt 0.258100 1.000000
vt 0.258100 0.000000
vt 0.265200 1.000000
vt 0.265200 0.000000
vt 0.278800 1.000000
vt 0.278800 0.000000
vt 0.311300 1.000000
vt 0.311300 0.000000
vt 0.347900 1.000000
vt 0.347900 0.000000
vt 0.362800 1.000000
vt 0.362800 0.000000
vt 0.378900 1.000000
vt 0.378900 0.000000
vt 0.392600 1.000000
vt 0.392600 0.000000
vt 0.471500 1.000000
vt 0.471500 0.000000
vt 0.523900 1.000000
vt 0.523900 0.000000
vt 0.538600 1.000000
vt 0.538600 0.000000
vt 0.598900 1.000000
vt 0.598900 0.000000
vt 0.636900 1.000000
vt 0.636900 0.000000
vt 0.731900 1.000000
vt 0.731900 0.000000
vt 0.758800 1.000000
vt 0.758800 0.000000
vt 0.793700 1.000000
vt 0.793700 0.000000
vt 0.820700 1.000000
vt 0.820700 0.000000
vt 0.842300 1.000000
vt 0.842300 0.000000
vt 0.855500 1.000000
vt 0.855500 0.000000
vt 0.908400 1.000000
vt 0.908400 0.000000
vt 0.923200 1.000000
vt 0.923200 0.000000
vt 0.932600 1.000000
vt 0.932600 0.000000
vt 0.941100 1.000000
vt 0.941100 0.000000
vt 0.959700 1.000000
vt 0.959700 0.000000
vt 0.989700 1.000000
vt 0.989700 0.000000
vt 1.000000 1.000000
vt 1.000000 0.000000
vt 0.268300 0.418600
vt 0.296500 0.404400
vt 0.330400 0.448400
vt 0.615000 1.000000
vt 0.532700 0.941600
vt 0.651200 0.954900
vt 0.868000 0.646300
vt 1.000000 0.817600
vt 0.816800 0.679200
vt 0.000000 0.252800
vt 0.024600 0.119000
vt 0.169600 0.243300
vt 0.094900 0.095100
vt 0.383000 0.680100
vt 0.413400 0.656900
vt 0.479100 0.723500
vt 0.601600 0.006200
vt 0.800800 0.001000
vt 0.652700 0.225400
vt 0.858700 0.348800
vt 0.689500 0.981800
vt 0.792000 0.898300
vt 0.167500 0.310700
vt 0.192100 0.291000
vt 0.317200 0.589800
vt 0.348200 0.563700
vt 0.529200 0.876100
vt 0.530700 0.001200
vt 0.596300 0.188600
vt 0.117600 0.000000
vt 0.070700 0.038300
vt 0.817600 0.443700
vt 0.691200 0.536600
vt 0.724700 0.633000
vt 0.964800 0.866400
vt 0.915900 0.869400
vt 0.429200 0.790000
vt 0.889400 0.894400
vt 0.011900 1.000000
vt 0.011900 0.000000
vt 0.025200 1.000000
vt 0.025200 0.000000
vt 0.038400 1.000000
vt 0.038400 0.000000
vt 0.044100 1.000000
vt 0.044100 0.000000
vt 0.063000 1.000000
vt 0.063000 0.000000
vt 0.075000 1.000000
vt 0.075000 0.000000
vt 0.085600 1.000000
vt 0.085600 0.000000
vt 0.104500 1.000000
vt 0.104500 0.000000
vt 0.129300 1.000000
vt 0.129300 0.000000
vt 0.151500 1.000000
vt 0.151500 0.000000
vt 0.165100 1.000000
vt 0.165100 0.000000
vt 0.187900 1.000000
vt 0.187900 0.000000
vt 0.195400 1.000000
vt 0.195400 0.000000
vt 0.212200 1.000000
vt 0.212200 0.000000
vt 0.230500 1.000000
vt 0.230500 0.000000
vt 0.240900 1.000000
vt 0.240900 0.000000
vt 0.259800 1.000000
vt 0.259800 0.000000
vt 0.277400 1.000000
vt 0.277400 0.000000
vt 0.288100 1.000000
vt 0.288100 0.000000
vt 0.330000 1.000000
vt 0.330000 0.000000
vt 0.345600 1.000000
vt 0.345600 0.000000
vt 0.363100 1.000000
vt 0.363100 0.000000
vt 0.394400 1.000000
vt 0.394400 0.000000
vt 0.403300 1.000000
vt 0.403300 0.000000
vt 0.432800 1.000000
vt 0.432800 0.000000
vt 0.443900 1.000000
vt 0.443900 0.000000
vt 0.454800 1.000000
vt 0.454800 0.000000
vt 0.478700 1.000000
vt 0.478700 0.000000
vt 0.543300 1.000000
vt 0.543300 0.000000
vt 0.551500 1.000000
vt 0.551500 0.000000
vt 0.621900 1.000000
vt 0.621900 0.000000
vt 0.637100 1.000000
vt 0.637100 0.000000
vt 0.687000 1.000000
vt 0.687000 0.000000
vt 0.720600 1.000000
vt 0.720600 0.000000
vt 0.817300 1.000000
vt 0.817300 0.000000
vt 0.864600 1.000000
vt 0.864600 0.000000
vt 0.905700 1.000000
vt 0.905700 0.000000
vt 0.926900 1.000000
vt 0.926900 0.000000
vt 0.944800 1.000000
vt 0.944800 0.000000
vt 0.967700 1.000000
vt 0.967700 0.000000
vt 0.980400 1.000000
vt 0.980400 0.000000
vt 0.000000 0.001900
vt 0.356900 0.000000
vt 0.124400 0.033800
vt 0.056600 0.283600
vt 0.149500 0.303700
vt 0.087800 0.340100
vt 0.561000 1.000000
vt 0.540700 0.904400
vt 0.639100 0.951300
vt 0.873800 0.641200
vt 0.924300 0.701400
vt 0.820000 0.714400
vt 0.063100 0.074900
vt 0.124400 0.076400
vt 0.113600 0.184000
vt 0.674600 0.984500
vt 0.710800 0.945300
vt 0.814800 0.939100
vt 0.803000 0.918400
vt 0.271100 0.440400
vt 0.067400 0.196400
vt 0.307300 0.602500
vt 0.348300 0.574000
vt 0.386900 0.646800
vt 0.932000 0.790700
vt 0.361900 0.032100
vt 0.567700 0.033600
vt 0.753200 0.028000
vt 0.600900 0.227100
vt 0.828700 0.401600
vt 0.548000 0.273100
vt 0.252200 0.480000
vt 0.344900 0.500500
vt 0.413100 0.727700
vt 0.434800 0.702800
vt 0.520400 0.774300
vt 1.000000 0.802400
vt 0.984200 0.878200
vt 0.918900 0.882900
vt 0.721600 0.569600
vt 0.875500 0.924700
vt 0.494000 0.823900
vt 0.123400 0.999500
vt 0.123400 0.000500
vt 0.077100 0.000500
vt 0.077100 0.999500
vt 0.235200 0.999500
vt 0.235200 0.000500
vt 0.331600 0.999500
vt 0.331600 0.000500
vt 0.520100 0.999500
vt 0.520100 0.000500
vt 0.687200 0.999500
vt 0.687200 0.000500
vt 0.651100 0.000500
vt 0.651100 0.999500
vt 0.664700 0.999500
vt 0.664700 0.000500
vt 0.484500 0.000500
vt 0.484500 0.999500
vt 0.734800 0.999500
vt 0.734800 0.000500
vt 0.999500 0.999500
vt 0.999500 0.000500
vt 0.868200 0.000500
vt 0.868200 0.999500
vt 0.612100 0.999500
vt 0.612100 0.000500
vt 0.320900 0.000500
vt 0.320900 0.999500
vt 0.652900 0.999500
vt 0.652900 0.000500
vt 0.955600 0.999500
vt 0.955600 0.000500
vt 0.869700 0.999500
vt 0.869700 0.000500
vt 0.071500 0.000500
vt 0.071500 0.999500
vt 0.137900 0.999500
vt 0.137900 0.000500
vt 0.015600 0.000500
vt 0.015600 0.999500
vt 0.337200 0.999500
vt 0.337200 0.000500
vt 0.924600 0.999500
vt 0.924600 0.000500
vt 0.836900 0.000500
vt 0.836900 0.999500
vt 0.391600 0.999500
vt 0.391600 0.000500
vt 0.302900 0.000500
vt 0.302900 0.999500
vt 0.932000 0.000500
vt 0.932000 0.999500
vt 0.448200 0.999500
vt 0.448200 0.000500
vt 0.397100 0.000500
vt 0.397100 0.999500
vt 0.137400 0.999500
vt 0.137400 0.000500
vt 0.015900 0.000500
vt 0.015900 0.999500
vt 0.550000 0.999500
vt 0.550000 0.000500
vt 0.513500 0.000500
vt 0.513500 0.999500
vt 0.583700 0.999500
vt 0.583700 0.000500
vt 0.177800 0.999500
vt 0.177800 0.000500
vt 0.140700 0.000500
vt 0.140700 0.999500
vt 0.631300 0.999500
vt 0.631300 0.000500
vt 0.592500 0.000500
vt 0.592500 0.999500
vt 0.399400 0.999500
vt 0.399400 0.000500
vt 0.368700 0.000500
vt 0.368700 0.999500
vt 0.290500 0.999500
vt 0.290500 0.000500
vt 0.237500 0.000500
vt 0.237500 0.999500
vt 0.489000 0.999500
vt 0.489000 0.000500
vt 0.427800 0.000500
vt 0.427800 0.999500
vt 0.371100 0.999500
vt 0.371100 0.000500
vt 0.311000 0.000500
vt 0.311000 0.999500
vt 0.506500 0.000500
vt 0.506500 0.999500
vt 0.639800 0.999500
vt 0.639800 0.000500
vt 0.747600 0.999500
vt 0.747600 0.000500
vt 0.548700 0.999500
vt 0.548700 0.000500
vt 0.513900 0.000500
vt 0.513900 0.999500
vt 0.799200 0.999500
vt 0.799200 0.000500
vt 0.764200 0.000500
vt 0.764200 0.999500
vt 0.837000 0.999500
vt 0.837000 0.000500
vt 0.889000 0.999500
vt 0.889000 0.000500
vt 0.950300 0.999500
vt 0.950300 0.000500
vt 0.975800 0.999500
vt 0.975800 0.000500
vt 0.522000 0.999500
vt 0.522000 0.000500
vt 0.488700 0.000500
vt 0.488700 0.999500
vt 0.601600 0.999500
vt 0.601600 0.000500
vt 0.654400 0.999500
vt 0.654400 0.000500
vt 0.038600 0.000500
vt 0.038600 0.999500
vt 0.925100 0.302700
vt 0.932500 0.391500
vt 0.837200 0.337000
vt 0.792200 0.631400
vt 0.762800 0.600700
vt 0.822500 0.592600
vt 1.000000 0.397000
vt 0.984600 0.448100
vt 0.863000 0.513500
vt 0.345400 0.961800
vt 0.375100 0.923300
vt 0.398300 0.992200
vt 0.870100 0.015100
vt 0.896500 0.137500
vt 0.071000 0.000000
vt 0.131400 0.735000
vt 0.000000 0.679300
vt 0.188300 0.664900
vt 0.004200 0.387800
vt 0.312600 0.484400
vt 0.044800 0.346900
vt 0.511300 0.976200
vt 0.478000 1.000000
vt 0.499200 0.950700
vt 0.027100 0.043900
vt 0.348800 0.479800
vt 0.548700 0.764500
vt 0.547900 0.799500
vt 0.514000 0.747800
vt 0.553700 0.889400
vt 0.354200 0.876900
vt 0.373000 0.765100
vt 0.569200 0.837400
vt 0.336000 0.668600
vt 0.573500 0.639900
vt 0.568800 0.592600
vt 0.629000 0.506500
vt 0.689200 0.511000
vt 0.709700 0.572300
vt 0.879600 0.550100
vt 0.859700 0.583800
vt 0.015600 1.000000
vt 0.015600 0.000000
vt 0.029900 1.000000
vt 0.029900 0.000000
vt 0.064300 1.000000
vt 0.064300 0.000000
vt 0.078000 1.000000
vt 0.078000 0.000000
vt 0.140200 1.000000
vt 0.140200 0.000000
vt 0.207600 1.000000
vt 0.207600 0.000000
vt 0.293900 1.000000
vt 0.293900 0.000000
vt 0.319300 1.000000
vt 0.319300 0.000000
vt 0.336800 1.000000
vt 0.336800 0.000000
vt 0.378000 1.000000
vt 0.378000 0.000000
vt 0.394300 1.000000
vt 0.394300 0.000000
vt 0.417700 1.000000
vt 0.417700 0.000000
vt 0.489500 1.000000
vt 0.489500 0.000000
vt 0.513700 1.000000
vt 0.513700 0.000000
vt 0.547600 1.000000
vt 0.547600 0.000000
vt 0.571900 1.000000
vt 0.571900 0.000000
vt 0.624300 1.000000
vt 0.624300 0.000000
vt 0.647200 1.000000
vt 0.647200 0.000000
vt 0.690300 1.000000
vt 0.690300 0.000000
vt 0.716900 1.000000
vt 0.716900 0.000000
vt 0.808500 1.000000
vt 0.808500 0.000000
vt 0.850200 1.000000
vt 0.850200 0.000000
vt 0.883000 1.000000
vt 0.883000 0.000000
vt 0.912600 1.000000
vt 0.912600 0.000000
vt 0.930300 1.000000
vt 0.930300 0.000000
vt 0.953700 1.000000
vt 0.953700 0.000000
vt 0.978700 1.000000
vt 0.978700 0.000000
vt 0.589500 0.000000
vt 0.805400 0.006000
vt 0.627000 0.079100
vt 0.811500 0.103000
vt 0.635200 0.270600
vt 0.887400 0.433400
vt 0.016400 0.327400
vt 0.000000 0.264600
vt 0.140100 0.305500
vt 0.092200 0.129800
vt 0.873000 0.737200
vt 0.922100 0.815000
vt 0.791800 0.762500
vt 1.000000 0.964600
vt 0.922100 0.967600
vt 1.000000 0.886800
vt 0.765000 0.557000
vt 0.520500 0.004300
vt 0.577900 0.082100
vt 0.160600 0.003000
vt 0.553300 0.204800
vt 0.088600 0.070200
vt 0.377000 0.569700
vt 0.713000 0.670700
vt 0.435400 0.812500
vt 0.627000 0.991500
vt 0.694900 0.983600
vt 0.865900 1.000000
vt 0.033500 1.000000
vt 0.033500 0.000000
vt 0.047200 1.000000
vt 0.047200 0.000000
vt 0.060800 1.000000
vt 0.060800 0.000000
vt 0.073700 1.000000
vt 0.073700 0.000000
vt 0.089000 1.000000
vt 0.089000 0.000000
vt 0.098900 1.000000
vt 0.098900 0.000000
vt 0.136400 1.000000
vt 0.136400 0.000000
vt 0.201100 1.000000
vt 0.201100 0.000000
vt 0.245800 1.000000
vt 0.245800 0.000000
vt 0.316300 1.000000
vt 0.316300 0.000000
vt 0.339200 1.000000
vt 0.339200 0.000000
vt 0.363600 1.000000
vt 0.363600 0.000000
vt 0.410700 1.000000
vt 0.410700 0.000000
vt 0.551900 1.000000
vt 0.551900 0.000000
vt 0.566300 1.000000
vt 0.566300 0.000000
vt 0.599400 1.000000
vt 0.599400 0.000000
vt 0.643400 1.000000
vt 0.643400 0.000000
vt 0.667400 1.000000
vt 0.667400 0.000000
vt 0.721700 1.000000
vt 0.721700 0.000000
vt 0.760100 1.000000
vt 0.760100 0.000000
vt 0.792500 1.000000
vt 0.792500 0.000000
vt 0.824100 1.000000
vt 0.824100 0.000000
vt 0.852700 1.000000
vt 0.852700 0.000000
vt 0.886700 1.000000
vt 0.886700 0.000000
vt 0.911600 1.000000
vt 0.911600 0.000000
vt 0.933200 1.000000
vt 0.933200 0.000000
vt 0.978600 1.000000
vt 0.978600 0.000000
vt 0.615900 0.006100
vt 0.592700 0.055300
vt 0.616000 0.999600
vt 0.587900 0.955400
vt 0.658600 0.963900
vt 0.067800 0.251500
vt 0.015800 0.173300
vt 0.138300 0.191400
vt 0.278400 0.422700
vt 0.655700 0.165100
vt 0.414200 0.540800
vt 0.650900 0.002800
vt 0.755600 0.006100
vt 0.796200 0.203400
vt 0.531800 0.954600
vt 0.526700 0.898300
vt 0.569400 0.891800
vt 0.848600 0.337900
vt 0.825400 0.455500
vt 0.751700 0.553900
vt 0.491800 0.770400
vt 0.767200 0.658900
vt 0.868900 0.749900
vt 0.798300 1.000000
vt 0.867900 0.947200
vt 0.960000 0.799800
vt 1.000000 0.872100
vt 0.976400 0.944800
vt 0.127100 0.999500
vt 0.127100 0.000500
vt 0.037900 0.000500
vt 0.037900 0.999500
vt 0.172100 0.999500
vt 0.172100 0.000500
vt 0.296100 0.999500
vt 0.296100 0.000500
vt 0.481500 0.999500
vt 0.481500 0.000500
vt 0.645500 0.999500
vt 0.645500 0.000500
vt 0.426800 0.999500
vt 0.426800 0.000500
vt 0.354500 0.000500
vt 0.354500 0.999500
vt 0.589600 0.999500
vt 0.589600 0.000500
vt 0.573200 0.000500
vt 0.573200 0.999500
vt 0.723700 0.999500
vt 0.723700 0.000500
vt 0.921200 0.999500
vt 0.921200 0.000500
vt 0.998400 0.999500
vt 0.998400 0.000500
vt 0.615400 0.999500
vt 0.615400 0.000500
vt 0.111700 0.000500
vt 0.111700 0.999500
vt 0.083500 0.999500
vt 0.083500 0.000500
vt 0.003500 0.000500
vt 0.003500 0.999500
vt 0.553500 0.999500
vt 0.553500 0.000500
vt 0.500300 0.000500
vt 0.500300 0.999500
vt 0.241100 0.999500
vt 0.241100 0.000500
vt 0.095500 0.000500
vt 0.095500 0.999500
vt 0.668600 0.999500
vt 0.668600 0.000500
vt 0.499500 0.000500
vt 0.499500 0.999500
vt 0.735500 0.999500
vt 0.735500 0.000500
vt 0.728400 0.000500
vt 0.728400 0.999500
vt 0.757000 0.999500
vt 0.757000 0.000500
vt 0.787700 0.999500
vt 0.787700 0.000500
vt 0.822300 0.999500
vt 0.822300 0.000500
vt 0.855300 0.999500
vt 0.855300 0.000500
vt 0.881400 0.999500
vt 0.881400 0.000500
vt 0.895400 0.999500
vt 0.895400 0.000500
vt 0.903200 0.999500
vt 0.903200 0.000500
vt 0.914300 0.999500
vt 0.914300 0.000500
vt 0.928100 0.999500
vt 0.928100 0.000500
vt 0.944100 0.999500
vt 0.944100 0.000500
vt 0.961600 0.999500
vt 0.961600 0.000500
vt 0.980300 0.999500
vt 0.980300 0.000500
vt 0.997300 0.999500
vt 0.997300 0.000500
vt 0.775100 0.000500
vt 0.775100 0.999500
vt 0.149500 0.999500
vt 0.149500 0.000500
vt 0.001800 0.000500
vt 0.001800 0.999500
vt 0.264600 0.999500
vt 0.264600 0.000500
vt 0.416500 0.999500
vt 0.416500 0.000500
vt 0.547600 0.999500
vt 0.547600 0.000500
vt 0.650100 0.999500
vt 0.650100 0.000500
vt 0.409900 0.999500
vt 0.409900 0.000500
vt 0.349900 0.000500
vt 0.349900 0.999500
vt 0.727700 0.999500
vt 0.727700 0.000500
vt 0.590100 0.000500
vt 0.590100 0.999500
vt 0.956100 0.000500
vt 0.956100 0.999500
vt 0.798400 0.999500
vt 0.798400 0.000500
vt 0.742100 0.000500
vt 0.742100 0.999500
vt 0.847900 0.999500
vt 0.847900 0.000500
vt 0.064800 0.999500
vt 0.064800 0.000500
vt 0.025500 0.000500
vt 0.025500 0.999500
vt 0.166400 0.999500
vt 0.166400 0.000500
vt 0.145100 0.000500
vt 0.145100 0.999500
vt 0.873800 0.999500
vt 0.873800 0.000500
vt 0.833600 0.000500
vt 0.833600 0.999500
vt 0.194900 0.999500
vt 0.194900 0.000500
vt 0.131300 0.000500
vt 0.131300 0.999500
vt 0.880900 0.000500
vt 0.880900 0.999500
vt 0.000500 0.000500
vt 0.000500 0.999500
vt 0.615500 0.003000
vt 0.499700 0.083100
vt 0.111300 0.001100
vt 0.446400 0.095100
vt 0.997800 0.001300
vt 0.855600 0.149200
vt 0.775400 0.000000
vt 0.766800 0.019200
vt 0.758500 0.037900
vt 0.750800 0.055500
vt 0.744000 0.071500
vt 0.738300 0.085300
vt 0.734100 0.096400
vt 0.895600 0.590200
vt 0.956500 0.727900
vt 0.793300 0.650300
vt 0.731600 0.104300
vt 0.719500 1.000000
vt 0.667000 0.962600
vt 0.805400 0.881300
vt 0.728100 0.118200
vt 0.098500 0.078400
vt 0.721300 0.144400
vt 0.577300 0.873200
vt 0.839800 0.264400
vt 0.712000 0.177400
vt 0.701200 0.212000
vt 0.689800 0.242700
vt 0.028100 0.426800
vt 0.003500 0.410300
vt 0.164300 0.354400
vt 0.000000 0.276100
vt 0.678700 0.264300
vt 0.895400 0.416400
vt 0.668700 0.271300
vt 0.756300 0.547600
vt 0.499500 0.240800
vt 0.416000 0.518500
vt 0.473300 0.704100
vt 0.491100 0.828200
vt 0.869100 0.874200
vt 0.898200 0.833900
vt 1.000000 0.742300
vt 0.998900 0.798700
vt 0.975000 0.848300
vt 0.935600 0.855200
vt 0.222900 0.999500
vt 0.222900 0.000500
vt 0.066400 0.000500
vt 0.066400 0.999500
vt 0.294100 0.999500
vt 0.294100 0.000500
vt 0.348900 0.999500
vt 0.348900 0.000500
vt 0.748600 0.999500
vt 0.748600 0.000500
vt 0.694700 0.000500
vt 0.694700 0.999500
vt 0.446900 0.999500
vt 0.446900 0.000500
vt 0.517200 0.999500
vt 0.517200 0.000500
vt 0.628400 0.999500
vt 0.628400 0.000500
vt 0.684300 0.999500
vt 0.684300 0.000500
vt 0.804600 0.999500
vt 0.804600 0.000500
vt 0.357600 0.999500
vt 0.357600 0.000500
vt 0.341100 0.999500
vt 0.341100 0.000500
vt 0.528800 0.999500
vt 0.528800 0.000500
vt 0.447100 0.000500
vt 0.447100 0.999500
vt 0.835400 0.999500
vt 0.835400 0.000500
vt 0.654100 0.000500
vt 0.654100 0.999500
vt 0.949200 0.999500
vt 0.949200 0.000500
vt 0.497300 0.999500
vt 0.497300 0.000500
vt 0.373800 0.000500
vt 0.373800 0.999500
vt 0.502700 0.000500
vt 0.502700 0.999500
vt 0.249700 0.999500
vt 0.249700 0.000500
vt 0.235800 0.999500
vt 0.235800 0.000500
vt 0.057900 0.000500
vt 0.057900 0.999500
vt 0.464600 0.999500
vt 0.464600 0.000500
vt 0.681300 0.999500
vt 0.681300 0.000500
vt 0.730500 0.999500
vt 0.730500 0.000500
vt 0.340200 0.999500
vt 0.340200 0.000500
vt 0.269500 0.000500
vt 0.269500 0.999500
vt 0.751900 0.999500
vt 0.751900 0.000500
vt 0.659800 0.000500
vt 0.659800 0.999500
vt 0.704800 0.000500
vt 0.704800 0.999500
vt 0.768000 0.999500
vt 0.768000 0.000500
vt 0.714000 0.000500
vt 0.714000 0.999500
vt 0.859600 0.999500
vt 0.859600 0.000500
vt 0.888900 0.999500
vt 0.888900 0.000500
vt 0.959700 0.999500
vt 0.959700 0.000500
vt 0.405000 0.999500
vt 0.405000 0.000500
vt 0.335900 0.000500
vt 0.335900 0.999500
vt 0.434400 0.999500
vt 0.434400 0.000500
vt 0.979600 0.999500
vt 0.979600 0.000500
vt 0.947600 0.000500
vt 0.947600 0.999500
vt 0.506400 0.999500
vt 0.506400 0.000500
vt 0.468000 0.000500
vt 0.468000 0.999500
vt 0.597000 0.999500
vt 0.597000 0.000500
vt 0.027300 0.999500
vt 0.027300 0.000500
vt 0.736300 0.999500
vt 0.736300 0.000500
vt 0.605700 0.000500
vt 0.605700 0.999500
vt 0.003700 0.000500
vt 0.003700 0.999500
vt 1.000000 0.004900
vt 0.750500 0.057400
vt 0.502700 0.005300
vt 0.626300 0.050400
vt 0.357400 0.000000
vt 0.215100 0.195100
vt 0.447000 0.340900
vt 0.239700 0.315500
vt 0.642100 0.660000
vt 0.705000 0.752200
vt 0.601000 0.730800
vt 0.649600 0.235500
vt 0.567000 0.164200
vt 0.528800 0.345800
vt 0.666800 0.464600
vt 0.757300 0.714200
vt 0.783500 0.768200
vt 0.713600 0.859900
vt 0.402900 1.000000
vt 0.394200 0.973200
vt 0.493600 0.964300
vt 0.263400 0.996800
vt 0.256300 0.934000
vt 0.364600 0.777400
vt 0.251100 0.629000
vt 0.284100 0.553200
vt 0.305100 0.651200
vt 0.550700 0.681400
vt 0.532100 0.980100
vt 0.565600 0.948000
vt 0.202300 0.371500
vt 0.238200 0.482800
vt 0.319100 0.706100
vt 0.712900 0.889300
vt 0.664300 0.960200
vt 0.595100 0.965300
vt 0.031100 1.000000
vt 0.031100 0.000000
vt 0.043400 1.000000
vt 0.043400 0.000000
vt 0.056900 1.000000
vt 0.056900 0.000000
vt 0.084500 1.000000
vt 0.084500 0.000000
vt 0.104100 1.000000
vt 0.104100 0.000000
vt 0.132000 1.000000
vt 0.132000 0.000000
vt 0.142200 1.000000
vt 0.142200 0.000000
vt 0.147600 1.000000
vt 0.147600 0.000000
vt 0.157400 1.000000
vt 0.157400 0.000000
vt 0.173800 1.000000
vt 0.173800 0.000000
vt 0.197700 1.000000
vt 0.197700 0.000000
vt 0.232200 1.000000
vt 0.232200 0.000000
vt 0.364300 1.000000
vt 0.364300 0.000000
vt 0.410400 1.000000
vt 0.410400 0.000000
vt 0.435200 1.000000
vt 0.435200 0.000000
vt 0.461000 1.000000
vt 0.461000 0.000000
vt 0.465000 1.000000
vt 0.465000 0.000000
vt 0.472300 1.000000
vt 0.472300 0.000000
vt 0.477900 1.000000
vt 0.477900 0.000000
vt 0.502000 1.000000
vt 0.502000 0.000000
vt 0.514400 1.000000
vt 0.514400 0.000000
vt 0.523100 1.000000
vt 0.523100 0.000000
vt 0.529700 1.000000
vt 0.529700 0.000000
vt 0.539200 1.000000
vt 0.539200 0.000000
vt 0.548300 1.000000
vt 0.548300 0.000000
vt 0.556500 1.000000
vt 0.556500 0.000000
vt 0.568400 1.000000
vt 0.568400 0.000000
vt 0.581200 1.000000
vt 0.581200 0.000000
vt 0.603900 1.000000
vt 0.603900 0.000000
vt 0.614500 1.000000
vt 0.614500 0.000000
vt 0.624700 1.000000
vt 0.624700 0.000000
vt 0.644300 1.000000
vt 0.644300 0.000000
vt 0.660800 1.000000
vt 0.660800 0.000000
vt 0.679200 1.000000
vt 0.679200 0.000000
vt 0.693300 1.000000
vt 0.693300 0.000000
vt 0.708500 1.000000
vt 0.708500 0.000000
vt 0.726100 1.000000
vt 0.726100 0.000000
vt 0.751700 1.000000
vt 0.751700 0.000000
vt 0.759000 1.000000
vt 0.759000 0.000000
vt 0.776700 1.000000
vt 0.776700 0.000000
vt 0.791300 1.000000
vt 0.791300 0.000000
vt 0.807500 1.000000
vt 0.807500 0.000000
vt 0.841800 1.000000
vt 0.841800 0.000000
vt 0.850100 1.000000
vt 0.850100 0.000000
vt 0.858100 1.000000
vt 0.858100 0.000000
vt 0.876800 1.000000
vt 0.876800 0.000000
vt 0.898500 1.000000
vt 0.898500 0.000000
vt 0.911200 1.000000
vt 0.911200 0.000000
vt 0.928100 1.000000
vt 0.928100 0.000000
vt 0.950900 1.000000
vt 0.950900 0.000000
vt 0.984600 1.000000
vt 0.984600 0.000000
vt 0.745600 0.905400
vt 0.797600 0.819900
vt 0.782200 0.871300
vt 0.812100 0.826200
vt 0.826500 0.982600
vt 0.796300 1.000000
vt 0.710200 0.956900
vt 0.715600 0.985000
vt 0.664900 0.933900
vt 0.671200 0.874500
vt 0.636200 0.853800
vt 0.679000 0.793600
vt 0.649200 0.785100
vt 0.714400 0.701300
vt 0.723100 0.738300
vt 0.022200 0.001300
vt 0.632400 0.000000
vt 0.056000 0.181300
vt 0.669800 0.242200
vt 0.071600 0.307600
vt 0.099700 0.389100
vt 0.847300 0.712000
vt 0.808000 0.732700
vt 0.834000 0.645700
vt 0.726100 0.659200
vt 0.156500 0.963800
vt 0.084600 0.967500
vt 0.172400 0.883700
vt 0.134100 0.423300
vt 0.155200 0.408500
vt 0.174700 0.458000
vt 0.873300 0.360200
vt 0.905800 0.370700
vt 0.862900 0.378300
vt 0.915500 0.398000
vt 0.023900 0.923400
vt 0.000000 0.863800
vt 0.002600 0.791700
vt 0.078100 0.672900
vt 0.326900 0.858900
vt 0.401100 0.772900
vt 0.088900 0.569000
vt 0.479000 0.765800
vt 0.534900 0.745100
vt 0.603900 0.660900
vt 0.748900 0.338100
vt 0.689800 0.650300
vt 0.852500 0.585700
vt 1.000000 0.482100
vt 0.890200 0.588700
vt 0.987800 0.546600
vt 0.928900 0.608200
vt 0.989100 0.593200
vt 0.970900 0.621800
s 1
usemtl 3d66_Standardmaterial_17342430_129
f 3/1/1 2/2/2 1/3/3
f 4/4/4 3/1/1 1/3/3
f 6/5/5 5/6/6 2/2/7
f 3/1/5 6/5/5 2/2/7
f 8/7/8 7/8/9 5/6/10
f 6/5/11 8/7/8 5/6/10
f 10/9/12 9/10/13 7/8/13
f 8/7/14 10/9/12 7/8/13
f 12/11/15 11/12/16 9/10/16
f 10/9/17 12/11/15 9/10/16
f 14/13/18 13/14/19 11/12/20
f 12/11/21 14/13/18 11/12/20
f 16/15/22 15/16/23 13/14/24
f 14/13/25 16/15/22 13/14/24
f 18/17/26 17/18/27 15/16/28
f 16/15/29 18/17/26 15/16/28
f 20/19/30 19/20/31 17/18/32
f 18/17/30 20/19/30 17/18/32
f 22/21/33 21/22/34 19/20/35
f 20/19/33 22/21/33 19/20/35
f 24/23/36 23/24/37 21/22/38
f 22/21/39 24/23/36 21/22/38
f 26/25/40 25/26/41 23/24/42
f 24/23/43 26/25/40 23/24/42
f 28/27/44 27/28/45 25/26/46
f 26/25/47 28/27/44 25/26/46
f 30/29/48 29/30/49 27/28/49
f 28/27/50 30/29/48 27/28/49
f 32/31/51 31/32/52 29/30/53
f 30/29/51 32/31/51 29/30/53
f 34/33/54 33/34/55 31/32/56
f 32/31/57 34/33/54 31/32/56
f 36/35/58 35/36/59 33/34/60
f 34/33/61 36/35/58 33/34/60
f 38/37/62 37/38/63 35/36/64
f 36/35/62 38/37/62 35/36/64
f 40/39/65 39/40/66 37/38/67
f 38/37/68 40/39/65 37/38/67
f 42/41/69 41/42/70 39/40/71
f 40/39/72 42/41/69 39/40/71
f 44/43/73 43/44/74 41/42/75
f 42/41/76 44/43/73 41/42/75
f 46/45/77 45/46/77 43/44/77
f 44/43/77 46/45/77 43/44/77
f 48/47/78 47/48/79 45/46/80
f 46/45/78 48/47/78 45/46/80
f 50/49/81 49/50/81 47/48/81
f 48/47/82 50/49/81 47/48/81
f 52/51/83 51/52/84 49/50/85
f 50/49/86 52/51/83 49/50/85
f 54/53/87 53/54/88 51/52/89
f 52/51/90 54/53/87 51/52/89
f 56/55/91 55/56/91 53/54/92
f 54/53/91 56/55/91 53/54/92
f 58/57/93 57/58/94 55/56/94
f 56/55/95 58/57/93 55/56/94
f 60/59/96 59/60/97 57/58/97
f 58/57/98 60/59/96 57/58/97
f 62/61/99 61/62/100 59/60/101
f 60/59/102 62/61/99 59/60/101
f 64/63/103 63/64/104 61/62/105
f 62/61/103 64/63/103 61/62/105
f 66/65/106 65/66/107 63/64/108
f 64/63/109 66/65/106 63/64/108
f 68/67/110 67/68/111 65/66/110
f 66/65/112 68/67/110 65/66/110
f 70/69/113 69/70/114 67/68/115
f 68/67/116 70/69/113 67/68/115
f 72/71/117 71/72/118 69/70/119
f 70/69/120 72/71/117 69/70/119
f 74/73/121 73/74/122 71/72/123
f 72/71/124 74/73/121 71/72/123
f 76/75/125 75/76/126 73/74/127
f 74/73/125 76/75/125 73/74/127
f 4/77/128 1/78/129 75/76/130
f 76/75/131 4/77/128 75/76/130
f 79/117/202 78/118/203 77/3/204
f 80/4/205 79/117/202 77/3/204
f 82/119/206 81/120/207 78/118/207
f 79/117/208 82/119/206 78/118/207
f 84/121/209 83/122/210 81/120/210
f 82/119/211 84/121/209 81/120/210
f 86/123/212 85/124/213 83/122/214
f 84/121/215 86/123/212 83/122/214
f 88/125/216 87/126/217 85/124/218
f 86/123/219 88/125/216 85/124/218
f 90/127/220 89/128/221 87/126/222
f 88/125/223 90/127/220 87/126/222
f 92/129/224 91/130/225 89/128/226
f 90/127/227 92/129/224 89/128/226
f 94/131/228 93/132/229 91/130/230
f 92/129/231 94/131/228 91/130/230
f 96/133/232 95/134/233 93/132/233
f 94/131/232 96/133/232 93/132/233
f 98/135/234 97/136/235 95/134/236
f 96/133/237 98/135/234 95/134/236
f 100/137/238 99/138/239 97/136/240
f 98/135/241 100/137/238 97/136/240
f 102/139/242 101/140/243 99/138/244
f 100/137/245 102/139/242 99/138/244
f 104/141/246 103/142/247 101/140/248
f 102/139/249 104/141/246 101/140/248
f 106/143/250 105/144/251 103/142/252
f 104/141/253 106/143/250 103/142/252
f 108/145/254 107/146/255 105/144/256
f 106/143/257 108/145/254 105/144/256
f 110/147/258 109/148/259 107/146/260
f 108/145/258 110/147/258 107/146/260
f 112/149/261 111/150/262 109/148/263
f 110/147/261 112/149/261 109/148/263
f 114/151/264 113/152/265 111/150/266
f 112/149/267 114/151/264 111/150/266
f 116/153/268 115/154/269 113/152/270
f 114/151/271 116/153/268 113/152/270
f 118/155/272 117/156/273 115/154/274
f 116/153/275 118/155/272 115/154/274
f 120/157/276 119/158/277 117/156/278
f 118/155/279 120/157/276 117/156/278
f 122/159/280 121/160/281 119/158/282
f 120/157/283 122/159/280 119/158/282
f 124/161/284 123/162/285 121/160/286
f 122/159/287 124/161/284 121/160/286
f 126/163/288 125/164/289 123/162/290
f 124/161/291 126/163/288 123/162/290
f 128/165/292 127/166/293 125/164/293
f 126/163/294 128/165/292 125/164/293
f 130/167/295 129/168/296 127/166/297
f 128/165/298 130/167/295 127/166/297
f 132/169/299 131/170/300 129/168/301
f 130/167/302 132/169/299 129/168/301
f 134/171/303 133/172/304 131/170/305
f 132/169/306 134/171/303 131/170/305
f 136/173/307 135/174/308 133/172/307
f 134/171/309 136/173/307 133/172/307
f 138/175/310 137/176/311 135/174/312
f 136/173/313 138/175/310 135/174/312
f 140/177/314 139/178/315 137/176/314
f 138/175/316 140/177/314 137/176/314
f 142/179/317 141/180/318 139/178/319
f 140/177/320 142/179/317 139/178/319
f 144/181/321 143/182/322 141/180/323
f 142/179/324 144/181/321 141/180/323
f 146/183/325 145/184/326 143/182/327
f 144/181/328 146/183/325 143/182/327
f 148/185/329 147/186/330 145/184/329
f 146/183/331 148/185/329 145/184/329
f 150/187/332 149/188/333 147/186/334
f 148/185/335 150/187/332 147/186/334
f 152/189/336 151/190/337 149/188/338
f 150/187/339 152/189/336 149/188/338
f 154/191/340 153/192/341 151/190/342
f 152/189/343 154/191/340 151/190/342
f 156/193/344 155/194/345 153/192/346
f 154/191/347 156/193/344 153/192/346
f 158/195/348 157/196/349 155/194/349
f 156/193/350 158/195/348 155/194/349
f 160/197/351 159/198/352 157/196/353
f 158/195/354 160/197/351 157/196/353
f 80/77/355 77/78/356 159/198/357
f 160/197/358 80/77/355 159/198/357
f 245/404/667 244/405/668 243/3/669
f 246/4/670 245/404/667 243/3/669
f 248/406/671 247/407/672 244/405/673
f 245/404/674 248/406/671 244/405/673
f 250/408/675 249/409/676 247/407/677
f 248/406/678 250/408/675 247/407/677
f 252/410/679 251/411/680 249/409/681
f 250/408/682 252/410/679 249/409/681
f 254/412/683 253/413/684 251/411/685
f 252/410/686 254/412/683 251/411/685
f 256/414/687 255/415/688 253/413/687
f 254/412/687 256/414/687 253/413/687
f 258/416/689 257/417/690 255/415/689
f 256/414/691 258/416/689 255/415/689
f 260/418/692 259/419/693 257/417/694
f 258/416/695 260/418/692 257/417/694
f 262/420/696 261/421/697 259/419/698
f 260/418/699 262/420/696 259/419/698
f 264/422/700 263/423/701 261/421/702
f 262/420/703 264/422/700 261/421/702
f 266/424/704 265/425/705 263/423/706
f 264/422/707 266/424/704 263/423/706
f 268/426/708 267/427/709 265/425/710
f 266/424/711 268/426/708 265/425/710
f 270/428/712 269/429/713 267/427/712
f 268/426/714 270/428/712 267/427/712
f 272/430/715 271/431/716 269/429/717
f 270/428/718 272/430/715 269/429/717
f 274/432/719 273/433/720 271/431/721
f 272/430/722 274/432/719 271/431/721
f 276/434/723 275/435/724 273/433/725
f 274/432/726 276/434/723 273/433/725
f 278/436/727 277/437/727 275/435/727
f 276/434/727 278/436/727 275/435/727
f 280/438/728 279/439/729 277/437/730
f 278/436/731 280/438/728 277/437/730
f 282/440/732 281/441/733 279/439/734
f 280/438/735 282/440/732 279/439/734
f 284/442/736 283/443/737 281/441/738
f 282/440/739 284/442/736 281/441/738
f 286/444/740 285/445/741 283/443/740
f 284/442/742 286/444/740 283/443/740
f 288/446/743 287/447/744 285/445/745
f 286/444/746 288/446/743 285/445/745
f 290/448/747 289/449/748 287/447/749
f 288/446/750 290/448/747 287/447/749
f 292/450/751 291/451/752 289/449/752
f 290/448/753 292/450/751 289/449/752
f 294/452/754 293/453/755 291/451/756
f 292/450/757 294/452/754 291/451/756
f 296/454/758 295/455/759 293/453/759
f 294/452/760 296/454/758 293/453/759
f 298/456/761 297/457/762 295/455/763
f 296/454/764 298/456/761 295/455/763
f 246/77/765 243/78/766 297/457/767
f 298/456/768 246/77/765 297/457/767
f 301/486/819 300/487/820 299/3/821
f 302/4/822 301/486/819 299/3/821
f 304/488/823 303/489/824 300/487/825
f 301/486/826 304/488/823 300/487/825
f 306/490/827 305/491/828 303/489/829
f 304/488/830 306/490/827 303/489/829
f 308/492/831 307/493/832 305/491/833
f 306/490/834 308/492/831 305/491/833
f 310/494/835 309/495/836 307/493/837
f 308/492/838 310/494/835 307/493/837
f 312/496/839 311/497/840 309/495/841
f 310/494/842 312/496/839 309/495/841
f 314/498/843 313/499/844 311/497/845
f 312/496/846 314/498/843 311/497/845
f 316/500/847 315/501/848 313/499/847
f 314/498/849 316/500/847 313/499/847
f 318/502/850 317/503/851 315/501/852
f 316/500/853 318/502/850 315/501/852
f 320/504/854 319/505/855 317/503/854
f 318/502/856 320/504/854 317/503/854
f 322/506/857 321/507/858 319/505/857
f 320/504/859 322/506/857 319/505/857
f 324/508/860 323/509/861 321/507/862
f 322/506/863 324/508/860 321/507/862
f 326/510/838 325/511/864 323/509/838
f 324/508/865 326/510/838 323/509/838
f 328/512/866 327/513/867 325/511/868
f 326/510/869 328/512/866 325/511/868
f 330/514/870 329/515/871 327/513/872
f 328/512/873 330/514/870 327/513/872
f 332/516/874 331/517/875 329/515/876
f 330/514/877 332/516/874 329/515/876
f 334/518/878 333/519/879 331/517/880
f 332/516/881 334/518/878 331/517/880
f 336/520/882 335/521/883 333/519/884
f 334/518/885 336/520/882 333/519/884
f 338/522/886 337/523/887 335/521/888
f 336/520/886 338/522/886 335/521/888
f 340/524/889 339/525/890 337/523/889
f 338/522/891 340/524/889 337/523/889
f 342/526/892 341/527/893 339/525/894
f 340/524/895 342/526/892 339/525/894
f 344/528/896 343/529/897 341/527/897
f 342/526/898 344/528/896 341/527/897
f 346/530/899 345/531/900 343/529/900
f 344/528/899 346/530/899 343/529/900
f 348/532/901 347/533/902 345/531/903
f 346/530/904 348/532/901 345/531/903
f 350/534/905 349/535/906 347/533/907
f 348/532/908 350/534/905 347/533/907
f 352/536/909 351/537/910 349/535/911
f 350/534/909 352/536/909 349/535/911
f 354/454/912 353/455/912 351/537/912
f 352/536/913 354/454/912 351/537/912
f 356/538/914 355/539/915 353/455/916
f 354/454/914 356/538/914 353/455/916
f 302/77/917 299/78/918 355/539/919
f 356/538/920 302/77/917 355/539/919
usemtl 3d66_Standardmaterial_17342430_128
f 23/79/132 25/80/133 21/81/134
f 2/82/135 5/83/136 1/84/137
f 63/85/138 65/86/139 61/87/140
f 33/88/141 35/89/142 31/90/143
f 35/89/142 37/91/144 31/90/143
f 13/92/145 15/93/143 11/94/146
f 49/95/147 51/96/148 47/97/149
f 51/96/148 53/98/150 47/97/149
f 75/99/151 1/84/137 73/100/152
f 27/101/153 29/102/154 25/80/133
f 17/103/155 19/104/156 15/93/143
f 5/83/136 7/105/157 1/84/137
f 43/106/158 45/107/159 41/108/160
f 41/108/160 45/107/159 39/109/161
f 39/109/161 45/107/159 37/91/144
f 37/91/144 45/107/159 31/90/143
f 31/90/143 45/107/159 29/102/154
f 29/102/154 45/107/159 25/80/133
f 45/107/159 47/97/149 25/80/133
f 25/80/133 47/97/149 21/81/134
f 47/97/149 53/98/150 21/81/134
f 53/98/150 55/110/162 21/81/134
f 55/110/162 57/111/157 21/81/134
f 21/81/134 57/111/157 19/104/156
f 19/104/156 57/111/157 15/93/143
f 57/111/157 59/112/147 15/93/143
f 15/93/143 59/112/147 11/94/146
f 1/84/137 7/105/157 73/100/152
f 65/86/139 67/113/163 61/87/140
f 67/113/163 69/114/164 61/87/140
f 9/115/165 11/94/146 7/105/157
f 11/94/146 59/112/147 7/105/157
f 7/105/157 59/112/147 73/100/152
f 59/112/147 61/87/140 73/100/152
f 61/87/140 69/114/164 73/100/152
f 73/100/152 69/114/164 71/116/166
f 26/80/167 24/79/168 22/81/169
f 6/83/170 3/82/171 4/84/172
f 66/86/173 64/85/174 62/87/175
f 36/89/176 34/88/177 32/90/178
f 38/91/179 36/89/176 32/90/178
f 16/93/180 14/92/181 12/94/182
f 52/96/183 50/95/184 48/97/185
f 54/98/186 52/96/183 48/97/185
f 4/84/172 76/99/187 74/100/188
f 30/102/189 28/101/190 26/80/167
f 20/104/191 18/103/184 16/93/180
f 8/105/192 6/83/170 4/84/172
f 46/107/193 44/106/194 42/108/195
f 46/107/193 42/108/195 40/109/196
f 46/107/193 40/109/196 38/91/179
f 46/107/193 38/91/179 32/90/178
f 46/107/193 32/90/178 30/102/189
f 46/107/193 30/102/189 26/80/167
f 48/97/185 46/107/193 26/80/167
f 48/97/185 26/80/167 22/81/169
f 54/98/186 48/97/185 22/81/169
f 56/110/197 54/98/186 22/81/169
f 58/111/198 56/110/197 22/81/169
f 58/111/198 22/81/169 20/104/191
f 58/111/198 20/104/191 16/93/180
f 60/112/191 58/111/198 16/93/180
f 60/112/191 16/93/180 12/94/182
f 8/105/192 4/84/172 74/100/188
f 68/113/199 66/86/173 62/87/175
f 70/114/200 68/113/199 62/87/175
f 12/94/182 10/115/181 8/105/192
f 60/112/191 12/94/182 8/105/192
f 60/112/191 8/105/192 74/100/188
f 62/87/175 60/112/191 74/100/188
f 70/114/200 62/87/175 74/100/188
f 70/114/200 74/100/188 72/116/201
usemtl 3d66_Standardmaterial_17342430_130
f 133/199/359 135/200/360 131/201/361
f 119/202/362 121/203/363 117/204/364
f 93/205/365 95/206/366 91/207/367
f 153/208/368 155/209/369 151/210/370
f 127/211/371 129/212/372 125/213/373
f 89/214/374 91/207/367 87/215/375
f 85/216/376 87/215/375 83/217/377
f 117/204/364 121/203/363 115/218/378
f 123/219/379 125/213/373 121/203/363
f 107/220/380 109/221/381 105/222/382
f 155/209/369 157/223/383 151/210/370
f 135/200/360 137/224/384 131/201/361
f 143/225/385 145/226/386 141/227/387
f 145/226/386 147/228/388 141/227/387
f 141/227/387 147/228/388 139/229/385
f 113/230/389 115/218/378 111/231/390
f 101/232/391 103/233/392 99/234/393
f 131/201/361 137/224/384 129/212/372
f 159/235/394 77/236/387 157/223/383
f 77/236/387 78/237/395 157/223/383
f 147/228/388 149/238/396 139/229/385
f 137/224/384 139/229/385 129/212/372
f 129/212/372 139/229/385 125/213/373
f 125/213/373 139/229/385 121/203/363
f 121/203/363 139/229/385 115/218/378
f 139/229/385 149/238/396 115/218/378
f 115/218/378 149/238/396 111/231/390
f 111/231/390 149/238/396 109/221/381
f 109/221/381 149/238/396 105/222/382
f 105/222/382 149/238/396 103/233/392
f 149/238/396 151/210/370 103/233/392
f 103/233/392 151/210/370 99/234/393
f 81/239/397 83/217/377 78/237/395
f 78/237/395 83/217/377 157/223/383
f 157/223/383 83/217/377 151/210/370
f 151/210/370 83/217/377 99/234/393
f 83/217/377 87/215/375 99/234/393
f 87/215/375 91/207/367 99/234/393
f 91/207/367 95/206/366 99/234/393
f 95/206/366 97/240/398 99/234/393
f 136/200/399 134/199/400 132/201/401
f 122/203/402 120/202/403 118/204/404
f 96/206/405 94/205/406 92/207/407
f 156/209/408 154/208/409 152/210/410
f 130/212/411 128/211/412 126/213/413
f 92/207/407 90/214/414 88/215/415
f 88/215/415 86/216/416 84/217/417
f 122/203/402 118/204/404 116/218/418
f 126/213/413 124/219/419 122/203/402
f 110/221/420 108/220/421 106/222/417
f 158/223/422 156/209/408 152/210/410
f 138/224/423 136/200/399 132/201/401
f 146/226/424 144/225/425 142/227/424
f 148/228/426 146/226/424 142/227/424
f 148/228/426 142/227/424 140/229/424
f 116/218/418 114/230/427 112/231/428
f 104/233/411 102/232/429 100/234/430
f 138/224/423 132/201/401 130/212/411
f 80/236/431 160/235/432 158/223/422
f 79/237/433 80/236/431 158/223/422
f 150/238/434 148/228/426 140/229/424
f 140/229/424 138/224/423 130/212/411
f 140/229/424 130/212/411 126/213/413
f 140/229/424 126/213/413 122/203/402
f 140/229/424 122/203/402 116/218/418
f 150/238/434 140/229/424 116/218/418
f 150/238/434 116/218/418 112/231/428
f 150/238/434 112/231/428 110/221/420
f 150/238/434 110/221/420 106/222/417
f 150/238/434 106/222/417 104/233/411
f 152/210/410 150/238/434 104/233/411
f 152/210/410 104/233/411 100/234/430
f 84/217/417 82/239/435 79/237/433
f 84/217/417 79/237/433 158/223/422
f 84/217/417 158/223/422 152/210/410
f 84/217/417 152/210/410 100/234/430
f 88/215/415 84/217/417 100/234/430
f 92/207/407 88/215/415 100/234/430
f 96/206/405 92/207/407 100/234/430
f 98/240/436 96/206/405 100/234/430
usemtl 3d66_Standardmaterial_17342430_132
f 163/241/437 162/242/438 161/243/439
f 164/244/440 163/241/437 161/243/439
f 166/245/441 165/246/442 162/242/443
f 163/241/444 166/245/441 162/242/443
f 168/247/445 167/248/446 165/246/447
f 166/245/445 168/247/445 165/246/447
f 170/249/448 169/250/449 167/248/450
f 168/247/451 170/249/448 167/248/450
f 172/251/452 171/252/453 169/253/454
f 170/254/455 172/251/452 169/253/454
f 174/255/456 173/256/457 171/257/458
f 172/258/459 174/255/456 171/257/458
f 176/259/460 175/260/461 173/256/462
f 174/255/463 176/259/460 173/256/462
f 178/261/464 177/262/465 175/263/464
f 176/264/466 178/261/464 175/263/464
f 180/265/467 179/266/468 177/267/469
f 178/268/469 180/265/467 177/267/469
f 182/269/470 181/270/471 179/266/472
f 180/265/473 182/269/470 179/266/472
f 184/271/474 183/272/474 181/270/475
f 182/269/476 184/271/474 181/270/475
f 186/261/477 185/262/478 183/272/479
f 184/271/480 186/261/477 183/272/479
f 188/273/481 187/274/482 185/275/483
f 186/276/484 188/273/481 185/275/483
f 190/277/485 189/278/486 187/279/487
f 188/280/488 190/277/485 187/279/487
f 192/281/489 191/282/490 189/278/491
f 190/277/492 192/281/489 189/278/491
f 194/283/493 193/284/494 191/285/493
f 192/286/495 194/283/493 191/285/493
f 196/287/496 195/288/497 193/289/498
f 194/290/499 196/287/496 193/289/498
f 198/261/500 197/262/501 195/291/502
f 196/292/503 198/261/500 195/291/502
f 200/293/504 199/294/505 197/295/506
f 198/296/507 200/293/504 197/295/506
f 202/297/508 201/298/509 199/299/510
f 200/300/511 202/297/508 199/299/510
f 204/301/512 203/302/513 201/303/514
f 202/304/515 204/301/512 201/303/514
f 206/305/516 205/306/517 203/302/518
f 204/301/519 206/305/516 203/302/518
f 208/307/520 207/308/521 205/309/521
f 206/310/522 208/307/520 205/309/521
f 210/311/523 209/312/524 207/313/525
f 208/314/526 210/311/523 207/313/525
f 212/315/527 211/316/528 209/317/529
f 210/318/530 212/315/527 209/317/529
f 214/319/531 213/320/532 211/321/533
f 212/322/534 214/319/531 211/321/533
f 216/323/535 215/324/536 213/325/537
f 214/326/538 216/323/535 213/325/537
f 218/327/539 217/328/540 215/329/540
f 216/330/539 218/327/539 215/329/540
f 220/314/541 219/313/542 217/331/543
f 218/332/544 220/314/541 217/331/543
f 222/333/545 221/334/546 219/313/547
f 220/314/548 222/333/545 219/313/547
f 224/335/549 223/336/550 221/334/551
f 222/333/552 224/335/549 221/334/551
f 226/337/553 225/338/554 223/339/555
f 224/340/556 226/337/553 223/339/555
f 228/341/557 227/342/558 225/343/559
f 226/344/560 228/341/557 225/343/559
f 230/345/561 229/346/562 227/342/563
f 228/341/564 230/345/561 227/342/563
f 232/347/565 231/348/566 229/346/567
f 230/345/568 232/347/565 229/346/567
f 234/349/569 233/350/570 231/348/571
f 232/347/572 234/349/569 231/348/571
f 236/351/573 235/352/574 233/350/575
f 234/349/576 236/351/573 233/350/575
f 238/353/577 237/354/578 235/355/579
f 236/356/580 238/353/577 235/355/579
f 240/357/581 239/358/582 237/354/583
f 238/353/584 240/357/581 237/354/583
f 242/359/585 241/360/586 239/358/587
f 240/357/588 242/359/585 239/358/587
f 164/244/589 161/243/590 241/361/591
f 242/362/592 164/244/589 241/361/591
f 359/568/968 358/569/969 357/570/970
f 360/571/971 359/568/968 357/570/970
f 362/572/972 361/573/973 358/569/974
f 359/568/972 362/572/972 358/569/974
f 364/574/975 363/575/976 361/573/977
f 362/572/978 364/574/975 361/573/977
f 366/576/979 365/577/980 363/575/979
f 364/574/981 366/576/979 363/575/979
f 368/578/982 367/579/983 365/577/984
f 366/576/985 368/578/982 365/577/984
f 370/580/986 369/581/987 367/582/988
f 368/583/989 370/580/986 367/582/988
f 372/584/990 371/585/991 369/586/991
f 370/587/992 372/584/990 369/586/991
f 374/588/993 373/589/994 371/585/995
f 372/584/996 374/588/993 371/585/995
f 376/590/997 375/591/998 373/589/997
f 374/588/999 376/590/997 373/589/997
f 378/592/1000 377/593/1001 375/591/1000
f 376/590/1000 378/592/1000 375/591/1000
f 380/594/1002 379/595/1003 377/596/1004
f 378/597/1005 380/594/1002 377/596/1004
f 382/598/1006 381/599/1007 379/600/1008
f 380/601/1009 382/598/1006 379/600/1008
f 384/602/1010 383/603/1011 381/604/1012
f 382/605/1013 384/602/1010 381/604/1012
f 386/606/1014 385/607/1015 383/608/1014
f 384/609/1016 386/606/1014 383/608/1014
f 388/610/1017 387/611/1018 385/612/1019
f 386/613/1020 388/610/1017 385/612/1019
f 390/614/1021 389/615/1022 387/616/1018
f 388/617/1017 390/614/1021 387/616/1018
f 392/618/1023 391/619/1024 389/615/1022
f 390/614/1021 392/618/1023 389/615/1022
f 394/620/1025 393/621/1026 391/619/1024
f 392/618/1023 394/620/1025 391/619/1024
f 396/622/1027 395/623/1028 393/621/1026
f 394/620/1025 396/622/1027 393/621/1026
f 398/624/1029 397/625/1030 395/623/1028
f 396/622/1027 398/624/1029 395/623/1028
f 400/626/1031 399/627/1032 397/625/1030
f 398/624/1029 400/626/1031 397/625/1030
f 402/628/1033 401/629/1034 399/627/1032
f 400/626/1031 402/628/1033 399/627/1032
f 404/630/1035 403/631/1036 401/629/1034
f 402/628/1033 404/630/1035 401/629/1034
f 406/632/1037 405/633/1038 403/631/1036
f 404/630/1035 406/632/1037 403/631/1036
f 408/634/1039 407/635/1040 405/633/1038
f 406/632/1037 408/634/1039 405/633/1038
f 410/636/1041 409/637/1042 407/635/1040
f 408/634/1039 410/636/1041 407/635/1040
f 412/638/1043 411/639/1044 409/637/1042
f 410/636/1041 412/638/1043 409/637/1042
f 414/640/1045 413/641/1045 411/639/1044
f 412/638/1043 414/640/1045 411/639/1044
f 416/261/1046 415/262/1047 413/641/1045
f 414/640/1045 416/261/1046 413/641/1045
f 418/642/1048 417/643/1049 415/644/1050
f 416/645/1051 418/642/1048 415/644/1050
f 420/646/1052 419/647/1053 417/648/1054
f 418/649/1055 420/646/1052 417/648/1054
f 422/650/1056 421/651/1057 419/647/1058
f 420/646/1059 422/650/1056 419/647/1058
f 424/652/1060 423/653/1061 421/651/1060
f 422/650/1062 424/652/1060 421/651/1060
f 426/654/1063 425/655/1064 423/653/1065
f 424/652/1066 426/654/1063 423/653/1065
f 428/656/1067 427/657/1068 425/655/1068
f 426/654/1067 428/656/1067 425/655/1068
f 430/658/1069 429/659/1070 427/660/1071
f 428/661/1072 430/658/1069 427/660/1071
f 432/662/1073 431/663/1074 429/664/1075
f 430/665/1076 432/662/1073 429/664/1075
f 434/261/1077 433/262/1078 431/666/1079
f 432/667/1077 434/261/1077 431/666/1079
f 436/668/1080 435/669/1081 433/670/1082
f 434/671/1083 436/668/1080 433/670/1082
f 438/672/1084 437/673/1085 435/669/1086
f 436/668/1087 438/672/1084 435/669/1086
f 440/674/1088 439/675/1089 437/676/1090
f 438/677/1091 440/674/1088 437/676/1090
f 442/678/1092 441/679/1093 439/680/1094
f 440/681/1095 442/678/1092 439/680/1094
f 444/682/1096 443/683/1097 441/684/1098
f 442/685/1099 444/682/1096 441/684/1098
f 446/686/1100 445/687/1101 443/688/1102
f 444/689/1103 446/686/1100 443/688/1102
f 448/261/1104 447/262/1105 445/690/1106
f 446/691/1107 448/261/1104 445/690/1106
f 360/571/1108 357/570/1109 447/692/1110
f 448/693/1111 360/571/1108 447/692/1110
f 451/740/1196 450/741/1197 449/742/1198
f 452/743/1199 451/740/1196 449/742/1198
f 454/744/1200 453/745/1201 450/741/1202
f 451/740/1203 454/744/1200 450/741/1202
f 456/746/1204 455/747/1205 453/745/1206
f 454/744/1204 456/746/1204 453/745/1206
f 458/748/1207 457/749/1208 455/750/1209
f 456/751/1210 458/748/1207 455/750/1209
f 460/752/1211 459/753/1212 457/328/1213
f 458/327/1214 460/752/1211 457/328/1213
f 462/754/1215 461/755/1216 459/753/1217
f 460/752/1218 462/754/1215 459/753/1217
f 464/756/1219 463/757/1220 461/755/1221
f 462/754/1222 464/756/1219 461/755/1221
f 466/758/1223 465/759/1224 463/757/1225
f 464/756/1226 466/758/1223 463/757/1225
f 468/760/1227 467/761/1228 465/759/1229
f 466/758/1230 468/760/1227 465/759/1229
f 470/261/1231 469/262/1232 467/761/1233
f 468/760/1234 470/261/1231 467/761/1233
f 472/762/1235 471/763/1236 469/692/1237
f 470/693/1238 472/762/1235 469/692/1237
f 474/764/1239 473/765/1240 471/692/1241
f 472/693/1242 474/764/1239 471/692/1241
f 476/766/1243 475/767/1244 473/768/1245
f 474/769/1246 476/766/1243 473/768/1245
f 478/770/1247 477/771/1248 475/772/1249
f 476/773/1250 478/770/1247 475/772/1249
f 480/774/1251 479/775/1252 477/771/1253
f 478/770/1254 480/774/1251 477/771/1253
f 482/776/1255 481/777/1256 479/778/1257
f 480/779/1258 482/776/1255 479/778/1257
f 484/261/1259 483/262/1260 481/780/1261
f 482/781/1262 484/261/1259 481/780/1261
f 486/782/1263 485/783/1264 483/692/1263
f 484/693/1265 486/782/1263 483/692/1263
f 488/784/1266 487/785/1267 485/786/1266
f 486/787/1268 488/784/1266 485/786/1266
f 490/788/1269 489/789/1270 487/785/1271
f 488/784/1272 490/788/1269 487/785/1271
f 492/790/1273 491/791/1274 489/789/1275
f 490/788/1276 492/790/1273 489/789/1275
f 494/792/1277 493/793/1278 491/791/1279
f 492/790/1280 494/792/1277 491/791/1279
f 496/794/1281 495/795/1282 493/796/1283
f 494/797/1284 496/794/1281 493/796/1283
f 498/798/1285 497/799/1286 495/800/1287
f 496/801/1288 498/798/1285 495/800/1287
f 500/618/1289 499/619/1290 497/802/1291
f 498/803/1292 500/618/1289 497/802/1291
f 502/804/1293 501/805/1294 499/806/1295
f 500/807/1296 502/804/1293 499/806/1295
f 504/808/1297 503/809/1298 501/805/1299
f 502/804/1300 504/808/1297 501/805/1299
f 506/810/1301 505/811/1302 503/809/1303
f 504/808/1304 506/810/1301 503/809/1303
f 508/812/1305 507/813/1306 505/811/1307
f 506/810/1308 508/812/1305 505/811/1307
f 510/814/1309 509/815/1310 507/816/1311
f 508/817/1312 510/814/1309 507/816/1311
f 512/818/1313 511/819/1314 509/815/1314
f 510/814/1313 512/818/1313 509/815/1314
f 514/820/1315 513/821/1316 511/822/1317
f 512/823/1318 514/820/1315 511/822/1317
f 516/824/1319 515/825/1320 513/826/1321
f 514/827/1322 516/824/1319 513/826/1321
f 518/828/1323 517/829/1324 515/825/1325
f 516/824/1326 518/828/1323 515/825/1325
f 520/830/1327 519/831/1328 517/692/1329
f 518/693/1330 520/830/1327 517/692/1329
f 522/832/1331 521/833/1332 519/834/1333
f 520/835/1334 522/832/1331 519/834/1333
f 452/743/1335 449/742/1336 521/836/1336
f 522/837/1337 452/743/1335 521/836/1336
usemtl 3d66_Standardmaterial_17342430_131
f 193/363/593 195/364/594 191/365/595
f 209/366/596 211/367/597 207/368/598
f 197/369/599 199/370/600 195/364/594
f 199/370/600 201/371/601 195/364/594
f 241/372/602 161/373/603 239/374/604
f 195/364/594 201/371/601 191/365/595
f 187/375/605 189/376/606 185/377/607
f 189/376/606 191/365/595 185/377/607
f 175/378/608 177/379/609 173/380/609
f 177/379/609 179/381/610 173/380/609
f 173/380/609 179/381/610 171/382/611
f 179/381/610 181/383/612 171/382/611
f 235/384/613 237/385/614 233/386/615
f 237/385/614 239/374/604 233/386/615
f 239/374/604 161/373/603 233/386/615
f 185/377/607 191/365/595 183/387/616
f 183/387/616 191/365/595 181/383/612
f 181/383/612 191/365/595 171/382/611
f 171/382/611 191/365/595 169/388/617
f 191/365/595 201/371/601 169/388/617
f 225/389/618 227/390/619 223/391/620
f 233/386/615 161/373/603 231/392/621
f 161/373/603 162/393/622 231/392/621
f 162/393/622 165/394/623 231/392/621
f 231/392/621 165/394/623 229/395/624
f 229/395/624 165/394/623 227/390/619
f 227/390/619 165/394/623 223/391/620
f 165/394/623 167/396/625 223/391/620
f 223/391/620 167/396/625 221/397/626
f 167/396/625 169/388/617 221/397/626
f 221/397/626 169/388/617 219/398/627
f 219/398/627 169/388/617 217/399/628
f 169/388/617 201/371/601 217/399/628
f 217/399/628 201/371/601 215/400/629
f 215/400/629 201/371/601 213/401/620
f 213/401/620 201/371/601 211/367/597
f 211/367/597 201/371/601 207/368/598
f 201/371/601 203/402/630 207/368/598
f 203/402/630 205/403/631 207/368/598
f 196/364/632 194/363/633 192/365/634
f 212/367/635 210/366/636 208/368/634
f 200/370/637 198/369/638 196/364/632
f 202/371/639 200/370/637 196/364/632
f 164/373/640 242/372/641 240/374/642
f 202/371/639 196/364/632 192/365/634
f 190/376/643 188/375/644 186/377/645
f 192/365/634 190/376/643 186/377/645
f 178/379/646 176/378/647 174/380/648
f 180/381/649 178/379/646 174/380/648
f 180/381/649 174/380/648 172/382/650
f 182/383/651 180/381/649 172/382/650
f 238/385/652 236/384/415 234/386/653
f 240/374/642 238/385/652 234/386/653
f 164/373/640 240/374/642 234/386/653
f 192/365/634 186/377/645 184/387/654
f 192/365/634 184/387/654 182/383/651
f 192/365/634 182/383/651 172/382/650
f 192/365/634 172/382/650 170/388/655
f 202/371/639 192/365/634 170/388/655
f 228/390/634 226/389/656 224/391/657
f 164/373/640 234/386/653 232/392/658
f 163/393/659 164/373/640 232/392/658
f 166/394/419 163/393/659 232/392/658
f 166/394/419 232/392/658 230/395/660
f 166/394/419 230/395/660 228/390/634
f 166/394/419 228/390/634 224/391/657
f 168/396/645 166/394/419 224/391/657
f 168/396/645 224/391/657 222/397/661
f 170/388/655 168/396/645 222/397/661
f 170/388/655 222/397/661 220/398/662
f 170/388/655 220/398/662 218/399/663
f 202/371/639 170/388/655 218/399/663
f 202/371/639 218/399/663 216/400/664
f 202/371/639 216/400/664 214/401/643
f 202/371/639 214/401/643 212/367/635
f 202/371/639 212/367/635 208/368/634
f 204/402/665 202/371/639 208/368/634
f 206/403/666 204/402/665 208/368/634
usemtl 3d66_Standardmaterial_17342430_133
f 279/458/769 281/459/770 277/460/771
f 281/459/770 283/461/772 277/460/771
f 277/460/771 283/461/772 275/462/773
f 283/461/772 285/463/774 275/462/773
f 259/464/775 261/465/776 257/466/777
f 261/465/776 263/467/778 257/466/777
f 293/468/779 295/469/780 291/470/781
f 243/471/782 244/472/779 297/473/783
f 285/463/774 287/474/784 275/462/773
f 297/473/783 244/472/779 295/469/780
f 269/475/785 271/476/786 267/477/787
f 271/476/786 273/478/788 267/477/787
f 267/477/787 273/478/788 265/479/789
f 265/479/789 273/478/788 263/467/778
f 263/467/778 273/478/788 257/466/777
f 257/466/777 273/478/788 255/480/790
f 273/478/788 275/462/773 255/480/790
f 275/462/773 287/474/784 255/480/790
f 287/474/784 289/481/791 255/480/790
f 255/480/790 289/481/791 253/482/792
f 253/482/792 289/481/791 251/483/793
f 289/481/791 291/470/781 251/483/793
f 251/483/793 291/470/781 249/484/794
f 291/470/781 295/469/780 249/484/794
f 295/469/780 244/472/779 249/484/794
f 249/484/794 244/472/779 247/485/795
f 282/459/796 280/458/796 278/460/797
f 284/461/798 282/459/796 278/460/797
f 284/461/798 278/460/797 276/462/799
f 286/463/800 284/461/798 276/462/799
f 262/465/801 260/464/802 258/466/803
f 264/467/804 262/465/801 258/466/803
f 296/469/805 294/468/806 292/470/807
f 245/472/808 246/471/809 298/473/810
f 288/474/811 286/463/800 276/462/799
f 245/472/808 298/473/810 296/469/805
f 272/476/812 270/475/813 268/477/814
f 274/478/800 272/476/812 268/477/814
f 274/478/800 268/477/814 266/479/815
f 274/478/800 266/479/815 264/467/804
f 274/478/800 264/467/804 258/466/803
f 274/478/800 258/466/803 256/480/816
f 276/462/799 274/478/800 256/480/816
f 288/474/811 276/462/799 256/480/816
f 290/481/817 288/474/811 256/480/816
f 290/481/817 256/480/816 254/482/811
f 290/481/817 254/482/811 252/483/818
f 292/470/807 290/481/817 252/483/818
f 292/470/807 252/483/818 250/484/811
f 296/469/805 292/470/807 250/484/811
f 245/472/808 296/469/805 250/484/811
f 245/472/808 250/484/811 248/485/806
usemtl 3d66_Standardmaterial_17342430_134
f 327/540/921 329/541/922 325/3/923
f 303/542/924 305/543/925 300/544/926
f 321/545/927 323/546/928 319/547/929
f 325/3/923 329/541/922 323/546/928
f 323/546/928 329/541/922 319/547/929
f 319/547/929 329/541/922 317/548/930
f 329/541/922 331/549/931 317/548/930
f 317/548/930 331/549/931 315/550/931
f 333/551/932 335/552/933 331/549/931
f 335/552/933 337/553/934 331/549/931
f 307/554/935 309/555/936 305/543/925
f 309/555/936 311/556/937 305/543/925
f 331/549/931 337/553/934 315/550/931
f 337/553/934 339/557/934 315/550/931
f 339/557/934 341/558/933 315/550/931
f 341/558/933 343/559/938 315/550/931
f 315/550/931 343/559/938 313/560/939
f 343/559/938 345/561/940 313/560/939
f 313/560/939 345/561/940 311/556/937
f 345/561/940 347/562/941 311/556/937
f 311/556/937 347/562/941 305/543/925
f 305/543/925 347/562/941 300/544/926
f 300/544/926 347/562/941 299/563/942
f 299/563/942 347/562/941 355/564/943
f 347/562/941 349/565/944 355/564/943
f 349/565/944 351/566/945 355/564/943
f 355/564/943 351/566/945 353/567/946
f 330/541/947 328/540/948 326/3/948
f 306/543/949 304/542/950 301/544/951
f 324/546/948 322/545/952 320/547/953
f 330/541/947 326/3/948 324/546/948
f 330/541/947 324/546/948 320/547/953
f 330/541/947 320/547/953 318/548/947
f 332/549/954 330/541/947 318/548/947
f 332/549/954 318/548/947 316/550/955
f 336/552/956 334/551/954 332/549/954
f 338/553/957 336/552/956 332/549/954
f 310/555/958 308/554/959 306/543/949
f 312/556/960 310/555/958 306/543/949
f 338/553/957 332/549/954 316/550/955
f 340/557/961 338/553/957 316/550/955
f 342/558/948 340/557/961 316/550/955
f 344/559/954 342/558/948 316/550/955
f 344/559/954 316/550/955 314/560/955
f 346/561/962 344/559/954 314/560/955
f 346/561/962 314/560/955 312/556/960
f 348/562/963 346/561/962 312/556/960
f 348/562/963 312/556/960 306/543/949
f 348/562/963 306/543/949 301/544/951
f 348/562/963 301/544/951 302/563/947
f 348/562/963 302/563/947 356/564/964
f 350/565/965 348/562/963 356/564/964
f 352/566/966 350/565/965 356/564/964
f 352/566/966 356/564/964 354/567/967
usemtl 3d66_Standardmaterial_17342430_135
f 379/694/1112 381/695/1113 377/696/1114
f 381/695/1113 383/697/1115 377/696/1114
f 417/698/1116 419/699/1117 415/700/1118
f 415/700/1118 419/699/1117 413/701/1119
f 413/701/1119 419/699/1117 411/702/1120
f 411/702/1120 419/699/1117 409/703/1121
f 409/703/1121 419/699/1117 407/704/1122
f 407/704/1122 419/699/1117 405/705/1123
f 405/705/1123 419/699/1117 403/706/1124
f 429/707/1116 431/708/1125 427/709/1126
f 403/706/1124 419/699/1117 401/710/1127
f 447/711/1128 357/712/1129 445/713/1130
f 401/710/1127 419/699/1117 399/714/1131
f 377/696/1114 383/697/1115 375/715/1132
f 399/714/1131 419/699/1117 397/716/1133
f 357/712/1129 358/717/1134 445/713/1130
f 419/699/1117 421/718/1135 397/716/1133
f 397/716/1133 421/718/1135 395/719/1136
f 395/719/1136 421/718/1135 393/720/1137
f 393/720/1137 421/718/1135 391/721/1138
f 369/722/1139 371/723/1140 367/724/1141
f 371/723/1140 373/725/1142 367/724/1141
f 391/721/1138 421/718/1135 389/726/1143
f 421/718/1135 423/727/1144 389/726/1143
f 389/726/1143 423/727/1144 387/728/1145
f 423/727/1144 425/729/1144 387/728/1145
f 375/715/1132 383/697/1115 373/725/1142
f 373/725/1142 383/697/1115 367/724/1141
f 383/697/1115 385/730/1144 367/724/1141
f 367/724/1141 385/730/1144 365/731/1141
f 385/730/1144 387/728/1145 365/731/1141
f 387/728/1145 425/729/1144 365/731/1141
f 365/731/1141 425/729/1144 363/732/1126
f 425/729/1144 427/709/1126 363/732/1126
f 363/732/1126 427/709/1126 361/733/1146
f 361/733/1146 427/709/1126 358/717/1134
f 358/717/1134 427/709/1126 445/713/1130
f 427/709/1126 431/708/1125 445/713/1130
f 445/713/1130 431/708/1125 443/734/1147
f 443/734/1147 431/708/1125 441/735/1148
f 431/708/1125 433/736/1149 441/735/1148
f 433/736/1149 435/737/1150 441/735/1148
f 435/737/1150 437/738/1144 441/735/1148
f 441/735/1148 437/738/1144 439/739/1151
f 382/695/1152 380/694/1153 378/696/1154
f 384/697/1155 382/695/1152 378/696/1154
f 420/699/1156 418/698/1157 416/700/1158
f 420/699/1156 416/700/1158 414/701/1159
f 420/699/1156 414/701/1159 412/702/1160
f 420/699/1156 412/702/1160 410/703/1161
f 420/699/1156 410/703/1161 408/704/1162
f 420/699/1156 408/704/1162 406/705/1163
f 420/699/1156 406/705/1163 404/706/1164
f 432/708/1165 430/707/1166 428/709/1167
f 420/699/1156 404/706/1164 402/710/1168
f 360/712/1169 448/711/1170 446/713/1171
f 420/699/1156 402/710/1168 400/714/1172
f 384/697/1155 378/696/1154 376/715/1173
f 420/699/1156 400/714/1172 398/716/1174
f 359/717/1175 360/712/1169 446/713/1171
f 422/718/1176 420/699/1156 398/716/1174
f 422/718/1176 398/716/1174 396/719/1177
f 422/718/1176 396/719/1177 394/720/1178
f 422/718/1176 394/720/1178 392/721/1179
f 372/723/1180 370/722/1181 368/724/1182
f 374/725/1183 372/723/1180 368/724/1182
f 422/718/1176 392/721/1179 390/726/1184
f 424/727/1185 422/718/1176 390/726/1184
f 424/727/1185 390/726/1184 388/728/1186
f 426/729/1187 424/727/1185 388/728/1186
f 384/697/1155 376/715/1173 374/725/1183
f 384/697/1155 374/725/1183 368/724/1182
f 386/730/1188 384/697/1155 368/724/1182
f 386/730/1188 368/724/1182 366/731/1189
f 388/728/1186 386/730/1188 366/731/1189
f 426/729/1187 388/728/1186 366/731/1189
f 426/729/1187 366/731/1189 364/732/1156
f 428/709/1167 426/729/1187 364/732/1156
f 428/709/1167 364/732/1156 362/733/1178
f 428/709/1167 362/733/1178 359/717/1175
f 428/709/1167 359/717/1175 446/713/1171
f 432/708/1165 428/709/1167 446/713/1171
f 432/708/1165 446/713/1171 444/734/1190
f 432/708/1165 444/734/1190 442/735/1191
f 434/736/1192 432/708/1165 442/735/1191
f 436/737/1193 434/736/1192 442/735/1191
f 438/738/1194 436/737/1193 442/735/1191
f 438/738/1194 442/735/1191 440/739/1195
usemtl 3d66_Standardmaterial_17342430_136
f 483/838/1338 485/839/1339 481/840/1340
f 481/840/1340 485/839/1339 479/841/1341
f 469/3/1342 471/842/1343 467/843/1344
f 471/842/1343 473/844/1345 467/843/1344
f 467/843/1344 473/844/1345 465/845/1346
f 495/846/1347 497/847/1348 493/848/1349
f 485/839/1339 487/849/1350 479/841/1341
f 479/841/1341 487/849/1350 477/850/1351
f 477/850/1351 487/849/1350 475/851/1352
f 487/849/1350 489/852/1353 475/851/1352
f 499/853/1354 501/854/1355 497/847/1348
f 501/854/1355 503/855/1356 497/847/1348
f 517/856/1357 519/857/1358 515/858/1359
f 521/859/1360 449/860/1349 519/857/1358
f 449/860/1349 450/861/1343 519/857/1358
f 519/857/1358 450/861/1343 515/858/1359
f 457/862/1361 459/863/1362 455/864/1363
f 497/847/1348 503/855/1356 493/848/1349
f 489/852/1353 491/865/1364 475/851/1352
f 475/851/1352 491/865/1364 473/844/1345
f 513/866/1365 515/858/1359 511/867/1366
f 515/858/1359 450/861/1343 511/867/1366
f 473/844/1345 491/865/1364 465/845/1346
f 465/845/1346 491/865/1364 463/868/1367
f 463/868/1367 491/865/1364 461/869/1368
f 461/869/1368 491/865/1364 459/863/1362
f 459/863/1362 491/865/1364 455/864/1363
f 455/864/1363 491/865/1364 453/870/1369
f 453/870/1369 491/865/1364 450/861/1343
f 450/861/1343 491/865/1364 511/867/1366
f 491/865/1364 493/848/1349 511/867/1366
f 493/848/1349 503/855/1356 511/867/1366
f 503/855/1356 505/871/1370 511/867/1366
f 505/871/1370 507/872/1371 511/867/1366
f 507/872/1371 509/873/1372 511/867/1366
f 486/839/1373 484/838/1374 482/840/1375
f 486/839/1373 482/840/1375 480/841/1376
f 472/842/1377 470/3/1378 468/843/1379
f 474/844/1380 472/842/1377 468/843/1379
f 474/844/1380 468/843/1379 466/845/1381
f 498/847/1382 496/846/1383 494/848/1384
f 488/849/1381 486/839/1373 480/841/1376
f 488/849/1381 480/841/1376 478/850/1385
f 488/849/1381 478/850/1385 476/851/1377
f 490/852/1386 488/849/1381 476/851/1377
f 502/854/1387 500/853/1388 498/847/1382
f 504/855/1389 502/854/1387 498/847/1382
f 520/857/1390 518/856/1391 516/858/1392
f 452/860/1393 522/859/1394 520/857/1390
f 451/861/1395 452/860/1393 520/857/1390
f 451/861/1395 520/857/1390 516/858/1392
f 460/863/1396 458/862/1397 456/864/1398
f 504/855/1389 498/847/1382 494/848/1384
f 492/865/1399 490/852/1386 476/851/1377
f 492/865/1399 476/851/1377 474/844/1380
f 516/858/1392 514/866/1400 512/867/1401
f 451/861/1395 516/858/1392 512/867/1401
f 492/865/1399 474/844/1380 466/845/1381
f 492/865/1399 466/845/1381 464/868/1402
f 492/865/1399 464/868/1402 462/869/1403
f 492/865/1399 462/869/1403 460/863/1396
f 492/865/1399 460/863/1396 456/864/1398
f 492/865/1399 456/864/1398 454/870/1404
f 492/865/1399 454/870/1404 451/861/1395
f 492/865/1399 451/861/1395 512/867/1401
f 494/848/1384 492/865/1399 512/867/1401
f 504/855/1389 494/848/1384 512/867/1401
f 506/871/1405 504/855/1389 512/867/1401
f 508/872/1406 506/871/1405 512/867/1401
f 510/873/1407 508/872/1406 512/867/1401
usemtl 3d66_Standardmaterial_17342430_138
f 525/404/1408 524/405/1409 523/3/1410
f 526/4/1411 525/404/1408 523/3/1410
f 528/874/1412 527/875/1413 524/405/1413
f 525/404/1412 528/874/1412 524/405/1413
f 530/876/1414 529/877/1415 527/875/1416
f 528/874/1414 530/876/1414 527/875/1416
f 532/878/1417 531/879/1418 529/877/1419
f 530/876/1420 532/878/1417 529/877/1419
f 534/880/1421 533/881/1422 531/879/1421
f 532/878/1421 534/880/1421 531/879/1421
f 536/882/1423 535/883/1423 533/881/1423
f 534/880/1423 536/882/1423 533/881/1423
f 538/884/1424 537/885/1425 535/883/1426
f 536/882/1427 538/884/1424 535/883/1426
f 540/886/1428 539/887/1429 537/885/1429
f 538/884/1430 540/886/1428 537/885/1429
f 542/888/1431 541/889/1432 539/887/1433
f 540/886/1434 542/888/1431 539/887/1433
f 544/890/1435 543/891/1435 541/889/1435
f 542/888/1435 544/890/1435 541/889/1435
f 546/892/1436 545/893/1437 543/891/1438
f 544/890/1439 546/892/1436 543/891/1438
f 548/894/1440 547/895/1440 545/893/1440
f 546/892/1440 548/894/1440 545/893/1440
f 550/896/1441 549/897/1442 547/895/1441
f 548/894/1443 550/896/1441 547/895/1441
f 552/898/1444 551/899/1445 549/897/1446
f 550/896/1447 552/898/1444 549/897/1446
f 554/900/1448 553/901/1449 551/899/1448
f 552/898/1448 554/900/1448 551/899/1448
f 556/902/1450 555/903/1451 553/901/1452
f 554/900/1453 556/902/1450 553/901/1452
f 558/904/1454 557/905/1455 555/903/1456
f 556/902/1457 558/904/1454 555/903/1456
f 560/906/1458 559/907/1459 557/905/1460
f 558/904/1461 560/906/1458 557/905/1460
f 562/908/1462 561/909/1463 559/907/1464
f 560/906/1465 562/908/1462 559/907/1464
f 564/910/1466 563/911/1466 561/909/1467
f 562/908/1468 564/910/1466 561/909/1467
f 566/912/1469 565/913/1470 563/911/1471
f 564/910/1472 566/912/1469 563/911/1471
f 568/914/1473 567/915/1473 565/913/1474
f 566/912/1473 568/914/1473 565/913/1474
f 570/916/1475 569/917/1475 567/915/1475
f 568/914/1475 570/916/1475 567/915/1475
f 572/918/1476 571/919/1477 569/917/1477
f 570/916/1478 572/918/1476 569/917/1477
f 574/920/1479 573/921/1480 571/919/1481
f 572/918/1482 574/920/1479 571/919/1481
f 576/922/1483 575/923/1484 573/921/1485
f 574/920/1486 576/922/1483 573/921/1485
f 578/924/1487 577/925/1488 575/923/1489
f 576/922/1490 578/924/1487 575/923/1489
f 580/926/1491 579/927/1492 577/925/1493
f 578/924/1491 580/926/1491 577/925/1493
f 582/928/1494 581/929/1495 579/927/1496
f 580/926/1497 582/928/1494 579/927/1496
f 584/930/1498 583/931/1499 581/929/1500
f 582/928/1501 584/930/1498 581/929/1500
f 586/932/1502 585/933/1503 583/931/1504
f 584/930/1505 586/932/1502 583/931/1504
f 588/934/1506 587/935/1507 585/933/1508
f 586/932/1509 588/934/1506 585/933/1508
f 590/936/1510 589/937/1511 587/935/1512
f 588/934/1513 590/936/1510 587/935/1512
f 592/938/1514 591/939/1515 589/937/1516
f 590/936/1517 592/938/1514 589/937/1516
f 594/940/1518 593/941/1519 591/939/1520
f 592/938/1521 594/940/1518 591/939/1520
f 596/942/1522 595/943/1523 593/941/1524
f 594/940/1525 596/942/1522 593/941/1524
f 598/944/1526 597/945/1527 595/943/1528
f 596/942/1529 598/944/1526 595/943/1528
f 600/946/1530 599/947/1531 597/945/1532
f 598/944/1532 600/946/1530 597/945/1532
f 602/948/1533 601/949/1534 599/947/1535
f 600/946/1536 602/948/1533 599/947/1535
f 604/950/1537 603/951/1538 601/949/1539
f 602/948/1540 604/950/1537 601/949/1539
f 606/952/1541 605/953/1542 603/951/1543
f 604/950/1544 606/952/1541 603/951/1543
f 608/954/1545 607/955/1546 605/953/1547
f 606/952/1548 608/954/1545 605/953/1547
f 610/956/1549 609/957/1550 607/955/1551
f 608/954/1552 610/956/1549 607/955/1551
f 612/59/1553 611/60/1554 609/957/1555
f 610/956/1556 612/59/1553 609/957/1555
f 614/958/1557 613/959/1558 611/60/1559
f 612/59/1560 614/958/1557 611/60/1559
f 616/960/1561 615/961/1562 613/959/1563
f 614/958/1564 616/960/1561 613/959/1563
f 618/962/1565 617/963/1566 615/961/1567
f 616/960/1568 618/962/1565 615/961/1567
f 620/964/1569 619/965/1570 617/963/1571
f 618/962/1572 620/964/1569 617/963/1571
f 622/966/1573 621/967/1573 619/965/1573
f 620/964/1574 622/966/1573 619/965/1573
f 624/968/1575 623/969/1576 621/967/1577
f 622/966/1578 624/968/1575 621/967/1577
f 626/970/1579 625/971/1580 623/969/1581
f 624/968/1582 626/970/1579 623/969/1581
f 628/972/1583 627/973/1584 625/971/1585
f 626/970/1586 628/972/1583 625/971/1585
f 630/974/1587 629/975/1588 627/973/1589
f 628/972/1590 630/974/1587 627/973/1589
f 526/77/1591 523/78/1592 629/975/1591
f 630/974/1591 526/77/1591 629/975/1591
usemtl 3d66_Standardmaterial_17342430_137
f 587/976/1593 589/977/1594 585/978/1595
f 585/978/1595 589/977/1594 583/979/1596
f 601/980/1597 603/981/1597 599/982/1598
f 603/981/1597 605/983/1599 599/982/1598
f 605/983/1599 607/984/1600 599/982/1598
f 599/982/1598 607/984/1600 597/985/1601
f 607/984/1600 609/986/1602 597/985/1601
f 597/985/1601 609/986/1602 595/987/1603
f 609/986/1602 611/988/1604 595/987/1603
f 611/988/1604 613/989/1605 595/987/1603
f 595/987/1603 613/989/1605 593/990/1606
f 549/991/1607 551/992/1608 547/993/1607
f 551/992/1608 553/994/1604 547/993/1607
f 547/993/1607 553/994/1604 545/995/1609
f 545/995/1609 553/994/1604 543/996/1610
f 583/979/1596 589/977/1594 581/997/1611
f 589/977/1594 591/998/1612 581/997/1611
f 581/997/1611 591/998/1612 579/999/1613
f 593/990/1606 613/989/1605 591/998/1612
f 613/989/1605 615/1000/1614 591/998/1612
f 591/998/1612 615/1000/1614 579/999/1613
f 523/1001/1615 524/1002/1598 629/1003/1598
f 541/1004/1616 543/996/1610 539/1005/1617
f 543/996/1610 553/994/1604 539/1005/1617
f 539/1005/1617 553/994/1604 537/1006/1598
f 559/1007/1618 561/1008/1619 557/1009/1620
f 561/1008/1619 563/1010/1621 557/1009/1620
f 524/1002/1598 527/1011/1622 629/1003/1598
f 527/1011/1622 529/1012/1604 629/1003/1598
f 529/1012/1604 531/1013/1609 629/1003/1598
f 531/1013/1609 533/1014/1598 629/1003/1598
f 629/1003/1598 533/1014/1598 627/1015/1598
f 627/1015/1598 533/1014/1598 625/1016/1598
f 533/1014/1598 535/1017/1608 625/1016/1598
f 535/1017/1608 537/1006/1598 625/1016/1598
f 537/1006/1598 553/994/1604 625/1016/1598
f 625/1016/1598 553/994/1604 623/1018/1623
f 623/1018/1623 553/994/1604 621/1019/1624
f 621/1019/1624 553/994/1604 619/1020/1625
f 553/994/1604 555/1021/1626 619/1020/1625
f 619/1020/1625 555/1021/1626 617/1022/1602
f 555/1021/1626 557/1009/1620 617/1022/1602
f 617/1022/1602 557/1009/1620 615/1000/1614
f 615/1000/1614 557/1009/1620 579/999/1613
f 579/999/1613 557/1009/1620 577/1023/1601
f 557/1009/1620 563/1010/1621 577/1023/1601
f 563/1010/1621 565/1024/1627 577/1023/1601
f 577/1023/1601 565/1024/1627 575/1025/1628
f 565/1024/1627 567/1026/1596 575/1025/1628
f 575/1025/1628 567/1026/1596 573/1027/1629
f 567/1026/1596 569/1028/1630 573/1027/1629
f 573/1027/1629 569/1028/1630 571/1029/1631
f 590/977/1632 588/976/1633 586/978/1634
f 590/977/1632 586/978/1634 584/979/1635
f 604/981/1636 602/980/1636 600/982/1637
f 606/983/1638 604/981/1636 600/982/1637
f 608/984/1639 606/983/1638 600/982/1637
f 608/984/1639 600/982/1637 598/985/1640
f 610/986/1641 608/984/1639 598/985/1640
f 610/986/1641 598/985/1640 596/987/1642
f 612/988/1636 610/986/1641 596/987/1642
f 614/989/1643 612/988/1636 596/987/1642
f 614/989/1643 596/987/1642 594/990/1644
f 552/992/1645 550/991/1645 548/993/1645
f 554/994/1635 552/992/1645 548/993/1645
f 554/994/1635 548/993/1645 546/995/1646
f 554/994/1635 546/995/1646 544/996/1645
f 590/977/1632 584/979/1635 582/997/1647
f 592/998/1648 590/977/1632 582/997/1647
f 592/998/1648 582/997/1647 580/999/1649
f 614/989/1643 594/990/1644 592/998/1648
f 616/1000/1650 614/989/1643 592/998/1648
f 616/1000/1650 592/998/1648 580/999/1649
f 525/1002/1651 526/1001/1652 630/1003/1642
f 544/996/1645 542/1004/1653 540/1005/1645
f 554/994/1635 544/996/1645 540/1005/1645
f 554/994/1635 540/1005/1645 538/1006/1642
f 562/1008/1654 560/1007/1655 558/1009/1651
f 564/1010/1636 562/1008/1654 558/1009/1651
f 528/1011/1656 525/1002/1651 630/1003/1642
f 530/1012/1632 528/1011/1656 630/1003/1642
f 532/1013/1642 530/1012/1632 630/1003/1642
f 534/1014/1642 532/1013/1642 630/1003/1642
f 534/1014/1642 630/1003/1642 628/1015/1641
f 534/1014/1642 628/1015/1641 626/1016/1642
f 536/1017/1641 534/1014/1642 626/1016/1642
f 538/1006/1642 536/1017/1641 626/1016/1642
f 554/994/1635 538/1006/1642 626/1016/1642
f 554/994/1635 626/1016/1642 624/1018/1642
f 554/994/1635 624/1018/1642 622/1019/1642
f 554/994/1635 622/1019/1642 620/1020/1657
f 556/1021/1658 554/994/1635 620/1020/1657
f 556/1021/1658 620/1020/1657 618/1022/1659
f 558/1009/1651 556/1021/1658 618/1022/1659
f 558/1009/1651 618/1022/1659 616/1000/1650
f 558/1009/1651 616/1000/1650 580/999/1649
f 558/1009/1651 580/999/1649 578/1023/1660
f 564/1010/1636 558/1009/1651 578/1023/1660
f 566/1024/1661 564/1010/1636 578/1023/1660
f 566/1024/1661 578/1023/1660 576/1025/1645
f 568/1026/1662 566/1024/1661 576/1025/1645
f 568/1026/1662 576/1025/1645 574/1027/1662
f 570/1028/1659 568/1026/1662 574/1027/1662
f 570/1028/1659 574/1027/1662 572/1029/1663
