# Blender 4.3.2
# www.blender.org
mtllib 牌匾.mtl
o 牌匾
v 0.468220 -0.095901 0.846670
v 0.468573 -0.096029 0.845903
v 0.465793 -0.095631 0.844809
v 0.465441 -0.095502 0.845577
v 0.468876 -0.096027 0.845277
v 0.466097 -0.095628 0.844184
v 0.469186 -0.096098 0.844615
v 0.466406 -0.095698 0.843522
v 0.469555 -0.096443 0.843745
v 0.466776 -0.096044 0.842652
v 0.469922 -0.097379 0.842697
v 0.467143 -0.096979 0.841604
v 0.470283 -0.098708 0.841540
v 0.467504 -0.098309 0.840447
v 0.470783 -0.099873 0.840148
v 0.468003 -0.099474 0.839055
v 0.471565 -0.100313 0.838397
v 0.468785 -0.099914 0.837303
v 0.472466 -0.099878 0.836671
v 0.469686 -0.099479 0.835578
v 0.473212 -0.098906 0.835433
v 0.470432 -0.098507 0.834339
v 0.473782 -0.097567 0.834671
v 0.471002 -0.097168 0.833578
v 0.474156 -0.096030 0.834376
v 0.471377 -0.095631 0.833283
v 0.474265 -0.094725 0.834557
v 0.471485 -0.094327 0.833463
v 0.474163 -0.093816 0.835050
v 0.471383 -0.093417 0.833956
v 0.474016 -0.093073 0.835585
v 0.471236 -0.092674 0.834492
v 0.473990 -0.092265 0.835889
v 0.471210 -0.091866 0.834796
v 0.474284 -0.091211 0.835609
v 0.471504 -0.090812 0.834516
v 0.474843 -0.089889 0.834865
v 0.472063 -0.089490 0.833771
v 0.475453 -0.088312 0.834095
v 0.472673 -0.087913 0.833002
v 0.475900 -0.086491 0.833738
v 0.473120 -0.086092 0.832644
v 0.476044 -0.084324 0.834112
v 0.473264 -0.083925 0.833019
v 0.475901 -0.082561 0.834955
v 0.473121 -0.082162 0.833861
v 0.475679 -0.081227 0.835828
v 0.472899 -0.080828 0.834734
v 0.475586 -0.080351 0.836292
v 0.472806 -0.079952 0.835199
v 0.475746 -0.079678 0.836171
v 0.472965 -0.079279 0.835077
v 0.476050 -0.078920 0.835778
v 0.473270 -0.078521 0.834685
v 0.476359 -0.078051 0.835409
v 0.473579 -0.077652 0.834315
v 0.476534 -0.077045 0.835360
v 0.473755 -0.076645 0.834267
v 0.476503 -0.076044 0.835733
v 0.473724 -0.075645 0.834640
v 0.476362 -0.075206 0.836287
v 0.473582 -0.074807 0.835193
v 0.476218 -0.074524 0.836795
v 0.473438 -0.074125 0.835702
v 0.476182 -0.073995 0.837034
v 0.473402 -0.073596 0.835941
v 0.476291 -0.073582 0.836936
v 0.473512 -0.073183 0.835843
v 0.476472 -0.073190 0.836685
v 0.473692 -0.072791 0.835591
v 0.476663 -0.072720 0.836436
v 0.473883 -0.072321 0.835343
v 0.476803 -0.072074 0.836348
v 0.474023 -0.071675 0.835255
v 0.476858 -0.071368 0.836452
v 0.474079 -0.070969 0.835359
v 0.476871 -0.070757 0.836615
v 0.474091 -0.070358 0.835522
v 0.476889 -0.070202 0.836750
v 0.474110 -0.069802 0.835657
v 0.476963 -0.069664 0.836766
v 0.474183 -0.069265 0.835673
v 0.477444 -0.068479 0.836141
v 0.474664 -0.068080 0.835047
v 0.478415 -0.066015 0.834901
v 0.475635 -0.065616 0.833808
v 0.479516 -0.062288 0.833785
v 0.476736 -0.061889 0.832691
v 0.480389 -0.057314 0.833527
v 0.477609 -0.056915 0.832433
v 0.480650 -0.052363 0.834524
v 0.477870 -0.051964 0.833431
v 0.480394 -0.048689 0.836193
v 0.477614 -0.048290 0.835099
v 0.479980 -0.046279 0.837795
v 0.477200 -0.045879 0.836703
v 0.479766 -0.045120 0.838596
v 0.476986 -0.044721 0.837502
v 0.479816 -0.044584 0.838660
v 0.477036 -0.044185 0.837567
v 0.479925 -0.044025 0.838609
v 0.477145 -0.043626 0.837515
v 0.480052 -0.043409 0.838536
v 0.477273 -0.043010 0.837443
v 0.480158 -0.042701 0.838538
v 0.477378 -0.042302 0.837444
v 0.480165 -0.042061 0.838722
v 0.477385 -0.041662 0.837629
v 0.480080 -0.041601 0.839039
v 0.477301 -0.041202 0.837946
v 0.479988 -0.041219 0.839348
v 0.477208 -0.040820 0.838256
v 0.479972 -0.040812 0.839508
v 0.477192 -0.040413 0.838415
v 0.480131 -0.040275 0.839348
v 0.477350 -0.039876 0.838254
v 0.480432 -0.039576 0.838942
v 0.477652 -0.039177 0.837850
v 0.480767 -0.038719 0.838516
v 0.477987 -0.038320 0.837423
v 0.481028 -0.037707 0.838292
v 0.478248 -0.037308 0.837199
v 0.481082 -0.036706 0.838491
v 0.478302 -0.036307 0.837398
v 0.480969 -0.035853 0.838989
v 0.478189 -0.035454 0.837895
v 0.480836 -0.035112 0.839493
v 0.478056 -0.034713 0.838400
v 0.480829 -0.034446 0.839714
v 0.478050 -0.034046 0.838621
v 0.481124 -0.033555 0.839381
v 0.478345 -0.033155 0.838288
v 0.481655 -0.032192 0.838710
v 0.478875 -0.031793 0.837617
v 0.482204 -0.030401 0.838132
v 0.479424 -0.030002 0.837039
v 0.482555 -0.028227 0.838081
v 0.479775 -0.027828 0.836988
v 0.482522 -0.026424 0.838709
v 0.479743 -0.026025 0.837616
v 0.482269 -0.024881 0.839711
v 0.479489 -0.024481 0.838618
v 0.482008 -0.023590 0.840650
v 0.479228 -0.023192 0.839556
v 0.481953 -0.022550 0.841086
v 0.479173 -0.022151 0.839992
v 0.482165 -0.021733 0.840903
v 0.479385 -0.021334 0.839810
v 0.482484 -0.020971 0.840481
v 0.479704 -0.020572 0.839387
v 0.482796 -0.020046 0.840124
v 0.480016 -0.019647 0.839030
v 0.482986 -0.018738 0.840138
v 0.480205 -0.018339 0.839045
v 0.482961 -0.017217 0.840662
v 0.480180 -0.016818 0.839568
v 0.482692 -0.015910 0.841620
v 0.479913 -0.015511 0.840527
v 0.482163 -0.014988 0.843000
v 0.479383 -0.014589 0.841906
v 0.481353 -0.014619 0.844785
v 0.478574 -0.014220 0.843692
v 0.480463 -0.015124 0.846466
v 0.477683 -0.014725 0.845373
v 0.479692 -0.016338 0.847681
v 0.476913 -0.015938 0.846588
v 0.479023 -0.017707 0.848637
v 0.476243 -0.017308 0.847543
v 0.478438 -0.018680 0.849542
v 0.475659 -0.018281 0.848449
v 0.477986 -0.019057 0.850359
v 0.475206 -0.018658 0.849266
v 0.477658 -0.019152 0.851008
v 0.474878 -0.018753 0.849915
v 0.477351 -0.019174 0.851632
v 0.474572 -0.018775 0.850539
v 0.476967 -0.019331 0.852378
v 0.474187 -0.018932 0.851285
v 0.431666 -0.033773 0.872091
v 0.430472 -0.034458 0.870026
v 0.431443 -0.033249 0.871789
v 0.430695 -0.034983 0.870329
v 0.430356 -0.034029 0.869741
v 0.431326 -0.032820 0.871503
v 0.430188 -0.033577 0.869466
v 0.431159 -0.032368 0.871228
v 0.429811 -0.032982 0.869190
v 0.430783 -0.031772 0.870953
v 0.429040 -0.032267 0.869040
v 0.430011 -0.031058 0.870802
v 0.428004 -0.031478 0.868976
v 0.428975 -0.030269 0.870739
v 0.427026 -0.030528 0.868749
v 0.427998 -0.029319 0.870512
v 0.426427 -0.029330 0.868106
v 0.427398 -0.028121 0.869870
v 0.426370 -0.028148 0.867173
v 0.427341 -0.026938 0.868936
v 0.426735 -0.027298 0.866274
v 0.427706 -0.026088 0.868037
v 0.427415 -0.026773 0.865464
v 0.428386 -0.025563 0.867227
v 0.428305 -0.026566 0.864797
v 0.429275 -0.025357 0.866559
v 0.429140 -0.026687 0.864426
v 0.430112 -0.025478 0.866189
v 0.429792 -0.027022 0.864334
v 0.430764 -0.025813 0.866098
v 0.430350 -0.027386 0.864319
v 0.431321 -0.026177 0.866081
v 0.430904 -0.027593 0.864177
v 0.431875 -0.026383 0.865940
v 0.431499 -0.027399 0.863684
v 0.432471 -0.026189 0.865447
v 0.432173 -0.026886 0.862888
v 0.433143 -0.025676 0.864650
v 0.432997 -0.026355 0.861991
v 0.433968 -0.025145 0.863754
v 0.434050 -0.026105 0.861197
v 0.435021 -0.024896 0.862960
v 0.435453 -0.026356 0.860616
v 0.436423 -0.025147 0.862378
v 0.436695 -0.026929 0.860386
v 0.437666 -0.025719 0.862148
v 0.437679 -0.027523 0.860318
v 0.438651 -0.026313 0.862082
v 0.438305 -0.027838 0.860225
v 0.439277 -0.026629 0.861988
v 0.438696 -0.027754 0.859937
v 0.439667 -0.026544 0.861699
v 0.439089 -0.027483 0.859496
v 0.440059 -0.026274 0.861258
v 0.439554 -0.027228 0.859026
v 0.440525 -0.026018 0.860790
v 0.440163 -0.027192 0.858656
v 0.441134 -0.025982 0.860418
v 0.440848 -0.027445 0.858478
v 0.441820 -0.026236 0.860241
v 0.441468 -0.027821 0.858438
v 0.442439 -0.026612 0.860200
v 0.441982 -0.028168 0.858431
v 0.442954 -0.026958 0.860195
v 0.442353 -0.028330 0.858357
v 0.443324 -0.027121 0.860119
v 0.442588 -0.028262 0.858169
v 0.443559 -0.027052 0.859932
v 0.442782 -0.028089 0.857919
v 0.443753 -0.026879 0.859681
v 0.443025 -0.027918 0.857643
v 0.443996 -0.026708 0.859406
v 0.443405 -0.027856 0.857379
v 0.444376 -0.026646 0.859142
v 0.443859 -0.027925 0.857181
v 0.444830 -0.026716 0.858944
v 0.444266 -0.028035 0.857043
v 0.445236 -0.026826 0.858805
v 0.444632 -0.028126 0.856912
v 0.445603 -0.026917 0.858674
v 0.444965 -0.028136 0.856732
v 0.445937 -0.026926 0.858495
v 0.445577 -0.027704 0.856037
v 0.446548 -0.026495 0.857800
v 0.446859 -0.026850 0.854620
v 0.447830 -0.025640 0.856383
v 0.448940 -0.026075 0.852821
v 0.449911 -0.024866 0.854583
v 0.451951 -0.025886 0.850977
v 0.452921 -0.024677 0.852740
v 0.455182 -0.026557 0.849712
v 0.456153 -0.025347 0.851474
v 0.457755 -0.027690 0.849194
v 0.458726 -0.026480 0.850957
v 0.459538 -0.028781 0.849084
v 0.460509 -0.027571 0.850848
v 0.460401 -0.029326 0.849045
v 0.461372 -0.028116 0.850809
v 0.460743 -0.029368 0.848889
v 0.461714 -0.028159 0.850651
v 0.461077 -0.029332 0.848672
v 0.462048 -0.028122 0.850434
v 0.461442 -0.029281 0.848426
v 0.462413 -0.028071 0.850188
v 0.461877 -0.029280 0.848180
v 0.462849 -0.028071 0.849943
v 0.462306 -0.029404 0.848042
v 0.463277 -0.028195 0.849804
v 0.462648 -0.029620 0.848026
v 0.463619 -0.028411 0.849788
v 0.462941 -0.029831 0.848033
v 0.463912 -0.028622 0.849797
v 0.463222 -0.029939 0.847965
v 0.464193 -0.028730 0.849727
v 0.463522 -0.029829 0.847705
v 0.464493 -0.028619 0.849469
v 0.463875 -0.029549 0.847280
v 0.464846 -0.028340 0.849042
v 0.464322 -0.029255 0.846788
v 0.465293 -0.028045 0.848551
v 0.464902 -0.029099 0.846336
v 0.465873 -0.027890 0.848099
v 0.465555 -0.029233 0.846078
v 0.466526 -0.028023 0.847842
v 0.466173 -0.029571 0.846008
v 0.467144 -0.028362 0.847771
v 0.466724 -0.029915 0.845980
v 0.467695 -0.028705 0.847742
v 0.467175 -0.030064 0.845849
v 0.468146 -0.028855 0.847612
v 0.467660 -0.029834 0.845389
v 0.468631 -0.028625 0.847152
v 0.468372 -0.029371 0.844611
v 0.469343 -0.028162 0.846374
v 0.469364 -0.028971 0.843728
v 0.470335 -0.027761 0.845491
v 0.470692 -0.028931 0.842950
v 0.471663 -0.027721 0.844714
v 0.471918 -0.029356 0.842610
v 0.472889 -0.028146 0.844372
v 0.473056 -0.030038 0.842529
v 0.474027 -0.028829 0.844291
v 0.474025 -0.030677 0.842507
v 0.474996 -0.029468 0.844270
v 0.474747 -0.030973 0.842343
v 0.475718 -0.029764 0.844107
v 0.475215 -0.030846 0.841977
v 0.476186 -0.029636 0.843740
v 0.475604 -0.030555 0.841521
v 0.476575 -0.029345 0.843284
v 0.476106 -0.030308 0.841038
v 0.477077 -0.029099 0.842801
v 0.476913 -0.030314 0.840591
v 0.477884 -0.029105 0.842354
v 0.477946 -0.030669 0.840301
v 0.478918 -0.029459 0.842064
v 0.478930 -0.031322 0.840282
v 0.479901 -0.030113 0.842044
v 0.479757 -0.032264 0.840588
v 0.480728 -0.031055 0.842350
v 0.480319 -0.033486 0.841269
v 0.481290 -0.032276 0.843033
v 0.480325 -0.034638 0.842207
v 0.481296 -0.033428 0.843970
v 0.479807 -0.035472 0.843180
v 0.480778 -0.034263 0.844942
v 0.479144 -0.036130 0.844089
v 0.480115 -0.034921 0.845851
v 0.478716 -0.036753 0.844836
v 0.479688 -0.035543 0.846600
v 0.478638 -0.037313 0.845339
v 0.479609 -0.036103 0.847101
v 0.478702 -0.037757 0.845666
v 0.479672 -0.036548 0.847428
v 0.478806 -0.038185 0.845956
v 0.479777 -0.036975 0.847719
v 0.478849 -0.038696 0.846349
v 0.479820 -0.037486 0.848112
v 0.429448 -0.092911 0.865978
v 0.429448 -0.092828 0.862908
v 0.428613 -0.092948 0.865802
v 0.430282 -0.092791 0.863085
v 0.428770 -0.092750 0.862771
v 0.427935 -0.092871 0.865664
v 0.428052 -0.092741 0.862622
v 0.427217 -0.092862 0.865515
v 0.427098 -0.092985 0.862410
v 0.426263 -0.093105 0.865303
v 0.425933 -0.093802 0.862126
v 0.425098 -0.093922 0.865019
v 0.424635 -0.095004 0.861795
v 0.423801 -0.095124 0.864687
v 0.423090 -0.096011 0.861421
v 0.422255 -0.096131 0.864314
v 0.421179 -0.096243 0.861010
v 0.420344 -0.096363 0.863904
v 0.419326 -0.095596 0.860656
v 0.418491 -0.095716 0.863549
v 0.418018 -0.094466 0.860441
v 0.417183 -0.094586 0.863335
v 0.417238 -0.093022 0.860352
v 0.416403 -0.093143 0.863244
v 0.416970 -0.091436 0.860376
v 0.416135 -0.091556 0.863269
v 0.417209 -0.090142 0.860491
v 0.416375 -0.090262 0.863385
v 0.417774 -0.089284 0.860653
v 0.416939 -0.089404 0.863546
v 0.418378 -0.088598 0.860814
v 0.417543 -0.088718 0.863707
v 0.418734 -0.087820 0.860928
v 0.417899 -0.087940 0.863820
v 0.418466 -0.086722 0.860928
v 0.417632 -0.086843 0.863820
v 0.417705 -0.085299 0.860840
v 0.416871 -0.085419 0.863734
v 0.416925 -0.083614 0.860763
v 0.416090 -0.083735 0.863656
v 0.416599 -0.081734 0.860790
v 0.415764 -0.081854 0.863684
v 0.417077 -0.079593 0.860999
v 0.416242 -0.079713 0.863892
v 0.418048 -0.077915 0.861286
v 0.417214 -0.078035 0.864180
v 0.419038 -0.076675 0.861556
v 0.418203 -0.076795 0.864450
v 0.419570 -0.075847 0.861709
v 0.418735 -0.075967 0.864602
v 0.419461 -0.075154 0.861721
v 0.418627 -0.075274 0.864615
v 0.419061 -0.074341 0.861680
v 0.418227 -0.074462 0.864573
v 0.418691 -0.073420 0.861649
v 0.417857 -0.073540 0.864542
v 0.418672 -0.072398 0.861697
v 0.417837 -0.072519 0.864590
v 0.419110 -0.071434 0.861837
v 0.418275 -0.071555 0.864730
v 0.419736 -0.070655 0.862007
v 0.418902 -0.070775 0.864901
v 0.420309 -0.070029 0.862159
v 0.419475 -0.070149 0.865052
v 0.420586 -0.069523 0.862242
v 0.419752 -0.069644 0.865135
v 0.420494 -0.069095 0.862245
v 0.419659 -0.069216 0.865138
v 0.420235 -0.068669 0.862212
v 0.419400 -0.068789 0.865106
v 0.419982 -0.068165 0.862185
v 0.419147 -0.068285 0.865078
v 0.419908 -0.067502 0.862203
v 0.419074 -0.067623 0.865096
v 0.420044 -0.066802 0.862267
v 0.419210 -0.066923 0.865160
v 0.420242 -0.066205 0.862338
v 0.419407 -0.066326 0.865231
v 0.420406 -0.065661 0.862400
v 0.419571 -0.065782 0.865293
v 0.420441 -0.065121 0.862435
v 0.419606 -0.065242 0.865328
v 0.419804 -0.063850 0.862366
v 0.418969 -0.063970 0.865260
v 0.418545 -0.061214 0.862237
v 0.417710 -0.061334 0.865131
v 0.417461 -0.057319 0.862209
v 0.416626 -0.057439 0.865102
v 0.417348 -0.052268 0.862441
v 0.416514 -0.052389 0.865335
v 0.418595 -0.047393 0.862949
v 0.417760 -0.047514 0.865842
v 0.420524 -0.043888 0.863529
v 0.419690 -0.044008 0.866423
v 0.422340 -0.041649 0.864022
v 0.421505 -0.041770 0.866915
v 0.423245 -0.040578 0.864264
v 0.422410 -0.040698 0.867158
v 0.423332 -0.040044 0.864310
v 0.422497 -0.040164 0.867203
v 0.423295 -0.039474 0.864331
v 0.422461 -0.039594 0.867225
v 0.423238 -0.038844 0.864351
v 0.422403 -0.038964 0.867244
v 0.423263 -0.038130 0.864392
v 0.422429 -0.038250 0.867286
v 0.423484 -0.037506 0.864470
v 0.422650 -0.037626 0.867364
v 0.423843 -0.037080 0.864567
v 0.423008 -0.037201 0.867460
v 0.424191 -0.036732 0.864657
v 0.423356 -0.036853 0.867550
v 0.424377 -0.036340 0.864716
v 0.423542 -0.036461 0.867609
v 0.424222 -0.035779 0.864711
v 0.423387 -0.035899 0.867605
v 0.423806 -0.035025 0.864664
v 0.422972 -0.035146 0.867556
v 0.423373 -0.034109 0.864619
v 0.422538 -0.034229 0.867512
v 0.423165 -0.033061 0.864629
v 0.422330 -0.033182 0.867522
v 0.423414 -0.032075 0.864731
v 0.422579 -0.032195 0.867624
v 0.423981 -0.031274 0.864890
v 0.423146 -0.031394 0.867784
v 0.424552 -0.030587 0.865044
v 0.423717 -0.030708 0.867937
v 0.424813 -0.029942 0.865132
v 0.423979 -0.030062 0.868024
v 0.424483 -0.029003 0.865110
v 0.423648 -0.029123 0.868003
v 0.423802 -0.027546 0.865042
v 0.422967 -0.027667 0.867935
v 0.423236 -0.025670 0.865019
v 0.422402 -0.025790 0.867912
v 0.423254 -0.023470 0.865134
v 0.422420 -0.023590 0.868027
v 0.423994 -0.021727 0.865377
v 0.423159 -0.021847 0.868270
v 0.425131 -0.020290 0.865687
v 0.424296 -0.020411 0.868580
v 0.426190 -0.019102 0.865968
v 0.425356 -0.019222 0.868862
v 0.426697 -0.018105 0.866125
v 0.425863 -0.018225 0.869018
v 0.426527 -0.017258 0.866132
v 0.425692 -0.017379 0.869025
v 0.426095 -0.016439 0.866083
v 0.425261 -0.016559 0.868977
v 0.425740 -0.015462 0.866059
v 0.424905 -0.015582 0.868952
v 0.425799 -0.014144 0.866138
v 0.424965 -0.014264 0.869032
v 0.426416 -0.012673 0.866341
v 0.425582 -0.012793 0.869235
v 0.427498 -0.011470 0.866628
v 0.426664 -0.011590 0.869521
v 0.429022 -0.010706 0.866985
v 0.428188 -0.010826 0.869879
v 0.430967 -0.010550 0.867399
v 0.430133 -0.010670 0.870292
v 0.432770 -0.011262 0.867739
v 0.431936 -0.011382 0.870632
v 0.434045 -0.012633 0.867935
v 0.433210 -0.012754 0.870828
v 0.435033 -0.014131 0.868065
v 0.434199 -0.014251 0.870959
v 0.435981 -0.015221 0.868207
v 0.435146 -0.015342 0.871100
v 0.436852 -0.015701 0.868365
v 0.436018 -0.015822 0.871258
v 0.437551 -0.015875 0.868502
v 0.436717 -0.015996 0.871395
v 0.438227 -0.015972 0.868638
v 0.437392 -0.016093 0.871531
v 0.439029 -0.016221 0.868793
v 0.438194 -0.016341 0.871686
v 0.411446 -0.087747 0.875651
v 0.410984 -0.088278 0.875155
v 0.410100 -0.086129 0.873046
v 0.410562 -0.085598 0.873541
v 0.410708 -0.088726 0.874692
v 0.409823 -0.086577 0.872583
v 0.410348 -0.089189 0.874243
v 0.409463 -0.087040 0.872133
v 0.409636 -0.089766 0.873788
v 0.408751 -0.087617 0.871678
v 0.408291 -0.090395 0.873520
v 0.407407 -0.088245 0.871411
v 0.406528 -0.091050 0.873384
v 0.405643 -0.088901 0.871274
v 0.404815 -0.091895 0.872986
v 0.403930 -0.089746 0.870876
v 0.403623 -0.093089 0.871932
v 0.402738 -0.090940 0.869823
v 0.403263 -0.094377 0.870426
v 0.402378 -0.092228 0.868316
v 0.403625 -0.095386 0.868990
v 0.402740 -0.093237 0.866880
v 0.404543 -0.096102 0.867707
v 0.403658 -0.093952 0.865597
v 0.405854 -0.096509 0.866661
v 0.404969 -0.094360 0.864551
v 0.407159 -0.096548 0.866090
v 0.406275 -0.094398 0.863982
v 0.408232 -0.096312 0.865964
v 0.407347 -0.094162 0.863855
v 0.409168 -0.096026 0.865957
v 0.408283 -0.093876 0.863848
v 0.410062 -0.095912 0.865746
v 0.409177 -0.093762 0.863637
v 0.410927 -0.096247 0.864972
v 0.410042 -0.094097 0.862862
v 0.411837 -0.096947 0.863712
v 0.410952 -0.094798 0.861602
v 0.412975 -0.097699 0.862294
v 0.412090 -0.095550 0.860184
v 0.414525 -0.098188 0.861049
v 0.413640 -0.096039 0.858940
v 0.416725 -0.098198 0.860157
v 0.415841 -0.096049 0.858049
v 0.418757 -0.097822 0.859828
v 0.417872 -0.095673 0.857719
v 0.420397 -0.097371 0.859752
v 0.419512 -0.095221 0.857643
v 0.421426 -0.097151 0.859622
v 0.420541 -0.095002 0.857513
v 0.422003 -0.097324 0.859171
v 0.421118 -0.095174 0.857061
v 0.422540 -0.097702 0.858472
v 0.421655 -0.095552 0.856363
v 0.423192 -0.098076 0.857732
v 0.422307 -0.095927 0.855622
v 0.424115 -0.098240 0.857154
v 0.423230 -0.096091 0.855044
v 0.425220 -0.098102 0.856890
v 0.424336 -0.095952 0.854781
v 0.426253 -0.097814 0.856845
v 0.425369 -0.095665 0.854736
v 0.427119 -0.097539 0.856853
v 0.426234 -0.095389 0.854743
v 0.427723 -0.097436 0.856743
v 0.426838 -0.095286 0.854635
v 0.428066 -0.097559 0.856449
v 0.427182 -0.095409 0.854340
v 0.428323 -0.097789 0.856052
v 0.427438 -0.095639 0.853943
v 0.428654 -0.098026 0.855616
v 0.427769 -0.095877 0.853506
v 0.429221 -0.098172 0.855203
v 0.428336 -0.096022 0.853094
v 0.429930 -0.098188 0.854899
v 0.429046 -0.096038 0.852790
v 0.430577 -0.098149 0.854690
v 0.429692 -0.096000 0.852581
v 0.431158 -0.098125 0.854490
v 0.430273 -0.095975 0.852381
v 0.431669 -0.098183 0.854212
v 0.430785 -0.096033 0.852103
v 0.432504 -0.098781 0.853113
v 0.431619 -0.096631 0.851003
v 0.434265 -0.099982 0.850871
v 0.433380 -0.097832 0.848762
v 0.437266 -0.101257 0.848039
v 0.436382 -0.099107 0.845931
v 0.441822 -0.102079 0.845168
v 0.440937 -0.099929 0.843059
v 0.446913 -0.102001 0.843235
v 0.446029 -0.099851 0.841127
v 0.451105 -0.101280 0.842485
v 0.450221 -0.099131 0.840376
v 0.454081 -0.100444 0.842368
v 0.453196 -0.098295 0.840258
v 0.455524 -0.100022 0.842332
v 0.454640 -0.097872 0.840224
v 0.456057 -0.100045 0.842091
v 0.455172 -0.097895 0.839981
v 0.456558 -0.100153 0.841752
v 0.455674 -0.098003 0.839643
v 0.457104 -0.100283 0.841367
v 0.456219 -0.098134 0.839257
v 0.457770 -0.100373 0.840987
v 0.456885 -0.098224 0.838877
v 0.458453 -0.100324 0.840777
v 0.457568 -0.098174 0.838667
v 0.459025 -0.100156 0.840762
v 0.458141 -0.098006 0.838654
v 0.459522 -0.099984 0.840785
v 0.458637 -0.097835 0.838675
v 0.459975 -0.099923 0.840682
v 0.459091 -0.097773 0.838574
v 0.460408 -0.100106 0.840276
v 0.459523 -0.097956 0.838166
v 0.460884 -0.100484 0.839600
v 0.459999 -0.098335 0.837491
v 0.461498 -0.100899 0.838824
v 0.460614 -0.098749 0.836715
v 0.462349 -0.101188 0.838114
v 0.461464 -0.099039 0.836004
v 0.463377 -0.101175 0.837721
v 0.462492 -0.099025 0.835611
v 0.464399 -0.100929 0.837627
v 0.463514 -0.098780 0.835518
v 0.465320 -0.100664 0.837600
v 0.464435 -0.098514 0.835491
v 0.466043 -0.100592 0.837403
v 0.465159 -0.098442 0.835295
v 0.466731 -0.100943 0.836678
v 0.465847 -0.098793 0.834569
v 0.467712 -0.101597 0.835449
v 0.466828 -0.099448 0.833340
v 0.469136 -0.102239 0.834058
v 0.468252 -0.100090 0.831949
v 0.471155 -0.102554 0.832849
v 0.470270 -0.100405 0.830739
v 0.473126 -0.102337 0.832340
v 0.472241 -0.100188 0.830230
v 0.475022 -0.101819 0.832247
v 0.474137 -0.099670 0.830137
v 0.476650 -0.101314 0.832243
v 0.475765 -0.099165 0.830133
v 0.477821 -0.101136 0.832003
v 0.476937 -0.098987 0.829895
v 0.478507 -0.101372 0.831428
v 0.477622 -0.099222 0.829319
v 0.479034 -0.101771 0.830707
v 0.478149 -0.099622 0.828597
v 0.479744 -0.102144 0.829945
v 0.478859 -0.099995 0.827836
v 0.480978 -0.102302 0.829251
v 0.480093 -0.100152 0.827141
v 0.482638 -0.102123 0.828817
v 0.481754 -0.099974 0.826707
v 0.484292 -0.101606 0.828819
v 0.483407 -0.099456 0.826710
v 0.485772 -0.100739 0.829338
v 0.484887 -0.098590 0.827229
v 0.486912 -0.099511 0.830456
v 0.486028 -0.097362 0.828346
v 0.487187 -0.098246 0.831966
v 0.486302 -0.096097 0.829856
v 0.486588 -0.097223 0.833515
v 0.485703 -0.095074 0.831406
v 0.485727 -0.096365 0.834958
v 0.484843 -0.094215 0.832849
v 0.485218 -0.095594 0.836150
v 0.484333 -0.093445 0.834040
v 0.485227 -0.094962 0.836955
v 0.484342 -0.092813 0.834845
v 0.485426 -0.094487 0.837484
v 0.484541 -0.092338 0.835374
v 0.485684 -0.094038 0.837956
v 0.484799 -0.091889 0.835847
v 0.485868 -0.093485 0.838590
v 0.484984 -0.091336 0.836481
v 0.436224 -0.034281 0.869863
v 0.466997 -0.090590 0.847512
v 0.430117 -0.087746 0.865878
v 0.473104 -0.037125 0.851498
v 0.472258 -0.036898 0.849764
v 0.435378 -0.034055 0.868129
v 0.466151 -0.090364 0.845778
v 0.429271 -0.087520 0.864143
vn -0.1519 -0.9884 0.0059
vn -0.1509 -0.9885 0.0055
vn -0.1820 -0.9806 0.0728
vn -0.1832 -0.9803 0.0733
vn -0.1405 -0.9899 -0.0183
vn -0.1396 -0.9900 -0.0187
vn -0.2117 -0.9678 0.1364
vn -0.2110 -0.9680 0.1360
vn -0.3198 -0.8626 0.3921
vn -0.3193 -0.8628 0.3919
vn -0.3868 -0.7215 0.5743
vn -0.3865 -0.7217 0.5743
vn -0.3827 -0.7328 0.5626
vn -0.3826 -0.7329 0.5626
vn -0.2937 -0.8980 0.3277
vn -0.2938 -0.8980 0.3277
vn -0.1214 -0.9910 -0.0567
vn -0.1216 -0.9910 -0.0565
vn 0.0575 -0.9138 -0.4020
vn 0.0571 -0.9139 -0.4019
vn 0.2138 -0.7160 -0.6646
vn 0.2144 -0.7158 -0.6646
vn 0.3392 -0.4331 -0.8351
vn 0.3398 -0.4328 -0.8350
vn 0.4224 -0.0942 -0.9015
vn 0.4225 -0.0944 -0.9014
vn 0.4522 0.2909 -0.8431
vn 0.4524 0.2908 -0.8431
vn 0.4310 0.5402 -0.7228
vn 0.4312 0.5401 -0.7227
vn 0.4405 0.4732 -0.7629
vn 0.4407 0.4731 -0.7628
vn 0.4357 -0.0040 -0.9001
vn 0.3285 -0.4645 -0.8224
vn 0.3284 -0.4645 -0.8224
vn 0.2954 -0.5510 -0.7805
vn 0.2952 -0.5510 -0.7805
vn 0.3484 -0.4063 -0.8447
vn 0.3480 -0.4064 -0.8448
vn 0.4250 -0.0773 -0.9019
vn 0.4247 -0.0772 -0.9021
vn 0.4522 0.2815 -0.8464
vn 0.4521 0.2814 -0.8464
vn 0.4377 0.4949 -0.7507
vn 0.4382 0.4945 -0.7507
vn 0.4353 0.5148 -0.7386
vn 0.4351 0.5148 -0.7387
vn 0.4474 0.1122 -0.8873
vn 0.4469 0.1124 -0.8875
vn 0.3471 -0.4096 -0.8437
vn 0.3480 -0.4094 -0.8434
vn 0.3094 -0.5141 -0.8000
vn 0.3107 -0.5137 -0.7997
vn 0.3766 -0.3069 -0.8741
vn 0.3775 -0.3067 -0.8738
vn 0.4463 0.1097 -0.8881
vn 0.4467 0.1098 -0.8879
vn 0.4427 0.4524 -0.7742
vn 0.4428 0.4523 -0.7742
vn 0.4225 0.5874 -0.6903
vn 0.4228 0.5872 -0.6903
vn 0.4356 0.5134 -0.7394
vn 0.4353 0.5135 -0.7395
vn 0.4416 0.0466 -0.8960
vn 0.4413 0.0467 -0.8962
vn 0.3234 -0.4776 -0.8169
vn 0.3252 -0.4768 -0.8167
vn 0.2795 -0.5871 -0.7598
vn 0.2804 -0.5865 -0.7598
vn 0.3534 -0.3914 -0.8496
vn 0.3524 -0.3918 -0.8499
vn 0.4283 -0.0598 -0.9017
vn 0.4278 -0.0599 -0.9019
vn 0.4502 0.1647 -0.8776
vn 0.4497 0.1645 -0.8779
vn 0.4515 0.2164 -0.8656
vn 0.4519 0.2161 -0.8655
vn 0.4442 0.0851 -0.8919
vn 0.4446 0.0851 -0.8917
vn 0.3771 -0.3054 -0.8743
vn 0.3776 -0.3051 -0.8743
vn 0.2978 -0.5449 -0.7838
vn 0.2982 -0.5447 -0.7838
vn 0.3305 -0.4588 -0.8248
vn 0.3306 -0.4588 -0.8247
vn 0.3905 -0.2535 -0.8850
vn 0.3906 -0.2534 -0.8850
vn 0.4380 0.0169 -0.8988
vn 0.4523 0.2862 -0.8447
vn 0.4522 0.2862 -0.8447
vn 0.4388 0.4886 -0.7541
vn 0.4386 0.4887 -0.7542
vn 0.4252 0.5731 -0.7006
vn 0.4254 0.5729 -0.7006
vn 0.4509 0.3375 -0.8263
vn 0.4513 0.3374 -0.8262
vn 0.4287 -0.0511 -0.9020
vn 0.4293 -0.0511 -0.9017
vn 0.4054 -0.1829 -0.8956
vn 0.4065 -0.1832 -0.8951
vn 0.4159 -0.1308 -0.9000
vn 0.4167 -0.1312 -0.8995
vn 0.4458 0.0936 -0.8902
vn 0.4454 0.0938 -0.8904
vn 0.4460 0.4225 -0.7890
vn 0.4456 0.4227 -0.7891
vn 0.4169 0.6139 -0.6703
vn 0.4175 0.6134 -0.6704
vn 0.4367 0.5065 -0.7435
vn 0.4363 0.5064 -0.7438
vn 0.4346 -0.0126 -0.9005
vn 0.4346 -0.0122 -0.9005
vn 0.3209 -0.4842 -0.8140
vn 0.3223 -0.4839 -0.8136
vn 0.2910 -0.5598 -0.7759
vn 0.2919 -0.5595 -0.7757
vn 0.3435 -0.4217 -0.8392
vn 0.3433 -0.4217 -0.8392
vn 0.4257 -0.0758 -0.9017
vn 0.4253 -0.0758 -0.9019
vn 0.4512 0.3387 -0.8257
vn 0.4507 0.3390 -0.8258
vn 0.4310 0.5425 -0.7211
vn 0.4306 0.5428 -0.7210
vn 0.4441 0.4401 -0.7804
vn 0.4442 0.4402 -0.7803
vn 0.4244 -0.0784 -0.9021
vn 0.4248 -0.0781 -0.9019
vn 0.3205 -0.4857 -0.8133
vn 0.3210 -0.4855 -0.8131
vn 0.3286 -0.4649 -0.8221
vn 0.3919 -0.2486 -0.8858
vn 0.3920 -0.2486 -0.8857
vn 0.4467 0.1110 -0.8878
vn 0.4468 0.1110 -0.8877
vn 0.4444 0.4372 -0.7819
vn 0.4446 0.4370 -0.7819
vn 0.4242 0.5790 -0.6963
vn 0.4244 0.5789 -0.6963
vn 0.4377 0.4943 -0.7510
vn 0.4382 0.4941 -0.7509
vn 0.4398 0.0378 -0.8973
vn 0.4409 0.0378 -0.8968
vn 0.3359 -0.4430 -0.8312
vn 0.3361 -0.4430 -0.8311
vn 0.3107 -0.5114 -0.8012
vn 0.3108 -0.5114 -0.8012
vn 0.3893 -0.2584 -0.8841
vn 0.3896 -0.2583 -0.8840
vn 0.4480 0.1280 -0.8848
vn 0.4480 0.1279 -0.8848
vn 0.4414 0.4636 -0.7683
vn 0.4418 0.4633 -0.7682
vn 0.3799 0.7393 -0.5560
vn 0.3803 0.7389 -0.5562
vn 0.2674 0.9265 -0.2647
vn 0.2676 0.9265 -0.2648
vn 0.1048 0.9903 0.0910
vn 0.1047 0.9903 0.0911
vn -0.0905 0.8831 0.4604
vn -0.0904 0.8831 0.4604
vn -0.2183 0.7094 0.6701
vn -0.2181 0.7095 0.6701
vn -0.2249 0.6977 0.6801
vn -0.2248 0.6977 0.6802
vn -0.1249 0.8453 0.5195
vn -0.1247 0.8454 0.5194
vn 0.0087 0.9600 0.2799
vn 0.0087 0.9600 0.2798
vn 0.0867 0.9879 0.1286
vn 0.0862 0.9879 0.1287
vn 0.0744 0.9855 0.1527
vn 0.0739 0.9855 0.1529
vn 0.0405 0.9749 0.2190
vn 0.0402 0.9749 0.2192
vn -0.4378 -0.0170 0.8989
vn -0.4377 -0.0170 0.8989
vn 0.9222 -0.1323 0.3634
vn 0.9220 -0.1335 0.3635
vn 0.9231 -0.1325 0.3611
vn 0.9221 -0.1324 0.3637
vn 0.9225 -0.1324 0.3626
vn 0.9227 -0.1325 0.3620
vn 0.9228 -0.1323 0.3619
vn 0.9224 -0.1324 0.3628
vn 0.9229 -0.1324 0.3615
vn 0.9226 -0.1325 0.3622
vn 0.9223 -0.1324 0.3630
vn 0.9224 -0.1325 0.3628
vn 0.9221 -0.1325 0.3634
vn 0.9224 -0.1325 0.3627
vn 0.9222 -0.1325 0.3634
vn 0.9225 -0.1325 0.3625
vn 0.9223 -0.1324 0.3631
vn 0.9225 -0.1324 0.3625
vn 0.9228 -0.1325 0.3619
vn 0.9215 -0.1322 0.3651
vn 0.9232 -0.1324 0.3609
vn 0.9235 -0.1323 0.3601
vn 0.9213 -0.1326 0.3655
vn 0.9204 -0.1324 0.3679
vn 0.9248 -0.1323 0.3568
vn 0.9216 -0.1323 0.3649
vn 0.9222 -0.1323 0.3635
vn 0.9237 -0.1326 0.3593
vn 0.9242 -0.1324 0.3582
vn 0.9207 -0.1327 0.3669
vn 0.9230 -0.1323 0.3614
vn 0.9231 -0.1322 0.3611
vn 0.9220 -0.1327 0.3637
vn 0.9228 -0.1323 0.3618
vn 0.9235 -0.1321 0.3600
vn 0.9217 -0.1325 0.3646
vn 0.9252 -0.1325 0.3557
vn 0.9200 -0.1326 0.3688
vn 0.9219 -0.1323 0.3642
vn 0.9230 -0.1323 0.3613
vn 0.9218 -0.1326 0.3642
vn 0.9233 -0.1326 0.3606
vn 0.9222 -0.1326 0.3632
vn 0.9220 -0.1323 0.3639
vn 0.9225 -0.1326 0.3624
vn 0.9228 -0.1324 0.3619
vn 0.9221 -0.1325 0.3636
vn 0.9233 -0.1325 0.3604
vn 0.9216 -0.1326 0.3648
vn 0.9248 -0.1322 0.3567
vn 0.9225 -0.1325 0.3626
vn 0.9221 -0.1323 0.3636
vn 0.9226 -0.1323 0.3623
vn 0.9219 -0.1324 0.3640
vn 0.9232 -0.1323 0.3610
vn 0.9034 -0.1315 0.4081
vn 0.9307 -0.1341 0.3405
vn 0.9253 -0.1317 0.3558
vn 0.9195 -0.1326 0.3700
vn 0.9225 -0.1329 0.3623
vn 0.9224 -0.1322 0.3630
vn 0.9312 -0.1331 0.3395
vn 0.9154 -0.1337 0.3796
vn 0.9170 -0.1329 0.3762
vn 0.9264 -0.1323 0.3527
vn 0.9185 -0.1327 0.3726
vn 0.9217 -0.1333 0.3642
vn 0.9233 -0.1325 0.3606
vn 0.9256 -0.1332 0.3543
vn 0.9225 -0.1327 0.3626
vn 0.9223 -0.1324 0.3632
vn 0.9234 -0.1324 0.3604
vn 0.9226 -0.1324 0.3622
vn 0.9222 -0.1324 0.3634
vn 0.9219 -0.1324 0.3641
vn 0.9226 -0.1325 0.3623
vn 0.9225 -0.1325 0.3624
vn 0.9219 -0.1324 0.3642
vn -0.9230 0.1324 -0.3613
vn -0.9225 0.1324 -0.3625
vn -0.9221 0.1326 -0.3635
vn -0.9226 0.1334 -0.3620
vn -0.9221 0.1324 -0.3635
vn -0.9223 0.1325 -0.3629
vn -0.9228 0.1323 -0.3620
vn -0.9223 0.1325 -0.3630
vn -0.9221 0.1326 -0.3634
vn -0.9223 0.1325 -0.3631
vn -0.9223 0.1324 -0.3630
vn -0.9223 0.1324 -0.3631
vn -0.9224 0.1324 -0.3629
vn -0.9227 0.1324 -0.3621
vn -0.9226 0.1324 -0.3622
vn -0.9222 0.1325 -0.3633
vn -0.9225 0.1324 -0.3626
vn -0.9216 0.1328 -0.3648
vn -0.9230 0.1322 -0.3613
vn -0.9223 0.1323 -0.3631
vn -0.9226 0.1325 -0.3623
vn -0.9216 0.1326 -0.3647
vn -0.9222 0.1323 -0.3635
vn -0.9236 0.1322 -0.3598
vn -0.9226 0.1323 -0.3624
vn -0.9243 0.1319 -0.3583
vn -0.9229 0.1326 -0.3616
vn -0.9209 0.1327 -0.3666
vn -0.9230 0.1325 -0.3612
vn -0.9239 0.1319 -0.3591
vn -0.9186 0.1327 -0.3724
vn -0.9231 0.1323 -0.3612
vn -0.9211 0.1328 -0.3661
vn -0.9217 0.1324 -0.3646
vn -0.9229 0.1324 -0.3616
vn -0.9199 0.1328 -0.3689
vn -0.9215 0.1324 -0.3651
vn -0.9255 0.1324 -0.3548
vn -0.9227 0.1323 -0.3620
vn -0.9220 0.1326 -0.3637
vn -0.9224 0.1327 -0.3628
vn -0.9223 0.1326 -0.3630
vn -0.9212 0.1324 -0.3659
vn -0.9224 0.1324 -0.3628
vn -0.9228 0.1324 -0.3617
vn -0.9227 0.1324 -0.3620
vn -0.9229 0.1325 -0.3615
vn -0.9210 0.1325 -0.3663
vn -0.9225 0.1323 -0.3625
vn -0.9217 0.1324 -0.3647
vn -0.9239 0.1321 -0.3592
vn -0.9224 0.1326 -0.3628
vn -0.9226 0.1324 -0.3623
vn -0.9224 0.1325 -0.3628
vn -0.9225 0.1325 -0.3626
vn -0.9232 0.1322 -0.3609
vn -0.9228 0.1324 -0.3619
vn -0.9262 0.1302 -0.3538
vn -0.9242 0.1346 -0.3573
vn -0.9226 0.1321 -0.3624
vn -0.9237 0.1319 -0.3596
vn -0.9210 0.1329 -0.3661
vn -0.9229 0.1323 -0.3616
vn -0.9234 0.1313 -0.3607
vn -0.9219 0.1331 -0.3637
vn -0.9184 0.1331 -0.3725
vn -0.9242 0.1322 -0.3584
vn -0.9183 0.1327 -0.3729
vn -0.9231 0.1327 -0.3610
vn -0.9221 0.1323 -0.3635
vn -0.9192 0.1321 -0.3711
vn -0.9232 0.1329 -0.3607
vn -0.9255 0.1332 -0.3545
vn -0.9193 0.1327 -0.3705
vn -0.9221 0.1318 -0.3638
vn -0.9219 0.1325 -0.3642
vn -0.9234 0.1323 -0.3604
vn -0.9224 0.1323 -0.3628
vn -0.8794 -0.0070 0.4760
vn -0.8825 0.0053 0.4703
vn -0.8641 -0.0604 0.4996
vn -0.8640 -0.0608 0.4997
vn -0.8869 0.0247 0.4612
vn -0.8852 0.0168 0.4649
vn -0.8484 -0.1066 0.5186
vn -0.8407 -0.1268 0.5265
vn -0.7292 -0.3405 0.5936
vn -0.7129 -0.3645 0.5991
vn -0.5779 -0.5270 0.6231
vn -0.5707 -0.5342 0.6237
vn -0.5815 -0.5234 0.6229
vn -0.5904 -0.5141 0.6222
vn -0.7496 -0.3085 0.5855
vn -0.7687 -0.2765 0.5767
vn -0.8895 0.0367 0.4555
vn -0.8961 0.0717 0.4381
vn -0.8961 0.3503 0.2727
vn -0.8909 0.3762 0.2545
vn -0.7917 0.6076 0.0639
vn -0.7790 0.6253 0.0466
vn -0.5804 0.7979 -0.1627
vn -0.5680 0.8046 -0.1732
vn -0.2685 0.8845 -0.3814
vn -0.2639 0.8848 -0.3841
vn 0.1310 0.8199 -0.5574
vn 0.1181 0.8246 -0.5533
vn 0.3895 0.6847 -0.6160
vn 0.3826 0.6896 -0.6149
vn 0.3080 0.7361 -0.6027
vn 0.3228 0.7275 -0.6054
vn -0.1762 0.8849 -0.4311
vn -0.1770 0.8849 -0.4308
vn -0.5958 0.7892 -0.1492
vn -0.6054 0.7834 -0.1405
vn -0.6709 0.7375 -0.0782
vn -0.6686 0.7393 -0.0804
vn -0.5572 0.8101 -0.1823
vn -0.5475 0.8149 -0.1904
vn -0.2514 0.8854 -0.3911
vn -0.2473 0.8855 -0.3933
vn 0.1200 0.8240 -0.5538
vn 0.1108 0.8272 -0.5509
vn 0.3422 0.7157 -0.6088
vn 0.3354 0.7199 -0.6077
vn 0.3575 0.7061 -0.6113
vn 0.3626 0.7028 -0.6121
vn -0.0653 0.8729 -0.4836
vn -0.0572 0.8715 -0.4871
vn -0.5494 0.8139 -0.1888
vn -0.5601 0.8087 -0.1798
vn -0.6423 0.7590 -0.1063
vn -0.6390 0.7614 -0.1094
vn -0.4709 0.8460 -0.2500
vn -0.4589 0.8500 -0.2587
vn -0.0608 0.8721 -0.4855
vn -0.0644 0.8727 -0.4840
vn 0.2989 0.7413 -0.6009
vn 0.2888 0.7470 -0.5988
vn 0.4369 0.6507 -0.6210
vn 0.4339 0.6530 -0.6207
vn 0.3525 0.7093 -0.6105
vn 0.3630 0.7025 -0.6122
vn -0.1279 0.8813 -0.4550
vn -0.1260 0.8811 -0.4558
vn -0.6040 0.7842 -0.1420
vn -0.6169 0.7762 -0.1301
vn -0.6981 0.7142 -0.0496
vn -0.6953 0.7168 -0.0529
vn -0.5455 0.8158 -0.1919
vn -0.5326 0.8218 -0.2024
vn -0.2342 0.8858 -0.4007
vn -0.2308 0.8859 -0.4024
vn -0.0035 0.8606 -0.5094
vn -0.0064 0.8612 -0.5083
vn 0.0484 0.8472 -0.5291
vn 0.0477 0.8473 -0.5290
vn -0.0889 0.8766 -0.4730
vn -0.0867 0.8762 -0.4741
vn -0.4543 0.8514 -0.2621
vn -0.4699 0.8464 -0.2506
vn -0.6653 0.7418 -0.0837
vn -0.6646 0.7424 -0.0844
vn -0.5996 0.7869 -0.1457
vn -0.5930 0.7908 -0.1517
vn -0.4207 0.8610 -0.2858
vn -0.4138 0.8628 -0.2906
vn -0.1561 0.8837 -0.4412
vn 0.1248 0.8222 -0.5554
vn 0.1170 0.8250 -0.5529
vn 0.3367 0.7191 -0.6079
vn 0.3287 0.7240 -0.6065
vn 0.4206 0.6628 -0.6195
vn 0.4203 0.6630 -0.6194
vn 0.1619 0.8078 -0.5668
vn 0.1815 0.7996 -0.5724
vn -0.2223 0.8859 -0.4071
vn -0.2243 0.8860 -0.4059
vn -0.3507 0.8756 -0.3321
vn -0.3526 0.8754 -0.3308
vn -0.3034 0.8818 -0.3610
vn -0.3015 0.8820 -0.3621
vn -0.0777 0.8749 -0.4781
vn -0.0792 0.8751 -0.4775
vn 0.2702 0.7571 -0.5949
vn 0.2546 0.7653 -0.5912
vn 0.4657 0.6283 -0.6232
vn 0.4599 0.6329 -0.6229
vn 0.3421 0.7158 -0.6088
vn 0.3575 0.7059 -0.6114
vn -0.1837 0.8852 -0.4273
vn -0.1863 0.8853 -0.4262
vn -0.6120 0.7793 -0.1345
vn -0.6210 0.7735 -0.1265
vn -0.6776 0.7319 -0.0711
vn -0.6750 0.7341 -0.0740
vn -0.5699 0.8036 -0.1715
vn -0.5607 0.8084 -0.1794
vn -0.2501 0.8854 -0.3918
vn -0.2453 0.8855 -0.3946
vn 0.1820 0.7995 -0.5725
vn 0.1682 0.8052 -0.5686
vn 0.3914 0.6836 -0.6161
vn 0.3869 0.6866 -0.6155
vn 0.2743 0.7549 -0.5956
vn 0.2883 0.7473 -0.5987
vn -0.2454 0.8856 -0.3944
vn -0.2526 0.8853 -0.3905
vn -0.6162 0.7767 -0.1307
vn -0.6202 0.7741 -0.1272
vn -0.6041 0.7842 -0.1417
vn -0.5985 0.7875 -0.1468
vn -0.4167 0.8621 -0.2885
vn -0.4086 0.8641 -0.2941
vn -0.0586 0.8718 -0.4864
vn -0.0630 0.8725 -0.4845
vn 0.2844 0.7494 -0.5979
vn 0.2723 0.7560 -0.5953
vn 0.4288 0.6568 -0.6203
vn 0.4256 0.6592 -0.6200
vn 0.3319 0.7220 -0.6071
vn 0.3441 0.7146 -0.6091
vn -0.1361 0.8821 -0.4510
vn -0.1343 0.8819 -0.4519
vn -0.5774 0.7996 -0.1652
vn -0.5878 0.7938 -0.1562
vn -0.6412 0.7598 -0.1073
vn -0.6358 0.7636 -0.1124
vn -0.4264 0.8595 -0.2817
vn -0.4154 0.8624 -0.2895
vn -0.0411 0.8685 -0.4939
vn -0.0458 0.8694 -0.4920
vn 0.3127 0.7334 -0.6036
vn 0.2972 0.7423 -0.6005
vn 0.6004 0.5035 -0.6213
vn 0.5810 0.5238 -0.6230
vn 0.7991 0.2200 -0.5595
vn 0.7847 0.2477 -0.5682
vn 0.9006 -0.1022 -0.4225
vn 0.8953 -0.0673 -0.4404
vn 0.8761 -0.4326 -0.2130
vn 0.8845 -0.4028 -0.2353
vn 0.7790 -0.6253 -0.0466
vn 0.7851 -0.6169 -0.0548
vn 0.7770 -0.6280 -0.0438
vn 0.7722 -0.6342 -0.0375
vn 0.8662 -0.4621 -0.1903
vn 0.8579 -0.4839 -0.1728
vn 0.9075 -0.2427 -0.3428
vn 0.9066 -0.2616 -0.3310
vn 0.9020 -0.1140 -0.4163
vn 0.9029 -0.1218 -0.4122
vn 0.9052 -0.1454 -0.3994
vn 0.9041 -0.1331 -0.4060
vn 0.9078 -0.1981 -0.3696
vn 0.9079 -0.1977 -0.3697
vn 0.1560 -0.8837 0.4412
vn 0.1560 -0.8837 0.4413
vn 0.3890 0.6293 0.6728
vn 0.3891 0.6293 0.6728
vn 0.3890 0.6292 0.6728
vn 0.3893 0.6293 0.6727
vn 0.3892 0.6293 0.6727
vn 0.3891 0.6292 0.6728
vn 0.3887 0.6293 0.6729
vn 0.3889 0.6292 0.6730
vn 0.3895 0.6293 0.6725
vn 0.3892 0.6292 0.6727
vn 0.3889 0.6291 0.6730
vn 0.3898 0.6292 0.6724
vn 0.3889 0.6293 0.6729
vn 0.3880 0.6294 0.6733
vn 0.3888 0.6293 0.6729
vn 0.3895 0.6292 0.6726
vn 0.3896 0.6292 0.6725
vn 0.3901 0.6291 0.6723
vn 0.3886 0.6293 0.6730
vn 0.3899 0.6292 0.6723
vn 0.3874 0.6295 0.6735
vn 0.3885 0.6294 0.6730
vn 0.3902 0.6292 0.6722
vn 0.3904 0.6291 0.6722
vn 0.3892 0.6292 0.6728
vn 0.3887 0.6293 0.6730
vn 0.3884 0.6293 0.6732
vn 0.3896 0.6293 0.6725
vn 0.3891 0.6294 0.6727
vn 0.3890 0.6294 0.6727
vn 0.3851 0.6295 0.6749
vn 0.3901 0.6289 0.6725
vn 0.3883 0.6294 0.6731
vn 0.3928 0.6289 0.6709
vn 0.3870 0.6294 0.6739
vn 0.3876 0.6294 0.6735
vn 0.3907 0.6291 0.6720
vn 0.3915 0.6290 0.6716
vn 0.3799 0.6301 0.6773
vn 0.3927 0.6289 0.6711
vn 0.3849 0.6296 0.6749
vn 0.3896 0.6291 0.6726
vn 0.3911 0.6291 0.6718
vn 0.3881 0.6297 0.6730
vn 0.3891 0.6292 0.6729
vn -0.3890 -0.6293 -0.6728
vn -0.3889 -0.6293 -0.6729
vn -0.3890 -0.6292 -0.6728
vn -0.3891 -0.6292 -0.6728
vn -0.3891 -0.6293 -0.6728
vn -0.3894 -0.6292 -0.6726
vn -0.3886 -0.6293 -0.6730
vn -0.3887 -0.6293 -0.6730
vn -0.3888 -0.6293 -0.6729
vn -0.3887 -0.6294 -0.6729
vn -0.3895 -0.6292 -0.6726
vn -0.3894 -0.6292 -0.6727
vn -0.3893 -0.6292 -0.6727
vn -0.3858 -0.6294 -0.6745
vn -0.3885 -0.6293 -0.6731
vn -0.3892 -0.6293 -0.6727
vn -0.3922 -0.6292 -0.6710
vn -0.3895 -0.6293 -0.6725
vn -0.3889 -0.6293 -0.6728
vn -0.3889 -0.6292 -0.6729
vn -0.3891 -0.6293 -0.6727
vn -0.3892 -0.6292 -0.6728
vn -0.3891 -0.6291 -0.6730
vn -0.3868 -0.6297 -0.6737
vn -0.3930 -0.6287 -0.6710
vn -0.3897 -0.6293 -0.6724
vn -0.3903 -0.6291 -0.6722
vn -0.3864 -0.6295 -0.6741
vn -0.3949 -0.6288 -0.6698
vn -0.3911 -0.6294 -0.6715
vn -0.3884 -0.6293 -0.6732
vn -0.3852 -0.6293 -0.6749
vn -0.3890 -0.6292 -0.6729
vn -0.3878 -0.6293 -0.6735
vn -0.3917 -0.6290 -0.6715
vn -0.3833 -0.6296 -0.6757
vn -0.0253 -0.9981 -0.0561
vn -0.0264 -0.9981 -0.0556
vn 0.0483 -0.9980 -0.0401
vn 0.0485 -0.9980 -0.0402
vn -0.0516 -0.9968 -0.0618
vn -0.0532 -0.9967 -0.0611
vn 0.1177 -0.9927 -0.0252
vn 0.1176 -0.9927 -0.0252
vn 0.4001 -0.9157 0.0382
vn 0.4005 -0.9155 0.0379
vn 0.6022 -0.7936 0.0869
vn 0.6023 -0.7935 0.0868
vn 0.5891 -0.8037 0.0838
vn 0.5892 -0.8037 0.0837
vn 0.3290 -0.9441 0.0217
vn -0.0942 -0.9931 -0.0700
vn -0.0943 -0.9931 -0.0700
vn -0.4696 -0.8713 -0.1428
vn -0.4694 -0.8713 -0.1430
vn -0.7473 -0.6369 -0.1896
vn -0.7470 -0.6371 -0.1902
vn -0.9198 -0.3311 -0.2106
vn -0.9197 -0.3311 -0.2109
vn -0.9785 0.0151 -0.2056
vn -0.9785 0.0153 -0.2059
vn -0.9038 0.3924 -0.1709
vn -0.9039 0.3922 -0.1706
vn -0.7669 0.6282 -0.1310
vn -0.7676 0.6276 -0.1298
vn -0.8121 0.5656 -0.1432
vn -0.8124 0.5653 -0.1430
vn -0.9741 0.1051 -0.2000
vn -0.9741 0.1052 -0.2002
vn -0.9073 -0.3642 -0.2099
vn -0.9074 -0.3642 -0.2098
vn -0.8657 -0.4564 -0.2057
vn -0.8657 -0.4564 -0.2056
vn -0.9292 -0.3032 -0.2112
vn -0.9783 0.0323 -0.2047
vn -0.9783 0.0324 -0.2049
vn -0.9076 0.3832 -0.1717
vn -0.9075 0.3833 -0.1721
vn -0.7988 0.5854 -0.1388
vn -0.7849 0.6046 -0.1355
vn -0.7852 0.6044 -0.1350
vn -0.9567 0.2195 -0.1914
vn -0.9569 0.2191 -0.1907
vn -0.9281 -0.3064 -0.2116
vn -0.9280 -0.3067 -0.2114
vn -0.8850 -0.4166 -0.2079
vn -0.8850 -0.4167 -0.2077
vn -0.9565 -0.2001 -0.2122
vn -0.9565 -0.2002 -0.2121
vn -0.9574 0.2169 -0.1909
vn -0.9572 0.2170 -0.1918
vn -0.8252 0.5456 -0.1460
vn -0.8250 0.5458 -0.1466
vn -0.7309 0.6718 -0.1205
vn -0.7309 0.6717 -0.1205
vn -0.7860 0.6032 -0.1354
vn -0.7863 0.6029 -0.1351
vn -0.9683 0.1550 -0.1958
vn -0.9683 0.1545 -0.1961
vn -0.9019 -0.3778 -0.2095
vn -0.9021 -0.3775 -0.2093
vn -0.8446 -0.4951 -0.2037
vn -0.8449 -0.4949 -0.2030
vn -0.9341 -0.2877 -0.2112
vn -0.9340 -0.2880 -0.2116
vn -0.9778 0.0497 -0.2034
vn -0.9778 0.0495 -0.2037
vn -0.9447 0.2704 -0.1853
vn -0.9447 0.2703 -0.1857
vn -0.9299 0.3206 -0.1801
vn -0.9298 0.3207 -0.1806
vn -0.9619 0.1928 -0.1938
vn -0.9619 0.1930 -0.1934
vn -0.9570 -0.1984 -0.2118
vn -0.9570 -0.1985 -0.2117
vn -0.8693 -0.4495 -0.2057
vn -0.8691 -0.4497 -0.2060
vn -0.9098 -0.3582 -0.2099
vn -0.9097 -0.3582 -0.2100
vn -0.9666 -0.1454 -0.2112
vn -0.9665 -0.1455 -0.2113
vn -0.9719 0.1259 -0.1987
vn -0.9057 0.3878 -0.1714
vn -0.9056 0.3878 -0.1715
vn -0.8026 0.5799 -0.1400
vn -0.8025 0.5799 -0.1401
vn -0.7424 0.6584 -0.1236
vn -0.7425 0.6584 -0.1235
vn -0.8842 0.4370 -0.1649
vn -0.8844 0.4368 -0.1645
vn -0.9772 0.0586 -0.2038
vn -0.9774 0.0582 -0.2033
vn -0.9750 -0.0737 -0.2095
vn -0.9751 -0.0740 -0.2093
vn -0.9781 -0.0215 -0.2069
vn -0.9781 -0.0214 -0.2073
vn -0.9604 0.2014 -0.1925
vn -0.9604 0.2014 -0.1924
vn -0.8419 0.5178 -0.1519
vn -0.8420 0.5178 -0.1515
vn -0.7091 0.6958 -0.1140
vn -0.7086 0.6963 -0.1144
vn -0.7908 0.5966 -0.1366
vn -0.7908 0.5967 -0.1364
vn -0.9750 0.0971 -0.1999
vn -0.9749 0.0962 -0.2010
vn -0.8993 -0.3848 -0.2079
vn -0.8987 -0.3852 -0.2096
vn -0.8608 -0.4657 -0.2055
vn -0.8607 -0.4658 -0.2055
vn -0.9238 -0.3193 -0.2112
vn -0.9239 -0.3193 -0.2109
vn -0.9782 0.0337 -0.2047
vn -0.9783 0.0337 -0.2045
vn -0.8836 0.4385 -0.1644
vn -0.8836 0.4384 -0.1643
vn -0.7653 0.6305 -0.1298
vn -0.7655 0.6303 -0.1297
vn -0.8319 0.5345 -0.1488
vn -0.8322 0.5343 -0.1484
vn -0.9783 0.0315 -0.2050
vn -0.9783 0.0313 -0.2048
vn -0.8983 -0.3864 -0.2090
vn -0.8983 -0.3865 -0.2092
vn -0.9072 -0.3647 -0.2096
vn -0.9072 -0.3647 -0.2099
vn -0.9673 -0.1405 -0.2110
vn -0.9673 -0.1405 -0.2112
vn -0.9570 0.2182 -0.1910
vn -0.9570 0.2182 -0.1909
vn -0.8339 0.5314 -0.1489
vn -0.8338 0.5315 -0.1491
vn -0.7377 0.6640 -0.1222
vn -0.7989 0.5852 -0.1392
vn -0.7988 0.5852 -0.1394
vn -0.9694 0.1464 -0.1969
vn -0.9693 0.1464 -0.1977
vn -0.9159 -0.3418 -0.2105
vn -0.9161 -0.3414 -0.2104
vn -0.8862 -0.4139 -0.2082
vn -0.8864 -0.4137 -0.2079
vn -0.9659 -0.1502 -0.2110
vn -0.9658 -0.1503 -0.2112
vn -0.9534 0.2349 -0.1892
vn -0.9534 0.2349 -0.1893
vn -0.8184 0.5561 -0.1446
vn -0.8183 0.5563 -0.1449
vn -0.5820 0.8091 -0.0819
vn -0.5818 0.8092 -0.0820
vn -0.2594 0.9658 -0.0062
vn -0.2595 0.9657 -0.0061
vn 0.1321 0.9882 0.0777
vn 0.1321 0.9882 0.0778
vn 0.5320 0.8326 0.1540
vn 0.5322 0.8325 0.1539
vn 0.7530 0.6299 0.1904
vn 0.7532 0.6297 0.1903
vn 0.7633 0.6169 0.1919
vn 0.7634 0.6168 0.1919
vn 0.5948 0.7867 0.1650
vn 0.5951 0.7866 0.1647
vn 0.3377 0.9338 0.1185
vn 0.3381 0.9337 0.1182
vn 0.1732 0.9811 0.0860
vn 0.1730 0.9811 0.0862
vn 0.1999 0.9756 0.0912
vn 0.1993 0.9757 0.0915
vn 0.2720 0.9565 0.1056
vn 0.2716 0.9566 0.1056
vn 0.9720 -0.1258 0.1985
vn 0.9720 -0.1259 0.1985
vn 0.9719 -0.1259 0.1988
vn -0.2749 -0.0402 0.9606
vn -0.2761 -0.0401 0.9603
vn -0.2763 -0.0398 0.9603
vn -0.2739 -0.0404 0.9609
vn -0.2740 -0.0404 0.9609
vn -0.2748 -0.0392 0.9607
vn -0.2747 -0.0403 0.9607
vn -0.2755 -0.0402 0.9605
vn -0.2746 -0.0402 0.9607
vn -0.2748 -0.0403 0.9607
vn -0.2750 -0.0402 0.9606
vn -0.2746 -0.0403 0.9607
vn -0.2748 -0.0402 0.9607
vn -0.2743 -0.0403 0.9608
vn -0.2751 -0.0401 0.9606
vn -0.2745 -0.0403 0.9607
vn -0.2752 -0.0401 0.9606
vn -0.2759 -0.0400 0.9604
vn -0.2738 -0.0400 0.9610
vn -0.2723 -0.0407 0.9613
vn -0.2755 -0.0403 0.9605
vn -0.2774 -0.0399 0.9599
vn -0.2718 -0.0405 0.9615
vn -0.2700 -0.0414 0.9620
vn -0.2810 -0.0394 0.9589
vn -0.2742 -0.0404 0.9608
vn -0.2768 -0.0400 0.9601
vn -0.2757 -0.0398 0.9604
vn -0.2768 -0.0398 0.9601
vn -0.2729 -0.0405 0.9612
vn -0.2754 -0.0403 0.9605
vn -0.2771 -0.0400 0.9600
vn -0.2757 -0.0400 0.9604
vn -0.2741 -0.0398 0.9609
vn -0.2736 -0.0404 0.9610
vn -0.2787 -0.0397 0.9595
vn -0.2753 -0.0402 0.9605
vn -0.2686 -0.0408 0.9624
vn -0.2765 -0.0401 0.9602
vn -0.2772 -0.0395 0.9600
vn -0.2758 -0.0402 0.9604
vn -0.2768 -0.0399 0.9601
vn -0.2741 -0.0404 0.9609
vn -0.2760 -0.0399 0.9603
vn -0.2769 -0.0401 0.9601
vn -0.2717 -0.0404 0.9615
vn -0.2730 -0.0405 0.9611
vn -0.2738 -0.0402 0.9610
vn -0.2761 -0.0398 0.9603
vn -0.2756 -0.0403 0.9604
vn -0.2755 -0.0401 0.9605
vn -0.2756 -0.0402 0.9604
vn -0.2767 -0.0401 0.9601
vn -0.2740 -0.0405 0.9609
vn -0.2368 -0.0457 0.9705
vn -0.2976 -0.0359 0.9540
vn -0.2670 -0.0413 0.9628
vn -0.2742 -0.0408 0.9608
vn -0.2774 -0.0396 0.9599
vn -0.2736 -0.0403 0.9610
vn -0.2761 -0.0397 0.9603
vn -0.2825 -0.0392 0.9585
vn -0.2584 -0.0411 0.9652
vn -0.2809 -0.0394 0.9589
vn -0.2681 -0.0412 0.9625
vn -0.2752 -0.0402 0.9606
vn -0.2741 -0.0402 0.9609
vn -0.2690 -0.0415 0.9623
vn -0.2770 -0.0398 0.9600
vn -0.2553 -0.0417 0.9660
vn -0.2763 -0.0404 0.9602
vn -0.2744 -0.0403 0.9608
vn -0.2735 -0.0403 0.9610
vn -0.2766 -0.0400 0.9602
vn -0.2740 -0.0403 0.9609
vn 0.2751 0.0402 -0.9606
vn 0.2767 0.0398 -0.9601
vn 0.2744 0.0404 -0.9608
vn 0.2750 0.0403 -0.9606
vn 0.2744 0.0402 -0.9608
vn 0.2746 0.0403 -0.9607
vn 0.2758 0.0401 -0.9604
vn 0.2752 0.0401 -0.9606
vn 0.2759 0.0401 -0.9604
vn 0.2742 0.0403 -0.9608
vn 0.2736 0.0404 -0.9610
vn 0.2747 0.0402 -0.9607
vn 0.2752 0.0402 -0.9606
vn 0.2750 0.0402 -0.9606
vn 0.2740 0.0403 -0.9609
vn 0.2755 0.0401 -0.9605
vn 0.2754 0.0402 -0.9605
vn 0.2749 0.0402 -0.9606
vn 0.2748 0.0402 -0.9607
vn 0.2750 0.0401 -0.9606
vn 0.2724 0.0406 -0.9613
vn 0.2724 0.0403 -0.9613
vn 0.2732 0.0406 -0.9611
vn 0.2753 0.0402 -0.9605
vn 0.2727 0.0403 -0.9612
vn 0.2697 0.0411 -0.9621
vn 0.2722 0.0406 -0.9614
vn 0.2794 0.0393 -0.9594
vn 0.2732 0.0404 -0.9611
vn 0.2745 0.0402 -0.9607
vn 0.2738 0.0402 -0.9609
vn 0.2693 0.0413 -0.9622
vn 0.2706 0.0407 -0.9618
vn 0.2680 0.0407 -0.9626
vn 0.2761 0.0401 -0.9603
vn 0.2727 0.0406 -0.9612
vn 0.2751 0.0401 -0.9606
vn 0.2754 0.0398 -0.9605
vn 0.2830 0.0390 -0.9583
vn 0.2743 0.0404 -0.9608
vn 0.2748 0.0403 -0.9607
vn 0.2741 0.0402 -0.9609
vn 0.2748 0.0398 -0.9607
vn 0.2764 0.0399 -0.9602
vn 0.2730 0.0406 -0.9611
vn 0.2746 0.0401 -0.9607
vn 0.2756 0.0401 -0.9604
vn 0.2736 0.0403 -0.9610
vn 0.2732 0.0403 -0.9611
vn 0.2736 0.0406 -0.9610
vn 0.2762 0.0396 -0.9603
vn 0.2757 0.0400 -0.9604
vn 0.2737 0.0403 -0.9610
vn 0.2756 0.0402 -0.9604
vn 0.2767 0.0400 -0.9601
vn 0.2772 0.0400 -0.9600
vn 0.2941 0.0396 -0.9549
vn 0.2817 0.0365 -0.9588
vn 0.2712 0.0393 -0.9617
vn 0.2750 0.0397 -0.9606
vn 0.2778 0.0401 -0.9598
vn 0.2779 0.0403 -0.9598
vn 0.3003 0.0373 -0.9531
vn 0.2797 0.0390 -0.9593
vn 0.2476 0.0445 -0.9678
vn 0.2570 0.0428 -0.9655
vn 0.2835 0.0390 -0.9582
vn 0.2683 0.0410 -0.9624
vn 0.2738 0.0403 -0.9609
vn 0.2771 0.0395 -0.9600
vn 0.2547 0.0427 -0.9661
vn 0.2677 0.0408 -0.9626
vn 0.2775 0.0400 -0.9599
vn 0.2734 0.0403 -0.9610
vn 0.2738 0.0404 -0.9610
vn 0.2748 0.0401 -0.9607
vn 0.2712 0.0406 -0.9617
vn 0.2765 0.0401 -0.9602
vn -0.8654 0.1324 0.4833
vn -0.8572 0.1473 0.4935
vn -0.8263 0.1987 0.5271
vn -0.8262 0.1991 0.5271
vn -0.8700 0.1234 0.4773
vn -0.8750 0.1138 0.4706
vn -0.7806 0.2637 0.5667
vn -0.7977 0.2407 0.5530
vn -0.5741 0.4724 0.6688
vn -0.6036 0.4482 0.6593
vn -0.3815 0.5998 0.7033
vn -0.3929 0.5935 0.7024
vn -0.4082 0.5848 0.7009
vn -0.3957 0.5919 0.7021
vn -0.6656 0.3923 0.6349
vn -0.6302 0.4252 0.6497
vn -0.8985 0.0630 0.4345
vn -0.8785 0.1068 0.4657
vn -0.9530 -0.2448 0.1787
vn -0.9546 -0.2126 0.2086
vn -0.8691 -0.4886 -0.0774
vn -0.8817 -0.4687 -0.0539
vn -0.6863 -0.6588 -0.3081
vn -0.6984 -0.6515 -0.2964
vn -0.4306 -0.7517 -0.4996
vn -0.4330 -0.7512 -0.4982
vn -0.0938 -0.7574 -0.6462
vn -0.0790 -0.7553 -0.6506
vn 0.1658 -0.6954 -0.6993
vn 0.1743 -0.6925 -0.7001
vn 0.1041 -0.7151 -0.6912
vn 0.0899 -0.7192 -0.6889
vn -0.3570 -0.7622 -0.5400
vn -0.3539 -0.7625 -0.5416
vn -0.7191 -0.6380 -0.2754
vn -0.7092 -0.6445 -0.2856
vn -0.7722 -0.5974 -0.2163
vn -0.7739 -0.5959 -0.2144
vn -0.6689 -0.6688 -0.3245
vn -0.6777 -0.6638 -0.3163
vn -0.4151 -0.7544 -0.5086
vn -0.4196 -0.7536 -0.5060
vn -0.1001 -0.7582 -0.6443
vn -0.0917 -0.7571 -0.6469
vn 0.1161 -0.7115 -0.6930
vn 0.1247 -0.7089 -0.6942
vn 0.1438 -0.7028 -0.6967
vn 0.1399 -0.7041 -0.6962
vn -0.2500 -0.7677 -0.5900
vn -0.2536 -0.7677 -0.5884
vn -0.6819 -0.6614 -0.3123
vn -0.6690 -0.6688 -0.3245
vn -0.7467 -0.6181 -0.2457
vn -0.7502 -0.6154 -0.2419
vn -0.5935 -0.7047 -0.3888
vn -0.6062 -0.6995 -0.3785
vn -0.2572 -0.7677 -0.5869
vn -0.2528 -0.7677 -0.5888
vn 0.0698 -0.7248 -0.6854
vn 0.0829 -0.7212 -0.6877
vn 0.2231 -0.6742 -0.7041
vn 0.2250 -0.6734 -0.7042
vn 0.1464 -0.7019 -0.6971
vn 0.1342 -0.7059 -0.6954
vn -0.3113 -0.7659 -0.5626
vn -0.3117 -0.7659 -0.5624
vn -0.7287 -0.6313 -0.2654
vn -0.7180 -0.6387 -0.2767
vn -0.7940 -0.5776 -0.1893
vn -0.7994 -0.5724 -0.1823
vn -0.6562 -0.6757 -0.3360
vn -0.6707 -0.6678 -0.3227
vn -0.4014 -0.7565 -0.5163
vn -0.4029 -0.7563 -0.5155
vn -0.2085 -0.7670 -0.6068
vn -0.2038 -0.7669 -0.6086
vn -0.1604 -0.7643 -0.6246
vn -0.1565 -0.7641 -0.6258
vn -0.2806 -0.7672 -0.5767
vn -0.2754 -0.7674 -0.5790
vn -0.6096 -0.6980 -0.3757
vn -0.5915 -0.7056 -0.3903
vn -0.7684 -0.6006 -0.2210
vn -0.7689 -0.6002 -0.2202
vn -0.7068 -0.6462 -0.2879
vn -0.7133 -0.6419 -0.2813
vn -0.5552 -0.7192 -0.4177
vn -0.5617 -0.7169 -0.4130
vn -0.3369 -0.7641 -0.5501
vn -0.3371 -0.7641 -0.5500
vn -0.0955 -0.7576 -0.6457
vn -0.0880 -0.7566 -0.6479
vn 0.1094 -0.7136 -0.6920
vn 0.1190 -0.7107 -0.6933
vn 0.2060 -0.6808 -0.7029
vn 0.2080 -0.6801 -0.7030
vn -0.0314 -0.7475 -0.6635
vn -0.0459 -0.7502 -0.6597
vn -0.3996 -0.7568 -0.5173
vn -0.3909 -0.7581 -0.5220
vn -0.5055 -0.7346 -0.4527
vn -0.5010 -0.7359 -0.4555
vn -0.4602 -0.7457 -0.4818
vn -0.4612 -0.7455 -0.4811
vn -0.2707 -0.7675 -0.5811
vn -0.2707 -0.7675 -0.5810
vn 0.0390 -0.7326 -0.6795
vn 0.0527 -0.7292 -0.6823
vn 0.2531 -0.6620 -0.7055
vn 0.2568 -0.6604 -0.7056
vn 0.1468 -0.7019 -0.6970
vn 0.1223 -0.7096 -0.6939
vn -0.3619 -0.7617 -0.5375
vn -0.3643 -0.7614 -0.5363
vn -0.7324 -0.6286 -0.2615
vn -0.7233 -0.6351 -0.2711
vn -0.7776 -0.5927 -0.2099
vn -0.7797 -0.5908 -0.2073
vn -0.6797 -0.6628 -0.3143
vn -0.6884 -0.6576 -0.3062
vn -0.4140 -0.7546 -0.5092
vn -0.4187 -0.7537 -0.5065
vn -0.0453 -0.7500 -0.6599
vn -0.0330 -0.7478 -0.6631
vn 0.1714 -0.6935 -0.6998
vn 0.1756 -0.6920 -0.7002
vn 0.0695 -0.7248 -0.6855
vn 0.0565 -0.7283 -0.6830
vn -0.4245 -0.7528 -0.5032
vn -0.4162 -0.7542 -0.5079
vn -0.7302 -0.6302 -0.2639
vn -0.7267 -0.6327 -0.2674
vn -0.7116 -0.6430 -0.2832
vn -0.7169 -0.6395 -0.2778
vn -0.5511 -0.7206 -0.4208
vn -0.5589 -0.7179 -0.4151
vn -0.2559 -0.7677 -0.5875
vn -0.2522 -0.7677 -0.5891
vn 0.0537 -0.7290 -0.6825
vn 0.0669 -0.7255 -0.6850
vn 0.2116 -0.6787 -0.7033
vn 0.2161 -0.6769 -0.7036
vn 0.1273 -0.7081 -0.6945
vn 0.1133 -0.7123 -0.6926
vn -0.3183 -0.7655 -0.5592
vn -0.3202 -0.7653 -0.5584
vn -0.7041 -0.6478 -0.2909
vn -0.6939 -0.6543 -0.3006
vn -0.7436 -0.6204 -0.2494
vn -0.7486 -0.6166 -0.2437
vn -0.5584 -0.7181 -0.4155
vn -0.5672 -0.7149 -0.4090
vn -0.2416 -0.7678 -0.5934
vn -0.2362 -0.7676 -0.5958
vn 0.0790 -0.7223 -0.6871
vn 0.0967 -0.7173 -0.6900
vn 0.3973 -0.5910 -0.7020
vn 0.4265 -0.5741 -0.6989
vn 0.6845 -0.3738 -0.6259
vn 0.7135 -0.3435 -0.6107
vn 0.8928 -0.0761 -0.4440
vn 0.9107 -0.0321 -0.4117
vn 0.9510 0.2646 -0.1600
vn 0.9455 0.3006 -0.1251
vn 0.8741 0.4809 0.0682
vn 0.8680 0.4902 0.0790
vn 0.8619 0.4990 0.0897
vn 0.8667 0.4922 0.0814
vn 0.9331 0.3521 -0.0733
vn 0.9401 0.3258 -0.1002
vn 0.9505 0.1286 -0.2829
vn 0.9471 0.1045 -0.3033
vn 0.9168 -0.0153 -0.3990
vn 0.9133 -0.0253 -0.4065
vn 0.9198 -0.0063 -0.3923
vn 0.9248 0.0090 -0.3803
vn 0.9388 0.0615 -0.3388
vn 0.9389 0.0615 -0.3386
vn 0.3371 0.7641 0.5500
vn 0.2185 -0.8043 0.5526
vn 0.2186 -0.8042 0.5527
vn 0.2186 -0.8043 0.5526
vn 0.2186 -0.8041 0.5528
vn 0.2185 -0.8042 0.5528
vn 0.2187 -0.8041 0.5527
vn 0.2188 -0.8042 0.5527
vn 0.2185 -0.8043 0.5525
vn 0.2187 -0.8042 0.5527
vn 0.2187 -0.8041 0.5528
vn 0.2184 -0.8042 0.5528
vn 0.2198 -0.8042 0.5523
vn 0.2188 -0.8042 0.5526
vn 0.2186 -0.8043 0.5525
vn 0.2175 -0.8040 0.5534
vn 0.2185 -0.8043 0.5527
vn 0.2185 -0.8042 0.5527
vn 0.2184 -0.8043 0.5527
vn 0.2187 -0.8042 0.5526
vn 0.2186 -0.8042 0.5526
vn 0.2189 -0.8038 0.5532
vn 0.2190 -0.8037 0.5533
vn 0.2189 -0.8041 0.5527
vn 0.2183 -0.8044 0.5525
vn 0.2188 -0.8041 0.5528
vn 0.2167 -0.8040 0.5538
vn 0.2184 -0.8044 0.5524
vn 0.2200 -0.8046 0.5516
vn 0.2186 -0.8044 0.5524
vn 0.2184 -0.8040 0.5530
vn 0.2185 -0.8041 0.5529
vn 0.2205 -0.8043 0.5517
vn 0.2168 -0.8044 0.5532
vn 0.2185 -0.8044 0.5524
vn 0.2186 -0.8040 0.5529
vn 0.2186 -0.8042 0.5528
vn -0.2186 0.8042 -0.5527
vn -0.2187 0.8042 -0.5527
vn -0.2186 0.8041 -0.5528
vn -0.2186 0.8043 -0.5526
vn -0.2188 0.8042 -0.5526
vn -0.2189 0.8042 -0.5526
vn -0.2185 0.8042 -0.5527
vn -0.2184 0.8043 -0.5526
vn -0.2185 0.8041 -0.5528
vn -0.2184 0.8042 -0.5528
vn -0.2186 0.8043 -0.5525
vn -0.2185 0.8042 -0.5528
vn -0.2181 0.8041 -0.5531
vn -0.2189 0.8041 -0.5527
vn -0.2186 0.8042 -0.5526
vn -0.2181 0.8042 -0.5529
vn -0.2190 0.8043 -0.5524
vn -0.2185 0.8043 -0.5526
vn -0.2183 0.8047 -0.5521
vn -0.2184 0.8046 -0.5523
vn -0.2187 0.8043 -0.5525
vn -0.2164 0.8037 -0.5542
vn -0.2188 0.8042 -0.5527
vn -0.2187 0.8041 -0.5528
vn -0.2188 0.8041 -0.5527
vn -0.2186 0.8044 -0.5524
vn -0.2177 0.8043 -0.5529
vn -0.2199 0.8045 -0.5518
vn -0.2180 0.8041 -0.5530
vn -0.2193 0.8043 -0.5523
vn -0.2199 0.8047 -0.5515
vn -0.2186 0.8042 -0.5528
vn 0.4418 -0.1168 0.8895
vn 0.4419 -0.1168 0.8894
vn 0.1132 0.9908 0.0739
vn 0.8957 -0.0696 -0.4393
vn -0.1132 -0.9908 -0.0739
vn -0.8957 0.0696 0.4393
vn -0.4419 0.1168 -0.8894
vn -0.4418 0.1168 -0.8895
vt 6547.573242 -1039.322266
vt 6533.956055 -1121.958618
vt 6548.482910 -970.961914
vt 6556.343750 -899.408997
vt 6590.816406 -807.195618
vt 6681.699219 -700.493225
vt 6810.321777 -585.008484
vt 6923.641602 -442.575104
vt 6968.617188 -255.026901
vt 6930.349609 -63.191898
vt 6840.090820 79.840599
vt 6714.024414 173.844498
vt 6568.332031 218.593597
vt 6443.876953 209.479004
vt 6356.480957 163.037399
vt 6284.766602 110.760803
vt 6207.355469 84.141602
vt 6107.545898 123.247902
vt 5983.115723 215.193802
vt 5834.410156 312.039886
vt 5661.773438 365.847198
vt 5454.969238 342.617889
vt 5285.622559 265.004303
vt 5157.146973 180.624695
vt 5072.955566 137.097305
vt 5009.188477 155.757706
vt 4937.745117 204.802597
vt 4855.677734 252.142899
vt 4760.038086 265.688995
vt 4664.184082 233.041794
vt 4583.400879 179.517807
vt 4517.634766 129.600693
vt 4466.832031 107.774300
vt 4427.769043 121.859596
vt 4390.873535 152.494400
vt 4346.568359 183.387894
vt 4285.277344 198.249603
vt 4217.911621 192.670105
vt 4159.439941 179.791901
vt 4106.370605 169.651505
vt 4055.212891 172.285294
vt 3943.544434 250.181000
vt 3711.349121 405.475403
vt 3358.745605 557.677979
vt 2885.851562 626.299011
vt 2412.957520 557.677979
vt 2060.354004 405.475311
vt 1828.158813 250.181107
vt 1716.490234 172.285294
vt 1665.332397 169.651505
vt 1612.263184 179.792007
vt 1553.791504 192.670197
vt 1486.425781 198.249603
vt 1425.134766 183.388000
vt 1380.829712 152.494400
vt 1343.934082 121.859596
vt 1304.871216 107.774399
vt 1254.068359 129.600693
vt 1188.302246 179.517807
vt 1107.519043 233.041901
vt 1011.664917 265.688995
vt 916.025879 252.142899
vt 833.958313 204.802704
vt 762.514526 155.757706
vt 698.747375 137.097397
vt 614.556213 180.624695
vt 486.080597 265.004395
vt 316.734100 342.618011
vt 109.929802 365.847198
vt -62.707298 312.040009
vt -211.413101 215.193802
vt -335.842987 123.247902
vt -435.652588 84.141602
vt -513.063171 110.760902
vt -584.777710 163.037399
vt -672.173828 209.479004
vt -796.628906 218.593597
vt -942.321228 173.844604
vt -1068.388184 79.840897
vt -1158.646729 -63.191502
vt -1196.914062 -255.026901
vt -1151.938477 -442.575104
vt -1038.618530 -585.008423
vt -909.995972 -700.493225
vt -819.112976 -807.195496
vt -784.640015 -899.408875
vt -776.779175 -970.961670
vt -775.870300 -1039.322266
vt -762.252930 -1121.958618
vt 890.825989 -4591.242676
vt 1026.626221 -4468.488770
vt 935.405701 -4612.269531
vt 1071.205933 -4489.515137
vt 853.947815 -4568.262695
vt 989.747986 -4445.508301
vt 815.347290 -4547.936035
vt 951.147522 -4425.181641
vt 765.601074 -4534.872070
vt 901.401306 -4412.117676
vt 708.038574 -4547.264648
vt 843.838806 -4424.510254
vt 645.738220 -4577.001465
vt 781.538513 -4454.247070
vt 568.900024 -4589.230469
vt 704.700195 -4466.476074
vt 467.723694 -4549.099609
vt 603.523926 -4426.345215
vt 364.234802 -4462.590332
vt 500.035095 -4339.835938
vt 287.073395 -4364.789062
vt 422.873596 -4242.034668
vt 236.361298 -4264.504395
vt 372.161499 -4141.750488
vt 212.220505 -4170.543945
vt 348.020813 -4047.789551
vt 217.137604 -4106.533691
vt 352.937805 -3983.779541
vt 242.191299 -4075.331787
vt 377.991486 -3952.577637
vt 270.392914 -4054.593018
vt 406.193115 -3931.838867
vt 284.753113 -4021.971924
vt 420.553314 -3899.217529
vt 263.656494 -3954.700928
vt 399.456696 -3831.946533
vt 214.054596 -3856.005615
vt 349.854797 -3733.251465
vt 161.809204 -3742.532227
vt 297.609406 -3619.778076
vt 132.781906 -3630.926025
vt 268.582092 -3508.171631
vt 145.313293 -3527.337402
vt 281.113495 -3404.583008
vt 187.183304 -3462.628418
vt 322.983612 -3339.874023
vt 232.703400 -3422.291016
vt 368.503693 -3299.536865
vt 256.185089 -3391.817383
vt 391.985291 -3269.062988
vt 246.118393 -3351.010254
vt 381.918610 -3228.255859
vt 219.660202 -3295.629395
vt 355.460388 -3172.875244
vt 194.121597 -3235.102783
vt 329.921814 -3112.348389
vt 186.813904 -3178.857178
vt 322.614197 -3056.103027
vt 204.425995 -3138.356201
vt 340.226288 -3015.602051
vt 233.300598 -3113.153564
vt 369.100800 -2990.399170
vt 260.229187 -3094.813477
vt 396.029388 -2972.059326
vt 272.003815 -3074.901123
vt 407.804108 -2952.146729
vt 264.405304 -3048.991699
vt 400.205505 -2926.237305
vt 247.878799 -3018.569580
vt 383.678986 -2895.815186
vt 231.212708 -2984.061035
vt 367.012909 -2861.306885
vt 223.195297 -2945.894043
vt 358.995514 -2823.139648
vt 226.205200 -2911.468018
vt 362.005493 -2788.713623
vt 233.152603 -2884.345947
vt 368.952911 -2761.591797
vt 238.623093 -2859.198486
vt 374.423309 -2736.444092
vt 237.202194 -2830.696289
vt 373.002411 -2707.941895
vt 195.179901 -2743.709717
vt 330.980103 -2620.955322
vt 111.403603 -2565.128418
vt 247.203796 -2442.374023
vt 29.295099 -2322.652100
vt 165.095306 -2199.897949
vt -7.723800 -2043.980469
vt 128.076401 -1921.226074
vt 29.295000 -1812.429810
vt 165.095200 -1689.675537
vt 111.403503 -1674.469360
vt 247.203705 -1551.715088
vt 195.179794 -1602.526855
vt 330.980011 -1479.772461
vt 237.201996 -1569.030151
vt 373.002197 -1446.275879
vt 238.622894 -1542.336548
vt 374.423096 -1419.582153
vt 233.152405 -1510.225708
vt 368.952606 -1387.471313
vt 226.205002 -1474.260376
vt 362.005188 -1351.506104
vt 223.195099 -1436.003052
vt 358.995300 -1313.248779
vt 231.212494 -1408.041260
vt 367.012695 -1285.286865
vt 247.878601 -1394.747192
vt 383.678802 -1271.992920
vt 264.405090 -1385.361450
vt 400.205292 -1262.607178
vt 272.003601 -1369.124390
vt 407.803802 -1246.369995
vt 260.229004 -1334.223877
vt 396.029205 -1211.469604
vt 233.300293 -1281.606445
vt 369.100494 -1158.852173
vt 204.425797 -1219.649292
vt 340.226013 -1096.895020
vt 186.813705 -1156.729858
vt 322.613892 -1033.975586
vt 194.121307 -1109.786621
vt 329.921509 -987.032288
vt 219.659897 -1081.767822
vt 355.460114 -959.013489
vt 246.118103 -1060.065430
vt 381.918304 -937.311218
vt 256.184692 -1032.072144
vt 391.984985 -909.317810
vt 232.703094 -971.708679
vt 368.503296 -848.954529
vt 187.182999 -873.429077
vt 322.983185 -750.674805
vt 145.312897 -755.423889
vt 281.113098 -632.669617
vt 132.781403 -635.883972
vt 268.581696 -513.129578
vt 161.808701 -561.226196
vt 297.608887 -438.471893
vt 214.054199 -514.255676
vt 349.854401 -391.501404
vt 263.656006 -478.698792
vt 399.456207 -355.944489
vt 284.752594 -438.281586
vt 420.552795 -315.527313
vt 270.392395 -387.381500
vt 406.192596 -264.627197
vt 242.190796 -330.744995
vt 377.990997 -207.990707
vt 217.136993 -267.652191
vt 352.937286 -144.897903
vt 212.220001 -197.383194
vt 348.020203 -74.628899
vt 236.360596 -134.151199
vt 372.160889 -11.396900
vt 287.072601 -98.417702
vt 422.872803 24.336700
vt 364.234100 -98.835403
vt 500.034302 23.918900
vt 467.723114 -144.056900
vt 603.523376 -21.302601
vt 568.899414 -232.713303
vt 704.699585 -109.959000
vt 645.737671 -342.749390
vt 781.537903 -219.995102
vt 708.038025 -451.788086
vt 843.838196 -329.033813
vt 765.600525 -537.452087
vt 901.400818 -414.697815
vt 815.346680 -587.710083
vt 951.146973 -464.955811
vt 853.947205 -616.518005
vt 989.747375 -493.763702
vt 890.825500 -640.479492
vt 1026.625732 -517.725220
vt 935.405212 -676.198303
vt 1071.205444 -553.443970
vt 6547.571777 -4305.543945
vt 6547.571777 -4010.101807
vt 6533.954590 -4291.194336
vt 6533.954590 -3995.752197
vt 6548.481445 -4317.414551
vt 6548.481445 -4021.972412
vt 6556.342285 -4329.839844
vt 6556.342285 -4034.397461
vt 6590.814941 -4345.852539
vt 6590.814941 -4050.410156
vt 6681.697754 -4364.380859
vt 6681.697754 -4068.938721
vt 6810.320312 -4384.434570
vt 6810.320312 -4088.992432
vt 6923.640137 -4409.167969
vt 6923.640137 -4113.725586
vt 6968.615723 -4441.735352
vt 6968.615723 -4146.292969
vt 6930.348145 -4475.047363
vt 6930.348145 -4179.604980
vt 6840.089355 -4499.884277
vt 6840.089355 -4204.441895
vt 6714.022949 -4516.208008
vt 6714.022949 -4220.765625
vt 6568.330566 -4523.978516
vt 6568.330566 -4228.536133
vt 6443.875488 -4522.395996
vt 6443.875488 -4226.953613
vt 6356.479492 -4514.331543
vt 6356.479492 -4218.889160
vt 6284.765137 -4505.253906
vt 6284.765137 -4209.811523
vt 6207.354004 -4500.631348
vt 6207.354004 -4205.188965
vt 6107.544434 -4507.421875
vt 6107.544434 -4211.979492
vt 5983.114258 -4523.388184
vt 5983.114258 -4227.945801
vt 5834.408691 -4540.205566
vt 5834.408691 -4244.763184
vt 5661.771973 -4549.548828
vt 5661.771973 -4254.106445
vt 5454.967773 -4545.515137
vt 5454.967773 -4250.072754
vt 5285.621094 -4532.037598
vt 5285.621094 -4236.595215
vt 5157.145508 -4517.385254
vt 5157.145508 -4221.942871
vt 5072.954102 -4509.827148
vt 5072.954102 -4214.384766
vt 5009.187012 -4513.067383
vt 5009.187012 -4217.625000
vt 4937.743652 -4521.583984
vt 4937.743652 -4226.141602
vt 4855.676270 -4529.804688
vt 4855.676270 -4234.362305
vt 4760.036621 -4532.156738
vt 4760.036621 -4236.714355
vt 4664.183105 -4526.487793
vt 4664.182617 -4231.045410
vt 4583.399902 -4517.193359
vt 4583.399414 -4221.750977
vt 4517.633789 -4508.525391
vt 4517.633301 -4213.083008
vt 4466.831055 -4504.735352
vt 4466.830566 -4209.292969
vt 4427.768066 -4507.181152
vt 4427.767578 -4211.738770
vt 4390.872559 -4512.500488
vt 4390.872070 -4217.058105
vt 4346.567383 -4517.865234
vt 4346.566895 -4222.422852
vt 4285.276367 -4520.445801
vt 4285.275879 -4225.003418
vt 4217.910645 -4519.477051
vt 4217.910645 -4224.034668
vt 4159.438965 -4517.240723
vt 4159.438965 -4221.798340
vt 4106.369629 -4515.479980
vt 4106.369629 -4220.037598
vt 4055.211914 -4515.937500
vt 4055.211670 -4220.495117
vt 3943.543457 -4529.463867
vt 3943.543213 -4234.021484
vt 3711.348145 -4556.430176
vt 3711.347900 -4260.987793
vt 3358.744629 -4582.859863
vt 3358.744385 -4287.417480
vt 2885.850586 -4594.775879
vt 2885.850586 -4299.333496
vt 2412.956543 -4582.859863
vt 2412.956543 -4287.417480
vt 2060.353271 -4556.430176
vt 2060.353027 -4260.987793
vt 1828.158081 -4529.463867
vt 1828.157959 -4234.021484
vt 1716.489502 -4515.937500
vt 1716.489502 -4220.495117
vt 1665.331787 -4515.479980
vt 1665.331665 -4220.037598
vt 1612.262573 -4517.240723
vt 1612.262451 -4221.798828
vt 1553.790894 -4519.477051
vt 1553.790771 -4224.034668
vt 1486.425171 -4520.446289
vt 1486.425049 -4225.003906
vt 1425.134155 -4517.865234
vt 1425.134033 -4222.422852
vt 1380.829102 -4512.500977
vt 1380.828979 -4217.058594
vt 1343.933472 -4507.181152
vt 1343.933350 -4211.738770
vt 1304.870605 -4504.735352
vt 1304.870483 -4209.292969
vt 1254.067749 -4508.525391
vt 1254.067627 -4213.083008
vt 1188.301636 -4517.193359
vt 1188.301514 -4221.750977
vt 1107.518433 -4526.487793
vt 1107.518433 -4231.045410
vt 1011.664429 -4532.156738
vt 1011.664185 -4236.714355
vt 916.025330 -4529.804688
vt 916.025330 -4234.362305
vt 833.957703 -4521.583984
vt 833.957581 -4226.141602
vt 762.513977 -4513.067383
vt 762.513916 -4217.625000
vt 698.746887 -4509.827148
vt 698.746887 -4214.384766
vt 614.555725 -4517.385742
vt 614.555603 -4221.943359
vt 486.080109 -4532.038086
vt 486.080109 -4236.595703
vt 316.733612 -4545.515625
vt 316.733612 -4250.073242
vt 109.929398 -4549.549316
vt 109.929298 -4254.106934
vt -62.707699 -4540.205566
vt -62.707802 -4244.763184
vt -211.413406 -4523.388672
vt -211.413498 -4227.946289
vt -335.843292 -4507.422363
vt -335.843414 -4211.979980
vt -435.652893 -4500.631348
vt -435.653015 -4205.188965
vt -513.063477 -4505.253906
vt -513.063599 -4209.811523
vt -584.778015 -4514.331543
vt -584.778076 -4218.889160
vt -672.174011 -4522.395996
vt -672.174072 -4226.953613
vt -796.629211 -4523.979004
vt -796.629211 -4228.536621
vt -942.321411 -4516.208496
vt -942.321472 -4220.766113
vt -1068.388306 -4499.884766
vt -1068.388428 -4204.442383
vt -1158.646851 -4475.047363
vt -1158.646973 -4179.604980
vt -1196.914185 -4441.735840
vt -1196.914185 -4146.293457
vt -1151.938477 -4409.168457
vt -1151.938599 -4113.726074
vt -1038.618530 -4384.435059
vt -1038.618652 -4088.992676
vt -909.996094 -4364.381348
vt -909.996216 -4068.938965
vt -819.113098 -4345.852539
vt -819.113220 -4050.410400
vt -784.640076 -4329.839844
vt -784.640076 -4034.397705
vt -776.779175 -4317.415039
vt -776.779297 -4021.972656
vt -775.870300 -4305.544434
vt -775.870422 -4010.102051
vt -762.252930 -4291.194824
vt -762.253113 -3995.752441
vt 6056.937012 -5623.673340
vt 6233.851074 -5790.241699
vt 6175.774902 -5817.388184
vt 5998.860840 -5650.819824
vt 6104.979980 -5592.583008
vt 6281.894043 -5759.151367
vt 6155.267090 -5565.801270
vt 6332.181152 -5732.369629
vt 6220.074219 -5551.581055
vt 6396.987793 -5718.149414
vt 6295.063477 -5577.642090
vt 6471.977539 -5744.210449
vt 6376.225586 -5631.077148
vt 6553.139648 -5797.645508
vt 6476.326660 -5659.198242
vt 6653.240723 -5825.766602
vt 6608.134277 -5609.318848
vt 6785.048340 -5775.887695
vt 6742.954590 -5488.039062
vt 6919.868652 -5654.607910
vt 6843.476562 -5346.148926
vt 7020.390625 -5512.717285
vt 6909.541992 -5197.246094
vt 7086.456055 -5363.814453
vt 6940.991211 -5054.927734
vt 7117.905273 -5221.496094
vt 6934.585449 -4955.410645
vt 7111.499512 -5121.979004
vt 6901.946777 -4904.181641
vt 7078.860840 -5070.750000
vt 6865.207031 -4868.745117
vt 7042.121094 -5035.313965
vt 6846.499512 -4816.605957
vt 7023.413086 -4983.174316
vt 6873.982910 -4715.170898
vt 7050.896973 -4881.739258
vt 6938.602051 -4568.591309
vt 7115.515625 -4735.159668
vt 7006.664551 -4399.489258
vt 7183.578613 -4566.057617
vt 7044.479980 -4230.485840
vt 7221.394043 -4397.054199
vt 7028.154785 -4068.886475
vt 7205.068359 -4235.455078
vt 6973.608398 -3963.854492
vt 7150.522461 -4130.422852
vt 6914.307129 -3896.050537
vt 7091.220703 -4062.618896
vt 6883.716309 -3846.135498
vt 7060.630371 -4012.703857
vt 6896.830566 -3784.276367
vt 7073.744629 -3950.844727
vt 6931.298828 -3701.861328
vt 7108.212891 -3868.429688
vt 6964.569336 -3611.382568
vt 7141.483398 -3777.950928
vt 6974.089355 -3525.332520
vt 7151.003418 -3691.901123
vt 6951.145020 -3460.625000
vt 7128.059082 -3627.193359
vt 6913.528809 -3418.208984
vt 7090.442871 -3584.777344
vt 6878.447754 -3386.632812
vt 7055.361328 -3553.201172
vt 6863.107910 -3354.445068
vt 7040.021973 -3521.013428
vt 6873.007324 -3315.314453
vt 7049.920898 -3481.882812
vt 6894.537109 -3270.280518
vt 7071.451172 -3436.848877
vt 6916.249023 -3218.948242
vt 7093.162598 -3385.516602
vt 6926.693359 -3160.923340
vt 7103.607422 -3327.491699
vt 6922.772461 -3107.356934
vt 7099.686035 -3273.925293
vt 6913.721680 -3064.606445
vt 7090.635742 -3231.174805
vt 6906.594727 -3025.084473
vt 7083.508789 -3191.653076
vt 6908.445801 -2981.205078
vt 7085.359863 -3147.773438
vt 6963.190430 -2851.811279
vt 7140.104492 -3018.379639
vt 7072.330078 -2585.869385
vt 7249.244141 -2752.437744
vt 7179.297363 -2220.978516
vt 7356.210938 -2387.546875
vt 7227.523438 -1794.735962
vt 7404.437500 -1961.304443
vt 7179.296875 -1432.433472
vt 7356.210938 -1599.001953
vt 7072.330078 -1209.362549
vt 7249.244141 -1375.931030
vt 6963.190430 -1088.121582
vt 7140.104492 -1254.690063
vt 6908.445801 -1031.309692
vt 7085.359863 -1197.878052
vt 6906.594727 -989.884216
vt 7083.508789 -1156.452637
vt 6913.721680 -940.913696
vt 7090.635254 -1107.482178
vt 6922.771973 -886.163513
vt 7099.686035 -1052.731934
vt 6926.693359 -827.398315
vt 7103.607422 -993.966675
vt 6916.248535 -783.221191
vt 7093.162598 -949.789673
vt 6894.537109 -760.675171
vt 7071.450684 -927.243713
vt 6873.006836 -744.186218
vt 7049.920898 -910.754578
vt 6863.107910 -718.179993
vt 7040.021973 -884.748474
vt 6878.447266 -665.654724
vt 7055.361328 -832.223083
vt 6913.528809 -587.566711
vt 7090.442871 -754.135071
vt 6951.145020 -495.277710
vt 7128.059082 -661.846191
vt 6974.089355 -400.149902
vt 7151.003418 -566.718323
vt 6964.569336 -326.722504
vt 7141.482910 -493.290894
vt 6931.298828 -280.354492
vt 7108.212891 -446.922913
vt 6896.830078 -243.638397
vt 7073.744141 -410.206909
vt 6883.715820 -199.166702
vt 7060.629883 -365.735199
vt 6914.306641 -108.693703
vt 7091.220703 -275.262207
vt 6973.607910 37.733700
vt 7150.521973 -128.834702
vt 7028.154297 215.084900
vt 7205.068359 48.516499
vt 7044.479492 398.329010
vt 7221.393555 231.760605
vt 7006.664062 517.195679
vt 7183.578125 350.627289
vt 6938.601562 596.058289
vt 7115.515625 429.489990
vt 6873.982422 656.964172
vt 7050.896484 490.395813
vt 6846.499023 721.960510
vt 7023.413086 555.392090
vt 6865.206543 798.902771
vt 7042.120605 632.334412
vt 6901.946289 883.049622
vt 7078.860352 716.481079
vt 6934.584961 977.552307
vt 7111.499023 810.983826
vt 6940.990723 1085.562378
vt 7117.904785 918.994019
vt 6909.541504 1186.184204
vt 7086.455566 1019.615784
vt 6843.476562 1247.496216
vt 7020.390625 1080.927734
vt 6742.954102 1256.110962
vt 6919.868164 1089.542603
vt 6608.133789 1198.641602
vt 6785.047852 1032.073120
vt 6476.326172 1073.766235
vt 6653.240234 907.197815
vt 6376.225098 912.927917
vt 6553.139160 746.359497
vt 6295.062988 751.886292
vt 6471.977051 585.317871
vt 6220.073730 626.401428
vt 6396.987793 459.832886
vt 6155.266602 554.698181
vt 6332.180664 388.129791
vt 6104.979980 514.808411
vt 6281.894043 348.239990
vt 6056.936523 482.201996
vt 6233.850586 315.633514
vt 5998.860352 432.348999
vt 6175.774414 265.780487
vt 1.000000 0.000000
vt 0.000000 0.000000
vt 1.000000 1.000000
vt 0.000000 1.000000
s 1
usemtl wire_224143087
f 3/1/1 2/1/2 1/2/3
f 4/2/4 3/1/1 1/2/3
f 6/3/5 5/3/6 2/1/2
f 3/1/1 6/3/5 2/1/2
f 8/4/7 7/4/8 5/3/6
f 6/3/5 8/4/7 5/3/6
f 10/5/9 9/5/10 7/4/8
f 8/4/7 10/5/9 7/4/8
f 12/6/11 11/6/12 9/5/10
f 10/5/9 12/6/11 9/5/10
f 14/7/13 13/7/14 11/6/12
f 12/6/11 14/7/13 11/6/12
f 16/8/15 15/8/16 13/7/14
f 14/7/13 16/8/15 13/7/14
f 18/9/17 17/9/18 15/8/16
f 16/8/15 18/9/17 15/8/16
f 20/10/19 19/10/20 17/9/18
f 18/9/17 20/10/19 17/9/18
f 22/11/21 21/11/22 19/10/20
f 20/10/19 22/11/21 19/10/20
f 24/12/23 23/12/24 21/11/22
f 22/11/21 24/12/23 21/11/22
f 26/13/25 25/13/26 23/12/24
f 24/12/23 26/13/25 23/12/24
f 28/14/27 27/14/28 25/13/26
f 26/13/25 28/14/27 25/13/26
f 30/15/29 29/15/30 27/14/28
f 28/14/27 30/15/29 27/14/28
f 32/16/31 31/16/32 29/15/30
f 30/15/29 32/16/31 29/15/30
f 34/17/33 33/17/33 31/16/32
f 32/16/31 34/17/33 31/16/32
f 36/18/34 35/18/35 33/17/33
f 34/17/33 36/18/34 33/17/33
f 38/19/36 37/19/37 35/18/35
f 36/18/34 38/19/36 35/18/35
f 40/20/38 39/20/39 37/19/37
f 38/19/36 40/20/38 37/19/37
f 42/21/40 41/21/41 39/20/39
f 40/20/38 42/21/40 39/20/39
f 44/22/42 43/22/43 41/21/41
f 42/21/40 44/22/42 41/21/41
f 46/23/44 45/23/45 43/22/43
f 44/22/42 46/23/44 43/22/43
f 48/24/46 47/24/47 45/23/45
f 46/23/44 48/24/46 45/23/45
f 50/25/48 49/25/49 47/24/47
f 48/24/46 50/25/48 47/24/47
f 52/26/50 51/26/51 49/25/49
f 50/25/48 52/26/50 49/25/49
f 54/27/52 53/27/53 51/26/51
f 52/26/50 54/27/52 51/26/51
f 56/28/54 55/28/55 53/27/53
f 54/27/52 56/28/54 53/27/53
f 58/29/56 57/29/57 55/28/55
f 56/28/54 58/29/56 55/28/55
f 60/30/58 59/30/59 57/29/57
f 58/29/56 60/30/58 57/29/57
f 62/31/60 61/31/61 59/30/59
f 60/30/58 62/31/60 59/30/59
f 64/32/62 63/32/63 61/31/61
f 62/31/60 64/32/62 61/31/61
f 66/33/64 65/33/65 63/32/63
f 64/32/62 66/33/64 63/32/63
f 68/34/66 67/34/67 65/33/65
f 66/33/64 68/34/66 65/33/65
f 70/35/68 69/35/69 67/34/67
f 68/34/66 70/35/68 67/34/67
f 72/36/70 71/36/71 69/35/69
f 70/35/68 72/36/70 69/35/69
f 74/37/72 73/37/73 71/36/71
f 72/36/70 74/37/72 71/36/71
f 76/38/74 75/38/75 73/37/73
f 74/37/72 76/38/74 73/37/73
f 78/39/76 77/39/77 75/38/75
f 76/38/74 78/39/76 75/38/75
f 80/40/78 79/40/79 77/39/77
f 78/39/76 80/40/78 77/39/77
f 82/41/80 81/41/81 79/40/79
f 80/40/78 82/41/80 79/40/79
f 84/42/82 83/42/83 81/41/81
f 82/41/80 84/42/82 81/41/81
f 86/43/84 85/43/85 83/42/83
f 84/42/82 86/43/84 83/42/83
f 88/44/86 87/44/87 85/43/85
f 86/43/84 88/44/86 85/43/85
f 90/45/88 89/45/88 87/44/87
f 88/44/86 90/45/88 87/44/87
f 92/46/89 91/46/90 89/45/88
f 90/45/88 92/46/89 89/45/88
f 94/47/91 93/47/92 91/46/90
f 92/46/89 94/47/91 91/46/90
f 96/48/93 95/48/94 93/47/92
f 94/47/91 96/48/93 93/47/92
f 98/49/95 97/49/96 95/48/94
f 96/48/93 98/49/95 95/48/94
f 100/50/97 99/50/98 97/49/96
f 98/49/95 100/50/97 97/49/96
f 102/51/99 101/51/100 99/50/98
f 100/50/97 102/51/99 99/50/98
f 104/52/101 103/52/102 101/51/100
f 102/51/99 104/52/101 101/51/100
f 106/53/103 105/53/104 103/52/102
f 104/52/101 106/53/103 103/52/102
f 108/54/105 107/54/106 105/53/104
f 106/53/103 108/54/105 105/53/104
f 110/55/107 109/55/108 107/54/106
f 108/54/105 110/55/107 107/54/106
f 112/56/109 111/56/110 109/55/108
f 110/55/107 112/56/109 109/55/108
f 114/57/111 113/57/112 111/56/110
f 112/56/109 114/57/111 111/56/110
f 116/58/113 115/58/114 113/57/112
f 114/57/111 116/58/113 113/57/112
f 118/59/115 117/59/116 115/58/114
f 116/58/113 118/59/115 115/58/114
f 120/60/117 119/60/118 117/59/116
f 118/59/115 120/60/117 117/59/116
f 122/61/119 121/61/120 119/60/118
f 120/60/117 122/61/119 119/60/118
f 124/62/121 123/62/122 121/61/120
f 122/61/119 124/62/121 121/61/120
f 126/63/123 125/63/124 123/62/122
f 124/62/121 126/63/123 123/62/122
f 128/64/125 127/64/126 125/63/124
f 126/63/123 128/64/125 125/63/124
f 130/65/127 129/65/128 127/64/126
f 128/64/125 130/65/127 127/64/126
f 132/66/129 131/66/130 129/65/128
f 130/65/127 132/66/129 129/65/128
f 134/67/131 133/67/131 131/66/130
f 132/66/129 134/67/131 131/66/130
f 136/68/132 135/68/133 133/67/131
f 134/67/131 136/68/132 133/67/131
f 138/69/134 137/69/135 135/68/133
f 136/68/132 138/69/134 135/68/133
f 140/70/136 139/70/137 137/69/135
f 138/69/134 140/70/136 137/69/135
f 142/71/138 141/71/139 139/70/137
f 140/70/136 142/71/138 139/70/137
f 144/72/140 143/72/141 141/71/139
f 142/71/138 144/72/140 141/71/139
f 146/73/142 145/73/143 143/72/141
f 144/72/140 146/73/142 143/72/141
f 148/74/144 147/74/145 145/73/143
f 146/73/142 148/74/144 145/73/143
f 150/75/146 149/75/147 147/74/145
f 148/74/144 150/75/146 147/74/145
f 152/76/148 151/76/149 149/75/147
f 150/75/146 152/76/148 149/75/147
f 154/77/150 153/77/151 151/76/149
f 152/76/148 154/77/150 151/76/149
f 156/78/152 155/78/153 153/77/151
f 154/77/150 156/78/152 153/77/151
f 158/79/154 157/79/155 155/78/153
f 156/78/152 158/79/154 155/78/153
f 160/80/156 159/80/157 157/79/155
f 158/79/154 160/80/156 157/79/155
f 162/81/158 161/81/159 159/80/157
f 160/80/156 162/81/158 159/80/157
f 164/82/160 163/82/161 161/81/159
f 162/81/158 164/82/160 161/81/159
f 166/83/162 165/83/163 163/82/161
f 164/82/160 166/83/162 163/82/161
f 168/84/164 167/84/165 165/83/163
f 166/83/162 168/84/164 165/83/163
f 170/85/166 169/85/167 167/84/165
f 168/84/164 170/85/166 167/84/165
f 172/86/168 171/86/169 169/85/167
f 170/85/166 172/86/168 169/85/167
f 174/87/170 173/87/171 171/86/169
f 172/86/168 174/87/170 171/86/169
f 176/88/172 175/88/173 173/87/171
f 174/87/170 176/88/172 173/87/171
f 178/89/174 177/89/175 175/88/173
f 176/88/172 178/89/174 175/88/173
f 4/2/176 1/2/176 177/89/177
f 178/89/177 4/2/176 177/89/177
f 1/2/178 2/1/179 177/89/180
f 2/1/179 5/3/181 177/89/180
f 5/3/181 7/4/182 177/89/180
f 177/89/180 7/4/182 175/88/183
f 175/88/183 7/4/182 173/87/184
f 173/87/184 7/4/182 171/86/185
f 7/4/182 9/5/186 171/86/185
f 171/86/185 9/5/186 169/85/181
f 9/5/186 11/6/187 169/85/181
f 169/85/181 11/6/187 167/84/188
f 167/84/188 11/6/187 165/83/189
f 165/83/189 11/6/187 163/82/190
f 163/82/190 11/6/187 161/81/188
f 161/81/188 11/6/187 159/80/191
f 159/80/191 11/6/187 157/79/192
f 11/6/187 13/7/193 157/79/192
f 13/7/193 15/8/185 157/79/192
f 15/8/185 17/9/194 157/79/192
f 17/9/194 19/10/195 157/79/192
f 19/10/195 21/11/196 157/79/192
f 121/61/197 123/62/198 119/60/199
f 123/62/198 125/63/189 119/60/199
f 119/60/199 125/63/189 117/59/200
f 125/63/189 127/64/201 117/59/200
f 117/59/200 127/64/201 115/58/202
f 57/29/203 59/30/204 55/28/205
f 55/28/205 59/30/204 53/27/206
f 59/30/204 61/31/207 53/27/206
f 53/27/206 61/31/207 51/26/208
f 61/31/207 63/32/209 51/26/208
f 27/14/210 29/15/211 25/13/212
f 25/13/212 29/15/211 23/12/213
f 23/12/213 29/15/211 21/11/196
f 29/15/211 31/16/214 21/11/196
f 151/76/215 153/77/216 149/75/217
f 153/77/216 155/78/218 149/75/217
f 155/78/218 157/79/192 149/75/217
f 149/75/217 157/79/192 147/74/219
f 41/21/220 43/22/221 39/20/222
f 43/22/221 45/23/223 39/20/222
f 39/20/222 45/23/223 37/19/224
f 45/23/223 47/24/225 37/19/224
f 37/19/224 47/24/225 35/18/226
f 47/24/225 49/25/185 35/18/226
f 137/69/227 139/70/228 135/68/229
f 135/68/229 139/70/228 133/67/230
f 139/70/228 141/71/196 133/67/230
f 133/67/230 141/71/196 131/66/231
f 141/71/196 143/72/232 131/66/231
f 131/66/231 143/72/232 129/65/229
f 147/74/219 157/79/192 145/73/233
f 157/79/192 21/11/196 145/73/233
f 31/16/214 33/17/234 21/11/196
f 21/11/196 33/17/234 145/73/233
f 107/54/235 109/55/236 105/53/237
f 105/53/237 109/55/236 103/52/238
f 109/55/236 111/56/239 103/52/238
f 103/52/238 111/56/239 101/51/184
f 101/51/184 111/56/239 99/50/240
f 71/36/241 73/37/242 69/35/243
f 73/37/242 75/38/192 69/35/243
f 69/35/243 75/38/192 67/34/244
f 75/38/192 77/39/245 67/34/244
f 77/39/245 79/40/246 67/34/244
f 35/18/226 49/25/185 33/17/234
f 143/72/232 145/73/233 129/65/229
f 63/32/209 65/33/247 51/26/208
f 51/26/208 65/33/247 49/25/185
f 115/58/202 127/64/201 113/57/248
f 127/64/201 129/65/229 113/57/248
f 89/45/249 91/46/250 87/44/185
f 87/44/185 91/46/250 85/43/251
f 91/46/250 93/47/185 85/43/251
f 85/43/251 93/47/185 83/42/252
f 93/47/185 95/48/253 83/42/252
f 83/42/252 95/48/253 81/41/254
f 95/48/253 97/49/255 81/41/254
f 111/56/239 113/57/248 99/50/240
f 67/34/244 79/40/246 65/33/247
f 79/40/246 81/41/254 65/33/247
f 81/41/254 97/49/255 65/33/247
f 99/50/240 113/57/248 97/49/255
f 97/49/255 113/57/248 65/33/247
f 49/25/185 65/33/247 33/17/234
f 33/17/234 65/33/247 145/73/233
f 65/33/247 113/57/248 145/73/233
f 145/73/233 113/57/248 129/65/229
f 3/1/256 4/2/257 178/89/258
f 6/3/259 3/1/256 178/89/258
f 8/4/260 6/3/259 178/89/258
f 8/4/260 178/89/258 176/88/261
f 8/4/260 176/88/261 174/87/262
f 8/4/260 174/87/262 172/86/257
f 10/5/263 8/4/260 172/86/257
f 10/5/263 172/86/257 170/85/263
f 12/6/264 10/5/263 170/85/263
f 12/6/264 170/85/263 168/84/265
f 12/6/264 168/84/265 166/83/257
f 12/6/264 166/83/257 164/82/266
f 12/6/264 164/82/266 162/81/267
f 12/6/264 162/81/267 160/80/268
f 12/6/264 160/80/268 158/79/267
f 14/7/269 12/6/264 158/79/267
f 16/8/270 14/7/269 158/79/267
f 18/9/265 16/8/270 158/79/267
f 20/10/271 18/9/265 158/79/267
f 22/11/272 20/10/271 158/79/267
f 124/62/273 122/61/274 120/60/275
f 126/63/276 124/62/273 120/60/275
f 126/63/276 120/60/275 118/59/277
f 128/64/278 126/63/276 118/59/277
f 128/64/278 118/59/277 116/58/279
f 60/30/280 58/29/281 56/28/282
f 60/30/280 56/28/282 54/27/283
f 62/31/284 60/30/280 54/27/283
f 62/31/284 54/27/283 52/26/285
f 64/32/286 62/31/284 52/26/285
f 30/15/287 28/14/288 26/13/289
f 30/15/287 26/13/289 24/12/290
f 30/15/287 24/12/290 22/11/272
f 32/16/291 30/15/287 22/11/272
f 154/77/292 152/76/293 150/75/294
f 156/78/295 154/77/292 150/75/294
f 158/79/267 156/78/295 150/75/294
f 158/79/267 150/75/294 148/74/296
f 44/22/297 42/21/298 40/20/299
f 46/23/300 44/22/297 40/20/299
f 46/23/300 40/20/299 38/19/301
f 48/24/302 46/23/300 38/19/301
f 48/24/302 38/19/301 36/18/303
f 50/25/304 48/24/302 36/18/303
f 140/70/305 138/69/306 136/68/307
f 140/70/305 136/68/307 134/67/308
f 142/71/309 140/70/305 134/67/308
f 142/71/309 134/67/308 132/66/310
f 144/72/311 142/71/309 132/66/310
f 144/72/311 132/66/310 130/65/312
f 158/79/267 148/74/296 146/73/313
f 22/11/272 158/79/267 146/73/313
f 34/17/314 32/16/291 22/11/272
f 34/17/314 22/11/272 146/73/313
f 110/55/315 108/54/316 106/53/317
f 110/55/315 106/53/317 104/52/318
f 112/56/319 110/55/315 104/52/318
f 112/56/319 104/52/318 102/51/320
f 112/56/319 102/51/320 100/50/321
f 74/37/322 72/36/323 70/35/324
f 76/38/325 74/37/322 70/35/324
f 76/38/325 70/35/324 68/34/326
f 78/39/327 76/38/325 68/34/326
f 80/40/328 78/39/327 68/34/326
f 50/25/304 36/18/303 34/17/314
f 146/73/313 144/72/311 130/65/312
f 66/33/329 64/32/286 52/26/285
f 66/33/329 52/26/285 50/25/304
f 128/64/278 116/58/279 114/57/330
f 130/65/312 128/64/278 114/57/330
f 92/46/299 90/45/331 88/44/271
f 92/46/299 88/44/271 86/43/265
f 94/47/257 92/46/299 86/43/265
f 94/47/257 86/43/265 84/42/271
f 96/48/332 94/47/257 84/42/271
f 96/48/332 84/42/271 82/41/277
f 98/49/333 96/48/332 82/41/277
f 114/57/330 112/56/319 100/50/321
f 80/40/328 68/34/326 66/33/329
f 82/41/277 80/40/328 66/33/329
f 98/49/333 82/41/277 66/33/329
f 114/57/330 100/50/321 98/49/333
f 114/57/330 98/49/333 66/33/329
f 66/33/329 50/25/304 34/17/314
f 66/33/329 34/17/314 146/73/313
f 114/57/330 66/33/329 146/73/313
f 114/57/330 146/73/313 130/65/312
f 181/90/334 180/91/335 179/92/336
f 180/91/335 182/93/337 179/92/336
f 184/94/338 183/95/339 181/90/334
f 183/95/339 180/91/335 181/90/334
f 186/96/340 185/97/341 184/94/338
f 185/97/341 183/95/339 184/94/338
f 188/98/342 187/99/343 186/96/340
f 187/99/343 185/97/341 186/96/340
f 190/100/344 189/101/345 188/98/342
f 189/101/345 187/99/343 188/98/342
f 192/102/346 191/103/347 190/100/344
f 191/103/347 189/101/345 190/100/344
f 194/104/348 193/105/349 192/102/346
f 193/105/349 191/103/347 192/102/346
f 196/106/350 195/107/351 194/104/348
f 195/107/351 193/105/349 194/104/348
f 198/108/352 197/109/353 196/106/350
f 197/109/353 195/107/351 196/106/350
f 200/110/354 199/111/355 198/108/352
f 199/111/355 197/109/353 198/108/352
f 202/112/356 201/113/357 200/110/354
f 201/113/357 199/111/355 200/110/354
f 204/114/358 203/115/359 202/112/356
f 203/115/359 201/113/357 202/112/356
f 206/116/360 205/117/361 204/114/358
f 205/117/361 203/115/359 204/114/358
f 208/118/362 207/119/363 206/116/360
f 207/119/363 205/117/361 206/116/360
f 210/120/364 209/121/365 208/118/362
f 209/121/365 207/119/363 208/118/362
f 212/122/366 211/123/367 210/120/364
f 211/123/367 209/121/365 210/120/364
f 214/124/368 213/125/369 212/122/366
f 213/125/369 211/123/367 212/122/366
f 216/126/370 215/127/371 214/124/368
f 215/127/371 213/125/369 214/124/368
f 218/128/372 217/129/373 216/126/370
f 217/129/373 215/127/371 216/126/370
f 220/130/374 219/131/375 218/128/372
f 219/131/375 217/129/373 218/128/372
f 222/132/376 221/133/377 220/130/374
f 221/133/377 219/131/375 220/130/374
f 224/134/378 223/135/379 222/132/376
f 223/135/379 221/133/377 222/132/376
f 226/136/380 225/137/381 224/134/378
f 225/137/381 223/135/379 224/134/378
f 228/138/382 227/139/383 226/136/380
f 227/139/383 225/137/381 226/136/380
f 230/140/384 229/141/385 228/138/382
f 229/141/385 227/139/383 228/138/382
f 232/142/386 231/143/387 230/140/384
f 231/143/387 229/141/385 230/140/384
f 234/144/388 233/145/389 232/142/386
f 233/145/389 231/143/387 232/142/386
f 236/146/390 235/147/391 234/144/388
f 235/147/391 233/145/389 234/144/388
f 238/148/392 237/149/393 236/146/390
f 237/149/393 235/147/391 236/146/390
f 240/150/394 239/151/395 238/148/392
f 239/151/395 237/149/393 238/148/392
f 242/152/396 241/153/397 240/150/394
f 241/153/397 239/151/395 240/150/394
f 244/154/398 243/155/399 242/152/396
f 243/155/399 241/153/397 242/152/396
f 246/156/400 245/157/401 244/154/398
f 245/157/401 243/155/399 244/154/398
f 248/158/402 247/159/403 246/156/400
f 247/159/403 245/157/401 246/156/400
f 250/160/404 249/161/405 248/158/402
f 249/161/405 247/159/403 248/158/402
f 252/162/406 251/163/407 250/160/404
f 251/163/407 249/161/405 250/160/404
f 254/164/408 253/165/409 252/162/406
f 253/165/409 251/163/407 252/162/406
f 256/166/410 255/167/411 254/164/408
f 255/167/411 253/165/409 254/164/408
f 258/168/412 257/169/413 256/166/410
f 257/169/413 255/167/411 256/166/410
f 260/170/414 259/171/415 258/168/412
f 259/171/415 257/169/413 258/168/412
f 262/172/416 261/173/417 260/170/414
f 261/173/417 259/171/415 260/170/414
f 264/174/418 263/175/419 262/172/416
f 263/175/419 261/173/417 262/172/416
f 266/176/420 265/177/421 264/174/418
f 265/177/421 263/175/419 264/174/418
f 268/178/422 267/179/422 266/176/420
f 267/179/422 265/177/421 266/176/420
f 270/180/423 269/181/424 268/178/422
f 269/181/424 267/179/422 268/178/422
f 272/182/425 271/183/426 270/180/423
f 271/183/426 269/181/424 270/180/423
f 274/184/427 273/185/428 272/182/425
f 273/185/428 271/183/426 272/182/425
f 276/186/429 275/187/430 274/184/427
f 275/187/430 273/185/428 274/184/427
f 278/188/431 277/189/432 276/186/429
f 277/189/432 275/187/430 276/186/429
f 280/190/433 279/191/434 278/188/431
f 279/191/434 277/189/432 278/188/431
f 282/192/435 281/193/436 280/190/433
f 281/193/436 279/191/434 280/190/433
f 284/194/437 283/195/438 282/192/435
f 283/195/438 281/193/436 282/192/435
f 286/196/439 285/197/440 284/194/437
f 285/197/440 283/195/438 284/194/437
f 288/198/441 287/199/442 286/196/439
f 287/199/442 285/197/440 286/196/439
f 290/200/443 289/201/444 288/198/441
f 289/201/444 287/199/442 288/198/441
f 292/202/445 291/203/446 290/200/443
f 291/203/446 289/201/444 290/200/443
f 294/204/447 293/205/448 292/202/445
f 293/205/448 291/203/446 292/202/445
f 296/206/449 295/207/450 294/204/447
f 295/207/450 293/205/448 294/204/447
f 298/208/451 297/209/452 296/206/449
f 297/209/452 295/207/450 296/206/449
f 300/210/453 299/211/454 298/208/451
f 299/211/454 297/209/452 298/208/451
f 302/212/455 301/213/456 300/210/453
f 301/213/456 299/211/454 300/210/453
f 304/214/457 303/215/458 302/212/455
f 303/215/458 301/213/456 302/212/455
f 306/216/459 305/217/460 304/214/457
f 305/217/460 303/215/458 304/214/457
f 308/218/461 307/219/462 306/216/459
f 307/219/462 305/217/460 306/216/459
f 310/220/463 309/221/464 308/218/461
f 309/221/464 307/219/462 308/218/461
f 312/222/465 311/223/466 310/220/463
f 311/223/466 309/221/464 310/220/463
f 314/224/467 313/225/468 312/222/465
f 313/225/468 311/223/466 312/222/465
f 316/226/469 315/227/470 314/224/467
f 315/227/470 313/225/468 314/224/467
f 318/228/471 317/229/472 316/226/469
f 317/229/472 315/227/470 316/226/469
f 320/230/473 319/231/474 318/228/471
f 319/231/474 317/229/472 318/228/471
f 322/232/475 321/233/476 320/230/473
f 321/233/476 319/231/474 320/230/473
f 324/234/477 323/235/478 322/232/475
f 323/235/478 321/233/476 322/232/475
f 326/236/479 325/237/480 324/234/477
f 325/237/480 323/235/478 324/234/477
f 328/238/481 327/239/482 326/236/479
f 327/239/482 325/237/480 326/236/479
f 330/240/483 329/241/484 328/238/481
f 329/241/484 327/239/482 328/238/481
f 332/242/485 331/243/486 330/240/483
f 331/243/486 329/241/484 330/240/483
f 334/244/487 333/245/488 332/242/485
f 333/245/488 331/243/486 332/242/485
f 336/246/489 335/247/490 334/244/487
f 335/247/490 333/245/488 334/244/487
f 338/248/491 337/249/492 336/246/489
f 337/249/492 335/247/490 336/246/489
f 340/250/493 339/251/494 338/248/491
f 339/251/494 337/249/492 338/248/491
f 342/252/495 341/253/496 340/250/493
f 341/253/496 339/251/494 340/250/493
f 344/254/497 343/255/498 342/252/495
f 343/255/498 341/253/496 342/252/495
f 346/256/499 345/257/500 344/254/497
f 345/257/500 343/255/498 344/254/497
f 348/258/501 347/259/502 346/256/499
f 347/259/502 345/257/500 346/256/499
f 350/260/503 349/261/504 348/258/501
f 349/261/504 347/259/502 348/258/501
f 352/262/505 351/263/506 350/260/503
f 351/263/506 349/261/504 350/260/503
f 354/264/507 353/265/508 352/262/505
f 353/265/508 351/263/506 352/262/505
f 356/266/509 355/267/510 354/264/507
f 355/267/510 353/265/508 354/264/507
f 179/92/511 182/93/511 356/266/512
f 182/93/511 355/267/512 356/266/512
f 181/90/513 179/92/513 356/266/514
f 184/94/513 181/90/513 356/266/514
f 186/96/513 184/94/513 356/266/514
f 186/96/513 356/266/514 354/264/514
f 186/96/513 354/264/514 352/262/513
f 186/96/513 352/262/513 350/260/513
f 188/98/513 186/96/513 350/260/513
f 188/98/513 350/260/513 348/258/513
f 190/100/513 188/98/513 348/258/513
f 190/100/513 348/258/513 346/256/515
f 190/100/513 346/256/515 344/254/513
f 190/100/513 344/254/513 342/252/513
f 190/100/513 342/252/513 340/250/513
f 190/100/513 340/250/513 338/248/513
f 190/100/513 338/248/513 336/246/516
f 192/102/517 190/100/513 336/246/516
f 194/104/518 192/102/517 336/246/516
f 196/106/513 194/104/518 336/246/516
f 198/108/513 196/106/513 336/246/516
f 200/110/514 198/108/513 336/246/516
f 302/212/519 300/210/520 298/208/517
f 304/214/521 302/212/519 298/208/517
f 304/214/521 298/208/517 296/206/522
f 306/216/523 304/214/521 296/206/522
f 306/216/523 296/206/522 294/204/524
f 238/148/525 236/146/522 234/144/525
f 238/148/525 234/144/525 232/142/526
f 240/150/527 238/148/525 232/142/526
f 240/150/527 232/142/526 230/140/528
f 242/152/519 240/150/527 230/140/528
f 208/118/529 206/116/530 204/114/531
f 208/118/529 204/114/531 202/112/513
f 208/118/529 202/112/513 200/110/514
f 210/120/513 208/118/529 200/110/514
f 332/242/532 330/240/533 328/238/534
f 334/244/535 332/242/532 328/238/534
f 336/246/516 334/244/535 328/238/534
f 336/246/516 328/238/534 326/236/528
f 222/132/527 220/130/536 218/128/517
f 224/134/513 222/132/527 218/128/517
f 224/134/513 218/128/517 216/126/513
f 226/136/513 224/134/513 216/126/513
f 226/136/513 216/126/513 214/124/537
f 228/138/517 226/136/513 214/124/537
f 318/228/538 316/226/539 314/224/540
f 318/228/538 314/224/540 312/222/525
f 320/230/514 318/228/538 312/222/525
f 320/230/514 312/222/525 310/220/513
f 322/232/513 320/230/514 310/220/513
f 322/232/513 310/220/513 308/218/525
f 336/246/516 326/236/528 324/234/541
f 200/110/514 336/246/516 324/234/541
f 212/122/542 210/120/513 200/110/514
f 212/122/542 200/110/514 324/234/541
f 288/198/543 286/196/544 284/194/545
f 288/198/543 284/194/545 282/192/546
f 290/200/547 288/198/543 282/192/546
f 290/200/547 282/192/546 280/190/548
f 290/200/547 280/190/548 278/188/549
f 252/162/550 250/160/551 248/158/552
f 254/164/553 252/162/550 248/158/552
f 254/164/553 248/158/552 246/156/554
f 256/166/555 254/164/553 246/156/554
f 258/168/556 256/166/555 246/156/554
f 228/138/517 214/124/537 212/122/542
f 324/234/541 322/232/513 308/218/525
f 244/154/557 242/152/519 230/140/528
f 244/154/557 230/140/528 228/138/517
f 306/216/523 294/204/524 292/202/513
f 308/218/525 306/216/523 292/202/513
f 270/180/513 268/178/513 266/176/515
f 270/180/513 266/176/515 264/174/513
f 272/182/513 270/180/513 264/174/513
f 272/182/513 264/174/513 262/172/513
f 274/184/513 272/182/513 262/172/513
f 274/184/513 262/172/513 260/170/513
f 276/186/514 274/184/513 260/170/513
f 292/202/513 290/200/547 278/188/549
f 258/168/556 246/156/554 244/154/557
f 260/170/513 258/168/556 244/154/557
f 276/186/514 260/170/513 244/154/557
f 292/202/513 278/188/549 276/186/514
f 292/202/513 276/186/514 244/154/557
f 244/154/557 228/138/517 212/122/542
f 244/154/557 212/122/542 324/234/541
f 292/202/513 244/154/557 324/234/541
f 292/202/513 324/234/541 308/218/525
f 182/93/558 180/91/558 355/267/559
f 180/91/558 183/95/558 355/267/559
f 183/95/558 185/97/558 355/267/559
f 355/267/559 185/97/558 353/265/558
f 353/265/558 185/97/558 351/263/558
f 351/263/558 185/97/558 349/261/558
f 185/97/558 187/99/558 349/261/558
f 349/261/558 187/99/558 347/259/558
f 187/99/558 189/101/560 347/259/558
f 347/259/558 189/101/560 345/257/558
f 345/257/558 189/101/560 343/255/558
f 343/255/558 189/101/560 341/253/558
f 341/253/558 189/101/560 339/251/561
f 339/251/561 189/101/560 337/249/562
f 337/249/562 189/101/560 335/247/558
f 189/101/560 191/103/559 335/247/558
f 191/103/559 193/105/558 335/247/558
f 193/105/558 195/107/562 335/247/558
f 195/107/562 197/109/562 335/247/558
f 197/109/562 199/111/558 335/247/558
f 299/211/563 301/213/560 297/209/564
f 301/213/560 303/215/565 297/209/564
f 297/209/564 303/215/565 295/207/559
f 303/215/565 305/217/560 295/207/559
f 295/207/559 305/217/560 293/205/566
f 235/147/567 237/149/568 233/145/561
f 233/145/561 237/149/568 231/143/569
f 237/149/568 239/151/562 231/143/569
f 231/143/569 239/151/562 229/141/561
f 239/151/562 241/153/570 229/141/561
f 205/117/571 207/119/572 203/115/568
f 203/115/568 207/119/572 201/113/573
f 201/113/573 207/119/572 199/111/558
f 207/119/572 209/121/559 199/111/558
f 329/241/574 331/243/564 327/239/575
f 331/243/564 333/245/576 327/239/575
f 333/245/576 335/247/558 327/239/575
f 327/239/575 335/247/558 325/237/573
f 219/131/568 221/133/572 217/129/561
f 221/133/572 223/135/559 217/129/561
f 217/129/561 223/135/559 215/127/559
f 223/135/559 225/137/562 215/127/559
f 215/127/559 225/137/562 213/125/558
f 225/137/562 227/139/577 213/125/558
f 315/227/564 317/229/558 313/225/561
f 313/225/561 317/229/558 311/223/578
f 317/229/558 319/231/573 311/223/578
f 311/223/578 319/231/573 309/221/560
f 319/231/573 321/233/562 309/221/560
f 309/221/560 321/233/562 307/219/579
f 325/237/573 335/247/558 323/235/562
f 335/247/558 199/111/558 323/235/562
f 209/121/559 211/123/580 199/111/558
f 199/111/558 211/123/580 323/235/562
f 285/197/581 287/199/582 283/195/583
f 283/195/583 287/199/582 281/193/561
f 287/199/582 289/201/584 281/193/561
f 281/193/561 289/201/584 279/191/585
f 279/191/585 289/201/584 277/189/586
f 249/161/587 251/163/588 247/159/589
f 251/163/588 253/165/590 247/159/589
f 247/159/589 253/165/590 245/157/591
f 253/165/590 255/167/592 245/157/591
f 255/167/592 257/169/593 245/157/591
f 213/125/558 227/139/577 211/123/580
f 321/233/562 323/235/562 307/219/579
f 241/153/570 243/155/558 229/141/561
f 229/141/561 243/155/558 227/139/577
f 293/205/566 305/217/560 291/203/561
f 305/217/560 307/219/579 291/203/561
f 267/179/561 269/181/558 265/177/558
f 265/177/558 269/181/558 263/175/558
f 269/181/558 271/183/558 263/175/558
f 263/175/558 271/183/558 261/173/558
f 271/183/558 273/185/558 261/173/558
f 261/173/558 273/185/558 259/171/566
f 273/185/558 275/187/573 259/171/566
f 289/201/584 291/203/561 277/189/586
f 245/157/591 257/169/593 243/155/558
f 257/169/593 259/171/566 243/155/558
f 259/171/566 275/187/573 243/155/558
f 277/189/586 291/203/561 275/187/573
f 275/187/573 291/203/561 243/155/558
f 227/139/577 243/155/558 211/123/580
f 211/123/580 243/155/558 323/235/562
f 243/155/558 291/203/561 323/235/562
f 323/235/562 291/203/561 307/219/579
f 359/268/594 358/269/595 357/270/596
f 358/269/595 360/271/597 357/270/596
f 362/272/598 361/273/599 359/268/594
f 361/273/599 358/269/595 359/268/594
f 364/274/600 363/275/601 362/272/598
f 363/275/601 361/273/599 362/272/598
f 366/276/602 365/277/603 364/274/600
f 365/277/603 363/275/601 364/274/600
f 368/278/604 367/279/605 366/276/602
f 367/279/605 365/277/603 366/276/602
f 370/280/606 369/281/607 368/278/604
f 369/281/607 367/279/605 368/278/604
f 372/282/608 371/283/608 370/280/606
f 371/283/608 369/281/607 370/280/606
f 374/284/609 373/285/610 372/282/608
f 373/285/610 371/283/608 372/282/608
f 376/286/611 375/287/612 374/284/609
f 375/287/612 373/285/610 374/284/609
f 378/288/613 377/289/614 376/286/611
f 377/289/614 375/287/612 376/286/611
f 380/290/615 379/291/616 378/288/613
f 379/291/616 377/289/614 378/288/613
f 382/292/617 381/293/618 380/290/615
f 381/293/618 379/291/616 380/290/615
f 384/294/619 383/295/620 382/292/617
f 383/295/620 381/293/618 382/292/617
f 386/296/621 385/297/622 384/294/619
f 385/297/622 383/295/620 384/294/619
f 388/298/623 387/299/624 386/296/621
f 387/299/624 385/297/622 386/296/621
f 390/300/625 389/301/626 388/298/623
f 389/301/626 387/299/624 388/298/623
f 392/302/627 391/303/628 390/300/625
f 391/303/628 389/301/626 390/300/625
f 394/304/629 393/305/630 392/302/627
f 393/305/630 391/303/628 392/302/627
f 396/306/631 395/307/631 394/304/629
f 395/307/631 393/305/630 394/304/629
f 398/308/632 397/309/633 396/306/631
f 397/309/633 395/307/631 396/306/631
f 400/310/634 399/311/635 398/308/632
f 399/311/635 397/309/633 398/308/632
f 402/312/636 401/313/636 400/310/634
f 401/313/636 399/311/635 400/310/634
f 404/314/637 403/315/638 402/312/636
f 403/315/638 401/313/636 402/312/636
f 406/316/639 405/317/640 404/314/637
f 405/317/640 403/315/638 404/314/637
f 408/318/641 407/319/642 406/316/639
f 407/319/642 405/317/640 406/316/639
f 410/320/643 409/321/644 408/318/641
f 409/321/644 407/319/642 408/318/641
f 412/322/645 411/323/646 410/320/643
f 411/323/646 409/321/644 410/320/643
f 414/324/647 413/325/648 412/322/645
f 413/325/648 411/323/646 412/322/645
f 416/326/649 415/327/650 414/324/647
f 415/327/650 413/325/648 414/324/647
f 418/328/651 417/329/652 416/326/649
f 417/329/652 415/327/650 416/326/649
f 420/330/653 419/331/654 418/328/651
f 419/331/654 417/329/652 418/328/651
f 422/332/655 421/333/656 420/330/653
f 421/333/656 419/331/654 420/330/653
f 424/334/657 423/335/658 422/332/655
f 423/335/658 421/333/656 422/332/655
f 426/336/659 425/337/660 424/334/657
f 425/337/660 423/335/658 424/334/657
f 428/338/661 427/339/662 426/336/659
f 427/339/662 425/337/660 426/336/659
f 430/340/663 429/341/664 428/338/661
f 429/341/664 427/339/662 428/338/661
f 432/342/665 431/343/666 430/340/663
f 431/343/666 429/341/664 430/340/663
f 434/344/667 433/345/668 432/342/665
f 433/345/668 431/343/666 432/342/665
f 436/346/669 435/347/670 434/344/667
f 435/347/670 433/345/668 434/344/667
f 438/348/671 437/349/672 436/346/669
f 437/349/672 435/347/670 436/346/669
f 440/350/673 439/351/674 438/348/671
f 439/351/674 437/349/672 438/348/671
f 442/352/675 441/353/676 440/350/673
f 441/353/676 439/351/674 440/350/673
f 444/354/677 443/355/678 442/352/675
f 443/355/678 441/353/676 442/352/675
f 446/356/679 445/357/679 444/354/677
f 445/357/679 443/355/678 444/354/677
f 448/358/680 447/359/681 446/356/679
f 447/359/681 445/357/679 446/356/679
f 450/360/682 449/361/683 448/358/680
f 449/361/683 447/359/681 448/358/680
f 452/362/684 451/363/685 450/360/682
f 451/363/685 449/361/683 450/360/682
f 454/364/686 453/365/687 452/362/684
f 453/365/687 451/363/685 452/362/684
f 456/366/688 455/367/689 454/364/686
f 455/367/689 453/365/687 454/364/686
f 458/368/690 457/369/691 456/366/688
f 457/369/691 455/367/689 456/366/688
f 460/370/692 459/371/693 458/368/690
f 459/371/693 457/369/691 458/368/690
f 462/372/694 461/373/695 460/370/692
f 461/373/695 459/371/693 460/370/692
f 464/374/696 463/375/697 462/372/694
f 463/375/697 461/373/695 462/372/694
f 466/376/698 465/377/699 464/374/696
f 465/377/699 463/375/697 464/374/696
f 468/378/700 467/379/701 466/376/698
f 467/379/701 465/377/699 466/376/698
f 470/380/702 469/381/703 468/378/700
f 469/381/703 467/379/701 468/378/700
f 472/382/704 471/383/705 470/380/702
f 471/383/705 469/381/703 470/380/702
f 474/384/706 473/385/707 472/382/704
f 473/385/707 471/383/705 472/382/704
f 476/386/708 475/387/709 474/384/706
f 475/387/709 473/385/707 474/384/706
f 478/388/710 477/389/711 476/386/708
f 477/389/711 475/387/709 476/386/708
f 480/390/712 479/391/713 478/388/710
f 479/391/713 477/389/711 478/388/710
f 482/392/714 481/393/715 480/390/712
f 481/393/715 479/391/713 480/390/712
f 484/394/716 483/395/717 482/392/714
f 483/395/717 481/393/715 482/392/714
f 486/396/718 485/397/719 484/394/716
f 485/397/719 483/395/717 484/394/716
f 488/398/720 487/399/721 486/396/718
f 487/399/721 485/397/719 486/396/718
f 490/400/722 489/401/723 488/398/720
f 489/401/723 487/399/721 488/398/720
f 492/402/724 491/403/725 490/400/722
f 491/403/725 489/401/723 490/400/722
f 494/404/726 493/405/727 492/402/724
f 493/405/727 491/403/725 492/402/724
f 496/406/728 495/407/729 494/404/726
f 495/407/729 493/405/727 494/404/726
f 498/408/730 497/409/730 496/406/728
f 497/409/730 495/407/729 496/406/728
f 500/410/731 499/411/732 498/408/730
f 499/411/732 497/409/730 498/408/730
f 502/412/733 501/413/734 500/410/731
f 501/413/734 499/411/732 500/410/731
f 504/414/735 503/415/736 502/412/733
f 503/415/736 501/413/734 502/412/733
f 506/416/737 505/417/738 504/414/735
f 505/417/738 503/415/736 504/414/735
f 508/418/739 507/419/740 506/416/737
f 507/419/740 505/417/738 506/416/737
f 510/420/741 509/421/742 508/418/739
f 509/421/742 507/419/740 508/418/739
f 512/422/743 511/423/744 510/420/741
f 511/423/744 509/421/742 510/420/741
f 514/424/745 513/425/746 512/422/743
f 513/425/746 511/423/744 512/422/743
f 516/426/747 515/427/748 514/424/745
f 515/427/748 513/425/746 514/424/745
f 518/428/749 517/429/750 516/426/747
f 517/429/750 515/427/748 516/426/747
f 520/430/751 519/431/752 518/428/749
f 519/431/752 517/429/750 518/428/749
f 522/432/753 521/433/754 520/430/751
f 521/433/754 519/431/752 520/430/751
f 524/434/755 523/435/756 522/432/753
f 523/435/756 521/433/754 522/432/753
f 526/436/757 525/437/758 524/434/755
f 525/437/758 523/435/756 524/434/755
f 528/438/759 527/439/760 526/436/757
f 527/439/760 525/437/758 526/436/757
f 530/440/761 529/441/762 528/438/759
f 529/441/762 527/439/760 528/438/759
f 532/442/763 531/443/764 530/440/761
f 531/443/764 529/441/762 530/440/761
f 534/444/765 533/445/766 532/442/763
f 533/445/766 531/443/764 532/442/763
f 357/270/767 360/271/768 534/444/769
f 360/271/768 533/445/769 534/444/769
f 359/268/770 357/270/771 534/444/772
f 362/272/773 359/268/770 534/444/772
f 364/274/774 362/272/773 534/444/772
f 364/274/774 534/444/772 532/442/775
f 364/274/774 532/442/775 530/440/776
f 364/274/774 530/440/776 528/438/777
f 366/276/778 364/274/774 528/438/777
f 366/276/778 528/438/777 526/436/779
f 368/278/780 366/276/778 526/436/779
f 368/278/780 526/436/779 524/434/781
f 368/278/780 524/434/781 522/432/778
f 368/278/780 522/432/778 520/430/778
f 368/278/780 520/430/778 518/428/782
f 368/278/780 518/428/782 516/426/782
f 368/278/780 516/426/782 514/424/783
f 370/280/784 368/278/780 514/424/783
f 372/282/782 370/280/784 514/424/783
f 374/284/785 372/282/782 514/424/783
f 376/286/786 374/284/785 514/424/783
f 378/288/787 376/286/786 514/424/783
f 480/390/788 478/388/789 476/386/790
f 482/392/791 480/390/788 476/386/790
f 482/392/791 476/386/790 474/384/792
f 484/394/793 482/392/791 474/384/792
f 484/394/793 474/384/792 472/382/794
f 416/326/795 414/324/796 412/322/797
f 416/326/795 412/322/797 410/320/798
f 418/328/799 416/326/795 410/320/798
f 418/328/799 410/320/798 408/318/800
f 420/330/801 418/328/799 408/318/800
f 386/296/802 384/294/803 382/292/802
f 386/296/802 382/292/802 380/290/804
f 386/296/802 380/290/804 378/288/787
f 388/298/805 386/296/802 378/288/787
f 510/420/806 508/418/807 506/416/808
f 512/422/804 510/420/806 506/416/808
f 514/424/783 512/422/804 506/416/808
f 514/424/783 506/416/808 504/414/809
f 400/310/810 398/308/811 396/306/780
f 402/312/812 400/310/810 396/306/780
f 402/312/812 396/306/780 394/304/813
f 404/314/814 402/312/812 394/304/813
f 404/314/814 394/304/813 392/302/815
f 406/316/816 404/314/814 392/302/815
f 496/406/817 494/404/818 492/402/819
f 496/406/817 492/402/819 490/400/820
f 498/408/821 496/406/817 490/400/820
f 498/408/821 490/400/820 488/398/795
f 500/410/822 498/408/821 488/398/795
f 500/410/822 488/398/795 486/396/823
f 514/424/783 504/414/809 502/412/824
f 378/288/787 514/424/783 502/412/824
f 390/300/825 388/298/805 378/288/787
f 390/300/825 378/288/787 502/412/824
f 466/376/826 464/374/827 462/372/828
f 466/376/826 462/372/828 460/370/829
f 468/378/830 466/376/826 460/370/829
f 468/378/830 460/370/829 458/368/831
f 468/378/830 458/368/831 456/366/832
f 430/340/833 428/338/834 426/336/835
f 432/342/836 430/340/833 426/336/835
f 432/342/836 426/336/835 424/334/837
f 434/344/838 432/342/836 424/334/837
f 436/346/839 434/344/838 424/334/837
f 406/316/816 392/302/815 390/300/825
f 502/412/824 500/410/822 486/396/823
f 422/332/776 420/330/801 408/318/800
f 422/332/776 408/318/800 406/316/816
f 484/394/793 472/382/794 470/380/840
f 486/396/823 484/394/793 470/380/840
f 448/358/783 446/356/784 444/354/771
f 448/358/783 444/354/771 442/352/841
f 450/360/781 448/358/783 442/352/841
f 450/360/781 442/352/841 440/350/842
f 452/362/843 450/360/781 440/350/842
f 452/362/843 440/350/842 438/348/844
f 454/364/804 452/362/843 438/348/844
f 470/380/840 468/378/830 456/366/832
f 436/346/839 424/334/837 422/332/776
f 438/348/844 436/346/839 422/332/776
f 454/364/804 438/348/844 422/332/776
f 470/380/840 456/366/832 454/364/804
f 470/380/840 454/364/804 422/332/776
f 422/332/776 406/316/816 390/300/825
f 422/332/776 390/300/825 502/412/824
f 470/380/840 422/332/776 502/412/824
f 470/380/840 502/412/824 486/396/823
f 360/271/845 358/269/845 533/445/846
f 358/269/845 361/273/847 533/445/846
f 361/273/847 363/275/848 533/445/846
f 533/445/846 363/275/848 531/443/849
f 531/443/849 363/275/848 529/441/850
f 529/441/850 363/275/848 527/439/851
f 363/275/848 365/277/852 527/439/851
f 527/439/851 365/277/852 525/437/853
f 365/277/852 367/279/854 525/437/853
f 525/437/853 367/279/854 523/435/855
f 523/435/855 367/279/854 521/433/849
f 521/433/849 367/279/854 519/431/856
f 519/431/856 367/279/854 517/429/857
f 517/429/857 367/279/854 515/427/858
f 515/427/858 367/279/854 513/425/859
f 367/279/854 369/281/860 513/425/859
f 369/281/860 371/283/861 513/425/859
f 371/283/861 373/285/862 513/425/859
f 373/285/862 375/287/863 513/425/859
f 375/287/863 377/289/864 513/425/859
f 477/389/865 479/391/866 475/387/867
f 479/391/866 481/393/868 475/387/867
f 475/387/867 481/393/868 473/385/869
f 481/393/868 483/395/870 473/385/869
f 473/385/869 483/395/870 471/383/871
f 413/325/872 415/327/873 411/323/874
f 411/323/874 415/327/873 409/321/849
f 415/327/873 417/329/875 409/321/849
f 409/321/849 417/329/875 407/319/876
f 417/329/875 419/331/877 407/319/876
f 383/295/878 385/297/879 381/293/880
f 381/293/880 385/297/879 379/291/881
f 379/291/881 385/297/879 377/289/864
f 385/297/879 387/299/882 377/289/864
f 507/419/883 509/421/884 505/417/885
f 509/421/884 511/423/886 505/417/885
f 511/423/886 513/425/859 505/417/885
f 505/417/885 513/425/859 503/415/887
f 397/309/888 399/311/889 395/307/890
f 399/311/889 401/313/891 395/307/890
f 395/307/890 401/313/891 393/305/853
f 401/313/891 403/315/892 393/305/853
f 393/305/853 403/315/892 391/303/893
f 403/315/892 405/317/894 391/303/893
f 493/405/895 495/407/885 491/403/896
f 491/403/896 495/407/885 489/401/897
f 495/407/885 497/409/845 489/401/897
f 489/401/897 497/409/845 487/399/898
f 497/409/845 499/411/899 487/399/898
f 487/399/898 499/411/899 485/397/900
f 503/415/887 513/425/859 501/413/901
f 513/425/859 377/289/864 501/413/901
f 387/299/882 389/301/902 377/289/864
f 377/289/864 389/301/902 501/413/901
f 463/375/903 465/377/904 461/373/905
f 461/373/905 465/377/904 459/371/906
f 465/377/904 467/379/907 459/371/906
f 459/371/906 467/379/907 457/369/908
f 457/369/908 467/379/907 455/367/909
f 427/339/910 429/341/911 425/337/912
f 429/341/911 431/343/854 425/337/912
f 425/337/912 431/343/854 423/335/913
f 431/343/854 433/345/914 423/335/913
f 433/345/914 435/347/915 423/335/913
f 391/303/893 405/317/894 389/301/902
f 499/411/899 501/413/901 485/397/900
f 419/331/877 421/333/916 407/319/876
f 407/319/876 421/333/916 405/317/894
f 471/383/871 483/395/870 469/381/917
f 483/395/870 485/397/900 469/381/917
f 445/357/918 447/359/919 443/355/920
f 443/355/920 447/359/919 441/353/852
f 447/359/919 449/361/858 441/353/852
f 441/353/852 449/361/858 439/351/874
f 449/361/858 451/363/900 439/351/874
f 439/351/874 451/363/900 437/349/921
f 451/363/900 453/365/922 437/349/921
f 467/379/907 469/381/917 455/367/909
f 423/335/913 435/347/915 421/333/916
f 435/347/915 437/349/921 421/333/916
f 437/349/921 453/365/922 421/333/916
f 455/367/909 469/381/917 453/365/922
f 453/365/922 469/381/917 421/333/916
f 405/317/894 421/333/916 389/301/902
f 389/301/902 421/333/916 501/413/901
f 421/333/916 469/381/917 501/413/901
f 501/413/901 469/381/917 485/397/900
f 537/446/923 536/447/924 535/448/925
f 538/449/926 537/446/923 535/448/925
f 540/450/927 539/451/928 536/447/924
f 537/446/923 540/450/927 536/447/924
f 542/452/929 541/453/930 539/451/928
f 540/450/927 542/452/929 539/451/928
f 544/454/931 543/455/932 541/453/930
f 542/452/929 544/454/931 541/453/930
f 546/456/933 545/457/934 543/455/932
f 544/454/931 546/456/933 543/455/932
f 548/458/935 547/459/936 545/457/934
f 546/456/933 548/458/935 545/457/934
f 550/460/937 549/461/938 547/459/936
f 548/458/935 550/460/937 547/459/936
f 552/462/939 551/463/940 549/461/938
f 550/460/937 552/462/939 549/461/938
f 554/464/941 553/465/942 551/463/940
f 552/462/939 554/464/941 551/463/940
f 556/466/943 555/467/944 553/465/942
f 554/464/941 556/466/943 553/465/942
f 558/468/945 557/469/946 555/467/944
f 556/466/943 558/468/945 555/467/944
f 560/470/947 559/471/948 557/469/946
f 558/468/945 560/470/947 557/469/946
f 562/472/949 561/473/950 559/471/948
f 560/470/947 562/472/949 559/471/948
f 564/474/951 563/475/952 561/473/950
f 562/472/949 564/474/951 561/473/950
f 566/476/953 565/477/954 563/475/952
f 564/474/951 566/476/953 563/475/952
f 568/478/955 567/479/956 565/477/954
f 566/476/953 568/478/955 565/477/954
f 570/480/957 569/481/958 567/479/956
f 568/478/955 570/480/957 567/479/956
f 572/482/959 571/483/960 569/481/958
f 570/480/957 572/482/959 569/481/958
f 574/484/961 573/485/962 571/483/960
f 572/482/959 574/484/961 571/483/960
f 576/486/963 575/487/964 573/485/962
f 574/484/961 576/486/963 573/485/962
f 578/488/965 577/489/966 575/487/964
f 576/486/963 578/488/965 575/487/964
f 580/490/967 579/491/968 577/489/966
f 578/488/965 580/490/967 577/489/966
f 582/492/969 581/493/970 579/491/968
f 580/490/967 582/492/969 579/491/968
f 584/494/971 583/495/972 581/493/970
f 582/492/969 584/494/971 581/493/970
f 586/496/973 585/497/974 583/495/972
f 584/494/971 586/496/973 583/495/972
f 588/498/975 587/499/976 585/497/974
f 586/496/973 588/498/975 585/497/974
f 590/500/977 589/501/978 587/499/976
f 588/498/975 590/500/977 587/499/976
f 592/502/979 591/503/980 589/501/978
f 590/500/977 592/502/979 589/501/978
f 594/504/981 593/505/982 591/503/980
f 592/502/979 594/504/981 591/503/980
f 596/506/983 595/507/984 593/505/982
f 594/504/981 596/506/983 593/505/982
f 598/508/985 597/509/986 595/507/984
f 596/506/983 598/508/985 595/507/984
f 600/510/987 599/511/988 597/509/986
f 598/508/985 600/510/987 597/509/986
f 602/512/989 601/513/990 599/511/988
f 600/510/987 602/512/989 599/511/988
f 604/514/991 603/515/992 601/513/990
f 602/512/989 604/514/991 601/513/990
f 606/516/993 605/517/994 603/515/992
f 604/514/991 606/516/993 603/515/992
f 608/518/995 607/519/996 605/517/994
f 606/516/993 608/518/995 605/517/994
f 610/520/997 609/521/998 607/519/996
f 608/518/995 610/520/997 607/519/996
f 612/522/999 611/523/1000 609/521/998
f 610/520/997 612/522/999 609/521/998
f 614/524/1001 613/525/1002 611/523/1000
f 612/522/999 614/524/1001 611/523/1000
f 616/526/1003 615/527/1004 613/525/1002
f 614/524/1001 616/526/1003 613/525/1002
f 618/528/1005 617/529/1006 615/527/1004
f 616/526/1003 618/528/1005 615/527/1004
f 620/530/1007 619/531/1008 617/529/1006
f 618/528/1005 620/530/1007 617/529/1006
f 622/532/1009 621/533/1010 619/531/1008
f 620/530/1007 622/532/1009 619/531/1008
f 624/534/1011 623/535/1012 621/533/1010
f 622/532/1009 624/534/1011 621/533/1010
f 626/536/1013 625/537/1014 623/535/1012
f 624/534/1011 626/536/1013 623/535/1012
f 628/538/1015 627/539/1016 625/537/1014
f 626/536/1013 628/538/1015 625/537/1014
f 630/540/1017 629/541/1018 627/539/1016
f 628/538/1015 630/540/1017 627/539/1016
f 632/542/1019 631/543/1020 629/541/1018
f 630/540/1017 632/542/1019 629/541/1018
f 634/544/1021 633/545/1022 631/543/1020
f 632/542/1019 634/544/1021 631/543/1020
f 636/546/1023 635/547/1024 633/545/1022
f 634/544/1021 636/546/1023 633/545/1022
f 638/548/1025 637/549/1026 635/547/1024
f 636/546/1023 638/548/1025 635/547/1024
f 640/550/1027 639/551/1028 637/549/1026
f 638/548/1025 640/550/1027 637/549/1026
f 642/552/1029 641/553/1030 639/551/1028
f 640/550/1027 642/552/1029 639/551/1028
f 644/554/1031 643/555/1032 641/553/1030
f 642/552/1029 644/554/1031 641/553/1030
f 646/556/1033 645/557/1034 643/555/1032
f 644/554/1031 646/556/1033 643/555/1032
f 648/558/1035 647/559/1036 645/557/1034
f 646/556/1033 648/558/1035 645/557/1034
f 650/560/1037 649/561/1038 647/559/1036
f 648/558/1035 650/560/1037 647/559/1036
f 652/562/1039 651/563/1040 649/561/1038
f 650/560/1037 652/562/1039 649/561/1038
f 654/564/1041 653/565/1042 651/563/1040
f 652/562/1039 654/564/1041 651/563/1040
f 656/566/1043 655/567/1044 653/565/1042
f 654/564/1041 656/566/1043 653/565/1042
f 658/568/1045 657/569/1046 655/567/1044
f 656/566/1043 658/568/1045 655/567/1044
f 660/570/1047 659/571/1048 657/569/1046
f 658/568/1045 660/570/1047 657/569/1046
f 662/572/1049 661/573/1050 659/571/1048
f 660/570/1047 662/572/1049 659/571/1048
f 664/574/1051 663/575/1052 661/573/1050
f 662/572/1049 664/574/1051 661/573/1050
f 666/576/1053 665/577/1054 663/575/1052
f 664/574/1051 666/576/1053 663/575/1052
f 668/578/1055 667/579/1056 665/577/1054
f 666/576/1053 668/578/1055 665/577/1054
f 670/580/1057 669/581/1058 667/579/1056
f 668/578/1055 670/580/1057 667/579/1056
f 672/582/1059 671/583/1060 669/581/1058
f 670/580/1057 672/582/1059 669/581/1058
f 674/584/1061 673/585/1062 671/583/1060
f 672/582/1059 674/584/1061 671/583/1060
f 676/586/1063 675/587/1064 673/585/1062
f 674/584/1061 676/586/1063 673/585/1062
f 678/588/1065 677/589/1066 675/587/1064
f 676/586/1063 678/588/1065 675/587/1064
f 680/590/1067 679/591/1068 677/589/1066
f 678/588/1065 680/590/1067 677/589/1066
f 682/592/1069 681/593/1070 679/591/1068
f 680/590/1067 682/592/1069 679/591/1068
f 684/594/1071 683/595/1072 681/593/1070
f 682/592/1069 684/594/1071 681/593/1070
f 686/596/1073 685/597/1074 683/595/1072
f 684/594/1071 686/596/1073 683/595/1072
f 688/598/1075 687/599/1076 685/597/1074
f 686/596/1073 688/598/1075 685/597/1074
f 690/600/1077 689/601/1078 687/599/1076
f 688/598/1075 690/600/1077 687/599/1076
f 692/602/1079 691/603/1080 689/601/1078
f 690/600/1077 692/602/1079 689/601/1078
f 694/604/1081 693/605/1082 691/603/1080
f 692/602/1079 694/604/1081 691/603/1080
f 696/606/1083 695/607/1084 693/605/1082
f 694/604/1081 696/606/1083 693/605/1082
f 698/608/1085 697/609/1086 695/607/1084
f 696/606/1083 698/608/1085 695/607/1084
f 700/610/1087 699/611/1088 697/609/1086
f 698/608/1085 700/610/1087 697/609/1086
f 702/612/1089 701/613/1090 699/611/1088
f 700/610/1087 702/612/1089 699/611/1088
f 704/614/1091 703/615/1092 701/613/1090
f 702/612/1089 704/614/1091 701/613/1090
f 706/616/1093 705/617/1094 703/615/1092
f 704/614/1091 706/616/1093 703/615/1092
f 708/618/1095 707/619/1096 705/617/1094
f 706/616/1093 708/618/1095 705/617/1094
f 710/620/1097 709/621/1098 707/619/1096
f 708/618/1095 710/620/1097 707/619/1096
f 712/622/1099 711/623/1100 709/621/1098
f 710/620/1097 712/622/1099 709/621/1098
f 538/449/1101 535/448/1101 711/623/1101
f 712/622/1101 538/449/1101 711/623/1101
f 535/448/1102 536/447/1103 711/623/1103
f 536/447/1103 539/451/1103 711/623/1103
f 539/451/1103 541/453/1103 711/623/1103
f 711/623/1103 541/453/1103 709/621/1103
f 709/621/1103 541/453/1103 707/619/1103
f 707/619/1103 541/453/1103 705/617/1103
f 541/453/1103 543/455/1103 705/617/1103
f 705/617/1103 543/455/1103 703/615/1104
f 543/455/1103 545/457/1103 703/615/1104
f 703/615/1104 545/457/1103 701/613/1103
f 701/613/1103 545/457/1103 699/611/1103
f 699/611/1103 545/457/1103 697/609/1103
f 697/609/1103 545/457/1103 695/607/1103
f 695/607/1103 545/457/1103 693/605/1103
f 693/605/1103 545/457/1103 691/603/1103
f 545/457/1103 547/459/1103 691/603/1103
f 547/459/1103 549/461/1103 691/603/1103
f 549/461/1103 551/463/1103 691/603/1103
f 551/463/1103 553/465/1103 691/603/1103
f 553/465/1103 555/467/1103 691/603/1103
f 655/567/1103 657/569/1105 653/565/1106
f 657/569/1105 659/571/1106 653/565/1106
f 653/565/1106 659/571/1106 651/563/1107
f 659/571/1106 661/573/1108 651/563/1107
f 651/563/1107 661/573/1108 649/561/1109
f 591/503/1103 593/505/1110 589/501/1111
f 589/501/1111 593/505/1110 587/499/1110
f 593/505/1110 595/507/1105 587/499/1110
f 587/499/1110 595/507/1105 585/497/1112
f 595/507/1105 597/509/1102 585/497/1112
f 561/473/1113 563/475/1114 559/471/1104
f 559/471/1104 563/475/1114 557/469/1103
f 557/469/1103 563/475/1114 555/467/1103
f 563/475/1114 565/477/1115 555/467/1103
f 685/597/1116 687/599/1117 683/595/1118
f 687/599/1117 689/601/1103 683/595/1118
f 689/601/1103 691/603/1103 683/595/1118
f 683/595/1118 691/603/1103 681/593/1119
f 575/487/1103 577/489/1103 573/485/1120
f 577/489/1103 579/491/1105 573/485/1120
f 573/485/1120 579/491/1105 571/483/1103
f 579/491/1105 581/493/1121 571/483/1103
f 571/483/1103 581/493/1121 569/481/1111
f 581/493/1121 583/495/1103 569/481/1111
f 671/583/1118 673/585/1106 669/581/1103
f 669/581/1103 673/585/1106 667/579/1103
f 673/585/1106 675/587/1103 667/579/1103
f 667/579/1103 675/587/1103 665/577/1103
f 675/587/1103 677/589/1105 665/577/1103
f 665/577/1103 677/589/1105 663/575/1103
f 681/593/1119 691/603/1103 679/591/1102
f 691/603/1103 555/467/1103 679/591/1102
f 565/477/1115 567/479/1122 555/467/1103
f 555/467/1103 567/479/1122 679/591/1102
f 641/553/1123 643/555/1124 639/551/1125
f 639/551/1125 643/555/1124 637/549/1126
f 643/555/1124 645/557/1127 637/549/1126
f 637/549/1126 645/557/1127 635/547/1128
f 635/547/1128 645/557/1127 633/545/1129
f 605/517/1103 607/519/1130 603/515/1131
f 607/519/1130 609/521/1132 603/515/1131
f 603/515/1131 609/521/1132 601/513/1133
f 609/521/1132 611/523/1128 601/513/1133
f 611/523/1128 613/525/1134 601/513/1133
f 569/481/1111 583/495/1103 567/479/1122
f 677/589/1105 679/591/1102 663/575/1103
f 597/509/1102 599/511/1135 585/497/1112
f 585/497/1112 599/511/1135 583/495/1103
f 649/561/1109 661/573/1108 647/559/1136
f 661/573/1108 663/575/1103 647/559/1136
f 623/535/1103 625/537/1103 621/533/1103
f 621/533/1103 625/537/1103 619/531/1103
f 625/537/1103 627/539/1103 619/531/1103
f 619/531/1103 627/539/1103 617/529/1103
f 627/539/1103 629/541/1103 617/529/1103
f 617/529/1103 629/541/1103 615/527/1137
f 629/541/1103 631/543/1103 615/527/1137
f 645/557/1127 647/559/1136 633/545/1129
f 601/513/1133 613/525/1134 599/511/1135
f 613/525/1134 615/527/1137 599/511/1135
f 615/527/1137 631/543/1103 599/511/1135
f 633/545/1129 647/559/1136 631/543/1103
f 631/543/1103 647/559/1136 599/511/1135
f 583/495/1103 599/511/1135 567/479/1122
f 567/479/1122 599/511/1135 679/591/1102
f 599/511/1135 647/559/1136 679/591/1102
f 679/591/1102 647/559/1136 663/575/1103
f 537/446/1138 538/449/1138 712/622/1138
f 540/450/1138 537/446/1138 712/622/1138
f 542/452/1138 540/450/1138 712/622/1138
f 542/452/1138 712/622/1138 710/620/1138
f 542/452/1138 710/620/1138 708/618/1138
f 542/452/1138 708/618/1138 706/616/1138
f 544/454/1138 542/452/1138 706/616/1138
f 544/454/1138 706/616/1138 704/614/1138
f 546/456/1138 544/454/1138 704/614/1138
f 546/456/1138 704/614/1138 702/612/1138
f 546/456/1138 702/612/1138 700/610/1138
f 546/456/1138 700/610/1138 698/608/1138
f 546/456/1138 698/608/1138 696/606/1138
f 546/456/1138 696/606/1138 694/604/1138
f 546/456/1138 694/604/1138 692/602/1138
f 548/458/1138 546/456/1138 692/602/1138
f 550/460/1138 548/458/1138 692/602/1138
f 552/462/1138 550/460/1138 692/602/1138
f 554/464/1138 552/462/1138 692/602/1138
f 556/466/1139 554/464/1138 692/602/1138
f 658/568/1140 656/566/1141 654/564/1139
f 660/570/1142 658/568/1140 654/564/1139
f 660/570/1142 654/564/1139 652/562/1138
f 662/572/1143 660/570/1142 652/562/1138
f 662/572/1143 652/562/1138 650/560/1144
f 594/504/1139 592/502/1145 590/500/1146
f 594/504/1139 590/500/1146 588/498/1147
f 596/506/1138 594/504/1139 588/498/1147
f 596/506/1138 588/498/1147 586/496/1147
f 598/508/1148 596/506/1138 586/496/1147
f 564/474/1149 562/472/1150 560/470/1141
f 564/474/1149 560/470/1141 558/468/1143
f 564/474/1149 558/468/1143 556/466/1139
f 566/476/1138 564/474/1149 556/466/1139
f 688/598/1141 686/596/1151 684/594/1139
f 690/600/1149 688/598/1141 684/594/1139
f 692/602/1138 690/600/1149 684/594/1139
f 692/602/1138 684/594/1139 682/592/1152
f 578/488/1146 576/486/1153 574/484/1144
f 580/490/1149 578/488/1146 574/484/1144
f 580/490/1149 574/484/1144 572/482/1138
f 582/492/1140 580/490/1149 572/482/1138
f 582/492/1140 572/482/1138 570/480/1148
f 584/494/1140 582/492/1140 570/480/1148
f 674/584/1139 672/582/1154 670/580/1139
f 674/584/1139 670/580/1139 668/578/1138
f 676/586/1139 674/584/1139 668/578/1138
f 676/586/1139 668/578/1138 666/576/1144
f 678/588/1155 676/586/1139 666/576/1144
f 678/588/1155 666/576/1144 664/574/1140
f 692/602/1138 682/592/1152 680/590/1156
f 556/466/1139 692/602/1138 680/590/1156
f 568/478/1157 566/476/1138 556/466/1139
f 568/478/1157 556/466/1139 680/590/1156
f 644/554/1158 642/552/1159 640/550/1160
f 644/554/1158 640/550/1160 638/548/1161
f 646/556/1162 644/554/1158 638/548/1161
f 646/556/1162 638/548/1161 636/546/1163
f 646/556/1162 636/546/1163 634/544/1164
f 608/518/1149 606/516/1165 604/514/1161
f 610/520/1166 608/518/1149 604/514/1161
f 610/520/1166 604/514/1161 602/512/1167
f 612/522/1144 610/520/1166 602/512/1167
f 614/524/1168 612/522/1144 602/512/1167
f 584/494/1140 570/480/1148 568/478/1157
f 680/590/1156 678/588/1155 664/574/1140
f 600/510/1141 598/508/1148 586/496/1147
f 600/510/1141 586/496/1147 584/494/1140
f 662/572/1143 650/560/1144 648/558/1169
f 664/574/1140 662/572/1143 648/558/1169
f 626/536/1138 624/534/1169 622/532/1138
f 626/536/1138 622/532/1138 620/530/1138
f 628/538/1138 626/536/1138 620/530/1138
f 628/538/1138 620/530/1138 618/528/1138
f 630/540/1138 628/538/1138 618/528/1138
f 630/540/1138 618/528/1138 616/526/1141
f 632/542/1138 630/540/1138 616/526/1141
f 648/558/1169 646/556/1162 634/544/1164
f 614/524/1168 602/512/1167 600/510/1141
f 616/526/1141 614/524/1168 600/510/1141
f 632/542/1138 616/526/1141 600/510/1141
f 648/558/1169 634/544/1164 632/542/1138
f 648/558/1169 632/542/1138 600/510/1141
f 600/510/1141 584/494/1140 568/478/1157
f 600/510/1141 568/478/1157 680/590/1156
f 648/558/1169 600/510/1141 680/590/1156
f 648/558/1169 680/590/1156 664/574/1140
usemtl 3d66_Standardmaterial_17342430_094
f 715/624/1170 714/625/1170 713/626/1170
f 716/627/1171 713/626/1170 714/625/1170
f 716/627/1172 717/627/1172 713/626/1172
f 718/626/1172 713/626/1172 717/627/1172
f 714/625/1173 719/625/1173 716/627/1173
f 717/627/1173 716/627/1173 719/625/1173
f 715/624/1174 720/624/1174 714/625/1174
f 719/625/1174 714/625/1174 720/624/1174
f 713/626/1175 718/626/1175 715/624/1175
f 720/624/1175 715/624/1175 718/626/1175
f 717/627/1176 719/625/1177 718/626/1177
f 720/624/1176 718/626/1177 719/625/1177
