# Blender 4.3.2
# www.blender.org
mtllib 墙壁.mtl
o Obj3d66_17342430_15_218
v 2145.614014 539.226746 -27328.572266
v 2145.614014 573.126038 -27328.572266
v 2145.614014 573.126038 -27326.503906
v 2145.614014 539.226746 -27326.503906
v 2142.151123 539.226746 -27324.433594
v 2142.151123 573.126038 -27324.433594
v 2186.473877 539.226746 -27328.572266
v 2186.473877 573.126038 -27326.503906
v 2186.473877 573.126038 -27328.572266
v 2186.473877 539.226746 -27326.503906
v 2189.937012 539.226746 -27324.433594
v 2189.937012 573.126038 -27324.433594
v 2204.076172 539.226746 -27328.572266
v 2204.076172 573.126038 -27328.572266
v 2204.076172 573.126038 -27326.503906
v 2204.076172 539.226746 -27326.503906
v 2200.613281 539.226746 -27324.433594
v 2200.613281 573.126038 -27324.433594
v 2245.434570 539.226746 -27328.572266
v 2245.434570 573.126038 -27326.503906
v 2245.434570 573.126038 -27328.572266
v 2245.434570 539.226746 -27326.503906
v 2248.897705 539.226746 -27324.433594
v 2248.897705 573.126038 -27324.433594
v 2263.037109 539.226746 -27328.572266
v 2263.037109 573.126038 -27328.572266
v 2263.037109 573.126038 -27326.503906
v 2263.037109 539.226746 -27326.503906
v 2259.574219 539.226746 -27324.433594
v 2259.574219 573.126038 -27324.433594
v 2303.896973 539.226746 -27328.572266
v 2303.896973 573.126038 -27326.503906
v 2303.896973 573.126038 -27328.572266
v 2303.896973 539.226746 -27326.503906
v 2307.359863 539.226746 -27324.433594
v 2307.359863 573.126038 -27324.433594
v 2138.124756 345.003418 -27324.433594
v 2140.920898 345.003326 -27324.433594
v 2140.920898 522.930237 -27324.433594
v 2138.124756 528.057617 -27324.433594
v 2311.386230 528.057617 -27324.433594
v 2308.590332 522.930237 -27324.433594
v 2311.386230 345.003418 -27324.433594
v 2308.590332 345.003326 -27324.433594
v 2220.383057 350.918823 -27328.572266
v 2187.160889 350.918823 -27328.572266
v 2187.160889 350.918823 -27326.503906
v 2220.383057 350.918823 -27326.503906
v 2187.160889 517.793640 -27328.572266
v 2187.160889 517.793640 -27326.503906
v 2220.383057 517.793640 -27328.572266
v 2220.383057 517.793640 -27326.503906
v 2224.755371 522.930237 -27324.433594
v 2224.755371 345.003326 -27324.433594
v 2182.838135 522.930237 -27324.433594
v 2182.838135 345.003326 -27324.433594
v 2178.465820 350.918823 -27328.572266
v 2145.243408 350.918823 -27328.572266
v 2145.243408 350.918823 -27326.503906
v 2178.465820 350.918823 -27326.503906
v 2145.243408 517.793640 -27328.572266
v 2145.243408 517.793640 -27326.503906
v 2178.465820 517.793640 -27328.572266
v 2178.465820 517.793640 -27326.503906
v 2182.838135 522.930115 -27324.433594
v 2140.920654 522.930115 -27324.433594
v 2140.920654 345.003326 -27324.433594
v 2261.920166 350.918823 -27328.572266
v 2228.697754 350.918823 -27328.572266
v 2228.697754 350.918823 -27326.503906
v 2261.920166 350.918823 -27326.503906
v 2228.697754 517.793640 -27328.572266
v 2228.697754 517.793640 -27326.503906
v 2261.920166 517.793640 -27328.572266
v 2261.920166 517.793640 -27326.503906
v 2266.672852 522.930115 -27324.433594
v 2266.672852 345.003326 -27324.433594
v 2224.755371 522.930115 -27324.433594
v 2303.837646 350.918915 -27328.572266
v 2270.615234 350.918915 -27328.572266
v 2270.615234 350.918915 -27326.503906
v 2303.837646 350.918915 -27326.503906
v 2270.615234 517.793640 -27328.572266
v 2270.615234 517.793518 -27326.503906
v 2303.837646 517.793640 -27328.572266
v 2303.837646 517.793518 -27326.503906
v 2308.590332 522.930115 -27324.433594
v 2308.590332 345.003418 -27324.433594
v 2266.672852 345.003418 -27324.433594
v 2308.590332 507.935211 -27328.572266
v 2140.920898 507.935211 -27328.572266
v 2140.920898 507.935211 -27324.433594
v 2308.590332 507.935211 -27324.433594
v 2140.920898 504.077515 -27328.572266
v 2308.590332 504.077515 -27328.572266
v 2308.590332 504.077515 -27324.433594
v 2140.920898 504.077515 -27324.433594
v 2308.590332 415.618622 -27328.572266
v 2140.920898 415.618622 -27328.572266
v 2140.920898 415.618622 -27324.433594
v 2308.590332 415.618622 -27324.433594
v 2140.920898 411.407410 -27328.572266
v 2308.590332 411.407410 -27328.572266
v 2308.590332 411.407410 -27324.433594
v 2140.920898 411.407410 -27324.433594
v 2308.590332 366.753540 -27328.572266
v 2140.920898 366.753540 -27328.572266
v 2140.920898 366.753540 -27324.433594
v 2308.590332 366.753540 -27324.433594
v 2140.920898 360.777222 -27328.572266
v 2308.590332 360.777222 -27328.572266
v 2308.590332 360.777222 -27324.433594
v 2140.920898 360.777222 -27324.433594
v 2308.590332 401.549011 -27328.572266
v 2140.920898 401.549011 -27328.572266
v 2140.920898 401.549011 -27324.433594
v 2308.590332 401.549011 -27324.433594
v 2140.920898 397.486237 -27328.572266
v 2308.590332 397.486237 -27328.572266
v 2308.590332 397.486237 -27324.433594
v 2140.920898 397.486237 -27324.433594
v 2145.243408 507.935211 -27326.916016
v 2303.837646 507.935211 -27326.916016
v 2303.837646 517.793640 -27326.916016
v 2145.243408 517.793640 -27326.916016
v 2145.243408 350.918823 -27326.916016
v 2303.837646 350.918823 -27326.916016
v 2303.837646 411.407410 -27326.916016
v 2145.243408 411.407410 -27326.916016
v 2174.983154 381.650940 -27328.572266
v 2173.923828 386.890625 -27328.572266
v 2173.923828 386.890625 -27326.503906
v 2174.983154 381.650940 -27326.503906
v 2171.035889 391.172028 -27328.572266
v 2171.035889 391.172028 -27326.503906
v 2166.754395 394.060028 -27328.572266
v 2166.754395 394.060028 -27326.503906
v 2161.514648 395.119415 -27328.572266
v 2161.514648 395.119415 -27326.503906
v 2156.274902 394.060028 -27328.572266
v 2156.274902 394.060028 -27326.503906
v 2151.993408 391.172028 -27328.572266
v 2151.993408 391.172028 -27326.503906
v 2149.105469 386.890625 -27328.572266
v 2149.105469 386.890625 -27326.503906
v 2148.046143 381.650940 -27328.572266
v 2148.046143 381.650940 -27326.503906
v 2149.105469 376.411224 -27328.572266
v 2149.105469 376.411224 -27326.503906
v 2151.993408 372.129730 -27328.572266
v 2151.993408 372.129730 -27326.503906
v 2156.274902 369.241730 -27328.572266
v 2156.274902 369.241730 -27326.503906
v 2161.514648 368.182312 -27328.572266
v 2161.514648 368.182312 -27326.503906
v 2166.754395 369.241730 -27328.572266
v 2166.754395 369.241730 -27326.503906
v 2171.035889 372.129730 -27328.572266
v 2171.035889 372.129730 -27326.503906
v 2173.923828 376.411224 -27328.572266
v 2173.923828 376.411224 -27326.503906
v 2216.900635 381.650940 -27328.572266
v 2215.841309 386.890625 -27328.572266
v 2215.841309 386.890625 -27326.503906
v 2216.900635 381.650940 -27326.503906
v 2212.953125 391.172028 -27328.572266
v 2212.953125 391.172028 -27326.503906
v 2208.671875 394.060028 -27328.572266
v 2208.671875 394.060028 -27326.503906
v 2203.432129 395.119415 -27328.572266
v 2203.432129 395.119415 -27326.503906
v 2198.192383 394.060028 -27328.572266
v 2198.192383 394.060028 -27326.503906
v 2193.910889 391.172028 -27328.572266
v 2193.910889 391.172028 -27326.503906
v 2191.022949 386.890625 -27328.572266
v 2191.022949 386.890625 -27326.503906
v 2189.963379 381.650940 -27328.572266
v 2189.963379 381.650940 -27326.503906
v 2191.022949 376.411224 -27328.572266
v 2191.022949 376.411224 -27326.503906
v 2193.910889 372.129730 -27328.572266
v 2193.910889 372.129730 -27326.503906
v 2198.192383 369.241730 -27328.572266
v 2198.192383 369.241730 -27326.503906
v 2203.432129 368.182312 -27328.572266
v 2203.432129 368.182312 -27326.503906
v 2208.671875 369.241730 -27328.572266
v 2208.671875 369.241730 -27326.503906
v 2212.953125 372.129730 -27328.572266
v 2212.953125 372.129730 -27326.503906
v 2215.841309 376.411224 -27328.572266
v 2215.841309 376.411224 -27326.503906
v 2258.818359 381.650940 -27328.572266
v 2257.759033 386.890625 -27328.572266
v 2257.759033 386.890625 -27326.503906
v 2258.818359 381.650940 -27326.503906
v 2254.870605 391.172028 -27328.572266
v 2254.870605 391.172028 -27326.503906
v 2250.589355 394.060028 -27328.572266
v 2250.589355 394.060028 -27326.503906
v 2245.349609 395.119415 -27328.572266
v 2245.349609 395.119415 -27326.503906
v 2240.109863 394.060028 -27328.572266
v 2240.109863 394.060028 -27326.503906
v 2235.828369 391.172028 -27328.572266
v 2235.828369 391.172028 -27326.503906
v 2232.940430 386.890625 -27328.572266
v 2232.940430 386.890625 -27326.503906
v 2231.880859 381.650940 -27328.572266
v 2231.880859 381.650940 -27326.503906
v 2232.940430 376.411224 -27328.572266
v 2232.940430 376.411224 -27326.503906
v 2235.828369 372.129730 -27328.572266
v 2235.828369 372.129730 -27326.503906
v 2240.109863 369.241730 -27328.572266
v 2240.109863 369.241730 -27326.503906
v 2245.349609 368.182312 -27328.572266
v 2245.349609 368.182312 -27326.503906
v 2250.589355 369.241730 -27328.572266
v 2250.589355 369.241730 -27326.503906
v 2254.870605 372.129730 -27328.572266
v 2254.870605 372.129730 -27326.503906
v 2257.759033 376.411224 -27328.572266
v 2257.759033 376.411224 -27326.503906
v 2300.735352 381.650940 -27328.572266
v 2299.676270 386.890625 -27328.572266
v 2299.676270 386.890625 -27326.503906
v 2300.735352 381.650940 -27326.503906
v 2296.788086 391.172028 -27328.572266
v 2296.788086 391.172028 -27326.503906
v 2292.506836 394.060028 -27328.572266
v 2292.506836 394.060028 -27326.503906
v 2287.267090 395.119415 -27328.572266
v 2287.267090 395.119415 -27326.503906
v 2282.027344 394.060028 -27328.572266
v 2282.027344 394.060028 -27326.503906
v 2277.745850 391.172028 -27328.572266
v 2277.745850 391.172028 -27326.503906
v 2274.857666 386.890625 -27328.572266
v 2274.857666 386.890625 -27326.503906
v 2273.798340 381.650940 -27328.572266
v 2273.798340 381.650940 -27326.503906
v 2274.857666 376.411224 -27328.572266
v 2274.857666 376.411224 -27326.503906
v 2277.745850 372.129730 -27328.572266
v 2277.745850 372.129730 -27326.503906
v 2282.027344 369.241730 -27328.572266
v 2282.027344 369.241730 -27326.503906
v 2287.267090 368.182312 -27328.572266
v 2287.267090 368.182312 -27326.503906
v 2292.506836 369.241730 -27328.572266
v 2292.506836 369.241730 -27326.503906
v 2296.788086 372.129730 -27328.572266
v 2296.788086 372.129730 -27326.503906
v 2299.676270 376.411224 -27328.572266
v 2299.676270 376.411224 -27326.503906
v 1925.738403 539.226624 -27328.572266
v 1925.738403 573.125916 -27328.572266
v 1925.738403 573.125916 -27326.503906
v 1925.738403 539.226624 -27326.503906
v 1922.275513 539.226624 -27324.433594
v 1922.275513 573.125916 -27324.433594
v 1966.598389 539.226624 -27328.572266
v 1966.598389 573.125916 -27326.503906
v 1966.598389 573.125916 -27328.572266
v 1966.598389 539.226624 -27326.503906
v 1970.061401 539.226624 -27324.433594
v 1970.061401 573.125916 -27324.433594
v 1984.200684 539.226624 -27328.572266
v 1984.200684 573.125916 -27328.572266
v 1984.200684 573.125916 -27326.503906
v 1984.200684 539.226624 -27326.503906
v 1980.737915 539.226624 -27324.433594
v 1980.737915 573.125916 -27324.433594
v 2025.559082 539.226624 -27328.572266
v 2025.559082 573.125916 -27326.503906
v 2025.559082 573.125916 -27328.572266
v 2025.559082 539.226746 -27326.503906
v 2029.022095 539.226624 -27324.433594
v 2029.022095 573.125916 -27324.433594
v 2043.161499 539.226624 -27328.572266
v 2043.161499 573.125916 -27328.572266
v 2043.161499 573.125916 -27326.503906
v 2043.161499 539.226624 -27326.503906
v 2039.698486 539.226624 -27324.433594
v 2039.698486 573.125916 -27324.433594
v 2084.021484 539.226624 -27328.572266
v 2084.021484 573.125916 -27326.503906
v 2084.021484 573.125916 -27328.572266
v 2084.021484 539.226624 -27326.503906
v 2087.484375 539.226624 -27324.433594
v 2087.484375 573.125916 -27324.433594
v 1919.041382 394.489014 -27324.433594
v 1921.837280 394.488922 -27324.433594
v 1921.837280 522.930115 -27324.433594
v 1919.041382 528.057617 -27324.433594
v 2092.302734 528.057617 -27324.433594
v 2089.506836 522.930115 -27324.433594
v 2092.302734 394.489014 -27324.433594
v 2089.506836 394.488922 -27324.433594
v 2001.299683 401.789215 -27328.572266
v 1968.077393 401.789215 -27328.572266
v 1968.077393 401.789215 -27326.503906
v 2001.299683 401.789215 -27326.503906
v 1968.077393 517.793640 -27328.572266
v 1968.077393 517.793640 -27326.503906
v 2001.299683 517.793640 -27328.572266
v 2001.299683 517.793640 -27326.503906
v 2005.671875 522.930115 -27324.433594
v 2005.671875 394.488922 -27324.433594
v 1963.754639 522.930115 -27324.433594
v 1963.754639 394.488922 -27324.433594
v 1959.382202 401.789215 -27328.572266
v 1926.160034 401.789215 -27328.572266
v 1926.160034 401.789215 -27326.503906
v 1959.382202 401.789215 -27326.503906
v 1926.160034 517.793640 -27328.572266
v 1926.160034 517.793640 -27326.503906
v 1959.382202 517.793640 -27328.572266
v 1959.382202 517.793640 -27326.503906
v 1921.837036 522.930115 -27324.433594
v 1921.837036 394.488922 -27324.433594
v 2042.836670 401.789215 -27328.572266
v 2009.614258 401.789215 -27328.572266
v 2009.614258 401.789215 -27326.503906
v 2042.836670 401.789215 -27326.503906
v 2009.614258 517.793518 -27328.572266
v 2009.614258 517.793518 -27326.503906
v 2042.836670 517.793518 -27328.572266
v 2042.836670 517.793518 -27326.503906
v 2047.589478 522.930054 -27324.433594
v 2047.589478 394.489014 -27324.433594
v 2005.671875 394.489014 -27324.433594
v 2084.754150 401.789337 -27328.572266
v 2051.531738 401.789337 -27328.572266
v 2051.531738 401.789337 -27326.503906
v 2084.754150 401.789337 -27326.503906
v 2051.531738 517.793518 -27328.572266
v 2051.531738 517.793518 -27326.503906
v 2084.754150 517.793518 -27328.572266
v 2084.754150 517.793518 -27326.503906
v 2089.506836 522.930054 -27324.433594
v 2089.506836 394.489014 -27324.433594
v 2089.506836 507.935211 -27328.572266
v 1921.837280 507.935211 -27328.572266
v 1921.837280 507.935211 -27324.433594
v 2089.506836 507.935211 -27324.433594
v 1921.837280 504.077515 -27328.572266
v 2089.506836 504.077515 -27328.572266
v 2089.506836 504.077515 -27324.433594
v 1921.837280 504.077515 -27324.433594
v 2089.506836 415.618622 -27328.572266
v 1921.837280 415.618622 -27328.572266
v 1921.837280 415.618622 -27324.433594
v 2089.506836 415.618622 -27324.433594
v 1921.837280 411.407410 -27328.572266
v 2089.506836 411.407410 -27328.572266
v 2089.506836 411.407410 -27324.433594
v 1921.837280 411.407410 -27324.433594
v 1926.159912 507.935211 -27326.916016
v 2084.754150 507.935211 -27326.916016
v 2084.754150 517.793640 -27326.916016
v 1926.159912 517.793640 -27326.916016
v 1926.159912 401.789215 -27326.916016
v 2084.754150 401.789215 -27326.916016
v 2084.754150 411.647614 -27326.916016
v 1926.159912 411.647614 -27326.916016
v 1764.798950 539.226624 -27328.572266
v 1764.798950 573.125916 -27328.572266
v 1764.798950 573.125916 -27326.503906
v 1764.798950 539.226624 -27326.503906
v 1761.336182 539.226624 -27324.433594
v 1761.336182 573.125916 -27324.433594
v 1805.658936 539.226624 -27328.572266
v 1805.658936 573.125916 -27326.503906
v 1805.658936 573.125916 -27328.572266
v 1805.658936 539.226624 -27326.503906
v 1809.122070 539.226624 -27324.433594
v 1809.122070 573.125916 -27324.433594
v 1823.261353 539.226624 -27328.572266
v 1823.261353 573.125916 -27328.572266
v 1823.261353 573.125916 -27326.503906
v 1823.261353 539.226624 -27326.503906
v 1819.798584 539.226624 -27324.433594
v 1819.798584 573.125916 -27324.433594
v 1864.945557 539.226746 -27328.572266
v 1864.945557 573.125916 -27326.503906
v 1864.945557 573.125916 -27328.572266
v 1864.945557 539.226624 -27326.503906
v 1868.408325 539.226624 -27324.433594
v 1868.408325 573.125916 -27324.433594
v 1772.311646 394.489014 -27324.433594
v 1775.107300 394.488922 -27324.433594
v 1775.107300 522.930115 -27324.433594
v 1772.311646 528.057617 -27324.433594
v 1860.666016 528.057617 -27324.433594
v 1857.870361 522.930115 -27324.433594
v 1860.666016 394.489014 -27324.433594
v 1857.870361 394.488922 -27324.433594
v 1779.429932 401.789215 -27328.572266
v 1779.429932 517.793640 -27328.572266
v 1779.429932 517.793640 -27326.503906
v 1779.429932 401.789215 -27326.503906
v 1811.200317 517.793518 -27328.572266
v 1811.200317 401.789215 -27328.572266
v 1811.200317 401.789215 -27326.503906
v 1811.200317 517.793518 -27326.503906
v 1815.953003 522.930054 -27324.433594
v 1815.953003 394.489014 -27324.433594
v 1853.117554 401.789337 -27328.572266
v 1819.895386 401.789337 -27328.572266
v 1819.895386 401.789337 -27326.503906
v 1853.117554 401.789337 -27326.503906
v 1819.895386 517.793518 -27328.572266
v 1819.895386 517.793518 -27326.503906
v 1853.117554 517.793518 -27328.572266
v 1853.117554 517.793518 -27326.503906
v 1857.870239 522.930054 -27324.433594
v 1857.870239 394.489014 -27324.433594
v 1857.870361 507.935211 -27328.572266
v 1775.107300 507.935211 -27328.572266
v 1775.107300 507.935211 -27324.433594
v 1857.870361 507.935211 -27324.433594
v 1775.107300 504.077515 -27328.572266
v 1857.870361 504.077515 -27328.572266
v 1857.870361 504.077515 -27324.433594
v 1775.107300 504.077515 -27324.433594
v 1857.870361 415.618622 -27328.572266
v 1775.107300 415.618622 -27328.572266
v 1775.107300 415.618622 -27324.433594
v 1857.870361 415.618622 -27324.433594
v 1775.107300 411.407410 -27328.572266
v 1857.870361 411.407410 -27328.572266
v 1857.870361 411.407410 -27324.433594
v 1775.107300 411.407410 -27324.433594
v 1779.429932 507.935211 -27326.916016
v 1853.117554 507.935211 -27326.916016
v 1853.117554 517.793640 -27326.916016
v 1779.429932 517.793640 -27326.916016
v 1779.429932 401.789215 -27326.916016
v 1853.117554 401.789215 -27326.916016
v 1853.117554 411.647614 -27326.916016
v 1779.429932 411.647614 -27326.916016
v 1812.261597 517.793518 -27326.503906
v 1817.014160 522.930054 -27324.433594
v 1775.096802 522.930054 -27324.433594
v 1779.039185 517.793518 -27326.503906
v 2365.307617 539.226746 -27328.564453
v 2365.307617 573.126038 -27328.564453
v 2365.307617 573.126038 -27326.496094
v 2365.307617 539.226746 -27326.496094
v 2361.844727 539.226746 -27324.427734
v 2361.844727 573.126038 -27324.427734
v 2406.167725 539.226746 -27328.564453
v 2406.167725 573.126038 -27326.496094
v 2406.167725 573.126038 -27328.564453
v 2406.167725 539.226746 -27326.496094
v 2409.630615 539.226746 -27324.427734
v 2409.630615 573.126038 -27324.427734
v 2423.770020 539.226746 -27328.564453
v 2423.770020 573.126038 -27328.564453
v 2423.770020 573.126038 -27326.496094
v 2423.770020 539.226746 -27326.496094
v 2420.307129 539.226746 -27324.427734
v 2420.307129 573.126038 -27324.427734
v 2465.128418 539.226746 -27328.564453
v 2465.128418 573.126038 -27326.496094
v 2465.128418 573.126038 -27328.564453
v 2465.128418 539.226746 -27326.496094
v 2468.591309 539.226746 -27324.427734
v 2468.591309 573.126038 -27324.427734
v 2482.730713 539.226746 -27328.564453
v 2482.730713 573.126038 -27328.564453
v 2482.730713 573.126038 -27326.496094
v 2482.730713 539.226746 -27326.496094
v 2479.267822 539.226746 -27324.427734
v 2479.267822 573.126038 -27324.427734
v 2523.590576 539.226746 -27328.564453
v 2523.590576 573.126038 -27326.496094
v 2523.590576 573.126038 -27328.564453
v 2523.590576 539.226746 -27326.496094
v 2527.053711 539.226746 -27324.427734
v 2527.053711 573.126038 -27324.427734
v 2357.818359 345.003418 -27324.427734
v 2360.614502 345.003326 -27324.427734
v 2360.614502 522.930237 -27324.427734
v 2357.818359 528.057617 -27324.427734
v 2531.079834 528.057617 -27324.427734
v 2528.284180 522.930237 -27324.427734
v 2531.079834 345.003418 -27324.427734
v 2528.284180 345.003326 -27324.427734
v 2440.076660 350.918823 -27328.564453
v 2406.854492 350.918823 -27328.564453
v 2406.854492 350.918823 -27326.496094
v 2440.076660 350.918823 -27326.496094
v 2406.854492 517.793640 -27328.564453
v 2406.854492 517.793640 -27326.496094
v 2440.076660 517.793640 -27328.564453
v 2440.076660 517.793640 -27326.496094
v 2444.449219 522.930237 -27324.427734
v 2444.449219 345.003326 -27324.427734
v 2402.531738 522.930237 -27324.427734
v 2402.531738 345.003326 -27324.427734
v 2398.159424 350.918823 -27328.564453
v 2364.937012 350.918823 -27328.564453
v 2364.937012 350.918915 -27326.496094
v 2398.159424 350.918915 -27326.496094
v 2364.937012 517.793640 -27328.564453
v 2364.937012 517.793640 -27326.496094
v 2398.159424 517.793640 -27328.564453
v 2398.159424 517.793640 -27326.496094
v 2360.614258 522.930237 -27324.427734
v 2360.614258 345.003326 -27324.427734
v 2481.613770 350.918915 -27328.564453
v 2448.391602 350.918915 -27328.564453
v 2448.391602 350.918915 -27326.496094
v 2481.613770 350.918915 -27326.496094
v 2448.391602 517.793640 -27328.564453
v 2448.391602 517.793640 -27326.496094
v 2481.613770 517.793640 -27328.564453
v 2481.613770 517.793640 -27326.496094
v 2486.366699 522.930115 -27324.427734
v 2486.366699 345.003418 -27324.427734
v 2444.449219 522.930115 -27324.427734
v 2444.449219 345.003418 -27324.427734
v 2523.531494 350.918915 -27328.564453
v 2490.309082 350.918915 -27328.564453
v 2490.309082 350.918915 -27326.496094
v 2523.531494 350.918915 -27326.496094
v 2490.309082 517.793640 -27328.564453
v 2490.309082 517.793640 -27326.496094
v 2523.531494 517.793640 -27328.564453
v 2523.531494 517.793640 -27326.496094
v 2528.284180 522.930115 -27324.427734
v 2528.284180 345.003418 -27324.427734
v 2528.284180 507.935211 -27328.564453
v 2360.614502 507.935211 -27328.564453
v 2360.614502 507.935211 -27324.427734
v 2528.284180 507.935211 -27324.427734
v 2360.614502 504.077637 -27328.564453
v 2528.284180 504.077515 -27328.564453
v 2528.284180 504.077515 -27324.427734
v 2360.614502 504.077637 -27324.427734
v 2528.284180 415.618622 -27328.564453
v 2360.614502 415.618622 -27328.564453
v 2360.614502 415.618622 -27324.427734
v 2528.284180 415.618622 -27324.427734
v 2360.614502 411.407410 -27328.564453
v 2528.284180 411.407410 -27328.564453
v 2528.284180 411.407410 -27324.427734
v 2360.614502 411.407410 -27324.427734
v 2528.284180 366.753540 -27328.564453
v 2360.614502 366.753540 -27328.564453
v 2360.614502 366.753540 -27324.427734
v 2528.284180 366.753540 -27324.427734
v 2360.614502 360.777222 -27328.564453
v 2528.284180 360.777222 -27328.564453
v 2528.284180 360.777222 -27324.427734
v 2360.614502 360.777222 -27324.427734
v 2528.284180 401.549011 -27328.564453
v 2360.614502 401.549011 -27328.564453
v 2360.614502 401.549011 -27324.427734
v 2528.284180 401.549011 -27324.427734
v 2360.614502 397.486237 -27328.564453
v 2528.284180 397.486237 -27328.564453
v 2528.284180 397.486237 -27324.427734
v 2360.614502 397.486237 -27324.427734
v 2364.937012 507.935211 -27326.910156
v 2523.531494 507.935211 -27326.910156
v 2523.531494 517.793640 -27326.910156
v 2364.937012 517.793640 -27326.910156
v 2364.937012 350.918823 -27326.910156
v 2523.531494 350.918823 -27326.910156
v 2523.531494 411.407410 -27326.910156
v 2364.937012 411.407410 -27326.910156
v 2394.676758 381.650940 -27328.564453
v 2393.617432 386.890625 -27328.564453
v 2393.617432 386.890625 -27326.496094
v 2394.676758 381.650940 -27326.496094
v 2390.729492 391.172119 -27328.564453
v 2390.729492 391.172119 -27326.496094
v 2386.447998 394.060120 -27328.564453
v 2386.447998 394.060120 -27326.496094
v 2381.208252 395.119415 -27328.564453
v 2381.208252 395.119415 -27326.496094
v 2375.968750 394.060120 -27328.564453
v 2375.968750 394.060120 -27326.496094
v 2371.687012 391.172119 -27328.564453
v 2371.687012 391.172119 -27326.496094
v 2368.799072 386.890625 -27328.564453
v 2368.799072 386.890625 -27326.496094
v 2367.739746 381.650940 -27328.564453
v 2367.739746 381.650940 -27326.496094
v 2368.799072 376.411224 -27328.564453
v 2368.799072 376.411224 -27326.496094
v 2371.687012 372.129730 -27328.564453
v 2371.687012 372.129730 -27326.496094
v 2375.968750 369.241730 -27328.564453
v 2375.968750 369.241730 -27326.496094
v 2381.208252 368.182312 -27328.564453
v 2381.208252 368.182312 -27326.496094
v 2386.447998 369.241730 -27328.564453
v 2386.447998 369.241730 -27326.496094
v 2390.729492 372.129730 -27328.564453
v 2390.729492 372.129730 -27326.496094
v 2393.617432 376.411224 -27328.564453
v 2393.617432 376.411224 -27326.496094
v 2436.594238 381.650940 -27328.564453
v 2435.534912 386.890625 -27328.564453
v 2435.534912 386.890625 -27326.496094
v 2436.594238 381.650940 -27326.496094
v 2432.646973 391.172119 -27328.564453
v 2432.646973 391.172119 -27326.496094
v 2428.365479 394.060120 -27328.564453
v 2428.365479 394.060120 -27326.496094
v 2423.125732 395.119415 -27328.564453
v 2423.125732 395.119415 -27326.496094
v 2417.886230 394.060120 -27328.564453
v 2417.886230 394.060120 -27326.496094
v 2413.604492 391.172119 -27328.564453
v 2413.604492 391.172119 -27326.496094
v 2410.716553 386.890625 -27328.564453
v 2410.716553 386.890625 -27326.496094
v 2409.657227 381.650940 -27328.564453
v 2409.657227 381.650940 -27326.496094
v 2410.716553 376.411224 -27328.564453
v 2410.716553 376.411224 -27326.496094
v 2413.604492 372.129730 -27328.564453
v 2413.604492 372.129730 -27326.496094
v 2417.886230 369.241730 -27328.564453
v 2417.886230 369.241730 -27326.496094
v 2423.125732 368.182312 -27328.564453
v 2423.125732 368.182312 -27326.496094
v 2428.365479 369.241730 -27328.564453
v 2428.365479 369.241730 -27326.496094
v 2432.646973 372.129730 -27328.564453
v 2432.646973 372.129730 -27326.496094
v 2435.534912 376.411224 -27328.564453
v 2435.534912 376.411224 -27326.496094
v 2478.511963 381.650940 -27328.564453
v 2477.452637 386.890625 -27328.564453
v 2477.452637 386.890625 -27326.496094
v 2478.511963 381.650940 -27326.496094
v 2474.564453 391.172119 -27328.564453
v 2474.564453 391.172119 -27326.496094
v 2470.283203 394.060120 -27328.564453
v 2470.283203 394.060120 -27326.496094
v 2465.043457 395.119415 -27328.564453
v 2465.043457 395.119415 -27326.496094
v 2459.803711 394.060120 -27328.564453
v 2459.803711 394.060120 -27326.496094
v 2455.522217 391.172119 -27328.564453
v 2455.522217 391.172119 -27326.496094
v 2452.634033 386.890625 -27328.564453
v 2452.634033 386.890625 -27326.496094
v 2451.574707 381.650940 -27328.564453
v 2451.574707 381.650940 -27326.496094
v 2452.634033 376.411224 -27328.564453
v 2452.634033 376.411224 -27326.496094
v 2455.522217 372.129730 -27328.564453
v 2455.522217 372.129730 -27326.496094
v 2459.803711 369.241730 -27328.564453
v 2459.803711 369.241730 -27326.496094
v 2465.043457 368.182312 -27328.564453
v 2465.043457 368.182312 -27326.496094
v 2470.283203 369.241730 -27328.564453
v 2470.283203 369.241730 -27326.496094
v 2474.564453 372.129730 -27328.564453
v 2474.564453 372.129730 -27326.496094
v 2477.452637 376.411224 -27328.564453
v 2477.452637 376.411224 -27326.496094
v 2520.429199 381.650940 -27328.564453
v 2519.370117 386.890625 -27328.564453
v 2519.370117 386.890625 -27326.496094
v 2520.429199 381.650940 -27326.496094
v 2516.481934 391.172119 -27328.564453
v 2516.481934 391.172119 -27326.496094
v 2512.200439 394.060120 -27328.564453
v 2512.200439 394.060120 -27326.496094
v 2506.960693 395.119415 -27328.564453
v 2506.960693 395.119415 -27326.496094
v 2501.720947 394.060120 -27328.564453
v 2501.720947 394.060120 -27326.496094
v 2497.439453 391.172119 -27328.564453
v 2497.439453 391.172119 -27326.496094
v 2494.551270 386.890625 -27328.564453
v 2494.551270 386.890625 -27326.496094
v 2493.492188 381.650940 -27328.564453
v 2493.492188 381.650940 -27326.496094
v 2494.551270 376.411224 -27328.564453
v 2494.551270 376.411224 -27326.496094
v 2497.439453 372.129730 -27328.564453
v 2497.439453 372.129730 -27326.496094
v 2501.720947 369.241730 -27328.564453
v 2501.720947 369.241730 -27326.496094
v 2506.960693 368.182312 -27328.564453
v 2506.960693 368.182312 -27326.496094
v 2512.200439 369.241730 -27328.564453
v 2512.200439 369.241730 -27326.496094
v 2516.481934 372.129730 -27328.564453
v 2516.481934 372.129730 -27326.496094
v 2519.370117 376.411224 -27328.564453
v 2519.370117 376.411224 -27326.496094
v 2585.000977 539.226746 -27328.564453
v 2585.000977 573.126038 -27328.564453
v 2585.000977 573.126038 -27326.496094
v 2585.000977 539.226746 -27326.496094
v 2581.538086 539.226746 -27324.427734
v 2581.538086 573.126038 -27324.427734
v 2625.860840 539.226746 -27328.564453
v 2625.860840 573.126038 -27326.496094
v 2625.860840 573.126038 -27328.564453
v 2625.860840 539.226746 -27326.496094
v 2629.323975 539.226746 -27324.427734
v 2629.323975 573.126038 -27324.427734
v 2643.463379 539.226746 -27328.564453
v 2643.463379 573.126038 -27328.564453
v 2643.463379 573.126038 -27326.496094
v 2643.463379 539.226746 -27326.496094
v 2640.000488 539.226746 -27324.427734
v 2640.000488 573.126038 -27324.427734
v 2684.821533 539.226746 -27328.564453
v 2684.821533 573.126038 -27326.496094
v 2684.821533 573.126038 -27328.564453
v 2684.821533 539.226746 -27326.496094
v 2688.284668 539.226746 -27324.427734
v 2688.284668 573.126038 -27324.427734
v 2702.424072 539.226746 -27328.564453
v 2702.424072 573.126038 -27328.564453
v 2702.424072 573.126038 -27326.496094
v 2702.424072 539.226746 -27326.496094
v 2698.961182 539.226746 -27324.427734
v 2698.961182 573.126038 -27324.427734
v 2743.283936 539.226746 -27328.564453
v 2743.283936 573.126038 -27326.496094
v 2743.283936 573.126038 -27328.564453
v 2743.283936 539.226746 -27326.496094
v 2746.747070 539.226746 -27324.427734
v 2746.747070 573.126038 -27324.427734
v 2577.511719 345.003418 -27324.427734
v 2580.307617 345.003326 -27324.427734
v 2580.307617 522.930237 -27324.427734
v 2577.511719 528.057617 -27324.427734
v 2750.773193 528.057617 -27324.427734
v 2747.977295 522.930237 -27324.427734
v 2750.773193 345.003418 -27324.427734
v 2747.977295 345.003326 -27324.427734
v 2659.770020 350.918823 -27328.564453
v 2626.547852 350.918823 -27328.564453
v 2626.547852 350.918823 -27326.496094
v 2659.770020 350.918823 -27326.496094
v 2626.547852 517.793640 -27328.564453
v 2626.547852 517.793640 -27326.496094
v 2659.770020 517.793640 -27328.564453
v 2659.770020 517.793640 -27326.496094
v 2664.142334 522.930237 -27324.427734
v 2664.142334 345.003326 -27324.427734
v 2622.225098 522.930237 -27324.427734
v 2622.225098 345.003326 -27324.427734
v 2617.852539 350.918823 -27328.564453
v 2584.630371 350.918823 -27328.564453
v 2584.630371 350.918915 -27326.496094
v 2617.852539 350.918915 -27326.496094
v 2584.630371 517.793640 -27328.564453
v 2584.630371 517.793640 -27326.496094
v 2617.852539 517.793640 -27328.564453
v 2617.852539 517.793640 -27326.496094
v 2701.307129 350.918915 -27328.564453
v 2668.084717 350.918915 -27328.564453
v 2668.084717 350.918915 -27326.496094
v 2701.307129 350.918915 -27326.496094
v 2668.084717 517.793640 -27328.564453
v 2668.084717 517.793640 -27326.496094
v 2701.307129 517.793640 -27328.564453
v 2701.307129 517.793640 -27326.496094
v 2706.060059 522.930115 -27324.427734
v 2706.060059 345.003418 -27324.427734
v 2664.142334 522.930115 -27324.427734
v 2664.142334 345.003418 -27324.427734
v 2743.224609 350.918915 -27328.564453
v 2710.002197 350.918915 -27328.564453
v 2710.002197 350.918915 -27326.496094
v 2743.224609 350.918915 -27326.496094
v 2710.002197 517.793640 -27328.564453
v 2710.002197 517.793640 -27326.496094
v 2743.224609 517.793640 -27328.564453
v 2743.224609 517.793640 -27326.496094
v 2747.977295 522.930115 -27324.427734
v 2747.977295 345.003418 -27324.427734
v 2747.977295 507.935211 -27328.564453
v 2580.307617 507.935211 -27328.564453
v 2580.307617 507.935211 -27324.427734
v 2747.977295 507.935211 -27324.427734
v 2580.307617 504.077637 -27328.564453
v 2747.977295 504.077515 -27328.564453
v 2747.977295 504.077515 -27324.427734
v 2580.307617 504.077637 -27324.427734
v 2747.977295 415.618622 -27328.564453
v 2580.307617 415.618622 -27328.564453
v 2580.307617 415.618622 -27324.427734
v 2747.977295 415.618622 -27324.427734
v 2580.307617 411.407410 -27328.564453
v 2747.977295 411.407410 -27328.564453
v 2747.977295 411.407410 -27324.427734
v 2580.307617 411.407410 -27324.427734
v 2747.977295 366.753540 -27328.564453
v 2580.307617 366.753540 -27328.564453
v 2580.307617 366.753540 -27324.427734
v 2747.977295 366.753540 -27324.427734
v 2580.307617 360.777222 -27328.564453
v 2747.977295 360.777222 -27328.564453
v 2747.977295 360.777222 -27324.427734
v 2580.307617 360.777222 -27324.427734
v 2747.977295 401.549011 -27328.564453
v 2580.307617 401.549011 -27328.564453
v 2580.307617 401.549011 -27324.427734
v 2747.977295 401.549011 -27324.427734
v 2580.307617 397.486237 -27328.564453
v 2747.977295 397.486237 -27328.564453
v 2747.977295 397.486237 -27324.427734
v 2580.307617 397.486237 -27324.427734
v 2584.630371 507.935211 -27326.910156
v 2743.224609 507.935211 -27326.910156
v 2743.224609 517.793640 -27326.910156
v 2584.630371 517.793640 -27326.910156
v 2584.630371 350.918823 -27326.910156
v 2743.224609 350.918823 -27326.910156
v 2743.224609 411.407410 -27326.910156
v 2584.630371 411.407410 -27326.910156
v 2614.370117 381.650940 -27328.564453
v 2613.310791 386.890625 -27328.564453
v 2613.310791 386.890625 -27326.496094
v 2614.370117 381.650940 -27326.496094
v 2610.422852 391.172119 -27328.564453
v 2610.422852 391.172119 -27326.496094
v 2606.141357 394.060120 -27328.564453
v 2606.141357 394.060120 -27326.496094
v 2600.901611 395.119415 -27328.564453
v 2600.901611 395.119415 -27326.496094
v 2595.661865 394.060120 -27328.564453
v 2595.661865 394.060120 -27326.496094
v 2591.380371 391.172119 -27328.564453
v 2591.380371 391.172119 -27326.496094
v 2588.492432 386.890625 -27328.564453
v 2588.492432 386.890625 -27326.496094
v 2587.433105 381.650940 -27328.564453
v 2587.433105 381.650940 -27326.496094
v 2588.492432 376.411224 -27328.564453
v 2588.492432 376.411224 -27326.496094
v 2591.380371 372.129730 -27328.564453
v 2591.380371 372.129730 -27326.496094
v 2595.661865 369.241730 -27328.564453
v 2595.661865 369.241730 -27326.496094
v 2600.901611 368.182312 -27328.564453
v 2600.901611 368.182312 -27326.496094
v 2606.141357 369.241730 -27328.564453
v 2606.141357 369.241730 -27326.496094
v 2610.422852 372.129730 -27328.564453
v 2610.422852 372.129730 -27326.496094
v 2613.310791 376.411224 -27328.564453
v 2613.310791 376.411224 -27326.496094
v 2656.287598 381.650940 -27328.564453
v 2655.228271 386.890625 -27328.564453
v 2655.228271 386.890625 -27326.496094
v 2656.287598 381.650940 -27326.496094
v 2652.340332 391.172119 -27328.564453
v 2652.340332 391.172119 -27326.496094
v 2648.058838 394.060120 -27328.564453
v 2648.058838 394.060120 -27326.496094
v 2642.819092 395.119415 -27328.564453
v 2642.819092 395.119415 -27326.496094
v 2637.579346 394.060120 -27328.564453
v 2637.579346 394.060120 -27326.496094
v 2633.297852 391.172119 -27328.564453
v 2633.297852 391.172119 -27326.496094
v 2630.409912 386.890625 -27328.564453
v 2630.409912 386.890625 -27326.496094
v 2629.350586 381.650940 -27328.564453
v 2629.350586 381.650940 -27326.496094
v 2630.409912 376.411224 -27328.564453
v 2630.409912 376.411224 -27326.496094
v 2633.297852 372.129730 -27328.564453
v 2633.297852 372.129730 -27326.496094
v 2637.579346 369.241730 -27328.564453
v 2637.579346 369.241730 -27326.496094
v 2642.819092 368.182312 -27328.564453
v 2642.819092 368.182312 -27326.496094
v 2648.058838 369.241730 -27328.564453
v 2648.058838 369.241730 -27326.496094
v 2652.340332 372.129730 -27328.564453
v 2652.340332 372.129730 -27326.496094
v 2655.228271 376.411224 -27328.564453
v 2655.228271 376.411224 -27326.496094
v 2698.205322 381.650940 -27328.564453
v 2697.145996 386.890625 -27328.564453
v 2697.145996 386.890625 -27326.496094
v 2698.205322 381.650940 -27326.496094
v 2694.257812 391.172119 -27328.564453
v 2694.257812 391.172119 -27326.496094
v 2689.976318 394.060120 -27328.564453
v 2689.976318 394.060120 -27326.496094
v 2684.736572 395.119415 -27328.564453
v 2684.736572 395.119415 -27326.496094
v 2679.497070 394.060120 -27328.564453
v 2679.497070 394.060120 -27326.496094
v 2675.215332 391.172119 -27328.564453
v 2675.215332 391.172119 -27326.496094
v 2672.327393 386.890625 -27328.564453
v 2672.327393 386.890625 -27326.496094
v 2671.268066 381.650940 -27328.564453
v 2671.268066 381.650940 -27326.496094
v 2672.327393 376.411224 -27328.564453
v 2672.327393 376.411224 -27326.496094
v 2675.215332 372.129730 -27328.564453
v 2675.215332 372.129730 -27326.496094
v 2679.497070 369.241730 -27328.564453
v 2679.497070 369.241730 -27326.496094
v 2684.736572 368.182312 -27328.564453
v 2684.736572 368.182312 -27326.496094
v 2689.976318 369.241730 -27328.564453
v 2689.976318 369.241730 -27326.496094
v 2694.257812 372.129730 -27328.564453
v 2694.257812 372.129730 -27326.496094
v 2697.145996 376.411224 -27328.564453
v 2697.145996 376.411224 -27326.496094
v 2740.122559 381.650940 -27328.564453
v 2739.063232 386.890625 -27328.564453
v 2739.063232 386.890625 -27326.496094
v 2740.122559 381.650940 -27326.496094
v 2736.175049 391.172119 -27328.564453
v 2736.175049 391.172119 -27326.496094
v 2731.893799 394.060120 -27328.564453
v 2731.893799 394.060120 -27326.496094
v 2726.654053 395.119415 -27328.564453
v 2726.654053 395.119415 -27326.496094
v 2721.414307 394.060120 -27328.564453
v 2721.414307 394.060120 -27326.496094
v 2717.132812 391.172119 -27328.564453
v 2717.132812 391.172119 -27326.496094
v 2714.244873 386.890625 -27328.564453
v 2714.244873 386.890625 -27326.496094
v 2713.185547 381.650940 -27328.564453
v 2713.185547 381.650940 -27326.496094
v 2714.244873 376.411224 -27328.564453
v 2714.244873 376.411224 -27326.496094
v 2717.132812 372.129730 -27328.564453
v 2717.132812 372.129730 -27326.496094
v 2721.414307 369.241730 -27328.564453
v 2721.414307 369.241730 -27326.496094
v 2726.654053 368.182312 -27328.564453
v 2726.654053 368.182312 -27326.496094
v 2731.893799 369.241730 -27328.564453
v 2731.893799 369.241730 -27326.496094
v 2736.175049 372.129730 -27328.564453
v 2736.175049 372.129730 -27326.496094
v 2739.063232 376.411224 -27328.564453
v 2739.063232 376.411224 -27326.496094
v 2804.694336 539.226746 -27328.564453
v 2804.694336 573.126038 -27328.564453
v 2804.694336 573.126038 -27326.496094
v 2804.694336 539.226746 -27326.496094
v 2801.231445 539.226746 -27324.427734
v 2801.231445 573.126038 -27324.427734
v 2918.093506 539.226746 -27328.564453
v 2918.093506 573.126038 -27326.496094
v 2918.093506 573.126038 -27328.564453
v 2918.093506 539.226746 -27326.496094
v 2921.556396 539.226746 -27324.427734
v 2921.556396 573.126038 -27324.427734
v 2935.695801 539.226746 -27328.564453
v 2935.695801 573.126038 -27328.564453
v 2935.695801 573.126038 -27326.496094
v 2935.695801 539.226746 -27326.496094
v 2932.232910 539.226746 -27324.427734
v 2932.232910 573.126038 -27324.427734
v 2977.054199 539.226746 -27328.564453
v 2977.054199 573.126038 -27326.496094
v 2977.054199 573.126038 -27328.564453
v 2977.054199 539.226746 -27326.496094
v 2980.517090 539.226746 -27324.427734
v 2980.517090 573.126038 -27324.427734
v 2994.656494 539.226746 -27328.564453
v 2994.656494 573.126038 -27328.564453
v 2994.656494 573.126038 -27326.496094
v 2994.656494 539.226746 -27326.496094
v 2991.193604 539.226746 -27324.427734
v 2991.193604 573.126038 -27324.427734
v 3115.106445 539.226746 -27328.564453
v 3115.106445 573.126038 -27326.496094
v 3115.106445 573.126038 -27328.564453
v 3115.106445 539.226746 -27326.496094
v 3118.569336 539.226746 -27324.427734
v 3118.569336 573.126038 -27324.427734
v 2797.205322 345.003418 -27324.427734
v 2800.000977 345.003326 -27324.427734
v 2800.000977 522.930237 -27324.427734
v 2797.205322 528.057617 -27324.427734
v 3122.595459 528.057617 -27324.427734
v 3119.799805 522.930237 -27324.427734
v 3122.595459 345.003418 -27324.427734
v 3119.799805 345.003326 -27324.427734
v 2957.784912 350.918823 -27328.564453
v 2885.224121 350.918823 -27328.564453
v 2885.224121 350.918823 -27326.496094
v 2957.784912 350.918823 -27326.496094
v 2885.224121 517.793640 -27328.564453
v 2885.224121 517.793640 -27326.496094
v 2961.942627 517.793640 -27328.564453
v 2961.942627 517.793640 -27326.496094
v 2962.157227 522.930237 -27324.427734
v 2880.901367 522.930237 -27324.427734
v 2880.901367 345.003326 -27324.427734
v 2962.157227 345.003326 -27324.427734
v 2876.528809 350.918823 -27328.564453
v 2804.323730 350.918823 -27328.564453
v 2804.323730 350.918915 -27326.496094
v 2876.528809 350.918915 -27326.496094
v 2804.323730 517.793640 -27328.564453
v 2804.323730 517.793640 -27326.496094
v 2876.528809 517.793640 -27328.564453
v 2876.528809 517.793640 -27326.496094
v 3035.396484 350.918915 -27328.564453
v 2966.099609 350.918915 -27328.564453
v 2966.099609 350.918915 -27326.496094
v 3035.396484 350.918915 -27326.496094
v 3035.396484 517.793640 -27328.564453
v 3035.396484 517.793640 -27326.496094
v 3040.149414 522.930115 -27324.427734
v 3040.149414 345.003418 -27324.427734
v 2962.157227 522.930115 -27324.427734
v 2962.157227 345.003418 -27324.427734
v 3115.047119 350.918915 -27328.564453
v 3044.091797 350.918915 -27328.564453
v 3044.091797 350.918915 -27326.496094
v 3115.047119 350.918915 -27326.496094
v 3044.091797 517.793640 -27328.564453
v 3044.091797 517.793640 -27326.496094
v 3115.047119 517.793640 -27328.564453
v 3115.047119 517.793640 -27326.496094
v 3119.799805 522.930115 -27324.427734
v 3119.799805 345.003418 -27324.427734
v 3119.799805 415.618622 -27328.564453
v 2800.000977 415.618622 -27328.564453
v 2800.000977 415.618622 -27324.427734
v 3119.799805 415.618622 -27324.427734
v 2800.000977 411.407410 -27328.564453
v 3119.799805 411.407410 -27328.564453
v 3119.799805 411.407410 -27324.427734
v 2800.000977 411.407410 -27324.427734
v 3119.799805 366.753540 -27328.564453
v 2800.000977 366.753540 -27328.564453
v 2800.000977 366.753540 -27324.427734
v 3119.799805 366.753540 -27324.427734
v 2800.000977 360.777222 -27328.564453
v 3119.799805 360.777222 -27328.564453
v 3119.799805 360.777222 -27324.427734
v 2800.000977 360.777222 -27324.427734
v 3119.799805 401.549011 -27328.564453
v 2800.000977 401.549011 -27328.564453
v 2800.000977 401.549011 -27324.427734
v 3119.799805 401.549011 -27324.427734
v 2800.000977 397.486237 -27328.564453
v 3119.799805 397.486237 -27328.564453
v 3119.799805 397.486237 -27324.427734
v 2800.000977 397.486237 -27324.427734
v 2804.323730 350.918823 -27326.910156
v 3115.047119 350.918823 -27326.910156
v 3115.047119 411.407410 -27326.910156
v 2804.323730 411.407410 -27326.910156
v 2854.620117 381.650940 -27328.564453
v 2853.560547 386.890625 -27328.564453
v 2853.560547 386.890625 -27326.496094
v 2854.620117 381.650940 -27326.496094
v 2850.672607 391.172119 -27328.564453
v 2850.672607 391.172119 -27326.496094
v 2846.391113 394.060120 -27328.564453
v 2846.391113 394.060120 -27326.496094
v 2841.151367 395.119415 -27328.564453
v 2841.151367 395.119415 -27326.496094
v 2835.911621 394.060120 -27328.564453
v 2835.911621 394.060120 -27326.496094
v 2831.630127 391.172119 -27328.564453
v 2831.630127 391.172119 -27326.496094
v 2828.742188 386.890625 -27328.564453
v 2828.742188 386.890625 -27326.496094
v 2827.682861 381.650940 -27328.564453
v 2827.682861 381.650940 -27326.496094
v 2828.742188 376.411224 -27328.564453
v 2828.742188 376.411224 -27326.496094
v 2831.630127 372.129730 -27328.564453
v 2831.630127 372.129730 -27326.496094
v 2835.911621 369.241730 -27328.564453
v 2835.911621 369.241730 -27326.496094
v 2841.151367 368.182312 -27328.564453
v 2841.151367 368.182312 -27326.496094
v 2846.391113 369.241730 -27328.564453
v 2846.391113 369.241730 -27326.496094
v 2850.672607 372.129730 -27328.564453
v 2850.672607 372.129730 -27326.496094
v 2853.560547 376.411224 -27328.564453
v 2853.560547 376.411224 -27326.496094
v 2935.311523 381.650940 -27328.564453
v 2934.252197 386.890625 -27328.564453
v 2934.252197 386.890625 -27326.496094
v 2935.311523 381.650940 -27326.496094
v 2931.364014 391.172119 -27328.564453
v 2931.364014 391.172119 -27326.496094
v 2927.082520 394.060120 -27328.564453
v 2927.082520 394.060120 -27326.496094
v 2921.843018 395.119415 -27328.564453
v 2921.843018 395.119537 -27326.496094
v 2916.603271 394.060120 -27328.564453
v 2916.603271 394.060120 -27326.496094
v 2912.321777 391.172119 -27328.564453
v 2912.321777 391.172119 -27326.496094
v 2909.433594 386.890625 -27328.564453
v 2909.433594 386.890625 -27326.496094
v 2908.374268 381.650940 -27328.564453
v 2908.374268 381.650940 -27326.496094
v 2909.433594 376.411224 -27328.564453
v 2909.433594 376.411224 -27326.496094
v 2912.321777 372.129730 -27328.564453
v 2912.321777 372.129730 -27326.496094
v 2916.603271 369.241730 -27328.564453
v 2916.603271 369.241730 -27326.496094
v 2921.843018 368.182312 -27328.564453
v 2921.843018 368.182312 -27326.496094
v 2927.082520 369.241730 -27328.564453
v 2927.082520 369.241730 -27326.496094
v 2931.364014 372.129730 -27328.564453
v 2931.364014 372.129730 -27326.496094
v 2934.252197 376.411224 -27328.564453
v 2934.252197 376.411224 -27326.496094
v 3014.389648 381.650940 -27328.564453
v 3013.330322 386.890625 -27328.564453
v 3013.330322 386.890625 -27326.496094
v 3014.389648 381.650940 -27326.496094
v 3010.442139 391.172119 -27328.564453
v 3010.442139 391.172119 -27326.496094
v 3006.160645 394.060120 -27328.564453
v 3006.160645 394.060120 -27326.496094
v 3000.921143 395.119415 -27328.564453
v 3000.921143 395.119415 -27326.496094
v 2995.681152 394.060120 -27328.564453
v 2995.681152 394.060120 -27326.496094
v 2991.399902 391.172119 -27328.564453
v 2991.399902 391.172119 -27326.496094
v 2988.511719 386.890625 -27328.564453
v 2988.511719 386.890625 -27326.496094
v 2987.452393 381.650940 -27328.564453
v 2987.452393 381.650940 -27326.496094
v 2988.511719 376.411224 -27328.564453
v 2988.511719 376.411224 -27326.496094
v 2991.399902 372.129730 -27328.564453
v 2991.399902 372.129730 -27326.496094
v 2995.681152 369.241730 -27328.564453
v 2995.681152 369.241730 -27326.496094
v 3000.921143 368.182312 -27328.564453
v 3000.921143 368.182312 -27326.496094
v 3006.160645 369.241730 -27328.564453
v 3006.160645 369.241730 -27326.496094
v 3010.442139 372.129730 -27328.564453
v 3010.442139 372.129730 -27326.496094
v 3013.330322 376.411224 -27328.564453
v 3013.330322 376.411224 -27326.496094
v 3092.938477 381.650940 -27328.564453
v 3091.879150 386.890625 -27328.564453
v 3091.879150 386.890625 -27326.496094
v 3092.938477 381.650940 -27326.496094
v 3088.990967 391.172119 -27328.564453
v 3088.990967 391.172119 -27326.496094
v 3084.709717 394.060120 -27328.564453
v 3084.709717 394.060120 -27326.496094
v 3079.469971 395.119415 -27328.564453
v 3079.469971 395.119537 -27326.496094
v 3074.230225 394.060120 -27328.564453
v 3074.230225 394.060120 -27326.496094
v 3069.948730 391.172119 -27328.564453
v 3069.948730 391.172119 -27326.496094
v 3067.060791 386.890625 -27328.564453
v 3067.060791 386.890625 -27326.496094
v 3066.001465 381.650940 -27328.564453
v 3066.001465 381.650940 -27326.496094
v 3067.060791 376.411224 -27328.564453
v 3067.060791 376.411224 -27326.496094
v 3069.948730 372.129730 -27328.564453
v 3069.948730 372.129730 -27326.496094
v 3074.230225 369.241730 -27328.564453
v 3074.230225 369.241730 -27326.496094
v 3079.469971 368.182312 -27328.564453
v 3079.469971 368.182312 -27326.496094
v 3084.709717 369.241730 -27328.564453
v 3084.709717 369.241730 -27326.496094
v 3088.990967 372.129730 -27328.564453
v 3088.990967 372.129730 -27326.496094
v 3091.879150 376.411224 -27328.564453
v 3091.879150 376.411224 -27326.496094
v 2876.529053 507.935211 -27328.564453
v 2805.571289 507.935211 -27328.564453
v 2805.571289 507.935211 -27324.427734
v 2876.529053 507.935211 -27324.427734
v 2805.571289 504.077637 -27328.564453
v 2876.529053 504.077515 -27328.564453
v 2876.529053 504.077515 -27324.427734
v 2805.571289 504.077637 -27324.427734
v 3115.047852 507.935211 -27328.564453
v 3044.090088 507.935211 -27328.564453
v 3044.090088 507.935211 -27324.427734
v 3115.047852 507.935211 -27324.427734
v 3044.090088 504.077637 -27328.564453
v 3115.047852 504.077515 -27328.564453
v 3115.047852 504.077515 -27324.427734
v 3044.090088 504.077637 -27324.427734
v 2957.784912 475.413727 -27328.564453
v 2957.784912 475.413727 -27326.496094
v 2962.157227 479.774628 -27324.427734
v 2966.099609 475.413727 -27328.564453
v 2966.099609 475.413727 -27326.496094
v 2962.157227 479.774536 -27324.427734
v 3035.396240 479.774628 -27328.564453
v 2885.223145 479.774628 -27328.564453
v 2885.223145 479.774628 -27324.427734
v 3035.396240 479.774628 -27324.427734
v 2885.223145 475.916931 -27328.564453
v 3035.396240 475.916840 -27328.564453
v 3035.396240 475.916840 -27324.427734
v 2885.223145 475.916931 -27324.427734
v 2985.292969 517.793396 -27328.564453
v 2985.292969 479.774536 -27328.564453
v 2985.292969 479.774536 -27324.427734
v 2985.292969 517.793396 -27324.427734
v 2989.150635 479.774536 -27328.564453
v 2989.150635 517.793396 -27328.564453
v 2989.150635 517.793396 -27324.427734
v 2989.150635 479.774536 -27324.427734
v 2931.672119 517.793396 -27328.564453
v 2931.672119 479.774536 -27328.564453
v 2931.672119 479.774536 -27324.427734
v 2931.672119 517.793396 -27324.427734
v 2935.529785 479.774536 -27328.564453
v 2935.529785 517.793396 -27328.564453
v 2935.529785 517.793396 -27324.427734
v 2935.529785 479.774536 -27324.427734
v 3168.811768 539.226746 -27328.564453
v 3168.811768 573.126038 -27328.564453
v 3168.811768 573.126038 -27326.496094
v 3168.811768 539.226746 -27326.496094
v 3165.348877 539.226746 -27324.427734
v 3165.348877 573.126038 -27324.427734
v 3209.671631 539.226746 -27328.564453
v 3209.671631 573.126038 -27326.496094
v 3209.671631 573.126038 -27328.564453
v 3209.671631 539.226746 -27326.496094
v 3213.134766 539.226746 -27324.427734
v 3213.134766 573.126038 -27324.427734
v 3227.273926 539.226746 -27328.564453
v 3227.273926 573.126038 -27328.564453
v 3227.273926 573.126038 -27326.496094
v 3227.273926 539.226746 -27326.496094
v 3223.811035 539.226746 -27324.427734
v 3223.811035 573.126038 -27324.427734
v 3268.632324 539.226746 -27328.564453
v 3268.632324 573.126038 -27326.496094
v 3268.632324 573.126038 -27328.564453
v 3268.632324 539.226746 -27326.496094
v 3272.095215 539.226746 -27324.427734
v 3272.095215 573.126038 -27324.427734
v 3286.234619 539.226746 -27328.564453
v 3286.234619 573.126038 -27328.564453
v 3286.234619 573.126038 -27326.496094
v 3286.234619 539.226746 -27326.496094
v 3282.771729 539.226746 -27324.427734
v 3282.771729 573.126038 -27324.427734
v 3327.094727 539.226746 -27328.564453
v 3327.094727 573.126038 -27326.496094
v 3327.094727 573.126038 -27328.564453
v 3327.094727 539.226746 -27326.496094
v 3330.557617 539.226746 -27324.427734
v 3330.557617 573.126038 -27324.427734
v 3161.322510 345.003418 -27324.427734
v 3164.118408 345.003326 -27324.427734
v 3164.118408 522.930237 -27324.427734
v 3161.322510 528.057617 -27324.427734
v 3334.583984 528.057617 -27324.427734
v 3331.788086 522.930237 -27324.427734
v 3334.583984 345.003418 -27324.427734
v 3331.788086 345.003326 -27324.427734
v 3243.580811 350.918823 -27328.564453
v 3210.358398 350.918823 -27328.564453
v 3210.358398 350.918823 -27326.496094
v 3243.580811 350.918823 -27326.496094
v 3210.358398 517.793640 -27328.564453
v 3210.358398 517.793640 -27326.496094
v 3243.580811 517.793640 -27328.564453
v 3243.580811 517.793640 -27326.496094
v 3247.953125 522.930237 -27324.427734
v 3247.953125 345.003326 -27324.427734
v 3206.035889 522.930237 -27324.427734
v 3206.035889 345.003326 -27324.427734
v 3201.663330 350.918823 -27328.564453
v 3168.441162 350.918823 -27328.564453
v 3168.441162 350.918915 -27326.496094
v 3201.663330 350.918915 -27326.496094
v 3168.441162 517.793640 -27328.564453
v 3168.441162 517.793640 -27326.496094
v 3201.663330 517.793640 -27328.564453
v 3201.663330 517.793640 -27326.496094
v 3285.117920 350.918915 -27328.564453
v 3251.895508 350.918915 -27328.564453
v 3251.895508 350.918915 -27326.496094
v 3285.117920 350.918915 -27326.496094
v 3251.895508 517.793640 -27328.564453
v 3251.895508 517.793640 -27326.496094
v 3285.117920 517.793640 -27328.564453
v 3285.117920 517.793640 -27326.496094
v 3289.870605 522.930115 -27324.427734
v 3289.870605 345.003418 -27324.427734
v 3247.953125 522.930115 -27324.427734
v 3247.953125 345.003418 -27324.427734
v 3327.035400 350.918915 -27328.564453
v 3293.812988 350.918915 -27328.564453
v 3293.812988 350.918915 -27326.496094
v 3327.035400 350.918915 -27326.496094
v 3293.812988 517.793640 -27328.564453
v 3293.812988 517.793640 -27326.496094
v 3327.035400 517.793640 -27328.564453
v 3327.035400 517.793640 -27326.496094
v 3331.788086 522.930115 -27324.427734
v 3331.788086 345.003418 -27324.427734
v 3331.788086 507.935211 -27328.564453
v 3164.118408 507.935211 -27328.564453
v 3164.118408 507.935211 -27324.427734
v 3331.788086 507.935211 -27324.427734
v 3164.118408 504.077637 -27328.564453
v 3331.788086 504.077515 -27328.564453
v 3331.788086 504.077515 -27324.427734
v 3164.118408 504.077637 -27324.427734
v 3331.788086 415.618622 -27328.564453
v 3164.118408 415.618622 -27328.564453
v 3164.118408 415.618622 -27324.427734
v 3331.788086 415.618622 -27324.427734
v 3164.118408 411.407410 -27328.564453
v 3331.788086 411.407410 -27328.564453
v 3331.788086 411.407410 -27324.427734
v 3164.118408 411.407410 -27324.427734
v 3331.788086 366.753540 -27328.564453
v 3164.118408 366.753540 -27328.564453
v 3164.118408 366.753540 -27324.427734
v 3331.788086 366.753540 -27324.427734
v 3164.118408 360.777222 -27328.564453
v 3331.788086 360.777222 -27328.564453
v 3331.788086 360.777222 -27324.427734
v 3164.118408 360.777222 -27324.427734
v 3331.788086 401.549011 -27328.564453
v 3164.118408 401.549011 -27328.564453
v 3164.118408 401.549011 -27324.427734
v 3331.788086 401.549011 -27324.427734
v 3164.118408 397.486237 -27328.564453
v 3331.788086 397.486237 -27328.564453
v 3331.788086 397.486237 -27324.427734
v 3164.118408 397.486237 -27324.427734
v 3168.441162 507.935211 -27326.910156
v 3327.035400 507.935211 -27326.910156
v 3327.035400 517.793640 -27326.910156
v 3168.441162 517.793640 -27326.910156
v 3168.441162 350.918823 -27326.910156
v 3327.035400 350.918823 -27326.910156
v 3327.035400 411.407410 -27326.910156
v 3168.441162 411.407410 -27326.910156
v 3198.180908 381.650940 -27328.564453
v 3197.121582 386.890625 -27328.564453
v 3197.121582 386.890625 -27326.496094
v 3198.180908 381.650940 -27326.496094
v 3194.233643 391.172119 -27328.564453
v 3194.233643 391.172119 -27326.496094
v 3189.952148 394.060120 -27328.564453
v 3189.952148 394.060120 -27326.496094
v 3184.712402 395.119415 -27328.564453
v 3184.712402 395.119415 -27326.496094
v 3179.472656 394.060120 -27328.564453
v 3179.472656 394.060120 -27326.496094
v 3175.191162 391.172119 -27328.564453
v 3175.191162 391.172119 -27326.496094
v 3172.303223 386.890625 -27328.564453
v 3172.303223 386.890625 -27326.496094
v 3171.243896 381.650940 -27328.564453
v 3171.243896 381.650940 -27326.496094
v 3172.303223 376.411224 -27328.564453
v 3172.303223 376.411224 -27326.496094
v 3175.191162 372.129730 -27328.564453
v 3175.191162 372.129730 -27326.496094
v 3179.472656 369.241730 -27328.564453
v 3179.472656 369.241730 -27326.496094
v 3184.712402 368.182312 -27328.564453
v 3184.712402 368.182312 -27326.496094
v 3189.952148 369.241730 -27328.564453
v 3189.952148 369.241730 -27326.496094
v 3194.233643 372.129730 -27328.564453
v 3194.233643 372.129730 -27326.496094
v 3197.121582 376.411224 -27328.564453
v 3197.121582 376.411224 -27326.496094
v 3240.098389 381.650940 -27328.564453
v 3239.039062 386.890625 -27328.564453
v 3239.039062 386.890625 -27326.496094
v 3240.098389 381.650940 -27326.496094
v 3236.150879 391.172119 -27328.564453
v 3236.150879 391.172119 -27326.496094
v 3231.869385 394.060120 -27328.564453
v 3231.869385 394.060120 -27326.496094
v 3226.629883 395.119415 -27328.564453
v 3226.629883 395.119415 -27326.496094
v 3221.390137 394.060120 -27328.564453
v 3221.390137 394.060120 -27326.496094
v 3217.108643 391.172119 -27328.564453
v 3217.108643 391.172119 -27326.496094
v 3214.220459 386.890625 -27328.564453
v 3214.220459 386.890625 -27326.496094
v 3213.161133 381.650940 -27328.564453
v 3213.161133 381.650940 -27326.496094
v 3214.220459 376.411224 -27328.564453
v 3214.220459 376.411224 -27326.496094
v 3217.108643 372.129730 -27328.564453
v 3217.108643 372.129730 -27326.496094
v 3221.390137 369.241730 -27328.564453
v 3221.390137 369.241730 -27326.496094
v 3226.629883 368.182312 -27328.564453
v 3226.629883 368.182312 -27326.496094
v 3231.869385 369.241730 -27328.564453
v 3231.869385 369.241730 -27326.496094
v 3236.150879 372.129730 -27328.564453
v 3236.150879 372.129730 -27326.496094
v 3239.039062 376.411224 -27328.564453
v 3239.039062 376.411224 -27326.496094
v 3282.015869 381.650940 -27328.564453
v 3280.956543 386.890625 -27328.564453
v 3280.956543 386.890625 -27326.496094
v 3282.015869 381.650940 -27326.496094
v 3278.068359 391.172119 -27328.564453
v 3278.068359 391.172119 -27326.496094
v 3273.787109 394.060120 -27328.564453
v 3273.787109 394.060120 -27326.496094
v 3268.547363 395.119415 -27328.564453
v 3268.547363 395.119415 -27326.496094
v 3263.307617 394.060120 -27328.564453
v 3263.307617 394.060120 -27326.496094
v 3259.026123 391.172119 -27328.564453
v 3259.026123 391.172119 -27326.496094
v 3256.138184 386.890625 -27328.564453
v 3256.138184 386.890625 -27326.496094
v 3255.078857 381.650940 -27328.564453
v 3255.078857 381.650940 -27326.496094
v 3256.138184 376.411224 -27328.564453
v 3256.138184 376.411224 -27326.496094
v 3259.026123 372.129730 -27328.564453
v 3259.026123 372.129730 -27326.496094
v 3263.307617 369.241730 -27328.564453
v 3263.307617 369.241730 -27326.496094
v 3268.547363 368.182312 -27328.564453
v 3268.547363 368.182312 -27326.496094
v 3273.787109 369.241730 -27328.564453
v 3273.787109 369.241730 -27326.496094
v 3278.068359 372.129730 -27328.564453
v 3278.068359 372.129730 -27326.496094
v 3280.956543 376.411224 -27328.564453
v 3280.956543 376.411224 -27326.496094
v 3323.933350 381.650940 -27328.564453
v 3322.874023 386.890625 -27328.564453
v 3322.874023 386.890625 -27326.496094
v 3323.933350 381.650940 -27326.496094
v 3319.985840 391.172119 -27328.564453
v 3319.985840 391.172119 -27326.496094
v 3315.704590 394.060120 -27328.564453
v 3315.704590 394.060120 -27326.496094
v 3310.464844 395.119415 -27328.564453
v 3310.464844 395.119415 -27326.496094
v 3305.225098 394.060120 -27328.564453
v 3305.225098 394.060120 -27326.496094
v 3300.943604 391.172119 -27328.564453
v 3300.943604 391.172119 -27326.496094
v 3298.055420 386.890625 -27328.564453
v 3298.055420 386.890625 -27326.496094
v 3296.996094 381.650940 -27328.564453
v 3296.996094 381.650940 -27326.496094
v 3298.055420 376.411224 -27328.564453
v 3298.055420 376.411224 -27326.496094
v 3300.943604 372.129730 -27328.564453
v 3300.943604 372.129730 -27326.496094
v 3305.225098 369.241730 -27328.564453
v 3305.225098 369.241730 -27326.496094
v 3310.464844 368.182312 -27328.564453
v 3310.464844 368.182312 -27326.496094
v 3315.704590 369.241730 -27328.564453
v 3315.704590 369.241730 -27326.496094
v 3319.985840 372.129730 -27328.564453
v 3319.985840 372.129730 -27326.496094
v 3322.874023 376.411224 -27328.564453
v 3322.874023 376.411224 -27326.496094
v 3389.705322 539.226746 -27328.564453
v 3389.705322 573.126038 -27328.564453
v 3389.705322 573.126038 -27326.496094
v 3389.705322 539.226746 -27326.496094
v 3386.242432 539.226746 -27324.427734
v 3386.242432 573.126038 -27324.427734
v 3430.565430 539.226746 -27328.564453
v 3430.565430 573.126038 -27326.496094
v 3430.565430 573.126038 -27328.564453
v 3430.565430 539.226746 -27326.496094
v 3434.028320 539.226746 -27324.427734
v 3434.028320 573.126038 -27324.427734
v 3448.167725 539.226746 -27328.564453
v 3448.167725 573.126038 -27328.564453
v 3448.167725 573.126038 -27326.496094
v 3448.167725 539.226746 -27326.496094
v 3444.704834 539.226746 -27324.427734
v 3444.704834 573.126038 -27324.427734
v 3489.525879 539.226746 -27328.564453
v 3489.525879 573.126038 -27326.496094
v 3489.525879 573.126038 -27328.564453
v 3489.525879 539.226746 -27326.496094
v 3492.989014 539.226746 -27324.427734
v 3492.989014 573.126038 -27324.427734
v 3507.128418 539.226746 -27328.564453
v 3507.128418 573.126038 -27328.564453
v 3507.128418 573.126038 -27326.496094
v 3507.128418 539.226746 -27326.496094
v 3503.665527 539.226746 -27324.427734
v 3503.665527 573.126038 -27324.427734
v 3547.988281 539.226746 -27328.564453
v 3547.988281 573.126038 -27326.496094
v 3547.988281 573.126038 -27328.564453
v 3547.988281 539.226746 -27326.496094
v 3551.451416 539.226746 -27324.427734
v 3551.451416 573.126038 -27324.427734
v 3382.216309 345.003418 -27324.427734
v 3385.011963 345.003326 -27324.427734
v 3385.011963 522.930237 -27324.427734
v 3382.216309 528.057617 -27324.427734
v 3555.477539 528.057617 -27324.427734
v 3552.681885 522.930237 -27324.427734
v 3555.477539 345.003418 -27324.427734
v 3552.681885 345.003326 -27324.427734
v 3464.474609 350.918823 -27328.564453
v 3431.252197 350.918823 -27328.564453
v 3431.252197 350.918823 -27326.496094
v 3464.474609 350.918823 -27326.496094
v 3431.252197 517.793640 -27328.564453
v 3431.252197 517.793640 -27326.496094
v 3464.474609 517.793640 -27328.564453
v 3464.474609 517.793640 -27326.496094
v 3468.846680 522.930237 -27324.427734
v 3468.846680 345.003326 -27324.427734
v 3426.929443 522.930237 -27324.427734
v 3426.929443 345.003326 -27324.427734
v 3422.557129 350.918823 -27328.564453
v 3389.334961 350.918823 -27328.564453
v 3389.334961 350.918915 -27326.496094
v 3422.557129 350.918915 -27326.496094
v 3389.334961 517.793640 -27328.564453
v 3389.334961 517.793640 -27326.496094
v 3422.557129 517.793640 -27328.564453
v 3422.557129 517.793640 -27326.496094
v 3506.011475 350.918915 -27328.564453
v 3472.789307 350.918915 -27328.564453
v 3472.789307 350.918915 -27326.496094
v 3506.011475 350.918915 -27326.496094
v 3472.789307 517.793640 -27328.564453
v 3472.789307 517.793640 -27326.496094
v 3506.011475 517.793640 -27328.564453
v 3506.011475 517.793640 -27326.496094
v 3510.764404 522.930115 -27324.427734
v 3510.764404 345.003418 -27324.427734
v 3468.846680 522.930115 -27324.427734
v 3468.846680 345.003418 -27324.427734
v 3547.929199 350.918915 -27328.564453
v 3514.706787 350.918915 -27328.564453
v 3514.706787 350.918915 -27326.496094
v 3547.929199 350.918915 -27326.496094
v 3514.706787 517.793640 -27328.564453
v 3514.706787 517.793640 -27326.496094
v 3547.929199 517.793640 -27328.564453
v 3547.929199 517.793640 -27326.496094
v 3552.681641 522.930115 -27324.427734
v 3552.681641 345.003418 -27324.427734
v 3552.681885 507.935211 -27328.564453
v 3385.011963 507.935211 -27328.564453
v 3385.011963 507.935211 -27324.427734
v 3552.681885 507.935211 -27324.427734
v 3385.011963 504.077637 -27328.564453
v 3552.681885 504.077515 -27328.564453
v 3552.681885 504.077515 -27324.427734
v 3385.011963 504.077637 -27324.427734
v 3552.681885 415.618622 -27328.564453
v 3385.011963 415.618622 -27328.564453
v 3385.011963 415.618622 -27324.427734
v 3552.681885 415.618622 -27324.427734
v 3385.011963 411.407410 -27328.564453
v 3552.681885 411.407410 -27328.564453
v 3552.681885 411.407410 -27324.427734
v 3385.011963 411.407410 -27324.427734
v 3552.681885 366.753540 -27328.564453
v 3385.011963 366.753540 -27328.564453
v 3385.011963 366.753540 -27324.427734
v 3552.681885 366.753540 -27324.427734
v 3385.011963 360.777222 -27328.564453
v 3552.681885 360.777222 -27328.564453
v 3552.681885 360.777222 -27324.427734
v 3385.011963 360.777222 -27324.427734
v 3552.681885 401.549011 -27328.564453
v 3385.011963 401.549011 -27328.564453
v 3385.011963 401.549011 -27324.427734
v 3552.681885 401.549011 -27324.427734
v 3385.011963 397.486237 -27328.564453
v 3552.681885 397.486237 -27328.564453
v 3552.681885 397.486237 -27324.427734
v 3385.011963 397.486237 -27324.427734
v 3389.334717 507.935211 -27326.910156
v 3547.929199 507.935211 -27326.910156
v 3547.929199 517.793640 -27326.910156
v 3389.334717 517.793640 -27326.910156
v 3389.334717 350.918823 -27326.910156
v 3547.929199 350.918823 -27326.910156
v 3547.929199 411.407410 -27326.910156
v 3389.334717 411.407410 -27326.910156
v 3419.074463 381.650940 -27328.564453
v 3418.015137 386.890625 -27328.564453
v 3418.015137 386.890625 -27326.496094
v 3419.074463 381.650940 -27326.496094
v 3415.127197 391.172119 -27328.564453
v 3415.127197 391.172119 -27326.496094
v 3410.845703 394.060120 -27328.564453
v 3410.845703 394.060120 -27326.496094
v 3405.605957 395.119415 -27328.564453
v 3405.605957 395.119415 -27326.496094
v 3400.366211 394.060120 -27328.564453
v 3400.366211 394.060120 -27326.496094
v 3396.084717 391.172119 -27328.564453
v 3396.084717 391.172119 -27326.496094
v 3393.196777 386.890625 -27328.564453
v 3393.196777 386.890625 -27326.496094
v 3392.137451 381.650940 -27328.564453
v 3392.137451 381.650940 -27326.496094
v 3393.196777 376.411224 -27328.564453
v 3393.196777 376.411224 -27326.496094
v 3396.084717 372.129730 -27328.564453
v 3396.084717 372.129730 -27326.496094
v 3400.366211 369.241730 -27328.564453
v 3400.366211 369.241730 -27326.496094
v 3405.605957 368.182312 -27328.564453
v 3405.605957 368.182312 -27326.496094
v 3410.845703 369.241730 -27328.564453
v 3410.845703 369.241730 -27326.496094
v 3415.127197 372.129730 -27328.564453
v 3415.127197 372.129730 -27326.496094
v 3418.015137 376.411224 -27328.564453
v 3418.015137 376.411224 -27326.496094
v 3460.991943 381.650940 -27328.564453
v 3459.932617 386.890625 -27328.564453
v 3459.932617 386.890625 -27326.496094
v 3460.991943 381.650940 -27326.496094
v 3457.044678 391.172119 -27328.564453
v 3457.044678 391.172119 -27326.496094
v 3452.763184 394.060120 -27328.564453
v 3452.763184 394.060120 -27326.496094
v 3447.523438 395.119415 -27328.564453
v 3447.523438 395.119415 -27326.496094
v 3442.283691 394.060120 -27328.564453
v 3442.283691 394.060120 -27326.496094
v 3438.002441 391.172119 -27328.564453
v 3438.002441 391.172119 -27326.496094
v 3435.114258 386.890625 -27328.564453
v 3435.114258 386.890625 -27326.496094
v 3434.054932 381.650940 -27328.564453
v 3434.054932 381.650940 -27326.496094
v 3435.114258 376.411224 -27328.564453
v 3435.114258 376.411224 -27326.496094
v 3438.002441 372.129730 -27328.564453
v 3438.002441 372.129730 -27326.496094
v 3442.283691 369.241730 -27328.564453
v 3442.283691 369.241730 -27326.496094
v 3447.523438 368.182312 -27328.564453
v 3447.523438 368.182312 -27326.496094
v 3452.763184 369.241730 -27328.564453
v 3452.763184 369.241730 -27326.496094
v 3457.044678 372.129730 -27328.564453
v 3457.044678 372.129730 -27326.496094
v 3459.932617 376.411224 -27328.564453
v 3459.932617 376.411224 -27326.496094
v 3502.909668 381.650940 -27328.564453
v 3501.850342 386.890625 -27328.564453
v 3501.850342 386.890625 -27326.496094
v 3502.909668 381.650940 -27326.496094
v 3498.962158 391.172119 -27328.564453
v 3498.962158 391.172119 -27326.496094
v 3494.680664 394.060120 -27328.564453
v 3494.680664 394.060120 -27326.496094
v 3489.440918 395.119415 -27328.564453
v 3489.440918 395.119415 -27326.496094
v 3484.201416 394.060120 -27328.564453
v 3484.201416 394.060120 -27326.496094
v 3479.919922 391.172119 -27328.564453
v 3479.919922 391.172119 -27326.496094
v 3477.031738 386.890625 -27328.564453
v 3477.031738 386.890625 -27326.496094
v 3475.972412 381.650940 -27328.564453
v 3475.972412 381.650940 -27326.496094
v 3477.031738 376.411224 -27328.564453
v 3477.031738 376.411224 -27326.496094
v 3479.919922 372.129730 -27328.564453
v 3479.919922 372.129730 -27326.496094
v 3484.201416 369.241730 -27328.564453
v 3484.201416 369.241730 -27326.496094
v 3489.440918 368.182312 -27328.564453
v 3489.440918 368.182312 -27326.496094
v 3494.680664 369.241730 -27328.564453
v 3494.680664 369.241730 -27326.496094
v 3498.962158 372.129730 -27328.564453
v 3498.962158 372.129730 -27326.496094
v 3501.850342 376.411224 -27328.564453
v 3501.850342 376.411224 -27326.496094
v 3544.826904 381.650940 -27328.564453
v 3543.767578 386.890625 -27328.564453
v 3543.767578 386.890625 -27326.496094
v 3544.826904 381.650940 -27326.496094
v 3540.879395 391.172119 -27328.564453
v 3540.879395 391.172119 -27326.496094
v 3536.598145 394.060120 -27328.564453
v 3536.598145 394.060120 -27326.496094
v 3531.358398 395.119415 -27328.564453
v 3531.358398 395.119415 -27326.496094
v 3526.118652 394.060120 -27328.564453
v 3526.118652 394.060120 -27326.496094
v 3521.837158 391.172119 -27328.564453
v 3521.837158 391.172119 -27326.496094
v 3518.949219 386.890625 -27328.564453
v 3518.949219 386.890625 -27326.496094
v 3517.889893 381.650940 -27328.564453
v 3517.889893 381.650940 -27326.496094
v 3518.949219 376.411224 -27328.564453
v 3518.949219 376.411224 -27326.496094
v 3521.837158 372.129730 -27328.564453
v 3521.837158 372.129730 -27326.496094
v 3526.118652 369.241730 -27328.564453
v 3526.118652 369.241730 -27326.496094
v 3531.358398 368.182312 -27328.564453
v 3531.358398 368.182312 -27326.496094
v 3536.598145 369.241730 -27328.564453
v 3536.598145 369.241730 -27326.496094
v 3540.879395 372.129730 -27328.564453
v 3540.879395 372.129730 -27326.496094
v 3543.767578 376.411224 -27328.564453
v 3543.767578 376.411224 -27326.496094
v 3609.538086 539.226746 -27328.564453
v 3609.538086 573.126038 -27328.564453
v 3609.538086 573.126038 -27326.496094
v 3609.538086 539.226746 -27326.496094
v 3606.075195 539.226746 -27324.427734
v 3606.075195 573.126038 -27324.427734
v 3650.397949 539.226746 -27328.564453
v 3650.397949 573.126038 -27326.496094
v 3650.397949 573.126038 -27328.564453
v 3650.397949 539.226746 -27326.496094
v 3653.860840 539.226746 -27324.427734
v 3653.860840 573.126038 -27324.427734
v 3668.000244 539.226746 -27328.564453
v 3668.000244 573.126038 -27328.564453
v 3668.000244 573.126038 -27326.496094
v 3668.000244 539.226746 -27326.496094
v 3664.537354 539.226746 -27324.427734
v 3664.537354 573.126038 -27324.427734
v 3709.358643 539.226746 -27328.564453
v 3709.358643 573.126038 -27326.496094
v 3709.358643 573.126038 -27328.564453
v 3709.358643 539.226746 -27326.496094
v 3712.821533 539.226746 -27324.427734
v 3712.821533 573.126038 -27324.427734
v 3726.960938 539.226746 -27328.564453
v 3726.960938 573.126038 -27328.564453
v 3726.960938 573.126038 -27326.496094
v 3726.960938 539.226746 -27326.496094
v 3723.498047 539.226746 -27324.427734
v 3723.498047 573.126038 -27324.427734
v 3767.820801 539.226746 -27328.564453
v 3767.820801 573.126038 -27326.496094
v 3767.820801 573.126038 -27328.564453
v 3767.820801 539.226746 -27326.496094
v 3771.283936 539.226746 -27324.427734
v 3771.283936 573.126038 -27324.427734
v 3602.048828 345.003418 -27324.427734
v 3604.844727 345.003326 -27324.427734
v 3604.844727 522.930237 -27324.427734
v 3602.048828 528.057617 -27324.427734
v 3775.310059 528.057617 -27324.427734
v 3772.514404 522.930237 -27324.427734
v 3775.310059 345.003418 -27324.427734
v 3772.514404 345.003326 -27324.427734
v 3684.307129 350.918823 -27328.564453
v 3651.084717 350.918823 -27328.564453
v 3651.084717 350.918823 -27326.496094
v 3684.307129 350.918823 -27326.496094
v 3651.084717 517.793640 -27328.564453
v 3651.084717 517.793640 -27326.496094
v 3684.307129 517.793640 -27328.564453
v 3684.307129 517.793640 -27326.496094
v 3688.679443 522.930237 -27324.427734
v 3688.679443 345.003326 -27324.427734
v 3646.761963 522.930237 -27324.427734
v 3646.761963 345.003326 -27324.427734
v 3642.389648 350.918823 -27328.564453
v 3609.167480 350.918823 -27328.564453
v 3609.167480 350.918915 -27326.496094
v 3642.389648 350.918915 -27326.496094
v 3609.167480 517.793640 -27328.564453
v 3609.167480 517.793640 -27326.496094
v 3642.389648 517.793640 -27328.564453
v 3642.389648 517.793640 -27326.496094
v 3725.844238 350.918915 -27328.564453
v 3692.621826 350.918915 -27328.564453
v 3692.621826 350.918915 -27326.496094
v 3725.844238 350.918915 -27326.496094
v 3692.621826 517.793640 -27328.564453
v 3692.621826 517.793640 -27326.496094
v 3725.844238 517.793640 -27328.564453
v 3725.844238 517.793640 -27326.496094
v 3730.596924 522.930115 -27324.427734
v 3730.596924 345.003418 -27324.427734
v 3688.679443 522.930115 -27324.427734
v 3688.679443 345.003418 -27324.427734
v 3767.761719 350.918915 -27328.564453
v 3734.539307 350.918915 -27328.564453
v 3734.539307 350.918915 -27326.496094
v 3767.761719 350.918915 -27326.496094
v 3734.539307 517.793640 -27328.564453
v 3734.539307 517.793640 -27326.496094
v 3767.761719 517.793640 -27328.564453
v 3767.761719 517.793640 -27326.496094
v 3772.514404 522.930115 -27324.427734
v 3772.514404 345.003418 -27324.427734
v 3772.514404 507.935211 -27328.564453
v 3604.844727 507.935211 -27328.564453
v 3604.844727 507.935211 -27324.427734
v 3772.514404 507.935211 -27324.427734
v 3604.844727 504.077637 -27328.564453
v 3772.514404 504.077515 -27328.564453
v 3772.514404 504.077515 -27324.427734
v 3604.844727 504.077637 -27324.427734
v 3772.514404 415.618622 -27328.564453
v 3604.844727 415.618622 -27328.564453
v 3604.844727 415.618622 -27324.427734
v 3772.514404 415.618622 -27324.427734
v 3604.844727 411.407410 -27328.564453
v 3772.514404 411.407410 -27328.564453
v 3772.514404 411.407410 -27324.427734
v 3604.844727 411.407410 -27324.427734
v 3772.514404 366.753540 -27328.564453
v 3604.844727 366.753540 -27328.564453
v 3604.844727 366.753540 -27324.427734
v 3772.514404 366.753540 -27324.427734
v 3604.844727 360.777222 -27328.564453
v 3772.514404 360.777222 -27328.564453
v 3772.514404 360.777222 -27324.427734
v 3604.844727 360.777222 -27324.427734
v 3772.514404 401.549011 -27328.564453
v 3604.844727 401.549011 -27328.564453
v 3604.844727 401.549011 -27324.427734
v 3772.514404 401.549011 -27324.427734
v 3604.844727 397.486237 -27328.564453
v 3772.514404 397.486237 -27328.564453
v 3772.514404 397.486237 -27324.427734
v 3604.844727 397.486237 -27324.427734
v 3609.167480 507.935211 -27326.910156
v 3767.761719 507.935211 -27326.910156
v 3767.761719 517.793640 -27326.910156
v 3609.167480 517.793640 -27326.910156
v 3609.167480 350.918823 -27326.910156
v 3767.761719 350.918823 -27326.910156
v 3767.761719 411.407410 -27326.910156
v 3609.167480 411.407410 -27326.910156
v 3638.907227 381.650940 -27328.564453
v 3637.847900 386.890625 -27328.564453
v 3637.847900 386.890625 -27326.496094
v 3638.907227 381.650940 -27326.496094
v 3634.959961 391.172119 -27328.564453
v 3634.959961 391.172119 -27326.496094
v 3630.678223 394.060120 -27328.564453
v 3630.678223 394.060120 -27326.496094
v 3625.438477 395.119415 -27328.564453
v 3625.438477 395.119415 -27326.496094
v 3620.198975 394.060120 -27328.564453
v 3620.198975 394.060120 -27326.496094
v 3615.917480 391.172119 -27328.564453
v 3615.917480 391.172119 -27326.496094
v 3613.029541 386.890625 -27328.564453
v 3613.029541 386.890625 -27326.496094
v 3611.970215 381.650940 -27328.564453
v 3611.970215 381.650940 -27326.496094
v 3613.029541 376.411224 -27328.564453
v 3613.029541 376.411224 -27326.496094
v 3615.917480 372.129730 -27328.564453
v 3615.917480 372.129730 -27326.496094
v 3620.198975 369.241730 -27328.564453
v 3620.198975 369.241730 -27326.496094
v 3625.438477 368.182312 -27328.564453
v 3625.438477 368.182312 -27326.496094
v 3630.678223 369.241730 -27328.564453
v 3630.678223 369.241730 -27326.496094
v 3634.959961 372.129730 -27328.564453
v 3634.959961 372.129730 -27326.496094
v 3637.847900 376.411224 -27328.564453
v 3637.847900 376.411224 -27326.496094
v 3680.824707 381.650940 -27328.564453
v 3679.765381 386.890625 -27328.564453
v 3679.765381 386.890625 -27326.496094
v 3680.824707 381.650940 -27326.496094
v 3676.877197 391.172119 -27328.564453
v 3676.877197 391.172119 -27326.496094
v 3672.595703 394.060120 -27328.564453
v 3672.595703 394.060120 -27326.496094
v 3667.356201 395.119415 -27328.564453
v 3667.356201 395.119415 -27326.496094
v 3662.116455 394.060120 -27328.564453
v 3662.116455 394.060120 -27326.496094
v 3657.834961 391.172119 -27328.564453
v 3657.834961 391.172119 -27326.496094
v 3654.946777 386.890625 -27328.564453
v 3654.946777 386.890625 -27326.496094
v 3653.887451 381.650940 -27328.564453
v 3653.887451 381.650940 -27326.496094
v 3654.946777 376.411224 -27328.564453
v 3654.946777 376.411224 -27326.496094
v 3657.834961 372.129730 -27328.564453
v 3657.834961 372.129730 -27326.496094
v 3662.116455 369.241730 -27328.564453
v 3662.116455 369.241730 -27326.496094
v 3667.356201 368.182312 -27328.564453
v 3667.356201 368.182312 -27326.496094
v 3672.595703 369.241730 -27328.564453
v 3672.595703 369.241730 -27326.496094
v 3676.877197 372.129730 -27328.564453
v 3676.877197 372.129730 -27326.496094
v 3679.765381 376.411224 -27328.564453
v 3679.765381 376.411224 -27326.496094
v 3722.742188 381.650940 -27328.564453
v 3721.682861 386.890625 -27328.564453
v 3721.682861 386.890625 -27326.496094
v 3722.742188 381.650940 -27326.496094
v 3718.794922 391.172119 -27328.564453
v 3718.794922 391.172119 -27326.496094
v 3714.513428 394.060120 -27328.564453
v 3714.513428 394.060120 -27326.496094
v 3709.273682 395.119415 -27328.564453
v 3709.273682 395.119415 -27326.496094
v 3704.033936 394.060120 -27328.564453
v 3704.033936 394.060120 -27326.496094
v 3699.752441 391.172119 -27328.564453
v 3699.752441 391.172119 -27326.496094
v 3696.864258 386.890625 -27328.564453
v 3696.864258 386.890625 -27326.496094
v 3695.805176 381.650940 -27328.564453
v 3695.805176 381.650940 -27326.496094
v 3696.864258 376.411224 -27328.564453
v 3696.864258 376.411224 -27326.496094
v 3699.752441 372.129730 -27328.564453
v 3699.752441 372.129730 -27326.496094
v 3704.033936 369.241730 -27328.564453
v 3704.033936 369.241730 -27326.496094
v 3709.273682 368.182312 -27328.564453
v 3709.273682 368.182312 -27326.496094
v 3714.513428 369.241730 -27328.564453
v 3714.513428 369.241730 -27326.496094
v 3718.794922 372.129730 -27328.564453
v 3718.794922 372.129730 -27326.496094
v 3721.682861 376.411224 -27328.564453
v 3721.682861 376.411224 -27326.496094
v 3764.659668 381.650940 -27328.564453
v 3763.600342 386.890625 -27328.564453
v 3763.600342 386.890625 -27326.496094
v 3764.659668 381.650940 -27326.496094
v 3760.712158 391.172119 -27328.564453
v 3760.712158 391.172119 -27326.496094
v 3756.430664 394.060120 -27328.564453
v 3756.430664 394.060120 -27326.496094
v 3751.190918 395.119415 -27328.564453
v 3751.190918 395.119415 -27326.496094
v 3745.951172 394.060120 -27328.564453
v 3745.951172 394.060120 -27326.496094
v 3741.669922 391.172119 -27328.564453
v 3741.669922 391.172119 -27326.496094
v 3738.781738 386.890625 -27328.564453
v 3738.781738 386.890625 -27326.496094
v 3737.722412 381.650940 -27328.564453
v 3737.722412 381.650940 -27326.496094
v 3738.781738 376.411224 -27328.564453
v 3738.781738 376.411224 -27326.496094
v 3741.669922 372.129730 -27328.564453
v 3741.669922 372.129730 -27326.496094
v 3745.951172 369.241730 -27328.564453
v 3745.951172 369.241730 -27326.496094
v 3751.190918 368.182312 -27328.564453
v 3751.190918 368.182312 -27326.496094
v 3756.430664 369.241730 -27328.564453
v 3756.430664 369.241730 -27326.496094
v 3760.712158 372.129730 -27328.564453
v 3760.712158 372.129730 -27326.496094
v 3763.600342 376.411224 -27328.564453
v 3763.600342 376.411224 -27326.496094
v 3829.317871 539.226746 -27328.564453
v 3829.317871 573.126038 -27328.564453
v 3829.317871 573.126038 -27326.496094
v 3829.317871 539.226746 -27326.496094
v 3825.854980 539.226746 -27324.427734
v 3825.854980 573.126038 -27324.427734
v 3870.177979 539.226746 -27328.564453
v 3870.177979 573.126038 -27326.496094
v 3870.177979 573.126038 -27328.564453
v 3870.177979 539.226746 -27326.496094
v 3873.640869 539.226746 -27324.427734
v 3873.640869 573.126038 -27324.427734
v 3887.780273 539.226746 -27328.564453
v 3887.780273 573.126038 -27328.564453
v 3887.780273 573.126038 -27326.496094
v 3887.780273 539.226746 -27326.496094
v 3884.317383 539.226746 -27324.427734
v 3884.317383 573.126038 -27324.427734
v 3929.138672 539.226746 -27328.564453
v 3929.138672 573.126038 -27326.496094
v 3929.138672 573.126038 -27328.564453
v 3929.138672 539.226746 -27326.496094
v 3932.601562 539.226746 -27324.427734
v 3932.601562 573.126038 -27324.427734
v 3946.740967 539.226746 -27328.564453
v 3946.740967 573.126038 -27328.564453
v 3946.740967 573.126038 -27326.496094
v 3946.740967 539.226746 -27326.496094
v 3943.278076 539.226746 -27324.427734
v 3943.278076 573.126038 -27324.427734
v 3987.601074 539.226746 -27328.564453
v 3987.601074 573.126038 -27326.496094
v 3987.601074 573.126038 -27328.564453
v 3987.601074 539.226746 -27326.496094
v 3991.063965 539.226746 -27324.427734
v 3991.063965 573.126038 -27324.427734
v 3821.828613 345.003418 -27324.427734
v 3824.624512 345.003326 -27324.427734
v 3824.624512 522.930237 -27324.427734
v 3821.828613 528.057617 -27324.427734
v 3995.090088 528.057617 -27324.427734
v 3992.294434 522.930237 -27324.427734
v 3995.090088 345.003418 -27324.427734
v 3992.294434 345.003326 -27324.427734
v 3904.086914 350.918823 -27328.564453
v 3870.864746 350.918823 -27328.564453
v 3870.864746 350.918823 -27326.496094
v 3904.086914 350.918823 -27326.496094
v 3870.864746 517.793640 -27328.564453
v 3870.864746 517.793640 -27326.496094
v 3904.086914 517.793640 -27328.564453
v 3904.086914 517.793640 -27326.496094
v 3908.459473 522.930237 -27324.427734
v 3908.459473 345.003326 -27324.427734
v 3866.541992 522.930237 -27324.427734
v 3866.541992 345.003326 -27324.427734
v 3862.169678 350.918823 -27328.564453
v 3828.947266 350.918823 -27328.564453
v 3828.947266 350.918915 -27326.496094
v 3862.169678 350.918915 -27326.496094
v 3828.947266 517.793640 -27328.564453
v 3828.947266 517.793640 -27326.496094
v 3862.169678 517.793640 -27328.564453
v 3862.169678 517.793640 -27326.496094
v 3945.624023 350.918915 -27328.564453
v 3912.401855 350.918915 -27328.564453
v 3912.401855 350.918915 -27326.496094
v 3945.624023 350.918915 -27326.496094
v 3912.401855 517.793640 -27328.564453
v 3912.401855 517.793640 -27326.496094
v 3945.624023 517.793640 -27328.564453
v 3945.624023 517.793640 -27326.496094
v 3950.376953 522.930115 -27324.427734
v 3950.376953 345.003418 -27324.427734
v 3908.459473 522.930115 -27324.427734
v 3908.459473 345.003418 -27324.427734
v 3987.541748 350.918915 -27328.564453
v 3954.319092 350.918915 -27328.564453
v 3954.319092 350.918915 -27326.496094
v 3987.541748 350.918915 -27326.496094
v 3954.319092 517.793640 -27328.564453
v 3954.319092 517.793640 -27326.496094
v 3987.541748 517.793640 -27328.564453
v 3987.541748 517.793640 -27326.496094
v 3992.294434 522.930115 -27324.427734
v 3992.294434 345.003418 -27324.427734
v 3992.294434 507.935211 -27328.564453
v 3824.624512 507.935211 -27328.564453
v 3824.624512 507.935211 -27324.427734
v 3992.294434 507.935211 -27324.427734
v 3824.624512 504.077637 -27328.564453
v 3992.294434 504.077515 -27328.564453
v 3992.294434 504.077515 -27324.427734
v 3824.624512 504.077637 -27324.427734
v 3992.294434 415.618622 -27328.564453
v 3824.624512 415.618622 -27328.564453
v 3824.624512 415.618622 -27324.427734
v 3992.294434 415.618622 -27324.427734
v 3824.624512 411.407410 -27328.564453
v 3992.294434 411.407410 -27328.564453
v 3992.294434 411.407410 -27324.427734
v 3824.624512 411.407410 -27324.427734
v 3992.294434 366.753540 -27328.564453
v 3824.624512 366.753540 -27328.564453
v 3824.624512 366.753540 -27324.427734
v 3992.294434 366.753540 -27324.427734
v 3824.624512 360.777222 -27328.564453
v 3992.294434 360.777222 -27328.564453
v 3992.294434 360.777222 -27324.427734
v 3824.624512 360.777222 -27324.427734
v 3992.294434 401.549011 -27328.564453
v 3824.624512 401.549011 -27328.564453
v 3824.624512 401.549011 -27324.427734
v 3992.294434 401.549011 -27324.427734
v 3824.624512 397.486237 -27328.564453
v 3992.294434 397.486237 -27328.564453
v 3992.294434 397.486237 -27324.427734
v 3824.624512 397.486237 -27324.427734
v 3828.947266 507.935211 -27326.910156
v 3987.541748 507.935211 -27326.910156
v 3987.541748 517.793640 -27326.910156
v 3828.947266 517.793640 -27326.910156
v 3828.947266 350.918823 -27326.910156
v 3987.541748 350.918823 -27326.910156
v 3987.541748 411.407410 -27326.910156
v 3828.947266 411.407410 -27326.910156
v 3858.687012 381.650940 -27328.564453
v 3857.627686 386.890625 -27328.564453
v 3857.627686 386.890625 -27326.496094
v 3858.687012 381.650940 -27326.496094
v 3854.739746 391.172119 -27328.564453
v 3854.739746 391.172119 -27326.496094
v 3850.458252 394.060120 -27328.564453
v 3850.458252 394.060120 -27326.496094
v 3845.218506 395.119415 -27328.564453
v 3845.218506 395.119415 -27326.496094
v 3839.979004 394.060120 -27328.564453
v 3839.979004 394.060120 -27326.496094
v 3835.697266 391.172119 -27328.564453
v 3835.697266 391.172119 -27326.496094
v 3832.809326 386.890625 -27328.564453
v 3832.809326 386.890625 -27326.496094
v 3831.750000 381.650940 -27328.564453
v 3831.750000 381.650940 -27326.496094
v 3832.809326 376.411224 -27328.564453
v 3832.809326 376.411224 -27326.496094
v 3835.697266 372.129730 -27328.564453
v 3835.697266 372.129730 -27326.496094
v 3839.979004 369.241730 -27328.564453
v 3839.979004 369.241730 -27326.496094
v 3845.218506 368.182312 -27328.564453
v 3845.218506 368.182312 -27326.496094
v 3850.458252 369.241730 -27328.564453
v 3850.458252 369.241730 -27326.496094
v 3854.739746 372.129730 -27328.564453
v 3854.739746 372.129730 -27326.496094
v 3857.627686 376.411224 -27328.564453
v 3857.627686 376.411224 -27326.496094
v 3900.604492 381.650940 -27328.564453
v 3899.545410 386.890625 -27328.564453
v 3899.545410 386.890625 -27326.496094
v 3900.604492 381.650940 -27326.496094
v 3896.657227 391.172119 -27328.564453
v 3896.657227 391.172119 -27326.496094
v 3892.375732 394.060120 -27328.564453
v 3892.375732 394.060120 -27326.496094
v 3887.136230 395.119415 -27328.564453
v 3887.136230 395.119415 -27326.496094
v 3881.896240 394.060120 -27328.564453
v 3881.896240 394.060120 -27326.496094
v 3877.614990 391.172119 -27328.564453
v 3877.614990 391.172119 -27326.496094
v 3874.726807 386.890625 -27328.564453
v 3874.726807 386.890625 -27326.496094
v 3873.667480 381.650940 -27328.564453
v 3873.667480 381.650940 -27326.496094
v 3874.726807 376.411224 -27328.564453
v 3874.726807 376.411224 -27326.496094
v 3877.614990 372.129730 -27328.564453
v 3877.614990 372.129730 -27326.496094
v 3881.896240 369.241730 -27328.564453
v 3881.896240 369.241730 -27326.496094
v 3887.136230 368.182312 -27328.564453
v 3887.136230 368.182312 -27326.496094
v 3892.375732 369.241730 -27328.564453
v 3892.375732 369.241730 -27326.496094
v 3896.657227 372.129730 -27328.564453
v 3896.657227 372.129730 -27326.496094
v 3899.545410 376.411224 -27328.564453
v 3899.545410 376.411224 -27326.496094
v 3942.522217 381.650940 -27328.564453
v 3941.462891 386.890625 -27328.564453
v 3941.462891 386.890625 -27326.496094
v 3942.522217 381.650940 -27326.496094
v 3938.574707 391.172119 -27328.564453
v 3938.574707 391.172119 -27326.496094
v 3934.293457 394.060120 -27328.564453
v 3934.293457 394.060120 -27326.496094
v 3929.053467 395.119415 -27328.564453
v 3929.053467 395.119415 -27326.496094
v 3923.813965 394.060120 -27328.564453
v 3923.813965 394.060120 -27326.496094
v 3919.532471 391.172119 -27328.564453
v 3919.532471 391.172119 -27326.496094
v 3916.644287 386.890625 -27328.564453
v 3916.644287 386.890625 -27326.496094
v 3915.584961 381.650940 -27328.564453
v 3915.584961 381.650940 -27326.496094
v 3916.644287 376.411224 -27328.564453
v 3916.644287 376.411224 -27326.496094
v 3919.532471 372.129730 -27328.564453
v 3919.532471 372.129730 -27326.496094
v 3923.813965 369.241730 -27328.564453
v 3923.813965 369.241730 -27326.496094
v 3929.053467 368.182312 -27328.564453
v 3929.053467 368.182312 -27326.496094
v 3934.293457 369.241730 -27328.564453
v 3934.293457 369.241730 -27326.496094
v 3938.574707 372.129730 -27328.564453
v 3938.574707 372.129730 -27326.496094
v 3941.462891 376.411224 -27328.564453
v 3941.462891 376.411224 -27326.496094
v 3984.439453 381.650940 -27328.564453
v 3983.380371 386.890625 -27328.564453
v 3983.380371 386.890625 -27326.496094
v 3984.439453 381.650940 -27326.496094
v 3980.492188 391.172119 -27328.564453
v 3980.492188 391.172119 -27326.496094
v 3976.210693 394.060120 -27328.564453
v 3976.210693 394.060120 -27326.496094
v 3970.970947 395.119415 -27328.564453
v 3970.970947 395.119415 -27326.496094
v 3965.731201 394.060120 -27328.564453
v 3965.731201 394.060120 -27326.496094
v 3961.449707 391.172119 -27328.564453
v 3961.449707 391.172119 -27326.496094
v 3958.561768 386.890625 -27328.564453
v 3958.561768 386.890625 -27326.496094
v 3957.502441 381.650940 -27328.564453
v 3957.502441 381.650940 -27326.496094
v 3958.561768 376.411224 -27328.564453
v 3958.561768 376.411224 -27326.496094
v 3961.449707 372.129730 -27328.564453
v 3961.449707 372.129730 -27326.496094
v 3965.731201 369.241730 -27328.564453
v 3965.731201 369.241730 -27326.496094
v 3970.970947 368.182312 -27328.564453
v 3970.970947 368.182312 -27326.496094
v 3976.210693 369.241730 -27328.564453
v 3976.210693 369.241730 -27326.496094
v 3980.492188 372.129730 -27328.564453
v 3980.492188 372.129730 -27326.496094
v 3983.380371 376.411224 -27328.564453
v 3983.380371 376.411224 -27326.496094
v 4027.337402 539.226746 -27328.564453
v 4027.337402 573.125916 -27328.564453
v 4027.337402 573.125916 -27326.496094
v 4027.337402 539.226746 -27326.496094
v 4023.874512 539.226746 -27324.427734
v 4023.874512 573.125916 -27324.427734
v 4068.197510 539.226746 -27328.564453
v 4068.197510 573.125916 -27326.496094
v 4068.197510 573.125916 -27328.564453
v 4068.197510 539.226746 -27326.496094
v 4071.660645 539.226746 -27324.427734
v 4071.660645 573.125916 -27324.427734
v 4085.799805 539.226746 -27328.564453
v 4085.799805 573.125916 -27328.564453
v 4085.799805 573.125916 -27326.496094
v 4085.799805 539.226746 -27326.496094
v 4082.336914 539.226746 -27324.427734
v 4082.336914 573.125916 -27324.427734
v 4127.483887 539.226746 -27328.564453
v 4127.483887 573.125916 -27326.496094
v 4127.483887 573.125916 -27328.564453
v 4127.483887 539.226746 -27326.496094
v 4130.946777 539.226746 -27324.427734
v 4130.946777 573.125916 -27324.427734
v 4034.849854 394.489014 -27324.427734
v 4037.645752 394.488922 -27324.427734
v 4037.645752 522.930237 -27324.427734
v 4034.849854 528.057617 -27324.427734
v 4123.204590 528.057617 -27324.427734
v 4120.408691 522.930115 -27324.427734
v 4123.204590 394.489014 -27324.427734
v 4120.408691 394.489014 -27324.427734
v 4041.968506 401.789215 -27328.564453
v 4041.968506 517.793640 -27328.564453
v 4041.968506 517.793640 -27326.496094
v 4041.968506 401.789337 -27326.496094
v 4037.645508 522.930115 -27324.427734
v 4037.645508 394.489014 -27324.427734
v 4073.738770 517.793640 -27328.564453
v 4073.738770 401.789337 -27328.564453
v 4073.738770 401.789337 -27326.496094
v 4073.738770 517.793640 -27326.496094
v 4078.491455 522.930115 -27324.427734
v 4078.491455 394.489014 -27324.427734
v 4115.655762 401.789337 -27328.564453
v 4082.433838 401.789337 -27328.564453
v 4082.433838 401.789337 -27326.496094
v 4115.655762 401.789337 -27326.496094
v 4082.433838 517.793518 -27328.564453
v 4082.433838 517.793518 -27326.496094
v 4115.655762 517.793518 -27328.564453
v 4115.655762 517.793518 -27326.496094
v 4120.408691 522.930054 -27324.427734
v 4120.408691 507.935211 -27328.564453
v 4037.645752 507.935211 -27328.564453
v 4037.645752 507.935211 -27324.427734
v 4120.408691 507.935211 -27324.427734
v 4037.645752 504.077515 -27328.564453
v 4120.408691 504.077515 -27328.564453
v 4120.408691 504.077515 -27324.427734
v 4037.645752 504.077515 -27324.427734
v 4120.408691 415.618622 -27328.564453
v 4037.645752 415.618622 -27328.564453
v 4037.645752 415.618622 -27324.427734
v 4120.408691 415.618622 -27324.427734
v 4037.645752 411.407410 -27328.564453
v 4120.408691 411.407410 -27328.564453
v 4120.408691 411.407410 -27324.427734
v 4037.645752 411.407410 -27324.427734
v 4041.968506 507.935211 -27326.910156
v 4115.655762 507.935211 -27326.910156
v 4115.655762 517.793640 -27326.910156
v 4041.968506 517.793640 -27326.910156
v 4041.968506 401.789215 -27326.910156
v 4115.655762 401.789215 -27326.910156
v 4115.655762 411.647614 -27326.910156
v 4041.968506 411.647614 -27326.910156
v 4074.800049 517.793518 -27326.496094
v 4079.552734 522.930054 -27324.427734
v 4037.635254 522.930115 -27324.427734
v 4041.577637 517.793518 -27326.496094
vn 1.0000 -0.0000 -0.0000
vn 0.5129 -0.0000 0.8585
vn 0.5128 -0.0000 0.8585
vn 0.5130 -0.0000 0.8584
vn 0.5131 -0.0000 0.8583
vn -1.0000 -0.0000 -0.0000
vn -0.5128 -0.0000 0.8585
vn -0.5131 -0.0000 0.8583
vn -0.0000 -0.0000 1.0000
vn 0.0003 -0.0000 1.0000
vn -0.0000 1.0000 -0.0000
vn -0.0000 -1.0000 -0.0000
vn -0.4279 -0.0000 0.9038
vn -0.4276 -0.0000 0.9040
vn -0.0000 -0.3738 0.9275
vn -0.0000 -0.3735 0.9276
vn 0.4318 -0.0000 0.9020
vn 0.4315 -0.0000 0.9021
vn -0.0000 0.3303 0.9439
vn -0.0000 0.3300 0.9440
vn -0.4278 -0.0000 0.9039
vn 0.4319 -0.0000 0.9019
vn -0.3993 -0.0000 0.9168
vn -0.3990 -0.0000 0.9169
vn 0.4647 -0.0000 0.8855
vn 0.4644 -0.0000 0.8856
vn -0.0000 -1.0000 -0.0001
vn -0.3994 -0.0000 0.9168
vn 0.4648 -0.0000 0.8854
vn -0.0000 0.3299 0.9440
vn 1.0000 0.0001 -0.0000
vn 0.9223 0.3864 -0.0000
vn 0.9224 0.3862 -0.0000
vn 0.7071 0.7071 -0.0000
vn 0.7072 0.7070 -0.0000
vn 0.3860 0.9225 -0.0000
vn 0.3861 0.9224 -0.0000
vn -0.0001 1.0000 -0.0000
vn -0.3863 0.9224 -0.0000
vn -0.3865 0.9223 -0.0000
vn -0.7070 0.7073 -0.0000
vn -0.7071 0.7071 -0.0000
vn -0.9223 0.3864 -0.0000
vn -0.9224 0.3863 -0.0000
vn -1.0000 -0.0001 -0.0000
vn -1.0000 0.0002 -0.0000
vn -0.9225 -0.3860 -0.0000
vn -0.7074 -0.7068 -0.0000
vn -0.7071 -0.7071 -0.0000
vn -0.3861 -0.9225 -0.0000
vn -0.3863 -0.9224 -0.0000
vn 0.0003 -1.0000 -0.0000
vn -0.0001 -1.0000 -0.0000
vn 0.3863 -0.9224 -0.0000
vn 0.3865 -0.9223 -0.0000
vn 0.7070 -0.7072 -0.0000
vn 0.7071 -0.7071 -0.0000
vn 0.9225 -0.3860 -0.0000
vn 0.0001 -0.0000 1.0000
vn -0.0003 -0.0000 1.0000
vn -0.0001 -0.0000 1.0000
vn -0.0002 -0.0000 1.0000
vn 0.0002 -0.0000 1.0000
vn -0.3864 0.9223 -0.0000
vn -0.7073 -0.7069 -0.0000
vn -0.7075 -0.7068 -0.0000
vn 0.9224 0.3863 -0.0000
vn 0.7071 0.7072 -0.0000
vn -0.9223 0.3865 -0.0000
vn -0.7074 -0.7069 -0.0000
vn -0.7072 -0.7070 -0.0000
vn -0.5130 -0.0000 0.8584
vn 0.5129 -0.0000 0.8584
vn 0.5131 -0.0000 0.8584
vn -0.4277 -0.0000 0.9039
vn -0.4281 -0.0000 0.9037
vn 0.4321 -0.0000 0.9018
vn 0.4317 -0.0000 0.9020
vn -0.0000 0.2728 0.9621
vn -0.3991 -0.0000 0.9169
vn -0.3995 -0.0000 0.9168
vn -0.3995 -0.0000 0.9167
vn -0.0000 -0.3734 0.9277
vn -0.3988 -0.0000 0.9170
vn 0.4646 -0.0000 0.8855
vn 0.4651 -0.0000 0.8853
vn -0.5129 -0.0000 0.8584
vn -0.3992 -0.0000 0.9169
vn 0.4650 -0.0000 0.8853
vn -0.5127 -0.0000 0.8586
vn 0.4316 -0.0000 0.9021
vn -0.0000 0.3301 0.9440
vn -0.0000 1.0000 -0.0001
vn -0.0000 0.3304 0.9439
vn -0.0000 0.3305 0.9438
vn -0.3989 -0.0000 0.9170
vn -0.0000 0.3304 0.9438
vn 0.9225 0.3861 -0.0000
vn 0.9225 0.3860 -0.0000
vn 0.7068 0.7074 -0.0000
vn 0.3861 0.9225 -0.0000
vn 0.3862 0.9224 -0.0000
vn 0.0001 1.0000 -0.0000
vn -0.3858 0.9226 -0.0000
vn -0.3859 0.9225 -0.0000
vn -0.7070 0.7072 -0.0000
vn -0.7071 0.7072 -0.0000
vn -0.9225 -0.3861 -0.0000
vn -0.7070 -0.7072 -0.0000
vn -0.7068 -0.7074 -0.0000
vn -0.3861 -0.9224 -0.0000
vn 0.3858 -0.9226 -0.0000
vn 0.3859 -0.9225 -0.0000
vn 0.9223 -0.3864 -0.0000
vn 0.9224 -0.3863 -0.0000
vn 0.7070 0.7072 -0.0000
vn -0.3862 0.9224 -0.0000
vn 0.3862 -0.9224 -0.0000
vn -0.7071 -0.7072 -0.0000
vn -0.3862 -0.9224 -0.0000
vn 0.7071 -0.7072 -0.0000
vn 0.9224 -0.3864 -0.0000
vn -0.0003 1.0000 -0.0000
vn 0.4645 -0.0000 0.8856
vn 0.7069 0.7074 -0.0000
vn -0.7069 -0.7074 -0.0000
vn 0.9224 0.3861 -0.0000
vn 0.7070 -0.7073 -0.0000
vn -0.9224 -0.3861 -0.0000
vn 0.3859 -0.9226 -0.0000
vn 0.3860 -0.9225 -0.0000
vn -0.9224 0.3864 -0.0000
vn -0.9224 -0.3862 -0.0000
vn 0.4649 -0.0000 0.8854
vn 0.4314 -0.0000 0.9021
vn 0.0002 -1.0000 -0.0000
vn -0.7068 -0.7075 -0.0000
vn 0.7068 0.7075 -0.0000
vn -0.3859 0.9226 -0.0000
vn -0.3860 -0.9225 -0.0000
vn 0.3861 -0.9224 -0.0000
vn -0.5129 -0.0000 0.8585
vn 0.4314 -0.0000 0.9022
vn 0.4647 -0.0000 0.8854
vn -0.0000 0.2726 0.9621
vt 0.176900 0.444700
vt 0.176900 0.517600
vt 0.162500 0.444700
vt 0.162500 0.517600
vt 0.347000 0.444700
vt 0.347000 0.517600
vt 0.361400 0.444700
vt 0.361400 0.517600
vt 0.420200 0.444700
vt 0.420200 0.517600
vt 0.405800 0.444700
vt 0.405800 0.517600
vt 0.592400 0.444700
vt 0.592400 0.517600
vt 0.606800 0.444700
vt 0.606800 0.517600
vt 0.665600 0.444700
vt 0.665600 0.517600
vt 0.651200 0.444700
vt 0.651200 0.517600
vt 0.835700 0.444700
vt 0.835700 0.517600
vt 0.850100 0.444700
vt 0.850100 0.517600
vt 0.145700 0.026900
vt 0.157400 0.026900
vt 0.157400 0.409700
vt 0.145700 0.420700
vt 0.866800 0.420700
vt 0.855200 0.409700
vt 0.866800 0.026900
vt 0.855200 0.026900
vt 0.488100 0.039700
vt 0.349800 0.039700
vt 0.349800 0.398600
vt 0.488100 0.398600
vt 0.506300 0.409700
vt 0.506300 0.026900
vt 0.331800 0.409700
vt 0.331800 0.026900
vt 0.313600 0.039700
vt 0.175400 0.039700
vt 0.175400 0.398600
vt 0.313600 0.398600
vt 0.661000 0.039700
vt 0.522700 0.039700
vt 0.522700 0.398600
vt 0.661000 0.398600
vt 0.680800 0.409700
vt 0.680800 0.026900
vt 0.835400 0.039700
vt 0.697200 0.039700
vt 0.697200 0.398600
vt 0.835400 0.398600
vt 0.855200 0.377400
vt 0.157400 0.377400
vt 0.157400 0.369100
vt 0.855200 0.369100
vt 0.855200 0.178800
vt 0.157400 0.178800
vt 0.157400 0.169800
vt 0.855200 0.169800
vt 0.855200 0.073700
vt 0.157400 0.073700
vt 0.157400 0.060900
vt 0.855200 0.060900
vt 0.855200 0.148600
vt 0.157400 0.148600
vt 0.157400 0.139800
vt 0.855200 0.139800
vt 0.175400 0.377400
vt 0.835400 0.377400
vt 0.835400 0.169800
vt 0.175400 0.169800
vt 0.299100 0.105800
vt 0.294700 0.117000
vt 0.282700 0.126200
vt 0.264900 0.132500
vt 0.243100 0.134700
vt 0.221300 0.132500
vt 0.203500 0.126200
vt 0.191400 0.117000
vt 0.187000 0.105800
vt 0.191400 0.094500
vt 0.203500 0.085300
vt 0.221300 0.079100
vt 0.243100 0.076800
vt 0.264900 0.079100
vt 0.282700 0.085300
vt 0.294700 0.094500
vt 0.473600 0.105800
vt 0.469200 0.117000
vt 0.457200 0.126200
vt 0.439400 0.132500
vt 0.417500 0.134700
vt 0.395700 0.132500
vt 0.377900 0.126200
vt 0.365900 0.117000
vt 0.361500 0.105800
vt 0.365900 0.094500
vt 0.377900 0.085300
vt 0.395700 0.079100
vt 0.417500 0.076800
vt 0.439400 0.079100
vt 0.457200 0.085300
vt 0.469200 0.094500
vt 0.648100 0.105800
vt 0.643700 0.117000
vt 0.631600 0.126200
vt 0.613800 0.132500
vt 0.592000 0.134700
vt 0.570200 0.132500
vt 0.552400 0.126200
vt 0.540400 0.117000
vt 0.536000 0.105800
vt 0.540400 0.094500
vt 0.552400 0.085300
vt 0.570200 0.079100
vt 0.592000 0.076800
vt 0.613800 0.079100
vt 0.631600 0.085300
vt 0.643700 0.094500
vt 0.822500 0.105800
vt 0.818100 0.117000
vt 0.806100 0.126200
vt 0.788300 0.132500
vt 0.766500 0.134700
vt 0.744700 0.132500
vt 0.726800 0.126200
vt 0.714800 0.117000
vt 0.710400 0.105800
vt 0.714800 0.094500
vt 0.726800 0.085300
vt 0.744700 0.079100
vt 0.766500 0.076800
vt 0.788300 0.079100
vt 0.806100 0.085300
vt 0.818100 0.094500
vt 0.183000 0.444700
vt 0.183000 0.517600
vt 0.168800 0.444700
vt 0.168800 0.517600
vt 0.349500 0.444700
vt 0.349500 0.517600
vt 0.363600 0.444700
vt 0.363600 0.517600
vt 0.421300 0.444700
vt 0.421300 0.517600
vt 0.407200 0.444700
vt 0.407200 0.517600
vt 0.589900 0.444700
vt 0.589900 0.517600
vt 0.604000 0.444700
vt 0.604000 0.517600
vt 0.661600 0.444700
vt 0.661600 0.517600
vt 0.647500 0.444700
vt 0.647500 0.517600
vt 0.828200 0.444700
vt 0.828200 0.517600
vt 0.842300 0.444700
vt 0.842300 0.517600
vt 0.152400 0.133400
vt 0.163800 0.133400
vt 0.163800 0.409700
vt 0.152400 0.420700
vt 0.858700 0.420700
vt 0.847300 0.409700
vt 0.858700 0.133400
vt 0.847300 0.133400
vt 0.487700 0.149100
vt 0.352300 0.149100
vt 0.352300 0.398600
vt 0.487700 0.398600
vt 0.505600 0.409700
vt 0.505600 0.133400
vt 0.334700 0.409700
vt 0.334700 0.133400
vt 0.316900 0.149100
vt 0.181400 0.149100
vt 0.181400 0.398600
vt 0.316900 0.398600
vt 0.657100 0.149100
vt 0.521600 0.149100
vt 0.521600 0.398600
vt 0.657100 0.398600
vt 0.676400 0.409700
vt 0.676400 0.133400
vt 0.827900 0.149100
vt 0.692500 0.149100
vt 0.692500 0.398600
vt 0.827900 0.398600
vt 0.847300 0.377400
vt 0.163800 0.377400
vt 0.163800 0.369100
vt 0.847300 0.369100
vt 0.847300 0.178800
vt 0.163800 0.178800
vt 0.163800 0.169800
vt 0.847300 0.169800
vt 0.181400 0.377400
vt 0.827900 0.377400
vt 0.827900 0.170300
vt 0.181400 0.170300
s 1
usemtl 3d66_Standardmaterial_17342430_087
f 1/1/1 2/2/1 3/2/1
f 1/1/1 3/2/1 4/1/1
f 5/3/2 4/1/3 3/2/4
f 6/4/5 5/3/2 3/2/4
f 7/5/6 8/6/6 9/6/6
f 7/5/6 10/5/6 8/6/6
f 11/7/7 8/6/7 10/5/7
f 12/8/8 8/6/8 11/7/8
f 13/9/1 14/10/1 15/10/1
f 13/9/1 15/10/1 16/9/1
f 17/11/2 16/9/3 15/10/4
f 18/12/5 17/11/2 15/10/4
f 19/13/6 20/14/6 21/14/6
f 19/13/6 22/13/6 20/14/6
f 23/15/7 20/14/7 22/13/7
f 24/16/8 20/14/8 23/15/8
f 25/17/1 26/18/1 27/18/1
f 25/17/1 27/18/1 28/17/1
f 29/19/2 28/17/3 27/18/4
f 30/20/5 29/19/2 27/18/4
f 31/21/6 32/22/6 33/22/6
f 31/21/6 34/21/6 32/22/6
f 35/23/7 32/22/7 34/21/7
f 36/24/8 32/22/8 35/23/8
f 37/25/9 38/26/9 39/27/9
f 40/28/9 37/25/9 39/27/9
f 41/29/10 40/28/9 39/27/9
f 41/29/10 39/27/9 42/30/9
f 43/31/9 41/29/10 42/30/9
f 43/31/9 42/30/9 44/32/9
f 45/33/11 46/34/11 47/34/11
f 45/33/11 47/34/11 48/33/11
f 46/34/1 49/35/1 50/35/1
f 46/34/1 50/35/1 47/34/1
f 49/35/12 51/36/12 52/36/12
f 49/35/12 52/36/12 50/35/12
f 51/36/6 45/33/6 48/33/6
f 51/36/6 48/33/6 52/36/6
f 52/36/13 48/33/13 53/37/13
f 54/38/14 53/37/14 48/33/14
f 52/36/15 53/37/15 55/39/15
f 50/35/16 52/36/16 55/39/16
f 50/35/17 55/39/17 56/40/17
f 47/34/18 50/35/18 56/40/18
f 56/40/19 54/38/20 48/33/20
f 56/40/19 48/33/20 47/34/19
f 57/41/11 58/42/11 59/42/11
f 57/41/11 59/42/11 60/41/11
f 58/42/1 61/43/1 62/43/1
f 58/42/1 62/43/1 59/42/1
f 61/43/12 63/44/12 64/44/12
f 61/43/12 64/44/12 62/43/12
f 63/44/6 57/41/6 60/41/6
f 63/44/6 60/41/6 64/44/6
f 64/44/21 60/41/21 65/39/21
f 56/40/14 65/39/14 60/41/14
f 64/44/15 65/39/15 66/27/15
f 62/43/16 64/44/16 66/27/16
f 62/43/22 66/27/22 67/26/22
f 59/42/18 62/43/18 67/26/18
f 67/26/20 56/40/19 60/41/20
f 67/26/20 60/41/20 59/42/19
f 68/45/11 69/46/11 70/46/11
f 68/45/11 70/46/11 71/45/11
f 69/46/1 72/47/1 73/47/1
f 69/46/1 73/47/1 70/46/1
f 72/47/12 74/48/12 75/48/12
f 72/47/12 75/48/12 73/47/12
f 74/48/6 68/45/6 71/45/6
f 74/48/6 71/45/6 75/48/6
f 75/48/23 71/45/23 76/49/23
f 77/50/24 76/49/24 71/45/24
f 75/48/15 76/49/15 78/37/15
f 73/47/16 75/48/16 78/37/16
f 73/47/25 78/37/25 54/38/25
f 70/46/26 73/47/26 54/38/26
f 54/38/19 77/50/20 71/45/19
f 54/38/19 71/45/19 70/46/19
f 79/51/11 80/52/11 81/52/11
f 79/51/11 81/52/11 82/51/11
f 80/52/1 83/53/1 84/53/1
f 80/52/1 84/53/1 81/52/1
f 83/53/27 85/54/27 86/54/27
f 83/53/27 86/54/27 84/53/27
f 85/54/6 79/51/6 82/51/6
f 85/54/6 82/51/6 86/54/6
f 86/54/28 82/51/28 87/30/28
f 88/32/24 87/30/24 82/51/24
f 86/54/15 87/30/15 76/49/15
f 84/53/15 86/54/15 76/49/15
f 84/53/29 76/49/29 89/50/29
f 81/52/25 84/53/25 89/50/25
f 89/50/19 88/32/30 82/51/30
f 89/50/19 82/51/30 81/52/19
f 90/55/11 91/56/11 92/56/11
f 90/55/11 92/56/11 93/55/11
f 94/57/12 95/58/12 96/58/12
f 94/57/12 96/58/12 97/57/12
f 97/57/9 96/58/9 93/55/9
f 97/57/9 93/55/9 92/56/9
f 98/59/11 99/60/11 100/60/11
f 98/59/11 100/60/11 101/59/11
f 102/61/12 103/62/12 104/62/12
f 102/61/12 104/62/12 105/61/12
f 105/61/9 104/62/9 101/59/9
f 105/61/9 101/59/9 100/60/9
f 106/63/11 107/64/11 108/64/11
f 106/63/11 108/64/11 109/63/11
f 110/65/12 111/66/12 112/66/12
f 110/65/12 112/66/12 113/65/12
f 113/65/9 112/66/9 109/63/9
f 113/65/9 109/63/9 108/64/9
f 114/67/11 115/68/11 116/68/11
f 114/67/11 116/68/11 117/67/11
f 118/69/12 119/70/12 120/70/12
f 118/69/12 120/70/12 121/69/12
f 121/69/9 120/70/9 117/67/9
f 121/69/9 117/67/9 116/68/9
f 122/71/9 123/72/9 124/54/9
f 122/71/9 124/54/9 125/43/9
f 126/42/9 127/51/9 128/73/9
f 126/42/9 128/73/9 129/74/9
f 130/75/31 131/76/32 132/76/33
f 130/75/31 132/76/33 133/75/1
f 131/76/32 134/77/34 135/77/35
f 131/76/32 135/77/35 132/76/33
f 134/77/34 136/78/36 137/78/37
f 134/77/34 137/78/37 135/77/35
f 136/78/36 138/79/38 139/79/38
f 136/78/36 139/79/38 137/78/37
f 138/79/38 140/80/39 141/80/40
f 138/79/38 141/80/40 139/79/38
f 140/80/39 142/81/41 143/81/42
f 140/80/39 143/81/42 141/80/40
f 142/81/41 144/82/43 145/82/44
f 142/81/41 145/82/44 143/81/42
f 144/82/43 146/83/45 147/83/46
f 144/82/43 147/83/46 145/82/44
f 146/83/45 148/84/47 149/84/47
f 146/83/45 149/84/47 147/83/46
f 148/84/47 150/85/48 151/85/49
f 148/84/47 151/85/49 149/84/47
f 150/85/48 152/86/50 153/86/51
f 150/85/48 153/86/51 151/85/49
f 152/86/50 154/87/52 155/87/53
f 152/86/50 155/87/53 153/86/51
f 154/87/52 156/88/54 157/88/55
f 154/87/52 157/88/55 155/87/53
f 156/88/54 158/89/56 159/89/57
f 156/88/54 159/89/57 157/88/55
f 158/89/56 160/90/58 161/90/58
f 158/89/56 161/90/58 159/89/57
f 160/90/58 130/75/31 133/75/1
f 160/90/58 133/75/1 161/90/58
f 153/86/9 155/87/9 157/88/9
f 151/85/9 153/86/9 157/88/9
f 151/85/9 157/88/9 159/89/59
f 149/84/9 151/85/9 159/89/59
f 147/83/9 149/84/9 159/89/59
f 145/82/60 147/83/9 159/89/59
f 143/81/9 145/82/60 159/89/59
f 141/80/61 143/81/9 159/89/59
f 139/79/62 141/80/61 159/89/59
f 137/78/59 139/79/62 159/89/59
f 135/77/63 137/78/59 159/89/59
f 132/76/59 135/77/63 159/89/59
f 133/75/9 132/76/59 159/89/59
f 161/90/9 133/75/9 159/89/59
f 162/91/31 163/92/32 164/92/33
f 162/91/31 164/92/33 165/91/1
f 163/92/32 166/93/34 167/93/35
f 163/92/32 167/93/35 164/92/33
f 166/93/34 168/94/36 169/94/37
f 166/93/34 169/94/37 167/93/35
f 168/94/36 170/95/38 171/95/38
f 168/94/36 171/95/38 169/94/37
f 170/95/38 172/96/39 173/96/64
f 170/95/38 173/96/64 171/95/38
f 172/96/39 174/97/41 175/97/42
f 172/96/39 175/97/42 173/96/64
f 174/97/41 176/98/43 177/98/44
f 174/97/41 177/98/44 175/97/42
f 176/98/43 178/99/45 179/99/46
f 176/98/43 179/99/46 177/98/44
f 178/99/45 180/100/47 181/100/47
f 178/99/45 181/100/47 179/99/46
f 180/100/47 182/101/65 183/101/66
f 180/100/47 183/101/66 181/100/47
f 182/101/65 184/102/50 185/102/51
f 182/101/65 185/102/51 183/101/66
f 184/102/50 186/103/52 187/103/53
f 184/102/50 187/103/53 185/102/51
f 186/103/52 188/104/54 189/104/55
f 186/103/52 189/104/55 187/103/53
f 188/104/54 190/105/56 191/105/57
f 188/104/54 191/105/57 189/104/55
f 190/105/56 192/106/58 193/106/58
f 190/105/56 193/106/58 191/105/57
f 192/106/58 162/91/31 165/91/1
f 192/106/58 165/91/1 193/106/58
f 185/102/9 187/103/9 189/104/9
f 183/101/9 185/102/9 189/104/9
f 183/101/9 189/104/9 191/105/59
f 181/100/9 183/101/9 191/105/59
f 179/99/9 181/100/9 191/105/59
f 177/98/59 179/99/9 191/105/59
f 175/97/9 177/98/59 191/105/59
f 173/96/61 175/97/9 191/105/59
f 171/95/62 173/96/61 191/105/59
f 169/94/59 171/95/62 191/105/59
f 167/93/63 169/94/59 191/105/59
f 164/92/61 167/93/63 191/105/59
f 165/91/9 164/92/61 191/105/59
f 193/106/9 165/91/9 191/105/59
f 194/107/1 195/108/67 196/108/33
f 194/107/1 196/108/33 197/107/1
f 195/108/67 198/109/68 199/109/35
f 195/108/67 199/109/35 196/108/33
f 198/109/68 200/110/36 201/110/37
f 198/109/68 201/110/37 199/109/35
f 200/110/36 202/111/38 203/111/38
f 200/110/36 203/111/38 201/110/37
f 202/111/38 204/112/39 205/112/40
f 202/111/38 205/112/40 203/111/38
f 204/112/39 206/113/41 207/113/42
f 204/112/39 207/113/42 205/112/40
f 206/113/41 208/114/69 209/114/44
f 206/113/41 209/114/44 207/113/42
f 208/114/69 210/115/45 211/115/46
f 208/114/69 211/115/46 209/114/44
f 210/115/45 212/116/47 213/116/47
f 210/115/45 213/116/47 211/115/46
f 212/116/47 214/117/48 215/117/49
f 212/116/47 215/117/49 213/116/47
f 214/117/48 216/118/50 217/118/51
f 214/117/48 217/118/51 215/117/49
f 216/118/50 218/119/52 219/119/53
f 216/118/50 219/119/53 217/118/51
f 218/119/52 220/120/54 221/120/55
f 218/119/52 221/120/55 219/119/53
f 220/120/54 222/121/56 223/121/57
f 220/120/54 223/121/57 221/120/55
f 222/121/56 224/122/58 225/122/58
f 222/121/56 225/122/58 223/121/57
f 224/122/58 194/107/1 197/107/1
f 224/122/58 197/107/1 225/122/58
f 217/118/9 219/119/9 221/120/9
f 215/117/9 217/118/9 221/120/9
f 215/117/9 221/120/9 223/121/59
f 213/116/9 215/117/9 223/121/59
f 211/115/9 213/116/9 223/121/59
f 209/114/59 211/115/9 223/121/59
f 207/113/9 209/114/59 223/121/59
f 205/112/61 207/113/9 223/121/59
f 203/111/62 205/112/61 223/121/59
f 201/110/59 203/111/62 223/121/59
f 199/109/63 201/110/59 223/121/59
f 196/108/59 199/109/63 223/121/59
f 197/107/9 196/108/59 223/121/59
f 225/122/9 197/107/9 223/121/59
f 226/123/31 227/124/67 228/124/33
f 226/123/31 228/124/33 229/123/1
f 227/124/67 230/125/34 231/125/35
f 227/124/67 231/125/35 228/124/33
f 230/125/34 232/126/36 233/126/37
f 230/125/34 233/126/37 231/125/35
f 232/126/36 234/127/38 235/127/38
f 232/126/36 235/127/38 233/126/37
f 234/127/38 236/128/39 237/128/64
f 234/127/38 237/128/64 235/127/38
f 236/128/39 238/129/41 239/129/42
f 236/128/39 239/129/42 237/128/64
f 238/129/41 240/130/43 241/130/44
f 238/129/41 241/130/44 239/129/42
f 240/130/43 242/131/45 243/131/46
f 240/130/43 243/131/46 241/130/44
f 242/131/45 244/132/47 245/132/47
f 242/131/45 245/132/47 243/131/46
f 244/132/47 246/133/70 247/133/71
f 244/132/47 247/133/71 245/132/47
f 246/133/70 248/134/50 249/134/51
f 246/133/70 249/134/51 247/133/71
f 248/134/50 250/135/52 251/135/53
f 248/134/50 251/135/53 249/134/51
f 250/135/52 252/136/54 253/136/55
f 250/135/52 253/136/55 251/135/53
f 252/136/54 254/137/56 255/137/57
f 252/136/54 255/137/57 253/136/55
f 254/137/56 256/138/58 257/138/58
f 254/137/56 257/138/58 255/137/57
f 256/138/58 226/123/31 229/123/1
f 256/138/58 229/123/1 257/138/58
f 249/134/9 251/135/9 253/136/9
f 247/133/9 249/134/9 253/136/9
f 247/133/9 253/136/9 255/137/59
f 245/132/9 247/133/9 255/137/59
f 243/131/9 245/132/9 255/137/59
f 241/130/60 243/131/9 255/137/59
f 239/129/9 241/130/60 255/137/59
f 237/128/61 239/129/9 255/137/59
f 235/127/62 237/128/61 255/137/59
f 233/126/59 235/127/62 255/137/59
f 231/125/63 233/126/59 255/137/59
f 228/124/61 231/125/63 255/137/59
f 229/123/9 228/124/61 255/137/59
f 257/138/9 229/123/9 255/137/59
f 258/139/1 259/140/1 260/140/1
f 258/139/1 260/140/1 261/139/1
f 262/141/2 261/139/3 260/140/4
f 263/142/5 262/141/2 260/140/4
f 264/143/6 265/144/6 266/144/6
f 264/143/6 267/143/6 265/144/6
f 268/145/7 265/144/7 267/143/7
f 269/146/72 265/144/72 268/145/72
f 270/147/1 271/148/1 272/148/1
f 270/147/1 272/148/1 273/147/1
f 274/149/73 273/147/3 272/148/74
f 275/150/5 274/149/73 272/148/74
f 276/151/6 277/152/6 278/152/6
f 276/151/6 279/151/6 277/152/6
f 280/153/7 277/152/7 279/151/7
f 281/154/72 277/152/72 280/153/72
f 282/155/1 283/156/1 284/156/1
f 282/155/1 284/156/1 285/155/1
f 286/157/2 285/155/3 284/156/4
f 287/158/4 286/157/2 284/156/4
f 288/159/6 289/160/6 290/160/6
f 288/159/6 291/159/6 289/160/6
f 292/161/7 289/160/7 291/159/7
f 293/162/8 289/160/8 292/161/8
f 294/163/9 295/164/9 296/165/62
f 297/166/61 294/163/9 296/165/62
f 298/167/61 297/166/61 296/165/62
f 298/167/61 296/165/62 299/168/9
f 300/169/9 298/167/61 299/168/9
f 300/169/9 299/168/9 301/170/9
f 302/171/11 303/172/11 304/172/11
f 302/171/11 304/172/11 305/171/11
f 303/172/1 306/173/1 307/173/1
f 303/172/1 307/173/1 304/172/1
f 306/173/12 308/174/12 309/174/12
f 306/173/12 309/174/12 307/173/12
f 308/174/6 302/171/6 305/171/6
f 308/174/6 305/171/6 309/174/6
f 309/174/75 305/171/75 310/175/75
f 311/176/76 310/175/76 305/171/76
f 309/174/15 310/175/15 312/177/16
f 307/173/16 309/174/15 312/177/16
f 307/173/77 312/177/77 313/178/78
f 304/172/78 307/173/77 313/178/78
f 313/178/79 311/176/79 305/171/79
f 313/178/79 305/171/79 304/172/79
f 314/179/11 315/180/11 316/180/11
f 314/179/11 316/180/11 317/179/11
f 315/180/1 318/181/1 319/181/1
f 315/180/1 319/181/1 316/180/1
f 318/181/12 320/182/12 321/182/12
f 318/181/12 321/182/12 319/181/12
f 320/182/6 314/179/6 317/179/6
f 320/182/6 317/179/6 321/182/6
f 321/182/75 317/179/14 312/177/75
f 313/178/14 312/177/75 317/179/14
f 321/182/15 312/177/15 322/165/15
f 319/181/15 321/182/15 322/165/15
f 319/181/78 322/165/78 323/164/78
f 316/180/78 319/181/78 323/164/78
f 323/164/79 313/178/79 317/179/79
f 323/164/79 317/179/79 316/180/79
f 324/183/11 325/184/11 326/184/11
f 324/183/11 326/184/11 327/183/11
f 325/184/1 328/185/1 329/185/1
f 325/184/1 329/185/1 326/184/1
f 328/185/12 330/186/12 331/186/12
f 328/185/12 331/186/12 329/185/12
f 330/186/6 324/183/6 327/183/6
f 330/186/6 327/183/6 331/186/6
f 331/186/80 327/183/81 332/187/80
f 333/188/82 332/187/80 327/183/81
f 331/186/16 332/187/16 310/175/16
f 329/185/83 331/186/83 310/175/83
f 329/185/25 310/175/25 334/176/25
f 326/184/25 329/185/25 334/176/25
f 334/176/79 333/188/79 327/183/79
f 334/176/79 327/183/79 326/184/79
f 335/189/11 336/190/11 337/190/11
f 335/189/11 337/190/11 338/189/11
f 336/190/1 339/191/1 340/191/1
f 336/190/1 340/191/1 337/190/1
f 339/191/12 341/192/12 342/192/12
f 339/191/12 342/192/12 340/191/12
f 341/192/6 335/189/6 338/189/6
f 341/192/6 338/189/6 342/192/6
f 342/192/28 338/189/28 343/168/28
f 344/170/84 343/168/84 338/189/84
f 342/192/15 343/168/16 332/187/16
f 340/191/15 342/192/15 332/187/16
f 340/191/85 332/187/86 333/188/25
f 337/190/25 340/191/85 333/188/25
f 333/188/79 344/170/79 338/189/79
f 333/188/79 338/189/79 337/190/79
f 345/193/11 346/194/11 347/194/11
f 345/193/11 347/194/11 348/193/11
f 349/195/12 350/196/12 351/196/12
f 349/195/12 351/196/12 352/195/12
f 352/195/9 351/196/9 348/193/9
f 352/195/9 348/193/9 347/194/9
f 353/197/11 354/198/11 355/198/11
f 353/197/11 355/198/11 356/197/11
f 357/199/12 358/200/12 359/200/12
f 357/199/12 359/200/12 360/199/12
f 360/199/9 359/200/9 356/197/9
f 360/199/9 356/197/9 355/198/9
f 361/201/9 362/202/9 363/192/9
f 361/201/9 363/192/9 364/181/9
f 365/180/9 366/189/9 367/203/9
f 365/180/9 367/203/9 368/204/9
f 369/139/1 370/140/1 371/140/1
f 369/139/1 371/140/1 372/139/1
f 373/141/73 372/139/3 371/140/74
f 374/142/5 373/141/73 371/140/74
f 375/143/6 376/144/6 377/144/6
f 375/143/6 378/143/6 376/144/6
f 379/145/7 376/144/7 378/143/7
f 380/146/87 376/144/87 379/145/87
f 381/147/1 382/148/1 383/148/1
f 381/147/1 383/148/1 384/147/1
f 385/149/73 384/147/3 383/148/74
f 386/150/5 385/149/73 383/148/74
f 387/159/6 388/160/6 389/160/6
f 387/159/6 390/159/6 388/160/6
f 391/161/7 388/160/7 390/159/7
f 392/162/8 388/160/8 391/161/8
f 393/163/9 394/164/9 395/165/9
f 396/166/61 393/163/9 395/165/9
f 397/167/61 396/166/61 395/165/9
f 397/167/61 395/165/9 398/168/9
f 399/169/9 397/167/61 398/168/9
f 399/169/9 398/168/9 400/170/9
f 401/180/1 402/181/1 403/181/1
f 401/180/1 403/181/1 404/180/1
f 403/181/77 395/165/77 394/164/78
f 404/180/78 403/181/77 394/164/78
f 405/186/6 406/183/6 407/183/6
f 405/186/6 407/183/6 408/186/6
f 408/186/80 407/183/82 409/187/88
f 410/188/82 409/187/88 407/183/82
f 411/189/11 412/190/11 413/190/11
f 411/189/11 413/190/11 414/189/11
f 412/190/1 415/191/1 416/191/1
f 412/190/1 416/191/1 413/190/1
f 415/191/12 417/192/12 418/192/12
f 415/191/12 418/192/12 416/191/12
f 417/192/6 411/189/6 414/189/6
f 417/192/6 414/189/6 418/192/6
f 418/192/28 414/189/28 419/168/28
f 420/170/84 419/168/84 414/189/84
f 418/192/15 419/168/15 409/187/15
f 416/191/15 418/192/15 409/187/15
f 416/191/89 409/187/86 410/188/25
f 413/190/25 416/191/89 410/188/25
f 410/188/79 420/170/79 414/189/79
f 410/188/79 414/189/79 413/190/79
f 421/193/11 422/194/11 423/194/11
f 421/193/11 423/194/11 424/193/11
f 425/195/12 426/196/12 427/196/12
f 425/195/12 427/196/12 428/195/12
f 428/195/9 427/196/9 424/193/9
f 428/195/9 424/193/9 423/194/9
f 429/197/11 430/198/11 431/198/11
f 429/197/11 431/198/11 432/197/11
f 433/199/12 434/200/12 435/200/12
f 433/199/12 435/200/12 436/199/12
f 436/199/9 435/200/9 432/197/9
f 436/199/9 432/197/9 431/198/9
f 437/201/9 438/202/9 439/192/9
f 437/201/9 439/192/9 440/181/9
f 441/180/9 442/189/9 443/203/9
f 441/180/9 443/203/9 444/204/9
f 445/192/15 446/168/15 447/187/15
f 448/191/16 445/192/15 447/187/15
f 449/1/1 450/2/1 451/2/1
f 449/1/1 451/2/1 452/1/1
f 453/3/4 452/1/5 451/2/3
f 454/4/73 453/3/4 451/2/3
f 455/5/6 456/6/6 457/6/6
f 455/5/6 458/5/6 456/6/6
f 459/7/8 456/6/8 458/5/8
f 460/8/87 456/6/87 459/7/87
f 461/9/1 462/10/1 463/10/1
f 461/9/1 463/10/1 464/9/1
f 465/11/4 464/9/5 463/10/3
f 466/12/73 465/11/4 463/10/3
f 467/13/6 468/14/6 469/14/6
f 467/13/6 470/13/6 468/14/6
f 471/15/8 468/14/8 470/13/8
f 472/16/87 468/14/87 471/15/87
f 473/17/1 474/18/1 475/18/1
f 473/17/1 475/18/1 476/17/1
f 477/19/4 476/17/5 475/18/3
f 478/20/73 477/19/4 475/18/3
f 479/21/6 480/22/6 481/22/6
f 479/21/6 482/21/6 480/22/6
f 483/23/87 480/22/87 482/21/87
f 484/24/90 480/22/90 483/23/90
f 485/25/9 486/26/9 487/27/9
f 488/28/9 485/25/9 487/27/9
f 489/29/60 488/28/9 487/27/9
f 489/29/60 487/27/9 490/30/9
f 491/31/9 489/29/60 490/30/9
f 491/31/9 490/30/9 492/32/9
f 493/33/11 494/34/11 495/34/11
f 493/33/11 495/34/11 496/33/11
f 494/34/1 497/35/1 498/35/1
f 494/34/1 498/35/1 495/34/1
f 497/35/12 499/36/12 500/36/12
f 497/35/12 500/36/12 498/35/12
f 499/36/6 493/33/6 496/33/6
f 499/36/6 496/33/6 500/36/6
f 500/36/13 496/33/13 501/37/13
f 502/38/21 501/37/21 496/33/21
f 500/36/16 501/37/16 503/39/16
f 498/35/16 500/36/16 503/39/16
f 498/35/91 503/39/91 504/40/18
f 495/34/18 498/35/91 504/40/18
f 504/40/92 502/38/92 496/33/92
f 504/40/92 496/33/92 495/34/92
f 505/41/11 506/42/93 507/42/93
f 505/41/11 507/42/93 508/41/11
f 506/42/1 509/43/1 510/43/1
f 506/42/1 510/43/1 507/42/1
f 509/43/12 511/44/12 512/44/12
f 509/43/12 512/44/12 510/43/12
f 511/44/6 505/41/6 508/41/6
f 511/44/6 508/41/6 512/44/6
f 512/44/13 508/41/21 503/39/21
f 504/40/21 503/39/21 508/41/21
f 512/44/16 503/39/16 513/27/16
f 510/43/16 512/44/16 513/27/16
f 510/43/91 513/27/91 514/26/91
f 507/42/18 510/43/18 514/26/18
f 514/26/92 504/40/94 508/41/92
f 514/26/92 508/41/92 507/42/95
f 515/45/11 516/46/11 517/46/11
f 515/45/11 517/46/11 518/45/11
f 516/46/1 519/47/1 520/47/1
f 516/46/1 520/47/1 517/46/1
f 519/47/12 521/48/12 522/48/12
f 519/47/12 522/48/12 520/47/12
f 521/48/6 515/45/6 518/45/6
f 521/48/6 518/45/6 522/48/6
f 522/48/96 518/45/24 523/49/96
f 524/50/24 523/49/96 518/45/24
f 522/48/16 523/49/16 525/37/16
f 520/47/16 522/48/16 525/37/16
f 520/47/85 525/37/85 526/38/85
f 517/46/26 520/47/26 526/38/26
f 526/38/92 524/50/92 518/45/92
f 526/38/92 518/45/92 517/46/95
f 527/51/11 528/52/11 529/52/11
f 527/51/11 529/52/11 530/51/11
f 528/52/1 531/53/1 532/53/1
f 528/52/1 532/53/1 529/52/1
f 531/53/12 533/54/12 534/54/12
f 531/53/12 534/54/12 532/53/12
f 533/54/6 527/51/6 530/51/6
f 533/54/6 530/51/6 534/54/6
f 534/54/96 530/51/96 535/30/96
f 536/32/24 535/30/24 530/51/24
f 534/54/16 535/30/16 523/49/16
f 532/53/16 534/54/16 523/49/16
f 532/53/85 523/49/85 524/50/26
f 529/52/26 532/53/85 524/50/26
f 524/50/92 536/32/94 530/51/94
f 524/50/92 530/51/94 529/52/97
f 537/55/11 538/56/11 539/56/11
f 537/55/11 539/56/11 540/55/11
f 541/57/12 542/58/12 543/58/12
f 541/57/12 543/58/12 544/57/12
f 544/57/9 543/58/9 540/55/9
f 544/57/9 540/55/9 539/56/9
f 545/59/11 546/60/11 547/60/11
f 545/59/11 547/60/11 548/59/11
f 549/61/12 550/62/12 551/62/12
f 549/61/12 551/62/12 552/61/12
f 552/61/9 551/62/9 548/59/9
f 552/61/9 548/59/9 547/60/9
f 553/63/11 554/64/11 555/64/11
f 553/63/11 555/64/11 556/63/11
f 557/65/12 558/66/12 559/66/12
f 557/65/12 559/66/12 560/65/12
f 560/65/9 559/66/9 556/63/9
f 560/65/9 556/63/9 555/64/9
f 561/67/11 562/68/11 563/68/11
f 561/67/11 563/68/11 564/67/11
f 565/69/12 566/70/12 567/70/12
f 565/69/12 567/70/12 568/69/12
f 568/69/9 567/70/9 564/67/9
f 568/69/9 564/67/9 563/68/9
f 569/71/9 570/72/9 571/54/9
f 569/71/9 571/54/9 572/43/9
f 573/42/9 574/51/9 575/73/9
f 573/42/9 575/73/9 576/74/9
f 577/75/1 578/76/98 579/76/99
f 577/75/1 579/76/99 580/75/1
f 578/76/98 581/77/100 582/77/100
f 578/76/98 582/77/100 579/76/99
f 581/77/100 583/78/101 584/78/102
f 581/77/100 584/78/102 582/77/100
f 583/78/101 585/79/103 586/79/103
f 583/78/101 586/79/103 584/78/102
f 585/79/103 587/80/104 588/80/105
f 585/79/103 588/80/105 586/79/103
f 587/80/104 589/81/106 590/81/107
f 587/80/104 590/81/107 588/80/105
f 589/81/106 591/82/43 592/82/44
f 589/81/106 592/82/44 590/81/107
f 591/82/43 593/83/6 594/83/6
f 591/82/43 594/83/6 592/82/44
f 593/83/6 595/84/108 596/84/47
f 593/83/6 596/84/47 594/83/6
f 595/84/108 597/85/109 598/85/110
f 595/84/108 598/85/110 596/84/47
f 597/85/109 599/86/50 600/86/111
f 597/85/109 600/86/111 598/85/110
f 599/86/50 601/87/52 602/87/53
f 599/86/50 602/87/53 600/86/111
f 601/87/52 603/88/112 604/88/113
f 601/87/52 604/88/113 602/87/53
f 603/88/112 605/89/56 606/89/57
f 603/88/112 606/89/57 604/88/113
f 605/89/56 607/90/114 608/90/115
f 605/89/56 608/90/115 606/89/57
f 607/90/114 577/75/1 580/75/1
f 607/90/114 580/75/1 608/90/115
f 600/86/9 602/87/9 604/88/9
f 598/85/9 600/86/9 604/88/9
f 598/85/9 604/88/9 606/89/9
f 596/84/9 598/85/9 606/89/9
f 594/83/9 596/84/9 606/89/9
f 592/82/10 594/83/9 606/89/9
f 590/81/9 592/82/10 606/89/9
f 588/80/59 590/81/9 606/89/9
f 586/79/63 588/80/59 606/89/9
f 584/78/9 586/79/63 606/89/9
f 582/77/9 584/78/9 606/89/9
f 579/76/59 582/77/9 606/89/9
f 580/75/9 579/76/59 606/89/9
f 608/90/9 580/75/9 606/89/9
f 609/91/1 610/92/98 611/92/99
f 609/91/1 611/92/99 612/91/1
f 610/92/98 613/93/116 614/93/100
f 610/92/98 614/93/100 611/92/99
f 613/93/116 615/94/101 616/94/37
f 613/93/116 616/94/37 614/93/100
f 615/94/101 617/95/103 618/95/103
f 615/94/101 618/95/103 616/94/37
f 617/95/103 619/96/117 620/96/105
f 617/95/103 620/96/105 618/95/103
f 619/96/117 621/97/106 622/97/106
f 619/96/117 622/97/106 620/96/105
f 621/97/106 623/98/43 624/98/44
f 621/97/106 624/98/44 622/97/106
f 623/98/43 625/99/6 626/99/6
f 623/98/43 626/99/6 624/98/44
f 625/99/6 627/100/108 628/100/47
f 625/99/6 628/100/47 626/99/6
f 627/100/108 629/101/49 630/101/110
f 627/100/108 630/101/110 628/100/47
f 629/101/49 631/102/50 632/102/111
f 629/101/49 632/102/111 630/101/110
f 631/102/50 633/103/53 634/103/53
f 631/102/50 634/103/53 632/102/111
f 633/103/53 635/104/118 636/104/113
f 633/103/53 636/104/113 634/103/53
f 635/104/118 637/105/56 638/105/57
f 635/104/118 638/105/57 636/104/113
f 637/105/56 639/106/114 640/106/115
f 637/105/56 640/106/115 638/105/57
f 639/106/114 609/91/1 612/91/1
f 639/106/114 612/91/1 640/106/115
f 632/102/9 634/103/9 636/104/9
f 630/101/9 632/102/9 636/104/9
f 630/101/9 636/104/9 638/105/9
f 628/100/9 630/101/9 638/105/9
f 626/99/9 628/100/9 638/105/9
f 624/98/10 626/99/9 638/105/9
f 622/97/9 624/98/10 638/105/9
f 620/96/59 622/97/9 638/105/9
f 618/95/63 620/96/59 638/105/9
f 616/94/9 618/95/63 638/105/9
f 614/93/9 616/94/9 638/105/9
f 611/92/59 614/93/9 638/105/9
f 612/91/9 611/92/59 638/105/9
f 640/106/9 612/91/9 638/105/9
f 641/107/1 642/108/33 643/108/98
f 641/107/1 643/108/98 644/107/1
f 642/108/33 645/109/116 646/109/100
f 642/108/33 646/109/100 643/108/98
f 645/109/116 647/110/101 648/110/102
f 645/109/116 648/110/102 646/109/100
f 647/110/101 649/111/103 650/111/103
f 647/110/101 650/111/103 648/110/102
f 649/111/103 651/112/117 652/112/105
f 649/111/103 652/112/105 650/111/103
f 651/112/117 653/113/41 654/113/106
f 651/112/117 654/113/106 652/112/105
f 653/113/41 655/114/43 656/114/44
f 653/113/41 656/114/44 654/113/106
f 655/114/43 657/115/6 658/115/6
f 655/114/43 658/115/6 656/114/44
f 657/115/6 659/116/108 660/116/47
f 657/115/6 660/116/47 658/115/6
f 659/116/108 661/117/49 662/117/119
f 659/116/108 662/117/119 660/116/47
f 661/117/49 663/118/50 664/118/120
f 661/117/49 664/118/120 662/117/119
f 663/118/50 665/119/52 666/119/52
f 663/118/50 666/119/52 664/118/120
f 665/119/52 667/120/54 668/120/113
f 665/119/52 668/120/113 666/119/52
f 667/120/54 669/121/56 670/121/121
f 667/120/54 670/121/121 668/120/113
f 669/121/56 671/122/114 672/122/122
f 669/121/56 672/122/122 670/121/121
f 671/122/114 641/107/1 644/107/1
f 671/122/114 644/107/1 672/122/122
f 664/118/9 666/119/9 668/120/9
f 662/117/9 664/118/9 668/120/9
f 662/117/9 668/120/9 670/121/9
f 660/116/9 662/117/9 670/121/9
f 658/115/9 660/116/9 670/121/9
f 656/114/61 658/115/9 670/121/9
f 654/113/9 656/114/61 670/121/9
f 652/112/59 654/113/9 670/121/9
f 650/111/63 652/112/59 670/121/9
f 648/110/9 650/111/63 670/121/9
f 646/109/61 648/110/9 670/121/9
f 643/108/61 646/109/61 670/121/9
f 644/107/9 643/108/61 670/121/9
f 672/122/9 644/107/9 670/121/9
f 673/123/1 674/124/98 675/124/99
f 673/123/1 675/124/99 676/123/1
f 674/124/98 677/125/34 678/125/100
f 674/124/98 678/125/100 675/124/99
f 677/125/34 679/126/101 680/126/37
f 677/125/34 680/126/37 678/125/100
f 679/126/101 681/127/103 682/127/123
f 679/126/101 682/127/123 680/126/37
f 681/127/103 683/128/104 684/128/105
f 681/127/103 684/128/105 682/127/123
f 683/128/104 685/129/106 686/129/106
f 683/128/104 686/129/106 684/128/105
f 685/129/106 687/130/43 688/130/44
f 685/129/106 688/130/44 686/129/106
f 687/130/43 689/131/6 690/131/6
f 687/130/43 690/131/6 688/130/44
f 689/131/6 691/132/108 692/132/47
f 689/131/6 692/132/47 690/131/6
f 691/132/108 693/133/49 694/133/110
f 691/132/108 694/133/110 692/132/47
f 693/133/49 695/134/50 696/134/111
f 693/133/49 696/134/111 694/133/110
f 695/134/50 697/135/52 698/135/53
f 695/134/50 698/135/53 696/134/111
f 697/135/52 699/136/112 700/136/113
f 697/135/52 700/136/113 698/135/53
f 699/136/112 701/137/56 702/137/56
f 699/136/112 702/137/56 700/136/113
f 701/137/56 703/138/114 704/138/115
f 701/137/56 704/138/115 702/137/56
f 703/138/114 673/123/1 676/123/1
f 703/138/114 676/123/1 704/138/115
f 696/134/9 698/135/9 700/136/9
f 694/133/9 696/134/9 700/136/9
f 694/133/9 700/136/9 702/137/9
f 692/132/9 694/133/9 702/137/9
f 690/131/9 692/132/9 702/137/9
f 688/130/10 690/131/9 702/137/9
f 686/129/9 688/130/10 702/137/9
f 684/128/59 686/129/9 702/137/9
f 682/127/61 684/128/59 702/137/9
f 680/126/9 682/127/61 702/137/9
f 678/125/61 680/126/9 702/137/9
f 675/124/61 678/125/61 702/137/9
f 676/123/9 675/124/61 702/137/9
f 704/138/9 676/123/9 702/137/9
f 705/1/1 706/2/1 707/2/1
f 705/1/1 707/2/1 708/1/1
f 709/3/4 708/1/5 707/2/3
f 710/4/73 709/3/4 707/2/3
f 711/5/6 712/6/6 713/6/6
f 711/5/6 714/5/6 712/6/6
f 715/7/87 712/6/87 714/5/87
f 716/8/90 712/6/90 715/7/90
f 717/9/1 718/10/1 719/10/1
f 717/9/1 719/10/1 720/9/1
f 721/11/4 720/9/5 719/10/3
f 722/12/73 721/11/4 719/10/3
f 723/13/6 724/14/6 725/14/6
f 723/13/6 726/13/6 724/14/6
f 727/15/87 724/14/87 726/13/87
f 728/16/90 724/14/90 727/15/90
f 729/17/1 730/18/1 731/18/1
f 729/17/1 731/18/1 732/17/1
f 733/19/4 732/17/5 731/18/3
f 734/20/73 733/19/4 731/18/3
f 735/21/6 736/22/6 737/22/6
f 735/21/6 738/21/6 736/22/6
f 739/23/87 736/22/87 738/21/87
f 740/24/90 736/22/90 739/23/90
f 741/25/9 742/26/9 743/27/9
f 744/28/9 741/25/9 743/27/9
f 745/29/60 744/28/9 743/27/9
f 745/29/60 743/27/9 746/30/9
f 747/31/9 745/29/60 746/30/9
f 747/31/9 746/30/9 748/32/9
f 749/33/11 750/34/11 751/34/11
f 749/33/11 751/34/11 752/33/11
f 750/34/1 753/35/1 754/35/1
f 750/34/1 754/35/1 751/34/1
f 753/35/12 755/36/12 756/36/12
f 753/35/12 756/36/12 754/35/12
f 755/36/6 749/33/6 752/33/6
f 755/36/6 752/33/6 756/36/6
f 756/36/13 752/33/13 757/37/13
f 758/38/75 757/37/75 752/33/75
f 756/36/16 757/37/16 759/39/16
f 754/35/16 756/36/16 759/39/16
f 754/35/91 759/39/91 760/40/18
f 751/34/18 754/35/91 760/40/18
f 760/40/92 758/38/95 752/33/92
f 760/40/92 752/33/92 751/34/92
f 761/41/11 762/42/93 763/42/93
f 761/41/11 763/42/93 764/41/11
f 762/42/1 765/43/1 766/43/1
f 762/42/1 766/43/1 763/42/1
f 765/43/12 767/44/12 768/44/12
f 765/43/12 768/44/12 766/43/12
f 767/44/6 761/41/6 764/41/6
f 767/44/6 764/41/6 768/44/6
f 768/44/75 764/41/75 759/39/75
f 760/40/75 759/39/75 764/41/75
f 768/44/16 759/39/16 743/27/16
f 766/43/16 768/44/16 743/27/16
f 766/43/91 743/27/91 742/26/18
f 763/42/18 766/43/91 742/26/18
f 742/26/94 760/40/92 764/41/95
f 742/26/94 764/41/95 763/42/95
f 769/45/11 770/46/11 771/46/11
f 769/45/11 771/46/11 772/45/11
f 770/46/1 773/47/1 774/47/1
f 770/46/1 774/47/1 771/46/1
f 773/47/12 775/48/12 776/48/12
f 773/47/12 776/48/12 774/47/12
f 775/48/6 769/45/6 772/45/6
f 775/48/6 772/45/6 776/48/6
f 776/48/96 772/45/24 777/49/96
f 778/50/24 777/49/96 772/45/24
f 776/48/16 777/49/16 779/37/16
f 774/47/16 776/48/16 779/37/16
f 774/47/85 779/37/85 780/38/85
f 771/46/26 774/47/26 780/38/26
f 780/38/92 778/50/97 772/45/92
f 780/38/92 772/45/92 771/46/95
f 781/51/11 782/52/11 783/52/11
f 781/51/11 783/52/11 784/51/11
f 782/52/1 785/53/1 786/53/1
f 782/52/1 786/53/1 783/52/1
f 785/53/12 787/54/12 788/54/12
f 785/53/12 788/54/12 786/53/12
f 787/54/6 781/51/6 784/51/6
f 787/54/6 784/51/6 788/54/6
f 788/54/96 784/51/96 789/30/96
f 790/32/24 789/30/24 784/51/24
f 788/54/16 789/30/16 777/49/16
f 786/53/16 788/54/16 777/49/16
f 786/53/85 777/49/85 778/50/124
f 783/52/26 786/53/85 778/50/124
f 778/50/92 790/32/95 784/51/94
f 778/50/92 784/51/94 783/52/92
f 791/55/11 792/56/11 793/56/11
f 791/55/11 793/56/11 794/55/11
f 795/57/12 796/58/12 797/58/12
f 795/57/12 797/58/12 798/57/12
f 798/57/9 797/58/9 794/55/9
f 798/57/9 794/55/9 793/56/9
f 799/59/11 800/60/11 801/60/11
f 799/59/11 801/60/11 802/59/11
f 803/61/12 804/62/12 805/62/12
f 803/61/12 805/62/12 806/61/12
f 806/61/9 805/62/9 802/59/9
f 806/61/9 802/59/9 801/60/9
f 807/63/11 808/64/11 809/64/11
f 807/63/11 809/64/11 810/63/11
f 811/65/12 812/66/12 813/66/12
f 811/65/12 813/66/12 814/65/12
f 814/65/9 813/66/9 810/63/9
f 814/65/9 810/63/9 809/64/9
f 815/67/11 816/68/11 817/68/11
f 815/67/11 817/68/11 818/67/11
f 819/69/12 820/70/12 821/70/12
f 819/69/12 821/70/12 822/69/12
f 822/69/9 821/70/9 818/67/9
f 822/69/9 818/67/9 817/68/9
f 823/71/9 824/72/9 825/54/9
f 823/71/9 825/54/9 826/43/9
f 827/42/9 828/51/9 829/73/9
f 827/42/9 829/73/9 830/74/9
f 831/75/1 832/76/98 833/76/99
f 831/75/1 833/76/99 834/75/1
f 832/76/98 835/77/100 836/77/125
f 832/76/98 836/77/125 833/76/99
f 835/77/100 837/78/101 838/78/37
f 835/77/100 838/78/37 836/77/125
f 837/78/101 839/79/103 840/79/103
f 837/78/101 840/79/103 838/78/37
f 839/79/103 841/80/117 842/80/105
f 839/79/103 842/80/105 840/79/103
f 841/80/117 843/81/106 844/81/42
f 841/80/117 844/81/42 842/80/105
f 843/81/106 845/82/43 846/82/44
f 843/81/106 846/82/44 844/81/42
f 845/82/43 847/83/6 848/83/6
f 845/82/43 848/83/6 846/82/44
f 847/83/6 849/84/108 850/84/47
f 847/83/6 850/84/47 848/83/6
f 849/84/108 851/85/109 852/85/110
f 849/84/108 852/85/110 850/84/47
f 851/85/109 853/86/50 854/86/111
f 851/85/109 854/86/111 852/85/110
f 853/86/50 855/87/52 856/87/52
f 853/86/50 856/87/52 854/86/111
f 855/87/52 857/88/112 858/88/113
f 855/87/52 858/88/113 856/87/52
f 857/88/112 859/89/56 860/89/57
f 857/88/112 860/89/57 858/88/113
f 859/89/56 861/90/114 862/90/115
f 859/89/56 862/90/115 860/89/57
f 861/90/114 831/75/1 834/75/1
f 861/90/114 834/75/1 862/90/115
f 854/86/9 856/87/9 858/88/9
f 852/85/9 854/86/9 858/88/9
f 852/85/9 858/88/9 860/89/9
f 850/84/9 852/85/9 860/89/9
f 848/83/9 850/84/9 860/89/9
f 846/82/10 848/83/9 860/89/9
f 844/81/9 846/82/10 860/89/9
f 842/80/59 844/81/9 860/89/9
f 840/79/61 842/80/59 860/89/9
f 838/78/9 840/79/61 860/89/9
f 836/77/9 838/78/9 860/89/9
f 833/76/59 836/77/9 860/89/9
f 834/75/9 833/76/59 860/89/9
f 862/90/9 834/75/9 860/89/9
f 863/91/1 864/92/98 865/92/99
f 863/91/1 865/92/99 866/91/1
f 864/92/98 867/93/116 868/93/100
f 864/92/98 868/93/100 865/92/99
f 867/93/116 869/94/101 870/94/37
f 867/93/116 870/94/37 868/93/100
f 869/94/101 871/95/103 872/95/103
f 869/94/101 872/95/103 870/94/37
f 871/95/103 873/96/104 874/96/105
f 871/95/103 874/96/105 872/95/103
f 873/96/104 875/97/106 876/97/42
f 873/96/104 876/97/42 874/96/105
f 875/97/106 877/98/43 878/98/44
f 875/97/106 878/98/44 876/97/42
f 877/98/43 879/99/6 880/99/6
f 877/98/43 880/99/6 878/98/44
f 879/99/6 881/100/108 882/100/47
f 879/99/6 882/100/47 880/99/6
f 881/100/108 883/101/110 884/101/126
f 881/100/108 884/101/126 882/100/47
f 883/101/110 885/102/50 886/102/111
f 883/101/110 886/102/111 884/101/126
f 885/102/50 887/103/53 888/103/53
f 885/102/50 888/103/53 886/102/111
f 887/103/53 889/104/118 890/104/113
f 887/103/53 890/104/113 888/103/53
f 889/104/118 891/105/56 892/105/57
f 889/104/118 892/105/57 890/104/113
f 891/105/56 893/106/114 894/106/115
f 891/105/56 894/106/115 892/105/57
f 893/106/114 863/91/1 866/91/1
f 893/106/114 866/91/1 894/106/115
f 886/102/9 888/103/9 890/104/9
f 884/101/9 886/102/9 890/104/9
f 884/101/9 890/104/9 892/105/9
f 882/100/9 884/101/9 892/105/9
f 880/99/9 882/100/9 892/105/9
f 878/98/10 880/99/9 892/105/9
f 876/97/9 878/98/10 892/105/9
f 874/96/59 876/97/9 892/105/9
f 872/95/61 874/96/59 892/105/9
f 870/94/9 872/95/61 892/105/9
f 868/93/9 870/94/9 892/105/9
f 865/92/59 868/93/9 892/105/9
f 866/91/9 865/92/59 892/105/9
f 894/106/9 866/91/9 892/105/9
f 895/107/1 896/108/33 897/108/98
f 895/107/1 897/108/98 898/107/1
f 896/108/33 899/109/116 900/109/100
f 896/108/33 900/109/100 897/108/98
f 899/109/116 901/110/101 902/110/102
f 899/109/116 902/110/102 900/109/100
f 901/110/101 903/111/103 904/111/103
f 901/110/101 904/111/103 902/110/102
f 903/111/103 905/112/104 906/112/105
f 903/111/103 906/112/105 904/111/103
f 905/112/104 907/113/106 908/113/107
f 905/112/104 908/113/107 906/112/105
f 907/113/106 909/114/43 910/114/44
f 907/113/106 910/114/44 908/113/107
f 909/114/43 911/115/6 912/115/6
f 909/114/43 912/115/6 910/114/44
f 911/115/6 913/116/108 914/116/47
f 911/115/6 914/116/47 912/115/6
f 913/116/108 915/117/109 916/117/110
f 913/116/108 916/117/110 914/116/47
f 915/117/109 917/118/50 918/118/111
f 915/117/109 918/118/111 916/117/110
f 917/118/50 919/119/52 920/119/53
f 917/118/50 920/119/53 918/118/111
f 919/119/52 921/120/112 922/120/113
f 919/119/52 922/120/113 920/119/53
f 921/120/112 923/121/56 924/121/56
f 921/120/112 924/121/56 922/120/113
f 923/121/56 925/122/114 926/122/122
f 923/121/56 926/122/122 924/121/56
f 925/122/114 895/107/1 898/107/1
f 925/122/114 898/107/1 926/122/122
f 918/118/9 920/119/9 922/120/9
f 916/117/9 918/118/9 922/120/9
f 916/117/9 922/120/9 924/121/9
f 914/116/9 916/117/9 924/121/9
f 912/115/9 914/116/9 924/121/9
f 910/114/10 912/115/9 924/121/9
f 908/113/9 910/114/10 924/121/9
f 906/112/59 908/113/9 924/121/9
f 904/111/63 906/112/59 924/121/9
f 902/110/9 904/111/63 924/121/9
f 900/109/61 902/110/9 924/121/9
f 897/108/61 900/109/61 924/121/9
f 898/107/9 897/108/61 924/121/9
f 926/122/9 898/107/9 924/121/9
f 927/123/1 928/124/98 929/124/99
f 927/123/1 929/124/99 930/123/1
f 928/124/98 931/125/116 932/125/100
f 928/124/98 932/125/100 929/124/99
f 931/125/116 933/126/101 934/126/102
f 931/125/116 934/126/102 932/125/100
f 933/126/101 935/127/103 936/127/103
f 933/126/101 936/127/103 934/126/102
f 935/127/103 937/128/104 938/128/105
f 935/127/103 938/128/105 936/127/103
f 937/128/104 939/129/106 940/129/107
f 937/128/104 940/129/107 938/128/105
f 939/129/106 941/130/43 942/130/44
f 939/129/106 942/130/44 940/129/107
f 941/130/43 943/131/6 944/131/6
f 941/130/43 944/131/6 942/130/44
f 943/131/6 945/132/108 946/132/47
f 943/131/6 946/132/47 944/131/6
f 945/132/108 947/133/49 948/133/110
f 945/132/108 948/133/110 946/132/47
f 947/133/49 949/134/50 950/134/111
f 947/133/49 950/134/111 948/133/110
f 949/134/50 951/135/53 952/135/53
f 949/134/50 952/135/53 950/134/111
f 951/135/53 953/136/112 954/136/113
f 951/135/53 954/136/113 952/135/53
f 953/136/112 955/137/56 956/137/56
f 953/136/112 956/137/56 954/136/113
f 955/137/56 957/138/114 958/138/115
f 955/137/56 958/138/115 956/137/56
f 957/138/114 927/123/1 930/123/1
f 957/138/114 930/123/1 958/138/115
f 950/134/9 952/135/9 954/136/9
f 948/133/9 950/134/9 954/136/9
f 948/133/9 954/136/9 956/137/9
f 946/132/9 948/133/9 956/137/9
f 944/131/9 946/132/9 956/137/9
f 942/130/10 944/131/9 956/137/9
f 940/129/9 942/130/10 956/137/9
f 938/128/59 940/129/9 956/137/9
f 936/127/63 938/128/59 956/137/9
f 934/126/9 936/127/63 956/137/9
f 932/125/61 934/126/9 956/137/9
f 929/124/61 932/125/61 956/137/9
f 930/123/9 929/124/61 956/137/9
f 958/138/9 930/123/9 956/137/9
f 959/1/1 960/2/1 961/2/1
f 959/1/1 961/2/1 962/1/1
f 963/3/4 962/1/5 961/2/3
f 964/4/73 963/3/4 961/2/3
f 965/5/6 966/6/6 967/6/6
f 965/5/6 968/5/6 966/6/6
f 969/7/8 966/6/8 968/5/8
f 970/8/87 966/6/87 969/7/87
f 971/9/1 972/10/1 973/10/1
f 971/9/1 973/10/1 974/9/1
f 975/11/4 974/9/5 973/10/3
f 976/12/73 975/11/4 973/10/3
f 977/13/6 978/14/6 979/14/6
f 977/13/6 980/13/6 978/14/6
f 981/15/8 978/14/8 980/13/8
f 982/16/87 978/14/87 981/15/87
f 983/17/1 984/18/1 985/18/1
f 983/17/1 985/18/1 986/17/1
f 987/19/4 986/17/5 985/18/3
f 988/20/73 987/19/4 985/18/3
f 989/21/6 990/22/6 991/22/6
f 989/21/6 992/21/6 990/22/6
f 993/23/8 990/22/8 992/21/8
f 994/24/87 990/22/87 993/23/87
f 995/25/9 996/26/9 997/27/9
f 998/28/9 995/25/9 997/27/9
f 999/29/9 998/28/9 997/27/9
f 999/29/9 997/27/9 1000/30/9
f 1001/31/9 999/29/9 1000/30/9
f 1001/31/9 1000/30/9 1002/32/9
f 1003/33/11 1004/34/11 1005/34/11
f 1003/33/11 1005/34/11 1006/33/11
f 1004/34/1 1007/35/1 1008/35/1
f 1004/34/1 1008/35/1 1005/34/1
f 1007/35/12 1009/36/12 1010/36/12
f 1007/35/12 1010/36/12 1008/35/12
f 1010/36/16 1011/37/16 1012/39/16
f 1008/35/16 1010/36/16 1012/39/16
f 1008/35/91 1012/39/91 1013/40/18
f 1005/34/18 1008/35/91 1013/40/18
f 1013/40/92 1014/38/92 1006/33/92
f 1013/40/92 1006/33/92 1005/34/92
f 1015/41/11 1016/42/93 1017/42/93
f 1015/41/11 1017/42/93 1018/41/11
f 1016/42/1 1019/43/1 1020/43/1
f 1016/42/1 1020/43/1 1017/42/1
f 1019/43/12 1021/44/12 1022/44/12
f 1019/43/12 1022/44/12 1020/43/12
f 1021/44/6 1015/41/6 1018/41/6
f 1021/44/6 1018/41/6 1022/44/6
f 1022/44/75 1018/41/75 1012/39/75
f 1013/40/75 1012/39/75 1018/41/75
f 1022/44/16 1012/39/16 997/27/16
f 1020/43/16 1022/44/16 997/27/16
f 1020/43/91 997/27/91 996/26/18
f 1017/42/18 1020/43/91 996/26/18
f 996/26/92 1013/40/95 1018/41/94
f 996/26/92 1018/41/94 1017/42/94
f 1023/45/11 1024/46/11 1025/46/11
f 1023/45/11 1025/46/11 1026/45/11
f 1009/47/12 1027/48/12 1028/48/12
f 1009/47/12 1028/48/12 1010/47/12
f 1027/48/6 1023/45/6 1026/45/6
f 1027/48/6 1026/45/6 1028/48/6
f 1028/48/96 1026/45/24 1029/49/96
f 1030/50/24 1029/49/96 1026/45/24
f 1028/48/16 1029/49/16 1031/37/16
f 1010/47/16 1028/48/16 1031/37/16
f 1032/38/92 1030/50/92 1026/45/92
f 1032/38/92 1026/45/92 1025/46/95
f 1033/51/11 1034/52/11 1035/52/11
f 1033/51/11 1035/52/11 1036/51/11
f 1034/52/1 1037/53/1 1038/53/1
f 1034/52/1 1038/53/1 1035/52/1
f 1037/53/12 1039/54/12 1040/54/12
f 1037/53/12 1040/54/12 1038/53/12
f 1039/54/6 1033/51/6 1036/51/6
f 1039/54/6 1036/51/6 1040/54/6
f 1040/54/96 1036/51/96 1041/30/96
f 1042/32/24 1041/30/24 1036/51/24
f 1040/54/16 1041/30/16 1029/49/16
f 1038/53/16 1040/54/16 1029/49/16
f 1038/53/85 1029/49/85 1030/50/26
f 1035/52/26 1038/53/85 1030/50/26
f 1030/50/92 1042/32/95 1036/51/95
f 1030/50/92 1036/51/95 1035/52/94
f 1043/59/11 1044/60/11 1045/60/11
f 1043/59/11 1045/60/11 1046/59/11
f 1047/61/12 1048/62/12 1049/62/12
f 1047/61/12 1049/62/12 1050/61/12
f 1050/61/9 1049/62/9 1046/59/9
f 1050/61/9 1046/59/9 1045/60/9
f 1051/63/11 1052/64/11 1053/64/11
f 1051/63/11 1053/64/11 1054/63/11
f 1055/65/12 1056/66/12 1057/66/12
f 1055/65/12 1057/66/12 1058/65/12
f 1058/65/9 1057/66/9 1054/63/9
f 1058/65/9 1054/63/9 1053/64/9
f 1059/67/11 1060/68/11 1061/68/11
f 1059/67/11 1061/68/11 1062/67/11
f 1063/69/12 1064/70/12 1065/70/12
f 1063/69/12 1065/70/12 1066/69/12
f 1066/69/9 1065/70/9 1062/67/9
f 1066/69/9 1062/67/9 1061/68/9
f 1067/42/9 1068/51/9 1069/73/9
f 1067/42/9 1069/73/9 1070/74/9
f 1071/75/1 1072/76/127 1073/76/99
f 1071/75/1 1073/76/99 1074/75/1
f 1072/76/127 1075/77/116 1076/77/100
f 1072/76/127 1076/77/100 1073/76/99
f 1075/77/116 1077/78/101 1078/78/102
f 1075/77/116 1078/78/102 1076/77/100
f 1077/78/101 1079/79/103 1080/79/103
f 1077/78/101 1080/79/103 1078/78/102
f 1079/79/103 1081/80/117 1082/80/105
f 1079/79/103 1082/80/105 1080/79/103
f 1081/80/117 1083/81/41 1084/81/106
f 1081/80/117 1084/81/106 1082/80/105
f 1083/81/41 1085/82/43 1086/82/44
f 1083/81/41 1086/82/44 1084/81/106
f 1085/82/43 1087/83/6 1088/83/6
f 1085/82/43 1088/83/6 1086/82/44
f 1087/83/6 1089/84/108 1090/84/47
f 1087/83/6 1090/84/47 1088/83/6
f 1089/84/108 1091/85/49 1092/85/110
f 1089/84/108 1092/85/110 1090/84/47
f 1091/85/49 1093/86/50 1094/86/120
f 1091/85/49 1094/86/120 1092/85/110
f 1093/86/50 1095/87/52 1096/87/52
f 1093/86/50 1096/87/52 1094/86/120
f 1095/87/52 1097/88/112 1098/88/113
f 1095/87/52 1098/88/113 1096/87/52
f 1097/88/112 1099/89/128 1100/89/56
f 1097/88/112 1100/89/56 1098/88/113
f 1099/89/128 1101/90/114 1102/90/115
f 1099/89/128 1102/90/115 1100/89/56
f 1101/90/114 1071/75/1 1074/75/1
f 1101/90/114 1074/75/1 1102/90/115
f 1094/86/9 1096/87/9 1098/88/9
f 1092/85/9 1094/86/9 1098/88/9
f 1092/85/9 1098/88/9 1100/89/9
f 1090/84/9 1092/85/9 1100/89/9
f 1088/83/9 1090/84/9 1100/89/9
f 1086/82/10 1088/83/9 1100/89/9
f 1084/81/9 1086/82/10 1100/89/9
f 1082/80/59 1084/81/9 1100/89/9
f 1080/79/61 1082/80/59 1100/89/9
f 1078/78/9 1080/79/61 1100/89/9
f 1076/77/9 1078/78/9 1100/89/9
f 1073/76/61 1076/77/9 1100/89/9
f 1074/75/9 1073/76/61 1100/89/9
f 1102/90/9 1074/75/9 1100/89/9
f 1103/91/1 1104/92/98 1105/92/99
f 1103/91/1 1105/92/99 1106/91/1
f 1104/92/98 1107/93/116 1108/93/68
f 1104/92/98 1108/93/68 1105/92/99
f 1107/93/116 1109/94/37 1110/94/102
f 1107/93/116 1110/94/102 1108/93/68
f 1109/94/37 1111/95/103 1112/95/103
f 1109/94/37 1112/95/103 1110/94/102
f 1111/95/103 1113/96/104 1114/96/105
f 1111/95/103 1114/96/105 1112/95/103
f 1113/96/104 1115/97/106 1116/97/106
f 1113/96/104 1116/97/106 1114/96/105
f 1115/97/106 1117/98/43 1118/98/44
f 1115/97/106 1118/98/44 1116/97/106
f 1117/98/43 1119/99/6 1120/99/6
f 1117/98/43 1120/99/6 1118/98/44
f 1119/99/6 1121/100/129 1122/100/47
f 1119/99/6 1122/100/47 1120/99/6
f 1121/100/129 1123/101/109 1124/101/110
f 1121/100/129 1124/101/110 1122/100/47
f 1123/101/109 1125/102/50 1126/102/120
f 1123/101/109 1126/102/120 1124/101/110
f 1125/102/50 1127/103/53 1128/103/53
f 1125/102/50 1128/103/53 1126/102/120
f 1127/103/53 1129/104/130 1130/104/131
f 1127/103/53 1130/104/131 1128/103/53
f 1129/104/130 1131/105/128 1132/105/56
f 1129/104/130 1132/105/56 1130/104/131
f 1131/105/128 1133/106/114 1134/106/115
f 1131/105/128 1134/106/115 1132/105/56
f 1133/106/114 1103/91/1 1106/91/1
f 1133/106/114 1106/91/1 1134/106/115
f 1126/102/9 1128/103/9 1130/104/9
f 1124/101/9 1126/102/9 1130/104/9
f 1124/101/9 1130/104/9 1132/105/9
f 1122/100/9 1124/101/9 1132/105/9
f 1120/99/9 1122/100/9 1132/105/9
f 1118/98/61 1120/99/9 1132/105/9
f 1116/97/9 1118/98/61 1132/105/9
f 1114/96/60 1116/97/9 1132/105/9
f 1112/95/9 1114/96/60 1132/105/9
f 1110/94/59 1112/95/9 1132/105/9
f 1108/93/61 1110/94/59 1132/105/9
f 1105/92/61 1108/93/61 1132/105/9
f 1106/91/9 1105/92/61 1132/105/9
f 1134/106/9 1106/91/9 1132/105/9
f 1135/107/1 1136/108/98 1137/108/99
f 1135/107/1 1137/108/99 1138/107/1
f 1136/108/98 1139/109/34 1140/109/68
f 1136/108/98 1140/109/68 1137/108/99
f 1139/109/34 1141/110/101 1142/110/102
f 1139/109/34 1142/110/102 1140/109/68
f 1141/110/101 1143/111/103 1144/111/103
f 1141/110/101 1144/111/103 1142/110/102
f 1143/111/103 1145/112/104 1146/112/105
f 1143/111/103 1146/112/105 1144/111/103
f 1145/112/104 1147/113/106 1148/113/107
f 1145/112/104 1148/113/107 1146/112/105
f 1147/113/106 1149/114/43 1150/114/132
f 1147/113/106 1150/114/132 1148/113/107
f 1149/114/43 1151/115/6 1152/115/6
f 1149/114/43 1152/115/6 1150/114/132
f 1151/115/6 1153/116/133 1154/116/108
f 1151/115/6 1154/116/108 1152/115/6
f 1153/116/133 1155/117/109 1156/117/110
f 1153/116/133 1156/117/110 1154/116/108
f 1155/117/109 1157/118/50 1158/118/120
f 1155/117/109 1158/118/120 1156/117/110
f 1157/118/50 1159/119/53 1160/119/53
f 1157/118/50 1160/119/53 1158/118/120
f 1159/119/53 1161/120/112 1162/120/54
f 1159/119/53 1162/120/54 1160/119/53
f 1161/120/112 1163/121/128 1164/121/56
f 1161/120/112 1164/121/56 1162/120/54
f 1163/121/128 1165/122/114 1166/122/115
f 1163/121/128 1166/122/115 1164/121/56
f 1165/122/114 1135/107/1 1138/107/1
f 1165/122/114 1138/107/1 1166/122/115
f 1158/118/9 1160/119/9 1162/120/9
f 1156/117/9 1158/118/9 1162/120/9
f 1156/117/9 1162/120/9 1164/121/9
f 1154/116/9 1156/117/9 1164/121/9
f 1152/115/9 1154/116/9 1164/121/9
f 1150/114/61 1152/115/9 1164/121/9
f 1148/113/9 1150/114/61 1164/121/9
f 1146/112/59 1148/113/9 1164/121/9
f 1144/111/63 1146/112/59 1164/121/9
f 1142/110/9 1144/111/63 1164/121/9
f 1140/109/61 1142/110/9 1164/121/9
f 1137/108/61 1140/109/61 1164/121/9
f 1138/107/9 1137/108/61 1164/121/9
f 1166/122/9 1138/107/9 1164/121/9
f 1167/123/1 1168/124/98 1169/124/99
f 1167/123/1 1169/124/99 1170/123/1
f 1168/124/98 1171/125/116 1172/125/100
f 1168/124/98 1172/125/100 1169/124/99
f 1171/125/116 1173/126/101 1174/126/102
f 1171/125/116 1174/126/102 1172/125/100
f 1173/126/101 1175/127/103 1176/127/103
f 1173/126/101 1176/127/103 1174/126/102
f 1175/127/103 1177/128/104 1178/128/105
f 1175/127/103 1178/128/105 1176/127/103
f 1177/128/104 1179/129/106 1180/129/42
f 1177/128/104 1180/129/42 1178/128/105
f 1179/129/106 1181/130/43 1182/130/44
f 1179/129/106 1182/130/44 1180/129/42
f 1181/130/43 1183/131/6 1184/131/6
f 1181/130/43 1184/131/6 1182/130/44
f 1183/131/6 1185/132/108 1186/132/47
f 1183/131/6 1186/132/47 1184/131/6
f 1185/132/108 1187/133/110 1188/133/110
f 1185/132/108 1188/133/110 1186/132/47
f 1187/133/110 1189/134/50 1190/134/120
f 1187/133/110 1190/134/120 1188/133/110
f 1189/134/50 1191/135/53 1192/135/53
f 1189/134/50 1192/135/53 1190/134/120
f 1191/135/53 1193/136/112 1194/136/113
f 1191/135/53 1194/136/113 1192/135/53
f 1193/136/112 1195/137/56 1196/137/56
f 1193/136/112 1196/137/56 1194/136/113
f 1195/137/56 1197/138/114 1198/138/115
f 1195/137/56 1198/138/115 1196/137/56
f 1197/138/114 1167/123/1 1170/123/1
f 1197/138/114 1170/123/1 1198/138/115
f 1190/134/9 1192/135/9 1194/136/9
f 1188/133/9 1190/134/9 1194/136/9
f 1188/133/9 1194/136/9 1196/137/9
f 1186/132/9 1188/133/9 1196/137/9
f 1184/131/9 1186/132/9 1196/137/9
f 1182/130/10 1184/131/9 1196/137/9
f 1180/129/9 1182/130/10 1196/137/9
f 1178/128/60 1180/129/9 1196/137/9
f 1176/127/9 1178/128/60 1196/137/9
f 1174/126/59 1176/127/9 1196/137/9
f 1172/125/61 1174/126/59 1196/137/9
f 1169/124/61 1172/125/61 1196/137/9
f 1170/123/9 1169/124/61 1196/137/9
f 1198/138/9 1170/123/9 1196/137/9
f 1199/55/11 1200/56/11 1201/56/11
f 1199/55/11 1201/56/11 1202/55/11
f 1203/57/12 1204/58/12 1205/58/12
f 1203/57/12 1205/58/12 1206/57/12
f 1206/57/9 1205/58/9 1202/55/9
f 1206/57/9 1202/55/9 1201/56/9
f 1207/55/11 1208/56/11 1209/56/11
f 1207/55/11 1209/56/11 1210/55/11
f 1211/57/12 1212/58/12 1213/58/12
f 1211/57/12 1213/58/12 1214/57/12
f 1214/57/9 1213/58/9 1210/55/9
f 1214/57/9 1210/55/9 1209/56/9
f 1215/36/6 1003/33/6 1006/33/6
f 1215/36/6 1006/33/6 1216/36/6
f 1216/36/14 1006/33/75 1217/37/14
f 1014/38/75 1217/37/14 1006/33/75
f 1024/46/1 1218/47/1 1219/47/1
f 1024/46/1 1219/47/1 1025/46/1
f 1219/47/85 1220/37/85 1032/38/85
f 1025/46/134 1219/47/134 1032/38/134
f 1221/55/11 1222/56/11 1223/56/11
f 1221/55/11 1223/56/11 1224/55/11
f 1225/57/12 1226/58/12 1227/58/12
f 1225/57/12 1227/58/12 1228/57/12
f 1228/57/9 1227/58/9 1224/55/9
f 1228/57/9 1224/55/9 1223/56/9
f 1229/55/6 1230/56/6 1231/56/6
f 1229/55/6 1231/56/6 1232/55/6
f 1233/57/1 1234/58/1 1235/58/1
f 1233/57/1 1235/58/1 1236/57/1
f 1236/57/9 1235/58/9 1232/55/9
f 1236/57/9 1232/55/9 1231/56/9
f 1237/55/6 1238/56/6 1239/56/6
f 1237/55/6 1239/56/6 1240/55/6
f 1241/57/1 1242/58/1 1243/58/1
f 1241/57/1 1243/58/1 1244/57/1
f 1244/57/9 1243/58/9 1240/55/9
f 1244/57/9 1240/55/9 1239/56/9
f 1245/1/1 1246/2/1 1247/2/1
f 1245/1/1 1247/2/1 1248/1/1
f 1249/3/4 1248/1/5 1247/2/3
f 1250/4/73 1249/3/4 1247/2/3
f 1251/5/6 1252/6/6 1253/6/6
f 1251/5/6 1254/5/6 1252/6/6
f 1255/7/87 1252/6/87 1254/5/87
f 1256/8/90 1252/6/90 1255/7/90
f 1257/9/1 1258/10/1 1259/10/1
f 1257/9/1 1259/10/1 1260/9/1
f 1261/11/4 1260/9/5 1259/10/3
f 1262/12/73 1261/11/4 1259/10/3
f 1263/13/6 1264/14/6 1265/14/6
f 1263/13/6 1266/13/6 1264/14/6
f 1267/15/8 1264/14/8 1266/13/8
f 1268/16/87 1264/14/87 1267/15/87
f 1269/17/1 1270/18/1 1271/18/1
f 1269/17/1 1271/18/1 1272/17/1
f 1273/19/4 1272/17/5 1271/18/3
f 1274/20/73 1273/19/4 1271/18/3
f 1275/21/6 1276/22/6 1277/22/6
f 1275/21/6 1278/21/6 1276/22/6
f 1279/23/8 1276/22/8 1278/21/8
f 1280/24/87 1276/22/87 1279/23/87
f 1281/25/9 1282/26/9 1283/27/9
f 1284/28/9 1281/25/9 1283/27/9
f 1285/29/60 1284/28/9 1283/27/9
f 1285/29/60 1283/27/9 1286/30/9
f 1287/31/9 1285/29/60 1286/30/9
f 1287/31/9 1286/30/9 1288/32/9
f 1289/33/11 1290/34/11 1291/34/11
f 1289/33/11 1291/34/11 1292/33/11
f 1290/34/1 1293/35/1 1294/35/1
f 1290/34/1 1294/35/1 1291/34/1
f 1293/35/12 1295/36/12 1296/36/12
f 1293/35/12 1296/36/12 1294/35/12
f 1295/36/6 1289/33/6 1292/33/6
f 1295/36/6 1292/33/6 1296/36/6
f 1296/36/13 1292/33/13 1297/37/13
f 1298/38/75 1297/37/75 1292/33/75
f 1296/36/16 1297/37/16 1299/39/16
f 1294/35/16 1296/36/16 1299/39/16
f 1294/35/91 1299/39/91 1300/40/18
f 1291/34/18 1294/35/91 1300/40/18
f 1300/40/92 1298/38/92 1292/33/92
f 1300/40/92 1292/33/92 1291/34/94
f 1301/41/11 1302/42/93 1303/42/93
f 1301/41/11 1303/42/93 1304/41/11
f 1302/42/1 1305/43/1 1306/43/1
f 1302/42/1 1306/43/1 1303/42/1
f 1305/43/12 1307/44/12 1308/44/12
f 1305/43/12 1308/44/12 1306/43/12
f 1307/44/6 1301/41/6 1304/41/6
f 1307/44/6 1304/41/6 1308/44/6
f 1308/44/75 1304/41/75 1299/39/75
f 1300/40/75 1299/39/75 1304/41/75
f 1308/44/16 1299/39/16 1283/27/16
f 1306/43/16 1308/44/16 1283/27/16
f 1306/43/91 1283/27/91 1282/26/18
f 1303/42/18 1306/43/91 1282/26/18
f 1282/26/94 1300/40/92 1304/41/94
f 1282/26/94 1304/41/94 1303/42/94
f 1309/45/11 1310/46/11 1311/46/11
f 1309/45/11 1311/46/11 1312/45/11
f 1310/46/1 1313/47/1 1314/47/1
f 1310/46/1 1314/47/1 1311/46/1
f 1313/47/12 1315/48/12 1316/48/12
f 1313/47/12 1316/48/12 1314/47/12
f 1315/48/6 1309/45/6 1312/45/6
f 1315/48/6 1312/45/6 1316/48/6
f 1316/48/96 1312/45/24 1317/49/96
f 1318/50/24 1317/49/96 1312/45/24
f 1316/48/16 1317/49/16 1319/37/16
f 1314/47/16 1316/48/16 1319/37/16
f 1314/47/85 1319/37/85 1320/38/85
f 1311/46/26 1314/47/26 1320/38/26
f 1320/38/92 1318/50/94 1312/45/94
f 1320/38/92 1312/45/94 1311/46/97
f 1321/51/11 1322/52/11 1323/52/11
f 1321/51/11 1323/52/11 1324/51/11
f 1322/52/1 1325/53/1 1326/53/1
f 1322/52/1 1326/53/1 1323/52/1
f 1325/53/12 1327/54/12 1328/54/12
f 1325/53/12 1328/54/12 1326/53/12
f 1327/54/6 1321/51/6 1324/51/6
f 1327/54/6 1324/51/6 1328/54/6
f 1328/54/96 1324/51/96 1329/30/96
f 1330/32/24 1329/30/24 1324/51/24
f 1328/54/16 1329/30/16 1317/49/16
f 1326/53/16 1328/54/16 1317/49/16
f 1326/53/85 1317/49/85 1318/50/26
f 1323/52/26 1326/53/85 1318/50/26
f 1318/50/92 1330/32/94 1324/51/94
f 1318/50/92 1324/51/94 1323/52/92
f 1331/55/11 1332/56/11 1333/56/11
f 1331/55/11 1333/56/11 1334/55/11
f 1335/57/12 1336/58/12 1337/58/12
f 1335/57/12 1337/58/12 1338/57/12
f 1338/57/9 1337/58/9 1334/55/9
f 1338/57/9 1334/55/9 1333/56/9
f 1339/59/11 1340/60/11 1341/60/11
f 1339/59/11 1341/60/11 1342/59/11
f 1343/61/12 1344/62/12 1345/62/12
f 1343/61/12 1345/62/12 1346/61/12
f 1346/61/9 1345/62/9 1342/59/9
f 1346/61/9 1342/59/9 1341/60/9
f 1347/63/11 1348/64/11 1349/64/11
f 1347/63/11 1349/64/11 1350/63/11
f 1351/65/12 1352/66/12 1353/66/12
f 1351/65/12 1353/66/12 1354/65/12
f 1354/65/9 1353/66/9 1350/63/9
f 1354/65/9 1350/63/9 1349/64/9
f 1355/67/11 1356/68/11 1357/68/11
f 1355/67/11 1357/68/11 1358/67/11
f 1359/69/12 1360/70/12 1361/70/12
f 1359/69/12 1361/70/12 1362/69/12
f 1362/69/9 1361/70/9 1358/67/9
f 1362/69/9 1358/67/9 1357/68/9
f 1363/71/9 1364/72/9 1365/54/9
f 1363/71/9 1365/54/9 1366/43/9
f 1367/42/9 1368/51/9 1369/73/9
f 1367/42/9 1369/73/9 1370/74/9
f 1371/75/1 1372/76/98 1373/76/99
f 1371/75/1 1373/76/99 1374/75/1
f 1372/76/98 1375/77/34 1376/77/100
f 1372/76/98 1376/77/100 1373/76/99
f 1375/77/34 1377/78/101 1378/78/102
f 1375/77/34 1378/78/102 1376/77/100
f 1377/78/101 1379/79/103 1380/79/103
f 1377/78/101 1380/79/103 1378/78/102
f 1379/79/103 1381/80/104 1382/80/105
f 1379/79/103 1382/80/105 1380/79/103
f 1381/80/104 1383/81/106 1384/81/106
f 1381/80/104 1384/81/106 1382/80/105
f 1383/81/106 1385/82/43 1386/82/44
f 1383/81/106 1386/82/44 1384/81/106
f 1385/82/43 1387/83/6 1388/83/6
f 1385/82/43 1388/83/6 1386/82/44
f 1387/83/6 1389/84/129 1390/84/47
f 1387/83/6 1390/84/47 1388/83/6
f 1389/84/129 1391/85/109 1392/85/110
f 1389/84/129 1392/85/110 1390/84/47
f 1391/85/109 1393/86/50 1394/86/120
f 1391/85/109 1394/86/120 1392/85/110
f 1393/86/50 1395/87/53 1396/87/53
f 1393/86/50 1396/87/53 1394/86/120
f 1395/87/53 1397/88/118 1398/88/113
f 1395/87/53 1398/88/113 1396/87/53
f 1397/88/118 1399/89/128 1400/89/56
f 1397/88/118 1400/89/56 1398/88/113
f 1399/89/128 1401/90/114 1402/90/115
f 1399/89/128 1402/90/115 1400/89/56
f 1401/90/114 1371/75/1 1374/75/1
f 1401/90/114 1374/75/1 1402/90/115
f 1394/86/9 1396/87/9 1398/88/9
f 1392/85/9 1394/86/9 1398/88/9
f 1392/85/9 1398/88/9 1400/89/9
f 1390/84/9 1392/85/9 1400/89/9
f 1388/83/9 1390/84/9 1400/89/9
f 1386/82/10 1388/83/9 1400/89/9
f 1384/81/9 1386/82/10 1400/89/9
f 1382/80/59 1384/81/9 1400/89/9
f 1380/79/61 1382/80/59 1400/89/9
f 1378/78/9 1380/79/61 1400/89/9
f 1376/77/9 1378/78/9 1400/89/9
f 1373/76/59 1376/77/9 1400/89/9
f 1374/75/9 1373/76/59 1400/89/9
f 1402/90/9 1374/75/9 1400/89/9
f 1403/91/1 1404/92/33 1405/92/98
f 1403/91/1 1405/92/98 1406/91/1
f 1404/92/33 1407/93/116 1408/93/100
f 1404/92/33 1408/93/100 1405/92/98
f 1407/93/116 1409/94/101 1410/94/102
f 1407/93/116 1410/94/102 1408/93/100
f 1409/94/101 1411/95/103 1412/95/103
f 1409/94/101 1412/95/103 1410/94/102
f 1411/95/103 1413/96/117 1414/96/105
f 1411/95/103 1414/96/105 1412/95/103
f 1413/96/117 1415/97/41 1416/97/106
f 1413/96/117 1416/97/106 1414/96/105
f 1415/97/41 1417/98/43 1418/98/44
f 1415/97/41 1418/98/44 1416/97/106
f 1417/98/43 1419/99/6 1420/99/6
f 1417/98/43 1420/99/6 1418/98/44
f 1419/99/6 1421/100/108 1422/100/47
f 1419/99/6 1422/100/47 1420/99/6
f 1421/100/108 1423/101/49 1424/101/119
f 1421/100/108 1424/101/119 1422/100/47
f 1423/101/49 1425/102/50 1426/102/120
f 1423/101/49 1426/102/120 1424/101/119
f 1425/102/50 1427/103/53 1428/103/52
f 1425/102/50 1428/103/52 1426/102/120
f 1427/103/53 1429/104/112 1430/104/113
f 1427/103/53 1430/104/113 1428/103/52
f 1429/104/112 1431/105/56 1432/105/56
f 1429/104/112 1432/105/56 1430/104/113
f 1431/105/56 1433/106/114 1434/106/122
f 1431/105/56 1434/106/122 1432/105/56
f 1433/106/114 1403/91/1 1406/91/1
f 1433/106/114 1406/91/1 1434/106/122
f 1426/102/9 1428/103/9 1430/104/9
f 1424/101/9 1426/102/9 1430/104/9
f 1424/101/9 1430/104/9 1432/105/9
f 1422/100/9 1424/101/9 1432/105/9
f 1420/99/9 1422/100/9 1432/105/9
f 1418/98/61 1420/99/9 1432/105/9
f 1416/97/9 1418/98/61 1432/105/9
f 1414/96/59 1416/97/9 1432/105/9
f 1412/95/61 1414/96/59 1432/105/9
f 1410/94/9 1412/95/61 1432/105/9
f 1408/93/61 1410/94/9 1432/105/9
f 1405/92/61 1408/93/61 1432/105/9
f 1406/91/9 1405/92/61 1432/105/9
f 1434/106/9 1406/91/9 1432/105/9
f 1435/107/1 1436/108/127 1437/108/99
f 1435/107/1 1437/108/99 1438/107/1
f 1436/108/127 1439/109/116 1440/109/100
f 1436/108/127 1440/109/100 1437/108/99
f 1439/109/116 1441/110/101 1442/110/102
f 1439/109/116 1442/110/102 1440/109/100
f 1441/110/101 1443/111/103 1444/111/103
f 1441/110/101 1444/111/103 1442/110/102
f 1443/111/103 1445/112/104 1446/112/105
f 1443/111/103 1446/112/105 1444/111/103
f 1445/112/104 1447/113/41 1448/113/106
f 1445/112/104 1448/113/106 1446/112/105
f 1447/113/41 1449/114/43 1450/114/44
f 1447/113/41 1450/114/44 1448/113/106
f 1449/114/43 1451/115/6 1452/115/6
f 1449/114/43 1452/115/6 1450/114/44
f 1451/115/6 1453/116/108 1454/116/47
f 1451/115/6 1454/116/47 1452/115/6
f 1453/116/108 1455/117/49 1456/117/110
f 1453/116/108 1456/117/110 1454/116/47
f 1455/117/49 1457/118/50 1458/118/120
f 1455/117/49 1458/118/120 1456/117/110
f 1457/118/50 1459/119/53 1460/119/53
f 1457/118/50 1460/119/53 1458/118/120
f 1459/119/53 1461/120/112 1462/120/113
f 1459/119/53 1462/120/113 1460/119/53
f 1461/120/112 1463/121/56 1464/121/56
f 1461/120/112 1464/121/56 1462/120/113
f 1463/121/56 1465/122/114 1466/122/115
f 1463/121/56 1466/122/115 1464/121/56
f 1465/122/114 1435/107/1 1438/107/1
f 1465/122/114 1438/107/1 1466/122/115
f 1458/118/9 1460/119/9 1462/120/9
f 1456/117/9 1458/118/9 1462/120/9
f 1456/117/9 1462/120/9 1464/121/9
f 1454/116/9 1456/117/9 1464/121/9
f 1452/115/9 1454/116/9 1464/121/9
f 1450/114/10 1452/115/9 1464/121/9
f 1448/113/9 1450/114/10 1464/121/9
f 1446/112/59 1448/113/9 1464/121/9
f 1444/111/63 1446/112/59 1464/121/9
f 1442/110/9 1444/111/63 1464/121/9
f 1440/109/61 1442/110/9 1464/121/9
f 1437/108/61 1440/109/61 1464/121/9
f 1438/107/9 1437/108/61 1464/121/9
f 1466/122/9 1438/107/9 1464/121/9
f 1467/123/1 1468/124/33 1469/124/98
f 1467/123/1 1469/124/98 1470/123/1
f 1468/124/33 1471/125/116 1472/125/100
f 1468/124/33 1472/125/100 1469/124/98
f 1471/125/116 1473/126/101 1474/126/102
f 1471/125/116 1474/126/102 1472/125/100
f 1473/126/101 1475/127/103 1476/127/103
f 1473/126/101 1476/127/103 1474/126/102
f 1475/127/103 1477/128/117 1478/128/105
f 1475/127/103 1478/128/105 1476/127/103
f 1477/128/117 1479/129/41 1480/129/106
f 1477/128/117 1480/129/106 1478/128/105
f 1479/129/41 1481/130/43 1482/130/44
f 1479/129/41 1482/130/44 1480/129/106
f 1481/130/43 1483/131/6 1484/131/6
f 1481/130/43 1484/131/6 1482/130/44
f 1483/131/6 1485/132/108 1486/132/47
f 1483/131/6 1486/132/47 1484/131/6
f 1485/132/108 1487/133/49 1488/133/119
f 1485/132/108 1488/133/119 1486/132/47
f 1487/133/49 1489/134/50 1490/134/120
f 1487/133/49 1490/134/120 1488/133/119
f 1489/134/50 1491/135/52 1492/135/52
f 1489/134/50 1492/135/52 1490/134/120
f 1491/135/52 1493/136/54 1494/136/113
f 1491/135/52 1494/136/113 1492/135/52
f 1493/136/54 1495/137/56 1496/137/121
f 1493/136/54 1496/137/121 1494/136/113
f 1495/137/56 1497/138/114 1498/138/122
f 1495/137/56 1498/138/122 1496/137/121
f 1497/138/114 1467/123/1 1470/123/1
f 1497/138/114 1470/123/1 1498/138/122
f 1490/134/9 1492/135/9 1494/136/9
f 1488/133/9 1490/134/9 1494/136/9
f 1488/133/9 1494/136/9 1496/137/9
f 1486/132/9 1488/133/9 1496/137/9
f 1484/131/9 1486/132/9 1496/137/9
f 1482/130/61 1484/131/9 1496/137/9
f 1480/129/9 1482/130/61 1496/137/9
f 1478/128/59 1480/129/9 1496/137/9
f 1476/127/63 1478/128/59 1496/137/9
f 1474/126/9 1476/127/63 1496/137/9
f 1472/125/61 1474/126/9 1496/137/9
f 1469/124/61 1472/125/61 1496/137/9
f 1470/123/9 1469/124/61 1496/137/9
f 1498/138/9 1470/123/9 1496/137/9
f 1499/1/1 1500/2/1 1501/2/1
f 1499/1/1 1501/2/1 1502/1/1
f 1503/3/4 1502/1/5 1501/2/3
f 1504/4/73 1503/3/4 1501/2/3
f 1505/5/6 1506/6/6 1507/6/6
f 1505/5/6 1508/5/6 1506/6/6
f 1509/7/8 1506/6/8 1508/5/8
f 1510/8/87 1506/6/87 1509/7/87
f 1511/9/1 1512/10/1 1513/10/1
f 1511/9/1 1513/10/1 1514/9/1
f 1515/11/4 1514/9/5 1513/10/3
f 1516/12/73 1515/11/4 1513/10/3
f 1517/13/6 1518/14/6 1519/14/6
f 1517/13/6 1520/13/6 1518/14/6
f 1521/15/87 1518/14/87 1520/13/87
f 1522/16/90 1518/14/90 1521/15/90
f 1523/17/1 1524/18/1 1525/18/1
f 1523/17/1 1525/18/1 1526/17/1
f 1527/19/4 1526/17/5 1525/18/3
f 1528/20/73 1527/19/4 1525/18/3
f 1529/21/6 1530/22/6 1531/22/6
f 1529/21/6 1532/21/6 1530/22/6
f 1533/23/87 1530/22/87 1532/21/87
f 1534/24/90 1530/22/90 1533/23/90
f 1535/25/9 1536/26/9 1537/27/9
f 1538/28/9 1535/25/9 1537/27/9
f 1539/29/60 1538/28/9 1537/27/9
f 1539/29/60 1537/27/9 1540/30/9
f 1541/31/9 1539/29/60 1540/30/9
f 1541/31/9 1540/30/9 1542/32/9
f 1543/33/11 1544/34/11 1545/34/11
f 1543/33/11 1545/34/11 1546/33/11
f 1544/34/1 1547/35/1 1548/35/1
f 1544/34/1 1548/35/1 1545/34/1
f 1547/35/12 1549/36/12 1550/36/12
f 1547/35/12 1550/36/12 1548/35/12
f 1549/36/6 1543/33/6 1546/33/6
f 1549/36/6 1546/33/6 1550/36/6
f 1550/36/13 1546/33/13 1551/37/13
f 1552/38/75 1551/37/75 1546/33/75
f 1550/36/16 1551/37/16 1553/39/16
f 1548/35/16 1550/36/16 1553/39/16
f 1548/35/91 1553/39/91 1554/40/18
f 1545/34/18 1548/35/91 1554/40/18
f 1554/40/94 1552/38/95 1546/33/94
f 1554/40/94 1546/33/94 1545/34/92
f 1555/41/11 1556/42/93 1557/42/93
f 1555/41/11 1557/42/93 1558/41/11
f 1556/42/1 1559/43/1 1560/43/1
f 1556/42/1 1560/43/1 1557/42/1
f 1559/43/12 1561/44/12 1562/44/12
f 1559/43/12 1562/44/12 1560/43/12
f 1561/44/6 1555/41/6 1558/41/6
f 1561/44/6 1558/41/6 1562/44/6
f 1562/44/21 1558/41/75 1553/39/75
f 1554/40/75 1553/39/75 1558/41/75
f 1562/44/16 1553/39/16 1537/27/16
f 1560/43/16 1562/44/16 1537/27/16
f 1560/43/91 1537/27/91 1536/26/135
f 1557/42/135 1560/43/91 1536/26/135
f 1536/26/94 1554/40/94 1558/41/94
f 1536/26/94 1558/41/94 1557/42/95
f 1563/45/11 1564/46/11 1565/46/11
f 1563/45/11 1565/46/11 1566/45/11
f 1564/46/1 1567/47/1 1568/47/1
f 1564/46/1 1568/47/1 1565/46/1
f 1567/47/12 1569/48/12 1570/48/12
f 1567/47/12 1570/48/12 1568/47/12
f 1569/48/6 1563/45/6 1566/45/6
f 1569/48/6 1566/45/6 1570/48/6
f 1570/48/96 1566/45/24 1571/49/96
f 1572/50/24 1571/49/96 1566/45/24
f 1570/48/16 1571/49/16 1573/37/16
f 1568/47/16 1570/48/16 1573/37/16
f 1568/47/85 1573/37/85 1574/38/85
f 1565/46/26 1568/47/26 1574/38/26
f 1574/38/95 1572/50/94 1566/45/92
f 1574/38/95 1566/45/92 1565/46/92
f 1575/51/11 1576/52/11 1577/52/11
f 1575/51/11 1577/52/11 1578/51/11
f 1576/52/1 1579/53/1 1580/53/1
f 1576/52/1 1580/53/1 1577/52/1
f 1579/53/12 1581/54/12 1582/54/12
f 1579/53/12 1582/54/12 1580/53/12
f 1581/54/6 1575/51/6 1578/51/6
f 1581/54/6 1578/51/6 1582/54/6
f 1582/54/96 1578/51/96 1583/30/96
f 1584/32/24 1583/30/24 1578/51/24
f 1582/54/16 1583/30/16 1571/49/16
f 1580/53/16 1582/54/16 1571/49/16
f 1580/53/85 1571/49/85 1572/50/26
f 1577/52/26 1580/53/85 1572/50/26
f 1572/50/92 1584/32/92 1578/51/92
f 1572/50/92 1578/51/92 1577/52/92
f 1585/55/11 1586/56/11 1587/56/11
f 1585/55/11 1587/56/11 1588/55/11
f 1589/57/12 1590/58/12 1591/58/12
f 1589/57/12 1591/58/12 1592/57/12
f 1592/57/9 1591/58/9 1588/55/9
f 1592/57/9 1588/55/9 1587/56/9
f 1593/59/11 1594/60/11 1595/60/11
f 1593/59/11 1595/60/11 1596/59/11
f 1597/61/12 1598/62/12 1599/62/12
f 1597/61/12 1599/62/12 1600/61/12
f 1600/61/9 1599/62/9 1596/59/9
f 1600/61/9 1596/59/9 1595/60/9
f 1601/63/11 1602/64/11 1603/64/11
f 1601/63/11 1603/64/11 1604/63/11
f 1605/65/12 1606/66/12 1607/66/12
f 1605/65/12 1607/66/12 1608/65/12
f 1608/65/9 1607/66/9 1604/63/9
f 1608/65/9 1604/63/9 1603/64/9
f 1609/67/11 1610/68/11 1611/68/11
f 1609/67/11 1611/68/11 1612/67/11
f 1613/69/12 1614/70/12 1615/70/12
f 1613/69/12 1615/70/12 1616/69/12
f 1616/69/9 1615/70/9 1612/67/9
f 1616/69/9 1612/67/9 1611/68/9
f 1617/71/9 1618/72/9 1619/54/9
f 1617/71/9 1619/54/9 1620/43/9
f 1621/42/9 1622/51/9 1623/73/9
f 1621/42/9 1623/73/9 1624/74/9
f 1625/75/1 1626/76/98 1627/76/99
f 1625/75/1 1627/76/99 1628/75/1
f 1626/76/98 1629/77/34 1630/77/100
f 1626/76/98 1630/77/100 1627/76/99
f 1629/77/34 1631/78/101 1632/78/102
f 1629/77/34 1632/78/102 1630/77/100
f 1631/78/101 1633/79/103 1634/79/103
f 1631/78/101 1634/79/103 1632/78/102
f 1633/79/103 1635/80/104 1636/80/105
f 1633/79/103 1636/80/105 1634/79/103
f 1635/80/104 1637/81/41 1638/81/106
f 1635/80/104 1638/81/106 1636/80/105
f 1637/81/41 1639/82/43 1640/82/44
f 1637/81/41 1640/82/44 1638/81/106
f 1639/82/43 1641/83/6 1642/83/6
f 1639/82/43 1642/83/6 1640/82/44
f 1641/83/6 1643/84/129 1644/84/47
f 1641/83/6 1644/84/47 1642/83/6
f 1643/84/129 1645/85/109 1646/85/110
f 1643/84/129 1646/85/110 1644/84/47
f 1645/85/109 1647/86/50 1648/86/120
f 1645/85/109 1648/86/120 1646/85/110
f 1647/86/50 1649/87/53 1650/87/53
f 1647/86/50 1650/87/53 1648/86/120
f 1649/87/53 1651/88/118 1652/88/113
f 1649/87/53 1652/88/113 1650/87/53
f 1651/88/118 1653/89/128 1654/89/56
f 1651/88/118 1654/89/56 1652/88/113
f 1653/89/128 1655/90/114 1656/90/115
f 1653/89/128 1656/90/115 1654/89/56
f 1655/90/114 1625/75/1 1628/75/1
f 1655/90/114 1628/75/1 1656/90/115
f 1648/86/9 1650/87/9 1652/88/9
f 1646/85/9 1648/86/9 1652/88/9
f 1646/85/9 1652/88/9 1654/89/9
f 1644/84/9 1646/85/9 1654/89/9
f 1642/83/9 1644/84/9 1654/89/9
f 1640/82/10 1642/83/9 1654/89/9
f 1638/81/9 1640/82/10 1654/89/9
f 1636/80/59 1638/81/9 1654/89/9
f 1634/79/61 1636/80/59 1654/89/9
f 1632/78/9 1634/79/61 1654/89/9
f 1630/77/9 1632/78/9 1654/89/9
f 1627/76/59 1630/77/9 1654/89/9
f 1628/75/9 1627/76/59 1654/89/9
f 1656/90/9 1628/75/9 1654/89/9
f 1657/91/1 1658/92/127 1659/92/99
f 1657/91/1 1659/92/99 1660/91/1
f 1658/92/127 1661/93/116 1662/93/100
f 1658/92/127 1662/93/100 1659/92/99
f 1661/93/116 1663/94/101 1664/94/102
f 1661/93/116 1664/94/102 1662/93/100
f 1663/94/101 1665/95/103 1666/95/103
f 1663/94/101 1666/95/103 1664/94/102
f 1665/95/103 1667/96/104 1668/96/105
f 1665/95/103 1668/96/105 1666/95/103
f 1667/96/104 1669/97/106 1670/97/106
f 1667/96/104 1670/97/106 1668/96/105
f 1669/97/106 1671/98/43 1672/98/44
f 1669/97/106 1672/98/44 1670/97/106
f 1671/98/43 1673/99/6 1674/99/6
f 1671/98/43 1674/99/6 1672/98/44
f 1673/99/6 1675/100/129 1676/100/47
f 1673/99/6 1676/100/47 1674/99/6
f 1675/100/129 1677/101/109 1678/101/110
f 1675/100/129 1678/101/110 1676/100/47
f 1677/101/109 1679/102/50 1680/102/120
f 1677/101/109 1680/102/120 1678/101/110
f 1679/102/50 1681/103/52 1682/103/52
f 1679/102/50 1682/103/52 1680/102/120
f 1681/103/52 1683/104/112 1684/104/113
f 1681/103/52 1684/104/113 1682/103/52
f 1683/104/112 1685/105/56 1686/105/56
f 1683/104/112 1686/105/56 1684/104/113
f 1685/105/56 1687/106/114 1688/106/115
f 1685/105/56 1688/106/115 1686/105/56
f 1687/106/114 1657/91/1 1660/91/1
f 1687/106/114 1660/91/1 1688/106/115
f 1680/102/9 1682/103/9 1684/104/9
f 1678/101/9 1680/102/9 1684/104/9
f 1678/101/9 1684/104/9 1686/105/9
f 1676/100/9 1678/101/9 1686/105/9
f 1674/99/9 1676/100/9 1686/105/9
f 1672/98/61 1674/99/9 1686/105/9
f 1670/97/9 1672/98/61 1686/105/9
f 1668/96/59 1670/97/9 1686/105/9
f 1666/95/61 1668/96/59 1686/105/9
f 1664/94/9 1666/95/61 1686/105/9
f 1662/93/9 1664/94/9 1686/105/9
f 1659/92/59 1662/93/9 1686/105/9
f 1660/91/9 1659/92/59 1686/105/9
f 1688/106/9 1660/91/9 1686/105/9
f 1689/107/1 1690/108/98 1691/108/99
f 1689/107/1 1691/108/99 1692/107/1
f 1690/108/98 1693/109/34 1694/109/68
f 1690/108/98 1694/109/68 1691/108/99
f 1693/109/34 1695/110/101 1696/110/102
f 1693/109/34 1696/110/102 1694/109/68
f 1695/110/101 1697/111/103 1698/111/103
f 1695/110/101 1698/111/103 1696/110/102
f 1697/111/103 1699/112/104 1700/112/105
f 1697/111/103 1700/112/105 1698/111/103
f 1699/112/104 1701/113/106 1702/113/107
f 1699/112/104 1702/113/107 1700/112/105
f 1701/113/106 1703/114/43 1704/114/44
f 1701/113/106 1704/114/44 1702/113/107
f 1703/114/43 1705/115/6 1706/115/6
f 1703/114/43 1706/115/6 1704/114/44
f 1705/115/6 1707/116/129 1708/116/108
f 1705/115/6 1708/116/108 1706/115/6
f 1707/116/129 1709/117/49 1710/117/110
f 1707/116/129 1710/117/110 1708/116/108
f 1709/117/49 1711/118/50 1712/118/111
f 1709/117/49 1712/118/111 1710/117/110
f 1711/118/50 1713/119/53 1714/119/52
f 1711/118/50 1714/119/52 1712/118/111
f 1713/119/53 1715/120/118 1716/120/113
f 1713/119/53 1716/120/113 1714/119/52
f 1715/120/118 1717/121/128 1718/121/56
f 1715/120/118 1718/121/56 1716/120/113
f 1717/121/128 1719/122/114 1720/122/115
f 1717/121/128 1720/122/115 1718/121/56
f 1719/122/114 1689/107/1 1692/107/1
f 1719/122/114 1692/107/1 1720/122/115
f 1712/118/9 1714/119/9 1716/120/9
f 1710/117/9 1712/118/9 1716/120/9
f 1710/117/9 1716/120/9 1718/121/9
f 1708/116/9 1710/117/9 1718/121/9
f 1706/115/9 1708/116/9 1718/121/9
f 1704/114/61 1706/115/9 1718/121/9
f 1702/113/9 1704/114/61 1718/121/9
f 1700/112/59 1702/113/9 1718/121/9
f 1698/111/63 1700/112/59 1718/121/9
f 1696/110/9 1698/111/63 1718/121/9
f 1694/109/61 1696/110/9 1718/121/9
f 1691/108/61 1694/109/61 1718/121/9
f 1692/107/9 1691/108/61 1718/121/9
f 1720/122/9 1692/107/9 1718/121/9
f 1721/123/1 1722/124/33 1723/124/98
f 1721/123/1 1723/124/98 1724/123/1
f 1722/124/33 1725/125/116 1726/125/100
f 1722/124/33 1726/125/100 1723/124/98
f 1725/125/116 1727/126/101 1728/126/102
f 1725/125/116 1728/126/102 1726/125/100
f 1727/126/101 1729/127/103 1730/127/103
f 1727/126/101 1730/127/103 1728/126/102
f 1729/127/103 1731/128/117 1732/128/105
f 1729/127/103 1732/128/105 1730/127/103
f 1731/128/117 1733/129/41 1734/129/106
f 1731/128/117 1734/129/106 1732/128/105
f 1733/129/41 1735/130/43 1736/130/44
f 1733/129/41 1736/130/44 1734/129/106
f 1735/130/43 1737/131/6 1738/131/6
f 1735/130/43 1738/131/6 1736/130/44
f 1737/131/6 1739/132/108 1740/132/47
f 1737/131/6 1740/132/47 1738/131/6
f 1739/132/108 1741/133/49 1742/133/110
f 1739/132/108 1742/133/110 1740/132/47
f 1741/133/49 1743/134/50 1744/134/120
f 1741/133/49 1744/134/120 1742/133/110
f 1743/134/50 1745/135/52 1746/135/52
f 1743/134/50 1746/135/52 1744/134/120
f 1745/135/52 1747/136/54 1748/136/113
f 1745/135/52 1748/136/113 1746/135/52
f 1747/136/54 1749/137/56 1750/137/121
f 1747/136/54 1750/137/121 1748/136/113
f 1749/137/56 1751/138/114 1752/138/122
f 1749/137/56 1752/138/122 1750/137/121
f 1751/138/114 1721/123/1 1724/123/1
f 1751/138/114 1724/123/1 1752/138/122
f 1744/134/9 1746/135/9 1748/136/9
f 1742/133/9 1744/134/9 1748/136/9
f 1742/133/9 1748/136/9 1750/137/9
f 1740/132/9 1742/133/9 1750/137/9
f 1738/131/9 1740/132/9 1750/137/9
f 1736/130/10 1738/131/9 1750/137/9
f 1734/129/9 1736/130/10 1750/137/9
f 1732/128/59 1734/129/9 1750/137/9
f 1730/127/63 1732/128/59 1750/137/9
f 1728/126/9 1730/127/63 1750/137/9
f 1726/125/61 1728/126/9 1750/137/9
f 1723/124/61 1726/125/61 1750/137/9
f 1724/123/9 1723/124/61 1750/137/9
f 1752/138/9 1724/123/9 1750/137/9
f 1753/1/1 1754/2/1 1755/2/1
f 1753/1/1 1755/2/1 1756/1/1
f 1757/3/4 1756/1/5 1755/2/3
f 1758/4/73 1757/3/4 1755/2/3
f 1759/5/6 1760/6/6 1761/6/6
f 1759/5/6 1762/5/6 1760/6/6
f 1763/7/8 1760/6/8 1762/5/8
f 1764/8/87 1760/6/87 1763/7/87
f 1765/9/1 1766/10/1 1767/10/1
f 1765/9/1 1767/10/1 1768/9/1
f 1769/11/4 1768/9/5 1767/10/3
f 1770/12/73 1769/11/4 1767/10/3
f 1771/13/6 1772/14/6 1773/14/6
f 1771/13/6 1774/13/6 1772/14/6
f 1775/15/8 1772/14/8 1774/13/8
f 1776/16/87 1772/14/87 1775/15/87
f 1777/17/1 1778/18/1 1779/18/1
f 1777/17/1 1779/18/1 1780/17/1
f 1781/19/4 1780/17/5 1779/18/3
f 1782/20/73 1781/19/4 1779/18/3
f 1783/21/6 1784/22/6 1785/22/6
f 1783/21/6 1786/21/6 1784/22/6
f 1787/23/87 1784/22/87 1786/21/87
f 1788/24/90 1784/22/90 1787/23/90
f 1789/25/9 1790/26/9 1791/27/9
f 1792/28/9 1789/25/9 1791/27/9
f 1793/29/60 1792/28/9 1791/27/9
f 1793/29/60 1791/27/9 1794/30/9
f 1795/31/9 1793/29/60 1794/30/9
f 1795/31/9 1794/30/9 1796/32/9
f 1797/33/11 1798/34/11 1799/34/11
f 1797/33/11 1799/34/11 1800/33/11
f 1798/34/1 1801/35/1 1802/35/1
f 1798/34/1 1802/35/1 1799/34/1
f 1801/35/12 1803/36/12 1804/36/12
f 1801/35/12 1804/36/12 1802/35/12
f 1803/36/6 1797/33/6 1800/33/6
f 1803/36/6 1800/33/6 1804/36/6
f 1804/36/13 1800/33/13 1805/37/13
f 1806/38/75 1805/37/75 1800/33/75
f 1804/36/16 1805/37/16 1807/39/16
f 1802/35/16 1804/36/16 1807/39/16
f 1802/35/91 1807/39/91 1808/40/18
f 1799/34/18 1802/35/91 1808/40/18
f 1808/40/97 1806/38/94 1800/33/92
f 1808/40/97 1800/33/92 1799/34/92
f 1809/41/11 1810/42/93 1811/42/93
f 1809/41/11 1811/42/93 1812/41/11
f 1810/42/1 1813/43/1 1814/43/1
f 1810/42/1 1814/43/1 1811/42/1
f 1813/43/12 1815/44/12 1816/44/12
f 1813/43/12 1816/44/12 1814/43/12
f 1815/44/6 1809/41/6 1812/41/6
f 1815/44/6 1812/41/6 1816/44/6
f 1816/44/13 1812/41/21 1807/39/21
f 1808/40/21 1807/39/21 1812/41/21
f 1816/44/16 1807/39/16 1791/27/16
f 1814/43/16 1816/44/16 1791/27/16
f 1814/43/91 1791/27/91 1790/26/18
f 1811/42/18 1814/43/91 1790/26/18
f 1790/26/94 1808/40/94 1812/41/92
f 1790/26/94 1812/41/92 1811/42/95
f 1817/45/11 1818/46/11 1819/46/11
f 1817/45/11 1819/46/11 1820/45/11
f 1818/46/1 1821/47/1 1822/47/1
f 1818/46/1 1822/47/1 1819/46/1
f 1821/47/12 1823/48/12 1824/48/12
f 1821/47/12 1824/48/12 1822/47/12
f 1823/48/6 1817/45/6 1820/45/6
f 1823/48/6 1820/45/6 1824/48/6
f 1824/48/96 1820/45/24 1825/49/96
f 1826/50/24 1825/49/96 1820/45/24
f 1824/48/16 1825/49/16 1827/37/16
f 1822/47/16 1824/48/16 1827/37/16
f 1822/47/85 1827/37/85 1828/38/85
f 1819/46/26 1822/47/26 1828/38/26
f 1828/38/92 1826/50/92 1820/45/94
f 1828/38/92 1820/45/94 1819/46/92
f 1829/51/11 1830/52/11 1831/52/11
f 1829/51/11 1831/52/11 1832/51/11
f 1830/52/1 1833/53/1 1834/53/1
f 1830/52/1 1834/53/1 1831/52/1
f 1833/53/12 1835/54/12 1836/54/12
f 1833/53/12 1836/54/12 1834/53/12
f 1835/54/6 1829/51/6 1832/51/6
f 1835/54/6 1832/51/6 1836/54/6
f 1836/54/96 1832/51/96 1837/30/96
f 1838/32/24 1837/30/24 1832/51/24
f 1836/54/16 1837/30/16 1825/49/16
f 1834/53/16 1836/54/16 1825/49/16
f 1834/53/85 1825/49/85 1826/50/26
f 1831/52/26 1834/53/85 1826/50/26
f 1826/50/92 1838/32/92 1832/51/94
f 1826/50/92 1832/51/94 1831/52/95
f 1839/55/11 1840/56/11 1841/56/11
f 1839/55/11 1841/56/11 1842/55/11
f 1843/57/12 1844/58/12 1845/58/12
f 1843/57/12 1845/58/12 1846/57/12
f 1846/57/9 1845/58/9 1842/55/9
f 1846/57/9 1842/55/9 1841/56/9
f 1847/59/11 1848/60/11 1849/60/11
f 1847/59/11 1849/60/11 1850/59/11
f 1851/61/12 1852/62/12 1853/62/12
f 1851/61/12 1853/62/12 1854/61/12
f 1854/61/9 1853/62/9 1850/59/9
f 1854/61/9 1850/59/9 1849/60/9
f 1855/63/11 1856/64/11 1857/64/11
f 1855/63/11 1857/64/11 1858/63/11
f 1859/65/12 1860/66/12 1861/66/12
f 1859/65/12 1861/66/12 1862/65/12
f 1862/65/9 1861/66/9 1858/63/9
f 1862/65/9 1858/63/9 1857/64/9
f 1863/67/11 1864/68/11 1865/68/11
f 1863/67/11 1865/68/11 1866/67/11
f 1867/69/12 1868/70/12 1869/70/12
f 1867/69/12 1869/70/12 1870/69/12
f 1870/69/9 1869/70/9 1866/67/9
f 1870/69/9 1866/67/9 1865/68/9
f 1871/71/9 1872/72/9 1873/54/9
f 1871/71/9 1873/54/9 1874/43/9
f 1875/42/9 1876/51/9 1877/73/9
f 1875/42/9 1877/73/9 1878/74/9
f 1879/75/1 1880/76/98 1881/76/99
f 1879/75/1 1881/76/99 1882/75/1
f 1880/76/98 1883/77/34 1884/77/100
f 1880/76/98 1884/77/100 1881/76/99
f 1883/77/34 1885/78/101 1886/78/37
f 1883/77/34 1886/78/37 1884/77/100
f 1885/78/101 1887/79/103 1888/79/103
f 1885/78/101 1888/79/103 1886/78/37
f 1887/79/103 1889/80/117 1890/80/105
f 1887/79/103 1890/80/105 1888/79/103
f 1889/80/117 1891/81/106 1892/81/42
f 1889/80/117 1892/81/42 1890/80/105
f 1891/81/106 1893/82/43 1894/82/44
f 1891/81/106 1894/82/44 1892/81/42
f 1893/82/43 1895/83/6 1896/83/6
f 1893/82/43 1896/83/6 1894/82/44
f 1895/83/6 1897/84/108 1898/84/47
f 1895/83/6 1898/84/47 1896/83/6
f 1897/84/108 1899/85/109 1900/85/110
f 1897/84/108 1900/85/110 1898/84/47
f 1899/85/109 1901/86/50 1902/86/111
f 1899/85/109 1902/86/111 1900/85/110
f 1901/86/50 1903/87/136 1904/87/53
f 1901/86/50 1904/87/53 1902/86/111
f 1903/87/136 1905/88/112 1906/88/113
f 1903/87/136 1906/88/113 1904/87/53
f 1905/88/112 1907/89/56 1908/89/56
f 1905/88/112 1908/89/56 1906/88/113
f 1907/89/56 1909/90/114 1910/90/115
f 1907/89/56 1910/90/115 1908/89/56
f 1909/90/114 1879/75/1 1882/75/1
f 1909/90/114 1882/75/1 1910/90/115
f 1902/86/9 1904/87/9 1906/88/9
f 1900/85/9 1902/86/9 1906/88/9
f 1900/85/9 1906/88/9 1908/89/9
f 1898/84/9 1900/85/9 1908/89/9
f 1896/83/9 1898/84/9 1908/89/9
f 1894/82/10 1896/83/9 1908/89/9
f 1892/81/9 1894/82/10 1908/89/9
f 1890/80/59 1892/81/9 1908/89/9
f 1888/79/63 1890/80/59 1908/89/9
f 1886/78/9 1888/79/63 1908/89/9
f 1884/77/61 1886/78/9 1908/89/9
f 1881/76/59 1884/77/61 1908/89/9
f 1882/75/9 1881/76/59 1908/89/9
f 1910/90/9 1882/75/9 1908/89/9
f 1911/91/1 1912/92/98 1913/92/99
f 1911/91/1 1913/92/99 1914/91/1
f 1912/92/98 1915/93/34 1916/93/68
f 1912/92/98 1916/93/68 1913/92/99
f 1915/93/34 1917/94/101 1918/94/102
f 1915/93/34 1918/94/102 1916/93/68
f 1917/94/101 1919/95/103 1920/95/103
f 1917/94/101 1920/95/103 1918/94/102
f 1919/95/103 1921/96/104 1922/96/105
f 1919/95/103 1922/96/105 1920/95/103
f 1921/96/104 1923/97/106 1924/97/106
f 1921/96/104 1924/97/106 1922/96/105
f 1923/97/106 1925/98/43 1926/98/132
f 1923/97/106 1926/98/132 1924/97/106
f 1925/98/43 1927/99/6 1928/99/6
f 1925/98/43 1928/99/6 1926/98/132
f 1927/99/6 1929/100/133 1930/100/108
f 1927/99/6 1930/100/108 1928/99/6
f 1929/100/133 1931/101/109 1932/101/110
f 1929/100/133 1932/101/110 1930/100/108
f 1931/101/109 1933/102/50 1934/102/120
f 1931/101/109 1934/102/120 1932/101/110
f 1933/102/50 1935/103/53 1936/103/53
f 1933/102/50 1936/103/53 1934/102/120
f 1935/103/53 1937/104/112 1938/104/54
f 1935/103/53 1938/104/54 1936/103/53
f 1937/104/112 1939/105/128 1940/105/56
f 1937/104/112 1940/105/56 1938/104/54
f 1939/105/128 1941/106/114 1942/106/115
f 1939/105/128 1942/106/115 1940/105/56
f 1941/106/114 1911/91/1 1914/91/1
f 1941/106/114 1914/91/1 1942/106/115
f 1934/102/9 1936/103/9 1938/104/9
f 1932/101/9 1934/102/9 1938/104/9
f 1932/101/9 1938/104/9 1940/105/9
f 1930/100/9 1932/101/9 1940/105/9
f 1928/99/9 1930/100/9 1940/105/9
f 1926/98/61 1928/99/9 1940/105/9
f 1924/97/9 1926/98/61 1940/105/9
f 1922/96/59 1924/97/9 1940/105/9
f 1920/95/61 1922/96/59 1940/105/9
f 1918/94/9 1920/95/61 1940/105/9
f 1916/93/61 1918/94/9 1940/105/9
f 1913/92/61 1916/93/61 1940/105/9
f 1914/91/9 1913/92/61 1940/105/9
f 1942/106/9 1914/91/9 1940/105/9
f 1943/107/1 1944/108/98 1945/108/99
f 1943/107/1 1945/108/99 1946/107/1
f 1944/108/98 1947/109/100 1948/109/125
f 1944/108/98 1948/109/125 1945/108/99
f 1947/109/100 1949/110/101 1950/110/37
f 1947/109/100 1950/110/37 1948/109/125
f 1949/110/101 1951/111/103 1952/111/123
f 1949/110/101 1952/111/123 1950/110/37
f 1951/111/103 1953/112/117 1954/112/105
f 1951/111/103 1954/112/105 1952/111/123
f 1953/112/117 1955/113/106 1956/113/106
f 1953/112/117 1956/113/106 1954/112/105
f 1955/113/106 1957/114/43 1958/114/44
f 1955/113/106 1958/114/44 1956/113/106
f 1957/114/43 1959/115/6 1960/115/6
f 1957/114/43 1960/115/6 1958/114/44
f 1959/115/6 1961/116/108 1962/116/47
f 1959/115/6 1962/116/47 1960/115/6
f 1961/116/108 1963/117/137 1964/117/110
f 1961/116/108 1964/117/110 1962/116/47
f 1963/117/137 1965/118/50 1966/118/111
f 1963/117/137 1966/118/111 1964/117/110
f 1965/118/50 1967/119/52 1968/119/53
f 1965/118/50 1968/119/53 1966/118/111
f 1967/119/52 1969/120/112 1970/120/113
f 1967/119/52 1970/120/113 1968/119/53
f 1969/120/112 1971/121/56 1972/121/57
f 1969/120/112 1972/121/57 1970/120/113
f 1971/121/56 1973/122/114 1974/122/115
f 1971/121/56 1974/122/115 1972/121/57
f 1973/122/114 1943/107/1 1946/107/1
f 1973/122/114 1946/107/1 1974/122/115
f 1966/118/9 1968/119/9 1970/120/9
f 1964/117/9 1966/118/9 1970/120/9
f 1964/117/9 1970/120/9 1972/121/9
f 1962/116/9 1964/117/9 1972/121/9
f 1960/115/9 1962/116/9 1972/121/9
f 1958/114/10 1960/115/9 1972/121/9
f 1956/113/9 1958/114/10 1972/121/9
f 1954/112/59 1956/113/9 1972/121/9
f 1952/111/61 1954/112/59 1972/121/9
f 1950/110/9 1952/111/61 1972/121/9
f 1948/109/9 1950/110/9 1972/121/9
f 1945/108/59 1948/109/9 1972/121/9
f 1946/107/9 1945/108/59 1972/121/9
f 1974/122/9 1946/107/9 1972/121/9
f 1975/123/1 1976/124/98 1977/124/99
f 1975/123/1 1977/124/99 1978/123/1
f 1976/124/98 1979/125/34 1980/125/68
f 1976/124/98 1980/125/68 1977/124/99
f 1979/125/34 1981/126/101 1982/126/102
f 1979/125/34 1982/126/102 1980/125/68
f 1981/126/101 1983/127/103 1984/127/103
f 1981/126/101 1984/127/103 1982/126/102
f 1983/127/103 1985/128/117 1986/128/105
f 1983/127/103 1986/128/105 1984/127/103
f 1985/128/117 1987/129/106 1988/129/107
f 1985/128/117 1988/129/107 1986/128/105
f 1987/129/106 1989/130/43 1990/130/44
f 1987/129/106 1990/130/44 1988/129/107
f 1989/130/43 1991/131/6 1992/131/6
f 1989/130/43 1992/131/6 1990/130/44
f 1991/131/6 1993/132/129 1994/132/108
f 1991/131/6 1994/132/108 1992/131/6
f 1993/132/129 1995/133/109 1996/133/110
f 1993/132/129 1996/133/110 1994/132/108
f 1995/133/109 1997/134/50 1998/134/120
f 1995/133/109 1998/134/120 1996/133/110
f 1997/134/50 1999/135/53 2000/135/53
f 1997/134/50 2000/135/53 1998/134/120
f 1999/135/53 2001/136/118 2002/136/113
f 1999/135/53 2002/136/113 2000/135/53
f 2001/136/118 2003/137/128 2004/137/56
f 2001/136/118 2004/137/56 2002/136/113
f 2003/137/128 2005/138/114 2006/138/115
f 2003/137/128 2006/138/115 2004/137/56
f 2005/138/114 1975/123/1 1978/123/1
f 2005/138/114 1978/123/1 2006/138/115
f 1998/134/9 2000/135/9 2002/136/9
f 1996/133/9 1998/134/9 2002/136/9
f 1996/133/9 2002/136/9 2004/137/9
f 1994/132/9 1996/133/9 2004/137/9
f 1992/131/9 1994/132/9 2004/137/9
f 1990/130/61 1992/131/9 2004/137/9
f 1988/129/9 1990/130/61 2004/137/9
f 1986/128/59 1988/129/9 2004/137/9
f 1984/127/61 1986/128/59 2004/137/9
f 1982/126/9 1984/127/61 2004/137/9
f 1980/125/61 1982/126/9 2004/137/9
f 1977/124/61 1980/125/61 2004/137/9
f 1978/123/9 1977/124/61 2004/137/9
f 2006/138/9 1978/123/9 2004/137/9
f 2007/1/1 2008/2/1 2009/2/1
f 2007/1/1 2009/2/1 2010/1/1
f 2011/3/4 2010/1/5 2009/2/3
f 2012/4/73 2011/3/4 2009/2/3
f 2013/5/6 2014/6/6 2015/6/6
f 2013/5/6 2016/5/6 2014/6/6
f 2017/7/8 2014/6/8 2016/5/8
f 2018/8/87 2014/6/87 2017/7/87
f 2019/9/1 2020/10/1 2021/10/1
f 2019/9/1 2021/10/1 2022/9/1
f 2023/11/4 2022/9/5 2021/10/3
f 2024/12/73 2023/11/4 2021/10/3
f 2025/13/6 2026/14/6 2027/14/6
f 2025/13/6 2028/13/6 2026/14/6
f 2029/15/8 2026/14/8 2028/13/8
f 2030/16/87 2026/14/87 2029/15/87
f 2031/17/1 2032/18/1 2033/18/1
f 2031/17/1 2033/18/1 2034/17/1
f 2035/19/4 2034/17/5 2033/18/3
f 2036/20/73 2035/19/4 2033/18/3
f 2037/21/6 2038/22/6 2039/22/6
f 2037/21/6 2040/21/6 2038/22/6
f 2041/23/8 2038/22/8 2040/21/8
f 2042/24/87 2038/22/87 2041/23/87
f 2043/25/9 2044/26/9 2045/27/9
f 2046/28/9 2043/25/9 2045/27/9
f 2047/29/60 2046/28/9 2045/27/9
f 2047/29/60 2045/27/9 2048/30/9
f 2049/31/9 2047/29/60 2048/30/9
f 2049/31/9 2048/30/9 2050/32/9
f 2051/33/11 2052/34/11 2053/34/11
f 2051/33/11 2053/34/11 2054/33/11
f 2052/34/1 2055/35/1 2056/35/1
f 2052/34/1 2056/35/1 2053/34/1
f 2055/35/12 2057/36/12 2058/36/12
f 2055/35/12 2058/36/12 2056/35/12
f 2057/36/6 2051/33/6 2054/33/6
f 2057/36/6 2054/33/6 2058/36/6
f 2058/36/13 2054/33/13 2059/37/13
f 2060/38/21 2059/37/21 2054/33/21
f 2058/36/16 2059/37/16 2061/39/16
f 2056/35/16 2058/36/16 2061/39/16
f 2056/35/91 2061/39/91 2062/40/18
f 2053/34/18 2056/35/91 2062/40/18
f 2062/40/92 2060/38/92 2054/33/92
f 2062/40/92 2054/33/92 2053/34/92
f 2063/41/11 2064/42/93 2065/42/93
f 2063/41/11 2065/42/93 2066/41/11
f 2064/42/1 2067/43/1 2068/43/1
f 2064/42/1 2068/43/1 2065/42/1
f 2067/43/12 2069/44/12 2070/44/12
f 2067/43/12 2070/44/12 2068/43/12
f 2069/44/6 2063/41/6 2066/41/6
f 2069/44/6 2066/41/6 2070/44/6
f 2070/44/21 2066/41/75 2061/39/75
f 2062/40/75 2061/39/75 2066/41/75
f 2070/44/16 2061/39/16 2045/27/16
f 2068/43/16 2070/44/16 2045/27/16
f 2068/43/91 2045/27/91 2044/26/18
f 2065/42/18 2068/43/91 2044/26/18
f 2044/26/92 2062/40/94 2066/41/95
f 2044/26/92 2066/41/95 2065/42/94
f 2071/45/11 2072/46/11 2073/46/11
f 2071/45/11 2073/46/11 2074/45/11
f 2072/46/1 2075/47/1 2076/47/1
f 2072/46/1 2076/47/1 2073/46/1
f 2075/47/12 2077/48/12 2078/48/12
f 2075/47/12 2078/48/12 2076/47/12
f 2077/48/6 2071/45/6 2074/45/6
f 2077/48/6 2074/45/6 2078/48/6
f 2078/48/96 2074/45/24 2079/49/96
f 2080/50/24 2079/49/96 2074/45/24
f 2078/48/16 2079/49/16 2081/37/16
f 2076/47/16 2078/48/16 2081/37/16
f 2076/47/85 2081/37/85 2082/38/85
f 2073/46/26 2076/47/26 2082/38/26
f 2082/38/92 2080/50/94 2074/45/92
f 2082/38/92 2074/45/92 2073/46/92
f 2083/51/11 2084/52/11 2085/52/11
f 2083/51/11 2085/52/11 2086/51/11
f 2084/52/1 2087/53/1 2088/53/1
f 2084/52/1 2088/53/1 2085/52/1
f 2087/53/12 2089/54/12 2090/54/12
f 2087/53/12 2090/54/12 2088/53/12
f 2089/54/6 2083/51/6 2086/51/6
f 2089/54/6 2086/51/6 2090/54/6
f 2090/54/96 2086/51/96 2091/30/96
f 2092/32/24 2091/30/24 2086/51/24
f 2090/54/16 2091/30/16 2079/49/16
f 2088/53/16 2090/54/16 2079/49/16
f 2088/53/85 2079/49/85 2080/50/124
f 2085/52/26 2088/53/85 2080/50/124
f 2080/50/94 2092/32/94 2086/51/92
f 2080/50/94 2086/51/92 2085/52/92
f 2093/55/11 2094/56/11 2095/56/11
f 2093/55/11 2095/56/11 2096/55/11
f 2097/57/12 2098/58/12 2099/58/12
f 2097/57/12 2099/58/12 2100/57/12
f 2100/57/9 2099/58/9 2096/55/9
f 2100/57/9 2096/55/9 2095/56/9
f 2101/59/11 2102/60/11 2103/60/11
f 2101/59/11 2103/60/11 2104/59/11
f 2105/61/12 2106/62/12 2107/62/12
f 2105/61/12 2107/62/12 2108/61/12
f 2108/61/9 2107/62/9 2104/59/9
f 2108/61/9 2104/59/9 2103/60/9
f 2109/63/11 2110/64/11 2111/64/11
f 2109/63/11 2111/64/11 2112/63/11
f 2113/65/12 2114/66/12 2115/66/12
f 2113/65/12 2115/66/12 2116/65/12
f 2116/65/9 2115/66/9 2112/63/9
f 2116/65/9 2112/63/9 2111/64/9
f 2117/67/11 2118/68/11 2119/68/11
f 2117/67/11 2119/68/11 2120/67/11
f 2121/69/12 2122/70/12 2123/70/12
f 2121/69/12 2123/70/12 2124/69/12
f 2124/69/9 2123/70/9 2120/67/9
f 2124/69/9 2120/67/9 2119/68/9
f 2125/71/9 2126/72/9 2127/54/9
f 2125/71/9 2127/54/9 2128/43/9
f 2129/42/9 2130/51/9 2131/73/9
f 2129/42/9 2131/73/9 2132/74/9
f 2133/75/1 2134/76/98 2135/76/99
f 2133/75/1 2135/76/99 2136/75/1
f 2134/76/98 2137/77/116 2138/77/100
f 2134/76/98 2138/77/100 2135/76/99
f 2137/77/116 2139/78/101 2140/78/37
f 2137/77/116 2140/78/37 2138/77/100
f 2139/78/101 2141/79/103 2142/79/103
f 2139/78/101 2142/79/103 2140/78/37
f 2141/79/103 2143/80/117 2144/80/105
f 2141/79/103 2144/80/105 2142/79/103
f 2143/80/117 2145/81/106 2146/81/106
f 2143/80/117 2146/81/106 2144/80/105
f 2145/81/106 2147/82/43 2148/82/44
f 2145/81/106 2148/82/44 2146/81/106
f 2147/82/43 2149/83/6 2150/83/6
f 2147/82/43 2150/83/6 2148/82/44
f 2149/83/6 2151/84/108 2152/84/47
f 2149/83/6 2152/84/47 2150/83/6
f 2151/84/108 2153/85/49 2154/85/110
f 2151/84/108 2154/85/110 2152/84/47
f 2153/85/49 2155/86/50 2156/86/111
f 2153/85/49 2156/86/111 2154/85/110
f 2155/86/50 2157/87/53 2158/87/53
f 2155/86/50 2158/87/53 2156/86/111
f 2157/87/53 2159/88/118 2160/88/113
f 2157/87/53 2160/88/113 2158/87/53
f 2159/88/118 2161/89/56 2162/89/57
f 2159/88/118 2162/89/57 2160/88/113
f 2161/89/56 2163/90/114 2164/90/115
f 2161/89/56 2164/90/115 2162/89/57
f 2163/90/114 2133/75/1 2136/75/1
f 2163/90/114 2136/75/1 2164/90/115
f 2156/86/9 2158/87/9 2160/88/9
f 2154/85/9 2156/86/9 2160/88/9
f 2154/85/9 2160/88/9 2162/89/9
f 2152/84/9 2154/85/9 2162/89/9
f 2150/83/9 2152/84/9 2162/89/9
f 2148/82/10 2150/83/9 2162/89/9
f 2146/81/9 2148/82/10 2162/89/9
f 2144/80/59 2146/81/9 2162/89/9
f 2142/79/63 2144/80/59 2162/89/9
f 2140/78/9 2142/79/63 2162/89/9
f 2138/77/9 2140/78/9 2162/89/9
f 2135/76/59 2138/77/9 2162/89/9
f 2136/75/9 2135/76/59 2162/89/9
f 2164/90/9 2136/75/9 2162/89/9
f 2165/91/1 2166/92/98 2167/92/99
f 2165/91/1 2167/92/99 2168/91/1
f 2166/92/98 2169/93/116 2170/93/100
f 2166/92/98 2170/93/100 2167/92/99
f 2169/93/116 2171/94/101 2172/94/102
f 2169/93/116 2172/94/102 2170/93/100
f 2171/94/101 2173/95/103 2174/95/103
f 2171/94/101 2174/95/103 2172/94/102
f 2173/95/103 2175/96/39 2176/96/39
f 2173/95/103 2176/96/39 2174/95/103
f 2175/96/39 2177/97/106 2178/97/107
f 2175/96/39 2178/97/107 2176/96/39
f 2177/97/106 2179/98/43 2180/98/44
f 2177/97/106 2180/98/44 2178/97/107
f 2179/98/43 2181/99/6 2182/99/6
f 2179/98/43 2182/99/6 2180/98/44
f 2181/99/6 2183/100/108 2184/100/47
f 2181/99/6 2184/100/47 2182/99/6
f 2183/100/108 2185/101/109 2186/101/110
f 2183/100/108 2186/101/110 2184/100/47
f 2185/101/109 2187/102/50 2188/102/120
f 2185/101/109 2188/102/120 2186/101/110
f 2187/102/50 2189/103/53 2190/103/53
f 2187/102/50 2190/103/53 2188/102/120
f 2189/103/53 2191/104/112 2192/104/113
f 2189/103/53 2192/104/113 2190/103/53
f 2191/104/112 2193/105/56 2194/105/56
f 2191/104/112 2194/105/56 2192/104/113
f 2193/105/56 2195/106/114 2196/106/115
f 2193/105/56 2196/106/115 2194/105/56
f 2195/106/114 2165/91/1 2168/91/1
f 2195/106/114 2168/91/1 2196/106/115
f 2188/102/9 2190/103/9 2192/104/9
f 2186/101/9 2188/102/9 2192/104/9
f 2186/101/9 2192/104/9 2194/105/9
f 2184/100/9 2186/101/9 2194/105/9
f 2182/99/9 2184/100/9 2194/105/9
f 2180/98/61 2182/99/9 2194/105/9
f 2178/97/9 2180/98/61 2194/105/9
f 2176/96/59 2178/97/9 2194/105/9
f 2174/95/63 2176/96/59 2194/105/9
f 2172/94/9 2174/95/63 2194/105/9
f 2170/93/61 2172/94/9 2194/105/9
f 2167/92/61 2170/93/61 2194/105/9
f 2168/91/9 2167/92/61 2194/105/9
f 2196/106/9 2168/91/9 2194/105/9
f 2197/107/1 2198/108/127 2199/108/99
f 2197/107/1 2199/108/99 2200/107/1
f 2198/108/127 2201/109/116 2202/109/100
f 2198/108/127 2202/109/100 2199/108/99
f 2201/109/116 2203/110/101 2204/110/102
f 2201/109/116 2204/110/102 2202/109/100
f 2203/110/101 2205/111/123 2206/111/123
f 2203/110/101 2206/111/123 2204/110/102
f 2205/111/123 2207/112/104 2208/112/105
f 2205/111/123 2208/112/105 2206/111/123
f 2207/112/104 2209/113/41 2210/113/106
f 2207/112/104 2210/113/106 2208/112/105
f 2209/113/41 2211/114/43 2212/114/44
f 2209/113/41 2212/114/44 2210/113/106
f 2211/114/43 2213/115/6 2214/115/6
f 2211/114/43 2214/115/6 2212/114/44
f 2213/115/6 2215/116/108 2216/116/47
f 2213/115/6 2216/116/47 2214/115/6
f 2215/116/108 2217/117/49 2218/117/110
f 2215/116/108 2218/117/110 2216/116/47
f 2217/117/49 2219/118/50 2220/118/120
f 2217/117/49 2220/118/120 2218/117/110
f 2219/118/50 2221/119/53 2222/119/53
f 2219/118/50 2222/119/53 2220/118/120
f 2221/119/53 2223/120/112 2224/120/54
f 2221/119/53 2224/120/54 2222/119/53
f 2223/120/112 2225/121/56 2226/121/56
f 2223/120/112 2226/121/56 2224/120/54
f 2225/121/56 2227/122/114 2228/122/115
f 2225/121/56 2228/122/115 2226/121/56
f 2227/122/114 2197/107/1 2200/107/1
f 2227/122/114 2200/107/1 2228/122/115
f 2220/118/9 2222/119/9 2224/120/9
f 2218/117/9 2220/118/9 2224/120/9
f 2218/117/9 2224/120/9 2226/121/9
f 2216/116/9 2218/117/9 2226/121/9
f 2214/115/9 2216/116/9 2226/121/9
f 2212/114/61 2214/115/9 2226/121/9
f 2210/113/9 2212/114/61 2226/121/9
f 2208/112/59 2210/113/9 2226/121/9
f 2206/111/61 2208/112/59 2226/121/9
f 2204/110/9 2206/111/61 2226/121/9
f 2202/109/61 2204/110/9 2226/121/9
f 2199/108/61 2202/109/61 2226/121/9
f 2200/107/9 2199/108/61 2226/121/9
f 2228/122/9 2200/107/9 2226/121/9
f 2229/123/1 2230/124/98 2231/124/99
f 2229/123/1 2231/124/99 2232/123/1
f 2230/124/98 2233/125/138 2234/125/100
f 2230/124/98 2234/125/100 2231/124/99
f 2233/125/138 2235/126/36 2236/126/37
f 2233/125/138 2236/126/37 2234/125/100
f 2235/126/36 2237/127/123 2238/127/103
f 2235/126/36 2238/127/103 2236/126/37
f 2237/127/123 2239/128/117 2240/128/139
f 2237/127/123 2240/128/139 2238/127/103
f 2239/128/117 2241/129/106 2242/129/42
f 2239/128/117 2242/129/42 2240/128/139
f 2241/129/106 2243/130/43 2244/130/44
f 2241/129/106 2244/130/44 2242/129/42
f 2243/130/43 2245/131/6 2246/131/6
f 2243/130/43 2246/131/6 2244/130/44
f 2245/131/6 2247/132/108 2248/132/47
f 2245/131/6 2248/132/47 2246/131/6
f 2247/132/108 2249/133/119 2250/133/126
f 2247/132/108 2250/133/126 2248/132/47
f 2249/133/119 2251/134/140 2252/134/111
f 2249/133/119 2252/134/111 2250/133/126
f 2251/134/140 2253/135/136 2254/135/53
f 2251/134/140 2254/135/53 2252/134/111
f 2253/135/136 2255/136/141 2256/136/130
f 2253/135/136 2256/136/130 2254/135/53
f 2255/136/141 2257/137/56 2258/137/56
f 2255/136/141 2258/137/56 2256/136/130
f 2257/137/56 2259/138/114 2260/138/115
f 2257/137/56 2260/138/115 2258/137/56
f 2259/138/114 2229/123/1 2232/123/1
f 2259/138/114 2232/123/1 2260/138/115
f 2252/134/9 2254/135/9 2256/136/9
f 2250/133/9 2252/134/9 2256/136/9
f 2250/133/9 2256/136/9 2258/137/9
f 2248/132/9 2250/133/9 2258/137/9
f 2246/131/9 2248/132/9 2258/137/9
f 2244/130/10 2246/131/9 2258/137/9
f 2242/129/9 2244/130/10 2258/137/9
f 2240/128/59 2242/129/9 2258/137/9
f 2238/127/61 2240/128/59 2258/137/9
f 2236/126/9 2238/127/61 2258/137/9
f 2234/125/61 2236/126/9 2258/137/9
f 2231/124/61 2234/125/61 2258/137/9
f 2232/123/9 2231/124/61 2258/137/9
f 2260/138/9 2232/123/9 2258/137/9
f 2261/139/1 2262/140/1 2263/140/1
f 2261/139/1 2263/140/1 2264/139/1
f 2265/141/5 2264/139/5 2263/140/3
f 2266/142/73 2265/141/5 2263/140/3
f 2267/143/6 2268/144/6 2269/144/6
f 2267/143/6 2270/143/6 2268/144/6
f 2271/145/8 2268/144/8 2270/143/8
f 2272/146/142 2268/144/142 2271/145/142
f 2273/147/1 2274/148/1 2275/148/1
f 2273/147/1 2275/148/1 2276/147/1
f 2277/149/5 2276/147/5 2275/148/3
f 2278/150/73 2277/149/5 2275/148/3
f 2279/159/6 2280/160/6 2281/160/6
f 2279/159/6 2282/159/6 2280/160/6
f 2283/161/8 2280/160/8 2282/159/8
f 2284/162/87 2280/160/87 2283/161/87
f 2285/163/9 2286/164/9 2287/165/9
f 2288/166/9 2285/163/9 2287/165/9
f 2289/167/9 2288/166/9 2287/165/9
f 2289/167/9 2287/165/9 2290/168/59
f 2291/169/9 2289/167/9 2290/168/59
f 2291/169/9 2290/168/59 2292/170/9
f 2293/180/1 2294/181/1 2295/181/1
f 2293/180/1 2295/181/1 2296/180/1
f 2295/181/143 2297/165/143 2298/164/78
f 2296/180/17 2295/181/143 2298/164/78
f 2299/186/6 2300/183/6 2301/183/6
f 2299/186/6 2301/183/6 2302/186/6
f 2302/186/28 2301/183/96 2303/187/23
f 2304/188/84 2303/187/23 2301/183/96
f 2305/189/11 2306/190/11 2307/190/11
f 2305/189/11 2307/190/11 2308/189/11
f 2306/190/1 2309/191/1 2310/191/1
f 2306/190/1 2310/191/1 2307/190/1
f 2309/191/12 2311/192/12 2312/192/12
f 2309/191/12 2312/192/12 2310/191/12
f 2311/192/6 2305/189/6 2308/189/6
f 2311/192/6 2308/189/6 2312/192/6
f 2312/192/80 2308/189/80 2313/168/80
f 2292/170/84 2313/168/84 2308/189/84
f 2312/192/16 2313/168/16 2303/187/16
f 2310/191/16 2312/192/16 2303/187/16
f 2310/191/144 2303/187/86 2304/188/25
f 2307/190/25 2310/191/144 2304/188/25
f 2304/188/145 2292/170/145 2308/189/145
f 2304/188/145 2308/189/145 2307/190/145
f 2314/193/11 2315/194/11 2316/194/11
f 2314/193/11 2316/194/11 2317/193/11
f 2318/195/12 2319/196/12 2320/196/12
f 2318/195/12 2320/196/12 2321/195/12
f 2321/195/9 2320/196/9 2317/193/9
f 2321/195/9 2317/193/9 2316/194/9
f 2322/197/11 2323/198/11 2324/198/11
f 2322/197/11 2324/198/11 2325/197/11
f 2326/199/12 2327/200/12 2328/200/12
f 2326/199/12 2328/200/12 2329/199/12
f 2329/199/9 2328/200/9 2325/197/9
f 2329/199/9 2325/197/9 2324/198/9
f 2330/201/9 2331/202/9 2332/192/9
f 2330/201/9 2332/192/9 2333/181/9
f 2334/180/9 2335/189/9 2336/203/9
f 2334/180/9 2336/203/9 2337/204/9
f 2338/192/16 2339/168/16 2340/187/16
f 2341/191/16 2338/192/16 2340/187/16
o Obj3d66_17342430_17_735
v 1779.431274 415.285919 -27327.929688
v 1853.117920 415.285919 -27327.929688
v 1853.117920 517.793640 -27327.929688
v 1779.431274 517.793640 -27327.929688
v 1764.799683 539.226746 -27327.929688
v 1864.945190 539.226746 -27327.929688
v 1864.945190 573.125916 -27327.929688
v 1764.799683 573.125916 -27327.929688
v 2364.937500 415.285919 -27327.929688
v 2523.532227 415.285919 -27327.929688
v 2523.532227 517.793640 -27327.929688
v 2364.937500 517.793640 -27327.929688
v 2365.308594 539.226746 -27327.929688
v 2523.590332 539.226746 -27327.929688
v 2523.590332 573.125916 -27327.929688
v 2365.308594 573.125916 -27327.929688
v 2584.630859 415.285919 -27327.929688
v 2743.225586 415.285919 -27327.929688
v 2743.225586 517.793640 -27327.929688
v 2584.630859 517.793640 -27327.929688
v 2585.001953 539.226746 -27327.929688
v 2743.283936 539.226746 -27327.929688
v 2743.283936 573.125916 -27327.929688
v 2585.001953 573.125916 -27327.929688
v 2804.383057 415.285919 -27327.929688
v 2885.224121 415.285919 -27327.929688
v 2885.224121 517.793640 -27327.929688
v 2804.383057 517.793640 -27327.929688
v 3042.260010 415.285919 -27327.929688
v 3123.101074 415.285919 -27327.929688
v 3123.101074 517.793640 -27327.929688
v 3042.260010 517.793640 -27327.929688
v 2962.752197 415.285919 -27327.929688
v 3043.593262 415.285919 -27327.929688
v 3043.593262 476.423737 -27327.929688
v 2962.752197 476.423737 -27327.929688
v 2881.951172 415.285919 -27327.929688
v 2962.792236 415.285919 -27327.929688
v 2962.792236 476.423737 -27327.929688
v 2881.951172 476.423737 -27327.929688
v 3168.441650 415.285919 -27327.929688
v 3327.036133 415.285919 -27327.929688
v 3327.036133 517.793640 -27327.929688
v 3168.441650 517.793640 -27327.929688
v 3168.812744 539.226746 -27327.929688
v 3327.094482 539.226746 -27327.929688
v 3327.094482 573.125916 -27327.929688
v 3168.812744 573.125916 -27327.929688
v 3389.335205 415.285919 -27327.929688
v 3547.929932 415.285919 -27327.929688
v 3547.929932 517.793640 -27327.929688
v 3389.335205 517.793640 -27327.929688
v 3389.706543 539.226746 -27327.929688
v 3547.988281 539.226746 -27327.929688
v 3547.988281 573.125916 -27327.929688
v 3389.706543 573.125916 -27327.929688
v 3609.167969 415.285919 -27327.929688
v 3767.762695 415.285919 -27327.929688
v 3767.762695 517.793640 -27327.929688
v 3609.167969 517.793640 -27327.929688
v 3609.539062 539.226746 -27327.929688
v 3767.820801 539.226746 -27327.929688
v 3767.820801 573.125916 -27327.929688
v 3609.539062 573.125916 -27327.929688
v 3828.947754 415.285919 -27327.929688
v 3987.542480 415.285919 -27327.929688
v 3987.542480 517.793640 -27327.929688
v 3828.947754 517.793640 -27327.929688
v 3829.318848 539.226746 -27327.929688
v 3987.600830 539.226746 -27327.929688
v 3987.600830 573.125916 -27327.929688
v 3829.318848 573.125916 -27327.929688
v 4041.969727 415.285919 -27327.929688
v 4115.656250 415.285919 -27327.929688
v 4115.656250 517.793640 -27327.929688
v 4041.969727 517.793640 -27327.929688
v 2885.224121 479.774536 -27327.929688
v 3035.395752 479.774536 -27327.929688
v 3035.395752 513.673706 -27327.929688
v 2885.224121 513.673706 -27327.929688
v 2804.695312 539.226746 -27327.929688
v 3115.106201 539.226746 -27327.929688
v 3115.106201 573.125916 -27327.929688
v 2804.695312 573.125916 -27327.929688
v 2145.244141 415.285919 -27327.929688
v 2303.838867 415.285919 -27327.929688
v 2303.838867 517.793640 -27327.929688
v 2145.244141 517.793640 -27327.929688
v 2145.615234 539.226746 -27327.929688
v 2303.897217 539.226746 -27327.929688
v 2303.897217 573.125916 -27327.929688
v 2145.615234 573.125916 -27327.929688
v 1926.160156 415.285919 -27327.929688
v 2084.754883 415.285919 -27327.929688
v 2084.754883 517.793640 -27327.929688
v 1926.160156 517.793640 -27327.929688
v 1925.739380 539.226746 -27327.929688
v 2084.021240 539.226746 -27327.929688
v 2084.021240 573.125916 -27327.929688
v 1925.739380 573.125916 -27327.929688
vn -0.0000 -0.0000 1.0000
vt 0.179700 0.178200
vt 0.499600 0.178200
vt 0.499600 0.396500
vt 0.179700 0.396500
vt 0.178300 0.442100
vt 0.613100 0.442100
vt 0.613100 0.514300
vt 0.178300 0.514300
vt 0.175300 0.178800
vt 0.835400 0.178800
vt 0.835400 0.369100
vt 0.175300 0.369100
vt 0.162500 0.444700
vt 0.850100 0.444700
vt 0.850100 0.517600
vt 0.162500 0.517600
vt 0.181700 0.168100
vt 0.333100 0.168100
vt 0.333100 0.379600
vt 0.181700 0.379600
vt 0.181700 0.169500
vt 0.333100 0.169500
vt 0.333100 0.295600
vt 0.181700 0.295600
vt 0.151700 0.442800
vt 0.880900 0.442800
vt 0.880900 0.514400
vt 0.151700 0.514400
s 1
usemtl 3d66_Standardmaterial_17342430_091
f 2342/205/146 2343/206/146 2344/207/146
f 2342/205/146 2344/207/146 2345/208/146
f 2346/209/146 2347/210/146 2348/211/146
f 2346/209/146 2348/211/146 2349/212/146
f 2350/213/146 2351/214/146 2352/215/146
f 2350/213/146 2352/215/146 2353/216/146
f 2354/217/146 2355/218/146 2356/219/146
f 2354/217/146 2356/219/146 2357/220/146
f 2358/213/146 2359/214/146 2360/215/146
f 2358/213/146 2360/215/146 2361/216/146
f 2362/217/146 2363/218/146 2364/219/146
f 2362/217/146 2364/219/146 2365/220/146
f 2366/221/146 2367/222/146 2368/223/146
f 2366/221/146 2368/223/146 2369/224/146
f 2370/221/146 2371/222/146 2372/223/146
f 2370/221/146 2372/223/146 2373/224/146
f 2374/225/146 2375/226/146 2376/227/146
f 2374/225/146 2376/227/146 2377/228/146
f 2378/225/146 2379/226/146 2380/227/146
f 2378/225/146 2380/227/146 2381/228/146
f 2382/213/146 2383/214/146 2384/215/146
f 2382/213/146 2384/215/146 2385/216/146
f 2386/217/146 2387/218/146 2388/219/146
f 2386/217/146 2388/219/146 2389/220/146
f 2390/213/146 2391/214/146 2392/215/146
f 2390/213/146 2392/215/146 2393/216/146
f 2394/217/146 2395/218/146 2396/219/146
f 2394/217/146 2396/219/146 2397/220/146
f 2398/213/146 2399/214/146 2400/215/146
f 2398/213/146 2400/215/146 2401/216/146
f 2402/217/146 2403/218/146 2404/219/146
f 2402/217/146 2404/219/146 2405/220/146
f 2406/213/146 2407/214/146 2408/215/146
f 2406/213/146 2408/215/146 2409/216/146
f 2410/217/146 2411/218/146 2412/219/146
f 2410/217/146 2412/219/146 2413/220/146
f 2414/205/146 2415/206/146 2416/207/146
f 2414/205/146 2416/207/146 2417/208/146
f 2418/217/146 2419/218/146 2420/219/146
f 2418/217/146 2420/219/146 2421/220/146
f 2422/229/146 2423/230/146 2424/231/146
f 2422/229/146 2424/231/146 2425/232/146
f 2426/213/146 2427/214/146 2428/215/146
f 2426/213/146 2428/215/146 2429/216/146
f 2430/217/146 2431/218/146 2432/219/146
f 2430/217/146 2432/219/146 2433/220/146
f 2434/213/146 2435/214/146 2436/215/146
f 2434/213/146 2436/215/146 2437/216/146
f 2438/217/146 2439/218/146 2440/219/146
f 2438/217/146 2440/219/146 2441/220/146
o Obj3d66_17342430_21_990
v 1880.341187 382.196136 -27328.572266
v 1750.977539 382.196136 -27328.572266
v 1750.977539 382.196136 -27318.671875
v 1880.341187 382.196136 -27318.671875
v 1750.977539 332.710419 -27318.671875
v 1880.341187 332.710419 -27318.671875
v 4140.082520 382.196136 -27328.572266
v 4017.944092 382.196136 -27328.572266
v 4017.944092 382.196136 -27318.671875
v 4140.082520 382.196136 -27318.671875
v 4017.944092 332.710419 -27318.671875
v 4140.082520 332.710419 -27318.671875
v 2099.310547 382.196136 -27328.572266
v 1912.021118 382.196136 -27328.572266
v 1912.021118 382.196136 -27318.671875
v 2099.310547 382.196136 -27318.671875
v 1912.021118 332.710419 -27318.671875
v 2099.310547 332.710419 -27318.671875
vn -0.0000 1.0000 -0.0000
vn -0.0000 -0.0000 1.0000
vt -133.993607 0.999500
vt -150.327301 0.999500
vt -150.327301 0.000600
vt -133.993607 0.000600
vt -150.327301 0.000500
vt -133.993607 0.000500
vt 151.327301 0.999400
vt 135.905899 0.999400
vt 135.905899 0.000500
vt 151.327301 0.000500
vt 151.327301 0.999500
vt 135.905899 0.999500
vt -106.345901 0.999500
vt -129.993607 0.999500
vt -129.993607 0.000600
vt -106.345901 0.000500
vt -129.993607 0.000500
s 1
usemtl 3d66_Standardmaterial_17342430_105
f 2442/233/147 2443/234/147 2444/235/147
f 2442/233/147 2444/235/147 2445/236/147
f 2446/237/148 2447/238/148 2445/233/148
f 2446/237/148 2445/233/148 2444/234/148
f 2448/239/147 2449/240/147 2450/241/147
f 2448/239/147 2450/241/147 2451/242/147
f 2452/241/148 2453/242/148 2451/243/148
f 2452/241/148 2451/243/148 2450/244/148
f 2454/245/147 2455/246/147 2456/247/147
f 2454/245/147 2456/247/147 2457/248/147
f 2458/249/148 2459/248/148 2457/245/148
f 2458/249/148 2457/245/148 2456/246/148
o Obj3d66_17342430_28_381
v 2334.930176 539.226746 -27328.572266
v 2115.237061 539.226746 -27328.572266
v 2115.237061 539.226746 -27320.294922
v 2334.930176 539.226746 -27320.294922
v 2115.237061 528.057495 -27328.572266
v 2334.930176 528.057495 -27328.572266
v 2334.930176 528.057495 -27320.294922
v 2115.237061 528.057495 -27320.294922
v 2138.123291 345.003326 -27328.572266
v 2138.123291 528.057617 -27328.572266
v 2138.123291 528.057617 -27322.365234
v 2138.123291 345.003326 -27322.365234
v 2115.237061 528.057617 -27322.365234
v 2115.237061 345.003418 -27322.365234
v 2334.930176 345.003418 -27328.572266
v 2115.237061 345.003418 -27328.572266
v 2115.237061 345.003418 -27320.294922
v 2334.930176 345.003418 -27320.294922
v 2115.237061 332.710510 -27320.294922
v 2334.930176 332.710510 -27320.294922
v 2311.384766 528.057617 -27328.572266
v 2311.384766 345.003418 -27328.572266
v 2311.384766 345.003418 -27322.365234
v 2311.384766 528.057617 -27322.365234
v 2334.929932 345.003418 -27322.365234
v 2334.929932 528.057617 -27322.365234
v 2142.149414 539.226746 -27328.572266
v 2142.149414 573.125916 -27328.572266
v 2142.149414 573.125916 -27322.365234
v 2142.149414 539.226746 -27322.365234
v 2115.237061 573.125916 -27322.365234
v 2115.237061 539.226746 -27322.365234
v 2307.358398 573.125916 -27328.572266
v 2307.358398 539.226746 -27328.572266
v 2307.358398 539.226746 -27322.365234
v 2307.358398 573.125916 -27322.365234
v 2334.929932 539.226746 -27322.365234
v 2334.929932 573.125916 -27322.365234
v 2200.611816 539.226746 -27328.572266
v 2200.611816 573.125916 -27328.572266
v 2200.611816 573.125916 -27322.365234
v 2200.611816 539.226746 -27322.365234
v 2189.935547 573.125916 -27322.365234
v 2189.935547 539.226746 -27322.365234
v 2189.935547 573.125916 -27328.572266
v 2189.935547 539.226746 -27328.572266
v 2259.572266 539.226746 -27328.572266
v 2259.572266 573.125916 -27328.572266
v 2259.572266 573.125916 -27322.365234
v 2259.572266 539.226746 -27322.365234
v 2248.895996 573.125916 -27322.365234
v 2248.895996 539.226746 -27322.365234
v 2248.895996 573.125916 -27328.572266
v 2248.895996 539.226746 -27328.572266
v 2334.929688 601.083801 -27328.572266
v 2115.236816 601.083801 -27328.572266
v 2115.236816 601.083801 -27320.294922
v 2334.929688 601.083801 -27320.294922
v 2115.237061 573.125916 -27328.572266
v 2334.930176 573.125916 -27328.572266
v 2334.930176 573.125916 -27320.294922
v 2115.237061 573.125916 -27320.294922
v 2115.236572 539.226624 -27328.572266
v 1896.160400 539.226624 -27328.572266
v 1896.160400 539.226624 -27320.294922
v 2115.236572 539.226624 -27320.294922
v 1896.160400 528.057495 -27328.572266
v 2115.236572 528.057495 -27328.572266
v 2115.236572 528.057495 -27320.294922
v 1896.160400 528.057495 -27320.294922
v 1919.041260 394.488922 -27328.572266
v 1919.041260 528.057495 -27328.572266
v 1919.041260 528.057495 -27322.365234
v 1919.041260 394.488922 -27322.365234
v 1896.160400 528.057495 -27322.365234
v 1896.160400 394.489014 -27322.365234
v 2092.302734 528.057495 -27328.572266
v 2092.302734 394.489014 -27328.572266
v 2092.302734 394.489014 -27322.365234
v 2092.302734 528.057495 -27322.365234
v 2115.236328 394.489014 -27322.365234
v 2115.236328 528.057495 -27322.365234
v 1922.275146 539.226624 -27328.572266
v 1922.275146 573.125854 -27328.572266
v 1922.275146 573.125854 -27322.365234
v 1922.275146 539.226624 -27322.365234
v 1896.160400 573.125854 -27322.365234
v 1896.160400 539.226624 -27322.365234
v 2093.970215 573.125854 -27328.572266
v 2093.970215 539.226624 -27328.572266
v 2093.970215 539.226746 -27322.365234
v 2093.970215 573.125854 -27322.365234
v 2115.236328 539.226624 -27322.365234
v 2115.236328 573.125854 -27322.365234
v 1980.737549 539.226624 -27328.572266
v 1980.737549 573.125854 -27328.572266
v 1980.737549 573.125854 -27322.365234
v 1980.737549 539.226624 -27322.365234
v 1970.061401 573.125854 -27322.365234
v 1970.061401 539.226624 -27322.365234
v 1970.061401 573.125854 -27328.572266
v 1970.061401 539.226624 -27328.572266
v 2039.698242 539.226624 -27328.572266
v 2039.698242 573.125854 -27328.572266
v 2039.698242 573.125854 -27322.365234
v 2039.698242 539.226624 -27322.365234
v 2029.021973 573.125854 -27322.365234
v 2029.021973 539.226624 -27322.365234
v 2029.021973 573.125854 -27328.572266
v 2029.021973 539.226624 -27328.572266
v 2115.236328 601.083740 -27328.572266
v 1896.163086 601.083740 -27328.572266
v 1896.163086 601.083618 -27320.294922
v 2115.236328 601.083618 -27320.294922
v 1896.163330 573.125854 -27328.572266
v 2115.236572 573.125854 -27328.572266
v 2115.236572 573.125854 -27320.294922
v 1896.163330 573.125854 -27320.294922
v 2115.237305 394.489014 -27328.552734
v 1896.160278 394.489014 -27328.552734
v 1896.160278 394.489014 -27320.277344
v 2115.237305 394.489014 -27320.277344
v 1896.160400 382.196014 -27320.277344
v 2115.237305 382.196014 -27320.277344
v 1896.160278 539.226624 -27328.572266
v 1735.220825 539.226624 -27328.572266
v 1735.220825 539.226624 -27320.294922
v 1896.160278 539.226624 -27320.294922
v 1735.220825 528.057495 -27328.572266
v 1896.160278 528.057495 -27328.572266
v 1896.160278 528.057495 -27320.294922
v 1735.220825 528.057495 -27320.294922
v 1772.311279 394.488922 -27328.572266
v 1772.311279 528.057495 -27328.572266
v 1772.311279 528.057495 -27322.365234
v 1772.311279 394.488922 -27322.365234
v 1735.220825 528.057495 -27322.365234
v 1735.220825 394.489014 -27322.365234
v 1860.665771 528.057495 -27328.572266
v 1860.665771 394.489014 -27328.572266
v 1860.665771 394.489014 -27322.365234
v 1860.665771 528.057495 -27322.365234
v 1896.160156 394.489014 -27322.365234
v 1896.160156 528.057495 -27322.365234
v 1761.335571 539.226624 -27328.572266
v 1761.335571 573.125854 -27328.572266
v 1761.335571 573.125854 -27322.365234
v 1761.335571 539.226624 -27322.365234
v 1735.220825 573.125854 -27322.365234
v 1735.220825 539.226624 -27322.365234
v 1874.894043 573.125854 -27328.572266
v 1874.894043 539.226746 -27328.572266
v 1874.894043 539.226746 -27322.365234
v 1874.894043 573.125854 -27322.365234
v 1896.160156 539.226624 -27322.365234
v 1896.160156 573.125854 -27322.365234
v 1819.797852 539.226624 -27328.572266
v 1819.797852 573.125854 -27328.572266
v 1819.797852 573.125854 -27322.365234
v 1819.797852 539.226624 -27322.365234
v 1809.121582 573.125854 -27322.365234
v 1809.121582 539.226624 -27322.365234
v 1809.121582 573.125854 -27328.572266
v 1809.121582 539.226624 -27328.572266
v 1896.160156 601.083618 -27328.572266
v 1735.223633 601.083618 -27328.572266
v 1735.223633 601.083618 -27320.294922
v 1896.160156 601.083618 -27320.294922
v 1735.223633 573.125854 -27328.572266
v 1896.160278 573.125854 -27328.572266
v 1896.160278 573.125854 -27320.294922
v 1735.223633 573.125854 -27320.294922
v 1896.161011 394.489014 -27328.552734
v 1735.220581 394.489014 -27328.552734
v 1735.220581 394.489014 -27320.277344
v 1896.161011 394.489014 -27320.277344
v 1735.220825 382.196014 -27320.277344
v 1896.161011 382.196014 -27320.277344
v 2554.623779 539.226746 -27328.552734
v 2334.931152 539.226746 -27328.552734
v 2334.931152 539.226746 -27320.277344
v 2554.623779 539.226746 -27320.277344
v 2334.931152 528.057495 -27328.552734
v 2554.623779 528.057495 -27328.552734
v 2554.623779 528.057495 -27320.277344
v 2334.931152 528.057495 -27320.277344
v 2357.816895 345.003326 -27328.552734
v 2357.816895 528.057617 -27328.552734
v 2357.816895 528.057617 -27322.345703
v 2357.816895 345.003326 -27322.345703
v 2334.931152 528.057617 -27322.345703
v 2334.931152 345.003418 -27322.345703
v 2554.623779 345.003418 -27328.552734
v 2334.931152 345.003418 -27328.552734
v 2334.931152 345.003418 -27320.277344
v 2554.623779 345.003418 -27320.277344
v 2334.931152 332.710510 -27320.277344
v 2554.623779 332.710510 -27320.277344
v 2531.078613 528.057617 -27328.552734
v 2531.078613 345.003418 -27328.552734
v 2531.078613 345.003418 -27322.345703
v 2531.078613 528.057617 -27322.345703
v 2554.623779 345.003418 -27322.345703
v 2554.623779 528.057617 -27322.345703
v 2361.843262 539.226746 -27328.552734
v 2361.843262 573.125916 -27328.552734
v 2361.843262 573.125916 -27322.345703
v 2361.843262 539.226746 -27322.345703
v 2334.931152 573.125916 -27322.345703
v 2334.931152 539.226746 -27322.345703
v 2527.052246 573.125916 -27328.552734
v 2527.052246 539.226746 -27328.552734
v 2527.052246 539.226746 -27322.345703
v 2527.052246 573.125916 -27322.345703
v 2554.623779 539.226746 -27322.345703
v 2554.623779 573.125916 -27322.345703
v 2420.305664 539.226746 -27328.552734
v 2420.305664 573.125916 -27328.552734
v 2420.305664 573.125916 -27322.345703
v 2420.305664 539.226746 -27322.345703
v 2409.629395 573.125916 -27322.345703
v 2409.629395 539.226746 -27322.345703
v 2409.629395 573.125916 -27328.552734
v 2409.629395 539.226746 -27328.552734
v 2479.266357 539.226746 -27328.552734
v 2479.266357 573.125916 -27328.552734
v 2479.266357 573.125916 -27322.345703
v 2479.266357 539.226746 -27322.345703
v 2468.589844 573.125916 -27322.345703
v 2468.589844 539.226746 -27322.345703
v 2468.589844 573.125916 -27328.552734
v 2468.589844 539.226746 -27328.552734
v 2554.623535 601.083801 -27328.552734
v 2334.930664 601.083801 -27328.552734
v 2334.930664 601.083801 -27320.277344
v 2554.623535 601.083801 -27320.277344
v 2334.931152 573.125916 -27328.552734
v 2554.623779 573.125916 -27328.552734
v 2554.623779 573.125916 -27320.277344
v 2334.931152 573.125916 -27320.277344
v 2774.317139 539.226746 -27328.552734
v 2554.624023 539.226746 -27328.552734
v 2554.624023 539.226746 -27320.277344
v 2774.317139 539.226746 -27320.277344
v 2554.624023 528.057495 -27328.552734
v 2774.317139 528.057495 -27328.552734
v 2774.317139 528.057495 -27320.277344
v 2554.624023 528.057495 -27320.277344
v 2577.510498 345.003326 -27328.552734
v 2577.510498 528.057617 -27328.552734
v 2577.510498 528.057617 -27322.345703
v 2577.510498 345.003326 -27322.345703
v 2554.624023 528.057617 -27322.345703
v 2554.624023 345.003418 -27322.345703
v 2774.317139 345.003418 -27328.552734
v 2554.624023 345.003418 -27328.552734
v 2554.624023 345.003418 -27320.277344
v 2774.317139 345.003418 -27320.277344
v 2554.624023 332.710510 -27320.277344
v 2774.317139 332.710510 -27320.277344
v 2750.771973 528.057617 -27328.552734
v 2750.771973 345.003418 -27328.552734
v 2750.771973 345.003418 -27322.345703
v 2750.771973 528.057617 -27322.345703
v 2774.317139 345.003418 -27322.345703
v 2774.317139 528.057617 -27322.345703
v 2581.536621 539.226746 -27328.552734
v 2581.536621 573.125916 -27328.552734
v 2581.536621 573.125916 -27322.345703
v 2581.536621 539.226746 -27322.345703
v 2554.624023 573.125916 -27322.345703
v 2554.624023 539.226746 -27322.345703
v 2746.745605 573.125916 -27328.552734
v 2746.745605 539.226746 -27328.552734
v 2746.745605 539.226746 -27322.345703
v 2746.745605 573.125916 -27322.345703
v 2774.317139 539.226746 -27322.345703
v 2774.317139 573.125916 -27322.345703
v 2639.999023 539.226746 -27328.552734
v 2639.999023 573.125916 -27328.552734
v 2639.999023 573.125916 -27322.345703
v 2639.999023 539.226746 -27322.345703
v 2629.322754 573.125916 -27322.345703
v 2629.322754 539.226746 -27322.345703
v 2629.322754 573.125916 -27328.552734
v 2629.322754 539.226746 -27328.552734
v 2698.959473 539.226746 -27328.552734
v 2698.959473 573.125916 -27328.552734
v 2698.959473 573.125916 -27322.345703
v 2698.959473 539.226746 -27322.345703
v 2688.283203 573.125916 -27322.345703
v 2688.283203 539.226746 -27322.345703
v 2688.283203 573.125916 -27328.552734
v 2688.283203 539.226746 -27328.552734
v 2774.316895 601.083801 -27328.552734
v 2554.623779 601.083801 -27328.552734
v 2554.623779 601.083801 -27320.277344
v 2774.316895 601.083801 -27320.277344
v 2554.624023 573.125916 -27328.552734
v 2774.317139 573.125916 -27328.552734
v 2774.317139 573.125916 -27320.277344
v 2554.624023 573.125916 -27320.277344
v 3138.434570 539.226746 -27328.552734
v 2774.317383 539.226746 -27328.552734
v 2774.317383 539.226746 -27320.277344
v 3138.434570 539.226746 -27320.277344
v 2774.317383 528.057495 -27328.552734
v 3138.434570 528.057495 -27328.552734
v 3138.434570 528.057495 -27320.277344
v 2774.317383 528.057495 -27320.277344
v 2797.203613 345.003326 -27328.552734
v 2797.203613 528.057617 -27328.552734
v 2797.203613 528.057617 -27322.345703
v 2797.203613 345.003326 -27322.345703
v 2774.317383 528.057617 -27322.345703
v 2774.317383 345.003418 -27322.345703
v 3138.434570 345.003418 -27328.552734
v 2774.317383 345.003418 -27328.552734
v 2774.317383 345.003418 -27320.277344
v 3138.434570 345.003418 -27320.277344
v 2774.317383 332.710510 -27320.277344
v 3138.434570 332.710510 -27320.277344
v 3122.594238 528.057617 -27328.552734
v 3122.594238 345.003418 -27328.552734
v 3122.594238 345.003418 -27322.345703
v 3122.594238 528.057617 -27322.345703
v 3138.434326 345.003418 -27322.345703
v 3138.434326 528.057617 -27322.345703
v 2801.229980 539.226746 -27328.552734
v 2801.229980 573.125916 -27328.552734
v 2801.229980 573.125916 -27322.345703
v 2801.229980 539.226746 -27322.345703
v 2774.317383 573.125916 -27322.345703
v 2774.317383 539.226746 -27322.345703
v 3118.567871 573.126038 -27328.552734
v 3118.567871 539.226746 -27328.552734
v 3118.567871 539.226746 -27322.345703
v 3118.567871 573.125916 -27322.345703
v 3138.434326 539.226746 -27322.345703
v 3138.434326 573.125916 -27322.345703
v 2932.231445 539.226746 -27328.552734
v 2932.231445 573.126038 -27328.552734
v 2932.231445 573.125916 -27322.345703
v 2932.231445 539.226746 -27322.345703
v 2921.555420 573.125916 -27322.345703
v 2921.555420 539.226746 -27322.345703
v 2921.555420 573.126038 -27328.552734
v 2921.555420 539.226746 -27328.552734
v 2991.192383 539.226746 -27328.552734
v 2991.192383 573.126038 -27328.552734
v 2991.192383 573.125916 -27322.345703
v 2991.192383 539.226746 -27322.345703
v 2980.515869 573.125916 -27322.345703
v 2980.515869 539.226746 -27322.345703
v 2980.515869 573.126038 -27328.552734
v 2980.515869 539.226746 -27328.552734
v 3138.434326 601.083801 -27328.552734
v 2774.317139 601.083801 -27328.552734
v 2774.317139 601.083801 -27320.277344
v 3138.434326 601.083801 -27320.277344
v 2774.317383 573.125916 -27328.552734
v 3138.434570 573.125916 -27328.552734
v 3138.434570 573.125916 -27320.277344
v 2774.317383 573.125916 -27320.277344
v 3358.127930 539.226746 -27328.552734
v 3138.434814 539.226746 -27328.552734
v 3138.434814 539.226746 -27320.277344
v 3358.127930 539.226746 -27320.277344
v 3138.434814 528.057495 -27328.552734
v 3358.127930 528.057495 -27328.552734
v 3358.127930 528.057495 -27320.277344
v 3138.434814 528.057495 -27320.277344
v 3161.321045 345.003326 -27328.552734
v 3161.321045 528.057617 -27328.552734
v 3161.321045 528.057617 -27322.345703
v 3161.321045 345.003326 -27322.345703
v 3138.434814 528.057617 -27322.345703
v 3138.434814 345.003418 -27322.345703
v 3358.127930 345.003418 -27328.552734
v 3138.434814 345.003418 -27328.552734
v 3138.434814 345.003418 -27320.277344
v 3358.127930 345.003418 -27320.277344
v 3138.434814 332.710510 -27320.277344
v 3358.127930 332.710510 -27320.277344
v 3334.582520 528.057617 -27328.552734
v 3334.582520 345.003418 -27328.552734
v 3334.582520 345.003418 -27322.345703
v 3334.582520 528.057617 -27322.345703
v 3358.127686 345.003418 -27322.345703
v 3358.127686 528.057617 -27322.345703
v 3165.347168 539.226746 -27328.552734
v 3165.347168 573.125916 -27328.552734
v 3165.347168 573.125916 -27322.345703
v 3165.347168 539.226746 -27322.345703
v 3138.434814 573.125916 -27322.345703
v 3138.434814 539.226746 -27322.345703
v 3330.556152 573.125916 -27328.552734
v 3330.556152 539.226746 -27328.552734
v 3330.556152 539.226746 -27322.345703
v 3330.556152 573.125916 -27322.345703
v 3358.127686 539.226746 -27322.345703
v 3358.127686 573.125916 -27322.345703
v 3223.809570 539.226746 -27328.552734
v 3223.809570 573.125916 -27328.552734
v 3223.809570 573.125916 -27322.345703
v 3223.809570 539.226746 -27322.345703
v 3213.133301 573.125916 -27322.345703
v 3213.133301 539.226746 -27322.345703
v 3213.133301 573.125916 -27328.552734
v 3213.133301 539.226746 -27328.552734
v 3282.770264 539.226746 -27328.552734
v 3282.770264 573.125916 -27328.552734
v 3282.770264 573.125916 -27322.345703
v 3282.770264 539.226746 -27322.345703
v 3272.093750 573.125916 -27322.345703
v 3272.093750 539.226746 -27322.345703
v 3272.093750 573.125916 -27328.552734
v 3272.093750 539.226746 -27328.552734
v 3358.127441 601.083801 -27328.552734
v 3138.434570 601.083801 -27328.552734
v 3138.434570 601.083801 -27320.277344
v 3358.127441 601.083801 -27320.277344
v 3138.434814 573.125916 -27328.552734
v 3358.127930 573.125916 -27328.552734
v 3358.127930 573.125916 -27320.277344
v 3138.434814 573.125916 -27320.277344
v 3579.021484 539.226746 -27328.552734
v 3359.328613 539.226746 -27328.552734
v 3359.328613 539.226746 -27320.277344
v 3579.021484 539.226746 -27320.277344
v 3359.328613 528.057495 -27328.552734
v 3579.021484 528.057495 -27328.552734
v 3579.021484 528.057495 -27320.277344
v 3359.328613 528.057495 -27320.277344
v 3382.214844 345.003326 -27328.552734
v 3382.214844 528.057617 -27328.552734
v 3382.214844 528.057617 -27322.345703
v 3382.214844 345.003326 -27322.345703
v 3359.328613 528.057617 -27322.345703
v 3359.328613 345.003418 -27322.345703
v 3579.021484 345.003418 -27328.552734
v 3359.328613 345.003418 -27328.552734
v 3359.328613 345.003418 -27320.277344
v 3579.021484 345.003418 -27320.277344
v 3359.328613 332.710510 -27320.277344
v 3579.021484 332.710510 -27320.277344
v 3555.476318 528.057617 -27328.552734
v 3555.476318 345.003418 -27328.552734
v 3555.476318 345.003418 -27322.345703
v 3555.476318 528.057617 -27322.345703
v 3579.021484 345.003418 -27322.345703
v 3579.021484 528.057617 -27322.345703
v 3386.240967 539.226746 -27328.552734
v 3386.240967 573.125916 -27328.552734
v 3386.240967 573.125916 -27322.345703
v 3386.240967 539.226746 -27322.345703
v 3359.328613 573.125916 -27322.345703
v 3359.328613 539.226746 -27322.345703
v 3551.449951 573.125916 -27328.552734
v 3551.449951 539.226746 -27328.552734
v 3551.449951 539.226746 -27322.345703
v 3551.449951 573.125916 -27322.345703
v 3579.021484 539.226746 -27322.345703
v 3579.021484 573.125916 -27322.345703
v 3444.703369 539.226746 -27328.552734
v 3444.703369 573.125916 -27328.552734
v 3444.703369 573.125916 -27322.345703
v 3444.703369 539.226746 -27322.345703
v 3434.027100 573.125916 -27322.345703
v 3434.027100 539.226746 -27322.345703
v 3434.027100 573.125916 -27328.552734
v 3434.027100 539.226746 -27328.552734
v 3503.664062 539.226746 -27328.552734
v 3503.664062 573.125916 -27328.552734
v 3503.664062 573.125916 -27322.345703
v 3503.664062 539.226746 -27322.345703
v 3492.987549 573.125916 -27322.345703
v 3492.987549 539.226746 -27322.345703
v 3492.987549 573.125916 -27328.552734
v 3492.987549 539.226746 -27328.552734
v 3579.021240 601.083801 -27328.552734
v 3359.328125 601.083801 -27328.552734
v 3359.328125 601.083801 -27320.277344
v 3579.021240 601.083801 -27320.277344
v 3359.328613 573.125916 -27328.552734
v 3579.021484 573.125916 -27328.552734
v 3579.021484 573.125916 -27320.277344
v 3359.328613 573.125916 -27320.277344
v 3798.854004 539.226746 -27328.552734
v 3579.161133 539.226746 -27328.552734
v 3579.161133 539.226746 -27320.277344
v 3798.854004 539.226746 -27320.277344
v 3579.161133 528.057495 -27328.552734
v 3798.854004 528.057495 -27328.552734
v 3798.854004 528.057495 -27320.277344
v 3579.161133 528.057495 -27320.277344
v 3602.047363 345.003326 -27328.552734
v 3602.047363 528.057617 -27328.552734
v 3602.047363 528.057617 -27322.345703
v 3602.047363 345.003326 -27322.345703
v 3579.161133 528.057617 -27322.345703
v 3579.161133 345.003418 -27322.345703
v 3798.854004 345.003418 -27328.552734
v 3579.161133 345.003418 -27328.552734
v 3579.161133 345.003418 -27320.277344
v 3798.854004 345.003418 -27320.277344
v 3579.161133 332.710510 -27320.277344
v 3798.854004 332.710510 -27320.277344
v 3775.308838 528.057617 -27328.552734
v 3775.308838 345.003418 -27328.552734
v 3775.308838 345.003418 -27322.345703
v 3775.308838 528.057617 -27322.345703
v 3798.854004 345.003418 -27322.345703
v 3798.854004 528.057617 -27322.345703
v 3606.073486 539.226746 -27328.552734
v 3606.073486 573.125916 -27328.552734
v 3606.073486 573.125916 -27322.345703
v 3606.073486 539.226746 -27322.345703
v 3579.161133 573.125916 -27322.345703
v 3579.161133 539.226746 -27322.345703
v 3771.282471 573.125916 -27328.552734
v 3771.282471 539.226746 -27328.552734
v 3771.282471 539.226746 -27322.345703
v 3771.282471 573.125916 -27322.345703
v 3798.854004 539.226746 -27322.345703
v 3798.854004 573.125916 -27322.345703
v 3664.535889 539.226746 -27328.552734
v 3664.535889 573.125916 -27328.552734
v 3664.535889 573.125916 -27322.345703
v 3664.535889 539.226746 -27322.345703
v 3653.859619 573.125916 -27322.345703
v 3653.859619 539.226746 -27322.345703
v 3653.859619 573.125916 -27328.552734
v 3653.859619 539.226746 -27328.552734
v 3723.496582 539.226746 -27328.552734
v 3723.496582 573.125916 -27328.552734
v 3723.496582 573.125916 -27322.345703
v 3723.496582 539.226746 -27322.345703
v 3712.820068 573.125916 -27322.345703
v 3712.820068 539.226746 -27322.345703
v 3712.820068 573.125916 -27328.552734
v 3712.820068 539.226746 -27328.552734
v 3798.853760 601.083801 -27328.552734
v 3579.160889 601.083801 -27328.552734
v 3579.160889 601.083801 -27320.277344
v 3798.853760 601.083801 -27320.277344
v 3579.161133 573.125916 -27328.552734
v 3798.854004 573.125916 -27328.552734
v 3798.854004 573.125916 -27320.277344
v 3579.161133 573.125916 -27320.277344
v 4018.634033 539.226746 -27328.552734
v 3798.941162 539.226746 -27328.552734
v 3798.941162 539.226746 -27320.277344
v 4018.634033 539.226746 -27320.277344
v 3798.941162 528.057495 -27328.552734
v 4018.634033 528.057495 -27328.552734
v 4018.634033 528.057495 -27320.277344
v 3798.941162 528.057495 -27320.277344
v 3821.827393 345.003326 -27328.552734
v 3821.827393 528.057617 -27328.552734
v 3821.827393 528.057617 -27322.345703
v 3821.827393 345.003326 -27322.345703
v 3798.941162 528.057617 -27322.345703
v 3798.941162 345.003418 -27322.345703
v 4018.634033 345.003418 -27328.552734
v 3798.941162 345.003418 -27328.552734
v 3798.941162 345.003418 -27320.277344
v 4018.634033 345.003418 -27320.277344
v 3798.941162 332.710510 -27320.277344
v 4018.634033 332.710510 -27320.277344
v 3995.088867 528.057617 -27328.552734
v 3995.088867 345.003418 -27328.552734
v 3995.088867 345.003418 -27322.345703
v 3995.088867 528.057617 -27322.345703
v 4018.634033 345.003418 -27322.345703
v 4018.634033 528.057617 -27322.345703
v 3825.853516 539.226746 -27328.552734
v 3825.853516 573.125916 -27328.552734
v 3825.853516 573.125916 -27322.345703
v 3825.853516 539.226746 -27322.345703
v 3798.941162 573.125916 -27322.345703
v 3798.941162 539.226746 -27322.345703
v 3991.062500 573.125916 -27328.552734
v 3991.062500 539.226746 -27328.552734
v 3991.062500 539.226746 -27322.345703
v 3991.062500 573.125916 -27322.345703
v 4018.634033 539.226746 -27322.345703
v 4018.634033 573.125916 -27322.345703
v 3884.315918 539.226746 -27328.552734
v 3884.315918 573.125916 -27328.552734
v 3884.315918 573.125916 -27322.345703
v 3884.315918 539.226746 -27322.345703
v 3873.639648 573.125916 -27322.345703
v 3873.639648 539.226746 -27322.345703
v 3873.639648 573.125916 -27328.552734
v 3873.639648 539.226746 -27328.552734
v 3943.276611 539.226746 -27328.552734
v 3943.276611 573.125916 -27328.552734
v 3943.276611 573.125916 -27322.345703
v 3943.276611 539.226746 -27322.345703
v 3932.600098 573.125916 -27322.345703
v 3932.600098 539.226746 -27322.345703
v 3932.600098 573.125916 -27328.552734
v 3932.600098 539.226746 -27328.552734
v 4018.633789 601.083801 -27328.552734
v 3798.940918 601.083801 -27328.552734
v 3798.940918 601.083801 -27320.277344
v 4018.633789 601.083801 -27320.277344
v 3798.941162 573.125916 -27328.552734
v 4018.634033 573.125916 -27328.552734
v 4018.634033 573.125916 -27320.277344
v 3798.941162 573.125916 -27320.277344
v 4140.561523 539.226624 -27328.552734
v 4017.928955 539.226624 -27328.552734
v 4017.928955 539.226624 -27320.277344
v 4140.561523 539.226624 -27320.277344
v 4017.928955 528.057495 -27328.552734
v 4140.561523 528.057495 -27328.552734
v 4140.561523 528.057495 -27320.277344
v 4017.928955 528.057495 -27320.277344
v 4034.849609 394.489014 -27328.552734
v 4034.849609 528.057495 -27328.552734
v 4034.849609 528.057495 -27322.345703
v 4034.849609 394.489014 -27322.345703
v 4017.928955 528.057617 -27322.345703
v 4017.928955 394.489014 -27322.345703
v 4123.204102 528.057495 -27328.552734
v 4123.204102 394.489014 -27328.552734
v 4123.204102 394.489014 -27322.345703
v 4123.204102 528.057495 -27322.345703
v 4140.561523 394.489014 -27322.345703
v 4140.561523 528.057617 -27322.345703
v 4023.874023 539.226624 -27328.552734
v 4023.874023 573.125854 -27328.552734
v 4023.874023 573.125854 -27322.345703
v 4023.874023 539.226624 -27322.345703
v 4017.928955 573.125854 -27322.345703
v 4017.928955 539.226624 -27322.345703
v 4137.432617 573.125854 -27328.552734
v 4137.432617 539.226746 -27328.552734
v 4137.432617 539.226746 -27322.345703
v 4137.432617 573.125854 -27322.345703
v 4140.561523 539.226624 -27322.345703
v 4140.561523 573.125854 -27322.345703
v 4082.336426 539.226624 -27328.552734
v 4082.336426 573.125854 -27328.552734
v 4082.336426 573.125854 -27322.345703
v 4082.336426 539.226624 -27322.345703
v 4071.659912 573.125854 -27322.345703
v 4071.659912 539.226624 -27322.345703
v 4071.659912 573.125854 -27328.552734
v 4071.659912 539.226624 -27328.552734
v 4140.561523 601.083740 -27328.552734
v 4017.931641 601.083740 -27328.552734
v 4017.931641 601.083618 -27320.277344
v 4140.561523 601.083618 -27320.277344
v 4017.931885 573.125854 -27328.552734
v 4140.561523 573.125854 -27328.552734
v 4140.561523 573.125854 -27320.277344
v 4017.931885 573.125854 -27320.277344
v 4140.562500 394.489014 -27328.533203
v 4017.928711 394.489014 -27328.533203
v 4017.928711 394.489014 -27320.257812
v 4140.562500 394.489014 -27320.257812
v 4017.928955 382.196014 -27320.257812
v 4140.562500 382.196014 -27320.257812
vn -0.0000 1.0000 -0.0000
vn -0.0000 -1.0000 -0.0000
vn -0.0000 -0.0000 1.0000
vn 1.0000 -0.0000 -0.0000
vn -1.0000 -0.0000 -0.0000
vn 0.0002 -0.0000 1.0000
vn 0.0001 -0.0000 1.0000
vn -0.0001 -0.0000 1.0000
vt 0.999500 0.444700
vt 0.000500 0.444700
vt 0.000500 0.420700
vt 0.999500 0.420700
vt 0.145700 0.026900
vt 0.145700 0.420700
vt 0.000500 0.026900
vt 0.999500 0.026900
vt 0.000500 0.000500
vt 0.999500 0.000500
vt 0.866800 0.420700
vt 0.866800 0.026900
vt 0.162500 0.444700
vt 0.162500 0.517600
vt 0.000500 0.517600
vt 0.850100 0.517600
vt 0.850100 0.444700
vt 0.999500 0.517600
vt 0.405800 0.444700
vt 0.405800 0.517600
vt 0.361400 0.517600
vt 0.361400 0.444700
vt 0.651200 0.444700
vt 0.651200 0.517600
vt 0.606800 0.517600
vt 0.606800 0.444700
vt 0.999500 0.999500
vt 0.000500 0.999500
vt 0.929000 0.444700
vt 0.071000 0.444700
vt 0.071000 0.420700
vt 0.929000 0.420700
vt 0.152400 0.133400
vt 0.152400 0.420700
vt 0.071000 0.133400
vt 0.858700 0.420700
vt 0.858700 0.133400
vt 0.929000 0.133400
vt 0.168800 0.444700
vt 0.168800 0.517600
vt 0.071000 0.517600
vt 0.842300 0.517600
vt 0.842300 0.444700
vt 0.929000 0.517600
vt 0.407200 0.444700
vt 0.407200 0.517600
vt 0.363600 0.517600
vt 0.363600 0.444700
vt 0.647500 0.444700
vt 0.647500 0.517600
vt 0.604000 0.517600
vt 0.604000 0.444700
vt 0.929000 0.999500
vt 0.071000 0.999500
s 1
usemtl 3d66_Standardmaterial_17342430_114
f 2460/250/149 2461/251/149 2462/251/149
f 2460/250/149 2462/251/149 2463/250/149
f 2464/252/150 2465/253/150 2466/253/150
f 2464/252/150 2466/253/150 2467/252/150
f 2467/252/151 2466/253/151 2463/250/151
f 2467/252/151 2463/250/151 2462/251/151
f 2468/254/152 2469/255/152 2470/255/152
f 2468/254/152 2470/255/152 2471/254/152
f 2471/254/151 2470/255/151 2472/252/151
f 2471/254/151 2472/252/151 2473/256/151
f 2474/257/149 2475/256/149 2476/256/149
f 2474/257/149 2476/256/149 2477/257/149
f 2478/258/151 2479/259/151 2477/257/151
f 2478/258/151 2477/257/151 2476/256/151
f 2480/260/153 2481/261/153 2482/261/153
f 2480/260/153 2482/261/153 2483/260/153
f 2484/257/151 2485/253/151 2483/260/151
f 2484/257/151 2483/260/151 2482/261/151
f 2486/262/152 2487/263/152 2488/263/152
f 2486/262/152 2488/263/152 2489/262/152
f 2489/262/151 2488/263/151 2490/264/151
f 2489/262/151 2490/264/151 2491/251/151
f 2492/265/153 2493/266/153 2494/266/153
f 2492/265/153 2494/266/153 2495/265/153
f 2496/250/151 2497/267/151 2495/265/151
f 2496/250/151 2495/265/151 2494/266/151
f 2498/268/152 2499/269/152 2500/269/152
f 2498/268/152 2500/269/152 2501/268/152
f 2501/268/151 2500/269/151 2502/270/151
f 2501/268/151 2502/270/151 2503/271/151
f 2504/270/153 2505/271/153 2502/270/153
f 2502/270/153 2505/271/153 2503/271/153
f 2506/272/152 2507/273/152 2508/273/152
f 2506/272/152 2508/273/152 2509/272/152
f 2509/272/151 2508/273/151 2510/274/151
f 2509/272/151 2510/274/151 2511/275/151
f 2512/274/153 2513/275/153 2510/274/153
f 2510/274/153 2513/275/153 2511/275/153
f 2514/276/149 2515/277/149 2516/277/149
f 2514/276/149 2516/277/149 2517/276/149
f 2518/264/150 2519/267/150 2520/267/150
f 2518/264/150 2520/267/150 2521/264/150
f 2521/264/151 2520/267/151 2517/276/151
f 2521/264/151 2517/276/151 2516/277/151
f 2522/278/149 2523/279/149 2524/279/149
f 2522/278/149 2524/279/149 2525/278/149
f 2526/280/150 2527/281/150 2528/281/150
f 2526/280/150 2528/281/150 2529/280/150
f 2529/280/151 2528/281/151 2525/278/151
f 2529/280/151 2525/278/151 2524/279/151
f 2530/282/152 2531/283/152 2532/283/152
f 2530/282/152 2532/283/152 2533/282/152
f 2533/282/151 2532/283/151 2534/280/151
f 2533/282/151 2534/280/151 2535/284/151
f 2536/285/153 2537/286/153 2538/286/153
f 2536/285/153 2538/286/153 2539/285/153
f 2540/287/151 2541/281/151 2539/285/151
f 2540/287/151 2539/285/151 2538/286/151
f 2542/288/152 2543/289/152 2544/289/152
f 2542/288/152 2544/289/152 2545/288/152
f 2545/288/151 2544/289/151 2546/290/151
f 2545/288/151 2546/290/151 2547/279/151
f 2548/291/153 2549/292/153 2550/292/153
f 2548/291/153 2550/292/153 2551/291/153
f 2552/278/151 2553/293/151 2551/291/151
f 2552/278/154 2551/291/154 2550/292/154
f 2554/294/152 2555/295/152 2556/295/152
f 2554/294/152 2556/295/152 2557/294/152
f 2557/294/151 2556/295/151 2558/296/151
f 2557/294/151 2558/296/151 2559/297/151
f 2560/296/153 2561/297/153 2558/296/153
f 2558/296/153 2561/297/153 2559/297/153
f 2562/298/152 2563/299/152 2564/299/152
f 2562/298/152 2564/299/152 2565/298/152
f 2565/298/151 2564/299/151 2566/300/151
f 2565/298/151 2566/300/151 2567/301/151
f 2568/300/153 2569/301/153 2566/300/153
f 2566/300/153 2569/301/153 2567/301/153
f 2570/302/149 2571/303/149 2572/303/149
f 2570/302/149 2572/303/149 2573/302/149
f 2574/290/150 2575/293/150 2576/293/150
f 2574/290/150 2576/293/150 2577/290/150
f 2577/290/151 2576/293/151 2573/302/151
f 2577/290/151 2573/302/151 2572/303/151
f 2578/257/149 2579/256/149 2580/256/149
f 2578/257/149 2580/256/149 2581/257/149
f 2582/258/151 2583/259/151 2581/257/151
f 2582/258/151 2581/257/151 2580/256/151
f 2584/278/149 2585/279/149 2586/279/149
f 2584/278/149 2586/279/149 2587/278/149
f 2588/280/150 2589/281/150 2590/281/150
f 2588/280/150 2590/281/150 2591/280/150
f 2591/280/151 2590/281/151 2587/278/151
f 2591/280/151 2587/278/151 2586/279/151
f 2592/282/152 2593/283/152 2594/283/152
f 2592/282/152 2594/283/152 2595/282/152
f 2595/282/151 2594/283/151 2596/280/151
f 2595/282/151 2596/280/151 2597/284/151
f 2598/285/153 2599/286/153 2600/286/153
f 2598/285/153 2600/286/153 2601/285/153
f 2602/287/151 2603/281/151 2601/285/151
f 2602/287/151 2601/285/151 2600/286/151
f 2604/288/152 2605/289/152 2606/289/152
f 2604/288/152 2606/289/152 2607/288/152
f 2607/288/151 2606/289/151 2608/290/151
f 2607/288/151 2608/290/151 2609/279/151
f 2610/291/153 2611/292/153 2612/292/153
f 2610/291/153 2612/292/153 2613/291/153
f 2614/278/151 2615/293/151 2613/291/151
f 2614/278/154 2613/291/154 2612/292/154
f 2616/294/152 2617/295/152 2618/295/152
f 2616/294/152 2618/295/152 2619/294/152
f 2619/294/151 2618/295/151 2620/296/151
f 2619/294/151 2620/296/151 2621/297/151
f 2622/296/153 2623/297/153 2620/296/153
f 2620/296/153 2623/297/153 2621/297/153
f 2624/302/149 2625/303/149 2626/303/149
f 2624/302/149 2626/303/149 2627/302/149
f 2628/290/150 2629/293/150 2630/293/150
f 2628/290/150 2630/293/150 2631/290/150
f 2631/290/151 2630/293/151 2627/302/151
f 2631/290/151 2627/302/151 2626/303/151
f 2632/257/149 2633/256/149 2634/256/149
f 2632/257/149 2634/256/149 2635/257/149
f 2636/258/151 2637/259/151 2635/257/151
f 2636/258/151 2635/257/151 2634/256/151
f 2638/250/149 2639/251/149 2640/251/149
f 2638/250/149 2640/251/149 2641/250/149
f 2642/252/150 2643/253/150 2644/253/150
f 2642/252/150 2644/253/150 2645/252/150
f 2645/252/151 2644/253/151 2641/250/151
f 2645/252/151 2641/250/151 2640/251/151
f 2646/254/152 2647/255/152 2648/255/152
f 2646/254/152 2648/255/152 2649/254/152
f 2649/254/151 2648/255/151 2650/252/151
f 2649/254/151 2650/252/151 2651/256/151
f 2652/257/149 2653/256/149 2654/256/149
f 2652/257/149 2654/256/149 2655/257/149
f 2656/258/151 2657/259/151 2655/257/151
f 2656/258/151 2655/257/151 2654/256/151
f 2658/260/153 2659/261/153 2660/261/153
f 2658/260/153 2660/261/153 2661/260/153
f 2662/257/151 2663/253/151 2661/260/151
f 2662/257/151 2661/260/151 2660/261/151
f 2664/262/152 2665/263/152 2666/263/152
f 2664/262/152 2666/263/152 2667/262/152
f 2667/262/151 2666/263/151 2668/264/151
f 2667/262/151 2668/264/151 2669/251/151
f 2670/265/153 2671/266/153 2672/266/153
f 2670/265/153 2672/266/153 2673/265/153
f 2674/250/151 2675/267/151 2673/265/151
f 2674/250/151 2673/265/151 2672/266/151
f 2676/268/152 2677/269/152 2678/269/152
f 2676/268/152 2678/269/152 2679/268/152
f 2679/268/151 2678/269/151 2680/270/151
f 2679/268/151 2680/270/151 2681/271/151
f 2682/270/153 2683/271/153 2680/270/153
f 2680/270/153 2683/271/153 2681/271/153
f 2684/272/152 2685/273/152 2686/273/152
f 2684/272/152 2686/273/152 2687/272/152
f 2687/272/151 2686/273/151 2688/274/151
f 2687/272/151 2688/274/151 2689/275/151
f 2690/274/153 2691/275/153 2688/274/153
f 2688/274/153 2691/275/153 2689/275/153
f 2692/276/149 2693/277/149 2694/277/149
f 2692/276/149 2694/277/149 2695/276/149
f 2696/264/150 2697/267/150 2698/267/150
f 2696/264/150 2698/267/150 2699/264/150
f 2699/264/151 2698/267/151 2695/276/151
f 2699/264/151 2695/276/151 2694/277/151
f 2700/250/149 2701/251/149 2702/251/149
f 2700/250/149 2702/251/149 2703/250/149
f 2704/252/150 2705/253/150 2706/253/150
f 2704/252/150 2706/253/150 2707/252/150
f 2707/252/151 2706/253/151 2703/250/151
f 2707/252/151 2703/250/151 2702/251/151
f 2708/254/152 2709/255/152 2710/255/152
f 2708/254/152 2710/255/152 2711/254/152
f 2711/254/151 2710/255/151 2712/252/151
f 2711/254/151 2712/252/151 2713/256/151
f 2714/257/149 2715/256/149 2716/256/149
f 2714/257/149 2716/256/149 2717/257/149
f 2718/258/151 2719/259/151 2717/257/151
f 2718/258/151 2717/257/151 2716/256/151
f 2720/260/153 2721/261/153 2722/261/153
f 2720/260/153 2722/261/153 2723/260/153
f 2724/257/151 2725/253/151 2723/260/151
f 2724/257/151 2723/260/151 2722/261/151
f 2726/262/152 2727/263/152 2728/263/152
f 2726/262/152 2728/263/152 2729/262/152
f 2729/262/151 2728/263/151 2730/264/151
f 2729/262/151 2730/264/151 2731/251/151
f 2732/265/153 2733/266/153 2734/266/153
f 2732/265/153 2734/266/153 2735/265/153
f 2736/250/151 2737/267/151 2735/265/151
f 2736/250/151 2735/265/151 2734/266/151
f 2738/268/152 2739/269/152 2740/269/152
f 2738/268/152 2740/269/152 2741/268/152
f 2741/268/151 2740/269/151 2742/270/151
f 2741/268/151 2742/270/151 2743/271/151
f 2744/270/153 2745/271/153 2742/270/153
f 2742/270/153 2745/271/153 2743/271/153
f 2746/272/152 2747/273/152 2748/273/152
f 2746/272/152 2748/273/152 2749/272/152
f 2749/272/151 2748/273/151 2750/274/151
f 2749/272/151 2750/274/151 2751/275/151
f 2752/274/153 2753/275/153 2750/274/153
f 2750/274/153 2753/275/153 2751/275/153
f 2754/276/149 2755/277/149 2756/277/149
f 2754/276/149 2756/277/149 2757/276/149
f 2758/264/150 2759/267/150 2760/267/150
f 2758/264/150 2760/267/150 2761/264/150
f 2761/264/151 2760/267/151 2757/276/151
f 2761/264/151 2757/276/151 2756/277/151
f 2762/250/149 2763/251/149 2764/251/149
f 2762/250/149 2764/251/149 2765/250/149
f 2766/252/150 2767/253/150 2768/253/150
f 2766/252/150 2768/253/150 2769/252/150
f 2769/252/151 2768/253/151 2765/250/151
f 2769/252/151 2765/250/151 2764/251/151
f 2770/254/152 2771/255/152 2772/255/152
f 2770/254/152 2772/255/152 2773/254/152
f 2773/254/151 2772/255/151 2774/252/151
f 2773/254/151 2774/252/151 2775/256/151
f 2776/257/149 2777/256/149 2778/256/149
f 2776/257/149 2778/256/149 2779/257/149
f 2780/258/151 2781/259/151 2779/257/151
f 2780/258/151 2779/257/151 2778/256/151
f 2782/260/153 2783/261/153 2784/261/153
f 2782/260/153 2784/261/153 2785/260/153
f 2786/257/151 2787/253/151 2785/260/151
f 2786/257/151 2785/260/151 2784/261/151
f 2788/262/152 2789/263/152 2790/263/152
f 2788/262/152 2790/263/152 2791/262/152
f 2791/262/151 2790/263/151 2792/264/151
f 2791/262/151 2792/264/151 2793/251/151
f 2794/265/153 2795/266/153 2796/266/153
f 2794/265/153 2796/266/153 2797/265/153
f 2798/250/151 2799/267/151 2797/265/151
f 2798/250/151 2797/265/151 2796/266/151
f 2800/268/152 2801/269/152 2802/269/152
f 2800/268/152 2802/269/152 2803/268/152
f 2803/268/151 2802/269/151 2804/270/151
f 2803/268/151 2804/270/151 2805/271/151
f 2806/270/153 2807/271/153 2804/270/153
f 2804/270/153 2807/271/153 2805/271/153
f 2808/272/152 2809/273/152 2810/273/152
f 2808/272/152 2810/273/152 2811/272/152
f 2811/272/151 2810/273/151 2812/274/151
f 2811/272/151 2812/274/151 2813/275/151
f 2814/274/153 2815/275/153 2812/274/153
f 2812/274/153 2815/275/153 2813/275/153
f 2816/276/149 2817/277/149 2818/277/149
f 2816/276/149 2818/277/149 2819/276/149
f 2820/264/150 2821/267/150 2822/267/150
f 2820/264/150 2822/267/150 2823/264/150
f 2823/264/151 2822/267/151 2819/276/151
f 2823/264/151 2819/276/151 2818/277/151
f 2824/250/149 2825/251/149 2826/251/149
f 2824/250/149 2826/251/149 2827/250/149
f 2828/252/150 2829/253/150 2830/253/150
f 2828/252/150 2830/253/150 2831/252/150
f 2831/252/151 2830/253/151 2827/250/151
f 2831/252/151 2827/250/151 2826/251/151
f 2832/254/152 2833/255/152 2834/255/152
f 2832/254/152 2834/255/152 2835/254/152
f 2835/254/151 2834/255/151 2836/252/151
f 2835/254/151 2836/252/151 2837/256/151
f 2838/257/149 2839/256/149 2840/256/149
f 2838/257/149 2840/256/149 2841/257/149
f 2842/258/151 2843/259/151 2841/257/151
f 2842/258/151 2841/257/151 2840/256/151
f 2844/260/153 2845/261/153 2846/261/153
f 2844/260/153 2846/261/153 2847/260/153
f 2848/257/151 2849/253/151 2847/260/151
f 2848/257/151 2847/260/151 2846/261/151
f 2850/262/152 2851/263/152 2852/263/152
f 2850/262/152 2852/263/152 2853/262/152
f 2853/262/151 2852/263/151 2854/264/151
f 2853/262/151 2854/264/151 2855/251/151
f 2856/265/153 2857/266/153 2858/266/153
f 2856/265/153 2858/266/153 2859/265/153
f 2860/250/151 2861/267/151 2859/265/151
f 2860/250/151 2859/265/151 2858/266/151
f 2862/268/152 2863/269/152 2864/269/152
f 2862/268/152 2864/269/152 2865/268/152
f 2865/268/151 2864/269/151 2866/270/151
f 2865/268/151 2866/270/151 2867/271/151
f 2868/270/153 2869/271/153 2866/270/153
f 2866/270/153 2869/271/153 2867/271/153
f 2870/272/152 2871/273/152 2872/273/152
f 2870/272/152 2872/273/152 2873/272/152
f 2873/272/151 2872/273/151 2874/274/151
f 2873/272/151 2874/274/151 2875/275/151
f 2876/274/153 2877/275/153 2874/274/153
f 2874/274/153 2877/275/153 2875/275/153
f 2878/276/149 2879/277/149 2880/277/149
f 2878/276/149 2880/277/149 2881/276/149
f 2882/264/150 2883/267/150 2884/267/150
f 2882/264/150 2884/267/150 2885/264/150
f 2885/264/151 2884/267/151 2881/276/151
f 2885/264/151 2881/276/151 2880/277/151
f 2886/250/149 2887/251/149 2888/251/149
f 2886/250/149 2888/251/149 2889/250/149
f 2890/252/150 2891/253/150 2892/253/150
f 2890/252/150 2892/253/150 2893/252/150
f 2893/252/151 2892/253/151 2889/250/151
f 2893/252/151 2889/250/151 2888/251/151
f 2894/254/152 2895/255/152 2896/255/152
f 2894/254/152 2896/255/152 2897/254/152
f 2897/254/151 2896/255/151 2898/252/151
f 2897/254/151 2898/252/151 2899/256/151
f 2900/257/149 2901/256/149 2902/256/149
f 2900/257/149 2902/256/149 2903/257/149
f 2904/258/151 2905/259/151 2903/257/151
f 2904/258/151 2903/257/151 2902/256/151
f 2906/260/153 2907/261/153 2908/261/153
f 2906/260/153 2908/261/153 2909/260/153
f 2910/257/151 2911/253/151 2909/260/151
f 2910/257/151 2909/260/151 2908/261/151
f 2912/262/152 2913/263/152 2914/263/152
f 2912/262/152 2914/263/152 2915/262/152
f 2915/262/151 2914/263/151 2916/264/151
f 2915/262/151 2916/264/151 2917/251/151
f 2918/265/153 2919/266/153 2920/266/153
f 2918/265/153 2920/266/153 2921/265/153
f 2922/250/151 2923/267/151 2921/265/151
f 2922/250/151 2921/265/151 2920/266/151
f 2924/268/152 2925/269/152 2926/269/152
f 2924/268/152 2926/269/152 2927/268/152
f 2927/268/151 2926/269/151 2928/270/151
f 2927/268/151 2928/270/151 2929/271/151
f 2930/270/153 2931/271/153 2928/270/153
f 2928/270/153 2931/271/153 2929/271/153
f 2932/272/152 2933/273/152 2934/273/152
f 2932/272/152 2934/273/152 2935/272/152
f 2935/272/151 2934/273/151 2936/274/151
f 2935/272/151 2936/274/151 2937/275/151
f 2938/274/153 2939/275/153 2936/274/153
f 2936/274/153 2939/275/153 2937/275/153
f 2940/276/149 2941/277/149 2942/277/149
f 2940/276/149 2942/277/149 2943/276/149
f 2944/264/150 2945/267/150 2946/267/150
f 2944/264/150 2946/267/150 2947/264/150
f 2947/264/151 2946/267/151 2943/276/151
f 2947/264/151 2943/276/151 2942/277/151
f 2948/250/149 2949/251/149 2950/251/149
f 2948/250/149 2950/251/149 2951/250/149
f 2952/252/150 2953/253/150 2954/253/150
f 2952/252/150 2954/253/150 2955/252/150
f 2955/252/151 2954/253/151 2951/250/151
f 2955/252/151 2951/250/151 2950/251/151
f 2956/254/152 2957/255/152 2958/255/152
f 2956/254/152 2958/255/152 2959/254/152
f 2959/254/151 2958/255/151 2960/252/151
f 2959/254/151 2960/252/151 2961/256/151
f 2962/257/149 2963/256/149 2964/256/149
f 2962/257/149 2964/256/149 2965/257/149
f 2966/258/151 2967/259/151 2965/257/151
f 2966/258/151 2965/257/151 2964/256/151
f 2968/260/153 2969/261/153 2970/261/153
f 2968/260/153 2970/261/153 2971/260/153
f 2972/257/151 2973/253/151 2971/260/151
f 2972/257/151 2971/260/151 2970/261/151
f 2974/262/152 2975/263/152 2976/263/152
f 2974/262/152 2976/263/152 2977/262/152
f 2977/262/151 2976/263/151 2978/264/151
f 2977/262/151 2978/264/151 2979/251/151
f 2980/265/153 2981/266/153 2982/266/153
f 2980/265/153 2982/266/153 2983/265/153
f 2984/250/151 2985/267/151 2983/265/151
f 2984/250/151 2983/265/151 2982/266/151
f 2986/268/152 2987/269/152 2988/269/152
f 2986/268/152 2988/269/152 2989/268/152
f 2989/268/151 2988/269/151 2990/270/151
f 2989/268/151 2990/270/151 2991/271/151
f 2992/270/153 2993/271/153 2990/270/153
f 2990/270/153 2993/271/153 2991/271/153
f 2994/272/152 2995/273/152 2996/273/152
f 2994/272/152 2996/273/152 2997/272/152
f 2997/272/151 2996/273/151 2998/274/151
f 2997/272/151 2998/274/151 2999/275/151
f 3000/274/153 3001/275/153 2998/274/153
f 2998/274/153 3001/275/153 2999/275/153
f 3002/276/149 3003/277/149 3004/277/149
f 3002/276/149 3004/277/149 3005/276/149
f 3006/264/150 3007/267/150 3008/267/150
f 3006/264/150 3008/267/150 3009/264/150
f 3009/264/151 3008/267/151 3005/276/151
f 3009/264/151 3005/276/151 3004/277/151
f 3010/250/149 3011/251/149 3012/251/149
f 3010/250/149 3012/251/149 3013/250/149
f 3014/252/150 3015/253/150 3016/253/150
f 3014/252/150 3016/253/150 3017/252/150
f 3017/252/151 3016/253/151 3013/250/151
f 3017/252/151 3013/250/151 3012/251/151
f 3018/254/152 3019/255/152 3020/255/152
f 3018/254/152 3020/255/152 3021/254/152
f 3021/254/151 3020/255/151 3022/252/151
f 3021/254/151 3022/252/151 3023/256/151
f 3024/257/149 3025/256/149 3026/256/149
f 3024/257/149 3026/256/149 3027/257/149
f 3028/258/151 3029/259/151 3027/257/151
f 3028/258/151 3027/257/151 3026/256/151
f 3030/260/153 3031/261/153 3032/261/153
f 3030/260/153 3032/261/153 3033/260/153
f 3034/257/151 3035/253/151 3033/260/151
f 3034/257/151 3033/260/151 3032/261/151
f 3036/262/152 3037/263/152 3038/263/152
f 3036/262/152 3038/263/152 3039/262/152
f 3039/262/151 3038/263/151 3040/264/151
f 3039/262/151 3040/264/151 3041/251/151
f 3042/265/153 3043/266/153 3044/266/153
f 3042/265/153 3044/266/153 3045/265/153
f 3046/250/151 3047/267/151 3045/265/151
f 3046/250/151 3045/265/151 3044/266/151
f 3048/268/152 3049/269/152 3050/269/152
f 3048/268/152 3050/269/152 3051/268/152
f 3051/268/151 3050/269/151 3052/270/151
f 3051/268/151 3052/270/151 3053/271/151
f 3054/270/153 3055/271/153 3052/270/153
f 3052/270/153 3055/271/153 3053/271/153
f 3056/272/152 3057/273/152 3058/273/152
f 3056/272/152 3058/273/152 3059/272/152
f 3059/272/151 3058/273/151 3060/274/151
f 3059/272/151 3060/274/151 3061/275/151
f 3062/274/153 3063/275/153 3060/274/153
f 3060/274/153 3063/275/153 3061/275/153
f 3064/276/149 3065/277/149 3066/277/149
f 3064/276/149 3066/277/149 3067/276/149
f 3068/264/150 3069/267/150 3070/267/150
f 3068/264/150 3070/267/150 3071/264/150
f 3071/264/151 3070/267/151 3067/276/151
f 3071/264/151 3067/276/151 3066/277/151
f 3072/278/149 3073/279/149 3074/279/149
f 3072/278/149 3074/279/149 3075/278/149
f 3076/280/150 3077/281/150 3078/281/150
f 3076/280/150 3078/281/150 3079/280/150
f 3079/280/151 3078/281/151 3075/278/151
f 3079/280/151 3075/278/151 3074/279/151
f 3080/282/152 3081/283/152 3082/283/152
f 3080/282/152 3082/283/152 3083/282/152
f 3083/282/155 3082/283/155 3084/280/155
f 3083/282/151 3084/280/151 3085/284/151
f 3086/285/153 3087/286/153 3088/286/153
f 3086/285/153 3088/286/153 3089/285/153
f 3090/287/156 3091/281/156 3089/285/156
f 3090/287/151 3089/285/151 3088/286/151
f 3092/288/152 3093/289/152 3094/289/152
f 3092/288/152 3094/289/152 3095/288/152
f 3095/288/151 3094/289/151 3096/290/151
f 3095/288/151 3096/290/151 3097/279/151
f 3098/291/153 3099/292/153 3100/292/153
f 3098/291/153 3100/292/153 3101/291/153
f 3102/278/151 3103/293/151 3101/291/151
f 3102/278/151 3101/291/151 3100/292/151
f 3104/294/152 3105/295/152 3106/295/152
f 3104/294/152 3106/295/152 3107/294/152
f 3107/294/151 3106/295/151 3108/296/151
f 3107/294/151 3108/296/151 3109/297/151
f 3110/296/153 3111/297/153 3108/296/153
f 3108/296/153 3111/297/153 3109/297/153
f 3112/302/149 3113/303/149 3114/303/149
f 3112/302/149 3114/303/149 3115/302/149
f 3116/290/150 3117/293/150 3118/293/150
f 3116/290/150 3118/293/150 3119/290/150
f 3119/290/151 3118/293/151 3115/302/151
f 3119/290/151 3115/302/151 3114/303/151
f 3120/257/149 3121/256/149 3122/256/149
f 3120/257/149 3122/256/149 3123/257/149
f 3124/258/151 3125/259/151 3123/257/151
f 3124/258/151 3123/257/151 3122/256/151
o Obj3d66_17342430_32_711
v 3322.682373 332.710327 -28501.271484
v 4206.923828 332.710144 -28501.273438
v 4206.923340 532.571289 -28501.273438
v 3322.682617 532.571350 -28501.271484
v 3322.681885 332.710419 -28501.271484
v 1694.592529 532.571777 -28501.273438
v 1694.592041 332.710632 -28501.273438
v 3322.682129 532.571472 -28501.271484
v 4206.924316 332.710541 -27180.605469
v 4206.923828 332.710022 -28501.273438
v 4206.923828 532.571655 -27180.605469
v 1694.592529 332.710419 -28501.273438
v 1694.592529 532.572021 -27180.603516
v 1694.592529 332.710968 -27180.603516
v 1694.592529 532.571594 -28501.273438
v 4161.397949 332.710541 -27180.605469
v 4161.397949 562.743713 -27180.605469
v 1750.977783 562.744202 -27180.603516
v 1694.592529 332.710968 -27180.601562
v 1750.977783 332.710968 -27180.601562
v 4206.923340 532.571289 -28501.277344
v 1750.977783 562.743835 -28464.490234
v 2956.321045 532.571350 -28501.277344
v 1694.592285 532.571594 -28501.277344
v 4206.923828 532.571655 -27180.607422
v 4160.187988 562.743469 -28464.492188
v 4160.187988 562.743713 -27180.607422
v 1750.977783 562.744141 -27180.607422
v 1694.592285 532.572021 -27180.607422
v 1750.977539 562.743835 -28464.496094
v 4206.923340 532.571289 -28501.281250
v 4160.187988 562.743469 -28464.496094
vn -0.0000 -0.0000 -1.0000
vn 1.0000 -0.0000 -0.0000
vn -1.0000 -0.0000 -0.0000
vn -0.0000 -0.0000 1.0000
vn 0.0001 -0.0000 1.0000
vn -0.0000 0.7732 -0.6342
vn 0.5424 0.8401 -0.0000
vn -0.4718 0.8817 -0.0000
vt 1.499000 0.868500
vt 1.499000 0.000500
vt 0.795800 0.000500
vt 0.795800 0.868500
vt -0.499000 0.000500
vt -0.499000 0.868500
vt -0.430500 0.000500
vt -0.430500 0.868500
vt 1.436900 0.000500
vt 1.436900 0.868500
vt -0.436900 0.000500
vt -0.436900 0.868500
vt 1.430500 0.000500
vt 1.430500 0.868500
vt -0.462800 0.000500
vt -0.462800 0.999500
vt 1.454200 0.999500
vt 1.454200 0.000500
vt 0.999500 0.365300
vt 0.971700 0.732500
vt 0.000500 0.365300
vt 0.000500 0.732500
s 1
usemtl 3d66_Standardmaterial_17342430_117
f 3128/304/157 3127/305/157 3126/306/157
f 3126/306/157 3129/307/157 3128/304/157
f 3132/308/157 3131/309/157 3130/306/157
f 3133/307/157 3130/306/157 3131/309/157
f 3135/310/158 3128/311/158 3134/312/158
f 3136/313/158 3134/312/158 3128/311/158
f 3139/314/159 3138/315/159 3137/316/159
f 3140/317/159 3137/316/159 3138/315/159
f 3134/308/160 3136/309/161 3141/318/160
f 3142/319/161 3141/318/160 3136/309/161
f 3138/304/160 3144/305/160 3143/320/160
f 3145/321/160 3143/320/160 3144/305/160
f 3148/322/162 3147/323/162 3146/322/162
f 3149/322/162 3147/323/162 3148/322/162
f 3146/322/163 3151/323/163 3150/324/163
f 3152/325/163 3150/324/163 3151/323/163
f 3154/324/164 3153/325/164 3149/322/164
f 3147/323/164 3149/322/164 3153/325/164
f 3157/323/162 3156/322/162 3155/323/162
