# Blender 4.3.2
# www.blender.org
mtllib 墙壁.mtl
o Obj3d66_17342430_15_218
v 0.025435 0.132699 1.012272
v 0.027022 0.114261 1.018313
v 0.026496 0.113888 1.017315
v 0.024910 0.132327 1.011274
v 0.022607 0.132091 1.011159
v 0.024194 0.113653 1.017200
v 0.046390 0.131083 1.001837
v 0.047451 0.112273 1.006880
v 0.047976 0.112645 1.007878
v 0.045864 0.130711 1.000839
v 0.047114 0.130202 0.998956
v 0.048700 0.111763 1.004996
v 0.055417 0.130387 0.997342
v 0.057003 0.111949 1.003382
v 0.056478 0.111577 1.002384
v 0.054891 0.130015 0.996344
v 0.052589 0.129779 0.996229
v 0.054176 0.111341 1.002270
v 0.076627 0.128752 0.986779
v 0.077688 0.109941 0.991822
v 0.078214 0.110313 0.992820
v 0.076101 0.128380 0.985781
v 0.077351 0.127870 0.983898
v 0.078938 0.109432 0.989939
v 0.085654 0.128056 0.982284
v 0.087241 0.109617 0.988325
v 0.086715 0.109245 0.987327
v 0.085129 0.127684 0.981286
v 0.082827 0.127448 0.981171
v 0.084413 0.109010 0.987212
v 0.106609 0.126440 0.971849
v 0.107670 0.107630 0.976892
v 0.108195 0.108002 0.977890
v 0.106083 0.126068 0.970851
v 0.107333 0.125558 0.968968
v 0.108919 0.107120 0.975008
v 0.011453 0.237892 0.977578
v 0.012887 0.237781 0.976864
v 0.021214 0.141004 1.008570
v 0.020020 0.138325 1.010197
v 0.108875 0.131474 0.965949
v 0.107201 0.134374 0.965750
v 0.100308 0.231040 0.933330
v 0.098875 0.231151 0.934044
v 0.054967 0.232166 0.959622
v 0.037930 0.233480 0.968106
v 0.037404 0.233108 0.967108
v 0.054442 0.231794 0.958624
v 0.045739 0.142714 0.997842
v 0.045213 0.142342 0.996844
v 0.062777 0.141400 0.989358
v 0.062251 0.141028 0.988360
v 0.064207 0.137689 0.987160
v 0.055881 0.234466 0.955454
v 0.042711 0.139346 0.997865
v 0.034384 0.236124 0.966159
v 0.033470 0.233824 0.970327
v 0.016433 0.235137 0.978811
v 0.015907 0.234765 0.977813
v 0.032945 0.233451 0.969329
v 0.024242 0.144371 1.008547
v 0.023716 0.143999 1.007549
v 0.041280 0.143058 1.000063
v 0.040754 0.142686 0.999065
v 0.042711 0.139346 0.997865
v 0.021214 0.141004 1.008570
v 0.012887 0.237781 0.976864
v 0.076269 0.230524 0.949014
v 0.059231 0.231837 0.957498
v 0.058706 0.231465 0.956500
v 0.075743 0.230151 0.948016
v 0.067041 0.141071 0.987234
v 0.066515 0.140699 0.986236
v 0.084079 0.139758 0.978750
v 0.083553 0.139386 0.977752
v 0.085704 0.136031 0.976455
v 0.077378 0.232809 0.944749
v 0.064207 0.137689 0.987160
v 0.097766 0.228866 0.938309
v 0.080728 0.230180 0.946793
v 0.080203 0.229808 0.945795
v 0.097240 0.228494 0.937311
v 0.088538 0.139414 0.976529
v 0.088012 0.139042 0.975531
v 0.105575 0.138100 0.968045
v 0.105050 0.137728 0.967047
v 0.107201 0.134374 0.965750
v 0.098875 0.231151 0.934044
v 0.077378 0.232808 0.944749
v 0.107551 0.143274 0.965075
v 0.021564 0.149904 1.007895
v 0.020512 0.149160 1.005898
v 0.106500 0.142530 0.963078
v 0.021383 0.152003 1.007207
v 0.107371 0.145373 0.964387
v 0.106319 0.144628 0.962390
v 0.020332 0.151258 1.005210
v 0.103231 0.193487 0.948624
v 0.017244 0.200117 0.991444
v 0.016192 0.199372 0.989447
v 0.102179 0.192742 0.946627
v 0.017047 0.202407 0.990694
v 0.103034 0.195777 0.947874
v 0.101982 0.195033 0.945877
v 0.015995 0.201663 0.988697
v 0.100944 0.220065 0.939917
v 0.014957 0.226695 0.982737
v 0.013905 0.225951 0.980740
v 0.099892 0.219321 0.937920
v 0.014677 0.229946 0.981672
v 0.100665 0.223316 0.938852
v 0.099613 0.222571 0.936855
v 0.013625 0.229201 0.979675
v 0.102573 0.201140 0.946117
v 0.016585 0.207770 0.988937
v 0.015533 0.207025 0.986940
v 0.101521 0.200395 0.944120
v 0.016395 0.209979 0.988213
v 0.102383 0.203349 0.945393
v 0.101331 0.202605 0.943396
v 0.015343 0.209235 0.986216
v 0.023360 0.149436 1.005991
v 0.104693 0.143164 0.965489
v 0.105154 0.137802 0.967246
v 0.023821 0.144073 1.007748
v 0.016012 0.234839 0.978012
v 0.097345 0.228568 0.937510
v 0.100176 0.195667 0.948289
v 0.018842 0.201939 0.988791
v 0.033123 0.217246 0.976692
v 0.032825 0.214438 0.977897
v 0.032299 0.214065 0.976899
v 0.032597 0.216873 0.975695
v 0.031544 0.212223 0.979397
v 0.031018 0.211851 0.978399
v 0.029483 0.210821 0.981005
v 0.028958 0.210449 0.980007
v 0.026846 0.210452 0.982532
v 0.026320 0.210080 0.981534
v 0.024109 0.211236 0.983681
v 0.023583 0.210864 0.982683
v 0.021778 0.212976 0.984260
v 0.021252 0.212604 0.983262
v 0.020097 0.215419 0.984235
v 0.019571 0.215047 0.983237
v 0.019308 0.218311 0.983572
v 0.018783 0.217939 0.982574
v 0.019606 0.221119 0.982368
v 0.019081 0.220747 0.981370
v 0.020887 0.223333 0.980867
v 0.020361 0.222961 0.979869
v 0.022948 0.224735 0.979259
v 0.022422 0.224363 0.978261
v 0.025585 0.225104 0.977732
v 0.025059 0.224732 0.976734
v 0.028322 0.224321 0.976583
v 0.027796 0.223948 0.975585
v 0.030653 0.222580 0.976004
v 0.030127 0.222208 0.975006
v 0.032334 0.220137 0.976029
v 0.031808 0.219765 0.975031
v 0.054619 0.215588 0.965988
v 0.054321 0.212780 0.967192
v 0.053796 0.212408 0.966194
v 0.054094 0.215216 0.964989
v 0.053041 0.210566 0.968692
v 0.052515 0.210193 0.967694
v 0.050980 0.209164 0.970300
v 0.050454 0.208792 0.969302
v 0.048343 0.208795 0.971827
v 0.047817 0.208423 0.970829
v 0.045606 0.209578 0.972976
v 0.045080 0.209206 0.971978
v 0.043275 0.211318 0.973555
v 0.042749 0.210946 0.972557
v 0.041594 0.213761 0.973530
v 0.041068 0.213389 0.972532
v 0.040805 0.216653 0.972867
v 0.040279 0.216281 0.971869
v 0.041103 0.219461 0.971663
v 0.040578 0.219089 0.970665
v 0.042384 0.221676 0.970162
v 0.041858 0.221304 0.969164
v 0.044444 0.223077 0.968554
v 0.043919 0.222705 0.967556
v 0.047082 0.223446 0.967027
v 0.046556 0.223074 0.966029
v 0.049819 0.222663 0.965878
v 0.049293 0.222291 0.964880
v 0.052149 0.220923 0.965299
v 0.051624 0.220551 0.964301
v 0.053831 0.218480 0.965324
v 0.053305 0.218108 0.964326
v 0.076117 0.213931 0.955282
v 0.075818 0.211123 0.956487
v 0.075293 0.210750 0.955489
v 0.075591 0.213558 0.954284
v 0.074538 0.208908 0.957987
v 0.074012 0.208536 0.956989
v 0.072477 0.207506 0.959595
v 0.071951 0.207134 0.958597
v 0.069840 0.207137 0.961122
v 0.069314 0.206765 0.960124
v 0.067103 0.207921 0.962271
v 0.066577 0.207549 0.961273
v 0.064772 0.209661 0.962850
v 0.064246 0.209289 0.961852
v 0.063091 0.212104 0.962825
v 0.062565 0.211732 0.961827
v 0.062302 0.214996 0.962162
v 0.061776 0.214624 0.961164
v 0.062600 0.217804 0.960958
v 0.062074 0.217432 0.959960
v 0.063881 0.220018 0.959457
v 0.063355 0.219646 0.958459
v 0.065941 0.221420 0.957849
v 0.065416 0.221048 0.956851
v 0.068579 0.221789 0.956322
v 0.068053 0.221417 0.955324
v 0.071316 0.221006 0.955173
v 0.070790 0.220633 0.954175
v 0.073646 0.219265 0.954594
v 0.073121 0.218893 0.953596
v 0.075328 0.216822 0.954619
v 0.074802 0.216450 0.953621
v 0.097613 0.212273 0.944578
v 0.097315 0.209465 0.945782
v 0.096790 0.209093 0.944784
v 0.097088 0.211901 0.943579
v 0.096034 0.207251 0.947282
v 0.095509 0.206878 0.946284
v 0.093974 0.205849 0.948890
v 0.093448 0.205477 0.947892
v 0.091336 0.205480 0.950417
v 0.090811 0.205108 0.949419
v 0.088600 0.206263 0.951566
v 0.088074 0.205891 0.950568
v 0.086269 0.208003 0.952145
v 0.085743 0.207631 0.951147
v 0.084587 0.210446 0.952120
v 0.084062 0.210074 0.951122
v 0.083799 0.213338 0.951457
v 0.083273 0.212966 0.950459
v 0.084097 0.216146 0.950253
v 0.083571 0.215774 0.949255
v 0.085378 0.218361 0.948752
v 0.084852 0.217989 0.947754
v 0.087438 0.219762 0.947144
v 0.086913 0.219390 0.946146
v 0.090076 0.220131 0.945617
v 0.089550 0.219759 0.944619
v 0.092813 0.219348 0.944468
v 0.092287 0.218976 0.943470
v 0.095143 0.217608 0.943889
v 0.094618 0.217236 0.942891
v 0.096825 0.215165 0.943914
v 0.096299 0.214793 0.942916
v -0.087325 0.141393 1.068424
v -0.085739 0.122955 1.074465
v -0.086265 0.122583 1.073467
v -0.087851 0.141021 1.067426
v -0.090153 0.140786 1.067312
v -0.088567 0.122347 1.073352
v -0.066371 0.139778 1.057989
v -0.065310 0.120967 1.063032
v -0.064784 0.121339 1.064030
v -0.066897 0.139405 1.056991
v -0.065647 0.138896 1.055108
v -0.064060 0.120458 1.061149
v -0.057344 0.139082 1.053494
v -0.055757 0.120643 1.059535
v -0.056283 0.120271 1.058537
v -0.057869 0.138709 1.052496
v -0.060171 0.138474 1.052382
v -0.058585 0.120035 1.058422
v -0.036134 0.137446 1.042932
v -0.035073 0.118636 1.047974
v -0.034547 0.119008 1.048972
v -0.036659 0.137074 1.041934
v -0.035409 0.136565 1.040051
v -0.033823 0.118126 1.046091
v -0.027106 0.136750 1.038437
v -0.025520 0.118312 1.044477
v -0.026046 0.117940 1.043479
v -0.027632 0.136378 1.037439
v -0.029934 0.136142 1.037324
v -0.028348 0.117704 1.043365
v -0.006152 0.135134 1.028002
v -0.005091 0.116324 1.033044
v -0.004565 0.116696 1.034042
v -0.006677 0.134762 1.027004
v -0.005428 0.134253 1.025120
v -0.003841 0.115814 1.031161
v -0.098585 0.219639 1.042346
v -0.097151 0.219528 1.041632
v -0.091141 0.149667 1.064520
v -0.092335 0.146988 1.066148
v -0.003479 0.140137 1.021899
v -0.005153 0.143037 1.021700
v -0.009730 0.212787 0.998098
v -0.011164 0.212898 0.998812
v -0.055007 0.213160 1.024637
v -0.072044 0.214474 1.033121
v -0.072570 0.214101 1.032123
v -0.055532 0.212788 1.023639
v -0.066615 0.151377 1.053792
v -0.067141 0.151005 1.052794
v -0.049578 0.150063 1.045308
v -0.050103 0.149691 1.044310
v -0.048147 0.146352 1.043110
v -0.054158 0.216213 1.020222
v -0.069644 0.148009 1.053815
v -0.075655 0.217871 1.030927
v -0.076503 0.214817 1.035342
v -0.093541 0.216131 1.043826
v -0.094067 0.215759 1.042828
v -0.077029 0.214445 1.034344
v -0.088112 0.153034 1.064497
v -0.088638 0.152662 1.063499
v -0.071075 0.151721 1.056013
v -0.071600 0.151349 1.055015
v -0.091141 0.149667 1.064520
v -0.097152 0.219528 1.041632
v -0.033705 0.211517 1.014029
v -0.050743 0.212831 1.022513
v -0.051268 0.212459 1.021515
v -0.034231 0.211145 1.013031
v -0.045314 0.149735 1.043185
v -0.045839 0.149362 1.042187
v -0.028276 0.148421 1.034700
v -0.028802 0.148049 1.033702
v -0.026650 0.144694 1.032405
v -0.032661 0.214555 1.009517
v -0.054158 0.216213 1.020222
v -0.012208 0.209860 1.003324
v -0.029246 0.211174 1.011808
v -0.029771 0.210801 1.010810
v -0.012734 0.209488 1.002326
v -0.023817 0.148077 1.032480
v -0.024343 0.147705 1.031482
v -0.006779 0.146763 1.023995
v -0.007305 0.146391 1.022997
v -0.005153 0.143037 1.021700
v -0.011164 0.212898 0.998812
v -0.004803 0.151937 1.021025
v -0.090791 0.158568 1.063845
v -0.091842 0.157823 1.061848
v -0.005855 0.151193 1.019028
v -0.090971 0.160666 1.063157
v -0.004984 0.154036 1.020337
v -0.006035 0.153291 1.018340
v -0.092023 0.159921 1.061160
v -0.009123 0.202150 1.004575
v -0.095111 0.208780 1.047395
v -0.096163 0.208035 1.045398
v -0.010175 0.201405 1.002578
v -0.095308 0.211071 1.046644
v -0.009320 0.204441 1.003824
v -0.010372 0.203696 1.001827
v -0.096360 0.210326 1.044647
v -0.088995 0.158099 1.061942
v -0.007661 0.151827 1.021439
v -0.007200 0.146465 1.023196
v -0.088533 0.152736 1.063698
v -0.093962 0.215833 1.043027
v -0.012629 0.209562 1.002525
v -0.012168 0.204200 1.004282
v -0.093501 0.210471 1.044784
v -0.169861 0.147757 1.109526
v -0.168275 0.129319 1.115566
v -0.168801 0.128947 1.114568
v -0.170387 0.147385 1.108528
v -0.172689 0.147149 1.108413
v -0.171103 0.128711 1.114454
v -0.148907 0.146142 1.099091
v -0.147846 0.127331 1.104133
v -0.147320 0.127703 1.105131
v -0.149433 0.145769 1.098093
v -0.148183 0.145260 1.096209
v -0.146596 0.126822 1.102250
v -0.139880 0.145445 1.094595
v -0.138293 0.127007 1.100636
v -0.138819 0.126635 1.099638
v -0.140405 0.145073 1.093597
v -0.142707 0.144838 1.093483
v -0.141121 0.126399 1.099523
v -0.118502 0.143797 1.083950
v -0.117442 0.124987 1.088992
v -0.116916 0.125359 1.089990
v -0.119028 0.143425 1.082952
v -0.117778 0.142916 1.081069
v -0.116192 0.124477 1.087109
v -0.173834 0.225441 1.079819
v -0.172400 0.225330 1.079105
v -0.166389 0.155469 1.101992
v -0.167583 0.152790 1.103620
v -0.122272 0.149297 1.081056
v -0.123945 0.152196 1.080856
v -0.128522 0.221947 1.057255
v -0.129956 0.222057 1.057968
v -0.168790 0.221933 1.081299
v -0.163361 0.158836 1.101970
v -0.163887 0.158464 1.100972
v -0.169316 0.221561 1.080301
v -0.147068 0.157580 1.093856
v -0.152497 0.220677 1.073185
v -0.153023 0.220305 1.072187
v -0.147594 0.157208 1.092858
v -0.145442 0.153854 1.091561
v -0.151453 0.223715 1.068673
v -0.131000 0.219019 1.062480
v -0.148038 0.220333 1.070964
v -0.148563 0.219961 1.069966
v -0.131526 0.218647 1.061482
v -0.142609 0.157236 1.091636
v -0.143135 0.156864 1.090638
v -0.125571 0.155923 1.083151
v -0.126097 0.155551 1.082153
v -0.123945 0.152196 1.080856
v -0.129956 0.222057 1.057968
v -0.123595 0.161097 1.080181
v -0.166039 0.164370 1.101317
v -0.167091 0.163625 1.099320
v -0.124647 0.160352 1.078184
v -0.166220 0.166468 1.100630
v -0.123776 0.163195 1.079493
v -0.124828 0.162450 1.077497
v -0.167272 0.165723 1.098633
v -0.127916 0.211309 1.063731
v -0.170360 0.214582 1.084867
v -0.171411 0.213837 1.082870
v -0.128967 0.210565 1.061734
v -0.170557 0.216873 1.084116
v -0.128113 0.213600 1.062980
v -0.129164 0.212855 1.060983
v -0.171609 0.216128 1.082119
v -0.164243 0.163901 1.099414
v -0.126454 0.160987 1.080595
v -0.125992 0.155625 1.082352
v -0.163782 0.158538 1.101171
v -0.169211 0.221635 1.080499
v -0.131421 0.218721 1.061681
v -0.130960 0.213359 1.063438
v -0.168750 0.216273 1.082256
v -0.147050 0.157166 1.092587
v -0.144898 0.153812 1.091290
v -0.166395 0.155469 1.101995
v -0.164087 0.158480 1.101072
v 0.138101 0.124010 0.956162
v 0.139687 0.105572 0.962203
v 0.139161 0.105200 0.961205
v 0.137575 0.123638 0.955164
v 0.135273 0.123403 0.955050
v 0.136860 0.104965 0.961091
v 0.159055 0.122395 0.945727
v 0.160116 0.103584 0.950770
v 0.160642 0.103956 0.951768
v 0.158530 0.122022 0.944729
v 0.159780 0.121513 0.942847
v 0.161366 0.103075 0.948887
v 0.168082 0.121699 0.941232
v 0.169669 0.103260 0.947272
v 0.169143 0.102888 0.946274
v 0.167557 0.121326 0.940234
v 0.165255 0.121091 0.940120
v 0.166842 0.102653 0.946161
v 0.189293 0.120063 0.930670
v 0.190353 0.101253 0.935712
v 0.190879 0.101625 0.936710
v 0.188767 0.119691 0.929672
v 0.190017 0.119182 0.927789
v 0.191604 0.100744 0.933830
v 0.198320 0.119367 0.926174
v 0.199906 0.100929 0.932215
v 0.199381 0.100557 0.931217
v 0.197794 0.118995 0.925176
v 0.195493 0.118760 0.925063
v 0.197079 0.100321 0.931103
v 0.219274 0.117752 0.915739
v 0.220335 0.098941 0.920782
v 0.220861 0.099313 0.921780
v 0.218749 0.117379 0.914741
v 0.219999 0.116870 0.912859
v 0.221585 0.098432 0.918899
v 0.124119 0.229203 0.921469
v 0.125553 0.229093 0.920755
v 0.133880 0.132316 0.952461
v 0.132686 0.129637 0.954088
v 0.221541 0.122786 0.909840
v 0.219867 0.125685 0.909641
v 0.212974 0.222352 0.877221
v 0.211541 0.222463 0.877935
v 0.167633 0.223478 0.903512
v 0.150595 0.224791 0.911996
v 0.150069 0.224419 0.910998
v 0.167107 0.223105 0.902514
v 0.158404 0.134025 0.941732
v 0.157879 0.133653 0.940734
v 0.175442 0.132712 0.933248
v 0.174916 0.132339 0.932250
v 0.176874 0.129000 0.931051
v 0.168547 0.225778 0.899345
v 0.155377 0.130658 0.941756
v 0.147050 0.227435 0.910050
v 0.146136 0.225135 0.914217
v 0.129098 0.226449 0.922701
v 0.128572 0.226076 0.921703
v 0.145610 0.224763 0.913219
v 0.136908 0.135683 0.952438
v 0.136382 0.135311 0.951439
v 0.153945 0.134369 0.943953
v 0.153420 0.133997 0.942955
v 0.133880 0.132316 0.952461
v 0.125553 0.229093 0.920755
v 0.188934 0.221835 0.892904
v 0.171897 0.223149 0.901389
v 0.171371 0.222777 0.900391
v 0.188409 0.221463 0.891906
v 0.179706 0.132383 0.931125
v 0.179181 0.132011 0.930127
v 0.196744 0.131069 0.922640
v 0.196218 0.130697 0.921642
v 0.198370 0.127343 0.920346
v 0.190044 0.224120 0.888640
v 0.176874 0.129001 0.931051
v 0.168547 0.225778 0.899345
v 0.210432 0.220178 0.882199
v 0.193394 0.221491 0.890684
v 0.192868 0.221119 0.889686
v 0.209906 0.219805 0.881201
v 0.201203 0.130725 0.920420
v 0.200678 0.130353 0.919422
v 0.218241 0.129412 0.911935
v 0.217715 0.129039 0.910937
v 0.219867 0.125686 0.909641
v 0.211541 0.222463 0.877935
v 0.220217 0.134586 0.908965
v 0.134229 0.141216 0.951785
v 0.133178 0.140472 0.949789
v 0.219166 0.133842 0.906969
v 0.134049 0.143314 0.951097
v 0.220036 0.136684 0.908277
v 0.218985 0.135940 0.906281
v 0.132998 0.142570 0.949101
v 0.215897 0.184798 0.892514
v 0.129909 0.191428 0.935334
v 0.128858 0.190684 0.933338
v 0.214845 0.184054 0.890518
v 0.129712 0.193719 0.934584
v 0.215700 0.187089 0.891764
v 0.214648 0.186345 0.889768
v 0.128661 0.192975 0.932588
v 0.213610 0.211377 0.883807
v 0.127622 0.218007 0.926627
v 0.126571 0.217263 0.924631
v 0.212559 0.210632 0.881811
v 0.127343 0.221257 0.925562
v 0.213330 0.214627 0.882742
v 0.212279 0.213883 0.880746
v 0.126291 0.220513 0.923566
v 0.215238 0.192451 0.890007
v 0.129251 0.199081 0.932827
v 0.128199 0.198337 0.930831
v 0.214187 0.191707 0.888011
v 0.129061 0.201291 0.932103
v 0.215048 0.194661 0.889283
v 0.213997 0.193916 0.887287
v 0.128009 0.200547 0.930107
v 0.136026 0.140747 0.949883
v 0.217359 0.134476 0.909380
v 0.217821 0.129114 0.911137
v 0.136487 0.135385 0.951639
v 0.128678 0.226151 0.921903
v 0.210011 0.219880 0.881401
v 0.212842 0.186979 0.892180
v 0.131508 0.193250 0.932682
v 0.145788 0.208557 0.920583
v 0.145490 0.205749 0.921787
v 0.144964 0.205377 0.920789
v 0.145262 0.208185 0.919585
v 0.144209 0.203534 0.923287
v 0.143684 0.203162 0.922289
v 0.142149 0.202133 0.924895
v 0.141623 0.201761 0.923897
v 0.139511 0.201764 0.926422
v 0.138985 0.201392 0.925424
v 0.136775 0.202547 0.927572
v 0.136249 0.202175 0.926574
v 0.134444 0.204287 0.928151
v 0.133918 0.203915 0.927153
v 0.132762 0.206730 0.928125
v 0.132236 0.206358 0.927127
v 0.131974 0.209622 0.927462
v 0.131448 0.209250 0.926464
v 0.132272 0.212430 0.926258
v 0.131746 0.212058 0.925260
v 0.133552 0.214645 0.924757
v 0.133027 0.214273 0.923759
v 0.135613 0.216046 0.923149
v 0.135087 0.215674 0.922151
v 0.138250 0.216415 0.921622
v 0.137725 0.216043 0.920624
v 0.140987 0.215632 0.920473
v 0.140462 0.215260 0.919475
v 0.143318 0.213892 0.919894
v 0.142792 0.213520 0.918896
v 0.145000 0.211449 0.919920
v 0.144474 0.211077 0.918922
v 0.167285 0.206900 0.909878
v 0.166987 0.204091 0.911082
v 0.166461 0.203719 0.910084
v 0.166759 0.206527 0.908880
v 0.165706 0.201877 0.912582
v 0.165180 0.201505 0.911584
v 0.163646 0.200475 0.914190
v 0.163120 0.200103 0.913192
v 0.161008 0.200106 0.915717
v 0.160482 0.199734 0.914719
v 0.158271 0.200890 0.916867
v 0.157746 0.200518 0.915869
v 0.155940 0.202630 0.917445
v 0.155415 0.202258 0.916447
v 0.154259 0.205073 0.917420
v 0.153733 0.204701 0.916422
v 0.153471 0.207965 0.916757
v 0.152945 0.207593 0.915759
v 0.153769 0.210773 0.915553
v 0.153243 0.210401 0.914555
v 0.155049 0.212987 0.914052
v 0.154524 0.212615 0.913054
v 0.157110 0.214389 0.912444
v 0.156584 0.214017 0.911446
v 0.159747 0.214758 0.910917
v 0.159222 0.214386 0.909919
v 0.162484 0.213974 0.909768
v 0.161958 0.213602 0.908770
v 0.164815 0.212234 0.909189
v 0.164289 0.211862 0.908191
v 0.166496 0.209791 0.909214
v 0.165971 0.209419 0.908216
v 0.188782 0.205242 0.899173
v 0.188484 0.202434 0.900377
v 0.187958 0.202062 0.899379
v 0.188256 0.204870 0.898175
v 0.187203 0.200219 0.901877
v 0.186677 0.199847 0.900879
v 0.185143 0.198818 0.903485
v 0.184617 0.198446 0.902487
v 0.182505 0.198449 0.905012
v 0.181979 0.198077 0.904014
v 0.179768 0.199232 0.906162
v 0.179243 0.198860 0.905164
v 0.177437 0.200972 0.906740
v 0.176912 0.200600 0.905742
v 0.175756 0.203415 0.906715
v 0.175230 0.203043 0.905717
v 0.174967 0.206307 0.906052
v 0.174442 0.205935 0.905054
v 0.175265 0.209115 0.904848
v 0.174740 0.208743 0.903850
v 0.176546 0.211330 0.903347
v 0.176021 0.210958 0.902349
v 0.178607 0.212731 0.901739
v 0.178081 0.212359 0.900741
v 0.181244 0.213100 0.900212
v 0.180719 0.212728 0.899214
v 0.183981 0.212317 0.899063
v 0.183455 0.211945 0.898065
v 0.186312 0.210577 0.898484
v 0.185786 0.210205 0.897486
v 0.187993 0.208134 0.898509
v 0.187468 0.207762 0.897511
v 0.210279 0.203585 0.888468
v 0.209981 0.200776 0.889672
v 0.209455 0.200404 0.888674
v 0.209753 0.203212 0.887470
v 0.208700 0.198562 0.891172
v 0.208174 0.198190 0.890174
v 0.206639 0.197160 0.892780
v 0.206114 0.196788 0.891782
v 0.204002 0.196791 0.894307
v 0.203476 0.196419 0.893309
v 0.201265 0.197575 0.895457
v 0.200739 0.197203 0.894459
v 0.198934 0.199315 0.896035
v 0.198409 0.198943 0.895037
v 0.197253 0.201758 0.896010
v 0.196727 0.201386 0.895012
v 0.196464 0.204650 0.895347
v 0.195939 0.204277 0.894349
v 0.196762 0.207458 0.894143
v 0.196237 0.207086 0.893145
v 0.198043 0.209672 0.892642
v 0.197517 0.209300 0.891644
v 0.200104 0.211074 0.891034
v 0.199578 0.210702 0.890036
v 0.202741 0.211443 0.889507
v 0.202216 0.211071 0.888509
v 0.205478 0.210659 0.888358
v 0.204952 0.210287 0.887360
v 0.207809 0.208919 0.887779
v 0.207283 0.208547 0.886781
v 0.209490 0.206476 0.887804
v 0.208965 0.206104 0.886806
v 0.250768 0.115323 0.900056
v 0.252354 0.096885 0.906097
v 0.251829 0.096513 0.905099
v 0.250242 0.114951 0.899058
v 0.247941 0.114716 0.898944
v 0.249527 0.096277 0.904985
v 0.271722 0.113708 0.889621
v 0.272783 0.094897 0.894664
v 0.273309 0.095269 0.895662
v 0.271197 0.113335 0.888623
v 0.272447 0.112826 0.886741
v 0.274034 0.094388 0.892781
v 0.280750 0.113012 0.885126
v 0.282336 0.094573 0.891166
v 0.281810 0.094201 0.890168
v 0.280224 0.112639 0.884128
v 0.277922 0.112404 0.884014
v 0.279509 0.093966 0.890055
v 0.301960 0.111376 0.874564
v 0.303021 0.092566 0.879606
v 0.303546 0.092938 0.880604
v 0.301434 0.111004 0.873566
v 0.302684 0.110495 0.871683
v 0.304271 0.092056 0.877724
v 0.310987 0.110680 0.870068
v 0.312573 0.092242 0.876109
v 0.312048 0.091870 0.875111
v 0.310461 0.110308 0.869070
v 0.308160 0.110073 0.868957
v 0.309746 0.091634 0.874997
v 0.331942 0.109064 0.859633
v 0.333002 0.090254 0.864676
v 0.333528 0.090626 0.865674
v 0.331416 0.108692 0.858635
v 0.332666 0.108183 0.856753
v 0.334253 0.089745 0.862794
v 0.236786 0.220516 0.865363
v 0.238220 0.220406 0.864649
v 0.246547 0.123628 0.896355
v 0.245353 0.120950 0.897982
v 0.334208 0.114099 0.853734
v 0.332535 0.116998 0.853535
v 0.325642 0.213665 0.821115
v 0.324208 0.213776 0.821829
v 0.280300 0.214790 0.847406
v 0.263262 0.216104 0.855890
v 0.262737 0.215732 0.854892
v 0.279774 0.214418 0.846408
v 0.271072 0.125338 0.885626
v 0.270546 0.124966 0.884628
v 0.288109 0.124025 0.877142
v 0.287584 0.123652 0.876144
v 0.289541 0.120313 0.874945
v 0.281214 0.217091 0.843239
v 0.268044 0.121971 0.885650
v 0.259717 0.218748 0.853944
v 0.258803 0.216448 0.858111
v 0.241765 0.217762 0.866595
v 0.241240 0.217389 0.865597
v 0.258277 0.216076 0.857113
v 0.249575 0.126996 0.896331
v 0.249049 0.126623 0.895333
v 0.266612 0.125682 0.887847
v 0.266087 0.125310 0.886849
v 0.301602 0.213148 0.836798
v 0.284564 0.214462 0.845283
v 0.284038 0.214089 0.844285
v 0.301076 0.212776 0.835800
v 0.292373 0.123696 0.875019
v 0.291848 0.123324 0.874021
v 0.309411 0.122382 0.866534
v 0.308886 0.122010 0.865536
v 0.311038 0.118656 0.864240
v 0.302711 0.215433 0.832534
v 0.289541 0.120313 0.874945
v 0.281214 0.217091 0.843239
v 0.323099 0.211490 0.826093
v 0.306061 0.212804 0.834578
v 0.305535 0.212432 0.833580
v 0.322573 0.211118 0.825095
v 0.313870 0.122038 0.864314
v 0.313345 0.121666 0.863316
v 0.330908 0.120725 0.855829
v 0.330382 0.120352 0.854831
v 0.332534 0.116998 0.853535
v 0.324208 0.213776 0.821829
v 0.332884 0.125899 0.852859
v 0.246897 0.132529 0.895679
v 0.245845 0.131784 0.893683
v 0.331833 0.125154 0.850863
v 0.246716 0.134627 0.894991
v 0.332704 0.127997 0.852171
v 0.331652 0.127253 0.850175
v 0.245665 0.133883 0.892995
v 0.328564 0.176111 0.836408
v 0.242576 0.182741 0.879228
v 0.241525 0.181997 0.877232
v 0.327513 0.175367 0.834413
v 0.242379 0.185032 0.878478
v 0.328367 0.178402 0.835658
v 0.327315 0.177657 0.833662
v 0.241328 0.184287 0.876482
v 0.326277 0.202690 0.827701
v 0.240290 0.209320 0.870521
v 0.239238 0.208575 0.868525
v 0.325226 0.201945 0.825705
v 0.240010 0.212570 0.869456
v 0.325997 0.205940 0.826636
v 0.324946 0.205196 0.824640
v 0.238958 0.211826 0.867460
v 0.327905 0.183764 0.833901
v 0.241918 0.190394 0.876721
v 0.240867 0.189650 0.874725
v 0.326854 0.183020 0.831905
v 0.241728 0.192604 0.875997
v 0.327715 0.185974 0.833177
v 0.326664 0.185229 0.831181
v 0.240676 0.191859 0.874001
v 0.248693 0.132060 0.893777
v 0.330026 0.125789 0.853274
v 0.330488 0.120427 0.855031
v 0.249154 0.126698 0.895533
v 0.241345 0.217464 0.865797
v 0.322678 0.211193 0.825295
v 0.325509 0.178292 0.836074
v 0.244176 0.184563 0.876576
v 0.258455 0.199870 0.864477
v 0.258157 0.197062 0.865681
v 0.257632 0.196690 0.864683
v 0.257930 0.199498 0.863479
v 0.256877 0.194847 0.867181
v 0.256351 0.194475 0.866183
v 0.254816 0.193446 0.868789
v 0.254290 0.193074 0.867791
v 0.252178 0.193077 0.870316
v 0.251653 0.192705 0.869318
v 0.249442 0.193860 0.871466
v 0.248916 0.193488 0.870468
v 0.247111 0.195600 0.872045
v 0.246585 0.195228 0.871046
v 0.245429 0.198043 0.872019
v 0.244904 0.197671 0.871021
v 0.244641 0.200935 0.871356
v 0.244115 0.200563 0.870358
v 0.244939 0.203743 0.870152
v 0.244413 0.203371 0.869154
v 0.246220 0.205958 0.868651
v 0.245694 0.205586 0.867653
v 0.248280 0.207359 0.867043
v 0.247755 0.206987 0.866045
v 0.250918 0.207728 0.865516
v 0.250392 0.207356 0.864518
v 0.253655 0.206945 0.864367
v 0.253129 0.206573 0.863369
v 0.255985 0.205205 0.863788
v 0.255460 0.204833 0.862790
v 0.257667 0.202762 0.863814
v 0.257141 0.202390 0.862816
v 0.279952 0.198212 0.853772
v 0.279654 0.195404 0.854976
v 0.279128 0.195032 0.853978
v 0.279427 0.197840 0.852774
v 0.278373 0.193190 0.856476
v 0.277848 0.192818 0.855478
v 0.276313 0.191788 0.858084
v 0.275787 0.191416 0.857086
v 0.273675 0.191419 0.859611
v 0.273150 0.191047 0.858613
v 0.270939 0.192203 0.860761
v 0.270413 0.191830 0.859763
v 0.268608 0.193943 0.861339
v 0.268082 0.193571 0.860341
v 0.266926 0.196386 0.861314
v 0.266401 0.196014 0.860316
v 0.266138 0.199278 0.860651
v 0.265612 0.198905 0.859653
v 0.266436 0.202086 0.859447
v 0.265910 0.201713 0.858449
v 0.267717 0.204300 0.857946
v 0.267191 0.203928 0.856948
v 0.269777 0.205702 0.856338
v 0.269251 0.205330 0.855340
v 0.272415 0.206071 0.854811
v 0.271889 0.205699 0.853813
v 0.275151 0.205287 0.853662
v 0.274626 0.204915 0.852664
v 0.277482 0.203547 0.853083
v 0.276957 0.203175 0.852085
v 0.279164 0.201104 0.853109
v 0.278638 0.200732 0.852111
v 0.301449 0.196555 0.843067
v 0.301151 0.193747 0.844271
v 0.300626 0.193375 0.843273
v 0.300924 0.196183 0.842069
v 0.299870 0.191532 0.845771
v 0.299345 0.191160 0.844773
v 0.297810 0.190131 0.847379
v 0.297284 0.189759 0.846381
v 0.295172 0.189762 0.848906
v 0.294647 0.189390 0.847908
v 0.292436 0.190545 0.850056
v 0.291910 0.190173 0.849058
v 0.290105 0.192285 0.850634
v 0.289579 0.191913 0.849636
v 0.288423 0.194728 0.850609
v 0.287898 0.194356 0.849611
v 0.287635 0.197620 0.849946
v 0.287109 0.197248 0.848948
v 0.287933 0.200428 0.848742
v 0.287407 0.200056 0.847744
v 0.289213 0.202643 0.847241
v 0.288688 0.202271 0.846243
v 0.291274 0.204044 0.845633
v 0.290748 0.203672 0.844635
v 0.293912 0.204413 0.844106
v 0.293386 0.204041 0.843108
v 0.296648 0.203630 0.842957
v 0.296123 0.203258 0.841959
v 0.298979 0.201890 0.842378
v 0.298454 0.201518 0.841380
v 0.300661 0.199447 0.842403
v 0.300135 0.199075 0.841405
v 0.322946 0.194897 0.832362
v 0.322648 0.192089 0.833566
v 0.322122 0.191717 0.832568
v 0.322420 0.194525 0.831364
v 0.321367 0.189875 0.835066
v 0.320841 0.189503 0.834068
v 0.319307 0.188473 0.836674
v 0.318781 0.188101 0.835676
v 0.316669 0.188104 0.838201
v 0.316143 0.187732 0.837203
v 0.313932 0.188888 0.839351
v 0.313407 0.188515 0.838353
v 0.311602 0.190628 0.839929
v 0.311076 0.190256 0.838931
v 0.309920 0.193071 0.839904
v 0.309394 0.192699 0.838906
v 0.309132 0.195963 0.839241
v 0.308606 0.195590 0.838243
v 0.309430 0.198771 0.838037
v 0.308904 0.198398 0.837039
v 0.310710 0.200985 0.836536
v 0.310185 0.200613 0.835538
v 0.312771 0.202387 0.834928
v 0.312245 0.202015 0.833930
v 0.315409 0.202756 0.833401
v 0.314883 0.202384 0.832403
v 0.318145 0.201972 0.832252
v 0.317620 0.201600 0.831254
v 0.320476 0.200232 0.831673
v 0.319950 0.199860 0.830675
v 0.322158 0.197789 0.831698
v 0.321632 0.197417 0.830700
v 0.363435 0.106636 0.843950
v 0.365022 0.088198 0.849991
v 0.364496 0.087826 0.848993
v 0.362910 0.106264 0.842952
v 0.360608 0.106029 0.842838
v 0.362194 0.087590 0.848879
v 0.421591 0.102152 0.814990
v 0.422651 0.083341 0.820032
v 0.423177 0.083714 0.821030
v 0.421065 0.101780 0.813992
v 0.422315 0.101271 0.812109
v 0.423902 0.082832 0.818150
v 0.430618 0.101456 0.810495
v 0.432204 0.083018 0.816535
v 0.431679 0.082645 0.815537
v 0.430092 0.101084 0.809497
v 0.427791 0.100849 0.809383
v 0.429377 0.082410 0.815424
v 0.451828 0.099821 0.799932
v 0.452889 0.081010 0.804975
v 0.453414 0.081382 0.805973
v 0.451302 0.099448 0.798934
v 0.452553 0.098939 0.797052
v 0.454139 0.080501 0.803093
v 0.460855 0.099125 0.795437
v 0.462442 0.080686 0.801478
v 0.461916 0.080314 0.800480
v 0.460330 0.098752 0.794439
v 0.458028 0.098517 0.794325
v 0.459614 0.080079 0.800366
v 0.522627 0.094362 0.764676
v 0.523687 0.075551 0.769719
v 0.524213 0.075923 0.770717
v 0.522101 0.093990 0.763678
v 0.523351 0.093480 0.761796
v 0.524938 0.075042 0.767836
v 0.349454 0.211829 0.809257
v 0.350888 0.211719 0.808543
v 0.359214 0.114941 0.840249
v 0.358020 0.112263 0.841876
v 0.524893 0.099396 0.758777
v 0.523220 0.102296 0.758578
v 0.516327 0.198962 0.726158
v 0.514893 0.199073 0.726872
v 0.433133 0.203006 0.771298
v 0.395921 0.205875 0.789829
v 0.395396 0.205503 0.788831
v 0.432608 0.202634 0.770300
v 0.403731 0.115110 0.819565
v 0.403205 0.114737 0.818567
v 0.443075 0.112076 0.799972
v 0.442550 0.111704 0.798974
v 0.442374 0.108529 0.798837
v 0.400703 0.111742 0.819588
v 0.392376 0.208520 0.787883
v 0.434048 0.205307 0.767131
v 0.391462 0.206219 0.792050
v 0.354433 0.209074 0.810489
v 0.353907 0.208702 0.809492
v 0.390937 0.205847 0.791052
v 0.362242 0.118309 0.840226
v 0.361716 0.117936 0.839227
v 0.399272 0.115453 0.821786
v 0.398746 0.115081 0.820788
v 0.472936 0.199937 0.751477
v 0.437398 0.202677 0.769175
v 0.436872 0.202305 0.768177
v 0.472410 0.199565 0.750479
v 0.480745 0.109171 0.781213
v 0.480220 0.108799 0.780215
v 0.482372 0.105445 0.778919
v 0.474045 0.202222 0.747213
v 0.442374 0.108529 0.798837
v 0.434048 0.205306 0.767131
v 0.513784 0.196788 0.731136
v 0.477395 0.199593 0.749257
v 0.476869 0.199221 0.748259
v 0.513258 0.196416 0.730138
v 0.485204 0.108828 0.778993
v 0.484679 0.108455 0.777995
v 0.521593 0.106022 0.760872
v 0.521067 0.105650 0.759874
v 0.523220 0.102296 0.758578
v 0.514893 0.199073 0.726872
v 0.519249 0.161409 0.741451
v 0.355244 0.174054 0.823123
v 0.354192 0.173310 0.821127
v 0.518197 0.160664 0.739455
v 0.355047 0.176345 0.822372
v 0.519052 0.163699 0.740701
v 0.518000 0.162955 0.738705
v 0.353995 0.175600 0.820376
v 0.516962 0.187987 0.732744
v 0.352957 0.200633 0.814415
v 0.351905 0.199888 0.812419
v 0.515911 0.187243 0.730748
v 0.352677 0.203883 0.813350
v 0.516682 0.191238 0.731679
v 0.515631 0.190493 0.729683
v 0.351626 0.203139 0.811354
v 0.518590 0.169061 0.738944
v 0.354585 0.181707 0.820615
v 0.353534 0.180962 0.818619
v 0.517539 0.168317 0.736948
v 0.354395 0.183917 0.819891
v 0.518400 0.171271 0.738220
v 0.517349 0.170527 0.736224
v 0.353344 0.183172 0.817895
v 0.354012 0.208777 0.809691
v 0.513363 0.196490 0.730338
v 0.516194 0.163589 0.741116
v 0.356843 0.175876 0.820470
v 0.381665 0.190370 0.803121
v 0.381367 0.187562 0.804325
v 0.380841 0.187190 0.803327
v 0.381139 0.189998 0.802123
v 0.380086 0.185347 0.805826
v 0.379560 0.184975 0.804828
v 0.378025 0.183946 0.807434
v 0.377500 0.183574 0.806436
v 0.375388 0.183577 0.808961
v 0.374862 0.183205 0.807963
v 0.372651 0.184360 0.810110
v 0.372125 0.183988 0.809112
v 0.370320 0.186100 0.810689
v 0.369795 0.185728 0.809691
v 0.368639 0.188543 0.810663
v 0.368113 0.188171 0.809665
v 0.367850 0.191435 0.810000
v 0.367325 0.191063 0.809002
v 0.368148 0.194243 0.808796
v 0.367623 0.193871 0.807798
v 0.369429 0.196458 0.807296
v 0.368903 0.196086 0.806298
v 0.371490 0.197859 0.805687
v 0.370964 0.197487 0.804689
v 0.374127 0.198228 0.804161
v 0.373601 0.197856 0.803163
v 0.376864 0.197445 0.803011
v 0.376338 0.197073 0.802013
v 0.379195 0.195705 0.802432
v 0.378669 0.195333 0.801434
v 0.380876 0.193262 0.802458
v 0.380351 0.192890 0.801460
v 0.423046 0.187179 0.782514
v 0.422748 0.184371 0.783718
v 0.422223 0.183999 0.782720
v 0.422521 0.186807 0.781516
v 0.421468 0.182157 0.785218
v 0.420942 0.181784 0.784220
v 0.419407 0.180755 0.786826
v 0.418881 0.180383 0.785828
v 0.416770 0.180386 0.788353
v 0.416244 0.180014 0.787355
v 0.414033 0.181169 0.789503
v 0.413507 0.180797 0.788505
v 0.411702 0.182910 0.790081
v 0.411176 0.182537 0.789083
v 0.410020 0.185353 0.790056
v 0.409495 0.184980 0.789058
v 0.409232 0.188244 0.789393
v 0.408706 0.187872 0.788395
v 0.409530 0.191052 0.788189
v 0.409004 0.190680 0.787191
v 0.410811 0.193267 0.786688
v 0.410285 0.192895 0.785690
v 0.412871 0.194669 0.785080
v 0.412346 0.194296 0.784082
v 0.415509 0.195038 0.783553
v 0.414983 0.194665 0.782555
v 0.418246 0.194254 0.782404
v 0.417720 0.193882 0.781406
v 0.420576 0.192514 0.781825
v 0.420051 0.192142 0.780827
v 0.422258 0.190071 0.781851
v 0.421732 0.189699 0.780852
v 0.463601 0.184052 0.762318
v 0.463303 0.181244 0.763523
v 0.462777 0.180872 0.762525
v 0.463075 0.183680 0.761320
v 0.462022 0.179030 0.765023
v 0.461496 0.178657 0.764025
v 0.459961 0.177628 0.766631
v 0.459436 0.177256 0.765633
v 0.457324 0.177259 0.768158
v 0.456798 0.176887 0.767160
v 0.454587 0.178043 0.769307
v 0.454061 0.177670 0.768310
v 0.452256 0.179783 0.769886
v 0.451731 0.179410 0.768888
v 0.450575 0.182226 0.769861
v 0.450049 0.181853 0.768863
v 0.449786 0.185117 0.769198
v 0.449261 0.184745 0.768200
v 0.450084 0.187926 0.767994
v 0.449559 0.187553 0.766996
v 0.451365 0.190140 0.766493
v 0.450839 0.189768 0.765495
v 0.453426 0.191542 0.764885
v 0.452900 0.191169 0.763887
v 0.456063 0.191911 0.763358
v 0.455538 0.191538 0.762360
v 0.458800 0.191127 0.762209
v 0.458274 0.190755 0.761211
v 0.461131 0.189387 0.761630
v 0.460605 0.189015 0.760632
v 0.462812 0.186944 0.761655
v 0.462287 0.186572 0.760657
v 0.503884 0.180946 0.742258
v 0.503586 0.178138 0.743463
v 0.503060 0.177766 0.742465
v 0.503358 0.180574 0.741260
v 0.502305 0.175924 0.744963
v 0.501779 0.175551 0.743965
v 0.500244 0.174522 0.746571
v 0.499719 0.174150 0.745573
v 0.497607 0.174153 0.748098
v 0.497081 0.173781 0.747100
v 0.494870 0.174937 0.749247
v 0.494344 0.174564 0.748249
v 0.492539 0.176677 0.749826
v 0.492014 0.176304 0.748828
v 0.490858 0.179120 0.749801
v 0.490332 0.178747 0.748803
v 0.490069 0.182011 0.749138
v 0.489544 0.181639 0.748140
v 0.490367 0.184820 0.747933
v 0.489842 0.184447 0.746935
v 0.491648 0.187034 0.746433
v 0.491122 0.186662 0.745435
v 0.493709 0.188436 0.744825
v 0.493183 0.188063 0.743827
v 0.496346 0.188805 0.743298
v 0.495821 0.188432 0.742300
v 0.499083 0.188021 0.742149
v 0.498557 0.187649 0.741151
v 0.501414 0.186281 0.741570
v 0.500888 0.185909 0.740572
v 0.503095 0.183838 0.741595
v 0.502570 0.183466 0.740597
v 0.398810 0.120816 0.820029
v 0.362421 0.123621 0.838150
v 0.361369 0.122877 0.836154
v 0.397759 0.120071 0.818033
v 0.362240 0.125720 0.837463
v 0.398630 0.122914 0.819341
v 0.397579 0.122169 0.817345
v 0.361189 0.124975 0.835467
v 0.521132 0.111384 0.759115
v 0.484742 0.114190 0.777237
v 0.483691 0.113445 0.775240
v 0.520081 0.110640 0.757119
v 0.484562 0.116288 0.776549
v 0.520952 0.113482 0.758428
v 0.519900 0.112738 0.756432
v 0.483510 0.115544 0.774553
v 0.438960 0.135291 0.793482
v 0.438434 0.134919 0.792484
v 0.440355 0.132002 0.791147
v 0.443224 0.134963 0.791359
v 0.442698 0.134591 0.790361
v 0.440355 0.132002 0.791147
v 0.478966 0.129851 0.774439
v 0.401951 0.135789 0.812790
v 0.400900 0.135044 0.810794
v 0.477914 0.129106 0.772443
v 0.401771 0.137887 0.812103
v 0.478785 0.131949 0.773751
v 0.477734 0.131205 0.771755
v 0.400719 0.137143 0.810107
v 0.455050 0.111153 0.794009
v 0.453271 0.131832 0.787234
v 0.452220 0.131087 0.785238
v 0.453999 0.110408 0.792013
v 0.455249 0.131679 0.786249
v 0.457029 0.111000 0.793024
v 0.455977 0.110256 0.791028
v 0.454198 0.130935 0.784253
v 0.427551 0.113273 0.807703
v 0.425772 0.133952 0.800928
v 0.424721 0.133208 0.798932
v 0.426500 0.112529 0.805707
v 0.427750 0.133800 0.799943
v 0.429530 0.113121 0.806718
v 0.428478 0.112376 0.804722
v 0.426699 0.133055 0.797947
v 0.550169 0.092238 0.750961
v 0.551755 0.073800 0.757001
v 0.551229 0.073428 0.756003
v 0.549643 0.091866 0.749963
v 0.547341 0.091631 0.749849
v 0.548928 0.073192 0.755890
v 0.571123 0.090622 0.740526
v 0.572184 0.071812 0.745568
v 0.572710 0.072184 0.746566
v 0.570598 0.090250 0.739528
v 0.571848 0.089741 0.737645
v 0.573434 0.071303 0.743686
v 0.580150 0.089926 0.736030
v 0.581737 0.071488 0.742071
v 0.581211 0.071116 0.741073
v 0.579625 0.089554 0.735032
v 0.577323 0.089319 0.734919
v 0.578910 0.070881 0.740959
v 0.601361 0.088291 0.725468
v 0.602421 0.069480 0.730511
v 0.602947 0.069853 0.731509
v 0.600835 0.087919 0.724470
v 0.602085 0.087410 0.722588
v 0.603672 0.068971 0.728628
v 0.610388 0.087595 0.720973
v 0.611974 0.069157 0.727013
v 0.611449 0.068784 0.726015
v 0.609862 0.087223 0.719975
v 0.607560 0.086988 0.719861
v 0.609147 0.068549 0.725902
v 0.631342 0.085979 0.710538
v 0.632403 0.067169 0.715580
v 0.632929 0.067541 0.716578
v 0.630817 0.085607 0.709540
v 0.632067 0.085098 0.707657
v 0.633653 0.066660 0.713698
v 0.536187 0.197431 0.716268
v 0.537621 0.197321 0.715554
v 0.545948 0.100543 0.747259
v 0.544754 0.097865 0.748887
v 0.633609 0.091014 0.704639
v 0.631935 0.093913 0.704439
v 0.625042 0.190580 0.672020
v 0.623609 0.190691 0.672734
v 0.579701 0.191705 0.698311
v 0.562663 0.193019 0.706795
v 0.562137 0.192647 0.705797
v 0.579175 0.191333 0.697313
v 0.570472 0.102253 0.736531
v 0.569947 0.101881 0.735533
v 0.587510 0.100939 0.728047
v 0.586985 0.100567 0.727049
v 0.588942 0.097228 0.725849
v 0.580615 0.194006 0.694144
v 0.567445 0.098886 0.736554
v 0.559118 0.195663 0.704849
v 0.558204 0.193363 0.709016
v 0.541166 0.194676 0.717500
v 0.540640 0.194304 0.716502
v 0.557678 0.192991 0.708018
v 0.548976 0.103911 0.747236
v 0.548450 0.103538 0.746238
v 0.566013 0.102597 0.738752
v 0.565488 0.102225 0.737754
v 0.601003 0.190063 0.687703
v 0.583965 0.191376 0.696187
v 0.583439 0.191004 0.695189
v 0.600477 0.189691 0.686705
v 0.591774 0.100611 0.725923
v 0.591249 0.100238 0.724925
v 0.608812 0.099297 0.717439
v 0.608286 0.098925 0.716441
v 0.610438 0.095571 0.715144
v 0.602112 0.192348 0.683439
v 0.588942 0.097228 0.725849
v 0.580615 0.194005 0.694144
v 0.622499 0.188405 0.676998
v 0.605462 0.189719 0.685482
v 0.604936 0.189347 0.684484
v 0.621974 0.188033 0.676000
v 0.613271 0.098953 0.715218
v 0.612746 0.098581 0.714220
v 0.630309 0.097639 0.706734
v 0.629783 0.097267 0.705736
v 0.631935 0.093913 0.704439
v 0.623609 0.190690 0.672734
v 0.632285 0.102814 0.703763
v 0.546297 0.109444 0.746583
v 0.545246 0.108699 0.744587
v 0.631234 0.102069 0.701767
v 0.546117 0.111542 0.745896
v 0.632104 0.104912 0.703076
v 0.631053 0.104168 0.701080
v 0.545066 0.110797 0.743900
v 0.627965 0.153026 0.687313
v 0.541977 0.159656 0.730133
v 0.540926 0.158912 0.728137
v 0.626913 0.152282 0.685317
v 0.541780 0.161947 0.729383
v 0.627768 0.155317 0.686563
v 0.626716 0.154572 0.684567
v 0.540729 0.161202 0.727387
v 0.625678 0.179605 0.678606
v 0.539690 0.186235 0.721426
v 0.538639 0.185490 0.719430
v 0.624627 0.178860 0.676610
v 0.539411 0.189485 0.720361
v 0.625398 0.182855 0.677541
v 0.624347 0.182111 0.675545
v 0.538359 0.188741 0.718365
v 0.627306 0.160679 0.684806
v 0.541319 0.167309 0.727626
v 0.540267 0.166564 0.725630
v 0.626255 0.159934 0.682810
v 0.541129 0.169519 0.726902
v 0.627116 0.162889 0.684082
v 0.626065 0.162144 0.682086
v 0.540077 0.168774 0.724906
v 0.548094 0.108975 0.744681
v 0.629427 0.102704 0.704179
v 0.629888 0.097342 0.705936
v 0.548555 0.103613 0.746438
v 0.540746 0.194379 0.716702
v 0.622079 0.188108 0.676199
v 0.624910 0.155207 0.686978
v 0.543576 0.161478 0.727480
v 0.557856 0.176785 0.715381
v 0.557558 0.173977 0.716585
v 0.557032 0.173605 0.715587
v 0.557330 0.176413 0.714383
v 0.556277 0.171762 0.718086
v 0.555752 0.171390 0.717088
v 0.554217 0.170361 0.719694
v 0.553691 0.169988 0.718696
v 0.551579 0.169992 0.721221
v 0.551054 0.169619 0.720223
v 0.548842 0.170775 0.722370
v 0.548317 0.170403 0.721372
v 0.546512 0.172515 0.722949
v 0.545986 0.172143 0.721951
v 0.544830 0.174958 0.722924
v 0.544304 0.174586 0.721926
v 0.544042 0.177850 0.722260
v 0.543516 0.177478 0.721263
v 0.544340 0.180658 0.721056
v 0.543814 0.180286 0.720058
v 0.545620 0.182873 0.719556
v 0.545095 0.182500 0.718558
v 0.547681 0.184274 0.717948
v 0.547155 0.183902 0.716950
v 0.550319 0.184643 0.716421
v 0.549793 0.184271 0.715423
v 0.553055 0.183860 0.715271
v 0.552530 0.183488 0.714274
v 0.555386 0.182120 0.714693
v 0.554860 0.181747 0.713695
v 0.557068 0.179677 0.714718
v 0.556542 0.179304 0.713720
v 0.579353 0.175127 0.704676
v 0.579055 0.172319 0.705880
v 0.578529 0.171947 0.704882
v 0.578827 0.174755 0.703678
v 0.577774 0.170105 0.707381
v 0.577248 0.169732 0.706383
v 0.575714 0.168703 0.708989
v 0.575188 0.168331 0.707991
v 0.573076 0.168334 0.710516
v 0.572550 0.167962 0.709518
v 0.570339 0.169117 0.711665
v 0.569814 0.168745 0.710667
v 0.568009 0.170858 0.712244
v 0.567483 0.170485 0.711246
v 0.566327 0.173301 0.712219
v 0.565801 0.172928 0.711221
v 0.565539 0.176192 0.711556
v 0.565013 0.175820 0.710558
v 0.565837 0.179001 0.710351
v 0.565311 0.178628 0.709353
v 0.567117 0.181215 0.708851
v 0.566592 0.180843 0.707853
v 0.569178 0.182617 0.707243
v 0.568652 0.182244 0.706245
v 0.571815 0.182986 0.705716
v 0.571290 0.182613 0.704718
v 0.574552 0.182202 0.704567
v 0.574026 0.181830 0.703569
v 0.576883 0.180462 0.703988
v 0.576357 0.180090 0.702990
v 0.578565 0.178019 0.704013
v 0.578039 0.177647 0.703015
v 0.600850 0.173470 0.693971
v 0.600552 0.170662 0.695175
v 0.600026 0.170290 0.694177
v 0.600324 0.173098 0.692973
v 0.599271 0.168447 0.696676
v 0.598745 0.168075 0.695678
v 0.597211 0.167046 0.698284
v 0.596685 0.166673 0.697286
v 0.594573 0.166677 0.699811
v 0.594047 0.166304 0.698813
v 0.591836 0.167460 0.700960
v 0.591311 0.167088 0.699962
v 0.589505 0.169200 0.701539
v 0.588980 0.168828 0.700541
v 0.587824 0.171643 0.701514
v 0.587298 0.171271 0.700516
v 0.587036 0.174535 0.700850
v 0.586510 0.174163 0.699852
v 0.587334 0.177343 0.699646
v 0.586808 0.176971 0.698648
v 0.588614 0.179558 0.698146
v 0.588089 0.179185 0.697148
v 0.590675 0.180959 0.696538
v 0.590149 0.180587 0.695540
v 0.593312 0.181328 0.695011
v 0.592787 0.180956 0.694013
v 0.596049 0.180545 0.693861
v 0.595523 0.180173 0.692863
v 0.598380 0.178805 0.693283
v 0.597854 0.178432 0.692285
v 0.600061 0.176362 0.693308
v 0.599536 0.175989 0.692310
v 0.622347 0.171812 0.683266
v 0.622049 0.169004 0.684470
v 0.621523 0.168632 0.683472
v 0.621821 0.171440 0.682268
v 0.620768 0.166790 0.685971
v 0.620242 0.166417 0.684973
v 0.618708 0.165388 0.687579
v 0.618182 0.165016 0.686581
v 0.616070 0.165019 0.689106
v 0.615544 0.164647 0.688108
v 0.613333 0.165802 0.690255
v 0.612808 0.165430 0.689257
v 0.611002 0.167543 0.690834
v 0.610477 0.167170 0.689836
v 0.609321 0.169986 0.690809
v 0.608795 0.169613 0.689811
v 0.608532 0.172877 0.690145
v 0.608007 0.172505 0.689147
v 0.608830 0.175686 0.688941
v 0.608305 0.175313 0.687943
v 0.610111 0.177900 0.687441
v 0.609586 0.177528 0.686443
v 0.612172 0.179302 0.685833
v 0.611646 0.178929 0.684835
v 0.614809 0.179671 0.684306
v 0.614284 0.179298 0.683308
v 0.617546 0.178887 0.683156
v 0.617020 0.178515 0.682158
v 0.619877 0.177147 0.682578
v 0.619351 0.176775 0.681580
v 0.621558 0.174704 0.682603
v 0.621033 0.174332 0.681605
v 0.663452 0.083504 0.694548
v 0.665038 0.065065 0.700589
v 0.664512 0.064693 0.699591
v 0.662926 0.083131 0.693550
v 0.660624 0.082896 0.693437
v 0.662211 0.064458 0.699477
v 0.684406 0.081888 0.684113
v 0.685467 0.063077 0.689156
v 0.685993 0.063449 0.690154
v 0.683881 0.081516 0.683115
v 0.685131 0.081007 0.681233
v 0.686717 0.062568 0.687273
v 0.693433 0.081192 0.679618
v 0.695020 0.062753 0.685658
v 0.694494 0.062381 0.684660
v 0.692908 0.080820 0.678620
v 0.690606 0.080584 0.678506
v 0.692192 0.062146 0.684547
v 0.714643 0.079556 0.669056
v 0.715704 0.060746 0.674098
v 0.716230 0.061118 0.675096
v 0.714118 0.079184 0.668058
v 0.715368 0.078675 0.666175
v 0.716954 0.060237 0.672216
v 0.723671 0.078860 0.664560
v 0.725257 0.060422 0.670601
v 0.724731 0.060050 0.669603
v 0.723145 0.078488 0.663562
v 0.720843 0.078253 0.663449
v 0.722430 0.059815 0.669489
v 0.744625 0.077245 0.654125
v 0.745686 0.058434 0.659168
v 0.746212 0.058806 0.660166
v 0.744099 0.076872 0.653127
v 0.745350 0.076363 0.651245
v 0.746936 0.057925 0.657286
v 0.649470 0.188696 0.659855
v 0.650904 0.188586 0.659141
v 0.659231 0.091809 0.690847
v 0.658037 0.089130 0.692474
v 0.746892 0.082279 0.648226
v 0.745218 0.085179 0.648027
v 0.738325 0.181845 0.615607
v 0.736892 0.181956 0.616321
v 0.692984 0.182971 0.641898
v 0.675946 0.184284 0.650383
v 0.675420 0.183912 0.649384
v 0.692458 0.182598 0.640900
v 0.683755 0.093518 0.680119
v 0.683230 0.093146 0.679121
v 0.700793 0.092205 0.671634
v 0.700267 0.091833 0.670636
v 0.702224 0.088494 0.669437
v 0.693898 0.185271 0.637731
v 0.680727 0.090151 0.680142
v 0.672401 0.186928 0.648436
v 0.671487 0.184628 0.652603
v 0.654449 0.185942 0.661087
v 0.653923 0.185570 0.660089
v 0.670961 0.184256 0.651605
v 0.662259 0.095176 0.690823
v 0.661733 0.094804 0.689825
v 0.679296 0.093862 0.682339
v 0.678771 0.093490 0.681341
v 0.714285 0.181328 0.631290
v 0.697248 0.182642 0.639775
v 0.696722 0.182270 0.638777
v 0.713760 0.180956 0.630292
v 0.705057 0.091876 0.669511
v 0.704532 0.091504 0.668513
v 0.722095 0.090562 0.661026
v 0.721569 0.090190 0.660028
v 0.723721 0.086836 0.658732
v 0.715395 0.183613 0.627026
v 0.702224 0.088494 0.669437
v 0.693898 0.185271 0.637731
v 0.735782 0.179671 0.620585
v 0.718745 0.180984 0.629070
v 0.718219 0.180612 0.628072
v 0.735257 0.179298 0.619587
v 0.726554 0.090218 0.658806
v 0.726028 0.089846 0.657808
v 0.743592 0.088905 0.650321
v 0.743066 0.088533 0.649323
v 0.745218 0.085179 0.648027
v 0.736891 0.181956 0.616321
v 0.745568 0.094079 0.647351
v 0.659580 0.100709 0.690171
v 0.658529 0.099965 0.688175
v 0.744516 0.093335 0.645355
v 0.659400 0.102807 0.689483
v 0.745387 0.096177 0.646663
v 0.744336 0.095433 0.644667
v 0.658348 0.102063 0.687487
v 0.741248 0.144292 0.630901
v 0.655260 0.150922 0.673721
v 0.654209 0.150177 0.671725
v 0.740196 0.143547 0.628904
v 0.655063 0.153212 0.672970
v 0.741050 0.146582 0.630150
v 0.739999 0.145838 0.628154
v 0.654011 0.152468 0.670974
v 0.738961 0.170870 0.622193
v 0.652973 0.177500 0.665013
v 0.651922 0.176756 0.663017
v 0.737909 0.170126 0.620197
v 0.652693 0.180751 0.663948
v 0.738681 0.174121 0.621128
v 0.737630 0.173376 0.619132
v 0.651642 0.180006 0.661952
v 0.740589 0.151944 0.628393
v 0.654602 0.158574 0.671213
v 0.653550 0.157830 0.669217
v 0.739538 0.151200 0.626397
v 0.654411 0.160784 0.670489
v 0.740399 0.154154 0.627669
v 0.739348 0.153410 0.625673
v 0.653360 0.160040 0.668494
v 0.661377 0.100240 0.688269
v 0.742710 0.093969 0.647766
v 0.743171 0.088607 0.649523
v 0.661838 0.094878 0.690025
v 0.654029 0.185644 0.660289
v 0.735362 0.179373 0.619787
v 0.738193 0.146472 0.630566
v 0.656859 0.152743 0.671068
v 0.671139 0.168050 0.658969
v 0.670841 0.165242 0.660173
v 0.670315 0.164870 0.659175
v 0.670613 0.167678 0.657971
v 0.669560 0.163028 0.661673
v 0.669034 0.162655 0.660675
v 0.667500 0.161626 0.663281
v 0.666974 0.161254 0.662283
v 0.664862 0.161257 0.664808
v 0.664336 0.160885 0.663810
v 0.662125 0.162040 0.665958
v 0.661600 0.161668 0.664960
v 0.659794 0.163781 0.666537
v 0.659269 0.163408 0.665539
v 0.658113 0.166224 0.666511
v 0.657587 0.165851 0.665513
v 0.657325 0.169115 0.665848
v 0.656799 0.168743 0.664850
v 0.657623 0.171923 0.664644
v 0.657097 0.171551 0.663646
v 0.658903 0.174138 0.663143
v 0.658378 0.173766 0.662145
v 0.660964 0.175540 0.661535
v 0.660438 0.175167 0.660537
v 0.663601 0.175909 0.660008
v 0.663076 0.175536 0.659010
v 0.666338 0.175125 0.658859
v 0.665812 0.174753 0.657861
v 0.668669 0.173385 0.658280
v 0.668143 0.173013 0.657282
v 0.670350 0.170942 0.658306
v 0.669825 0.170570 0.657308
v 0.692636 0.166393 0.648264
v 0.692338 0.163585 0.649468
v 0.691812 0.163212 0.648470
v 0.692110 0.166020 0.647266
v 0.691057 0.161370 0.650968
v 0.690531 0.160998 0.649970
v 0.688996 0.159969 0.652576
v 0.688471 0.159596 0.651578
v 0.686359 0.159600 0.654103
v 0.685833 0.159227 0.653105
v 0.683622 0.160383 0.655253
v 0.683097 0.160011 0.654255
v 0.681291 0.162123 0.655831
v 0.680766 0.161751 0.654833
v 0.679610 0.164566 0.655806
v 0.679084 0.164194 0.654808
v 0.678821 0.167458 0.655143
v 0.678296 0.167086 0.654145
v 0.679119 0.170266 0.653939
v 0.678594 0.169894 0.652941
v 0.680400 0.172480 0.652438
v 0.679875 0.172108 0.651440
v 0.682461 0.173882 0.650830
v 0.681935 0.173510 0.649832
v 0.685098 0.174251 0.649303
v 0.684573 0.173879 0.648305
v 0.687835 0.173468 0.648154
v 0.687309 0.173095 0.647156
v 0.690166 0.171728 0.647575
v 0.689640 0.171355 0.646577
v 0.691847 0.169285 0.647601
v 0.691322 0.168912 0.646603
v 0.714133 0.164735 0.637559
v 0.713835 0.161927 0.638763
v 0.713309 0.161555 0.637765
v 0.713607 0.164363 0.636561
v 0.712554 0.159713 0.640263
v 0.712028 0.159340 0.639265
v 0.710493 0.158311 0.641871
v 0.709968 0.157939 0.640873
v 0.707856 0.157942 0.643398
v 0.707330 0.157570 0.642400
v 0.705119 0.158725 0.644548
v 0.704594 0.158353 0.643550
v 0.702788 0.160466 0.645126
v 0.702263 0.160093 0.644128
v 0.701107 0.162908 0.645101
v 0.700581 0.162536 0.644103
v 0.700318 0.165800 0.644438
v 0.699793 0.165428 0.643440
v 0.700616 0.168608 0.643234
v 0.700091 0.168236 0.642236
v 0.701897 0.170823 0.641733
v 0.701372 0.170451 0.640735
v 0.703958 0.172225 0.640125
v 0.703432 0.171852 0.639127
v 0.706595 0.172594 0.638598
v 0.706070 0.172221 0.637600
v 0.709332 0.171810 0.637449
v 0.708806 0.171438 0.636451
v 0.711663 0.170070 0.636870
v 0.711137 0.169698 0.635872
v 0.713344 0.167627 0.636895
v 0.712819 0.167255 0.635898
v 0.735630 0.163078 0.626854
v 0.735332 0.160270 0.628058
v 0.734806 0.159897 0.627060
v 0.735104 0.162705 0.625856
v 0.734051 0.158055 0.629558
v 0.733525 0.157683 0.628560
v 0.731990 0.156654 0.631166
v 0.731465 0.156281 0.630168
v 0.729353 0.156285 0.632693
v 0.728827 0.155912 0.631695
v 0.726616 0.157068 0.633843
v 0.726090 0.156696 0.632845
v 0.724285 0.158808 0.634421
v 0.723759 0.158436 0.633424
v 0.722604 0.161251 0.634396
v 0.722078 0.160879 0.633398
v 0.721815 0.164143 0.633733
v 0.721290 0.163771 0.632735
v 0.722113 0.166951 0.632529
v 0.721588 0.166579 0.631531
v 0.723394 0.169165 0.631028
v 0.722868 0.168793 0.630030
v 0.725455 0.170567 0.629420
v 0.724929 0.170195 0.628422
v 0.728092 0.170936 0.627893
v 0.727566 0.170564 0.626895
v 0.730829 0.170153 0.626744
v 0.730303 0.169780 0.625746
v 0.733160 0.168413 0.626165
v 0.732634 0.168040 0.625167
v 0.734841 0.165970 0.626191
v 0.734315 0.165597 0.625193
v 0.776190 0.074811 0.638407
v 0.777777 0.056372 0.644447
v 0.777251 0.056000 0.643449
v 0.775665 0.074439 0.637409
v 0.773363 0.074203 0.637295
v 0.774949 0.055765 0.643336
v 0.797145 0.073195 0.627972
v 0.798206 0.054385 0.633014
v 0.798731 0.054757 0.634012
v 0.796619 0.072823 0.626974
v 0.797869 0.072314 0.625091
v 0.799456 0.053876 0.631132
v 0.806172 0.072499 0.623476
v 0.807758 0.054061 0.629517
v 0.807233 0.053689 0.628519
v 0.805646 0.072127 0.622478
v 0.803345 0.071892 0.622365
v 0.804931 0.053453 0.628405
v 0.827382 0.070864 0.612914
v 0.828443 0.052053 0.617957
v 0.828969 0.052425 0.618955
v 0.826856 0.070492 0.611916
v 0.828107 0.069982 0.610034
v 0.829693 0.051544 0.616074
v 0.836409 0.070168 0.608419
v 0.837996 0.051729 0.614459
v 0.837470 0.051357 0.613461
v 0.835884 0.069796 0.607421
v 0.833582 0.069560 0.607307
v 0.835168 0.051122 0.613348
v 0.857364 0.068552 0.597984
v 0.858425 0.049741 0.603026
v 0.858950 0.050114 0.604024
v 0.856838 0.068180 0.596986
v 0.858088 0.067671 0.595103
v 0.859675 0.049232 0.601144
v 0.762209 0.180004 0.603714
v 0.763643 0.179893 0.603000
v 0.771969 0.083116 0.634705
v 0.770775 0.080438 0.636333
v 0.859630 0.073587 0.592085
v 0.857957 0.076486 0.591885
v 0.851064 0.173153 0.559466
v 0.849630 0.173263 0.560180
v 0.805722 0.174278 0.585757
v 0.788684 0.175592 0.594241
v 0.788159 0.175220 0.593243
v 0.805197 0.173906 0.584759
v 0.796494 0.084826 0.623977
v 0.795968 0.084454 0.622979
v 0.813532 0.083512 0.615493
v 0.813006 0.083140 0.614495
v 0.814963 0.079801 0.613295
v 0.806636 0.176578 0.581590
v 0.793466 0.081459 0.624000
v 0.785139 0.178236 0.592295
v 0.784225 0.175936 0.596462
v 0.767188 0.177249 0.604946
v 0.766662 0.176877 0.603948
v 0.783700 0.175563 0.595464
v 0.774997 0.086483 0.634682
v 0.774472 0.086111 0.633684
v 0.792035 0.085170 0.626198
v 0.791509 0.084797 0.625200
v 0.827024 0.172636 0.575149
v 0.809986 0.173949 0.583633
v 0.809461 0.173577 0.582635
v 0.826498 0.172263 0.574151
v 0.817796 0.083183 0.613369
v 0.817270 0.082811 0.612371
v 0.834834 0.081870 0.604885
v 0.834308 0.081497 0.603887
v 0.836460 0.078144 0.602590
v 0.828133 0.174921 0.570885
v 0.814963 0.079801 0.613295
v 0.806636 0.176578 0.581590
v 0.848521 0.170978 0.564444
v 0.831483 0.172292 0.572928
v 0.830958 0.171919 0.571930
v 0.847995 0.170606 0.563446
v 0.839293 0.081526 0.602664
v 0.838767 0.081154 0.601666
v 0.856330 0.080212 0.594180
v 0.855805 0.079840 0.593182
v 0.857957 0.076486 0.591885
v 0.849630 0.173263 0.560180
v 0.858306 0.085386 0.591209
v 0.772319 0.092016 0.634029
v 0.771268 0.091272 0.632033
v 0.857255 0.084642 0.589213
v 0.772138 0.094115 0.633342
v 0.858126 0.087485 0.590522
v 0.857075 0.086740 0.588526
v 0.771087 0.093370 0.631346
v 0.853986 0.135599 0.574759
v 0.767999 0.142229 0.617579
v 0.766947 0.141485 0.615583
v 0.852935 0.134854 0.572763
v 0.767802 0.144519 0.616829
v 0.853789 0.137889 0.574009
v 0.852738 0.137145 0.572013
v 0.766750 0.143775 0.614833
v 0.851699 0.162177 0.566051
v 0.765712 0.168807 0.608872
v 0.764660 0.168063 0.606876
v 0.850648 0.161433 0.564056
v 0.765432 0.172058 0.607807
v 0.851420 0.165428 0.564987
v 0.850368 0.164684 0.562991
v 0.764381 0.171314 0.605811
v 0.853328 0.143252 0.572252
v 0.767340 0.149882 0.615072
v 0.766289 0.149137 0.613076
v 0.852276 0.142507 0.570256
v 0.767150 0.152091 0.614348
v 0.853138 0.145461 0.571528
v 0.852086 0.144717 0.569532
v 0.766099 0.151347 0.612352
v 0.774115 0.091548 0.632127
v 0.855449 0.085277 0.591625
v 0.855910 0.079914 0.593381
v 0.774577 0.086186 0.633884
v 0.766767 0.176952 0.604148
v 0.848101 0.170680 0.563645
v 0.850931 0.137780 0.574424
v 0.769598 0.144051 0.614926
v 0.783878 0.159358 0.602827
v 0.783580 0.156549 0.604031
v 0.783054 0.156177 0.603033
v 0.783352 0.158985 0.601829
v 0.782299 0.154335 0.605532
v 0.781773 0.153963 0.604534
v 0.780238 0.152933 0.607140
v 0.779712 0.152561 0.606142
v 0.777601 0.152564 0.608667
v 0.777075 0.152192 0.607669
v 0.774864 0.153348 0.609816
v 0.774338 0.152976 0.608818
v 0.772533 0.155088 0.610395
v 0.772007 0.154716 0.609397
v 0.770852 0.157531 0.610370
v 0.770326 0.157159 0.609372
v 0.770063 0.160423 0.609706
v 0.769538 0.160051 0.608708
v 0.770361 0.163231 0.608502
v 0.769836 0.162859 0.607504
v 0.771642 0.165445 0.607002
v 0.771116 0.165073 0.606004
v 0.773703 0.166847 0.605394
v 0.773177 0.166475 0.604396
v 0.776340 0.167216 0.603867
v 0.775814 0.166844 0.602869
v 0.779077 0.166432 0.602717
v 0.778551 0.166060 0.601719
v 0.781408 0.164692 0.602139
v 0.780882 0.164320 0.601141
v 0.783089 0.162249 0.602164
v 0.782563 0.161877 0.601166
v 0.805375 0.157700 0.592122
v 0.805076 0.154892 0.593326
v 0.804551 0.154520 0.592328
v 0.804849 0.157328 0.591124
v 0.803796 0.152677 0.594827
v 0.803270 0.152305 0.593829
v 0.801735 0.151276 0.596435
v 0.801209 0.150904 0.595437
v 0.799098 0.150907 0.597962
v 0.798572 0.150535 0.596964
v 0.796361 0.151690 0.599111
v 0.795835 0.151318 0.598113
v 0.794030 0.153430 0.599690
v 0.793504 0.153058 0.598692
v 0.792349 0.155873 0.599665
v 0.791823 0.155501 0.598667
v 0.791560 0.158765 0.599001
v 0.791034 0.158393 0.598003
v 0.791858 0.161573 0.597797
v 0.791332 0.161201 0.596799
v 0.793139 0.163788 0.596297
v 0.792613 0.163416 0.595299
v 0.795199 0.165189 0.594689
v 0.794674 0.164817 0.593691
v 0.797837 0.165558 0.593162
v 0.797311 0.165186 0.592164
v 0.800574 0.164775 0.592012
v 0.800048 0.164403 0.591014
v 0.802904 0.163035 0.591434
v 0.802379 0.162663 0.590436
v 0.804586 0.160592 0.591459
v 0.804060 0.160220 0.590461
v 0.826871 0.156043 0.581417
v 0.826573 0.153234 0.582621
v 0.826048 0.152862 0.581623
v 0.826346 0.155670 0.580419
v 0.825293 0.151020 0.584122
v 0.824767 0.150648 0.583124
v 0.823232 0.149618 0.585730
v 0.822706 0.149246 0.584732
v 0.820595 0.149249 0.587257
v 0.820069 0.148877 0.586259
v 0.817858 0.150033 0.588406
v 0.817332 0.149661 0.587408
v 0.815527 0.151773 0.588985
v 0.815001 0.151401 0.587987
v 0.813845 0.154216 0.588960
v 0.813320 0.153844 0.587962
v 0.813057 0.157108 0.588296
v 0.812531 0.156735 0.587298
v 0.813355 0.159916 0.587092
v 0.812829 0.159544 0.586094
v 0.814636 0.162130 0.585592
v 0.814110 0.161758 0.584594
v 0.816696 0.163532 0.583984
v 0.816171 0.163160 0.582986
v 0.819334 0.163901 0.582457
v 0.818808 0.163529 0.581459
v 0.822071 0.163117 0.581307
v 0.821545 0.162745 0.580309
v 0.824401 0.161377 0.580729
v 0.823876 0.161005 0.579731
v 0.826083 0.158934 0.580754
v 0.825557 0.158562 0.579756
v 0.848368 0.154385 0.570712
v 0.848070 0.151577 0.571916
v 0.847545 0.151205 0.570918
v 0.847843 0.154013 0.569714
v 0.846789 0.149362 0.573417
v 0.846264 0.148990 0.572419
v 0.844729 0.147961 0.575025
v 0.844203 0.147589 0.574027
v 0.842091 0.147592 0.576552
v 0.841566 0.147220 0.575554
v 0.839355 0.148375 0.577701
v 0.838829 0.148003 0.576703
v 0.837024 0.150115 0.578280
v 0.836498 0.149743 0.577282
v 0.835342 0.152558 0.578255
v 0.834817 0.152186 0.577257
v 0.834554 0.155450 0.577591
v 0.834028 0.155078 0.576593
v 0.834852 0.158258 0.576387
v 0.834326 0.157886 0.575389
v 0.836133 0.160473 0.574887
v 0.835607 0.160101 0.573889
v 0.838193 0.161874 0.573279
v 0.837667 0.161502 0.572281
v 0.840831 0.162243 0.571752
v 0.840305 0.161871 0.570754
v 0.843567 0.161460 0.570602
v 0.843042 0.161088 0.569604
v 0.845898 0.159720 0.570024
v 0.845373 0.159348 0.569026
v 0.847580 0.157277 0.570049
v 0.847054 0.156905 0.569051
v 0.888902 0.066120 0.582278
v 0.890488 0.047682 0.588319
v 0.889963 0.047310 0.587321
v 0.888376 0.065748 0.581280
v 0.886075 0.065513 0.581167
v 0.887661 0.047074 0.587207
v 0.909857 0.064505 0.571844
v 0.910917 0.045694 0.576886
v 0.911443 0.046066 0.577884
v 0.909331 0.064132 0.570845
v 0.910581 0.063623 0.568963
v 0.912167 0.045185 0.575004
v 0.918884 0.063809 0.567348
v 0.920470 0.045370 0.573389
v 0.919944 0.044998 0.572391
v 0.918358 0.063436 0.566350
v 0.916056 0.063201 0.566237
v 0.917643 0.044763 0.572277
v 0.940094 0.062173 0.556786
v 0.941155 0.043363 0.561829
v 0.941680 0.043735 0.562827
v 0.939568 0.061801 0.555788
v 0.940818 0.061292 0.553906
v 0.942405 0.042854 0.559946
v 0.949121 0.061477 0.552291
v 0.950707 0.043039 0.558331
v 0.950182 0.042667 0.557333
v 0.948595 0.061105 0.551293
v 0.946294 0.060870 0.551179
v 0.947880 0.042431 0.557220
v 0.970076 0.059861 0.541856
v 0.971136 0.041051 0.546898
v 0.971662 0.041423 0.547896
v 0.969550 0.059489 0.540858
v 0.970800 0.058980 0.538975
v 0.972387 0.040542 0.545016
v 0.874920 0.171313 0.547586
v 0.876354 0.171203 0.546872
v 0.884681 0.074425 0.578577
v 0.883487 0.071747 0.580205
v 0.972342 0.064896 0.535957
v 0.970669 0.067795 0.535757
v 0.963776 0.164462 0.503338
v 0.962342 0.164573 0.504052
v 0.918434 0.165587 0.529628
v 0.901396 0.166901 0.538113
v 0.900871 0.166529 0.537115
v 0.917908 0.165215 0.528630
v 0.909206 0.076135 0.567849
v 0.908680 0.075763 0.566851
v 0.926243 0.074822 0.559364
v 0.925718 0.074449 0.558366
v 0.927675 0.071110 0.557167
v 0.919348 0.167888 0.525462
v 0.906178 0.072768 0.567872
v 0.897851 0.169545 0.536167
v 0.896937 0.167245 0.540333
v 0.879899 0.168559 0.548818
v 0.879374 0.168186 0.547820
v 0.896411 0.166873 0.539335
v 0.887709 0.077793 0.578554
v 0.887183 0.077421 0.577556
v 0.904747 0.076479 0.570069
v 0.904221 0.076107 0.569071
v 0.939736 0.163945 0.519021
v 0.922698 0.165259 0.527505
v 0.922172 0.164886 0.526507
v 0.939210 0.163573 0.518023
v 0.930508 0.074493 0.557241
v 0.929982 0.074121 0.556243
v 0.947545 0.073179 0.548757
v 0.947019 0.072807 0.547759
v 0.949172 0.069453 0.546462
v 0.940845 0.166230 0.514757
v 0.927675 0.071111 0.557167
v 0.919348 0.167888 0.525462
v 0.961233 0.162287 0.508316
v 0.944195 0.163601 0.516800
v 0.943669 0.163229 0.515802
v 0.960707 0.161915 0.507318
v 0.952004 0.072835 0.546536
v 0.951479 0.072463 0.545538
v 0.969042 0.071522 0.538052
v 0.968516 0.071149 0.537054
v 0.970669 0.067795 0.535757
v 0.962342 0.164573 0.504052
v 0.971018 0.076696 0.535081
v 0.885031 0.083326 0.577901
v 0.883979 0.082581 0.575905
v 0.969967 0.075951 0.533085
v 0.884850 0.085424 0.577214
v 0.970838 0.078794 0.534394
v 0.969786 0.078050 0.532398
v 0.883799 0.084680 0.575218
v 0.966698 0.126908 0.518631
v 0.880710 0.133538 0.561451
v 0.879659 0.132794 0.559455
v 0.965647 0.126164 0.516635
v 0.880513 0.135829 0.560701
v 0.966501 0.129199 0.517880
v 0.965449 0.128454 0.515884
v 0.879462 0.135084 0.558704
v 0.964411 0.153487 0.509923
v 0.878423 0.160117 0.552743
v 0.877372 0.159372 0.550747
v 0.963360 0.152742 0.507927
v 0.878144 0.163367 0.551679
v 0.964131 0.156737 0.508858
v 0.963080 0.155993 0.506862
v 0.877092 0.162623 0.549682
v 0.966039 0.134561 0.516124
v 0.880052 0.141191 0.558944
v 0.879000 0.140447 0.556948
v 0.964988 0.133817 0.514128
v 0.879862 0.143401 0.558220
v 0.965849 0.136771 0.515400
v 0.964798 0.136026 0.513404
v 0.878810 0.142656 0.556224
v 0.886827 0.082857 0.575999
v 0.968160 0.076586 0.535497
v 0.968622 0.071224 0.537253
v 0.887288 0.077495 0.577756
v 0.879479 0.168261 0.548020
v 0.960812 0.161990 0.507517
v 0.963643 0.129089 0.518296
v 0.882310 0.135360 0.558798
v 0.896589 0.150667 0.546699
v 0.896291 0.147859 0.547903
v 0.895765 0.147487 0.546905
v 0.896064 0.150295 0.545701
v 0.895010 0.145644 0.549404
v 0.894485 0.145272 0.548406
v 0.892950 0.144243 0.551012
v 0.892424 0.143871 0.550014
v 0.890312 0.143874 0.552539
v 0.889787 0.143502 0.551541
v 0.887576 0.144657 0.553688
v 0.887050 0.144285 0.552690
v 0.885245 0.146397 0.554267
v 0.884719 0.146025 0.553269
v 0.883563 0.148840 0.554242
v 0.883038 0.148468 0.553244
v 0.882775 0.151732 0.553578
v 0.882249 0.151360 0.552580
v 0.883073 0.154540 0.552374
v 0.882547 0.154168 0.551376
v 0.884354 0.156755 0.550874
v 0.883828 0.156383 0.549876
v 0.886414 0.158156 0.549266
v 0.885889 0.157784 0.548268
v 0.889052 0.158525 0.547739
v 0.888526 0.158153 0.546741
v 0.891788 0.157742 0.546589
v 0.891263 0.157370 0.545591
v 0.894119 0.156002 0.546011
v 0.893594 0.155630 0.545013
v 0.895801 0.153559 0.546036
v 0.895275 0.153187 0.545038
v 0.918086 0.149009 0.535994
v 0.917788 0.146201 0.537198
v 0.917262 0.145829 0.536200
v 0.917560 0.148637 0.534996
v 0.916507 0.143987 0.538699
v 0.915982 0.143615 0.537701
v 0.914447 0.142585 0.540307
v 0.913921 0.142213 0.539309
v 0.911809 0.142216 0.541834
v 0.911284 0.141844 0.540836
v 0.909073 0.143000 0.542983
v 0.908547 0.142628 0.541985
v 0.906742 0.144740 0.543562
v 0.906216 0.144368 0.542564
v 0.905060 0.147183 0.543536
v 0.904535 0.146811 0.542539
v 0.904272 0.150075 0.542873
v 0.903746 0.149702 0.541875
v 0.904570 0.152883 0.541669
v 0.904044 0.152511 0.540671
v 0.905851 0.155097 0.540169
v 0.905325 0.154725 0.539171
v 0.907911 0.156499 0.538561
v 0.907385 0.156127 0.537563
v 0.910549 0.156868 0.537034
v 0.910023 0.156496 0.536036
v 0.913285 0.156084 0.535884
v 0.912760 0.155712 0.534886
v 0.915616 0.154344 0.535306
v 0.915091 0.153972 0.534308
v 0.917298 0.151901 0.535331
v 0.916772 0.151529 0.534333
v 0.939583 0.147352 0.525289
v 0.939285 0.144544 0.526493
v 0.938759 0.144172 0.525495
v 0.939057 0.146980 0.524291
v 0.938004 0.142329 0.527994
v 0.937479 0.141957 0.526996
v 0.935944 0.140928 0.529602
v 0.935418 0.140556 0.528604
v 0.933306 0.140559 0.531129
v 0.932781 0.140187 0.530131
v 0.930570 0.141342 0.532278
v 0.930044 0.140970 0.531280
v 0.928239 0.143082 0.532857
v 0.927713 0.142710 0.531859
v 0.926557 0.145525 0.532831
v 0.926031 0.145153 0.531833
v 0.925769 0.148417 0.532168
v 0.925243 0.148045 0.531170
v 0.926067 0.151225 0.530964
v 0.925541 0.150853 0.529966
v 0.927348 0.153440 0.529464
v 0.926822 0.153068 0.528466
v 0.929408 0.154841 0.527856
v 0.928882 0.154469 0.526858
v 0.932046 0.155210 0.526329
v 0.931520 0.154838 0.525331
v 0.934782 0.154427 0.525179
v 0.934257 0.154055 0.524181
v 0.937113 0.152687 0.524601
v 0.936587 0.152315 0.523602
v 0.938795 0.150244 0.524626
v 0.938269 0.149872 0.523628
v 0.961080 0.145694 0.514584
v 0.960782 0.142886 0.515788
v 0.960256 0.142514 0.514790
v 0.960554 0.145322 0.513586
v 0.959501 0.140672 0.517289
v 0.958975 0.140300 0.516291
v 0.957441 0.139270 0.518897
v 0.956915 0.138898 0.517899
v 0.954803 0.138901 0.520424
v 0.954277 0.138529 0.519426
v 0.952066 0.139685 0.521573
v 0.951541 0.139312 0.520575
v 0.949735 0.141425 0.522152
v 0.949210 0.141053 0.521154
v 0.948054 0.143868 0.522126
v 0.947528 0.143496 0.521128
v 0.947266 0.146760 0.521463
v 0.946740 0.146387 0.520465
v 0.947564 0.149568 0.520259
v 0.947038 0.149196 0.519261
v 0.948844 0.151782 0.518759
v 0.948319 0.151410 0.517761
v 0.950905 0.153184 0.517151
v 0.950379 0.152812 0.516153
v 0.953542 0.153553 0.515624
v 0.953017 0.153181 0.514626
v 0.956279 0.152769 0.514474
v 0.955753 0.152397 0.513476
v 0.958610 0.151029 0.513896
v 0.958084 0.150657 0.512897
v 0.960292 0.148586 0.513921
v 0.959766 0.148214 0.512923
v 0.990454 0.058290 0.531708
v 0.992040 0.039852 0.537748
v 0.991515 0.039480 0.536750
v 0.989928 0.057918 0.530710
v 0.987627 0.057683 0.530596
v 0.989213 0.039244 0.536637
v 1.011409 0.056675 0.521273
v 1.012469 0.037864 0.526315
v 1.012995 0.038236 0.527313
v 1.010883 0.056302 0.520275
v 1.012133 0.055793 0.518392
v 1.013720 0.037355 0.524433
v 1.020436 0.055978 0.516777
v 1.022022 0.037540 0.522818
v 1.021497 0.037168 0.521820
v 1.019910 0.055606 0.515779
v 1.017609 0.055371 0.515666
v 1.019195 0.036933 0.521706
v 1.041813 0.054330 0.506132
v 1.042874 0.035520 0.511175
v 1.043399 0.035892 0.512173
v 1.041287 0.053958 0.505134
v 1.042538 0.053449 0.503252
v 1.044124 0.035011 0.509292
v 0.986482 0.135974 0.502002
v 0.987916 0.135863 0.501288
v 0.993927 0.066002 0.524175
v 0.992733 0.063324 0.525803
v 1.038044 0.059830 0.503238
v 1.036371 0.062730 0.503039
v 1.031793 0.132480 0.479437
v 1.030360 0.132591 0.480151
v 0.991525 0.132466 0.503481
v 0.996954 0.069369 0.524152
v 0.996429 0.068997 0.523154
v 0.991000 0.132094 0.502483
v 0.993926 0.066002 0.524175
v 0.987916 0.135863 0.501288
v 1.013247 0.068113 0.516038
v 1.007818 0.131210 0.495367
v 1.007293 0.130838 0.494369
v 1.012722 0.067741 0.515040
v 1.014874 0.064387 0.513744
v 1.008863 0.134248 0.490856
v 1.029315 0.129552 0.484662
v 1.012278 0.130866 0.493146
v 1.011752 0.130494 0.492148
v 1.028790 0.129180 0.483664
v 1.017707 0.067769 0.513818
v 1.017181 0.067397 0.512820
v 1.034744 0.066456 0.505333
v 1.034218 0.066084 0.504335
v 1.036371 0.062730 0.503039
v 1.036720 0.071630 0.502363
v 0.994276 0.074903 0.523499
v 0.993225 0.074158 0.521503
v 1.035669 0.070886 0.500367
v 0.994096 0.077001 0.522812
v 1.036540 0.073728 0.501675
v 1.035488 0.072984 0.499679
v 0.993044 0.076256 0.520816
v 1.032400 0.121842 0.485913
v 0.989956 0.125115 0.507049
v 0.988904 0.124371 0.505053
v 1.031348 0.121098 0.483917
v 0.989759 0.127406 0.506298
v 1.032203 0.124133 0.485162
v 1.031151 0.123389 0.483166
v 0.988707 0.126661 0.504302
v 0.996073 0.074434 0.521597
v 1.033862 0.071520 0.502778
v 1.034324 0.066158 0.504535
v 0.996534 0.069072 0.523354
v 0.991105 0.132168 0.502682
v 1.028895 0.129255 0.483864
v 1.029356 0.123893 0.485621
v 0.991566 0.126806 0.504439
v 1.013266 0.067699 0.514769
v 1.015418 0.064345 0.513473
v 0.993921 0.066003 0.524178
v 0.996228 0.069013 0.523254
vn 0.8930 -0.0689 -0.4447
vn 0.0784 -0.3043 -0.9494
vn 0.0779 -0.3043 -0.9494
vn -0.8930 0.0689 0.4447
vn -0.8381 -0.2336 -0.4930
vn -0.8378 -0.2337 -0.4934
vn -0.8378 -0.2337 -0.4933
vn -0.4426 -0.3133 -0.8402
vn -0.4430 -0.3133 -0.8400
vn 0.0815 -0.9471 0.3103
vn -0.0815 0.9471 -0.3103
vn -0.7818 -0.2539 -0.5696
vn -0.7822 -0.2537 -0.5691
vn -0.4409 0.0634 -0.8953
vn -0.4410 0.0631 -0.8953
vn -0.0143 -0.3124 -0.9498
vn -0.0134 -0.3123 -0.9499
vn -0.3908 -0.6086 -0.6905
vn -0.3909 -0.6084 -0.6907
vn -0.7817 -0.2539 -0.5697
vn -0.4409 0.0635 -0.8953
vn -0.0142 -0.3124 -0.9498
vn -0.7620 -0.2599 -0.5932
vn -0.7624 -0.2598 -0.5927
vn 0.0224 -0.3095 -0.9506
vn 0.0234 -0.3094 -0.9506
vn -0.0815 0.9472 -0.3102
vn -0.7621 -0.2599 -0.5931
vn 0.0225 -0.3095 -0.9506
vn 0.0237 -0.3094 -0.9506
vn -0.3909 -0.6082 -0.6908
vn 0.8552 -0.4293 -0.2904
vn 0.6891 -0.7184 -0.0950
vn 0.4200 -0.9003 0.1145
vn -0.2697 -0.8471 0.4580
vn -0.5738 -0.6210 0.5339
vn -0.7923 -0.3022 0.5300
vn -0.8931 0.0692 0.4446
vn -0.8552 0.4293 0.2904
vn -0.6891 0.7184 0.0951
vn -0.6888 0.7187 0.0948
vn -0.4200 0.9003 -0.1145
vn -0.0818 0.9472 -0.3101
vn 0.2697 0.8471 -0.4580
vn 0.5738 0.6210 -0.5339
vn 0.7923 0.3022 -0.5300
vn -0.4432 -0.3133 -0.8399
vn -0.4434 -0.3133 -0.8398
vn -0.6891 0.7184 0.0950
vn -0.4423 -0.3134 -0.8404
vn -0.4435 -0.3133 -0.8397
vn 0.5738 0.6211 -0.5339
vn 0.7923 0.3023 -0.5300
vn 0.8930 -0.0688 -0.4447
vn 0.8552 -0.4292 -0.2904
vn -0.5738 -0.6211 0.5339
vn -0.6889 0.7187 0.0948
vn 0.0778 -0.3043 -0.9494
vn -0.4421 -0.3134 -0.8405
vn -0.4429 -0.3133 -0.8401
vn -0.4035 -0.5599 -0.7237
vn -0.7819 -0.2538 -0.5694
vn -0.0138 -0.3124 -0.9499
vn -0.4411 0.0631 -0.8952
vn -0.4410 0.0630 -0.8953
vn 0.0222 -0.3095 -0.9506
vn 0.0229 -0.3095 -0.9506
vn -0.8377 -0.2338 -0.4935
vn -0.8381 -0.2336 -0.4929
vn -0.8379 -0.2337 -0.4933
vn -0.4419 -0.3134 -0.8406
vn 0.0775 -0.3044 -0.9494
vn 0.0786 -0.3042 -0.9493
vn 0.0788 -0.3042 -0.9493
vn -0.8376 -0.2338 -0.4937
vn -0.8383 -0.2335 -0.4926
vn -0.8375 -0.2339 -0.4939
vn -0.8382 -0.2336 -0.4928
vn -0.4421 -0.3134 -0.8404
vn -0.7815 -0.2539 -0.5699
vn -0.7827 -0.2536 -0.5684
vn -0.7827 -0.2535 -0.5684
vn -0.3908 -0.6087 -0.6905
vn -0.3908 -0.6088 -0.6904
vn -0.7621 -0.2598 -0.5930
vn 0.0230 -0.3095 -0.9506
vn -0.7622 -0.2598 -0.5930
vn 0.0818 -0.9472 0.3101
vn -0.2697 -0.8471 0.4579
vn -0.8930 0.0688 0.4447
vn -0.8552 0.4292 0.2904
vn -0.6893 0.7182 0.0952
vn -0.4416 -0.3134 -0.8407
vn 0.6893 -0.7182 -0.0952
vn -0.2700 -0.8469 0.4581
vn -0.6894 0.7181 0.0953
vn 0.2700 0.8469 -0.4581
vn 0.2701 0.8469 -0.4581
vn -0.4418 -0.3134 -0.8406
vn 0.6894 -0.7181 -0.0953
vn -0.6893 0.7181 0.0953
vn -0.7814 -0.2540 -0.5700
vn -0.7826 -0.2536 -0.5685
vn -0.7815 -0.2540 -0.5699
vn -0.7819 -0.2538 -0.5693
vn -0.7822 -0.2537 -0.5690
vn 0.0233 -0.3094 -0.9506
vn -0.7815 -0.2539 -0.5698
vn -0.7827 -0.2536 -0.5685
vn -0.7622 -0.2598 -0.5929
vn 0.2697 0.8471 -0.4579
vn 0.6893 -0.7181 -0.0953
vn -0.2701 -0.8469 0.4581
vn 0.0776 -0.3044 -0.9494
vn -0.0145 -0.3124 -0.9498
vn -0.7619 -0.2599 -0.5933
vn 0.0227 -0.3095 -0.9506
vn -0.4036 -0.5597 -0.7238
vt 0.176900 0.444700
vt 0.176900 0.517600
vt 0.162500 0.444700
vt 0.162500 0.517600
vt 0.347000 0.444700
vt 0.347000 0.517600
vt 0.361400 0.444700
vt 0.361400 0.517600
vt 0.420200 0.444700
vt 0.420200 0.517600
vt 0.405800 0.444700
vt 0.405800 0.517600
vt 0.592400 0.444700
vt 0.592400 0.517600
vt 0.606800 0.444700
vt 0.606800 0.517600
vt 0.665600 0.444700
vt 0.665600 0.517600
vt 0.651200 0.444700
vt 0.651200 0.517600
vt 0.835700 0.444700
vt 0.835700 0.517600
vt 0.850100 0.444700
vt 0.850100 0.517600
vt 0.145700 0.026900
vt 0.157400 0.026900
vt 0.157400 0.409700
vt 0.145700 0.420700
vt 0.866800 0.420700
vt 0.855200 0.409700
vt 0.866800 0.026900
vt 0.855200 0.026900
vt 0.488100 0.039700
vt 0.349800 0.039700
vt 0.349800 0.398600
vt 0.488100 0.398600
vt 0.506300 0.409700
vt 0.506300 0.026900
vt 0.331800 0.409700
vt 0.331800 0.026900
vt 0.313600 0.039700
vt 0.175400 0.039700
vt 0.175400 0.398600
vt 0.313600 0.398600
vt 0.661000 0.039700
vt 0.522700 0.039700
vt 0.522700 0.398600
vt 0.661000 0.398600
vt 0.680800 0.409700
vt 0.680800 0.026900
vt 0.835400 0.039700
vt 0.697200 0.039700
vt 0.697200 0.398600
vt 0.835400 0.398600
vt 0.855200 0.377400
vt 0.157400 0.377400
vt 0.157400 0.369100
vt 0.855200 0.369100
vt 0.855200 0.178800
vt 0.157400 0.178800
vt 0.157400 0.169800
vt 0.855200 0.169800
vt 0.855200 0.073700
vt 0.157400 0.073700
vt 0.157400 0.060900
vt 0.855200 0.060900
vt 0.855200 0.148600
vt 0.157400 0.148600
vt 0.157400 0.139800
vt 0.855200 0.139800
vt 0.175400 0.377400
vt 0.835400 0.377400
vt 0.835400 0.169800
vt 0.175400 0.169800
vt 0.299100 0.105800
vt 0.294700 0.117000
vt 0.282700 0.126200
vt 0.264900 0.132500
vt 0.243100 0.134700
vt 0.221300 0.132500
vt 0.203500 0.126200
vt 0.191400 0.117000
vt 0.187000 0.105800
vt 0.191400 0.094500
vt 0.203500 0.085300
vt 0.221300 0.079100
vt 0.243100 0.076800
vt 0.264900 0.079100
vt 0.282700 0.085300
vt 0.294700 0.094500
vt 0.473600 0.105800
vt 0.469200 0.117000
vt 0.457200 0.126200
vt 0.439400 0.132500
vt 0.417500 0.134700
vt 0.395700 0.132500
vt 0.377900 0.126200
vt 0.365900 0.117000
vt 0.361500 0.105800
vt 0.365900 0.094500
vt 0.377900 0.085300
vt 0.395700 0.079100
vt 0.417500 0.076800
vt 0.439400 0.079100
vt 0.457200 0.085300
vt 0.469200 0.094500
vt 0.648100 0.105800
vt 0.643700 0.117000
vt 0.631600 0.126200
vt 0.613800 0.132500
vt 0.592000 0.134700
vt 0.570200 0.132500
vt 0.552400 0.126200
vt 0.540400 0.117000
vt 0.536000 0.105800
vt 0.540400 0.094500
vt 0.552400 0.085300
vt 0.570200 0.079100
vt 0.592000 0.076800
vt 0.613800 0.079100
vt 0.631600 0.085300
vt 0.643700 0.094500
vt 0.822500 0.105800
vt 0.818100 0.117000
vt 0.806100 0.126200
vt 0.788300 0.132500
vt 0.766500 0.134700
vt 0.744700 0.132500
vt 0.726800 0.126200
vt 0.714800 0.117000
vt 0.710400 0.105800
vt 0.714800 0.094500
vt 0.726800 0.085300
vt 0.744700 0.079100
vt 0.766500 0.076800
vt 0.788300 0.079100
vt 0.806100 0.085300
vt 0.818100 0.094500
vt 0.183000 0.444700
vt 0.183000 0.517600
vt 0.168800 0.444700
vt 0.168800 0.517600
vt 0.349500 0.444700
vt 0.349500 0.517600
vt 0.363600 0.444700
vt 0.363600 0.517600
vt 0.421300 0.444700
vt 0.421300 0.517600
vt 0.407200 0.444700
vt 0.407200 0.517600
vt 0.589900 0.444700
vt 0.589900 0.517600
vt 0.604000 0.444700
vt 0.604000 0.517600
vt 0.661600 0.444700
vt 0.661600 0.517600
vt 0.647500 0.444700
vt 0.647500 0.517600
vt 0.828200 0.444700
vt 0.828200 0.517600
vt 0.842300 0.444700
vt 0.842300 0.517600
vt 0.152400 0.133400
vt 0.163800 0.133400
vt 0.163800 0.409700
vt 0.152400 0.420700
vt 0.858700 0.420700
vt 0.847300 0.409700
vt 0.858700 0.133400
vt 0.847300 0.133400
vt 0.487700 0.149100
vt 0.352300 0.149100
vt 0.352300 0.398600
vt 0.487700 0.398600
vt 0.505600 0.409700
vt 0.505600 0.133400
vt 0.334700 0.409700
vt 0.334700 0.133400
vt 0.316900 0.149100
vt 0.181400 0.149100
vt 0.181400 0.398600
vt 0.316900 0.398600
vt 0.657100 0.149100
vt 0.521600 0.149100
vt 0.521600 0.398600
vt 0.657100 0.398600
vt 0.676400 0.409700
vt 0.676400 0.133400
vt 0.827900 0.149100
vt 0.692500 0.149100
vt 0.692500 0.398600
vt 0.827900 0.398600
vt 0.847300 0.377400
vt 0.163800 0.377400
vt 0.163800 0.369100
vt 0.847300 0.369100
vt 0.847300 0.178800
vt 0.163800 0.178800
vt 0.163800 0.169800
vt 0.847300 0.169800
vt 0.181400 0.377400
vt 0.827900 0.377400
vt 0.827900 0.170300
vt 0.181400 0.170300
s 1
usemtl 3d66_Standardmaterial_17342430_087
f 1/1/1 2/2/1 3/2/1
f 1/1/1 3/2/1 4/1/1
f 5/3/2 4/1/2 3/2/3
f 6/4/3 5/3/2 3/2/3
f 7/5/4 8/6/4 9/6/4
f 7/5/4 10/5/4 8/6/4
f 11/7/5 8/6/5 10/5/5
f 12/8/6 8/6/6 11/7/6
f 13/9/1 14/10/1 15/10/1
f 13/9/1 15/10/1 16/9/1
f 17/11/2 16/9/2 15/10/3
f 18/12/3 17/11/2 15/10/3
f 19/13/4 20/14/4 21/14/4
f 19/13/4 22/13/4 20/14/4
f 23/15/5 20/14/5 22/13/5
f 24/16/6 20/14/6 23/15/6
f 25/17/1 26/18/1 27/18/1
f 25/17/1 27/18/1 28/17/1
f 29/19/2 28/17/2 27/18/3
f 30/20/3 29/19/2 27/18/3
f 31/21/4 32/22/4 33/22/4
f 31/21/4 34/21/4 32/22/4
f 35/23/5 32/22/5 34/21/5
f 36/24/7 32/22/7 35/23/7
f 37/25/8 38/26/8 39/27/8
f 40/28/8 37/25/8 39/27/8
f 41/29/8 40/28/8 39/27/8
f 41/29/8 39/27/8 42/30/9
f 43/31/8 41/29/8 42/30/9
f 43/31/8 42/30/9 44/32/8
f 45/33/10 46/34/10 47/34/10
f 45/33/10 47/34/10 48/33/10
f 46/34/1 49/35/1 50/35/1
f 46/34/1 50/35/1 47/34/1
f 49/35/11 51/36/11 52/36/11
f 49/35/11 52/36/11 50/35/11
f 51/36/4 45/33/4 48/33/4
f 51/36/4 48/33/4 52/36/4
f 52/36/12 48/33/12 53/37/12
f 54/38/13 53/37/13 48/33/13
f 52/36/14 53/37/14 55/39/14
f 50/35/15 52/36/15 55/39/15
f 50/35/16 55/39/16 56/40/16
f 47/34/17 50/35/17 56/40/17
f 56/40/18 54/38/19 48/33/19
f 56/40/18 48/33/19 47/34/18
f 57/41/10 58/42/10 59/42/10
f 57/41/10 59/42/10 60/41/10
f 58/42/1 61/43/1 62/43/1
f 58/42/1 62/43/1 59/42/1
f 61/43/11 63/44/11 64/44/11
f 61/43/11 64/44/11 62/43/11
f 63/44/4 57/41/4 60/41/4
f 63/44/4 60/41/4 64/44/4
f 64/44/20 60/41/20 65/39/20
f 56/40/13 65/39/13 60/41/13
f 64/44/21 65/39/21 66/27/21
f 62/43/15 64/44/15 66/27/15
f 62/43/22 66/27/22 67/26/22
f 59/42/17 62/43/17 67/26/17
f 67/26/19 56/40/18 60/41/19
f 67/26/19 60/41/19 59/42/18
f 68/45/10 69/46/10 70/46/10
f 68/45/10 70/46/10 71/45/10
f 69/46/1 72/47/1 73/47/1
f 69/46/1 73/47/1 70/46/1
f 72/47/11 74/48/11 75/48/11
f 72/47/11 75/48/11 73/47/11
f 74/48/4 68/45/4 71/45/4
f 74/48/4 71/45/4 75/48/4
f 75/48/23 71/45/23 76/49/23
f 77/50/24 76/49/24 71/45/24
f 75/48/21 76/49/21 78/37/21
f 73/47/15 75/48/15 78/37/15
f 73/47/25 78/37/25 54/38/25
f 70/46/26 73/47/26 54/38/26
f 54/38/18 77/50/19 71/45/18
f 54/38/18 71/45/18 70/46/18
f 79/51/10 80/52/10 81/52/10
f 79/51/10 81/52/10 82/51/10
f 80/52/1 83/53/1 84/53/1
f 80/52/1 84/53/1 81/52/1
f 83/53/27 85/54/27 86/54/27
f 83/53/27 86/54/27 84/53/27
f 85/54/4 79/51/4 82/51/4
f 85/54/4 82/51/4 86/54/4
f 86/54/28 82/51/28 87/30/28
f 88/32/24 87/30/24 82/51/24
f 86/54/14 87/30/14 76/49/14
f 84/53/14 86/54/14 76/49/14
f 84/53/29 76/49/29 89/50/29
f 81/52/30 84/53/30 89/50/30
f 89/50/18 88/32/31 82/51/31
f 89/50/18 82/51/31 81/52/18
f 90/55/10 91/56/10 92/56/10
f 90/55/10 92/56/10 93/55/10
f 94/57/11 95/58/11 96/58/11
f 94/57/11 96/58/11 97/57/11
f 97/57/8 96/58/8 93/55/8
f 97/57/8 93/55/8 92/56/8
f 98/59/10 99/60/10 100/60/10
f 98/59/10 100/60/10 101/59/10
f 102/61/11 103/62/11 104/62/11
f 102/61/11 104/62/11 105/61/11
f 105/61/8 104/62/8 101/59/8
f 105/61/8 101/59/8 100/60/8
f 106/63/10 107/64/10 108/64/10
f 106/63/10 108/64/10 109/63/10
f 110/65/11 111/66/11 112/66/11
f 110/65/11 112/66/11 113/65/11
f 113/65/8 112/66/8 109/63/8
f 113/65/8 109/63/8 108/64/8
f 114/67/10 115/68/10 116/68/10
f 114/67/10 116/68/10 117/67/10
f 118/69/11 119/70/11 120/70/11
f 118/69/11 120/70/11 121/69/11
f 121/69/8 120/70/8 117/67/8
f 121/69/8 117/67/8 116/68/8
f 122/71/8 123/72/8 124/54/8
f 122/71/8 124/54/8 125/43/8
f 126/42/8 127/51/8 128/73/8
f 126/42/8 128/73/8 129/74/8
f 130/75/1 131/76/32 132/76/32
f 130/75/1 132/76/32 133/75/1
f 131/76/32 134/77/33 135/77/33
f 131/76/32 135/77/33 132/76/32
f 134/77/33 136/78/34 137/78/34
f 134/77/33 137/78/34 135/77/33
f 136/78/34 138/79/10 139/79/10
f 136/78/34 139/79/10 137/78/34
f 138/79/10 140/80/35 141/80/35
f 138/79/10 141/80/35 139/79/10
f 140/80/35 142/81/36 143/81/36
f 140/80/35 143/81/36 141/80/35
f 142/81/36 144/82/37 145/82/37
f 142/81/36 145/82/37 143/81/36
f 144/82/37 146/83/38 147/83/4
f 144/82/37 147/83/4 145/82/37
f 146/83/38 148/84/39 149/84/39
f 146/83/38 149/84/39 147/83/4
f 148/84/39 150/85/40 151/85/41
f 148/84/39 151/85/41 149/84/39
f 150/85/40 152/86/42 153/86/42
f 150/85/40 153/86/42 151/85/41
f 152/86/42 154/87/11 155/87/43
f 152/86/42 155/87/43 153/86/42
f 154/87/11 156/88/44 157/88/44
f 154/87/11 157/88/44 155/87/43
f 156/88/44 158/89/45 159/89/45
f 156/88/44 159/89/45 157/88/44
f 158/89/45 160/90/46 161/90/46
f 158/89/45 161/90/46 159/89/45
f 160/90/46 130/75/1 133/75/1
f 160/90/46 133/75/1 161/90/46
f 153/86/8 155/87/8 157/88/8
f 151/85/8 153/86/8 157/88/8
f 151/85/8 157/88/8 159/89/8
f 149/84/8 151/85/8 159/89/8
f 147/83/8 149/84/8 159/89/8
f 145/82/8 147/83/8 159/89/8
f 143/81/8 145/82/8 159/89/8
f 141/80/8 143/81/8 159/89/8
f 139/79/8 141/80/8 159/89/8
f 137/78/47 139/79/8 159/89/8
f 135/77/8 137/78/47 159/89/8
f 132/76/48 135/77/8 159/89/8
f 133/75/8 132/76/48 159/89/8
f 161/90/8 133/75/8 159/89/8
f 162/91/1 163/92/32 164/92/32
f 162/91/1 164/92/32 165/91/1
f 163/92/32 166/93/33 167/93/33
f 163/92/32 167/93/33 164/92/32
f 166/93/33 168/94/34 169/94/34
f 166/93/33 169/94/34 167/93/33
f 168/94/34 170/95/10 171/95/10
f 168/94/34 171/95/10 169/94/34
f 170/95/10 172/96/35 173/96/35
f 170/95/10 173/96/35 171/95/10
f 172/96/35 174/97/36 175/97/36
f 172/96/35 175/97/36 173/96/35
f 174/97/36 176/98/37 177/98/37
f 174/97/36 177/98/37 175/97/36
f 176/98/37 178/99/38 179/99/4
f 176/98/37 179/99/4 177/98/37
f 178/99/38 180/100/39 181/100/39
f 178/99/38 181/100/39 179/99/4
f 180/100/39 182/101/49 183/101/49
f 180/100/39 183/101/49 181/100/39
f 182/101/49 184/102/42 185/102/42
f 182/101/49 185/102/42 183/101/49
f 184/102/42 186/103/11 187/103/43
f 184/102/42 187/103/43 185/102/42
f 186/103/11 188/104/44 189/104/44
f 186/103/11 189/104/44 187/103/43
f 188/104/44 190/105/45 191/105/45
f 188/104/44 191/105/45 189/104/44
f 190/105/45 192/106/46 193/106/46
f 190/105/45 193/106/46 191/105/45
f 192/106/46 162/91/1 165/91/1
f 192/106/46 165/91/1 193/106/46
f 185/102/8 187/103/8 189/104/8
f 183/101/8 185/102/8 189/104/8
f 183/101/8 189/104/8 191/105/8
f 181/100/8 183/101/8 191/105/8
f 179/99/8 181/100/8 191/105/8
f 177/98/50 179/99/8 191/105/8
f 175/97/8 177/98/50 191/105/8
f 173/96/8 175/97/8 191/105/8
f 171/95/8 173/96/8 191/105/8
f 169/94/47 171/95/8 191/105/8
f 167/93/8 169/94/47 191/105/8
f 164/92/51 167/93/8 191/105/8
f 165/91/8 164/92/51 191/105/8
f 193/106/8 165/91/8 191/105/8
f 194/107/1 195/108/32 196/108/32
f 194/107/1 196/108/32 197/107/1
f 195/108/32 198/109/33 199/109/33
f 195/108/32 199/109/33 196/108/32
f 198/109/33 200/110/34 201/110/34
f 198/109/33 201/110/34 199/109/33
f 200/110/34 202/111/10 203/111/10
f 200/110/34 203/111/10 201/110/34
f 202/111/10 204/112/35 205/112/35
f 202/111/10 205/112/35 203/111/10
f 204/112/35 206/113/36 207/113/36
f 204/112/35 207/113/36 205/112/35
f 206/113/36 208/114/37 209/114/37
f 206/113/36 209/114/37 207/113/36
f 208/114/37 210/115/38 211/115/4
f 208/114/37 211/115/4 209/114/37
f 210/115/38 212/116/39 213/116/39
f 210/115/38 213/116/39 211/115/4
f 212/116/39 214/117/49 215/117/41
f 212/116/39 215/117/41 213/116/39
f 214/117/49 216/118/42 217/118/42
f 214/117/49 217/118/42 215/117/41
f 216/118/42 218/119/11 219/119/43
f 216/118/42 219/119/43 217/118/42
f 218/119/11 220/120/44 221/120/44
f 218/119/11 221/120/44 219/119/43
f 220/120/44 222/121/52 223/121/52
f 220/120/44 223/121/52 221/120/44
f 222/121/52 224/122/53 225/122/53
f 222/121/52 225/122/53 223/121/52
f 224/122/53 194/107/1 197/107/1
f 224/122/53 197/107/1 225/122/53
f 217/118/8 219/119/8 221/120/8
f 215/117/8 217/118/8 221/120/8
f 215/117/8 221/120/8 223/121/8
f 213/116/8 215/117/8 223/121/8
f 211/115/8 213/116/8 223/121/8
f 209/114/50 211/115/8 223/121/8
f 207/113/8 209/114/50 223/121/8
f 205/112/8 207/113/8 223/121/8
f 203/111/8 205/112/8 223/121/8
f 201/110/47 203/111/8 223/121/8
f 199/109/8 201/110/47 223/121/8
f 196/108/48 199/109/8 223/121/8
f 197/107/8 196/108/48 223/121/8
f 225/122/8 197/107/8 223/121/8
f 226/123/54 227/124/55 228/124/32
f 226/123/54 228/124/32 229/123/1
f 227/124/55 230/125/33 231/125/33
f 227/124/55 231/125/33 228/124/32
f 230/125/33 232/126/34 233/126/34
f 230/125/33 233/126/34 231/125/33
f 232/126/34 234/127/10 235/127/10
f 232/126/34 235/127/10 233/126/34
f 234/127/10 236/128/35 237/128/35
f 234/127/10 237/128/35 235/127/10
f 236/128/35 238/129/56 239/129/56
f 236/128/35 239/129/56 237/128/35
f 238/129/56 240/130/37 241/130/37
f 238/129/56 241/130/37 239/129/56
f 240/130/37 242/131/38 243/131/4
f 240/130/37 243/131/4 241/130/37
f 242/131/38 244/132/39 245/132/39
f 242/131/38 245/132/39 243/131/4
f 244/132/39 246/133/49 247/133/57
f 244/132/39 247/133/57 245/132/39
f 246/133/49 248/134/42 249/134/42
f 246/133/49 249/134/42 247/133/57
f 248/134/42 250/135/11 251/135/43
f 248/134/42 251/135/43 249/134/42
f 250/135/11 252/136/44 253/136/44
f 250/135/11 253/136/44 251/135/43
f 252/136/44 254/137/45 255/137/45
f 252/136/44 255/137/45 253/136/44
f 254/137/45 256/138/46 257/138/46
f 254/137/45 257/138/46 255/137/45
f 256/138/46 226/123/54 229/123/1
f 256/138/46 229/123/1 257/138/46
f 249/134/8 251/135/8 253/136/8
f 247/133/8 249/134/8 253/136/8
f 247/133/8 253/136/8 255/137/8
f 245/132/8 247/133/8 255/137/8
f 243/131/8 245/132/8 255/137/8
f 241/130/8 243/131/8 255/137/8
f 239/129/8 241/130/8 255/137/8
f 237/128/8 239/129/8 255/137/8
f 235/127/8 237/128/8 255/137/8
f 233/126/47 235/127/8 255/137/8
f 231/125/8 233/126/47 255/137/8
f 228/124/51 231/125/8 255/137/8
f 229/123/8 228/124/51 255/137/8
f 257/138/8 229/123/8 255/137/8
f 258/139/1 259/140/1 260/140/1
f 258/139/1 260/140/1 261/139/1
f 262/141/2 261/139/2 260/140/3
f 263/142/3 262/141/2 260/140/3
f 264/143/4 265/144/4 266/144/4
f 264/143/4 267/143/4 265/144/4
f 268/145/5 265/144/5 267/143/5
f 269/146/6 265/144/6 268/145/6
f 270/147/1 271/148/1 272/148/1
f 270/147/1 272/148/1 273/147/1
f 274/149/2 273/147/2 272/148/3
f 275/150/3 274/149/2 272/148/3
f 276/151/4 277/152/4 278/152/4
f 276/151/4 279/151/4 277/152/4
f 280/153/5 277/152/5 279/151/5
f 281/154/6 277/152/6 280/153/6
f 282/155/1 283/156/1 284/156/1
f 282/155/1 284/156/1 285/155/1
f 286/157/2 285/155/2 284/156/3
f 287/158/58 286/157/2 284/156/3
f 288/159/4 289/160/4 290/160/4
f 288/159/4 291/159/4 289/160/4
f 292/161/5 289/160/5 291/159/5
f 293/162/7 289/160/7 292/161/7
f 294/163/8 295/164/8 296/165/59
f 297/166/50 294/163/8 296/165/59
f 298/167/60 297/166/50 296/165/59
f 298/167/60 296/165/59 299/168/9
f 300/169/8 298/167/60 299/168/9
f 300/169/8 299/168/9 301/170/8
f 302/171/10 303/172/10 304/172/10
f 302/171/10 304/172/10 305/171/10
f 303/172/1 306/173/1 307/173/1
f 303/172/1 307/173/1 304/172/1
f 306/173/11 308/174/11 309/174/11
f 306/173/11 309/174/11 307/173/11
f 308/174/4 302/171/4 305/171/4
f 308/174/4 305/171/4 309/174/4
f 309/174/13 305/171/13 310/175/13
f 311/176/13 310/175/13 305/171/13
f 309/174/21 310/175/21 312/177/15
f 307/173/15 309/174/21 312/177/15
f 307/173/17 312/177/17 313/178/17
f 304/172/17 307/173/17 313/178/17
f 313/178/61 311/176/61 305/171/61
f 313/178/61 305/171/61 304/172/61
f 314/179/10 315/180/10 316/180/10
f 314/179/10 316/180/10 317/179/10
f 315/180/1 318/181/1 319/181/1
f 315/180/1 319/181/1 316/180/1
f 318/181/11 320/182/11 321/182/11
f 318/181/11 321/182/11 319/181/11
f 320/182/4 314/179/4 317/179/4
f 320/182/4 317/179/4 321/182/4
f 321/182/13 317/179/62 312/177/13
f 313/178/62 312/177/13 317/179/62
f 321/182/21 312/177/21 322/165/21
f 319/181/21 321/182/21 322/165/21
f 319/181/63 322/165/63 323/164/63
f 316/180/17 319/181/17 323/164/17
f 323/164/61 313/178/61 317/179/61
f 323/164/61 317/179/61 316/180/61
f 324/183/10 325/184/10 326/184/10
f 324/183/10 326/184/10 327/183/10
f 325/184/1 328/185/1 329/185/1
f 325/184/1 329/185/1 326/184/1
f 328/185/11 330/186/11 331/186/11
f 328/185/11 331/186/11 329/185/11
f 330/186/4 324/183/4 327/183/4
f 330/186/4 327/183/4 331/186/4
f 331/186/24 327/183/24 332/187/24
f 333/188/24 332/187/24 327/183/24
f 331/186/64 332/187/64 310/175/64
f 329/185/65 331/186/65 310/175/65
f 329/185/66 310/175/66 334/176/66
f 326/184/26 329/185/26 334/176/26
f 334/176/61 333/188/61 327/183/61
f 334/176/61 327/183/61 326/184/61
f 335/189/10 336/190/10 337/190/10
f 335/189/10 337/190/10 338/189/10
f 336/190/1 339/191/1 340/191/1
f 336/190/1 340/191/1 337/190/1
f 339/191/11 341/192/11 342/192/11
f 339/191/11 342/192/11 340/191/11
f 341/192/4 335/189/4 338/189/4
f 341/192/4 338/189/4 342/192/4
f 342/192/28 338/189/28 343/168/28
f 344/170/24 343/168/24 338/189/24
f 342/192/14 343/168/15 332/187/15
f 340/191/14 342/192/14 332/187/15
f 340/191/67 332/187/26 333/188/26
f 337/190/26 340/191/67 333/188/26
f 333/188/61 344/170/61 338/189/61
f 333/188/61 338/189/61 337/190/61
f 345/193/10 346/194/10 347/194/10
f 345/193/10 347/194/10 348/193/10
f 349/195/11 350/196/11 351/196/11
f 349/195/11 351/196/11 352/195/11
f 352/195/8 351/196/8 348/193/8
f 352/195/8 348/193/8 347/194/8
f 353/197/10 354/198/10 355/198/10
f 353/197/10 355/198/10 356/197/10
f 357/199/11 358/200/11 359/200/11
f 357/199/11 359/200/11 360/199/11
f 360/199/8 359/200/8 356/197/8
f 360/199/8 356/197/8 355/198/8
f 361/201/8 362/202/8 363/192/8
f 361/201/8 363/192/8 364/181/8
f 365/180/8 366/189/8 367/203/8
f 365/180/8 367/203/8 368/204/8
f 369/139/1 370/140/1 371/140/1
f 369/139/1 371/140/1 372/139/1
f 373/141/2 372/139/2 371/140/3
f 374/142/3 373/141/2 371/140/3
f 375/143/4 376/144/4 377/144/4
f 375/143/4 378/143/4 376/144/4
f 379/145/5 376/144/5 378/143/5
f 380/146/68 376/144/68 379/145/68
f 381/147/1 382/148/1 383/148/1
f 381/147/1 383/148/1 384/147/1
f 385/149/2 384/147/2 383/148/3
f 386/150/3 385/149/2 383/148/3
f 387/159/4 388/160/4 389/160/4
f 387/159/4 390/159/4 388/160/4
f 391/161/69 388/160/69 390/159/69
f 392/162/70 388/160/70 391/161/70
f 393/163/8 394/164/8 395/165/71
f 396/166/50 393/163/8 395/165/71
f 397/167/60 396/166/50 395/165/71
f 397/167/60 395/165/71 398/168/9
f 399/169/8 397/167/60 398/168/9
f 399/169/8 398/168/9 400/170/8
f 401/180/1 402/181/1 403/181/1
f 401/180/1 403/181/1 404/180/1
f 403/181/17 395/165/17 394/164/17
f 404/180/17 403/181/17 394/164/17
f 405/186/4 406/183/4 407/183/4
f 405/186/4 407/183/4 408/186/4
f 408/186/24 407/183/24 409/187/24
f 410/188/24 409/187/24 407/183/24
f 411/189/10 412/190/10 413/190/10
f 411/189/10 413/190/10 414/189/10
f 412/190/1 415/191/1 416/191/1
f 412/190/1 416/191/1 413/190/1
f 415/191/11 417/192/11 418/192/11
f 415/191/11 418/192/11 416/191/11
f 417/192/4 411/189/4 414/189/4
f 417/192/4 414/189/4 418/192/4
f 418/192/28 414/189/28 419/168/28
f 420/170/24 419/168/24 414/189/24
f 418/192/21 419/168/21 409/187/21
f 416/191/14 418/192/14 409/187/14
f 416/191/26 409/187/26 410/188/26
f 413/190/26 416/191/26 410/188/26
f 410/188/61 420/170/61 414/189/61
f 410/188/61 414/189/61 413/190/61
f 421/193/10 422/194/10 423/194/10
f 421/193/10 423/194/10 424/193/10
f 425/195/11 426/196/11 427/196/11
f 425/195/11 427/196/11 428/195/11
f 428/195/8 427/196/8 424/193/8
f 428/195/8 424/193/8 423/194/8
f 429/197/10 430/198/10 431/198/10
f 429/197/10 431/198/10 432/197/10
f 433/199/11 434/200/11 435/200/11
f 433/199/11 435/200/11 436/199/11
f 436/199/8 435/200/8 432/197/8
f 436/199/8 432/197/8 431/198/8
f 437/201/8 438/202/8 439/192/8
f 437/201/8 439/192/8 440/181/8
f 441/180/8 442/189/8 443/203/8
f 441/180/8 443/203/8 444/204/8
f 445/192/14 446/168/14 447/187/14
f 448/191/15 445/192/14 447/187/14
f 449/1/1 450/2/1 451/2/1
f 449/1/1 451/2/1 452/1/1
f 453/3/72 452/1/72 451/2/73
f 454/4/74 453/3/72 451/2/73
f 455/5/4 456/6/4 457/6/4
f 455/5/4 458/5/4 456/6/4
f 459/7/75 456/6/75 458/5/75
f 460/8/76 456/6/76 459/7/76
f 461/9/1 462/10/1 463/10/1
f 461/9/1 463/10/1 464/9/1
f 465/11/72 464/9/72 463/10/73
f 466/12/74 465/11/72 463/10/73
f 467/13/4 468/14/4 469/14/4
f 467/13/4 470/13/4 468/14/4
f 471/15/75 468/14/75 470/13/75
f 472/16/76 468/14/76 471/15/76
f 473/17/1 474/18/1 475/18/1
f 473/17/1 475/18/1 476/17/1
f 477/19/72 476/17/72 475/18/73
f 478/20/74 477/19/72 475/18/73
f 479/21/4 480/22/4 481/22/4
f 479/21/4 482/21/4 480/22/4
f 483/23/77 480/22/77 482/21/77
f 484/24/78 480/22/78 483/23/78
f 485/25/8 486/26/8 487/27/8
f 488/28/8 485/25/8 487/27/8
f 489/29/8 488/28/8 487/27/8
f 489/29/8 487/27/8 490/30/79
f 491/31/8 489/29/8 490/30/79
f 491/31/8 490/30/79 492/32/8
f 493/33/10 494/34/10 495/34/10
f 493/33/10 495/34/10 496/33/10
f 494/34/1 497/35/1 498/35/1
f 494/34/1 498/35/1 495/34/1
f 497/35/11 499/36/11 500/36/11
f 497/35/11 500/36/11 498/35/11
f 499/36/4 493/33/4 496/33/4
f 499/36/4 496/33/4 500/36/4
f 500/36/80 496/33/80 501/37/80
f 502/38/81 501/37/81 496/33/81
f 500/36/15 501/37/15 503/39/15
f 498/35/15 500/36/15 503/39/15
f 498/35/63 503/39/63 504/40/63
f 495/34/63 498/35/63 504/40/63
f 504/40/19 502/38/19 496/33/19
f 504/40/19 496/33/19 495/34/19
f 505/41/10 506/42/10 507/42/10
f 505/41/10 507/42/10 508/41/10
f 506/42/1 509/43/1 510/43/1
f 506/42/1 510/43/1 507/42/1
f 509/43/11 511/44/11 512/44/11
f 509/43/11 512/44/11 510/43/11
f 511/44/4 505/41/4 508/41/4
f 511/44/4 508/41/4 512/44/4
f 512/44/80 508/41/81 503/39/80
f 504/40/82 503/39/80 508/41/81
f 512/44/15 503/39/15 513/27/15
f 510/43/15 512/44/15 513/27/15
f 510/43/63 513/27/63 514/26/63
f 507/42/63 510/43/63 514/26/63
f 514/26/19 504/40/83 508/41/19
f 514/26/19 508/41/19 507/42/84
f 515/45/10 516/46/10 517/46/10
f 515/45/10 517/46/10 518/45/10
f 516/46/1 519/47/1 520/47/1
f 516/46/1 520/47/1 517/46/1
f 519/47/11 521/48/11 522/48/11
f 519/47/11 522/48/11 520/47/11
f 521/48/4 515/45/4 518/45/4
f 521/48/4 518/45/4 522/48/4
f 522/48/85 518/45/85 523/49/85
f 524/50/85 523/49/85 518/45/85
f 522/48/15 523/49/15 525/37/15
f 520/47/15 522/48/15 525/37/15
f 520/47/86 525/37/86 526/38/86
f 517/46/86 520/47/86 526/38/86
f 526/38/19 524/50/19 518/45/19
f 526/38/19 518/45/19 517/46/84
f 527/51/10 528/52/10 529/52/10
f 527/51/10 529/52/10 530/51/10
f 528/52/1 531/53/1 532/53/1
f 528/52/1 532/53/1 529/52/1
f 531/53/11 533/54/11 534/54/11
f 531/53/11 534/54/11 532/53/11
f 533/54/4 527/51/4 530/51/4
f 533/54/4 530/51/4 534/54/4
f 534/54/87 530/51/87 535/30/87
f 536/32/87 535/30/87 530/51/87
f 534/54/15 535/30/15 523/49/15
f 532/53/15 534/54/15 523/49/15
f 532/53/86 523/49/86 524/50/86
f 529/52/86 532/53/86 524/50/86
f 524/50/19 536/32/83 530/51/83
f 524/50/19 530/51/83 529/52/83
f 537/55/10 538/56/10 539/56/10
f 537/55/10 539/56/10 540/55/10
f 541/57/11 542/58/11 543/58/11
f 541/57/11 543/58/11 544/57/11
f 544/57/8 543/58/8 540/55/8
f 544/57/8 540/55/8 539/56/8
f 545/59/10 546/60/10 547/60/10
f 545/59/10 547/60/10 548/59/10
f 549/61/11 550/62/11 551/62/11
f 549/61/11 551/62/11 552/61/11
f 552/61/8 551/62/8 548/59/8
f 552/61/8 548/59/8 547/60/8
f 553/63/10 554/64/10 555/64/10
f 553/63/10 555/64/10 556/63/10
f 557/65/11 558/66/11 559/66/11
f 557/65/11 559/66/11 560/65/11
f 560/65/8 559/66/8 556/63/8
f 560/65/8 556/63/8 555/64/8
f 561/67/10 562/68/10 563/68/10
f 561/67/10 563/68/10 564/67/10
f 565/69/11 566/70/11 567/70/11
f 565/69/11 567/70/11 568/69/11
f 568/69/8 567/70/8 564/67/8
f 568/69/8 564/67/8 563/68/8
f 569/71/8 570/72/8 571/54/8
f 569/71/8 571/54/8 572/43/8
f 573/42/8 574/51/8 575/73/8
f 573/42/8 575/73/8 576/74/8
f 577/75/54 578/76/55 579/76/32
f 577/75/54 579/76/32 580/75/1
f 578/76/55 581/77/33 582/77/33
f 578/76/55 582/77/33 579/76/32
f 581/77/33 583/78/34 584/78/34
f 581/77/33 584/78/34 582/77/33
f 583/78/34 585/79/88 586/79/88
f 583/78/34 586/79/88 584/78/34
f 585/79/88 587/80/89 588/80/89
f 585/79/88 588/80/89 586/79/88
f 587/80/89 589/81/36 590/81/36
f 587/80/89 590/81/36 588/80/89
f 589/81/36 591/82/37 592/82/37
f 589/81/36 592/82/37 590/81/36
f 591/82/37 593/83/90 594/83/4
f 591/82/37 594/83/4 592/82/37
f 593/83/90 595/84/91 596/84/39
f 593/83/90 596/84/39 594/83/4
f 595/84/91 597/85/92 598/85/49
f 595/84/91 598/85/49 596/84/39
f 597/85/92 599/86/42 600/86/42
f 597/85/92 600/86/42 598/85/49
f 599/86/42 601/87/11 602/87/43
f 599/86/42 602/87/43 600/86/42
f 601/87/11 603/88/44 604/88/44
f 601/87/11 604/88/44 602/87/43
f 603/88/44 605/89/45 606/89/45
f 603/88/44 606/89/45 604/88/44
f 605/89/45 607/90/46 608/90/46
f 605/89/45 608/90/46 606/89/45
f 607/90/46 577/75/54 580/75/1
f 607/90/46 580/75/1 608/90/46
f 600/86/8 602/87/8 604/88/8
f 598/85/8 600/86/8 604/88/8
f 598/85/8 604/88/8 606/89/8
f 596/84/8 598/85/8 606/89/8
f 594/83/8 596/84/8 606/89/8
f 592/82/8 594/83/8 606/89/8
f 590/81/8 592/82/8 606/89/8
f 588/80/8 590/81/8 606/89/8
f 586/79/8 588/80/8 606/89/8
f 584/78/50 586/79/8 606/89/8
f 582/77/48 584/78/50 606/89/8
f 579/76/93 582/77/48 606/89/8
f 580/75/8 579/76/93 606/89/8
f 608/90/8 580/75/8 606/89/8
f 609/91/1 610/92/55 611/92/32
f 609/91/1 611/92/32 612/91/1
f 610/92/55 613/93/94 614/93/33
f 610/92/55 614/93/33 611/92/32
f 613/93/94 615/94/34 616/94/34
f 613/93/94 616/94/34 614/93/33
f 615/94/34 617/95/88 618/95/88
f 615/94/34 618/95/88 616/94/34
f 617/95/88 619/96/95 620/96/89
f 617/95/88 620/96/89 618/95/88
f 619/96/95 621/97/36 622/97/36
f 619/96/95 622/97/36 620/96/89
f 621/97/36 623/98/37 624/98/37
f 621/97/36 624/98/37 622/97/36
f 623/98/37 625/99/90 626/99/4
f 623/98/37 626/99/4 624/98/37
f 625/99/90 627/100/91 628/100/39
f 625/99/90 628/100/39 626/99/4
f 627/100/91 629/101/96 630/101/49
f 627/100/91 630/101/49 628/100/39
f 629/101/96 631/102/42 632/102/42
f 629/101/96 632/102/42 630/101/49
f 631/102/42 633/103/43 634/103/43
f 631/102/42 634/103/43 632/102/42
f 633/103/43 635/104/97 636/104/44
f 633/103/43 636/104/44 634/103/43
f 635/104/97 637/105/45 638/105/45
f 635/104/97 638/105/45 636/104/44
f 637/105/45 639/106/46 640/106/46
f 637/105/45 640/106/46 638/105/45
f 639/106/46 609/91/1 612/91/1
f 639/106/46 612/91/1 640/106/46
f 632/102/8 634/103/8 636/104/8
f 630/101/8 632/102/8 636/104/8
f 630/101/8 636/104/8 638/105/8
f 628/100/8 630/101/8 638/105/8
f 626/99/8 628/100/8 638/105/8
f 624/98/8 626/99/8 638/105/8
f 622/97/8 624/98/8 638/105/8
f 620/96/8 622/97/8 638/105/8
f 618/95/8 620/96/8 638/105/8
f 616/94/50 618/95/8 638/105/8
f 614/93/48 616/94/50 638/105/8
f 611/92/93 614/93/48 638/105/8
f 612/91/8 611/92/93 638/105/8
f 640/106/8 612/91/8 638/105/8
f 641/107/1 642/108/32 643/108/32
f 641/107/1 643/108/32 644/107/1
f 642/108/32 645/109/94 646/109/33
f 642/108/32 646/109/33 643/108/32
f 645/109/94 647/110/34 648/110/34
f 645/109/94 648/110/34 646/109/33
f 647/110/34 649/111/88 650/111/88
f 647/110/34 650/111/88 648/110/34
f 649/111/88 651/112/95 652/112/35
f 649/111/88 652/112/35 650/111/88
f 651/112/95 653/113/56 654/113/36
f 651/112/95 654/113/36 652/112/35
f 653/113/56 655/114/37 656/114/37
f 653/113/56 656/114/37 654/113/36
f 655/114/37 657/115/4 658/115/4
f 655/114/37 658/115/4 656/114/37
f 657/115/4 659/116/39 660/116/39
f 657/115/4 660/116/39 658/115/4
f 659/116/39 661/117/96 662/117/92
f 659/116/39 662/117/92 660/116/39
f 661/117/96 663/118/42 664/118/42
f 661/117/96 664/118/42 662/117/92
f 663/118/42 665/119/11 666/119/11
f 663/118/42 666/119/11 664/118/42
f 665/119/11 667/120/98 668/120/44
f 665/119/11 668/120/44 666/119/11
f 667/120/98 669/121/45 670/121/45
f 667/120/98 670/121/45 668/120/44
f 669/121/45 671/122/46 672/122/46
f 669/121/45 672/122/46 670/121/45
f 671/122/46 641/107/1 644/107/1
f 671/122/46 644/107/1 672/122/46
f 664/118/8 666/119/8 668/120/8
f 662/117/8 664/118/8 668/120/8
f 662/117/8 668/120/8 670/121/8
f 660/116/8 662/117/8 670/121/8
f 658/115/8 660/116/8 670/121/8
f 656/114/60 658/115/8 670/121/8
f 654/113/8 656/114/60 670/121/8
f 652/112/8 654/113/8 670/121/8
f 650/111/8 652/112/8 670/121/8
f 648/110/50 650/111/8 670/121/8
f 646/109/51 648/110/50 670/121/8
f 643/108/99 646/109/51 670/121/8
f 644/107/8 643/108/99 670/121/8
f 672/122/8 644/107/8 670/121/8
f 673/123/1 674/124/55 675/124/32
f 673/123/1 675/124/32 676/123/1
f 674/124/55 677/125/100 678/125/33
f 674/124/55 678/125/33 675/124/32
f 677/125/100 679/126/34 680/126/34
f 677/125/100 680/126/34 678/125/33
f 679/126/34 681/127/88 682/127/10
f 679/126/34 682/127/10 680/126/34
f 681/127/88 683/128/89 684/128/35
f 681/127/88 684/128/35 682/127/10
f 683/128/89 685/129/56 686/129/56
f 683/128/89 686/129/56 684/128/35
f 685/129/56 687/130/37 688/130/37
f 685/129/56 688/130/37 686/129/56
f 687/130/37 689/131/4 690/131/4
f 687/130/37 690/131/4 688/130/37
f 689/131/4 691/132/91 692/132/39
f 689/131/4 692/132/39 690/131/4
f 691/132/91 693/133/101 694/133/49
f 691/132/91 694/133/49 692/132/39
f 693/133/101 695/134/42 696/134/42
f 693/133/101 696/134/42 694/133/49
f 695/134/42 697/135/11 698/135/43
f 695/134/42 698/135/43 696/134/42
f 697/135/11 699/136/44 700/136/44
f 697/135/11 700/136/44 698/135/43
f 699/136/44 701/137/52 702/137/45
f 699/136/44 702/137/45 700/136/44
f 701/137/52 703/138/46 704/138/46
f 701/137/52 704/138/46 702/137/45
f 703/138/46 673/123/1 676/123/1
f 703/138/46 676/123/1 704/138/46
f 696/134/8 698/135/8 700/136/8
f 694/133/8 696/134/8 700/136/8
f 694/133/8 700/136/8 702/137/8
f 692/132/8 694/133/8 702/137/8
f 690/131/8 692/132/8 702/137/8
f 688/130/8 690/131/8 702/137/8
f 686/129/8 688/130/8 702/137/8
f 684/128/8 686/129/8 702/137/8
f 682/127/60 684/128/8 702/137/8
f 680/126/50 682/127/60 702/137/8
f 678/125/51 680/126/50 702/137/8
f 675/124/99 678/125/51 702/137/8
f 676/123/8 675/124/99 702/137/8
f 704/138/8 676/123/8 702/137/8
f 705/1/1 706/2/1 707/2/1
f 705/1/1 707/2/1 708/1/1
f 709/3/72 708/1/72 707/2/73
f 710/4/74 709/3/72 707/2/73
f 711/5/4 712/6/4 713/6/4
f 711/5/4 714/5/4 712/6/4
f 715/7/77 712/6/77 714/5/77
f 716/8/78 712/6/78 715/7/78
f 717/9/1 718/10/1 719/10/1
f 717/9/1 719/10/1 720/9/1
f 721/11/72 720/9/72 719/10/73
f 722/12/74 721/11/72 719/10/73
f 723/13/4 724/14/4 725/14/4
f 723/13/4 726/13/4 724/14/4
f 727/15/77 724/14/77 726/13/77
f 728/16/78 724/14/78 727/15/78
f 729/17/1 730/18/1 731/18/1
f 729/17/1 731/18/1 732/17/1
f 733/19/72 732/17/72 731/18/73
f 734/20/74 733/19/72 731/18/73
f 735/21/4 736/22/4 737/22/4
f 735/21/4 738/21/4 736/22/4
f 739/23/77 736/22/77 738/21/77
f 740/24/78 736/22/78 739/23/78
f 741/25/8 742/26/8 743/27/8
f 744/28/8 741/25/8 743/27/8
f 745/29/8 744/28/8 743/27/8
f 745/29/8 743/27/8 746/30/79
f 747/31/8 745/29/8 746/30/79
f 747/31/8 746/30/79 748/32/8
f 749/33/10 750/34/10 751/34/10
f 749/33/10 751/34/10 752/33/10
f 750/34/1 753/35/1 754/35/1
f 750/34/1 754/35/1 751/34/1
f 753/35/11 755/36/11 756/36/11
f 753/35/11 756/36/11 754/35/11
f 755/36/4 749/33/4 752/33/4
f 755/36/4 752/33/4 756/36/4
f 756/36/80 752/33/80 757/37/80
f 758/38/81 757/37/81 752/33/81
f 756/36/15 757/37/15 759/39/15
f 754/35/15 756/36/15 759/39/15
f 754/35/63 759/39/63 760/40/63
f 751/34/63 754/35/63 760/40/63
f 760/40/19 758/38/84 752/33/19
f 760/40/19 752/33/19 751/34/19
f 761/41/10 762/42/10 763/42/10
f 761/41/10 763/42/10 764/41/10
f 762/42/1 765/43/1 766/43/1
f 762/42/1 766/43/1 763/42/1
f 765/43/11 767/44/11 768/44/11
f 765/43/11 768/44/11 766/43/11
f 767/44/4 761/41/4 764/41/4
f 767/44/4 764/41/4 768/44/4
f 768/44/102 764/41/103 759/39/104
f 760/40/81 759/39/104 764/41/103
f 768/44/15 759/39/15 743/27/15
f 766/43/15 768/44/15 743/27/15
f 766/43/63 743/27/63 742/26/63
f 763/42/63 766/43/63 742/26/63
f 742/26/83 760/40/19 764/41/84
f 742/26/83 764/41/84 763/42/84
f 769/45/10 770/46/10 771/46/10
f 769/45/10 771/46/10 772/45/10
f 770/46/1 773/47/1 774/47/1
f 770/46/1 774/47/1 771/46/1
f 773/47/11 775/48/11 776/48/11
f 773/47/11 776/48/11 774/47/11
f 775/48/4 769/45/4 772/45/4
f 775/48/4 772/45/4 776/48/4
f 776/48/85 772/45/85 777/49/85
f 778/50/85 777/49/85 772/45/85
f 776/48/15 777/49/15 779/37/15
f 774/47/15 776/48/15 779/37/15
f 774/47/86 779/37/86 780/38/86
f 771/46/86 774/47/86 780/38/86
f 780/38/19 778/50/83 772/45/19
f 780/38/19 772/45/19 771/46/84
f 781/51/10 782/52/10 783/52/10
f 781/51/10 783/52/10 784/51/10
f 782/52/1 785/53/1 786/53/1
f 782/52/1 786/53/1 783/52/1
f 785/53/11 787/54/11 788/54/11
f 785/53/11 788/54/11 786/53/11
f 787/54/4 781/51/4 784/51/4
f 787/54/4 784/51/4 788/54/4
f 788/54/87 784/51/87 789/30/87
f 790/32/87 789/30/87 784/51/87
f 788/54/15 789/30/15 777/49/15
f 786/53/15 788/54/15 777/49/15
f 786/53/86 777/49/86 778/50/86
f 783/52/86 786/53/86 778/50/86
f 778/50/19 790/32/84 784/51/83
f 778/50/19 784/51/83 783/52/19
f 791/55/10 792/56/10 793/56/10
f 791/55/10 793/56/10 794/55/10
f 795/57/11 796/58/11 797/58/11
f 795/57/11 797/58/11 798/57/11
f 798/57/8 797/58/8 794/55/8
f 798/57/8 794/55/8 793/56/8
f 799/59/10 800/60/10 801/60/10
f 799/59/10 801/60/10 802/59/10
f 803/61/11 804/62/11 805/62/11
f 803/61/11 805/62/11 806/61/11
f 806/61/8 805/62/8 802/59/8
f 806/61/8 802/59/8 801/60/8
f 807/63/10 808/64/10 809/64/10
f 807/63/10 809/64/10 810/63/10
f 811/65/11 812/66/11 813/66/11
f 811/65/11 813/66/11 814/65/11
f 814/65/8 813/66/8 810/63/8
f 814/65/8 810/63/8 809/64/8
f 815/67/10 816/68/10 817/68/10
f 815/67/10 817/68/10 818/67/10
f 819/69/11 820/70/11 821/70/11
f 819/69/11 821/70/11 822/69/11
f 822/69/8 821/70/8 818/67/8
f 822/69/8 818/67/8 817/68/8
f 823/71/8 824/72/8 825/54/8
f 823/71/8 825/54/8 826/43/8
f 827/42/8 828/51/8 829/73/8
f 827/42/8 829/73/8 830/74/8
f 831/75/1 832/76/55 833/76/32
f 831/75/1 833/76/32 834/75/1
f 832/76/55 835/77/33 836/77/33
f 832/76/55 836/77/33 833/76/32
f 835/77/33 837/78/34 838/78/34
f 835/77/33 838/78/34 836/77/33
f 837/78/34 839/79/88 840/79/88
f 837/78/34 840/79/88 838/78/34
f 839/79/88 841/80/95 842/80/35
f 839/79/88 842/80/35 840/79/88
f 841/80/95 843/81/36 844/81/36
f 841/80/95 844/81/36 842/80/35
f 843/81/36 845/82/37 846/82/37
f 843/81/36 846/82/37 844/81/36
f 845/82/37 847/83/4 848/83/4
f 845/82/37 848/83/4 846/82/37
f 847/83/4 849/84/91 850/84/39
f 847/83/4 850/84/39 848/83/4
f 849/84/91 851/85/92 852/85/49
f 849/84/91 852/85/49 850/84/39
f 851/85/92 853/86/42 854/86/42
f 851/85/92 854/86/42 852/85/49
f 853/86/42 855/87/11 856/87/11
f 853/86/42 856/87/11 854/86/42
f 855/87/11 857/88/44 858/88/44
f 855/87/11 858/88/44 856/87/11
f 857/88/44 859/89/45 860/89/45
f 857/88/44 860/89/45 858/88/44
f 859/89/45 861/90/46 862/90/46
f 859/89/45 862/90/46 860/89/45
f 861/90/46 831/75/1 834/75/1
f 861/90/46 834/75/1 862/90/46
f 854/86/8 856/87/8 858/88/8
f 852/85/8 854/86/8 858/88/8
f 852/85/8 858/88/8 860/89/8
f 850/84/8 852/85/8 860/89/8
f 848/83/8 850/84/8 860/89/8
f 846/82/8 848/83/8 860/89/8
f 844/81/8 846/82/8 860/89/8
f 842/80/8 844/81/8 860/89/8
f 840/79/60 842/80/8 860/89/8
f 838/78/50 840/79/60 860/89/8
f 836/77/48 838/78/50 860/89/8
f 833/76/93 836/77/48 860/89/8
f 834/75/8 833/76/93 860/89/8
f 862/90/8 834/75/8 860/89/8
f 863/91/1 864/92/55 865/92/32
f 863/91/1 865/92/32 866/91/1
f 864/92/55 867/93/94 868/93/33
f 864/92/55 868/93/33 865/92/32
f 867/93/94 869/94/34 870/94/34
f 867/93/94 870/94/34 868/93/33
f 869/94/34 871/95/88 872/95/88
f 869/94/34 872/95/88 870/94/34
f 871/95/88 873/96/89 874/96/35
f 871/95/88 874/96/35 872/95/88
f 873/96/89 875/97/36 876/97/36
f 873/96/89 876/97/36 874/96/35
f 875/97/36 877/98/37 878/98/37
f 875/97/36 878/98/37 876/97/36
f 877/98/37 879/99/90 880/99/4
f 877/98/37 880/99/4 878/98/37
f 879/99/90 881/100/91 882/100/39
f 879/99/90 882/100/39 880/99/4
f 881/100/91 883/101/49 884/101/49
f 881/100/91 884/101/49 882/100/39
f 883/101/49 885/102/42 886/102/42
f 883/101/49 886/102/42 884/101/49
f 885/102/42 887/103/43 888/103/43
f 885/102/42 888/103/43 886/102/42
f 887/103/43 889/104/97 890/104/44
f 887/103/43 890/104/44 888/103/43
f 889/104/97 891/105/45 892/105/45
f 889/104/97 892/105/45 890/104/44
f 891/105/45 893/106/46 894/106/46
f 891/105/45 894/106/46 892/105/45
f 893/106/46 863/91/1 866/91/1
f 893/106/46 866/91/1 894/106/46
f 886/102/8 888/103/8 890/104/8
f 884/101/8 886/102/8 890/104/8
f 884/101/8 890/104/8 892/105/8
f 882/100/8 884/101/8 892/105/8
f 880/99/8 882/100/8 892/105/8
f 878/98/8 880/99/8 892/105/8
f 876/97/8 878/98/8 892/105/8
f 874/96/8 876/97/8 892/105/8
f 872/95/60 874/96/8 892/105/8
f 870/94/50 872/95/60 892/105/8
f 868/93/48 870/94/50 892/105/8
f 865/92/93 868/93/48 892/105/8
f 866/91/8 865/92/93 892/105/8
f 894/106/8 866/91/8 892/105/8
f 895/107/1 896/108/32 897/108/32
f 895/107/1 897/108/32 898/107/1
f 896/108/32 899/109/94 900/109/33
f 896/108/32 900/109/33 897/108/32
f 899/109/94 901/110/34 902/110/34
f 899/109/94 902/110/34 900/109/33
f 901/110/34 903/111/88 904/111/88
f 901/110/34 904/111/88 902/110/34
f 903/111/88 905/112/89 906/112/89
f 903/111/88 906/112/89 904/111/88
f 905/112/89 907/113/56 908/113/36
f 905/112/89 908/113/36 906/112/89
f 907/113/56 909/114/37 910/114/37
f 907/113/56 910/114/37 908/113/36
f 909/114/37 911/115/4 912/115/4
f 909/114/37 912/115/4 910/114/37
f 911/115/4 913/116/91 914/116/39
f 911/115/4 914/116/39 912/115/4
f 913/116/91 915/117/92 916/117/49
f 913/116/91 916/117/49 914/116/39
f 915/117/92 917/118/42 918/118/42
f 915/117/92 918/118/42 916/117/49
f 917/118/42 919/119/11 920/119/43
f 917/118/42 920/119/43 918/118/42
f 919/119/11 921/120/44 922/120/44
f 919/119/11 922/120/44 920/119/43
f 921/120/44 923/121/52 924/121/45
f 921/120/44 924/121/45 922/120/44
f 923/121/52 925/122/46 926/122/46
f 923/121/52 926/122/46 924/121/45
f 925/122/46 895/107/1 898/107/1
f 925/122/46 898/107/1 926/122/46
f 918/118/8 920/119/8 922/120/8
f 916/117/8 918/118/8 922/120/8
f 916/117/8 922/120/8 924/121/8
f 914/116/8 916/117/8 924/121/8
f 912/115/8 914/116/8 924/121/8
f 910/114/8 912/115/8 924/121/8
f 908/113/8 910/114/8 924/121/8
f 906/112/8 908/113/8 924/121/8
f 904/111/8 906/112/8 924/121/8
f 902/110/50 904/111/8 924/121/8
f 900/109/51 902/110/50 924/121/8
f 897/108/99 900/109/51 924/121/8
f 898/107/8 897/108/99 924/121/8
f 926/122/8 898/107/8 924/121/8
f 927/123/1 928/124/32 929/124/32
f 927/123/1 929/124/32 930/123/1
f 928/124/32 931/125/94 932/125/33
f 928/124/32 932/125/33 929/124/32
f 931/125/94 933/126/34 934/126/34
f 931/125/94 934/126/34 932/125/33
f 933/126/34 935/127/88 936/127/88
f 933/126/34 936/127/88 934/126/34
f 935/127/88 937/128/89 938/128/35
f 935/127/88 938/128/35 936/127/88
f 937/128/89 939/129/36 940/129/36
f 937/128/89 940/129/36 938/128/35
f 939/129/36 941/130/37 942/130/37
f 939/129/36 942/130/37 940/129/36
f 941/130/37 943/131/4 944/131/4
f 941/130/37 944/131/4 942/130/37
f 943/131/4 945/132/91 946/132/39
f 943/131/4 946/132/39 944/131/4
f 945/132/91 947/133/96 948/133/49
f 945/132/91 948/133/49 946/132/39
f 947/133/96 949/134/42 950/134/42
f 947/133/96 950/134/42 948/133/49
f 949/134/42 951/135/43 952/135/43
f 949/134/42 952/135/43 950/134/42
f 951/135/43 953/136/44 954/136/44
f 951/135/43 954/136/44 952/135/43
f 953/136/44 955/137/45 956/137/45
f 953/136/44 956/137/45 954/136/44
f 955/137/45 957/138/46 958/138/46
f 955/137/45 958/138/46 956/137/45
f 957/138/46 927/123/1 930/123/1
f 957/138/46 930/123/1 958/138/46
f 950/134/8 952/135/8 954/136/8
f 948/133/8 950/134/8 954/136/8
f 948/133/8 954/136/8 956/137/8
f 946/132/8 948/133/8 956/137/8
f 944/131/8 946/132/8 956/137/8
f 942/130/8 944/131/8 956/137/8
f 940/129/8 942/130/8 956/137/8
f 938/128/8 940/129/8 956/137/8
f 936/127/8 938/128/8 956/137/8
f 934/126/50 936/127/8 956/137/8
f 932/125/51 934/126/50 956/137/8
f 929/124/99 932/125/51 956/137/8
f 930/123/8 929/124/99 956/137/8
f 958/138/8 930/123/8 956/137/8
f 959/1/1 960/2/1 961/2/1
f 959/1/1 961/2/1 962/1/1
f 963/3/72 962/1/72 961/2/73
f 964/4/74 963/3/72 961/2/73
f 965/5/4 966/6/4 967/6/4
f 965/5/4 968/5/4 966/6/4
f 969/7/75 966/6/75 968/5/75
f 970/8/76 966/6/76 969/7/76
f 971/9/1 972/10/1 973/10/1
f 971/9/1 973/10/1 974/9/1
f 975/11/72 974/9/72 973/10/73
f 976/12/74 975/11/72 973/10/73
f 977/13/4 978/14/4 979/14/4
f 977/13/4 980/13/4 978/14/4
f 981/15/75 978/14/75 980/13/75
f 982/16/76 978/14/76 981/15/76
f 983/17/1 984/18/1 985/18/1
f 983/17/1 985/18/1 986/17/1
f 987/19/72 986/17/72 985/18/73
f 988/20/74 987/19/72 985/18/73
f 989/21/4 990/22/4 991/22/4
f 989/21/4 992/21/4 990/22/4
f 993/23/75 990/22/75 992/21/75
f 994/24/76 990/22/76 993/23/76
f 995/25/8 996/26/8 997/27/8
f 998/28/8 995/25/8 997/27/8
f 999/29/50 998/28/8 997/27/8
f 999/29/50 997/27/8 1000/30/79
f 1001/31/8 999/29/50 1000/30/79
f 1001/31/8 1000/30/79 1002/32/8
f 1003/33/10 1004/34/10 1005/34/10
f 1003/33/10 1005/34/10 1006/33/10
f 1004/34/1 1007/35/1 1008/35/1
f 1004/34/1 1008/35/1 1005/34/1
f 1007/35/11 1009/36/11 1010/36/11
f 1007/35/11 1010/36/11 1008/35/11
f 1010/36/15 1011/37/15 1012/39/15
f 1008/35/15 1010/36/15 1012/39/15
f 1008/35/63 1012/39/63 1013/40/63
f 1005/34/63 1008/35/63 1013/40/63
f 1013/40/19 1014/38/19 1006/33/19
f 1013/40/19 1006/33/19 1005/34/19
f 1015/41/10 1016/42/10 1017/42/10
f 1015/41/10 1017/42/10 1018/41/10
f 1016/42/1 1019/43/1 1020/43/1
f 1016/42/1 1020/43/1 1017/42/1
f 1019/43/11 1021/44/11 1022/44/11
f 1019/43/11 1022/44/11 1020/43/11
f 1021/44/4 1015/41/4 1018/41/4
f 1021/44/4 1018/41/4 1022/44/4
f 1022/44/102 1018/41/103 1012/39/104
f 1013/40/81 1012/39/104 1018/41/103
f 1022/44/15 1012/39/15 997/27/15
f 1020/43/15 1022/44/15 997/27/15
f 1020/43/63 997/27/63 996/26/63
f 1017/42/63 1020/43/63 996/26/63
f 996/26/19 1013/40/84 1018/41/83
f 996/26/19 1018/41/83 1017/42/83
f 1023/45/10 1024/46/10 1025/46/10
f 1023/45/10 1025/46/10 1026/45/10
f 1009/47/11 1027/48/11 1028/48/11
f 1009/47/11 1028/48/11 1010/47/11
f 1027/48/4 1023/45/4 1026/45/4
f 1027/48/4 1026/45/4 1028/48/4
f 1028/48/85 1026/45/85 1029/49/85
f 1030/50/85 1029/49/85 1026/45/85
f 1028/48/15 1029/49/15 1031/37/15
f 1010/47/15 1028/48/15 1031/37/15
f 1032/38/19 1030/50/19 1026/45/19
f 1032/38/19 1026/45/19 1025/46/84
f 1033/51/10 1034/52/10 1035/52/10
f 1033/51/10 1035/52/10 1036/51/10
f 1034/52/1 1037/53/1 1038/53/1
f 1034/52/1 1038/53/1 1035/52/1
f 1037/53/11 1039/54/11 1040/54/11
f 1037/53/11 1040/54/11 1038/53/11
f 1039/54/4 1033/51/4 1036/51/4
f 1039/54/4 1036/51/4 1040/54/4
f 1040/54/87 1036/51/87 1041/30/87
f 1042/32/87 1041/30/87 1036/51/87
f 1040/54/15 1041/30/15 1029/49/15
f 1038/53/15 1040/54/15 1029/49/15
f 1038/53/86 1029/49/86 1030/50/86
f 1035/52/86 1038/53/86 1030/50/86
f 1030/50/19 1042/32/84 1036/51/84
f 1030/50/19 1036/51/84 1035/52/83
f 1043/59/10 1044/60/10 1045/60/10
f 1043/59/10 1045/60/10 1046/59/10
f 1047/61/11 1048/62/11 1049/62/11
f 1047/61/11 1049/62/11 1050/61/11
f 1050/61/8 1049/62/8 1046/59/8
f 1050/61/8 1046/59/8 1045/60/8
f 1051/63/10 1052/64/10 1053/64/10
f 1051/63/10 1053/64/10 1054/63/10
f 1055/65/11 1056/66/11 1057/66/11
f 1055/65/11 1057/66/11 1058/65/11
f 1058/65/8 1057/66/8 1054/63/8
f 1058/65/8 1054/63/8 1053/64/8
f 1059/67/10 1060/68/10 1061/68/10
f 1059/67/10 1061/68/10 1062/67/10
f 1063/69/11 1064/70/11 1065/70/11
f 1063/69/11 1065/70/11 1066/69/11
f 1066/69/8 1065/70/8 1062/67/8
f 1066/69/8 1062/67/8 1061/68/8
f 1067/42/8 1068/51/8 1069/73/8
f 1067/42/8 1069/73/8 1070/74/8
f 1071/75/1 1072/76/32 1073/76/32
f 1071/75/1 1073/76/32 1074/75/1
f 1072/76/32 1075/77/94 1076/77/33
f 1072/76/32 1076/77/33 1073/76/32
f 1075/77/94 1077/78/34 1078/78/34
f 1075/77/94 1078/78/34 1076/77/33
f 1077/78/34 1079/79/88 1080/79/88
f 1077/78/34 1080/79/88 1078/78/34
f 1079/79/88 1081/80/95 1082/80/35
f 1079/79/88 1082/80/35 1080/79/88
f 1081/80/95 1083/81/36 1084/81/36
f 1081/80/95 1084/81/36 1082/80/35
f 1083/81/36 1085/82/37 1086/82/37
f 1083/81/36 1086/82/37 1084/81/36
f 1085/82/37 1087/83/4 1088/83/4
f 1085/82/37 1088/83/4 1086/82/37
f 1087/83/4 1089/84/91 1090/84/39
f 1087/83/4 1090/84/39 1088/83/4
f 1089/84/91 1091/85/96 1092/85/49
f 1089/84/91 1092/85/49 1090/84/39
f 1091/85/96 1093/86/42 1094/86/42
f 1091/85/96 1094/86/42 1092/85/49
f 1093/86/42 1095/87/11 1096/87/11
f 1093/86/42 1096/87/11 1094/86/42
f 1095/87/11 1097/88/44 1098/88/44
f 1095/87/11 1098/88/44 1096/87/11
f 1097/88/44 1099/89/45 1100/89/45
f 1097/88/44 1100/89/45 1098/88/44
f 1099/89/45 1101/90/46 1102/90/46
f 1099/89/45 1102/90/46 1100/89/45
f 1101/90/46 1071/75/1 1074/75/1
f 1101/90/46 1074/75/1 1102/90/46
f 1094/86/8 1096/87/8 1098/88/8
f 1092/85/8 1094/86/8 1098/88/8
f 1092/85/8 1098/88/8 1100/89/8
f 1090/84/8 1092/85/8 1100/89/8
f 1088/83/8 1090/84/8 1100/89/8
f 1086/82/8 1088/83/8 1100/89/8
f 1084/81/8 1086/82/8 1100/89/8
f 1082/80/8 1084/81/8 1100/89/8
f 1080/79/60 1082/80/8 1100/89/8
f 1078/78/50 1080/79/60 1100/89/8
f 1076/77/48 1078/78/50 1100/89/8
f 1073/76/99 1076/77/48 1100/89/8
f 1074/75/8 1073/76/99 1100/89/8
f 1102/90/8 1074/75/8 1100/89/8
f 1103/91/1 1104/92/32 1105/92/32
f 1103/91/1 1105/92/32 1106/91/1
f 1104/92/32 1107/93/94 1108/93/94
f 1104/92/32 1108/93/94 1105/92/32
f 1107/93/94 1109/94/34 1110/94/34
f 1107/93/94 1110/94/34 1108/93/94
f 1109/94/34 1111/95/88 1112/95/88
f 1109/94/34 1112/95/88 1110/94/34
f 1111/95/88 1113/96/89 1114/96/35
f 1111/95/88 1114/96/35 1112/95/88
f 1113/96/89 1115/97/56 1116/97/36
f 1113/96/89 1116/97/36 1114/96/35
f 1115/97/56 1117/98/37 1118/98/37
f 1115/97/56 1118/98/37 1116/97/36
f 1117/98/37 1119/99/4 1120/99/4
f 1117/98/37 1120/99/4 1118/98/37
f 1119/99/4 1121/100/39 1122/100/39
f 1119/99/4 1122/100/39 1120/99/4
f 1121/100/39 1123/101/92 1124/101/49
f 1121/100/39 1124/101/49 1122/100/39
f 1123/101/92 1125/102/42 1126/102/42
f 1123/101/92 1126/102/42 1124/101/49
f 1125/102/42 1127/103/43 1128/103/43
f 1125/102/42 1128/103/43 1126/102/42
f 1127/103/43 1129/104/44 1130/104/44
f 1127/103/43 1130/104/44 1128/103/43
f 1129/104/44 1131/105/52 1132/105/45
f 1129/104/44 1132/105/45 1130/104/44
f 1131/105/52 1133/106/46 1134/106/46
f 1131/105/52 1134/106/46 1132/105/45
f 1133/106/46 1103/91/1 1106/91/1
f 1133/106/46 1106/91/1 1134/106/46
f 1126/102/8 1128/103/8 1130/104/8
f 1124/101/8 1126/102/8 1130/104/8
f 1124/101/8 1130/104/8 1132/105/8
f 1122/100/8 1124/101/8 1132/105/8
f 1120/99/8 1122/100/8 1132/105/8
f 1118/98/60 1120/99/8 1132/105/8
f 1116/97/8 1118/98/60 1132/105/8
f 1114/96/8 1116/97/8 1132/105/8
f 1112/95/8 1114/96/8 1132/105/8
f 1110/94/60 1112/95/8 1132/105/8
f 1108/93/51 1110/94/60 1132/105/8
f 1105/92/99 1108/93/51 1132/105/8
f 1106/91/8 1105/92/99 1132/105/8
f 1134/106/8 1106/91/8 1132/105/8
f 1135/107/1 1136/108/32 1137/108/32
f 1135/107/1 1137/108/32 1138/107/1
f 1136/108/32 1139/109/100 1140/109/94
f 1136/108/32 1140/109/94 1137/108/32
f 1139/109/100 1141/110/34 1142/110/34
f 1139/109/100 1142/110/34 1140/109/94
f 1141/110/34 1143/111/88 1144/111/88
f 1141/110/34 1144/111/88 1142/110/34
f 1143/111/88 1145/112/35 1146/112/35
f 1143/111/88 1146/112/35 1144/111/88
f 1145/112/35 1147/113/36 1148/113/36
f 1145/112/35 1148/113/36 1146/112/35
f 1147/113/36 1149/114/37 1150/114/37
f 1147/113/36 1150/114/37 1148/113/36
f 1149/114/37 1151/115/4 1152/115/4
f 1149/114/37 1152/115/4 1150/114/37
f 1151/115/4 1153/116/39 1154/116/39
f 1151/115/4 1154/116/39 1152/115/4
f 1153/116/39 1155/117/92 1156/117/49
f 1153/116/39 1156/117/49 1154/116/39
f 1155/117/92 1157/118/42 1158/118/42
f 1155/117/92 1158/118/42 1156/117/49
f 1157/118/42 1159/119/43 1160/119/43
f 1157/118/42 1160/119/43 1158/118/42
f 1159/119/43 1161/120/44 1162/120/97
f 1159/119/43 1162/120/97 1160/119/43
f 1161/120/44 1163/121/52 1164/121/45
f 1161/120/44 1164/121/45 1162/120/97
f 1163/121/52 1165/122/46 1166/122/46
f 1163/121/52 1166/122/46 1164/121/45
f 1165/122/46 1135/107/1 1138/107/1
f 1165/122/46 1138/107/1 1166/122/46
f 1158/118/8 1160/119/8 1162/120/8
f 1156/117/8 1158/118/8 1162/120/8
f 1156/117/8 1162/120/8 1164/121/8
f 1154/116/8 1156/117/8 1164/121/8
f 1152/115/8 1154/116/8 1164/121/8
f 1150/114/60 1152/115/8 1164/121/8
f 1148/113/8 1150/114/60 1164/121/8
f 1146/112/8 1148/113/8 1164/121/8
f 1144/111/8 1146/112/8 1164/121/8
f 1142/110/50 1144/111/8 1164/121/8
f 1140/109/51 1142/110/50 1164/121/8
f 1137/108/99 1140/109/51 1164/121/8
f 1138/107/8 1137/108/99 1164/121/8
f 1166/122/8 1138/107/8 1164/121/8
f 1167/123/1 1168/124/32 1169/124/32
f 1167/123/1 1169/124/32 1170/123/1
f 1168/124/32 1171/125/94 1172/125/33
f 1168/124/32 1172/125/33 1169/124/32
f 1171/125/94 1173/126/34 1174/126/34
f 1171/125/94 1174/126/34 1172/125/33
f 1173/126/34 1175/127/88 1176/127/88
f 1173/126/34 1176/127/88 1174/126/34
f 1175/127/88 1177/128/89 1178/128/35
f 1175/127/88 1178/128/35 1176/127/88
f 1177/128/89 1179/129/36 1180/129/36
f 1177/128/89 1180/129/36 1178/128/35
f 1179/129/36 1181/130/37 1182/130/37
f 1179/129/36 1182/130/37 1180/129/36
f 1181/130/37 1183/131/4 1184/131/4
f 1181/130/37 1184/131/4 1182/130/37
f 1183/131/4 1185/132/91 1186/132/39
f 1183/131/4 1186/132/39 1184/131/4
f 1185/132/91 1187/133/49 1188/133/49
f 1185/132/91 1188/133/49 1186/132/39
f 1187/133/49 1189/134/42 1190/134/42
f 1187/133/49 1190/134/42 1188/133/49
f 1189/134/42 1191/135/43 1192/135/43
f 1189/134/42 1192/135/43 1190/134/42
f 1191/135/43 1193/136/44 1194/136/44
f 1191/135/43 1194/136/44 1192/135/43
f 1193/136/44 1195/137/45 1196/137/45
f 1193/136/44 1196/137/45 1194/136/44
f 1195/137/45 1197/138/46 1198/138/46
f 1195/137/45 1198/138/46 1196/137/45
f 1197/138/46 1167/123/1 1170/123/1
f 1197/138/46 1170/123/1 1198/138/46
f 1190/134/8 1192/135/8 1194/136/8
f 1188/133/8 1190/134/8 1194/136/8
f 1188/133/8 1194/136/8 1196/137/8
f 1186/132/8 1188/133/8 1196/137/8
f 1184/131/8 1186/132/8 1196/137/8
f 1182/130/8 1184/131/8 1196/137/8
f 1180/129/8 1182/130/8 1196/137/8
f 1178/128/8 1180/129/8 1196/137/8
f 1176/127/8 1178/128/8 1196/137/8
f 1174/126/60 1176/127/8 1196/137/8
f 1172/125/51 1174/126/60 1196/137/8
f 1169/124/99 1172/125/51 1196/137/8
f 1170/123/8 1169/124/99 1196/137/8
f 1198/138/8 1170/123/8 1196/137/8
f 1199/55/10 1200/56/10 1201/56/10
f 1199/55/10 1201/56/10 1202/55/10
f 1203/57/11 1204/58/11 1205/58/11
f 1203/57/11 1205/58/11 1206/57/11
f 1206/57/8 1205/58/8 1202/55/8
f 1206/57/8 1202/55/8 1201/56/8
f 1207/55/10 1208/56/10 1209/56/10
f 1207/55/10 1209/56/10 1210/55/10
f 1211/57/11 1212/58/11 1213/58/11
f 1211/57/11 1213/58/11 1214/57/11
f 1214/57/8 1213/58/8 1210/55/8
f 1214/57/8 1210/55/8 1209/56/8
f 1215/36/4 1003/33/4 1006/33/4
f 1215/36/4 1006/33/4 1216/36/4
f 1216/36/105 1006/33/106 1217/37/105
f 1014/38/106 1217/37/105 1006/33/106
f 1024/46/1 1218/47/1 1219/47/1
f 1024/46/1 1219/47/1 1025/46/1
f 1219/47/107 1220/37/107 1032/38/107
f 1025/46/29 1219/47/29 1032/38/29
f 1221/55/10 1222/56/10 1223/56/10
f 1221/55/10 1223/56/10 1224/55/10
f 1225/57/11 1226/58/11 1227/58/11
f 1225/57/11 1227/58/11 1228/57/11
f 1228/57/8 1227/58/8 1224/55/8
f 1228/57/8 1224/55/8 1223/56/8
f 1229/55/4 1230/56/4 1231/56/4
f 1229/55/4 1231/56/4 1232/55/4
f 1233/57/1 1234/58/1 1235/58/1
f 1233/57/1 1235/58/1 1236/57/1
f 1236/57/8 1235/58/8 1232/55/8
f 1236/57/8 1232/55/8 1231/56/8
f 1237/55/4 1238/56/4 1239/56/4
f 1237/55/4 1239/56/4 1240/55/4
f 1241/57/1 1242/58/1 1243/58/1
f 1241/57/1 1243/58/1 1244/57/1
f 1244/57/8 1243/58/8 1240/55/8
f 1244/57/8 1240/55/8 1239/56/8
f 1245/1/1 1246/2/1 1247/2/1
f 1245/1/1 1247/2/1 1248/1/1
f 1249/3/72 1248/1/72 1247/2/73
f 1250/4/74 1249/3/72 1247/2/73
f 1251/5/4 1252/6/4 1253/6/4
f 1251/5/4 1254/5/4 1252/6/4
f 1255/7/77 1252/6/77 1254/5/77
f 1256/8/78 1252/6/78 1255/7/78
f 1257/9/1 1258/10/1 1259/10/1
f 1257/9/1 1259/10/1 1260/9/1
f 1261/11/72 1260/9/72 1259/10/73
f 1262/12/74 1261/11/72 1259/10/73
f 1263/13/4 1264/14/4 1265/14/4
f 1263/13/4 1266/13/4 1264/14/4
f 1267/15/75 1264/14/75 1266/13/75
f 1268/16/76 1264/14/76 1267/15/76
f 1269/17/1 1270/18/1 1271/18/1
f 1269/17/1 1271/18/1 1272/17/1
f 1273/19/72 1272/17/72 1271/18/73
f 1274/20/74 1273/19/72 1271/18/73
f 1275/21/4 1276/22/4 1277/22/4
f 1275/21/4 1278/21/4 1276/22/4
f 1279/23/75 1276/22/75 1278/21/75
f 1280/24/76 1276/22/76 1279/23/76
f 1281/25/8 1282/26/8 1283/27/8
f 1284/28/8 1281/25/8 1283/27/8
f 1285/29/8 1284/28/8 1283/27/8
f 1285/29/8 1283/27/8 1286/30/79
f 1287/31/8 1285/29/8 1286/30/79
f 1287/31/8 1286/30/79 1288/32/8
f 1289/33/10 1290/34/10 1291/34/10
f 1289/33/10 1291/34/10 1292/33/10
f 1290/34/1 1293/35/1 1294/35/1
f 1290/34/1 1294/35/1 1291/34/1
f 1293/35/11 1295/36/11 1296/36/11
f 1293/35/11 1296/36/11 1294/35/11
f 1295/36/4 1289/33/4 1292/33/4
f 1295/36/4 1292/33/4 1296/36/4
f 1296/36/80 1292/33/80 1297/37/80
f 1298/38/81 1297/37/81 1292/33/81
f 1296/36/15 1297/37/15 1299/39/15
f 1294/35/15 1296/36/15 1299/39/15
f 1294/35/63 1299/39/63 1300/40/63
f 1291/34/63 1294/35/63 1300/40/63
f 1300/40/19 1298/38/19 1292/33/19
f 1300/40/19 1292/33/19 1291/34/83
f 1301/41/10 1302/42/10 1303/42/10
f 1301/41/10 1303/42/10 1304/41/10
f 1302/42/1 1305/43/1 1306/43/1
f 1302/42/1 1306/43/1 1303/42/1
f 1305/43/11 1307/44/11 1308/44/11
f 1305/43/11 1308/44/11 1306/43/11
f 1307/44/4 1301/41/4 1304/41/4
f 1307/44/4 1304/41/4 1308/44/4
f 1308/44/102 1304/41/103 1299/39/104
f 1300/40/81 1299/39/104 1304/41/103
f 1308/44/15 1299/39/15 1283/27/15
f 1306/43/15 1308/44/15 1283/27/15
f 1306/43/63 1283/27/63 1282/26/63
f 1303/42/63 1306/43/63 1282/26/63
f 1282/26/83 1300/40/19 1304/41/83
f 1282/26/83 1304/41/83 1303/42/83
f 1309/45/10 1310/46/10 1311/46/10
f 1309/45/10 1311/46/10 1312/45/10
f 1310/46/1 1313/47/1 1314/47/1
f 1310/46/1 1314/47/1 1311/46/1
f 1313/47/11 1315/48/11 1316/48/11
f 1313/47/11 1316/48/11 1314/47/11
f 1315/48/4 1309/45/4 1312/45/4
f 1315/48/4 1312/45/4 1316/48/4
f 1316/48/87 1312/45/87 1317/49/87
f 1318/50/87 1317/49/87 1312/45/87
f 1316/48/15 1317/49/15 1319/37/15
f 1314/47/15 1316/48/15 1319/37/15
f 1314/47/86 1319/37/86 1320/38/86
f 1311/46/86 1314/47/86 1320/38/86
f 1320/38/19 1318/50/83 1312/45/83
f 1320/38/19 1312/45/83 1311/46/83
f 1321/51/10 1322/52/10 1323/52/10
f 1321/51/10 1323/52/10 1324/51/10
f 1322/52/1 1325/53/1 1326/53/1
f 1322/52/1 1326/53/1 1323/52/1
f 1325/53/11 1327/54/11 1328/54/11
f 1325/53/11 1328/54/11 1326/53/11
f 1327/54/4 1321/51/4 1324/51/4
f 1327/54/4 1324/51/4 1328/54/4
f 1328/54/87 1324/51/87 1329/30/87
f 1330/32/87 1329/30/87 1324/51/87
f 1328/54/15 1329/30/15 1317/49/15
f 1326/53/15 1328/54/15 1317/49/15
f 1326/53/86 1317/49/86 1318/50/86
f 1323/52/86 1326/53/86 1318/50/86
f 1318/50/19 1330/32/83 1324/51/83
f 1318/50/19 1324/51/83 1323/52/19
f 1331/55/10 1332/56/10 1333/56/10
f 1331/55/10 1333/56/10 1334/55/10
f 1335/57/11 1336/58/11 1337/58/11
f 1335/57/11 1337/58/11 1338/57/11
f 1338/57/8 1337/58/8 1334/55/8
f 1338/57/8 1334/55/8 1333/56/8
f 1339/59/10 1340/60/10 1341/60/10
f 1339/59/10 1341/60/10 1342/59/10
f 1343/61/11 1344/62/11 1345/62/11
f 1343/61/11 1345/62/11 1346/61/11
f 1346/61/8 1345/62/8 1342/59/8
f 1346/61/8 1342/59/8 1341/60/8
f 1347/63/10 1348/64/10 1349/64/10
f 1347/63/10 1349/64/10 1350/63/10
f 1351/65/11 1352/66/11 1353/66/11
f 1351/65/11 1353/66/11 1354/65/11
f 1354/65/8 1353/66/8 1350/63/8
f 1354/65/8 1350/63/8 1349/64/8
f 1355/67/10 1356/68/10 1357/68/10
f 1355/67/10 1357/68/10 1358/67/10
f 1359/69/11 1360/70/11 1361/70/11
f 1359/69/11 1361/70/11 1362/69/11
f 1362/69/8 1361/70/8 1358/67/8
f 1362/69/8 1358/67/8 1357/68/8
f 1363/71/8 1364/72/8 1365/54/8
f 1363/71/8 1365/54/8 1366/43/8
f 1367/42/8 1368/51/8 1369/73/8
f 1367/42/8 1369/73/8 1370/74/8
f 1371/75/1 1372/76/55 1373/76/32
f 1371/75/1 1373/76/32 1374/75/1
f 1372/76/55 1375/77/100 1376/77/33
f 1372/76/55 1376/77/33 1373/76/32
f 1375/77/100 1377/78/34 1378/78/34
f 1375/77/100 1378/78/34 1376/77/33
f 1377/78/34 1379/79/88 1380/79/88
f 1377/78/34 1380/79/88 1378/78/34
f 1379/79/88 1381/80/89 1382/80/35
f 1379/79/88 1382/80/35 1380/79/88
f 1381/80/89 1383/81/36 1384/81/36
f 1381/80/89 1384/81/36 1382/80/35
f 1383/81/36 1385/82/37 1386/82/37
f 1383/81/36 1386/82/37 1384/81/36
f 1385/82/37 1387/83/4 1388/83/4
f 1385/82/37 1388/83/4 1386/82/37
f 1387/83/4 1389/84/91 1390/84/39
f 1387/83/4 1390/84/39 1388/83/4
f 1389/84/91 1391/85/92 1392/85/49
f 1389/84/91 1392/85/49 1390/84/39
f 1391/85/92 1393/86/42 1394/86/42
f 1391/85/92 1394/86/42 1392/85/49
f 1393/86/42 1395/87/43 1396/87/43
f 1393/86/42 1396/87/43 1394/86/42
f 1395/87/43 1397/88/97 1398/88/44
f 1395/87/43 1398/88/44 1396/87/43
f 1397/88/97 1399/89/45 1400/89/45
f 1397/88/97 1400/89/45 1398/88/44
f 1399/89/45 1401/90/46 1402/90/46
f 1399/89/45 1402/90/46 1400/89/45
f 1401/90/46 1371/75/1 1374/75/1
f 1401/90/46 1374/75/1 1402/90/46
f 1394/86/8 1396/87/8 1398/88/8
f 1392/85/8 1394/86/8 1398/88/8
f 1392/85/8 1398/88/8 1400/89/8
f 1390/84/8 1392/85/8 1400/89/8
f 1388/83/8 1390/84/8 1400/89/8
f 1386/82/8 1388/83/8 1400/89/8
f 1384/81/8 1386/82/8 1400/89/8
f 1382/80/8 1384/81/8 1400/89/8
f 1380/79/60 1382/80/8 1400/89/8
f 1378/78/50 1380/79/60 1400/89/8
f 1376/77/48 1378/78/50 1400/89/8
f 1373/76/93 1376/77/48 1400/89/8
f 1374/75/8 1373/76/93 1400/89/8
f 1402/90/8 1374/75/8 1400/89/8
f 1403/91/1 1404/92/32 1405/92/32
f 1403/91/1 1405/92/32 1406/91/1
f 1404/92/32 1407/93/94 1408/93/33
f 1404/92/32 1408/93/33 1405/92/32
f 1407/93/94 1409/94/34 1410/94/34
f 1407/93/94 1410/94/34 1408/93/33
f 1409/94/34 1411/95/88 1412/95/88
f 1409/94/34 1412/95/88 1410/94/34
f 1411/95/88 1413/96/95 1414/96/35
f 1411/95/88 1414/96/35 1412/95/88
f 1413/96/95 1415/97/56 1416/97/36
f 1413/96/95 1416/97/36 1414/96/35
f 1415/97/56 1417/98/37 1418/98/37
f 1415/97/56 1418/98/37 1416/97/36
f 1417/98/37 1419/99/4 1420/99/4
f 1417/98/37 1420/99/4 1418/98/37
f 1419/99/4 1421/100/39 1422/100/39
f 1419/99/4 1422/100/39 1420/99/4
f 1421/100/39 1423/101/96 1424/101/92
f 1421/100/39 1424/101/92 1422/100/39
f 1423/101/96 1425/102/42 1426/102/42
f 1423/101/96 1426/102/42 1424/101/92
f 1425/102/42 1427/103/43 1428/103/11
f 1425/102/42 1428/103/11 1426/102/42
f 1427/103/43 1429/104/44 1430/104/44
f 1427/103/43 1430/104/44 1428/103/11
f 1429/104/44 1431/105/52 1432/105/45
f 1429/104/44 1432/105/45 1430/104/44
f 1431/105/52 1433/106/46 1434/106/46
f 1431/105/52 1434/106/46 1432/105/45
f 1433/106/46 1403/91/1 1406/91/1
f 1433/106/46 1406/91/1 1434/106/46
f 1426/102/8 1428/103/8 1430/104/8
f 1424/101/8 1426/102/8 1430/104/8
f 1424/101/8 1430/104/8 1432/105/8
f 1422/100/8 1424/101/8 1432/105/8
f 1420/99/8 1422/100/8 1432/105/8
f 1418/98/60 1420/99/8 1432/105/8
f 1416/97/8 1418/98/60 1432/105/8
f 1414/96/8 1416/97/8 1432/105/8
f 1412/95/60 1414/96/8 1432/105/8
f 1410/94/50 1412/95/60 1432/105/8
f 1408/93/51 1410/94/50 1432/105/8
f 1405/92/99 1408/93/51 1432/105/8
f 1406/91/8 1405/92/99 1432/105/8
f 1434/106/8 1406/91/8 1432/105/8
f 1435/107/1 1436/108/32 1437/108/32
f 1435/107/1 1437/108/32 1438/107/1
f 1436/108/32 1439/109/94 1440/109/33
f 1436/108/32 1440/109/33 1437/108/32
f 1439/109/94 1441/110/34 1442/110/34
f 1439/109/94 1442/110/34 1440/109/33
f 1441/110/34 1443/111/88 1444/111/88
f 1441/110/34 1444/111/88 1442/110/34
f 1443/111/88 1445/112/89 1446/112/35
f 1443/111/88 1446/112/35 1444/111/88
f 1445/112/89 1447/113/36 1448/113/36
f 1445/112/89 1448/113/36 1446/112/35
f 1447/113/36 1449/114/37 1450/114/37
f 1447/113/36 1450/114/37 1448/113/36
f 1449/114/37 1451/115/4 1452/115/4
f 1449/114/37 1452/115/4 1450/114/37
f 1451/115/4 1453/116/91 1454/116/39
f 1451/115/4 1454/116/39 1452/115/4
f 1453/116/91 1455/117/96 1456/117/49
f 1453/116/91 1456/117/49 1454/116/39
f 1455/117/96 1457/118/42 1458/118/42
f 1455/117/96 1458/118/42 1456/117/49
f 1457/118/42 1459/119/43 1460/119/43
f 1457/118/42 1460/119/43 1458/118/42
f 1459/119/43 1461/120/44 1462/120/44
f 1459/119/43 1462/120/44 1460/119/43
f 1461/120/44 1463/121/45 1464/121/45
f 1461/120/44 1464/121/45 1462/120/44
f 1463/121/45 1465/122/46 1466/122/46
f 1463/121/45 1466/122/46 1464/121/45
f 1465/122/46 1435/107/1 1438/107/1
f 1465/122/46 1438/107/1 1466/122/46
f 1458/118/8 1460/119/8 1462/120/8
f 1456/117/8 1458/118/8 1462/120/8
f 1456/117/8 1462/120/8 1464/121/8
f 1454/116/8 1456/117/8 1464/121/8
f 1452/115/8 1454/116/8 1464/121/8
f 1450/114/8 1452/115/8 1464/121/8
f 1448/113/8 1450/114/8 1464/121/8
f 1446/112/8 1448/113/8 1464/121/8
f 1444/111/8 1446/112/8 1464/121/8
f 1442/110/50 1444/111/8 1464/121/8
f 1440/109/51 1442/110/50 1464/121/8
f 1437/108/99 1440/109/51 1464/121/8
f 1438/107/8 1437/108/99 1464/121/8
f 1466/122/8 1438/107/8 1464/121/8
f 1467/123/1 1468/124/32 1469/124/32
f 1467/123/1 1469/124/32 1470/123/1
f 1468/124/32 1471/125/94 1472/125/33
f 1468/124/32 1472/125/33 1469/124/32
f 1471/125/94 1473/126/34 1474/126/34
f 1471/125/94 1474/126/34 1472/125/33
f 1473/126/34 1475/127/88 1476/127/88
f 1473/126/34 1476/127/88 1474/126/34
f 1475/127/88 1477/128/95 1478/128/35
f 1475/127/88 1478/128/35 1476/127/88
f 1477/128/95 1479/129/56 1480/129/36
f 1477/128/95 1480/129/36 1478/128/35
f 1479/129/56 1481/130/37 1482/130/37
f 1479/129/56 1482/130/37 1480/129/36
f 1481/130/37 1483/131/90 1484/131/4
f 1481/130/37 1484/131/4 1482/130/37
f 1483/131/90 1485/132/39 1486/132/39
f 1483/131/90 1486/132/39 1484/131/4
f 1485/132/39 1487/133/96 1488/133/92
f 1485/132/39 1488/133/92 1486/132/39
f 1487/133/96 1489/134/42 1490/134/42
f 1487/133/96 1490/134/42 1488/133/92
f 1489/134/42 1491/135/11 1492/135/11
f 1489/134/42 1492/135/11 1490/134/42
f 1491/135/11 1493/136/98 1494/136/44
f 1491/135/11 1494/136/44 1492/135/11
f 1493/136/98 1495/137/45 1496/137/45
f 1493/136/98 1496/137/45 1494/136/44
f 1495/137/45 1497/138/46 1498/138/46
f 1495/137/45 1498/138/46 1496/137/45
f 1497/138/46 1467/123/1 1470/123/1
f 1497/138/46 1470/123/1 1498/138/46
f 1490/134/8 1492/135/8 1494/136/8
f 1488/133/8 1490/134/8 1494/136/8
f 1488/133/8 1494/136/8 1496/137/8
f 1486/132/8 1488/133/8 1496/137/8
f 1484/131/8 1486/132/8 1496/137/8
f 1482/130/60 1484/131/8 1496/137/8
f 1480/129/8 1482/130/60 1496/137/8
f 1478/128/8 1480/129/8 1496/137/8
f 1476/127/8 1478/128/8 1496/137/8
f 1474/126/50 1476/127/8 1496/137/8
f 1472/125/51 1474/126/50 1496/137/8
f 1469/124/99 1472/125/51 1496/137/8
f 1470/123/8 1469/124/99 1496/137/8
f 1498/138/8 1470/123/8 1496/137/8
f 1499/1/1 1500/2/1 1501/2/1
f 1499/1/1 1501/2/1 1502/1/1
f 1503/3/72 1502/1/72 1501/2/73
f 1504/4/74 1503/3/72 1501/2/73
f 1505/5/4 1506/6/4 1507/6/4
f 1505/5/4 1508/5/4 1506/6/4
f 1509/7/75 1506/6/75 1508/5/75
f 1510/8/76 1506/6/76 1509/7/76
f 1511/9/1 1512/10/1 1513/10/1
f 1511/9/1 1513/10/1 1514/9/1
f 1515/11/72 1514/9/72 1513/10/73
f 1516/12/74 1515/11/72 1513/10/73
f 1517/13/4 1518/14/4 1519/14/4
f 1517/13/4 1520/13/4 1518/14/4
f 1521/15/77 1518/14/77 1520/13/77
f 1522/16/78 1518/14/78 1521/15/78
f 1523/17/1 1524/18/1 1525/18/1
f 1523/17/1 1525/18/1 1526/17/1
f 1527/19/72 1526/17/72 1525/18/73
f 1528/20/74 1527/19/72 1525/18/73
f 1529/21/4 1530/22/4 1531/22/4
f 1529/21/4 1532/21/4 1530/22/4
f 1533/23/77 1530/22/77 1532/21/77
f 1534/24/78 1530/22/78 1533/23/78
f 1535/25/8 1536/26/8 1537/27/8
f 1538/28/8 1535/25/8 1537/27/8
f 1539/29/8 1538/28/8 1537/27/8
f 1539/29/8 1537/27/8 1540/30/79
f 1541/31/8 1539/29/8 1540/30/79
f 1541/31/8 1540/30/79 1542/32/8
f 1543/33/10 1544/34/10 1545/34/10
f 1543/33/10 1545/34/10 1546/33/10
f 1544/34/1 1547/35/1 1548/35/1
f 1544/34/1 1548/35/1 1545/34/1
f 1547/35/11 1549/36/11 1550/36/11
f 1547/35/11 1550/36/11 1548/35/11
f 1549/36/4 1543/33/4 1546/33/4
f 1549/36/4 1546/33/4 1550/36/4
f 1550/36/108 1546/33/108 1551/37/108
f 1552/38/109 1551/37/109 1546/33/109
f 1550/36/15 1551/37/15 1553/39/15
f 1548/35/15 1550/36/15 1553/39/15
f 1548/35/63 1553/39/63 1554/40/63
f 1545/34/63 1548/35/63 1554/40/63
f 1554/40/83 1552/38/84 1546/33/83
f 1554/40/83 1546/33/83 1545/34/19
f 1555/41/10 1556/42/10 1557/42/10
f 1555/41/10 1557/42/10 1558/41/10
f 1556/42/1 1559/43/1 1560/43/1
f 1556/42/1 1560/43/1 1557/42/1
f 1559/43/11 1561/44/11 1562/44/11
f 1559/43/11 1562/44/11 1560/43/11
f 1561/44/4 1555/41/4 1558/41/4
f 1561/44/4 1558/41/4 1562/44/4
f 1562/44/104 1558/41/109 1553/39/104
f 1554/40/81 1553/39/104 1558/41/109
f 1562/44/15 1553/39/15 1537/27/15
f 1560/43/15 1562/44/15 1537/27/15
f 1560/43/63 1537/27/63 1536/26/63
f 1557/42/63 1560/43/63 1536/26/63
f 1536/26/83 1554/40/83 1558/41/83
f 1536/26/83 1558/41/83 1557/42/84
f 1563/45/10 1564/46/10 1565/46/10
f 1563/45/10 1565/46/10 1566/45/10
f 1564/46/1 1567/47/1 1568/47/1
f 1564/46/1 1568/47/1 1565/46/1
f 1567/47/11 1569/48/11 1570/48/11
f 1567/47/11 1570/48/11 1568/47/11
f 1569/48/4 1563/45/4 1566/45/4
f 1569/48/4 1566/45/4 1570/48/4
f 1570/48/85 1566/45/85 1571/49/85
f 1572/50/85 1571/49/85 1566/45/85
f 1570/48/15 1571/49/15 1573/37/15
f 1568/47/15 1570/48/15 1573/37/15
f 1568/47/86 1573/37/86 1574/38/86
f 1565/46/86 1568/47/86 1574/38/86
f 1574/38/84 1572/50/83 1566/45/19
f 1574/38/84 1566/45/19 1565/46/19
f 1575/51/10 1576/52/10 1577/52/10
f 1575/51/10 1577/52/10 1578/51/10
f 1576/52/1 1579/53/1 1580/53/1
f 1576/52/1 1580/53/1 1577/52/1
f 1579/53/11 1581/54/11 1582/54/11
f 1579/53/11 1582/54/11 1580/53/11
f 1581/54/4 1575/51/4 1578/51/4
f 1581/54/4 1578/51/4 1582/54/4
f 1582/54/110 1578/51/110 1583/30/110
f 1584/32/110 1583/30/110 1578/51/110
f 1582/54/15 1583/30/15 1571/49/15
f 1580/53/15 1582/54/15 1571/49/15
f 1580/53/86 1571/49/86 1572/50/86
f 1577/52/86 1580/53/86 1572/50/86
f 1572/50/19 1584/32/19 1578/51/19
f 1572/50/19 1578/51/19 1577/52/19
f 1585/55/10 1586/56/10 1587/56/10
f 1585/55/10 1587/56/10 1588/55/10
f 1589/57/11 1590/58/11 1591/58/11
f 1589/57/11 1591/58/11 1592/57/11
f 1592/57/8 1591/58/8 1588/55/8
f 1592/57/8 1588/55/8 1587/56/8
f 1593/59/10 1594/60/10 1595/60/10
f 1593/59/10 1595/60/10 1596/59/10
f 1597/61/11 1598/62/11 1599/62/11
f 1597/61/11 1599/62/11 1600/61/11
f 1600/61/8 1599/62/8 1596/59/8
f 1600/61/8 1596/59/8 1595/60/8
f 1601/63/10 1602/64/10 1603/64/10
f 1601/63/10 1603/64/10 1604/63/10
f 1605/65/11 1606/66/11 1607/66/11
f 1605/65/11 1607/66/11 1608/65/11
f 1608/65/8 1607/66/8 1604/63/8
f 1608/65/8 1604/63/8 1603/64/8
f 1609/67/10 1610/68/10 1611/68/10
f 1609/67/10 1611/68/10 1612/67/10
f 1613/69/11 1614/70/11 1615/70/11
f 1613/69/11 1615/70/11 1616/69/11
f 1616/69/8 1615/70/8 1612/67/8
f 1616/69/8 1612/67/8 1611/68/8
f 1617/71/8 1618/72/8 1619/54/8
f 1617/71/8 1619/54/8 1620/43/8
f 1621/42/8 1622/51/8 1623/73/8
f 1621/42/8 1623/73/8 1624/74/8
f 1625/75/1 1626/76/55 1627/76/32
f 1625/75/1 1627/76/32 1628/75/1
f 1626/76/55 1629/77/100 1630/77/33
f 1626/76/55 1630/77/33 1627/76/32
f 1629/77/100 1631/78/34 1632/78/34
f 1629/77/100 1632/78/34 1630/77/33
f 1631/78/34 1633/79/88 1634/79/88
f 1631/78/34 1634/79/88 1632/78/34
f 1633/79/88 1635/80/89 1636/80/35
f 1633/79/88 1636/80/35 1634/79/88
f 1635/80/89 1637/81/36 1638/81/36
f 1635/80/89 1638/81/36 1636/80/35
f 1637/81/36 1639/82/37 1640/82/37
f 1637/81/36 1640/82/37 1638/81/36
f 1639/82/37 1641/83/4 1642/83/4
f 1639/82/37 1642/83/4 1640/82/37
f 1641/83/4 1643/84/91 1644/84/39
f 1641/83/4 1644/84/39 1642/83/4
f 1643/84/91 1645/85/92 1646/85/49
f 1643/84/91 1646/85/49 1644/84/39
f 1645/85/92 1647/86/42 1648/86/42
f 1645/85/92 1648/86/42 1646/85/49
f 1647/86/42 1649/87/43 1650/87/43
f 1647/86/42 1650/87/43 1648/86/42
f 1649/87/43 1651/88/97 1652/88/44
f 1649/87/43 1652/88/44 1650/87/43
f 1651/88/97 1653/89/45 1654/89/45
f 1651/88/97 1654/89/45 1652/88/44
f 1653/89/45 1655/90/46 1656/90/46
f 1653/89/45 1656/90/46 1654/89/45
f 1655/90/46 1625/75/1 1628/75/1
f 1655/90/46 1628/75/1 1656/90/46
f 1648/86/8 1650/87/8 1652/88/8
f 1646/85/8 1648/86/8 1652/88/8
f 1646/85/8 1652/88/8 1654/89/8
f 1644/84/8 1646/85/8 1654/89/8
f 1642/83/8 1644/84/8 1654/89/8
f 1640/82/8 1642/83/8 1654/89/8
f 1638/81/8 1640/82/8 1654/89/8
f 1636/80/8 1638/81/8 1654/89/8
f 1634/79/60 1636/80/8 1654/89/8
f 1632/78/50 1634/79/60 1654/89/8
f 1630/77/48 1632/78/50 1654/89/8
f 1627/76/93 1630/77/48 1654/89/8
f 1628/75/8 1627/76/93 1654/89/8
f 1656/90/8 1628/75/8 1654/89/8
f 1657/91/1 1658/92/55 1659/92/32
f 1657/91/1 1659/92/32 1660/91/1
f 1658/92/55 1661/93/94 1662/93/33
f 1658/92/55 1662/93/33 1659/92/32
f 1661/93/94 1663/94/34 1664/94/34
f 1661/93/94 1664/94/34 1662/93/33
f 1663/94/34 1665/95/88 1666/95/88
f 1663/94/34 1666/95/88 1664/94/34
f 1665/95/88 1667/96/35 1668/96/35
f 1665/95/88 1668/96/35 1666/95/88
f 1667/96/35 1669/97/36 1670/97/36
f 1667/96/35 1670/97/36 1668/96/35
f 1669/97/36 1671/98/37 1672/98/37
f 1669/97/36 1672/98/37 1670/97/36
f 1671/98/37 1673/99/90 1674/99/4
f 1671/98/37 1674/99/4 1672/98/37
f 1673/99/90 1675/100/39 1676/100/39
f 1673/99/90 1676/100/39 1674/99/4
f 1675/100/39 1677/101/92 1678/101/49
f 1675/100/39 1678/101/49 1676/100/39
f 1677/101/92 1679/102/42 1680/102/42
f 1677/101/92 1680/102/42 1678/101/49
f 1679/102/42 1681/103/11 1682/103/11
f 1679/102/42 1682/103/11 1680/102/42
f 1681/103/11 1683/104/44 1684/104/44
f 1681/103/11 1684/104/44 1682/103/11
f 1683/104/44 1685/105/45 1686/105/45
f 1683/104/44 1686/105/45 1684/104/44
f 1685/105/45 1687/106/46 1688/106/46
f 1685/105/45 1688/106/46 1686/105/45
f 1687/106/46 1657/91/1 1660/91/1
f 1687/106/46 1660/91/1 1688/106/46
f 1680/102/8 1682/103/8 1684/104/8
f 1678/101/8 1680/102/8 1684/104/8
f 1678/101/8 1684/104/8 1686/105/8
f 1676/100/8 1678/101/8 1686/105/8
f 1674/99/8 1676/100/8 1686/105/8
f 1672/98/60 1674/99/8 1686/105/8
f 1670/97/8 1672/98/60 1686/105/8
f 1668/96/8 1670/97/8 1686/105/8
f 1666/95/60 1668/96/8 1686/105/8
f 1664/94/50 1666/95/60 1686/105/8
f 1662/93/48 1664/94/50 1686/105/8
f 1659/92/93 1662/93/48 1686/105/8
f 1660/91/8 1659/92/93 1686/105/8
f 1688/106/8 1660/91/8 1686/105/8
f 1689/107/1 1690/108/32 1691/108/32
f 1689/107/1 1691/108/32 1692/107/1
f 1690/108/32 1693/109/100 1694/109/94
f 1690/108/32 1694/109/94 1691/108/32
f 1693/109/100 1695/110/34 1696/110/34
f 1693/109/100 1696/110/34 1694/109/94
f 1695/110/34 1697/111/88 1698/111/88
f 1695/110/34 1698/111/88 1696/110/34
f 1697/111/88 1699/112/35 1700/112/35
f 1697/111/88 1700/112/35 1698/111/88
f 1699/112/35 1701/113/56 1702/113/36
f 1699/112/35 1702/113/36 1700/112/35
f 1701/113/56 1703/114/37 1704/114/37
f 1701/113/56 1704/114/37 1702/113/36
f 1703/114/37 1705/115/4 1706/115/4
f 1703/114/37 1706/115/4 1704/114/37
f 1705/115/4 1707/116/39 1708/116/39
f 1705/115/4 1708/116/39 1706/115/4
f 1707/116/39 1709/117/96 1710/117/49
f 1707/116/39 1710/117/49 1708/116/39
f 1709/117/96 1711/118/42 1712/118/42
f 1709/117/96 1712/118/42 1710/117/49
f 1711/118/42 1713/119/43 1714/119/11
f 1711/118/42 1714/119/11 1712/118/42
f 1713/119/43 1715/120/97 1716/120/44
f 1713/119/43 1716/120/44 1714/119/11
f 1715/120/97 1717/121/52 1718/121/45
f 1715/120/97 1718/121/45 1716/120/44
f 1717/121/52 1719/122/46 1720/122/46
f 1717/121/52 1720/122/46 1718/121/45
f 1719/122/46 1689/107/1 1692/107/1
f 1719/122/46 1692/107/1 1720/122/46
f 1712/118/8 1714/119/8 1716/120/8
f 1710/117/8 1712/118/8 1716/120/8
f 1710/117/8 1716/120/8 1718/121/8
f 1708/116/8 1710/117/8 1718/121/8
f 1706/115/8 1708/116/8 1718/121/8
f 1704/114/60 1706/115/8 1718/121/8
f 1702/113/8 1704/114/60 1718/121/8
f 1700/112/8 1702/113/8 1718/121/8
f 1698/111/8 1700/112/8 1718/121/8
f 1696/110/50 1698/111/8 1718/121/8
f 1694/109/51 1696/110/50 1718/121/8
f 1691/108/99 1694/109/51 1718/121/8
f 1692/107/8 1691/108/99 1718/121/8
f 1720/122/8 1692/107/8 1718/121/8
f 1721/123/54 1722/124/32 1723/124/32
f 1721/123/54 1723/124/32 1724/123/1
f 1722/124/32 1725/125/94 1726/125/33
f 1722/124/32 1726/125/33 1723/124/32
f 1725/125/94 1727/126/34 1728/126/34
f 1725/125/94 1728/126/34 1726/125/33
f 1727/126/34 1729/127/88 1730/127/88
f 1727/126/34 1730/127/88 1728/126/34
f 1729/127/88 1731/128/95 1732/128/35
f 1729/127/88 1732/128/35 1730/127/88
f 1731/128/95 1733/129/36 1734/129/36
f 1731/128/95 1734/129/36 1732/128/35
f 1733/129/36 1735/130/37 1736/130/37
f 1733/129/36 1736/130/37 1734/129/36
f 1735/130/37 1737/131/90 1738/131/4
f 1735/130/37 1738/131/4 1736/130/37
f 1737/131/90 1739/132/91 1740/132/39
f 1737/131/90 1740/132/39 1738/131/4
f 1739/132/91 1741/133/96 1742/133/49
f 1739/132/91 1742/133/49 1740/132/39
f 1741/133/96 1743/134/42 1744/134/42
f 1741/133/96 1744/134/42 1742/133/49
f 1743/134/42 1745/135/11 1746/135/11
f 1743/134/42 1746/135/11 1744/134/42
f 1745/135/11 1747/136/98 1748/136/44
f 1745/135/11 1748/136/44 1746/135/11
f 1747/136/98 1749/137/45 1750/137/45
f 1747/136/98 1750/137/45 1748/136/44
f 1749/137/45 1751/138/46 1752/138/46
f 1749/137/45 1752/138/46 1750/137/45
f 1751/138/46 1721/123/54 1724/123/1
f 1751/138/46 1724/123/1 1752/138/46
f 1744/134/8 1746/135/8 1748/136/8
f 1742/133/8 1744/134/8 1748/136/8
f 1742/133/8 1748/136/8 1750/137/8
f 1740/132/8 1742/133/8 1750/137/8
f 1738/131/8 1740/132/8 1750/137/8
f 1736/130/8 1738/131/8 1750/137/8
f 1734/129/8 1736/130/8 1750/137/8
f 1732/128/8 1734/129/8 1750/137/8
f 1730/127/8 1732/128/8 1750/137/8
f 1728/126/50 1730/127/8 1750/137/8
f 1726/125/51 1728/126/50 1750/137/8
f 1723/124/99 1726/125/51 1750/137/8
f 1724/123/8 1723/124/99 1750/137/8
f 1752/138/8 1724/123/8 1750/137/8
f 1753/1/1 1754/2/1 1755/2/1
f 1753/1/1 1755/2/1 1756/1/1
f 1757/3/72 1756/1/72 1755/2/73
f 1758/4/74 1757/3/72 1755/2/73
f 1759/5/4 1760/6/4 1761/6/4
f 1759/5/4 1762/5/4 1760/6/4
f 1763/7/75 1760/6/75 1762/5/75
f 1764/8/76 1760/6/76 1763/7/76
f 1765/9/1 1766/10/1 1767/10/1
f 1765/9/1 1767/10/1 1768/9/1
f 1769/11/72 1768/9/72 1767/10/73
f 1770/12/74 1769/11/72 1767/10/73
f 1771/13/4 1772/14/4 1773/14/4
f 1771/13/4 1774/13/4 1772/14/4
f 1775/15/75 1772/14/75 1774/13/75
f 1776/16/76 1772/14/76 1775/15/76
f 1777/17/1 1778/18/1 1779/18/1
f 1777/17/1 1779/18/1 1780/17/1
f 1781/19/72 1780/17/72 1779/18/73
f 1782/20/74 1781/19/72 1779/18/73
f 1783/21/4 1784/22/4 1785/22/4
f 1783/21/4 1786/21/4 1784/22/4
f 1787/23/77 1784/22/77 1786/21/77
f 1788/24/78 1784/22/78 1787/23/78
f 1789/25/8 1790/26/8 1791/27/8
f 1792/28/8 1789/25/8 1791/27/8
f 1793/29/8 1792/28/8 1791/27/8
f 1793/29/8 1791/27/8 1794/30/79
f 1795/31/8 1793/29/8 1794/30/79
f 1795/31/8 1794/30/79 1796/32/8
f 1797/33/10 1798/34/10 1799/34/10
f 1797/33/10 1799/34/10 1800/33/10
f 1798/34/1 1801/35/1 1802/35/1
f 1798/34/1 1802/35/1 1799/34/1
f 1801/35/11 1803/36/11 1804/36/11
f 1801/35/11 1804/36/11 1802/35/11
f 1803/36/4 1797/33/4 1800/33/4
f 1803/36/4 1800/33/4 1804/36/4
f 1804/36/80 1800/33/80 1805/37/80
f 1806/38/81 1805/37/81 1800/33/81
f 1804/36/15 1805/37/15 1807/39/15
f 1802/35/15 1804/36/15 1807/39/15
f 1802/35/63 1807/39/63 1808/40/63
f 1799/34/63 1802/35/63 1808/40/63
f 1808/40/83 1806/38/83 1800/33/19
f 1808/40/83 1800/33/19 1799/34/19
f 1809/41/10 1810/42/10 1811/42/10
f 1809/41/10 1811/42/10 1812/41/10
f 1810/42/1 1813/43/1 1814/43/1
f 1810/42/1 1814/43/1 1811/42/1
f 1813/43/11 1815/44/11 1816/44/11
f 1813/43/11 1816/44/11 1814/43/11
f 1815/44/4 1809/41/4 1812/41/4
f 1815/44/4 1812/41/4 1816/44/4
f 1816/44/80 1812/41/81 1807/39/80
f 1808/40/82 1807/39/80 1812/41/81
f 1816/44/15 1807/39/15 1791/27/15
f 1814/43/15 1816/44/15 1791/27/15
f 1814/43/63 1791/27/63 1790/26/63
f 1811/42/63 1814/43/63 1790/26/63
f 1790/26/83 1808/40/83 1812/41/19
f 1790/26/83 1812/41/19 1811/42/84
f 1817/45/10 1818/46/10 1819/46/10
f 1817/45/10 1819/46/10 1820/45/10
f 1818/46/1 1821/47/1 1822/47/1
f 1818/46/1 1822/47/1 1819/46/1
f 1821/47/11 1823/48/11 1824/48/11
f 1821/47/11 1824/48/11 1822/47/11
f 1823/48/4 1817/45/4 1820/45/4
f 1823/48/4 1820/45/4 1824/48/4
f 1824/48/87 1820/45/87 1825/49/87
f 1826/50/87 1825/49/87 1820/45/87
f 1824/48/15 1825/49/15 1827/37/15
f 1822/47/15 1824/48/15 1827/37/15
f 1822/47/86 1827/37/86 1828/38/86
f 1819/46/86 1822/47/86 1828/38/86
f 1828/38/19 1826/50/19 1820/45/83
f 1828/38/19 1820/45/83 1819/46/19
f 1829/51/10 1830/52/10 1831/52/10
f 1829/51/10 1831/52/10 1832/51/10
f 1830/52/1 1833/53/1 1834/53/1
f 1830/52/1 1834/53/1 1831/52/1
f 1833/53/11 1835/54/11 1836/54/11
f 1833/53/11 1836/54/11 1834/53/11
f 1835/54/4 1829/51/4 1832/51/4
f 1835/54/4 1832/51/4 1836/54/4
f 1836/54/87 1832/51/87 1837/30/87
f 1838/32/87 1837/30/87 1832/51/87
f 1836/54/15 1837/30/15 1825/49/15
f 1834/53/15 1836/54/15 1825/49/15
f 1834/53/86 1825/49/86 1826/50/86
f 1831/52/86 1834/53/86 1826/50/86
f 1826/50/19 1838/32/19 1832/51/83
f 1826/50/19 1832/51/83 1831/52/84
f 1839/55/10 1840/56/10 1841/56/10
f 1839/55/10 1841/56/10 1842/55/10
f 1843/57/11 1844/58/11 1845/58/11
f 1843/57/11 1845/58/11 1846/57/11
f 1846/57/8 1845/58/8 1842/55/8
f 1846/57/8 1842/55/8 1841/56/8
f 1847/59/10 1848/60/10 1849/60/10
f 1847/59/10 1849/60/10 1850/59/10
f 1851/61/11 1852/62/11 1853/62/11
f 1851/61/11 1853/62/11 1854/61/11
f 1854/61/8 1853/62/8 1850/59/8
f 1854/61/8 1850/59/8 1849/60/8
f 1855/63/10 1856/64/10 1857/64/10
f 1855/63/10 1857/64/10 1858/63/10
f 1859/65/11 1860/66/11 1861/66/11
f 1859/65/11 1861/66/11 1862/65/11
f 1862/65/8 1861/66/8 1858/63/8
f 1862/65/8 1858/63/8 1857/64/8
f 1863/67/10 1864/68/10 1865/68/10
f 1863/67/10 1865/68/10 1866/67/10
f 1867/69/11 1868/70/11 1869/70/11
f 1867/69/11 1869/70/11 1870/69/11
f 1870/69/8 1869/70/8 1866/67/8
f 1870/69/8 1866/67/8 1865/68/8
f 1871/71/8 1872/72/8 1873/54/8
f 1871/71/8 1873/54/8 1874/43/8
f 1875/42/8 1876/51/8 1877/73/8
f 1875/42/8 1877/73/8 1878/74/8
f 1879/75/54 1880/76/55 1881/76/32
f 1879/75/54 1881/76/32 1882/75/1
f 1880/76/55 1883/77/100 1884/77/33
f 1880/76/55 1884/77/33 1881/76/32
f 1883/77/100 1885/78/34 1886/78/34
f 1883/77/100 1886/78/34 1884/77/33
f 1885/78/34 1887/79/88 1888/79/88
f 1885/78/34 1888/79/88 1886/78/34
f 1887/79/88 1889/80/95 1890/80/35
f 1887/79/88 1890/80/35 1888/79/88
f 1889/80/95 1891/81/36 1892/81/36
f 1889/80/95 1892/81/36 1890/80/35
f 1891/81/36 1893/82/37 1894/82/37
f 1891/81/36 1894/82/37 1892/81/36
f 1893/82/37 1895/83/90 1896/83/4
f 1893/82/37 1896/83/4 1894/82/37
f 1895/83/90 1897/84/91 1898/84/39
f 1895/83/90 1898/84/39 1896/83/4
f 1897/84/91 1899/85/92 1900/85/49
f 1897/84/91 1900/85/49 1898/84/39
f 1899/85/92 1901/86/42 1902/86/42
f 1899/85/92 1902/86/42 1900/85/49
f 1901/86/42 1903/87/11 1904/87/43
f 1901/86/42 1904/87/43 1902/86/42
f 1903/87/11 1905/88/111 1906/88/44
f 1903/87/11 1906/88/44 1904/87/43
f 1905/88/111 1907/89/45 1908/89/45
f 1905/88/111 1908/89/45 1906/88/44
f 1907/89/45 1909/90/46 1910/90/46
f 1907/89/45 1910/90/46 1908/89/45
f 1909/90/46 1879/75/54 1882/75/1
f 1909/90/46 1882/75/1 1910/90/46
f 1902/86/8 1904/87/8 1906/88/8
f 1900/85/8 1902/86/8 1906/88/8
f 1900/85/8 1906/88/8 1908/89/8
f 1898/84/8 1900/85/8 1908/89/8
f 1896/83/8 1898/84/8 1908/89/8
f 1894/82/8 1896/83/8 1908/89/8
f 1892/81/8 1894/82/8 1908/89/8
f 1890/80/8 1892/81/8 1908/89/8
f 1888/79/8 1890/80/8 1908/89/8
f 1886/78/50 1888/79/8 1908/89/8
f 1884/77/51 1886/78/50 1908/89/8
f 1881/76/93 1884/77/51 1908/89/8
f 1882/75/8 1881/76/93 1908/89/8
f 1910/90/8 1882/75/8 1908/89/8
f 1911/91/1 1912/92/32 1913/92/32
f 1911/91/1 1913/92/32 1914/91/1
f 1912/92/32 1915/93/112 1916/93/94
f 1912/92/32 1916/93/94 1913/92/32
f 1915/93/112 1917/94/34 1918/94/34
f 1915/93/112 1918/94/34 1916/93/94
f 1917/94/34 1919/95/88 1920/95/88
f 1917/94/34 1920/95/88 1918/94/34
f 1919/95/88 1921/96/89 1922/96/35
f 1919/95/88 1922/96/35 1920/95/88
f 1921/96/89 1923/97/56 1924/97/36
f 1921/96/89 1924/97/36 1922/96/35
f 1923/97/56 1925/98/37 1926/98/37
f 1923/97/56 1926/98/37 1924/97/36
f 1925/98/37 1927/99/4 1928/99/4
f 1925/98/37 1928/99/4 1926/98/37
f 1927/99/4 1929/100/39 1930/100/39
f 1927/99/4 1930/100/39 1928/99/4
f 1929/100/39 1931/101/92 1932/101/49
f 1929/100/39 1932/101/49 1930/100/39
f 1931/101/92 1933/102/42 1934/102/42
f 1931/101/92 1934/102/42 1932/101/49
f 1933/102/42 1935/103/43 1936/103/43
f 1933/102/42 1936/103/43 1934/102/42
f 1935/103/43 1937/104/44 1938/104/97
f 1935/103/43 1938/104/97 1936/103/43
f 1937/104/44 1939/105/52 1940/105/52
f 1937/104/44 1940/105/52 1938/104/97
f 1939/105/52 1941/106/46 1942/106/46
f 1939/105/52 1942/106/46 1940/105/52
f 1941/106/46 1911/91/1 1914/91/1
f 1941/106/46 1914/91/1 1942/106/46
f 1934/102/8 1936/103/8 1938/104/8
f 1932/101/8 1934/102/8 1938/104/8
f 1932/101/8 1938/104/8 1940/105/8
f 1930/100/8 1932/101/8 1940/105/8
f 1928/99/8 1930/100/8 1940/105/8
f 1926/98/60 1928/99/8 1940/105/8
f 1924/97/8 1926/98/60 1940/105/8
f 1922/96/8 1924/97/8 1940/105/8
f 1920/95/60 1922/96/8 1940/105/8
f 1918/94/50 1920/95/60 1940/105/8
f 1916/93/51 1918/94/50 1940/105/8
f 1913/92/99 1916/93/51 1940/105/8
f 1914/91/8 1913/92/99 1940/105/8
f 1942/106/8 1914/91/8 1940/105/8
f 1943/107/1 1944/108/55 1945/108/32
f 1943/107/1 1945/108/32 1946/107/1
f 1944/108/55 1947/109/33 1948/109/33
f 1944/108/55 1948/109/33 1945/108/32
f 1947/109/33 1949/110/34 1950/110/34
f 1947/109/33 1950/110/34 1948/109/33
f 1949/110/34 1951/111/88 1952/111/10
f 1949/110/34 1952/111/10 1950/110/34
f 1951/111/88 1953/112/95 1954/112/35
f 1951/111/88 1954/112/35 1952/111/10
f 1953/112/95 1955/113/56 1956/113/36
f 1953/112/95 1956/113/36 1954/112/35
f 1955/113/56 1957/114/37 1958/114/37
f 1955/113/56 1958/114/37 1956/113/36
f 1957/114/37 1959/115/4 1960/115/4
f 1957/114/37 1960/115/4 1958/114/37
f 1959/115/4 1961/116/91 1962/116/39
f 1959/115/4 1962/116/39 1960/115/4
f 1961/116/91 1963/117/49 1964/117/49
f 1961/116/91 1964/117/49 1962/116/39
f 1963/117/49 1965/118/42 1966/118/42
f 1963/117/49 1966/118/42 1964/117/49
f 1965/118/42 1967/119/11 1968/119/43
f 1965/118/42 1968/119/43 1966/118/42
f 1967/119/11 1969/120/44 1970/120/44
f 1967/119/11 1970/120/44 1968/119/43
f 1969/120/44 1971/121/45 1972/121/45
f 1969/120/44 1972/121/45 1970/120/44
f 1971/121/45 1973/122/46 1974/122/46
f 1971/121/45 1974/122/46 1972/121/45
f 1973/122/46 1943/107/1 1946/107/1
f 1973/122/46 1946/107/1 1974/122/46
f 1966/118/8 1968/119/8 1970/120/8
f 1964/117/8 1966/118/8 1970/120/8
f 1964/117/8 1970/120/8 1972/121/8
f 1962/116/8 1964/117/8 1972/121/8
f 1960/115/8 1962/116/8 1972/121/8
f 1958/114/8 1960/115/8 1972/121/8
f 1956/113/8 1958/114/8 1972/121/8
f 1954/112/8 1956/113/8 1972/121/8
f 1952/111/60 1954/112/8 1972/121/8
f 1950/110/50 1952/111/60 1972/121/8
f 1948/109/48 1950/110/50 1972/121/8
f 1945/108/93 1948/109/48 1972/121/8
f 1946/107/8 1945/108/93 1972/121/8
f 1974/122/8 1946/107/8 1972/121/8
f 1975/123/1 1976/124/32 1977/124/32
f 1975/123/1 1977/124/32 1978/123/1
f 1976/124/32 1979/125/100 1980/125/94
f 1976/124/32 1980/125/94 1977/124/32
f 1979/125/100 1981/126/34 1982/126/34
f 1979/125/100 1982/126/34 1980/125/94
f 1981/126/34 1983/127/88 1984/127/88
f 1981/126/34 1984/127/88 1982/126/34
f 1983/127/88 1985/128/95 1986/128/35
f 1983/127/88 1986/128/35 1984/127/88
f 1985/128/95 1987/129/36 1988/129/36
f 1985/128/95 1988/129/36 1986/128/35
f 1987/129/36 1989/130/37 1990/130/37
f 1987/129/36 1990/130/37 1988/129/36
f 1989/130/37 1991/131/4 1992/131/4
f 1989/130/37 1992/131/4 1990/130/37
f 1991/131/4 1993/132/39 1994/132/39
f 1991/131/4 1994/132/39 1992/131/4
f 1993/132/39 1995/133/92 1996/133/49
f 1993/132/39 1996/133/49 1994/132/39
f 1995/133/92 1997/134/42 1998/134/42
f 1995/133/92 1998/134/42 1996/133/49
f 1997/134/42 1999/135/43 2000/135/43
f 1997/134/42 2000/135/43 1998/134/42
f 1999/135/43 2001/136/97 2002/136/44
f 1999/135/43 2002/136/44 2000/135/43
f 2001/136/97 2003/137/52 2004/137/45
f 2001/136/97 2004/137/45 2002/136/44
f 2003/137/52 2005/138/46 2006/138/46
f 2003/137/52 2006/138/46 2004/137/45
f 2005/138/46 1975/123/1 1978/123/1
f 2005/138/46 1978/123/1 2006/138/46
f 1998/134/8 2000/135/8 2002/136/8
f 1996/133/8 1998/134/8 2002/136/8
f 1996/133/8 2002/136/8 2004/137/8
f 1994/132/8 1996/133/8 2004/137/8
f 1992/131/8 1994/132/8 2004/137/8
f 1990/130/60 1992/131/8 2004/137/8
f 1988/129/8 1990/130/60 2004/137/8
f 1986/128/8 1988/129/8 2004/137/8
f 1984/127/60 1986/128/8 2004/137/8
f 1982/126/50 1984/127/60 2004/137/8
f 1980/125/51 1982/126/50 2004/137/8
f 1977/124/99 1980/125/51 2004/137/8
f 1978/123/8 1977/124/99 2004/137/8
f 2006/138/8 1978/123/8 2004/137/8
f 2007/1/1 2008/2/1 2009/2/1
f 2007/1/1 2009/2/1 2010/1/1
f 2011/3/72 2010/1/72 2009/2/73
f 2012/4/74 2011/3/72 2009/2/73
f 2013/5/4 2014/6/4 2015/6/4
f 2013/5/4 2016/5/4 2014/6/4
f 2017/7/75 2014/6/75 2016/5/75
f 2018/8/76 2014/6/76 2017/7/76
f 2019/9/1 2020/10/1 2021/10/1
f 2019/9/1 2021/10/1 2022/9/1
f 2023/11/72 2022/9/72 2021/10/73
f 2024/12/74 2023/11/72 2021/10/73
f 2025/13/4 2026/14/4 2027/14/4
f 2025/13/4 2028/13/4 2026/14/4
f 2029/15/75 2026/14/75 2028/13/75
f 2030/16/76 2026/14/76 2029/15/76
f 2031/17/1 2032/18/1 2033/18/1
f 2031/17/1 2033/18/1 2034/17/1
f 2035/19/72 2034/17/72 2033/18/73
f 2036/20/74 2035/19/72 2033/18/73
f 2037/21/4 2038/22/4 2039/22/4
f 2037/21/4 2040/21/4 2038/22/4
f 2041/23/75 2038/22/75 2040/21/75
f 2042/24/76 2038/22/76 2041/23/76
f 2043/25/8 2044/26/8 2045/27/8
f 2046/28/8 2043/25/8 2045/27/8
f 2047/29/8 2046/28/8 2045/27/8
f 2047/29/8 2045/27/8 2048/30/79
f 2049/31/8 2047/29/8 2048/30/79
f 2049/31/8 2048/30/79 2050/32/8
f 2051/33/10 2052/34/10 2053/34/10
f 2051/33/10 2053/34/10 2054/33/10
f 2052/34/1 2055/35/1 2056/35/1
f 2052/34/1 2056/35/1 2053/34/1
f 2055/35/11 2057/36/11 2058/36/11
f 2055/35/11 2058/36/11 2056/35/11
f 2057/36/4 2051/33/4 2054/33/4
f 2057/36/4 2054/33/4 2058/36/4
f 2058/36/80 2054/33/80 2059/37/80
f 2060/38/81 2059/37/81 2054/33/81
f 2058/36/15 2059/37/15 2061/39/15
f 2056/35/15 2058/36/15 2061/39/15
f 2056/35/63 2061/39/63 2062/40/63
f 2053/34/63 2056/35/63 2062/40/63
f 2062/40/19 2060/38/19 2054/33/19
f 2062/40/19 2054/33/19 2053/34/19
f 2063/41/10 2064/42/10 2065/42/10
f 2063/41/10 2065/42/10 2066/41/10
f 2064/42/1 2067/43/1 2068/43/1
f 2064/42/1 2068/43/1 2065/42/1
f 2067/43/11 2069/44/11 2070/44/11
f 2067/43/11 2070/44/11 2068/43/11
f 2069/44/4 2063/41/4 2066/41/4
f 2069/44/4 2066/41/4 2070/44/4
f 2070/44/104 2066/41/109 2061/39/104
f 2062/40/81 2061/39/104 2066/41/109
f 2070/44/15 2061/39/15 2045/27/15
f 2068/43/15 2070/44/15 2045/27/15
f 2068/43/63 2045/27/63 2044/26/63
f 2065/42/63 2068/43/63 2044/26/63
f 2044/26/19 2062/40/83 2066/41/84
f 2044/26/19 2066/41/84 2065/42/83
f 2071/45/10 2072/46/10 2073/46/10
f 2071/45/10 2073/46/10 2074/45/10
f 2072/46/1 2075/47/1 2076/47/1
f 2072/46/1 2076/47/1 2073/46/1
f 2075/47/11 2077/48/11 2078/48/11
f 2075/47/11 2078/48/11 2076/47/11
f 2077/48/4 2071/45/4 2074/45/4
f 2077/48/4 2074/45/4 2078/48/4
f 2078/48/85 2074/45/85 2079/49/85
f 2080/50/85 2079/49/85 2074/45/85
f 2078/48/15 2079/49/15 2081/37/15
f 2076/47/15 2078/48/15 2081/37/15
f 2076/47/86 2081/37/86 2082/38/86
f 2073/46/86 2076/47/86 2082/38/86
f 2082/38/19 2080/50/83 2074/45/19
f 2082/38/19 2074/45/19 2073/46/19
f 2083/51/10 2084/52/10 2085/52/10
f 2083/51/10 2085/52/10 2086/51/10
f 2084/52/1 2087/53/1 2088/53/1
f 2084/52/1 2088/53/1 2085/52/1
f 2087/53/11 2089/54/11 2090/54/11
f 2087/53/11 2090/54/11 2088/53/11
f 2089/54/4 2083/51/4 2086/51/4
f 2089/54/4 2086/51/4 2090/54/4
f 2090/54/87 2086/51/87 2091/30/87
f 2092/32/87 2091/30/87 2086/51/87
f 2090/54/15 2091/30/15 2079/49/15
f 2088/53/15 2090/54/15 2079/49/15
f 2088/53/86 2079/49/86 2080/50/86
f 2085/52/86 2088/53/86 2080/50/86
f 2080/50/83 2092/32/83 2086/51/19
f 2080/50/83 2086/51/19 2085/52/19
f 2093/55/10 2094/56/10 2095/56/10
f 2093/55/10 2095/56/10 2096/55/10
f 2097/57/11 2098/58/11 2099/58/11
f 2097/57/11 2099/58/11 2100/57/11
f 2100/57/8 2099/58/8 2096/55/8
f 2100/57/8 2096/55/8 2095/56/8
f 2101/59/10 2102/60/10 2103/60/10
f 2101/59/10 2103/60/10 2104/59/10
f 2105/61/11 2106/62/11 2107/62/11
f 2105/61/11 2107/62/11 2108/61/11
f 2108/61/8 2107/62/8 2104/59/8
f 2108/61/8 2104/59/8 2103/60/8
f 2109/63/10 2110/64/10 2111/64/10
f 2109/63/10 2111/64/10 2112/63/10
f 2113/65/11 2114/66/11 2115/66/11
f 2113/65/11 2115/66/11 2116/65/11
f 2116/65/8 2115/66/8 2112/63/8
f 2116/65/8 2112/63/8 2111/64/8
f 2117/67/10 2118/68/10 2119/68/10
f 2117/67/10 2119/68/10 2120/67/10
f 2121/69/11 2122/70/11 2123/70/11
f 2121/69/11 2123/70/11 2124/69/11
f 2124/69/8 2123/70/8 2120/67/8
f 2124/69/8 2120/67/8 2119/68/8
f 2125/71/8 2126/72/8 2127/54/8
f 2125/71/8 2127/54/8 2128/43/8
f 2129/42/8 2130/51/8 2131/73/8
f 2129/42/8 2131/73/8 2132/74/8
f 2133/75/1 2134/76/55 2135/76/32
f 2133/75/1 2135/76/32 2136/75/1
f 2134/76/55 2137/77/94 2138/77/33
f 2134/76/55 2138/77/33 2135/76/32
f 2137/77/94 2139/78/34 2140/78/34
f 2137/77/94 2140/78/34 2138/77/33
f 2139/78/34 2141/79/88 2142/79/88
f 2139/78/34 2142/79/88 2140/78/34
f 2141/79/88 2143/80/95 2144/80/89
f 2141/79/88 2144/80/89 2142/79/88
f 2143/80/95 2145/81/36 2146/81/36
f 2143/80/95 2146/81/36 2144/80/89
f 2145/81/36 2147/82/37 2148/82/37
f 2145/81/36 2148/82/37 2146/81/36
f 2147/82/37 2149/83/4 2150/83/4
f 2147/82/37 2150/83/4 2148/82/37
f 2149/83/4 2151/84/39 2152/84/39
f 2149/83/4 2152/84/39 2150/83/4
f 2151/84/39 2153/85/96 2154/85/49
f 2151/84/39 2154/85/49 2152/84/39
f 2153/85/96 2155/86/42 2156/86/42
f 2153/85/96 2156/86/42 2154/85/49
f 2155/86/42 2157/87/43 2158/87/43
f 2155/86/42 2158/87/43 2156/86/42
f 2157/87/43 2159/88/97 2160/88/44
f 2157/87/43 2160/88/44 2158/87/43
f 2159/88/97 2161/89/45 2162/89/45
f 2159/88/97 2162/89/45 2160/88/44
f 2161/89/45 2163/90/46 2164/90/46
f 2161/89/45 2164/90/46 2162/89/45
f 2163/90/46 2133/75/1 2136/75/1
f 2163/90/46 2136/75/1 2164/90/46
f 2156/86/8 2158/87/8 2160/88/8
f 2154/85/8 2156/86/8 2160/88/8
f 2154/85/8 2160/88/8 2162/89/8
f 2152/84/8 2154/85/8 2162/89/8
f 2150/83/8 2152/84/8 2162/89/8
f 2148/82/8 2150/83/8 2162/89/8
f 2146/81/8 2148/82/8 2162/89/8
f 2144/80/8 2146/81/8 2162/89/8
f 2142/79/8 2144/80/8 2162/89/8
f 2140/78/50 2142/79/8 2162/89/8
f 2138/77/48 2140/78/50 2162/89/8
f 2135/76/93 2138/77/48 2162/89/8
f 2136/75/8 2135/76/93 2162/89/8
f 2164/90/8 2136/75/8 2162/89/8
f 2165/91/1 2166/92/55 2167/92/55
f 2165/91/1 2167/92/55 2168/91/1
f 2166/92/55 2169/93/94 2170/93/33
f 2166/92/55 2170/93/33 2167/92/55
f 2169/93/94 2171/94/34 2172/94/34
f 2169/93/94 2172/94/34 2170/93/33
f 2171/94/34 2173/95/88 2174/95/88
f 2171/94/34 2174/95/88 2172/94/34
f 2173/95/88 2175/96/113 2176/96/95
f 2173/95/88 2176/96/95 2174/95/88
f 2175/96/113 2177/97/36 2178/97/36
f 2175/96/113 2178/97/36 2176/96/95
f 2177/97/36 2179/98/37 2180/98/37
f 2177/97/36 2180/98/37 2178/97/36
f 2179/98/37 2181/99/4 2182/99/4
f 2179/98/37 2182/99/4 2180/98/37
f 2181/99/4 2183/100/39 2184/100/39
f 2181/99/4 2184/100/39 2182/99/4
f 2183/100/39 2185/101/92 2186/101/49
f 2183/100/39 2186/101/49 2184/100/39
f 2185/101/92 2187/102/42 2188/102/42
f 2185/101/92 2188/102/42 2186/101/49
f 2187/102/42 2189/103/43 2190/103/43
f 2187/102/42 2190/103/43 2188/102/42
f 2189/103/43 2191/104/44 2192/104/44
f 2189/103/43 2192/104/44 2190/103/43
f 2191/104/44 2193/105/52 2194/105/52
f 2191/104/44 2194/105/52 2192/104/44
f 2193/105/52 2195/106/46 2196/106/46
f 2193/105/52 2196/106/46 2194/105/52
f 2195/106/46 2165/91/1 2168/91/1
f 2195/106/46 2168/91/1 2196/106/46
f 2188/102/8 2190/103/8 2192/104/8
f 2186/101/8 2188/102/8 2192/104/8
f 2186/101/8 2192/104/8 2194/105/8
f 2184/100/8 2186/101/8 2194/105/8
f 2182/99/8 2184/100/8 2194/105/8
f 2180/98/60 2182/99/8 2194/105/8
f 2178/97/8 2180/98/60 2194/105/8
f 2176/96/8 2178/97/8 2194/105/8
f 2174/95/8 2176/96/8 2194/105/8
f 2172/94/50 2174/95/8 2194/105/8
f 2170/93/51 2172/94/50 2194/105/8
f 2167/92/99 2170/93/51 2194/105/8
f 2168/91/8 2167/92/99 2194/105/8
f 2196/106/8 2168/91/8 2194/105/8
f 2197/107/1 2198/108/32 2199/108/32
f 2197/107/1 2199/108/32 2200/107/1
f 2198/108/32 2201/109/94 2202/109/33
f 2198/108/32 2202/109/33 2199/108/32
f 2201/109/94 2203/110/34 2204/110/34
f 2201/109/94 2204/110/34 2202/109/33
f 2203/110/34 2205/111/10 2206/111/10
f 2203/110/34 2206/111/10 2204/110/34
f 2205/111/10 2207/112/35 2208/112/35
f 2205/111/10 2208/112/35 2206/111/10
f 2207/112/35 2209/113/56 2210/113/56
f 2207/112/35 2210/113/56 2208/112/35
f 2209/113/56 2211/114/37 2212/114/37
f 2209/113/56 2212/114/37 2210/113/56
f 2211/114/37 2213/115/4 2214/115/4
f 2211/114/37 2214/115/4 2212/114/37
f 2213/115/4 2215/116/39 2216/116/39
f 2213/115/4 2216/116/39 2214/115/4
f 2215/116/39 2217/117/101 2218/117/49
f 2215/116/39 2218/117/49 2216/116/39
f 2217/117/101 2219/118/42 2220/118/42
f 2217/117/101 2220/118/42 2218/117/49
f 2219/118/42 2221/119/43 2222/119/43
f 2219/118/42 2222/119/43 2220/118/42
f 2221/119/43 2223/120/44 2224/120/97
f 2221/119/43 2224/120/97 2222/119/43
f 2223/120/44 2225/121/45 2226/121/45
f 2223/120/44 2226/121/45 2224/120/97
f 2225/121/45 2227/122/46 2228/122/46
f 2225/121/45 2228/122/46 2226/121/45
f 2227/122/46 2197/107/1 2200/107/1
f 2227/122/46 2200/107/1 2228/122/46
f 2220/118/8 2222/119/8 2224/120/8
f 2218/117/8 2220/118/8 2224/120/8
f 2218/117/8 2224/120/8 2226/121/8
f 2216/116/8 2218/117/8 2226/121/8
f 2214/115/8 2216/116/8 2226/121/8
f 2212/114/60 2214/115/8 2226/121/8
f 2210/113/8 2212/114/60 2226/121/8
f 2208/112/8 2210/113/8 2226/121/8
f 2206/111/60 2208/112/8 2226/121/8
f 2204/110/50 2206/111/60 2226/121/8
f 2202/109/51 2204/110/50 2226/121/8
f 2199/108/99 2202/109/51 2226/121/8
f 2200/107/8 2199/108/99 2226/121/8
f 2228/122/8 2200/107/8 2226/121/8
f 2229/123/54 2230/124/55 2231/124/32
f 2229/123/54 2231/124/32 2232/123/1
f 2230/124/55 2233/125/33 2234/125/33
f 2230/124/55 2234/125/33 2231/124/32
f 2233/125/33 2235/126/34 2236/126/34
f 2233/125/33 2236/126/34 2234/125/33
f 2235/126/34 2237/127/10 2238/127/88
f 2235/126/34 2238/127/88 2236/126/34
f 2237/127/10 2239/128/113 2240/128/35
f 2237/127/10 2240/128/35 2238/127/88
f 2239/128/113 2241/129/36 2242/129/36
f 2239/128/113 2242/129/36 2240/128/35
f 2241/129/36 2243/130/37 2244/130/37
f 2241/129/36 2244/130/37 2242/129/36
f 2243/130/37 2245/131/90 2246/131/4
f 2243/130/37 2246/131/4 2244/130/37
f 2245/131/90 2247/132/91 2248/132/39
f 2245/131/90 2248/132/39 2246/131/4
f 2247/132/91 2249/133/92 2250/133/49
f 2247/132/91 2250/133/49 2248/132/39
f 2249/133/92 2251/134/42 2252/134/42
f 2249/133/92 2252/134/42 2250/133/49
f 2251/134/42 2253/135/11 2254/135/43
f 2251/134/42 2254/135/43 2252/134/42
f 2253/135/11 2255/136/97 2256/136/44
f 2253/135/11 2256/136/44 2254/135/43
f 2255/136/97 2257/137/52 2258/137/45
f 2255/136/97 2258/137/45 2256/136/44
f 2257/137/52 2259/138/46 2260/138/46
f 2257/137/52 2260/138/46 2258/137/45
f 2259/138/46 2229/123/54 2232/123/1
f 2259/138/46 2232/123/1 2260/138/46
f 2252/134/8 2254/135/8 2256/136/8
f 2250/133/8 2252/134/8 2256/136/8
f 2250/133/8 2256/136/8 2258/137/8
f 2248/132/8 2250/133/8 2258/137/8
f 2246/131/8 2248/132/8 2258/137/8
f 2244/130/8 2246/131/8 2258/137/8
f 2242/129/8 2244/130/8 2258/137/8
f 2240/128/8 2242/129/8 2258/137/8
f 2238/127/60 2240/128/8 2258/137/8
f 2236/126/50 2238/127/60 2258/137/8
f 2234/125/51 2236/126/50 2258/137/8
f 2231/124/99 2234/125/51 2258/137/8
f 2232/123/8 2231/124/99 2258/137/8
f 2260/138/8 2232/123/8 2258/137/8
f 2261/139/1 2262/140/1 2263/140/1
f 2261/139/1 2263/140/1 2264/139/1
f 2265/141/114 2264/139/72 2263/140/73
f 2266/142/74 2265/141/114 2263/140/73
f 2267/143/4 2268/144/4 2269/144/4
f 2267/143/4 2270/143/4 2268/144/4
f 2271/145/75 2268/144/75 2270/143/75
f 2272/146/76 2268/144/76 2271/145/76
f 2273/147/1 2274/148/1 2275/148/1
f 2273/147/1 2275/148/1 2276/147/1
f 2277/149/114 2276/147/72 2275/148/73
f 2278/150/74 2277/149/114 2275/148/73
f 2279/159/4 2280/160/4 2281/160/4
f 2279/159/4 2282/159/4 2280/160/4
f 2283/161/75 2280/160/75 2282/159/75
f 2284/162/76 2280/160/76 2283/161/76
f 2285/163/8 2286/164/8 2287/165/8
f 2288/166/8 2285/163/8 2287/165/8
f 2289/167/60 2288/166/8 2287/165/8
f 2289/167/60 2287/165/8 2290/168/9
f 2291/169/8 2289/167/60 2290/168/9
f 2291/169/8 2290/168/9 2292/170/8
f 2293/180/1 2294/181/1 2295/181/1
f 2293/180/1 2295/181/1 2296/180/1
f 2295/181/63 2297/165/63 2298/164/115
f 2296/180/115 2295/181/63 2298/164/115
f 2299/186/4 2300/183/4 2301/183/4
f 2299/186/4 2301/183/4 2302/186/4
f 2302/186/116 2301/183/87 2303/187/116
f 2304/188/87 2303/187/116 2301/183/87
f 2305/189/10 2306/190/10 2307/190/10
f 2305/189/10 2307/190/10 2308/189/10
f 2306/190/1 2309/191/1 2310/191/1
f 2306/190/1 2310/191/1 2307/190/1
f 2309/191/11 2311/192/11 2312/192/11
f 2309/191/11 2312/192/11 2310/191/11
f 2311/192/4 2305/189/4 2308/189/4
f 2311/192/4 2308/189/4 2312/192/4
f 2312/192/85 2308/189/85 2313/168/85
f 2292/170/85 2313/168/85 2308/189/85
f 2312/192/15 2313/168/15 2303/187/15
f 2310/191/15 2312/192/15 2303/187/15
f 2310/191/117 2303/187/86 2304/188/86
f 2307/190/86 2310/191/117 2304/188/86
f 2304/188/118 2292/170/118 2308/189/118
f 2304/188/118 2308/189/118 2307/190/118
f 2314/193/10 2315/194/10 2316/194/10
f 2314/193/10 2316/194/10 2317/193/10
f 2318/195/11 2319/196/11 2320/196/11
f 2318/195/11 2320/196/11 2321/195/11
f 2321/195/8 2320/196/8 2317/193/8
f 2321/195/8 2317/193/8 2316/194/8
f 2322/197/10 2323/198/10 2324/198/10
f 2322/197/10 2324/198/10 2325/197/10
f 2326/199/11 2327/200/11 2328/200/11
f 2326/199/11 2328/200/11 2329/199/11
f 2329/199/8 2328/200/8 2325/197/8
f 2329/199/8 2325/197/8 2324/198/8
f 2330/201/8 2331/202/8 2332/192/8
f 2330/201/8 2332/192/8 2333/181/8
f 2334/180/8 2335/189/8 2336/203/8
f 2334/180/8 2336/203/8 2337/204/8
f 2338/192/15 2339/168/15 2340/187/15
f 2341/191/15 2338/192/15 2340/187/15
o Obj3d66_17342430_17_735
v -0.168316 0.214482 1.083403
v -0.130527 0.211568 1.064585
v -0.125729 0.155813 1.082851
v -0.163519 0.158726 1.101669
v -0.170019 0.147647 1.109225
v -0.118661 0.143687 1.083650
v -0.117074 0.125249 1.089690
v -0.168433 0.129209 1.115266
v 0.131954 0.191330 0.933875
v 0.213288 0.185059 0.893372
v 0.218085 0.129303 0.911639
v 0.136751 0.135574 0.952141
v 0.137945 0.123902 0.955865
v 0.219118 0.117643 0.915443
v 0.220704 0.099205 0.921484
v 0.139531 0.105463 0.961906
v 0.244622 0.182643 0.877769
v 0.325955 0.176371 0.837266
v 0.330752 0.120616 0.855533
v 0.249419 0.126887 0.896035
v 0.250612 0.115215 0.899759
v 0.331785 0.108956 0.859337
v 0.333372 0.090517 0.865378
v 0.252199 0.096776 0.905800
v 0.357319 0.173953 0.821648
v 0.398777 0.170756 0.801002
v 0.403575 0.115001 0.819269
v 0.362116 0.118198 0.839914
v 0.479312 0.164547 0.760898
v 0.520770 0.161350 0.740253
v 0.525567 0.105595 0.758519
v 0.484109 0.108791 0.779164
v 0.438537 0.167691 0.781203
v 0.479995 0.164494 0.760558
v 0.482856 0.131240 0.771452
v 0.441398 0.134437 0.792097
v 0.397099 0.170886 0.801838
v 0.438557 0.167689 0.781193
v 0.441419 0.134435 0.792087
v 0.399960 0.137632 0.812733
v 0.544022 0.159557 0.728673
v 0.625356 0.153286 0.688171
v 0.630153 0.097531 0.706437
v 0.548820 0.103802 0.746940
v 0.550013 0.092129 0.750664
v 0.631186 0.085871 0.710242
v 0.632772 0.067432 0.716282
v 0.551599 0.073691 0.756705
v 0.657305 0.150823 0.672261
v 0.738639 0.144552 0.631758
v 0.743436 0.088796 0.650025
v 0.662102 0.095067 0.690527
v 0.663296 0.083395 0.694251
v 0.744469 0.077136 0.653829
v 0.746055 0.058698 0.659870
v 0.664882 0.064956 0.700292
v 0.770044 0.142130 0.616119
v 0.851377 0.135859 0.575617
v 0.856175 0.080103 0.593883
v 0.774841 0.086375 0.634385
v 0.776034 0.074702 0.638110
v 0.857207 0.068443 0.597687
v 0.858794 0.050005 0.603728
v 0.777621 0.056264 0.644151
v 0.882756 0.133440 0.559991
v 0.964089 0.127168 0.519489
v 0.968886 0.071413 0.537755
v 0.887553 0.077684 0.578257
v 0.888746 0.066012 0.581982
v 0.969919 0.059753 0.541559
v 0.971506 0.041314 0.547600
v 0.890332 0.047573 0.588022
v 0.992001 0.125016 0.505589
v 1.029791 0.122103 0.486771
v 1.034588 0.066347 0.505037
v 0.996799 0.069261 0.523855
v 0.401795 0.135680 0.812494
v 0.478809 0.129742 0.774142
v 0.480396 0.111304 0.780183
v 0.403382 0.117242 0.818534
v 0.363279 0.106527 0.843654
v 0.522470 0.094253 0.764380
v 0.524057 0.075815 0.770420
v 0.364866 0.088089 0.849694
v 0.019287 0.200017 0.989981
v 0.100621 0.193746 0.949478
v 0.105418 0.137990 0.967745
v 0.024084 0.144261 1.008247
v 0.025278 0.132589 1.011971
v 0.106451 0.126330 0.971549
v 0.108037 0.107892 0.977589
v 0.026864 0.114150 1.018012
v -0.093068 0.208680 1.045931
v -0.011734 0.202409 1.005429
v -0.006937 0.146653 1.023695
v -0.088271 0.152924 1.064197
v -0.087483 0.141283 1.068124
v -0.006310 0.135024 1.027701
v -0.004724 0.116586 1.033742
v -0.085897 0.122845 1.074165
vn -0.4426 -0.3133 -0.8402
vt 0.179700 0.178200
vt 0.499600 0.178200
vt 0.499600 0.396500
vt 0.179700 0.396500
vt 0.178300 0.442100
vt 0.613100 0.442100
vt 0.613100 0.514300
vt 0.178300 0.514300
vt 0.175300 0.178800
vt 0.835400 0.178800
vt 0.835400 0.369100
vt 0.175300 0.369100
vt 0.162500 0.444700
vt 0.850100 0.444700
vt 0.850100 0.517600
vt 0.162500 0.517600
vt 0.181700 0.168100
vt 0.333100 0.168100
vt 0.333100 0.379600
vt 0.181700 0.379600
vt 0.181700 0.169500
vt 0.333100 0.169500
vt 0.333100 0.295600
vt 0.181700 0.295600
vt 0.151700 0.442800
vt 0.880900 0.442800
vt 0.880900 0.514400
vt 0.151700 0.514400
s 1
usemtl 3d66_Standardmaterial_17342430_091
f 2342/205/119 2343/206/119 2344/207/119
f 2342/205/119 2344/207/119 2345/208/119
f 2346/209/119 2347/210/119 2348/211/119
f 2346/209/119 2348/211/119 2349/212/119
f 2350/213/119 2351/214/119 2352/215/119
f 2350/213/119 2352/215/119 2353/216/119
f 2354/217/119 2355/218/119 2356/219/119
f 2354/217/119 2356/219/119 2357/220/119
f 2358/213/119 2359/214/119 2360/215/119
f 2358/213/119 2360/215/119 2361/216/119
f 2362/217/119 2363/218/119 2364/219/119
f 2362/217/119 2364/219/119 2365/220/119
f 2366/221/119 2367/222/119 2368/223/119
f 2366/221/119 2368/223/119 2369/224/119
f 2370/221/119 2371/222/119 2372/223/119
f 2370/221/119 2372/223/119 2373/224/119
f 2374/225/119 2375/226/119 2376/227/119
f 2374/225/119 2376/227/119 2377/228/119
f 2378/225/119 2379/226/119 2380/227/119
f 2378/225/119 2380/227/119 2381/228/119
f 2382/213/119 2383/214/119 2384/215/119
f 2382/213/119 2384/215/119 2385/216/119
f 2386/217/119 2387/218/119 2388/219/119
f 2386/217/119 2388/219/119 2389/220/119
f 2390/213/119 2391/214/119 2392/215/119
f 2390/213/119 2392/215/119 2393/216/119
f 2394/217/119 2395/218/119 2396/219/119
f 2394/217/119 2396/219/119 2397/220/119
f 2398/213/119 2399/214/119 2400/215/119
f 2398/213/119 2400/215/119 2401/216/119
f 2402/217/119 2403/218/119 2404/219/119
f 2402/217/119 2404/219/119 2405/220/119
f 2406/213/119 2407/214/119 2408/215/119
f 2406/213/119 2408/215/119 2409/216/119
f 2410/217/119 2411/218/119 2412/219/119
f 2410/217/119 2412/219/119 2413/220/119
f 2414/205/119 2415/206/119 2416/207/119
f 2414/205/119 2416/207/119 2417/208/119
f 2418/217/119 2419/218/119 2420/219/119
f 2418/217/119 2420/219/119 2421/220/119
f 2422/229/119 2423/230/119 2424/231/119
f 2422/229/119 2424/231/119 2425/232/119
f 2426/213/119 2427/214/119 2428/215/119
f 2426/213/119 2428/215/119 2429/216/119
f 2430/217/119 2431/218/119 2432/219/119
f 2430/217/119 2432/219/119 2433/220/119
f 2434/213/119 2435/214/119 2436/215/119
f 2434/213/119 2436/215/119 2437/216/119
f 2438/217/119 2439/218/119 2440/219/119
f 2438/217/119 2440/219/119 2441/220/119
o Obj3d66_17342430_21_990
v -0.117948 0.228607 1.052050
v -0.184291 0.233722 1.085088
v -0.186807 0.231940 1.080310
v -0.120465 0.226825 1.047273
v -0.189123 0.258857 1.071492
v -0.122780 0.253741 1.038455
v 1.040935 0.139252 0.474950
v 0.978297 0.144081 0.506142
v 0.975781 0.142300 0.501365
v 1.038418 0.137470 0.470173
v 0.973465 0.169216 0.492547
v 1.036103 0.164386 0.461355
v -0.005652 0.219948 0.996129
v -0.101702 0.227354 1.043960
v -0.104218 0.225572 1.039183
v -0.008169 0.218167 0.991352
v -0.106534 0.252489 1.030365
v -0.010484 0.245083 0.982534
vn 0.0815 -0.9471 0.3103
vn -0.4426 -0.3133 -0.8402
vt -133.993607 0.999500
vt -150.327301 0.999500
vt -150.327301 0.000600
vt -133.993607 0.000600
vt -150.327301 0.000500
vt -133.993607 0.000500
vt 151.327301 0.999400
vt 135.905899 0.999400
vt 135.905899 0.000500
vt 151.327301 0.000500
vt 151.327301 0.999500
vt 135.905899 0.999500
vt -106.345901 0.999500
vt -129.993607 0.999500
vt -129.993607 0.000600
vt -106.345901 0.000500
vt -129.993607 0.000500
s 1
usemtl 3d66_Standardmaterial_17342430_105
f 2442/233/120 2443/234/120 2444/235/120
f 2442/233/120 2444/235/120 2445/236/120
f 2446/237/121 2447/238/121 2445/233/121
f 2446/237/121 2445/233/121 2444/234/121
f 2448/239/120 2449/240/120 2450/241/120
f 2448/239/120 2450/241/120 2451/242/120
f 2452/241/121 2453/242/121 2451/243/121
f 2452/241/121 2451/243/121 2450/244/121
f 2454/245/120 2455/246/120 2456/247/120
f 2454/245/120 2456/247/120 2457/248/120
f 2458/249/121 2459/248/121 2457/245/121
f 2458/249/121 2457/245/121 2456/246/121
o Obj3d66_17342430_28_381
v 0.122523 0.125215 0.963923
v 0.009856 0.133902 1.020029
v 0.007753 0.132413 1.016035
v 0.120420 0.123726 0.959929
v 0.009334 0.139978 1.018038
v 0.122001 0.131290 0.961932
v 0.119897 0.129801 0.957939
v 0.007230 0.138488 1.014045
v 0.012504 0.238639 0.979575
v 0.021071 0.139073 1.012194
v 0.019493 0.137956 1.009199
v 0.010926 0.237522 0.976580
v 0.007756 0.138861 1.015043
v -0.000811 0.238427 0.982424
v 0.113434 0.230856 0.929313
v 0.000767 0.239544 0.985419
v -0.001337 0.238054 0.981425
v 0.111330 0.229367 0.925319
v -0.001912 0.244740 0.979235
v 0.110755 0.236053 0.923129
v 0.109926 0.132221 0.967946
v 0.101359 0.231788 0.935327
v 0.099782 0.230671 0.932332
v 0.108348 0.131104 0.964951
v 0.111856 0.229740 0.926319
v 0.120423 0.130173 0.958938
v 0.023658 0.132838 1.013156
v 0.025244 0.114400 1.019196
v 0.023667 0.113283 1.016201
v 0.022080 0.131721 1.010161
v 0.009865 0.114347 1.023074
v 0.008279 0.132786 1.017034
v 0.109970 0.107867 0.977005
v 0.108384 0.126306 0.970964
v 0.106806 0.125189 0.967969
v 0.108392 0.106750 0.974010
v 0.120946 0.124098 0.960928
v 0.122532 0.105660 0.966968
v 0.053640 0.130527 0.998225
v 0.055226 0.112088 1.004266
v 0.053649 0.110971 1.001271
v 0.052062 0.129410 0.995230
v 0.048173 0.111393 1.003998
v 0.046587 0.129832 0.997957
v 0.049751 0.112510 1.006993
v 0.048165 0.130949 1.000952
v 0.083877 0.128195 0.983168
v 0.085463 0.109757 0.989209
v 0.083886 0.108640 0.986214
v 0.082299 0.127078 0.980173
v 0.078411 0.109062 0.988940
v 0.076824 0.127500 0.982899
v 0.079988 0.110179 0.991935
v 0.078402 0.128617 0.985894
v 0.125418 0.091570 0.974945
v 0.012751 0.100257 1.031051
v 0.010647 0.098768 1.027057
v 0.123314 0.090081 0.970952
v 0.011443 0.115464 1.026069
v 0.124110 0.106777 0.969963
v 0.122006 0.105288 0.965970
v 0.009339 0.113975 1.022075
v 0.009856 0.133903 1.020029
v -0.102495 0.142565 1.075977
v -0.104599 0.141076 1.071983
v 0.007752 0.132413 1.016035
v -0.103017 0.148640 1.073987
v 0.009333 0.139978 1.018039
v 0.007230 0.138488 1.014045
v -0.105121 0.147151 1.069993
v -0.097534 0.220386 1.044342
v -0.091283 0.147736 1.068143
v -0.092861 0.146619 1.065149
v -0.099112 0.219269 1.041348
v -0.104595 0.147523 1.070992
v -0.110846 0.220173 1.047191
v -0.002428 0.140884 1.023895
v -0.008679 0.213534 1.000094
v -0.010256 0.212418 0.997099
v -0.004006 0.139768 1.020900
v 0.001505 0.211511 0.991243
v 0.007756 0.138861 1.015044
v -0.089102 0.141533 1.069308
v -0.087516 0.123094 1.075348
v -0.089093 0.121977 1.072354
v -0.090680 0.140416 1.066313
v -0.102486 0.123010 1.079023
v -0.104072 0.141448 1.072982
v 0.000536 0.116305 1.031500
v -0.001050 0.134743 1.025460
v -0.002628 0.133626 1.022465
v -0.001041 0.115188 1.028506
v 0.008278 0.132786 1.017034
v 0.009865 0.114347 1.023075
v -0.059120 0.139221 1.054378
v -0.057534 0.120783 1.060418
v -0.059111 0.119666 1.057423
v -0.060698 0.138104 1.051383
v -0.064587 0.120088 1.060150
v -0.066173 0.138526 1.054109
v -0.063009 0.121205 1.063145
v -0.064595 0.139643 1.057104
v -0.028883 0.136889 1.039320
v -0.027297 0.118451 1.045361
v -0.028874 0.117334 1.042366
v -0.030461 0.135773 1.036325
v -0.034349 0.117756 1.045092
v -0.035936 0.136195 1.039052
v -0.032772 0.118873 1.048087
v -0.034358 0.137312 1.042047
v 0.012751 0.100257 1.031051
v -0.099599 0.108920 1.086999
v -0.101702 0.107431 1.083005
v 0.010647 0.098768 1.027058
v -0.100907 0.124127 1.082017
v 0.011442 0.115464 1.026069
v 0.009339 0.113975 1.022076
v -0.103011 0.122637 1.078023
v 0.003078 0.212624 0.994228
v -0.109273 0.221287 1.050176
v -0.111377 0.219798 1.046183
v 0.000975 0.211135 0.990235
v -0.111952 0.226484 1.043993
v 0.000399 0.217821 0.988044
v -0.102495 0.142565 1.075977
v -0.185031 0.148929 1.117078
v -0.187135 0.147440 1.113085
v -0.104599 0.141076 1.071983
v -0.185553 0.155004 1.115088
v -0.103018 0.148640 1.073987
v -0.105121 0.147151 1.069993
v -0.187657 0.153515 1.111094
v -0.172783 0.226188 1.081815
v -0.166532 0.153538 1.105616
v -0.168110 0.152421 1.102621
v -0.174360 0.225071 1.078820
v -0.187131 0.153887 1.112093
v -0.193382 0.226537 1.088292
v -0.121220 0.150044 1.083052
v -0.127471 0.222694 1.059251
v -0.129049 0.221577 1.056256
v -0.122798 0.148927 1.080057
v -0.110846 0.220173 1.047191
v -0.104595 0.147523 1.070992
v -0.171638 0.147897 1.110409
v -0.170052 0.129458 1.116450
v -0.171629 0.128341 1.113455
v -0.173216 0.146780 1.107414
v -0.185022 0.129374 1.120124
v -0.186608 0.147812 1.114084
v -0.111814 0.124968 1.087449
v -0.113401 0.143406 1.081408
v -0.114978 0.142289 1.078413
v -0.113392 0.123851 1.084454
v -0.104072 0.141448 1.072982
v -0.102486 0.123010 1.079023
v -0.141656 0.145585 1.095479
v -0.140070 0.127146 1.101519
v -0.141648 0.126030 1.098525
v -0.143234 0.144468 1.092484
v -0.147123 0.126452 1.101251
v -0.148709 0.144890 1.095210
v -0.145545 0.127569 1.104246
v -0.147132 0.146007 1.098205
v -0.099600 0.108920 1.087000
v -0.182135 0.115284 1.128100
v -0.184238 0.113795 1.124106
v -0.101704 0.107431 1.083006
v -0.183443 0.130491 1.123118
v -0.100908 0.124127 1.082018
v -0.103012 0.122637 1.078024
v -0.185547 0.129001 1.119124
v -0.109273 0.221287 1.050176
v -0.191809 0.227651 1.091278
v -0.193913 0.226162 1.087285
v -0.111376 0.219798 1.046183
v -0.194488 0.232848 1.085094
v -0.111951 0.226484 1.043993
v 0.235186 0.116525 0.907807
v 0.122519 0.125212 0.963913
v 0.120416 0.123723 0.959920
v 0.233083 0.115036 0.903814
v 0.121996 0.131287 0.961923
v 0.234663 0.122600 0.905817
v 0.232560 0.121111 0.901824
v 0.119893 0.129798 0.957930
v 0.125166 0.229948 0.923459
v 0.133733 0.130382 0.956078
v 0.132155 0.129265 0.953083
v 0.123589 0.228831 0.920464
v 0.120419 0.130170 0.958928
v 0.111852 0.229736 0.926309
v 0.226097 0.222166 0.873198
v 0.113430 0.230853 0.929304
v 0.111326 0.229364 0.925311
v 0.223993 0.220677 0.869205
v 0.110751 0.236050 0.923120
v 0.223418 0.227363 0.867014
v 0.222588 0.123531 0.911830
v 0.214022 0.223097 0.879211
v 0.212444 0.221980 0.876216
v 0.221011 0.122414 0.908835
v 0.224519 0.221049 0.870203
v 0.233086 0.121483 0.902822
v 0.136321 0.124148 0.957040
v 0.137907 0.105709 0.963081
v 0.136329 0.104592 0.960086
v 0.134743 0.123031 0.954045
v 0.122528 0.105657 0.966959
v 0.120941 0.124095 0.960918
v 0.222633 0.099177 0.920889
v 0.221046 0.117615 0.914849
v 0.219469 0.116498 0.911854
v 0.221055 0.098060 0.917894
v 0.233608 0.115408 0.904812
v 0.235195 0.096969 0.910853
v 0.166302 0.121836 0.942110
v 0.167889 0.103398 0.948151
v 0.166311 0.102281 0.945156
v 0.164725 0.120719 0.939115
v 0.160836 0.102703 0.947882
v 0.159250 0.121141 0.941841
v 0.162414 0.103820 0.950877
v 0.160827 0.122258 0.944836
v 0.196540 0.119504 0.927052
v 0.198126 0.101066 0.933093
v 0.196549 0.099949 0.930098
v 0.194962 0.118388 0.924057
v 0.191073 0.100371 0.932825
v 0.189487 0.118810 0.926784
v 0.192651 0.101488 0.935820
v 0.191064 0.119927 0.929779
v 0.238081 0.082880 0.918830
v 0.125414 0.091567 0.974936
v 0.123310 0.090078 0.970943
v 0.235977 0.081391 0.914837
v 0.124105 0.106773 0.969954
v 0.236772 0.098086 0.913848
v 0.234669 0.096597 0.909855
v 0.122002 0.105284 0.965961
v 0.347853 0.107837 0.851701
v 0.235186 0.116525 0.907807
v 0.233083 0.115036 0.903814
v 0.345750 0.106348 0.847708
v 0.234663 0.122600 0.905817
v 0.347330 0.113913 0.849711
v 0.345227 0.112424 0.845718
v 0.232560 0.121111 0.901824
v 0.237834 0.221261 0.867353
v 0.246400 0.121695 0.899972
v 0.244823 0.120578 0.896977
v 0.236256 0.220144 0.864358
v 0.233086 0.121483 0.902822
v 0.224519 0.221049 0.870203
v 0.338764 0.213479 0.817092
v 0.226097 0.222166 0.873198
v 0.223993 0.220677 0.869205
v 0.336661 0.211990 0.813099
v 0.223418 0.227363 0.867014
v 0.336085 0.218676 0.810908
v 0.335256 0.114844 0.855724
v 0.326689 0.214410 0.823105
v 0.325111 0.213293 0.820110
v 0.333678 0.113727 0.852729
v 0.337186 0.212362 0.814097
v 0.345753 0.112796 0.846716
v 0.248988 0.115460 0.900934
v 0.250574 0.097022 0.906975
v 0.248997 0.095905 0.903980
v 0.247410 0.114344 0.897939
v 0.235195 0.096969 0.910853
v 0.233608 0.115408 0.904812
v 0.335300 0.090489 0.864783
v 0.333713 0.108928 0.858743
v 0.332136 0.107811 0.855748
v 0.333722 0.089373 0.861788
v 0.346276 0.106721 0.848706
v 0.347862 0.088282 0.854747
v 0.278970 0.113149 0.886004
v 0.280556 0.094710 0.892044
v 0.278978 0.093594 0.889050
v 0.277392 0.112032 0.883009
v 0.273503 0.094016 0.891776
v 0.271917 0.112454 0.885735
v 0.275081 0.095133 0.894771
v 0.273494 0.113571 0.888730
v 0.309207 0.110817 0.870946
v 0.310793 0.092379 0.876987
v 0.309216 0.091262 0.873992
v 0.307629 0.109700 0.867951
v 0.303741 0.091684 0.876719
v 0.302154 0.110123 0.870678
v 0.305318 0.092801 0.879714
v 0.303732 0.111239 0.873673
v 0.350748 0.074192 0.862724
v 0.238081 0.082880 0.918830
v 0.235977 0.081391 0.914837
v 0.348645 0.072703 0.858731
v 0.236772 0.098086 0.913848
v 0.349440 0.089399 0.857742
v 0.347336 0.087910 0.853749
v 0.234669 0.096597 0.909855
v 0.534587 0.093440 0.758712
v 0.347853 0.107837 0.851701
v 0.345750 0.106348 0.847708
v 0.532483 0.091950 0.754719
v 0.347331 0.113913 0.849711
v 0.534064 0.099515 0.756722
v 0.531961 0.098026 0.752729
v 0.345227 0.112424 0.845718
v 0.350501 0.212574 0.811247
v 0.359067 0.113008 0.843866
v 0.357490 0.111891 0.840871
v 0.348923 0.211457 0.808252
v 0.345753 0.112796 0.846716
v 0.337186 0.212362 0.814097
v 0.525497 0.199081 0.724102
v 0.338764 0.213479 0.817092
v 0.336661 0.211990 0.813099
v 0.523394 0.197592 0.720110
v 0.336085 0.218676 0.810908
v 0.522819 0.204278 0.717919
v 0.525940 0.100141 0.760767
v 0.517374 0.199707 0.728148
v 0.515796 0.198590 0.725153
v 0.524363 0.099024 0.757772
v 0.523920 0.197964 0.721108
v 0.532486 0.098398 0.753727
v 0.361655 0.106773 0.844828
v 0.363241 0.088335 0.850869
v 0.361664 0.087218 0.847874
v 0.360078 0.105656 0.841833
v 0.347862 0.088282 0.854747
v 0.346276 0.106721 0.848706
v 0.525985 0.075787 0.769826
v 0.524398 0.094225 0.763785
v 0.522821 0.093108 0.760791
v 0.524407 0.074670 0.766831
v 0.533009 0.092323 0.755717
v 0.534595 0.073884 0.761758
v 0.428838 0.101593 0.811373
v 0.430424 0.083155 0.817413
v 0.428847 0.082038 0.814418
v 0.427260 0.100476 0.808378
v 0.423371 0.082460 0.817145
v 0.421785 0.100898 0.811104
v 0.424949 0.083577 0.820140
v 0.423363 0.102015 0.814099
v 0.459075 0.099262 0.796315
v 0.460662 0.080823 0.802356
v 0.459084 0.079707 0.799361
v 0.457498 0.098145 0.793320
v 0.453609 0.080129 0.802087
v 0.452022 0.098567 0.796047
v 0.455186 0.081246 0.805082
v 0.453600 0.099684 0.799042
v 0.537481 0.059794 0.769734
v 0.350748 0.074192 0.862724
v 0.348645 0.072703 0.858731
v 0.535378 0.058305 0.765741
v 0.349440 0.089399 0.857742
v 0.536173 0.075001 0.764752
v 0.534070 0.073512 0.760759
v 0.347336 0.087910 0.853749
v 0.647254 0.084752 0.702606
v 0.534587 0.093440 0.758712
v 0.532484 0.091950 0.754719
v 0.645151 0.083263 0.698613
v 0.534064 0.099515 0.756721
v 0.646731 0.090828 0.700616
v 0.644628 0.089338 0.696623
v 0.531961 0.098026 0.752729
v 0.537234 0.198176 0.718258
v 0.545801 0.098610 0.750877
v 0.544223 0.097493 0.747882
v 0.535657 0.197059 0.715263
v 0.532487 0.098398 0.753727
v 0.523920 0.197964 0.721107
v 0.638165 0.190394 0.667996
v 0.525497 0.199081 0.724102
v 0.523394 0.197592 0.720109
v 0.636061 0.188904 0.664004
v 0.522819 0.204278 0.717919
v 0.635486 0.195591 0.661813
v 0.634656 0.091758 0.706629
v 0.626090 0.191325 0.674010
v 0.624512 0.190208 0.671015
v 0.633079 0.090642 0.703634
v 0.636587 0.189277 0.665002
v 0.645154 0.089711 0.697621
v 0.548388 0.092375 0.751839
v 0.549975 0.073937 0.757879
v 0.548397 0.072820 0.754884
v 0.546811 0.091258 0.748844
v 0.534596 0.073884 0.761757
v 0.533009 0.092323 0.755717
v 0.634700 0.067404 0.715688
v 0.633114 0.085843 0.709647
v 0.631536 0.084726 0.706652
v 0.633123 0.066287 0.712693
v 0.645676 0.083635 0.699611
v 0.647263 0.065197 0.705652
v 0.578370 0.090064 0.736908
v 0.579957 0.071625 0.742949
v 0.578379 0.070508 0.739954
v 0.576793 0.088947 0.733914
v 0.572904 0.070931 0.742681
v 0.571318 0.089369 0.736640
v 0.574481 0.072047 0.745676
v 0.572895 0.090486 0.739635
v 0.608608 0.087732 0.721851
v 0.610194 0.069294 0.727892
v 0.608616 0.068177 0.724897
v 0.607030 0.086615 0.718856
v 0.603141 0.068599 0.727623
v 0.601555 0.087037 0.721583
v 0.604719 0.069716 0.730618
v 0.603132 0.088154 0.724577
v 0.650149 0.051107 0.713628
v 0.537481 0.059794 0.769734
v 0.535378 0.058305 0.765741
v 0.648045 0.049618 0.709636
v 0.536173 0.075001 0.764752
v 0.648840 0.066314 0.708646
v 0.646737 0.064825 0.704654
v 0.534070 0.073512 0.760759
v 0.760537 0.076018 0.646193
v 0.647870 0.084705 0.702299
v 0.645766 0.083216 0.698306
v 0.758433 0.074529 0.642200
v 0.647347 0.090780 0.700309
v 0.760014 0.082093 0.644203
v 0.757911 0.080604 0.640210
v 0.645244 0.089291 0.696316
v 0.650517 0.189441 0.661845
v 0.659084 0.089875 0.694464
v 0.657506 0.088758 0.691469
v 0.648940 0.188324 0.658850
v 0.645769 0.089663 0.697314
v 0.637203 0.189229 0.664695
v 0.751447 0.181659 0.611584
v 0.638780 0.190346 0.667690
v 0.636677 0.188857 0.663697
v 0.749344 0.180170 0.607591
v 0.636102 0.195543 0.661506
v 0.748769 0.186856 0.605401
v 0.747939 0.083024 0.650216
v 0.739372 0.182590 0.617597
v 0.737795 0.181473 0.614602
v 0.746362 0.081907 0.647221
v 0.749870 0.180542 0.608589
v 0.758436 0.080976 0.641208
v 0.661671 0.083641 0.695426
v 0.663258 0.065202 0.701467
v 0.661680 0.064086 0.698472
v 0.660094 0.082524 0.692431
v 0.647879 0.065150 0.705345
v 0.646292 0.083588 0.699304
v 0.747983 0.058670 0.659275
v 0.746397 0.077108 0.653235
v 0.744819 0.075991 0.650240
v 0.746406 0.057553 0.656280
v 0.758959 0.074901 0.643198
v 0.760546 0.056463 0.649239
v 0.691653 0.081329 0.680496
v 0.693240 0.062891 0.686537
v 0.691662 0.061774 0.683542
v 0.690076 0.080212 0.677501
v 0.686187 0.062196 0.686268
v 0.684600 0.080634 0.680228
v 0.687764 0.063313 0.689263
v 0.686178 0.081751 0.683222
v 0.721891 0.078998 0.665438
v 0.723477 0.060559 0.671479
v 0.721899 0.059442 0.668484
v 0.720313 0.077881 0.662443
v 0.716424 0.059865 0.671211
v 0.714838 0.078303 0.665170
v 0.718002 0.060981 0.674206
v 0.716415 0.079420 0.668165
v 0.763431 0.042373 0.657216
v 0.650764 0.051060 0.713322
v 0.648661 0.049571 0.709329
v 0.761328 0.040884 0.653223
v 0.649456 0.066267 0.708340
v 0.762123 0.057579 0.652234
v 0.760020 0.056090 0.648241
v 0.647353 0.064778 0.704347
v 0.873275 0.067325 0.590052
v 0.760608 0.076012 0.646158
v 0.758505 0.074523 0.642165
v 0.871172 0.065836 0.586059
v 0.760086 0.082087 0.644167
v 0.872753 0.073400 0.588062
v 0.870649 0.071911 0.584069
v 0.757982 0.080598 0.640174
v 0.763256 0.180749 0.605704
v 0.771823 0.081182 0.638323
v 0.770245 0.080065 0.635328
v 0.761678 0.179632 0.602709
v 0.758508 0.080970 0.641172
v 0.749941 0.180537 0.608553
v 0.864186 0.172966 0.555442
v 0.751519 0.181653 0.611548
v 0.749416 0.180164 0.607555
v 0.862083 0.171477 0.551450
v 0.748840 0.186851 0.605365
v 0.861507 0.178164 0.549259
v 0.860678 0.074331 0.594075
v 0.852111 0.173897 0.561455
v 0.850534 0.172780 0.558461
v 0.859100 0.073214 0.591080
v 0.862608 0.171849 0.552447
v 0.871175 0.072283 0.585067
v 0.774410 0.074948 0.639285
v 0.775996 0.056510 0.645325
v 0.774419 0.055393 0.642330
v 0.772833 0.073831 0.636290
v 0.760617 0.056457 0.649203
v 0.759031 0.074895 0.643163
v 0.860722 0.049977 0.603134
v 0.859136 0.068415 0.597093
v 0.857558 0.067298 0.594098
v 0.859144 0.048860 0.600139
v 0.871698 0.066208 0.587057
v 0.873284 0.047770 0.593098
v 0.804392 0.072636 0.624354
v 0.805978 0.054198 0.630395
v 0.804401 0.053081 0.627400
v 0.802814 0.071519 0.621359
v 0.798925 0.053503 0.630127
v 0.797339 0.071942 0.624086
v 0.800503 0.054620 0.633122
v 0.798917 0.073059 0.627081
v 0.834629 0.070305 0.609297
v 0.836216 0.051867 0.615337
v 0.834638 0.050750 0.612342
v 0.833052 0.069188 0.606302
v 0.829163 0.051172 0.615069
v 0.827576 0.069610 0.609028
v 0.830740 0.052289 0.618064
v 0.829154 0.070727 0.612023
v 0.876170 0.033680 0.601074
v 0.763503 0.042367 0.657180
v 0.761400 0.040878 0.653187
v 0.874067 0.032191 0.597081
v 0.762195 0.057574 0.652198
v 0.874862 0.048887 0.596092
v 0.872759 0.047398 0.592099
v 0.760092 0.056085 0.648205
v 0.985987 0.058635 0.533924
v 0.873320 0.067322 0.590030
v 0.871217 0.065833 0.586037
v 0.983884 0.057145 0.529931
v 0.872797 0.073397 0.588039
v 0.985464 0.064710 0.531933
v 0.983361 0.063221 0.527940
v 0.870694 0.071908 0.584046
v 0.875968 0.172058 0.549575
v 0.884534 0.072492 0.582195
v 0.882957 0.071375 0.579200
v 0.874390 0.170941 0.546580
v 0.871220 0.072280 0.585044
v 0.862653 0.171846 0.552425
v 0.976898 0.164276 0.499314
v 0.864231 0.172963 0.555420
v 0.862127 0.171474 0.551427
v 0.974794 0.162787 0.495321
v 0.861552 0.178160 0.549237
v 0.974219 0.169473 0.493131
v 0.973389 0.065641 0.537946
v 0.964823 0.165207 0.505327
v 0.963245 0.164090 0.502332
v 0.971812 0.064524 0.534952
v 0.975320 0.163159 0.496319
v 0.983887 0.063593 0.528939
v 0.887122 0.066258 0.583157
v 0.888708 0.047819 0.589197
v 0.887131 0.046702 0.586202
v 0.885544 0.065141 0.580162
v 0.873329 0.047766 0.593075
v 0.871742 0.066205 0.587035
v 0.973434 0.041287 0.547006
v 0.971847 0.059725 0.540965
v 0.970270 0.058608 0.537970
v 0.971856 0.040170 0.544011
v 0.984410 0.057518 0.530929
v 0.985996 0.039079 0.536969
v 0.917104 0.063946 0.568226
v 0.918690 0.045508 0.574267
v 0.917112 0.044391 0.571272
v 0.915526 0.062829 0.565231
v 0.911637 0.044813 0.573999
v 0.910051 0.063251 0.567958
v 0.913215 0.045930 0.576993
v 0.911628 0.064368 0.570953
v 0.947341 0.061614 0.553169
v 0.948927 0.043176 0.559209
v 0.947350 0.042059 0.556214
v 0.945763 0.060497 0.550174
v 0.941874 0.042481 0.558941
v 0.940288 0.060920 0.552900
v 0.943452 0.043598 0.561936
v 0.941866 0.062037 0.555895
v 0.988882 0.024990 0.544946
v 0.876215 0.033677 0.601052
v 0.874112 0.032188 0.597059
v 0.986778 0.023500 0.540953
v 0.874906 0.048883 0.596070
v 0.987573 0.040196 0.539964
v 0.985470 0.038707 0.535971
v 0.872803 0.047394 0.592077
v 1.048516 0.053813 0.502785
v 0.985625 0.058663 0.534104
v 0.983522 0.057173 0.530111
v 1.046413 0.052324 0.498792
v 0.985103 0.064738 0.532113
v 1.047993 0.059888 0.500795
v 1.045890 0.058399 0.496802
v 0.983000 0.063248 0.528121
v 0.987530 0.136719 0.503991
v 0.993780 0.064069 0.527792
v 0.992203 0.062952 0.524797
v 0.985952 0.135602 0.500996
v 0.983525 0.063621 0.529119
v 0.977274 0.136271 0.505318
v 1.039092 0.060575 0.505228
v 1.032841 0.133225 0.481427
v 1.031264 0.132108 0.478432
v 1.037514 0.059458 0.502233
v 1.040165 0.131422 0.473999
v 1.046416 0.058771 0.497800
v 0.988674 0.058427 0.532586
v 0.990261 0.039989 0.538626
v 0.988683 0.038872 0.535631
v 0.987097 0.057311 0.529591
v 0.985634 0.039107 0.537149
v 0.984048 0.057546 0.531109
v 1.048498 0.035499 0.509625
v 1.046911 0.053937 0.503585
v 1.045334 0.052820 0.500590
v 1.046921 0.034382 0.506630
v 1.046939 0.052696 0.499791
v 1.048525 0.034258 0.505831
v 1.018656 0.056116 0.517655
v 1.020242 0.037677 0.523696
v 1.018665 0.036560 0.520701
v 1.017079 0.054999 0.514660
v 1.013190 0.036983 0.523427
v 1.011603 0.055421 0.517387
v 1.014767 0.038100 0.526422
v 1.013181 0.056538 0.520382
v 1.051411 0.020168 0.513808
v 0.988522 0.025017 0.545126
v 0.986418 0.023528 0.541133
v 1.049308 0.018679 0.509815
v 0.987213 0.040224 0.540144
v 1.050103 0.035375 0.508826
v 1.047999 0.033886 0.504833
v 0.985110 0.038735 0.536151
v 1.041738 0.132535 0.476984
v 0.978847 0.137384 0.508303
v 0.976744 0.135895 0.504310
v 1.039635 0.131046 0.472992
v 0.976169 0.142581 0.502120
v 1.039060 0.137732 0.470801
vn 0.0815 -0.9471 0.3103
vn -0.0815 0.9471 -0.3103
vn -0.4426 -0.3133 -0.8402
vn 0.8930 -0.0689 -0.4447
vn -0.8930 0.0689 0.4447
vt 0.999500 0.444700
vt 0.000500 0.444700
vt 0.000500 0.420700
vt 0.999500 0.420700
vt 0.145700 0.026900
vt 0.145700 0.420700
vt 0.000500 0.026900
vt 0.999500 0.026900
vt 0.000500 0.000500
vt 0.999500 0.000500
vt 0.866800 0.420700
vt 0.866800 0.026900
vt 0.162500 0.444700
vt 0.162500 0.517600
vt 0.000500 0.517600
vt 0.850100 0.517600
vt 0.850100 0.444700
vt 0.999500 0.517600
vt 0.405800 0.444700
vt 0.405800 0.517600
vt 0.361400 0.517600
vt 0.361400 0.444700
vt 0.651200 0.444700
vt 0.651200 0.517600
vt 0.606800 0.517600
vt 0.606800 0.444700
vt 0.999500 0.999500
vt 0.000500 0.999500
vt 0.929000 0.444700
vt 0.071000 0.444700
vt 0.071000 0.420700
vt 0.929000 0.420700
vt 0.152400 0.133400
vt 0.152400 0.420700
vt 0.071000 0.133400
vt 0.858700 0.420700
vt 0.858700 0.133400
vt 0.929000 0.133400
vt 0.168800 0.444700
vt 0.168800 0.517600
vt 0.071000 0.517600
vt 0.842300 0.517600
vt 0.842300 0.444700
vt 0.929000 0.517600
vt 0.407200 0.444700
vt 0.407200 0.517600
vt 0.363600 0.517600
vt 0.363600 0.444700
vt 0.647500 0.444700
vt 0.647500 0.517600
vt 0.604000 0.517600
vt 0.604000 0.444700
vt 0.929000 0.999500
vt 0.071000 0.999500
s 1
usemtl 3d66_Standardmaterial_17342430_114
f 2460/250/122 2461/251/122 2462/251/122
f 2460/250/122 2462/251/122 2463/250/122
f 2464/252/123 2465/253/123 2466/253/123
f 2464/252/123 2466/253/123 2467/252/123
f 2467/252/124 2466/253/124 2463/250/124
f 2467/252/124 2463/250/124 2462/251/124
f 2468/254/125 2469/255/125 2470/255/125
f 2468/254/125 2470/255/125 2471/254/125
f 2471/254/124 2470/255/124 2472/252/124
f 2471/254/124 2472/252/124 2473/256/124
f 2474/257/122 2475/256/122 2476/256/122
f 2474/257/122 2476/256/122 2477/257/122
f 2478/258/124 2479/259/124 2477/257/124
f 2478/258/124 2477/257/124 2476/256/124
f 2480/260/126 2481/261/126 2482/261/126
f 2480/260/126 2482/261/126 2483/260/126
f 2484/257/124 2485/253/124 2483/260/124
f 2484/257/124 2483/260/124 2482/261/124
f 2486/262/125 2487/263/125 2488/263/125
f 2486/262/125 2488/263/125 2489/262/125
f 2489/262/124 2488/263/124 2490/264/124
f 2489/262/124 2490/264/124 2491/251/124
f 2492/265/126 2493/266/126 2494/266/126
f 2492/265/126 2494/266/126 2495/265/126
f 2496/250/124 2497/267/124 2495/265/124
f 2496/250/124 2495/265/124 2494/266/124
f 2498/268/125 2499/269/125 2500/269/125
f 2498/268/125 2500/269/125 2501/268/125
f 2501/268/124 2500/269/124 2502/270/124
f 2501/268/124 2502/270/124 2503/271/124
f 2504/270/126 2505/271/126 2502/270/126
f 2502/270/126 2505/271/126 2503/271/126
f 2506/272/125 2507/273/125 2508/273/125
f 2506/272/125 2508/273/125 2509/272/125
f 2509/272/124 2508/273/124 2510/274/124
f 2509/272/124 2510/274/124 2511/275/124
f 2512/274/126 2513/275/126 2510/274/126
f 2510/274/126 2513/275/126 2511/275/126
f 2514/276/122 2515/277/122 2516/277/122
f 2514/276/122 2516/277/122 2517/276/122
f 2518/264/123 2519/267/123 2520/267/123
f 2518/264/123 2520/267/123 2521/264/123
f 2521/264/124 2520/267/124 2517/276/124
f 2521/264/124 2517/276/124 2516/277/124
f 2522/278/122 2523/279/122 2524/279/122
f 2522/278/122 2524/279/122 2525/278/122
f 2526/280/123 2527/281/123 2528/281/123
f 2526/280/123 2528/281/123 2529/280/123
f 2529/280/124 2528/281/124 2525/278/124
f 2529/280/124 2525/278/124 2524/279/124
f 2530/282/125 2531/283/125 2532/283/125
f 2530/282/125 2532/283/125 2533/282/125
f 2533/282/124 2532/283/124 2534/280/124
f 2533/282/124 2534/280/124 2535/284/124
f 2536/285/126 2537/286/126 2538/286/126
f 2536/285/126 2538/286/126 2539/285/126
f 2540/287/124 2541/281/124 2539/285/124
f 2540/287/124 2539/285/124 2538/286/124
f 2542/288/125 2543/289/125 2544/289/125
f 2542/288/125 2544/289/125 2545/288/125
f 2545/288/124 2544/289/124 2546/290/124
f 2545/288/124 2546/290/124 2547/279/124
f 2548/291/126 2549/292/126 2550/292/126
f 2548/291/126 2550/292/126 2551/291/126
f 2552/278/124 2553/293/124 2551/291/124
f 2552/278/124 2551/291/124 2550/292/124
f 2554/294/125 2555/295/125 2556/295/125
f 2554/294/125 2556/295/125 2557/294/125
f 2557/294/124 2556/295/124 2558/296/124
f 2557/294/124 2558/296/124 2559/297/124
f 2560/296/126 2561/297/126 2558/296/126
f 2558/296/126 2561/297/126 2559/297/126
f 2562/298/125 2563/299/125 2564/299/125
f 2562/298/125 2564/299/125 2565/298/125
f 2565/298/124 2564/299/124 2566/300/124
f 2565/298/124 2566/300/124 2567/301/124
f 2568/300/126 2569/301/126 2566/300/126
f 2566/300/126 2569/301/126 2567/301/126
f 2570/302/122 2571/303/122 2572/303/122
f 2570/302/122 2572/303/122 2573/302/122
f 2574/290/123 2575/293/123 2576/293/123
f 2574/290/123 2576/293/123 2577/290/123
f 2577/290/124 2576/293/124 2573/302/124
f 2577/290/124 2573/302/124 2572/303/124
f 2578/257/122 2579/256/122 2580/256/122
f 2578/257/122 2580/256/122 2581/257/122
f 2582/258/124 2583/259/124 2581/257/124
f 2582/258/124 2581/257/124 2580/256/124
f 2584/278/122 2585/279/122 2586/279/122
f 2584/278/122 2586/279/122 2587/278/122
f 2588/280/123 2589/281/123 2590/281/123
f 2588/280/123 2590/281/123 2591/280/123
f 2591/280/124 2590/281/124 2587/278/124
f 2591/280/124 2587/278/124 2586/279/124
f 2592/282/125 2593/283/125 2594/283/125
f 2592/282/125 2594/283/125 2595/282/125
f 2595/282/124 2594/283/124 2596/280/124
f 2595/282/124 2596/280/124 2597/284/124
f 2598/285/126 2599/286/126 2600/286/126
f 2598/285/126 2600/286/126 2601/285/126
f 2602/287/124 2603/281/124 2601/285/124
f 2602/287/124 2601/285/124 2600/286/124
f 2604/288/125 2605/289/125 2606/289/125
f 2604/288/125 2606/289/125 2607/288/125
f 2607/288/124 2606/289/124 2608/290/124
f 2607/288/124 2608/290/124 2609/279/124
f 2610/291/126 2611/292/126 2612/292/126
f 2610/291/126 2612/292/126 2613/291/126
f 2614/278/124 2615/293/124 2613/291/124
f 2614/278/124 2613/291/124 2612/292/124
f 2616/294/125 2617/295/125 2618/295/125
f 2616/294/125 2618/295/125 2619/294/125
f 2619/294/124 2618/295/124 2620/296/124
f 2619/294/124 2620/296/124 2621/297/124
f 2622/296/126 2623/297/126 2620/296/126
f 2620/296/126 2623/297/126 2621/297/126
f 2624/302/122 2625/303/122 2626/303/122
f 2624/302/122 2626/303/122 2627/302/122
f 2628/290/123 2629/293/123 2630/293/123
f 2628/290/123 2630/293/123 2631/290/123
f 2631/290/124 2630/293/124 2627/302/124
f 2631/290/124 2627/302/124 2626/303/124
f 2632/257/122 2633/256/122 2634/256/122
f 2632/257/122 2634/256/122 2635/257/122
f 2636/258/124 2637/259/124 2635/257/124
f 2636/258/124 2635/257/124 2634/256/124
f 2638/250/122 2639/251/122 2640/251/122
f 2638/250/122 2640/251/122 2641/250/122
f 2642/252/123 2643/253/123 2644/253/123
f 2642/252/123 2644/253/123 2645/252/123
f 2645/252/124 2644/253/124 2641/250/124
f 2645/252/124 2641/250/124 2640/251/124
f 2646/254/125 2647/255/125 2648/255/125
f 2646/254/125 2648/255/125 2649/254/125
f 2649/254/124 2648/255/124 2650/252/124
f 2649/254/124 2650/252/124 2651/256/124
f 2652/257/122 2653/256/122 2654/256/122
f 2652/257/122 2654/256/122 2655/257/122
f 2656/258/124 2657/259/124 2655/257/124
f 2656/258/124 2655/257/124 2654/256/124
f 2658/260/126 2659/261/126 2660/261/126
f 2658/260/126 2660/261/126 2661/260/126
f 2662/257/124 2663/253/124 2661/260/124
f 2662/257/124 2661/260/124 2660/261/124
f 2664/262/125 2665/263/125 2666/263/125
f 2664/262/125 2666/263/125 2667/262/125
f 2667/262/124 2666/263/124 2668/264/124
f 2667/262/124 2668/264/124 2669/251/124
f 2670/265/126 2671/266/126 2672/266/126
f 2670/265/126 2672/266/126 2673/265/126
f 2674/250/124 2675/267/124 2673/265/124
f 2674/250/124 2673/265/124 2672/266/124
f 2676/268/125 2677/269/125 2678/269/125
f 2676/268/125 2678/269/125 2679/268/125
f 2679/268/124 2678/269/124 2680/270/124
f 2679/268/124 2680/270/124 2681/271/124
f 2682/270/126 2683/271/126 2680/270/126
f 2680/270/126 2683/271/126 2681/271/126
f 2684/272/125 2685/273/125 2686/273/125
f 2684/272/125 2686/273/125 2687/272/125
f 2687/272/124 2686/273/124 2688/274/124
f 2687/272/124 2688/274/124 2689/275/124
f 2690/274/126 2691/275/126 2688/274/126
f 2688/274/126 2691/275/126 2689/275/126
f 2692/276/122 2693/277/122 2694/277/122
f 2692/276/122 2694/277/122 2695/276/122
f 2696/264/123 2697/267/123 2698/267/123
f 2696/264/123 2698/267/123 2699/264/123
f 2699/264/124 2698/267/124 2695/276/124
f 2699/264/124 2695/276/124 2694/277/124
f 2700/250/122 2701/251/122 2702/251/122
f 2700/250/122 2702/251/122 2703/250/122
f 2704/252/123 2705/253/123 2706/253/123
f 2704/252/123 2706/253/123 2707/252/123
f 2707/252/124 2706/253/124 2703/250/124
f 2707/252/124 2703/250/124 2702/251/124
f 2708/254/125 2709/255/125 2710/255/125
f 2708/254/125 2710/255/125 2711/254/125
f 2711/254/124 2710/255/124 2712/252/124
f 2711/254/124 2712/252/124 2713/256/124
f 2714/257/122 2715/256/122 2716/256/122
f 2714/257/122 2716/256/122 2717/257/122
f 2718/258/124 2719/259/124 2717/257/124
f 2718/258/124 2717/257/124 2716/256/124
f 2720/260/126 2721/261/126 2722/261/126
f 2720/260/126 2722/261/126 2723/260/126
f 2724/257/124 2725/253/124 2723/260/124
f 2724/257/124 2723/260/124 2722/261/124
f 2726/262/125 2727/263/125 2728/263/125
f 2726/262/125 2728/263/125 2729/262/125
f 2729/262/124 2728/263/124 2730/264/124
f 2729/262/124 2730/264/124 2731/251/124
f 2732/265/126 2733/266/126 2734/266/126
f 2732/265/126 2734/266/126 2735/265/126
f 2736/250/124 2737/267/124 2735/265/124
f 2736/250/124 2735/265/124 2734/266/124
f 2738/268/125 2739/269/125 2740/269/125
f 2738/268/125 2740/269/125 2741/268/125
f 2741/268/124 2740/269/124 2742/270/124
f 2741/268/124 2742/270/124 2743/271/124
f 2744/270/126 2745/271/126 2742/270/126
f 2742/270/126 2745/271/126 2743/271/126
f 2746/272/125 2747/273/125 2748/273/125
f 2746/272/125 2748/273/125 2749/272/125
f 2749/272/124 2748/273/124 2750/274/124
f 2749/272/124 2750/274/124 2751/275/124
f 2752/274/126 2753/275/126 2750/274/126
f 2750/274/126 2753/275/126 2751/275/126
f 2754/276/122 2755/277/122 2756/277/122
f 2754/276/122 2756/277/122 2757/276/122
f 2758/264/123 2759/267/123 2760/267/123
f 2758/264/123 2760/267/123 2761/264/123
f 2761/264/124 2760/267/124 2757/276/124
f 2761/264/124 2757/276/124 2756/277/124
f 2762/250/122 2763/251/122 2764/251/122
f 2762/250/122 2764/251/122 2765/250/122
f 2766/252/123 2767/253/123 2768/253/123
f 2766/252/123 2768/253/123 2769/252/123
f 2769/252/124 2768/253/124 2765/250/124
f 2769/252/124 2765/250/124 2764/251/124
f 2770/254/125 2771/255/125 2772/255/125
f 2770/254/125 2772/255/125 2773/254/125
f 2773/254/124 2772/255/124 2774/252/124
f 2773/254/124 2774/252/124 2775/256/124
f 2776/257/122 2777/256/122 2778/256/122
f 2776/257/122 2778/256/122 2779/257/122
f 2780/258/124 2781/259/124 2779/257/124
f 2780/258/124 2779/257/124 2778/256/124
f 2782/260/126 2783/261/126 2784/261/126
f 2782/260/126 2784/261/126 2785/260/126
f 2786/257/124 2787/253/124 2785/260/124
f 2786/257/124 2785/260/124 2784/261/124
f 2788/262/125 2789/263/125 2790/263/125
f 2788/262/125 2790/263/125 2791/262/125
f 2791/262/124 2790/263/124 2792/264/124
f 2791/262/124 2792/264/124 2793/251/124
f 2794/265/126 2795/266/126 2796/266/126
f 2794/265/126 2796/266/126 2797/265/126
f 2798/250/124 2799/267/124 2797/265/124
f 2798/250/124 2797/265/124 2796/266/124
f 2800/268/125 2801/269/125 2802/269/125
f 2800/268/125 2802/269/125 2803/268/125
f 2803/268/124 2802/269/124 2804/270/124
f 2803/268/124 2804/270/124 2805/271/124
f 2806/270/126 2807/271/126 2804/270/126
f 2804/270/126 2807/271/126 2805/271/126
f 2808/272/125 2809/273/125 2810/273/125
f 2808/272/125 2810/273/125 2811/272/125
f 2811/272/124 2810/273/124 2812/274/124
f 2811/272/124 2812/274/124 2813/275/124
f 2814/274/126 2815/275/126 2812/274/126
f 2812/274/126 2815/275/126 2813/275/126
f 2816/276/122 2817/277/122 2818/277/122
f 2816/276/122 2818/277/122 2819/276/122
f 2820/264/123 2821/267/123 2822/267/123
f 2820/264/123 2822/267/123 2823/264/123
f 2823/264/124 2822/267/124 2819/276/124
f 2823/264/124 2819/276/124 2818/277/124
f 2824/250/122 2825/251/122 2826/251/122
f 2824/250/122 2826/251/122 2827/250/122
f 2828/252/123 2829/253/123 2830/253/123
f 2828/252/123 2830/253/123 2831/252/123
f 2831/252/124 2830/253/124 2827/250/124
f 2831/252/124 2827/250/124 2826/251/124
f 2832/254/125 2833/255/125 2834/255/125
f 2832/254/125 2834/255/125 2835/254/125
f 2835/254/124 2834/255/124 2836/252/124
f 2835/254/124 2836/252/124 2837/256/124
f 2838/257/122 2839/256/122 2840/256/122
f 2838/257/122 2840/256/122 2841/257/122
f 2842/258/124 2843/259/124 2841/257/124
f 2842/258/124 2841/257/124 2840/256/124
f 2844/260/126 2845/261/126 2846/261/126
f 2844/260/126 2846/261/126 2847/260/126
f 2848/257/124 2849/253/124 2847/260/124
f 2848/257/124 2847/260/124 2846/261/124
f 2850/262/125 2851/263/125 2852/263/125
f 2850/262/125 2852/263/125 2853/262/125
f 2853/262/124 2852/263/124 2854/264/124
f 2853/262/124 2854/264/124 2855/251/124
f 2856/265/126 2857/266/126 2858/266/126
f 2856/265/126 2858/266/126 2859/265/126
f 2860/250/124 2861/267/124 2859/265/124
f 2860/250/124 2859/265/124 2858/266/124
f 2862/268/125 2863/269/125 2864/269/125
f 2862/268/125 2864/269/125 2865/268/125
f 2865/268/124 2864/269/124 2866/270/124
f 2865/268/124 2866/270/124 2867/271/124
f 2868/270/126 2869/271/126 2866/270/126
f 2866/270/126 2869/271/126 2867/271/126
f 2870/272/125 2871/273/125 2872/273/125
f 2870/272/125 2872/273/125 2873/272/125
f 2873/272/124 2872/273/124 2874/274/124
f 2873/272/124 2874/274/124 2875/275/124
f 2876/274/126 2877/275/126 2874/274/126
f 2874/274/126 2877/275/126 2875/275/126
f 2878/276/122 2879/277/122 2880/277/122
f 2878/276/122 2880/277/122 2881/276/122
f 2882/264/123 2883/267/123 2884/267/123
f 2882/264/123 2884/267/123 2885/264/123
f 2885/264/124 2884/267/124 2881/276/124
f 2885/264/124 2881/276/124 2880/277/124
f 2886/250/122 2887/251/122 2888/251/122
f 2886/250/122 2888/251/122 2889/250/122
f 2890/252/123 2891/253/123 2892/253/123
f 2890/252/123 2892/253/123 2893/252/123
f 2893/252/124 2892/253/124 2889/250/124
f 2893/252/124 2889/250/124 2888/251/124
f 2894/254/125 2895/255/125 2896/255/125
f 2894/254/125 2896/255/125 2897/254/125
f 2897/254/124 2896/255/124 2898/252/124
f 2897/254/124 2898/252/124 2899/256/124
f 2900/257/122 2901/256/122 2902/256/122
f 2900/257/122 2902/256/122 2903/257/122
f 2904/258/124 2905/259/124 2903/257/124
f 2904/258/124 2903/257/124 2902/256/124
f 2906/260/126 2907/261/126 2908/261/126
f 2906/260/126 2908/261/126 2909/260/126
f 2910/257/124 2911/253/124 2909/260/124
f 2910/257/124 2909/260/124 2908/261/124
f 2912/262/125 2913/263/125 2914/263/125
f 2912/262/125 2914/263/125 2915/262/125
f 2915/262/124 2914/263/124 2916/264/124
f 2915/262/124 2916/264/124 2917/251/124
f 2918/265/126 2919/266/126 2920/266/126
f 2918/265/126 2920/266/126 2921/265/126
f 2922/250/124 2923/267/124 2921/265/124
f 2922/250/124 2921/265/124 2920/266/124
f 2924/268/125 2925/269/125 2926/269/125
f 2924/268/125 2926/269/125 2927/268/125
f 2927/268/124 2926/269/124 2928/270/124
f 2927/268/124 2928/270/124 2929/271/124
f 2930/270/126 2931/271/126 2928/270/126
f 2928/270/126 2931/271/126 2929/271/126
f 2932/272/125 2933/273/125 2934/273/125
f 2932/272/125 2934/273/125 2935/272/125
f 2935/272/124 2934/273/124 2936/274/124
f 2935/272/124 2936/274/124 2937/275/124
f 2938/274/126 2939/275/126 2936/274/126
f 2936/274/126 2939/275/126 2937/275/126
f 2940/276/122 2941/277/122 2942/277/122
f 2940/276/122 2942/277/122 2943/276/122
f 2944/264/123 2945/267/123 2946/267/123
f 2944/264/123 2946/267/123 2947/264/123
f 2947/264/124 2946/267/124 2943/276/124
f 2947/264/124 2943/276/124 2942/277/124
f 2948/250/122 2949/251/122 2950/251/122
f 2948/250/122 2950/251/122 2951/250/122
f 2952/252/123 2953/253/123 2954/253/123
f 2952/252/123 2954/253/123 2955/252/123
f 2955/252/124 2954/253/124 2951/250/124
f 2955/252/124 2951/250/124 2950/251/124
f 2956/254/125 2957/255/125 2958/255/125
f 2956/254/125 2958/255/125 2959/254/125
f 2959/254/124 2958/255/124 2960/252/124
f 2959/254/124 2960/252/124 2961/256/124
f 2962/257/122 2963/256/122 2964/256/122
f 2962/257/122 2964/256/122 2965/257/122
f 2966/258/124 2967/259/124 2965/257/124
f 2966/258/124 2965/257/124 2964/256/124
f 2968/260/126 2969/261/126 2970/261/126
f 2968/260/126 2970/261/126 2971/260/126
f 2972/257/124 2973/253/124 2971/260/124
f 2972/257/124 2971/260/124 2970/261/124
f 2974/262/125 2975/263/125 2976/263/125
f 2974/262/125 2976/263/125 2977/262/125
f 2977/262/124 2976/263/124 2978/264/124
f 2977/262/124 2978/264/124 2979/251/124
f 2980/265/126 2981/266/126 2982/266/126
f 2980/265/126 2982/266/126 2983/265/126
f 2984/250/124 2985/267/124 2983/265/124
f 2984/250/124 2983/265/124 2982/266/124
f 2986/268/125 2987/269/125 2988/269/125
f 2986/268/125 2988/269/125 2989/268/125
f 2989/268/124 2988/269/124 2990/270/124
f 2989/268/124 2990/270/124 2991/271/124
f 2992/270/126 2993/271/126 2990/270/126
f 2990/270/126 2993/271/126 2991/271/126
f 2994/272/125 2995/273/125 2996/273/125
f 2994/272/125 2996/273/125 2997/272/125
f 2997/272/124 2996/273/124 2998/274/124
f 2997/272/124 2998/274/124 2999/275/124
f 3000/274/126 3001/275/126 2998/274/126
f 2998/274/126 3001/275/126 2999/275/126
f 3002/276/122 3003/277/122 3004/277/122
f 3002/276/122 3004/277/122 3005/276/122
f 3006/264/123 3007/267/123 3008/267/123
f 3006/264/123 3008/267/123 3009/264/123
f 3009/264/124 3008/267/124 3005/276/124
f 3009/264/124 3005/276/124 3004/277/124
f 3010/250/122 3011/251/122 3012/251/122
f 3010/250/122 3012/251/122 3013/250/122
f 3014/252/123 3015/253/123 3016/253/123
f 3014/252/123 3016/253/123 3017/252/123
f 3017/252/124 3016/253/124 3013/250/124
f 3017/252/124 3013/250/124 3012/251/124
f 3018/254/125 3019/255/125 3020/255/125
f 3018/254/125 3020/255/125 3021/254/125
f 3021/254/124 3020/255/124 3022/252/124
f 3021/254/124 3022/252/124 3023/256/124
f 3024/257/122 3025/256/122 3026/256/122
f 3024/257/122 3026/256/122 3027/257/122
f 3028/258/124 3029/259/124 3027/257/124
f 3028/258/124 3027/257/124 3026/256/124
f 3030/260/126 3031/261/126 3032/261/126
f 3030/260/126 3032/261/126 3033/260/126
f 3034/257/124 3035/253/124 3033/260/124
f 3034/257/124 3033/260/124 3032/261/124
f 3036/262/125 3037/263/125 3038/263/125
f 3036/262/125 3038/263/125 3039/262/125
f 3039/262/124 3038/263/124 3040/264/124
f 3039/262/124 3040/264/124 3041/251/124
f 3042/265/126 3043/266/126 3044/266/126
f 3042/265/126 3044/266/126 3045/265/126
f 3046/250/124 3047/267/124 3045/265/124
f 3046/250/124 3045/265/124 3044/266/124
f 3048/268/125 3049/269/125 3050/269/125
f 3048/268/125 3050/269/125 3051/268/125
f 3051/268/124 3050/269/124 3052/270/124
f 3051/268/124 3052/270/124 3053/271/124
f 3054/270/126 3055/271/126 3052/270/126
f 3052/270/126 3055/271/126 3053/271/126
f 3056/272/125 3057/273/125 3058/273/125
f 3056/272/125 3058/273/125 3059/272/125
f 3059/272/124 3058/273/124 3060/274/124
f 3059/272/124 3060/274/124 3061/275/124
f 3062/274/126 3063/275/126 3060/274/126
f 3060/274/126 3063/275/126 3061/275/126
f 3064/276/122 3065/277/122 3066/277/122
f 3064/276/122 3066/277/122 3067/276/122
f 3068/264/123 3069/267/123 3070/267/123
f 3068/264/123 3070/267/123 3071/264/123
f 3071/264/124 3070/267/124 3067/276/124
f 3071/264/124 3067/276/124 3066/277/124
f 3072/278/122 3073/279/122 3074/279/122
f 3072/278/122 3074/279/122 3075/278/122
f 3076/280/123 3077/281/123 3078/281/123
f 3076/280/123 3078/281/123 3079/280/123
f 3079/280/124 3078/281/124 3075/278/124
f 3079/280/124 3075/278/124 3074/279/124
f 3080/282/125 3081/283/125 3082/283/125
f 3080/282/125 3082/283/125 3083/282/125
f 3083/282/124 3082/283/124 3084/280/124
f 3083/282/124 3084/280/124 3085/284/124
f 3086/285/126 3087/286/126 3088/286/126
f 3086/285/126 3088/286/126 3089/285/126
f 3090/287/124 3091/281/124 3089/285/124
f 3090/287/124 3089/285/124 3088/286/124
f 3092/288/125 3093/289/125 3094/289/125
f 3092/288/125 3094/289/125 3095/288/125
f 3095/288/124 3094/289/124 3096/290/124
f 3095/288/124 3096/290/124 3097/279/124
f 3098/291/126 3099/292/126 3100/292/126
f 3098/291/126 3100/292/126 3101/291/126
f 3102/278/124 3103/293/124 3101/291/124
f 3102/278/124 3101/291/124 3100/292/124
f 3104/294/125 3105/295/125 3106/295/125
f 3104/294/125 3106/295/125 3107/294/125
f 3107/294/124 3106/295/124 3108/296/124
f 3107/294/124 3108/296/124 3109/297/124
f 3110/296/126 3111/297/126 3108/296/126
f 3108/296/126 3111/297/126 3109/297/126
f 3112/302/122 3113/303/122 3114/303/122
f 3112/302/122 3114/303/122 3115/302/122
f 3116/290/123 3117/293/123 3118/293/123
f 3116/290/123 3118/293/123 3119/290/123
f 3119/290/124 3118/293/124 3115/302/124
f 3119/290/124 3115/302/124 3114/303/124
f 3120/257/122 3121/256/122 3122/256/122
f 3120/257/122 3122/256/122 3123/257/122
f 3124/258/124 3125/259/124 3123/257/124
f 3124/258/124 3123/257/124 3122/256/124
o Obj3d66_17342430_32_711
v 0.917469 0.409508 1.240717
v 1.370943 0.374544 1.014897
v 1.380296 0.265836 1.050511
v 0.926822 0.300800 1.276331
v 0.917469 0.409508 1.240717
v 0.091875 0.365179 1.692119
v 0.082522 0.473886 1.656505
v 0.926822 0.300800 1.276331
v 1.035290 0.136899 0.377664
v 1.370943 0.374544 1.014897
v 1.044643 0.028191 0.413278
v 0.082522 0.473886 1.656505
v -0.243778 0.127533 1.054885
v -0.253131 0.236241 1.019271
v 0.091875 0.365179 1.692119
v 1.011943 0.138699 0.389291
v 1.022708 0.013580 0.430281
v -0.213449 0.108892 1.045861
v -0.253132 0.236240 1.019270
v -0.224215 0.234011 1.004870
v 1.380297 0.265837 1.050513
v 0.112855 0.339919 1.665347
v 0.738939 0.315288 1.369896
v 0.091876 0.365179 1.692121
v 1.044644 0.028191 0.413279
v 1.348392 0.244654 1.050076
v 1.022088 0.013628 0.430591
v -0.213448 0.108893 1.045863
v -0.243777 0.127534 1.054886
v 0.112856 0.339920 1.665350
v 1.380298 0.265837 1.050515
v 1.348393 0.244655 1.050078
vn 0.4426 0.3133 0.8402
vn 0.8930 -0.0689 -0.4447
vn -0.8930 0.0689 0.4447
vn -0.4426 -0.3133 -0.8402
vn -0.4426 -0.3134 -0.8402
vn 0.3437 -0.5336 0.7728
vn 0.5528 -0.8331 0.0195
vn -0.3495 -0.8026 0.4834
vt 1.499000 0.868500
vt 1.499000 0.000500
vt 0.795800 0.000500
vt 0.795800 0.868500
vt -0.499000 0.000500
vt -0.499000 0.868500
vt -0.430500 0.000500
vt -0.430500 0.868500
vt 1.436900 0.000500
vt 1.436900 0.868500
vt -0.436900 0.000500
vt -0.436900 0.868500
vt 1.430500 0.000500
vt 1.430500 0.868500
vt -0.462800 0.000500
vt -0.462800 0.999500
vt 1.454200 0.999500
vt 1.454200 0.000500
vt 0.999500 0.365300
vt 0.971700 0.732500
vt 0.000500 0.365300
vt 0.000500 0.732500
s 1
usemtl 3d66_Standardmaterial_17342430_117
f 3128/304/127 3127/305/127 3126/306/127
f 3126/306/127 3129/307/127 3128/304/127
f 3132/308/127 3131/309/127 3130/306/127
f 3133/307/127 3130/306/127 3131/309/127
f 3135/310/128 3128/311/128 3134/312/128
f 3136/313/128 3134/312/128 3128/311/128
f 3139/314/129 3138/315/129 3137/316/129
f 3140/317/129 3137/316/129 3138/315/129
f 3134/308/130 3136/309/130 3141/318/130
f 3142/319/130 3141/318/130 3136/309/130
f 3138/304/131 3144/305/130 3143/320/130
f 3145/321/130 3143/320/130 3144/305/130
f 3148/322/132 3147/323/132 3146/322/132
f 3149/322/132 3147/323/132 3148/322/132
f 3146/322/133 3151/323/133 3150/324/133
f 3152/325/133 3150/324/133 3151/323/133
f 3154/324/134 3153/325/134 3149/322/134
f 3147/323/134 3149/322/134 3153/325/134
f 3157/323/132 3156/322/132 3155/323/132
