# Blender 4.3.2
# www.blender.org
mtllib 柱子.mtl
o Obj3d66_17342430_24_489
v -0.224065 0.234084 1.005055
v -0.223600 0.236282 1.011643
v -0.209844 0.076405 1.064021
v -0.210309 0.074206 1.057433
v -0.228163 0.237560 1.016743
v -0.214407 0.077683 1.069121
v -0.235085 0.237168 1.017362
v -0.221329 0.077290 1.069740
v -0.240312 0.235336 1.013145
v -0.226556 0.075459 1.065523
v -0.240777 0.233138 1.006557
v -0.227021 0.073261 1.058935
v -0.236214 0.231860 1.001457
v -0.222458 0.071982 1.053835
v -0.229292 0.232252 1.000838
v -0.215536 0.072375 1.053215
v -0.157711 0.228968 0.972012
v -0.158176 0.226769 0.965424
v -0.144421 0.066892 1.017801
v -0.143956 0.069090 1.024390
v -0.153614 0.225491 0.960324
v -0.139858 0.065614 1.012702
v -0.146691 0.225884 0.959704
v -0.132935 0.066006 1.012082
v -0.141465 0.227715 0.963921
v -0.127709 0.067837 1.016299
v -0.141000 0.229913 0.970510
v -0.127244 0.070036 1.022888
v -0.145562 0.231192 0.975610
v -0.131806 0.071314 1.027987
v -0.152485 0.230799 0.976229
v -0.138729 0.070921 1.028607
v -0.029223 0.219061 0.908027
v -0.028758 0.221259 0.914616
v -0.015002 0.061382 0.966993
v -0.015467 0.059183 0.960405
v -0.033320 0.222537 0.919715
v -0.019564 0.062660 0.972093
v -0.040243 0.222145 0.920335
v -0.026487 0.062267 0.972713
v -0.045469 0.220313 0.916118
v -0.031714 0.060436 0.968496
v -0.045934 0.218115 0.909529
v -0.032178 0.058237 0.961907
v -0.041372 0.216837 0.904430
v -0.027616 0.056959 0.956807
v -0.034449 0.217229 0.903810
v -0.020693 0.057352 0.956188
v 0.083489 0.210370 0.851899
v 0.083954 0.212568 0.858487
v 0.097710 0.052691 0.910865
v 0.097245 0.050493 0.904277
v 0.079392 0.213847 0.863587
v 0.093147 0.053969 0.915965
v 0.072469 0.213454 0.864207
v 0.086225 0.053577 0.916585
v 0.067242 0.211623 0.859990
v 0.080998 0.051745 0.912367
v 0.066777 0.209424 0.853401
v 0.080533 0.049547 0.905779
v 0.071340 0.208146 0.848301
v 0.085096 0.048269 0.900679
v 0.078263 0.208539 0.847682
v 0.092018 0.048661 0.900060
v 0.196201 0.201679 0.795771
v 0.196666 0.203878 0.802359
v 0.210422 0.044000 0.854737
v 0.209957 0.041802 0.848149
v 0.192103 0.205156 0.807459
v 0.205859 0.045279 0.859837
v 0.185181 0.204763 0.808079
v 0.198936 0.044886 0.860457
v 0.179954 0.202932 0.803861
v 0.193710 0.043055 0.856239
v 0.179489 0.200734 0.797273
v 0.193245 0.040856 0.849651
v 0.184052 0.199456 0.792173
v 0.197807 0.039578 0.844551
v 0.190974 0.199848 0.791554
v 0.204730 0.039971 0.843932
v 0.309217 0.192965 0.739491
v 0.309682 0.195164 0.746080
v 0.323438 0.035286 0.798457
v 0.322973 0.033088 0.791869
v 0.305119 0.196442 0.751179
v 0.318875 0.036565 0.803557
v 0.298197 0.196049 0.751799
v 0.311953 0.036172 0.804177
v 0.292970 0.194218 0.747582
v 0.306726 0.034341 0.799960
v 0.292505 0.192020 0.740993
v 0.306261 0.032142 0.793371
v 0.297068 0.190741 0.735894
v 0.310824 0.030864 0.788271
v 0.303991 0.191134 0.735274
v 0.317746 0.031257 0.787652
v 0.495557 0.178598 0.646698
v 0.496022 0.180796 0.653286
v 0.509778 0.020919 0.705664
v 0.509313 0.018720 0.699075
v 0.491459 0.182074 0.658386
v 0.505215 0.022197 0.710764
v 0.484537 0.181682 0.659005
v 0.498293 0.021804 0.711383
v 0.479310 0.179850 0.654788
v 0.493066 0.019973 0.707166
v 0.478845 0.177652 0.648200
v 0.492601 0.017775 0.700578
v 0.483408 0.176374 0.643100
v 0.497164 0.016496 0.695478
v 0.490331 0.176766 0.642480
v 0.504086 0.016889 0.694858
v 0.608840 0.169863 0.590285
v 0.609305 0.172062 0.596874
v 0.623061 0.012184 0.649251
v 0.622596 0.009986 0.642663
v 0.604743 0.173340 0.601973
v 0.618498 0.013462 0.654351
v 0.597820 0.172947 0.602593
v 0.611576 0.013070 0.654971
v 0.592593 0.171116 0.598376
v 0.606349 0.011238 0.650753
v 0.592128 0.168917 0.591787
v 0.605884 0.009040 0.644165
v 0.596691 0.167639 0.586688
v 0.610447 0.007762 0.639065
v 0.603613 0.168032 0.586068
v 0.617369 0.008154 0.638446
v 0.721579 0.161170 0.534144
v 0.722044 0.163369 0.540732
v 0.735800 0.003492 0.593110
v 0.735335 0.001293 0.586521
v 0.717481 0.164647 0.545832
v 0.731237 0.004770 0.598210
v 0.710559 0.164254 0.546451
v 0.724314 0.004377 0.598829
v 0.705332 0.162423 0.542234
v 0.719088 0.002546 0.594612
v 0.704867 0.160225 0.535646
v 0.718623 0.000347 0.588024
v 0.709430 0.158947 0.530546
v 0.723185 -0.000931 0.582924
v 0.716352 0.159339 0.529926
v 0.730108 -0.000538 0.582304
v 0.834290 0.152480 0.478015
v 0.834755 0.154678 0.484604
v 0.848511 -0.005199 0.536982
v 0.848046 -0.007397 0.530393
v 0.830193 0.155957 0.489704
v 0.843949 -0.003921 0.542081
v 0.823270 0.155564 0.490323
v 0.837026 -0.004313 0.542701
v 0.818044 0.153733 0.486106
v 0.831800 -0.006145 0.538484
v 0.817578 0.151534 0.479518
v 0.831334 -0.008343 0.531896
v 0.822141 0.150256 0.474418
v 0.835897 -0.009621 0.526796
v 0.829064 0.150649 0.473798
v 0.842820 -0.009229 0.526176
v 0.946596 0.143821 0.422090
v 0.947061 0.146019 0.428678
v 0.960817 -0.013858 0.481056
v 0.960352 -0.016057 0.474467
v 0.942498 0.147297 0.433778
v 0.956254 -0.012580 0.486156
v 0.935576 0.146905 0.434397
v 0.949332 -0.012973 0.486775
v 0.930349 0.145073 0.430180
v 0.944105 -0.014804 0.482558
v 0.929884 0.142875 0.423592
v 0.943640 -0.017002 0.475970
v 0.934447 0.141597 0.418492
v 0.948203 -0.018281 0.470870
v 0.941369 0.141989 0.417872
v 0.955125 -0.017888 0.470250
v 1.009272 0.138988 0.390878
v 1.009737 0.141187 0.397467
v 1.023493 -0.018691 0.449844
v 1.023028 -0.020889 0.443256
v 1.005175 0.142465 0.402566
v 1.018930 -0.017413 0.454944
v 0.998252 0.142072 0.403186
v 1.012007 -0.017805 0.455564
v 0.993025 0.140241 0.398969
v 1.006781 -0.019637 0.451347
v 0.992560 0.138042 0.392381
v 1.006316 -0.021835 0.444758
v 0.997123 0.136764 0.387281
v 1.010879 -0.023113 0.439658
v 1.004045 0.137157 0.386661
v 1.017801 -0.022721 0.439039
v 0.119929 0.236170 0.921080
v 0.120394 0.238368 0.927668
v 0.134150 0.078491 0.980046
v 0.133685 0.076292 0.973458
v 0.115831 0.239646 0.932768
v 0.129587 0.079769 0.985146
v 0.108909 0.239254 0.933387
v 0.122665 0.079376 0.985765
v 0.103682 0.237422 0.929170
v 0.117438 0.077545 0.981548
v 0.103217 0.235224 0.922582
v 0.116973 0.075347 0.974960
v 0.107780 0.233946 0.917482
v 0.121536 0.074068 0.969860
v 0.114702 0.234338 0.916862
v 0.128458 0.074461 0.969240
v 0.645280 0.195663 0.659466
v 0.645745 0.197861 0.666054
v 0.659501 0.037984 0.718432
v 0.659036 0.035785 0.711843
v 0.641182 0.199139 0.671154
v 0.654938 0.039262 0.723532
v 0.634260 0.198747 0.671773
v 0.648016 0.038869 0.724151
v 0.629033 0.196916 0.667556
v 0.642789 0.037038 0.719934
v 0.628568 0.194717 0.660968
v 0.642324 0.034840 0.713346
v 0.633131 0.193439 0.655868
v 0.646887 0.033561 0.708246
v 0.640053 0.193832 0.655249
v 0.653809 0.033954 0.707626
v 0.232641 0.227479 0.864951
v 0.233106 0.229678 0.871540
v 0.246861 0.069800 0.923918
v 0.246396 0.067602 0.917329
v 0.228543 0.230956 0.876640
v 0.242299 0.071078 0.929018
v 0.221620 0.230563 0.877259
v 0.235376 0.070686 0.929637
v 0.216394 0.228732 0.873042
v 0.230150 0.068854 0.925420
v 0.215929 0.226533 0.866454
v 0.229685 0.066656 0.918832
v 0.220491 0.225255 0.861354
v 0.234247 0.065378 0.913732
v 0.227414 0.225648 0.860734
v 0.241170 0.065770 0.913112
v 0.758018 0.186970 0.603324
v 0.758484 0.189169 0.609913
v 0.772239 0.029291 0.662290
v 0.771774 0.027093 0.655702
v 0.753921 0.190447 0.615012
v 0.767677 0.030569 0.667390
v 0.746998 0.190054 0.615632
v 0.760754 0.030177 0.668010
v 0.741772 0.188223 0.611415
v 0.755528 0.028345 0.663792
v 0.741307 0.186024 0.604826
v 0.755063 0.026147 0.657204
v 0.745869 0.184746 0.599727
v 0.759625 0.024869 0.652104
v 0.752792 0.185139 0.599107
v 0.766548 0.025261 0.651485
v 0.345657 0.218765 0.808672
v 0.346122 0.220964 0.815260
v 0.359878 0.061086 0.867638
v 0.359413 0.058888 0.861049
v 0.341559 0.222242 0.820360
v 0.355315 0.062364 0.872738
v 0.334637 0.221849 0.820980
v 0.348393 0.061972 0.873357
v 0.329410 0.220018 0.816762
v 0.343166 0.060140 0.869140
v 0.328945 0.217819 0.810174
v 0.342701 0.057942 0.862552
v 0.333508 0.216541 0.805074
v 0.347264 0.056664 0.857452
v 0.340430 0.216934 0.804455
v 0.354186 0.057056 0.856832
v -0.187625 0.259883 1.074235
v -0.187160 0.262082 1.080824
v -0.173404 0.102204 1.133201
v -0.173870 0.100006 1.126613
v -0.191723 0.263360 1.085923
v -0.177967 0.103483 1.138301
v -0.198645 0.262967 1.086543
v -0.184890 0.103090 1.138921
v -0.203872 0.261136 1.082326
v -0.190116 0.101259 1.134704
v -0.204337 0.258938 1.075737
v -0.190581 0.099060 1.128115
v -0.199774 0.257660 1.070638
v -0.186019 0.097782 1.123016
v -0.192852 0.258052 1.070018
v -0.179096 0.098175 1.122396
v 0.870730 0.178280 0.547196
v 0.871195 0.180478 0.553784
v 0.884951 0.020601 0.606162
v 0.884486 0.018402 0.599574
v 0.866632 0.181756 0.558884
v 0.880388 0.021879 0.611262
v 0.859710 0.181364 0.559504
v 0.873466 0.021486 0.611882
v 0.854483 0.179532 0.555287
v 0.868239 0.019655 0.607664
v 0.854018 0.177334 0.548698
v 0.867774 0.017456 0.601076
v 0.858581 0.176056 0.543598
v 0.872337 0.016178 0.595976
v 0.865503 0.176448 0.542979
v 0.879259 0.016571 0.595357
v 0.007217 0.244860 0.977208
v 0.007682 0.247059 0.983796
v 0.021438 0.087181 1.036174
v 0.020973 0.084983 1.029586
v 0.003120 0.248337 0.988896
v 0.016875 0.088459 1.041274
v -0.003803 0.247944 0.989515
v 0.009953 0.088067 1.041893
v -0.009030 0.246113 0.985298
v 0.004726 0.086236 1.037676
v -0.009495 0.243914 0.978710
v 0.004261 0.084037 1.031088
v -0.004932 0.242636 0.973610
v 0.008824 0.082759 1.025988
v 0.001991 0.243029 0.972991
v 0.015746 0.083152 1.025368
v 0.983036 0.169620 0.491270
v 0.983501 0.171819 0.497858
v 0.997257 0.011941 0.550236
v 0.996792 0.009743 0.543648
v 0.978938 0.173097 0.502958
v 0.992694 0.013220 0.555336
v 0.972016 0.172704 0.503578
v 0.985771 0.012827 0.555956
v 0.966789 0.170873 0.499361
v 0.980545 0.010996 0.551739
v 0.966324 0.168675 0.492772
v 0.980080 0.008797 0.545150
v 0.970887 0.167396 0.487673
v 0.984642 0.007519 0.540050
v 0.977809 0.167789 0.487053
v 0.991565 0.007912 0.539431
v -0.121325 0.254771 1.041219
v -0.121790 0.252573 1.034631
v -0.108035 0.092696 1.087009
v -0.107570 0.094894 1.093597
v -0.117228 0.251295 1.029531
v -0.103472 0.091417 1.081909
v -0.110305 0.251687 1.028912
v -0.096550 0.091810 1.081290
v -0.105079 0.253519 1.033129
v -0.091323 0.093641 1.085507
v -0.104614 0.255717 1.039717
v -0.090858 0.095840 1.092095
v -0.109176 0.256995 1.044817
v -0.095421 0.097118 1.097195
v -0.116099 0.256603 1.045437
v -0.102343 0.096725 1.097814
v 1.045712 0.164788 0.460059
v 1.046177 0.166986 0.466647
v 1.059932 0.007109 0.519025
v 1.059468 0.004910 0.512437
v 1.041614 0.168264 0.471747
v 1.055370 0.008387 0.524125
v 1.034691 0.167872 0.472367
v 1.048447 0.007994 0.524744
v 1.029465 0.166040 0.468149
v 1.043221 0.006163 0.520527
v 1.029000 0.163842 0.461561
v 1.042756 0.003965 0.513939
v 1.033563 0.162564 0.456461
v 1.047319 0.002686 0.508839
v 1.040485 0.162956 0.455842
v 1.054241 0.003079 0.508219
v 0.531997 0.204397 0.715878
v 0.532462 0.206596 0.722467
v 0.546218 0.046718 0.774844
v 0.545753 0.044520 0.768256
v 0.527899 0.207874 0.727566
v 0.541655 0.047997 0.779944
v 0.520977 0.207481 0.728186
v 0.534733 0.047604 0.780564
v 0.515750 0.205650 0.723969
v 0.529506 0.045773 0.776347
v 0.515285 0.203452 0.717380
v 0.529041 0.043574 0.769758
v 0.519848 0.202174 0.712281
v 0.533604 0.042296 0.764659
v 0.526770 0.202566 0.711661
v 0.540526 0.042689 0.764039
vn 0.8930 -0.0689 -0.4447
vn 0.9444 0.1729 0.2797
vn 0.4429 0.3133 0.8401
vn 0.4423 0.3134 0.8404
vn -0.3185 0.2703 0.9086
vn -0.8930 0.0689 0.4447
vn -0.9444 -0.1729 -0.2797
vn -0.4426 -0.3133 -0.8402
vn 0.3185 -0.2703 -0.9086
vn 0.4426 0.3133 0.8402
vn -0.9444 -0.1729 -0.2796
vn 0.4423 0.3134 0.8403
vn -0.4425 -0.3133 -0.8402
vt 0.750000 0.261100
vt 0.875000 0.261100
vt 0.875000 0.995700
vt 0.750000 0.995700
vt 1.000000 0.261100
vt 1.000000 0.995700
vt -0.000000 0.261100
vt 0.125000 0.261100
vt 0.125000 0.995700
vt -0.000000 0.995700
vt 0.250000 0.261100
vt 0.250000 0.995700
vt 0.375000 0.261100
vt 0.375000 0.995700
vt 0.500000 0.261100
vt 0.500000 0.995700
vt 0.625000 0.261100
vt 0.625000 0.995700
s 1
usemtl wire_153228214
f 1/1/1 2/2/2 3/3/2
f 1/1/1 3/3/2 4/4/1
f 2/2/2 5/5/3 6/6/4
f 2/2/2 6/6/4 3/3/2
f 5/7/3 7/8/5 8/9/5
f 5/7/3 8/9/5 6/10/4
f 7/8/5 9/11/6 10/12/6
f 7/8/5 10/12/6 8/9/5
f 9/11/6 11/13/7 12/14/7
f 9/11/6 12/14/7 10/12/6
f 11/13/7 13/15/8 14/16/8
f 11/13/7 14/16/8 12/14/7
f 13/15/8 15/17/9 16/18/9
f 13/15/8 16/18/9 14/16/8
f 15/17/9 1/1/1 4/4/1
f 15/17/9 4/4/1 16/18/9
f 17/1/6 18/2/7 19/3/7
f 17/1/6 19/3/7 20/4/6
f 18/2/7 21/5/8 22/6/8
f 18/2/7 22/6/8 19/3/7
f 21/7/8 23/8/9 24/9/9
f 21/7/8 24/9/9 22/10/8
f 23/8/9 25/11/1 26/12/1
f 23/8/9 26/12/1 24/9/9
f 25/11/1 27/13/2 28/14/2
f 25/11/1 28/14/2 26/12/1
f 27/13/2 29/15/10 30/16/10
f 27/13/2 30/16/10 28/14/2
f 29/15/10 31/17/5 32/18/5
f 29/15/10 32/18/5 30/16/10
f 31/17/5 17/1/6 20/4/6
f 31/17/5 20/4/6 32/18/5
f 33/1/1 34/2/2 35/3/2
f 33/1/1 35/3/2 36/4/1
f 34/2/2 37/5/3 38/6/4
f 34/2/2 38/6/4 35/3/2
f 37/7/3 39/8/5 40/9/5
f 37/7/3 40/9/5 38/10/4
f 39/8/5 41/11/6 42/12/6
f 39/8/5 42/12/6 40/9/5
f 41/11/6 43/13/7 44/14/7
f 41/11/6 44/14/7 42/12/6
f 43/13/7 45/15/8 46/16/8
f 43/13/7 46/16/8 44/14/7
f 45/15/8 47/17/9 48/18/9
f 45/15/8 48/18/9 46/16/8
f 47/17/9 33/1/1 36/4/1
f 47/17/9 36/4/1 48/18/9
f 49/1/1 50/2/2 51/3/2
f 49/1/1 51/3/2 52/4/1
f 50/2/2 53/5/3 54/6/4
f 50/2/2 54/6/4 51/3/2
f 53/7/3 55/8/5 56/9/5
f 53/7/3 56/9/5 54/10/4
f 55/8/5 57/11/6 58/12/6
f 55/8/5 58/12/6 56/9/5
f 57/11/6 59/13/7 60/14/7
f 57/11/6 60/14/7 58/12/6
f 59/13/7 61/15/8 62/16/8
f 59/13/7 62/16/8 60/14/7
f 61/15/8 63/17/9 64/18/9
f 61/15/8 64/18/9 62/16/8
f 63/17/9 49/1/1 52/4/1
f 63/17/9 52/4/1 64/18/9
f 65/1/1 66/2/2 67/3/2
f 65/1/1 67/3/2 68/4/1
f 66/2/2 69/5/3 70/6/4
f 66/2/2 70/6/4 67/3/2
f 69/7/3 71/8/5 72/9/5
f 69/7/3 72/9/5 70/10/4
f 71/8/5 73/11/6 74/12/6
f 71/8/5 74/12/6 72/9/5
f 73/11/6 75/13/7 76/14/7
f 73/11/6 76/14/7 74/12/6
f 75/13/7 77/15/8 78/16/8
f 75/13/7 78/16/8 76/14/7
f 77/15/8 79/17/9 80/18/9
f 77/15/8 80/18/9 78/16/8
f 79/17/9 65/1/1 68/4/1
f 79/17/9 68/4/1 80/18/9
f 81/1/1 82/2/2 83/3/2
f 81/1/1 83/3/2 84/4/1
f 82/2/2 85/5/3 86/6/10
f 82/2/2 86/6/10 83/3/2
f 85/7/3 87/8/5 88/9/5
f 85/7/3 88/9/5 86/10/10
f 87/8/5 89/11/6 90/12/6
f 87/8/5 90/12/6 88/9/5
f 89/11/6 91/13/7 92/14/11
f 89/11/6 92/14/11 90/12/6
f 91/13/7 93/15/8 94/16/8
f 91/13/7 94/16/8 92/14/11
f 93/15/8 95/17/9 96/18/9
f 93/15/8 96/18/9 94/16/8
f 95/17/9 81/1/1 84/4/1
f 95/17/9 84/4/1 96/18/9
f 97/1/1 98/2/2 99/3/2
f 97/1/1 99/3/2 100/4/1
f 98/2/2 101/5/3 102/6/4
f 98/2/2 102/6/4 99/3/2
f 101/7/3 103/8/5 104/9/5
f 101/7/3 104/9/5 102/10/4
f 103/8/5 105/11/6 106/12/6
f 103/8/5 106/12/6 104/9/5
f 105/11/6 107/13/7 108/14/7
f 105/11/6 108/14/7 106/12/6
f 107/13/7 109/15/8 110/16/8
f 107/13/7 110/16/8 108/14/7
f 109/15/8 111/17/9 112/18/9
f 109/15/8 112/18/9 110/16/8
f 111/17/9 97/1/1 100/4/1
f 111/17/9 100/4/1 112/18/9
f 113/1/1 114/2/2 115/3/2
f 113/1/1 115/3/2 116/4/1
f 114/2/2 117/5/3 118/6/12
f 114/2/2 118/6/12 115/3/2
f 117/7/3 119/8/5 120/9/5
f 117/7/3 120/9/5 118/10/12
f 119/8/5 121/11/6 122/12/6
f 119/8/5 122/12/6 120/9/5
f 121/11/6 123/13/7 124/14/7
f 121/11/6 124/14/7 122/12/6
f 123/13/7 125/15/8 126/16/8
f 123/13/7 126/16/8 124/14/7
f 125/15/8 127/17/9 128/18/9
f 125/15/8 128/18/9 126/16/8
f 127/17/9 113/1/1 116/4/1
f 127/17/9 116/4/1 128/18/9
f 129/1/1 130/2/2 131/3/2
f 129/1/1 131/3/2 132/4/1
f 130/2/2 133/5/3 134/6/4
f 130/2/2 134/6/4 131/3/2
f 133/7/3 135/8/5 136/9/5
f 133/7/3 136/9/5 134/10/4
f 135/8/5 137/11/6 138/12/6
f 135/8/5 138/12/6 136/9/5
f 137/11/6 139/13/7 140/14/7
f 137/11/6 140/14/7 138/12/6
f 139/13/7 141/15/8 142/16/8
f 139/13/7 142/16/8 140/14/7
f 141/15/8 143/17/9 144/18/9
f 141/15/8 144/18/9 142/16/8
f 143/17/9 129/1/1 132/4/1
f 143/17/9 132/4/1 144/18/9
f 145/1/1 146/2/2 147/3/2
f 145/1/1 147/3/2 148/4/1
f 146/2/2 149/5/3 150/6/4
f 146/2/2 150/6/4 147/3/2
f 149/7/3 151/8/5 152/9/5
f 149/7/3 152/9/5 150/10/4
f 151/8/5 153/11/6 154/12/6
f 151/8/5 154/12/6 152/9/5
f 153/11/6 155/13/7 156/14/11
f 153/11/6 156/14/11 154/12/6
f 155/13/7 157/15/8 158/16/8
f 155/13/7 158/16/8 156/14/11
f 157/15/8 159/17/9 160/18/9
f 157/15/8 160/18/9 158/16/8
f 159/17/9 145/1/1 148/4/1
f 159/17/9 148/4/1 160/18/9
f 161/1/1 162/2/2 163/3/2
f 161/1/1 163/3/2 164/4/1
f 162/2/2 165/5/3 166/6/4
f 162/2/2 166/6/4 163/3/2
f 165/7/3 167/8/5 168/9/5
f 165/7/3 168/9/5 166/10/4
f 167/8/5 169/11/6 170/12/6
f 167/8/5 170/12/6 168/9/5
f 169/11/6 171/13/7 172/14/7
f 169/11/6 172/14/7 170/12/6
f 171/13/7 173/15/8 174/16/8
f 171/13/7 174/16/8 172/14/7
f 173/15/8 175/17/9 176/18/9
f 173/15/8 176/18/9 174/16/8
f 175/17/9 161/1/1 164/4/1
f 175/17/9 164/4/1 176/18/9
f 177/1/1 178/2/2 179/3/2
f 177/1/1 179/3/2 180/4/1
f 178/2/2 181/5/3 182/6/12
f 178/2/2 182/6/12 179/3/2
f 181/7/3 183/8/5 184/9/5
f 181/7/3 184/9/5 182/10/12
f 183/8/5 185/11/6 186/12/6
f 183/8/5 186/12/6 184/9/5
f 185/11/6 187/13/11 188/14/11
f 185/11/6 188/14/11 186/12/6
f 187/13/11 189/15/13 190/16/8
f 187/13/11 190/16/8 188/14/11
f 189/15/13 191/17/9 192/18/9
f 189/15/13 192/18/9 190/16/8
f 191/17/9 177/1/1 180/4/1
f 191/17/9 180/4/1 192/18/9
f 193/1/1 194/2/2 195/3/2
f 193/1/1 195/3/2 196/4/1
f 194/2/2 197/5/10 198/6/10
f 194/2/2 198/6/10 195/3/2
f 197/7/10 199/8/5 200/9/5
f 197/7/10 200/9/5 198/10/10
f 199/8/5 201/11/6 202/12/6
f 199/8/5 202/12/6 200/9/5
f 201/11/6 203/13/7 204/14/7
f 201/11/6 204/14/7 202/12/6
f 203/13/7 205/15/8 206/16/8
f 203/13/7 206/16/8 204/14/7
f 205/15/8 207/17/9 208/18/9
f 205/15/8 208/18/9 206/16/8
f 207/17/9 193/1/1 196/4/1
f 207/17/9 196/4/1 208/18/9
f 209/1/1 210/2/2 211/3/2
f 209/1/1 211/3/2 212/4/1
f 210/2/2 213/5/10 214/6/10
f 210/2/2 214/6/10 211/3/2
f 213/7/10 215/8/5 216/9/5
f 213/7/10 216/9/5 214/10/10
f 215/8/5 217/11/6 218/12/6
f 215/8/5 218/12/6 216/9/5
f 217/11/6 219/13/7 220/14/7
f 217/11/6 220/14/7 218/12/6
f 219/13/7 221/15/8 222/16/8
f 219/13/7 222/16/8 220/14/7
f 221/15/8 223/17/9 224/18/9
f 221/15/8 224/18/9 222/16/8
f 223/17/9 209/1/1 212/4/1
f 223/17/9 212/4/1 224/18/9
f 225/1/1 226/2/2 227/3/2
f 225/1/1 227/3/2 228/4/1
f 226/2/2 229/5/10 230/6/10
f 226/2/2 230/6/10 227/3/2
f 229/7/10 231/8/5 232/9/5
f 229/7/10 232/9/5 230/10/10
f 231/8/5 233/11/6 234/12/6
f 231/8/5 234/12/6 232/9/5
f 233/11/6 235/13/7 236/14/7
f 233/11/6 236/14/7 234/12/6
f 235/13/7 237/15/8 238/16/8
f 235/13/7 238/16/8 236/14/7
f 237/15/8 239/17/9 240/18/9
f 237/15/8 240/18/9 238/16/8
f 239/17/9 225/1/1 228/4/1
f 239/17/9 228/4/1 240/18/9
f 241/1/1 242/2/2 243/3/2
f 241/1/1 243/3/2 244/4/1
f 242/2/2 245/5/10 246/6/10
f 242/2/2 246/6/10 243/3/2
f 245/7/10 247/8/5 248/9/5
f 245/7/10 248/9/5 246/10/10
f 247/8/5 249/11/6 250/12/6
f 247/8/5 250/12/6 248/9/5
f 249/11/6 251/13/7 252/14/7
f 249/11/6 252/14/7 250/12/6
f 251/13/7 253/15/8 254/16/8
f 251/13/7 254/16/8 252/14/7
f 253/15/8 255/17/9 256/18/9
f 253/15/8 256/18/9 254/16/8
f 255/17/9 241/1/1 244/4/1
f 255/17/9 244/4/1 256/18/9
f 257/1/1 258/2/2 259/3/2
f 257/1/1 259/3/2 260/4/1
f 258/2/2 261/5/10 262/6/10
f 258/2/2 262/6/10 259/3/2
f 261/7/10 263/8/5 264/9/5
f 261/7/10 264/9/5 262/10/10
f 263/8/5 265/11/6 266/12/6
f 263/8/5 266/12/6 264/9/5
f 265/11/6 267/13/7 268/14/11
f 265/11/6 268/14/11 266/12/6
f 267/13/7 269/15/8 270/16/8
f 267/13/7 270/16/8 268/14/11
f 269/15/8 271/17/9 272/18/9
f 269/15/8 272/18/9 270/16/8
f 271/17/9 257/1/1 260/4/1
f 271/17/9 260/4/1 272/18/9
f 273/1/1 274/2/2 275/3/2
f 273/1/1 275/3/2 276/4/1
f 274/2/2 277/5/10 278/6/10
f 274/2/2 278/6/10 275/3/2
f 277/7/10 279/8/5 280/9/5
f 277/7/10 280/9/5 278/10/10
f 279/8/5 281/11/6 282/12/6
f 279/8/5 282/12/6 280/9/5
f 281/11/6 283/13/7 284/14/7
f 281/11/6 284/14/7 282/12/6
f 283/13/7 285/15/8 286/16/8
f 283/13/7 286/16/8 284/14/7
f 285/15/8 287/17/9 288/18/9
f 285/15/8 288/18/9 286/16/8
f 287/17/9 273/1/1 276/4/1
f 287/17/9 276/4/1 288/18/9
f 289/1/1 290/2/2 291/3/2
f 289/1/1 291/3/2 292/4/1
f 290/2/2 293/5/10 294/6/10
f 290/2/2 294/6/10 291/3/2
f 293/7/10 295/8/5 296/9/5
f 293/7/10 296/9/5 294/10/10
f 295/8/5 297/11/6 298/12/6
f 295/8/5 298/12/6 296/9/5
f 297/11/6 299/13/7 300/14/11
f 297/11/6 300/14/11 298/12/6
f 299/13/7 301/15/8 302/16/8
f 299/13/7 302/16/8 300/14/11
f 301/15/8 303/17/9 304/18/9
f 301/15/8 304/18/9 302/16/8
f 303/17/9 289/1/1 292/4/1
f 303/17/9 292/4/1 304/18/9
f 305/1/1 306/2/2 307/3/2
f 305/1/1 307/3/2 308/4/1
f 306/2/2 309/5/10 310/6/10
f 306/2/2 310/6/10 307/3/2
f 309/7/10 311/8/5 312/9/5
f 309/7/10 312/9/5 310/10/10
f 311/8/5 313/11/6 314/12/6
f 311/8/5 314/12/6 312/9/5
f 313/11/6 315/13/7 316/14/7
f 313/11/6 316/14/7 314/12/6
f 315/13/7 317/15/8 318/16/8
f 315/13/7 318/16/8 316/14/7
f 317/15/8 319/17/9 320/18/9
f 317/15/8 320/18/9 318/16/8
f 319/17/9 305/1/1 308/4/1
f 319/17/9 308/4/1 320/18/9
f 321/1/1 322/2/2 323/3/2
f 321/1/1 323/3/2 324/4/1
f 322/2/2 325/5/10 326/6/10
f 322/2/2 326/6/10 323/3/2
f 325/7/10 327/8/5 328/9/5
f 325/7/10 328/9/5 326/10/10
f 327/8/5 329/11/6 330/12/6
f 327/8/5 330/12/6 328/9/5
f 329/11/6 331/13/7 332/14/7
f 329/11/6 332/14/7 330/12/6
f 331/13/7 333/15/8 334/16/8
f 331/13/7 334/16/8 332/14/7
f 333/15/8 335/17/9 336/18/9
f 333/15/8 336/18/9 334/16/8
f 335/17/9 321/1/1 324/4/1
f 335/17/9 324/4/1 336/18/9
f 337/1/6 338/2/7 339/3/7
f 337/1/6 339/3/7 340/4/6
f 338/2/7 341/5/8 342/6/8
f 338/2/7 342/6/8 339/3/7
f 341/7/8 343/8/9 344/9/9
f 341/7/8 344/9/9 342/10/8
f 343/8/9 345/11/1 346/12/1
f 343/8/9 346/12/1 344/9/9
f 345/11/1 347/13/2 348/14/2
f 345/11/1 348/14/2 346/12/1
f 347/13/2 349/15/10 350/16/10
f 347/13/2 350/16/10 348/14/2
f 349/15/10 351/17/5 352/18/5
f 349/15/10 352/18/5 350/16/10
f 351/17/5 337/1/6 340/4/6
f 351/17/5 340/4/6 352/18/5
f 353/1/1 354/2/2 355/3/2
f 353/1/1 355/3/2 356/4/1
f 354/2/2 357/5/10 358/6/10
f 354/2/2 358/6/10 355/3/2
f 357/7/10 359/8/5 360/9/5
f 357/7/10 360/9/5 358/10/10
f 359/8/5 361/11/6 362/12/6
f 359/8/5 362/12/6 360/9/5
f 361/11/6 363/13/11 364/14/11
f 361/11/6 364/14/11 362/12/6
f 363/13/11 365/15/13 366/16/8
f 363/13/11 366/16/8 364/14/11
f 365/15/13 367/17/9 368/18/9
f 365/15/13 368/18/9 366/16/8
f 367/17/9 353/1/1 356/4/1
f 367/17/9 356/4/1 368/18/9
f 369/1/1 370/2/2 371/3/2
f 369/1/1 371/3/2 372/4/1
f 370/2/2 373/5/10 374/6/10
f 370/2/2 374/6/10 371/3/2
f 373/7/10 375/8/5 376/9/5
f 373/7/10 376/9/5 374/10/10
f 375/8/5 377/11/6 378/12/6
f 375/8/5 378/12/6 376/9/5
f 377/11/6 379/13/7 380/14/7
f 377/11/6 380/14/7 378/12/6
f 379/13/7 381/15/8 382/16/8
f 379/13/7 382/16/8 380/14/7
f 381/15/8 383/17/9 384/18/9
f 381/15/8 384/18/9 382/16/8
f 383/17/9 369/1/1 372/4/1
f 383/17/9 372/4/1 384/18/9
o Obj3d66_17342430_27_264
v -0.213855 0.119547 1.043332
v -0.193863 0.118005 1.033376
v -0.194571 0.117504 1.032032
v -0.214563 0.119046 1.041988
v -0.194517 0.119757 1.033067
v -0.195225 0.119256 1.031723
v -0.195601 0.121496 1.032990
v -0.196309 0.120994 1.031646
v -0.196255 0.123247 1.032681
v -0.196962 0.122746 1.031337
v -0.196959 0.123056 1.033123
v -0.197667 0.122555 1.031779
v -0.198391 0.122429 1.034111
v -0.199099 0.121928 1.032768
v -0.199662 0.122479 1.034762
v -0.200370 0.121978 1.033418
v -0.201198 0.122974 1.035387
v -0.201906 0.122472 1.034043
v -0.202425 0.123699 1.035763
v -0.203133 0.123198 1.034419
v -0.204030 0.123964 1.036509
v -0.204738 0.123463 1.035165
v -0.204536 0.124690 1.036505
v -0.205244 0.124188 1.035161
v -0.205728 0.125088 1.036984
v -0.206436 0.124587 1.035640
v -0.207920 0.125249 1.038079
v -0.208628 0.124748 1.036735
v -0.208419 0.125666 1.038186
v -0.209127 0.125165 1.036842
v -0.208941 0.126002 1.038336
v -0.209648 0.125501 1.036992
v -0.209883 0.126108 1.038792
v -0.210591 0.125607 1.037449
v -0.210374 0.128091 1.038311
v -0.211082 0.127590 1.036968
v -0.211870 0.129822 1.038454
v -0.212578 0.129321 1.037110
v -0.214768 0.130149 1.039858
v -0.215475 0.129648 1.038514
v -0.147538 0.114434 1.010308
v -0.168238 0.115475 1.018921
v -0.167530 0.115975 1.020264
v -0.148245 0.113933 1.008965
v -0.167879 0.117148 1.018108
v -0.167171 0.117649 1.019450
v -0.167081 0.118742 1.017093
v -0.166374 0.119242 1.018436
v -0.166722 0.120415 1.016280
v -0.166015 0.120916 1.017623
v -0.165975 0.120112 1.016000
v -0.165268 0.120613 1.017343
v -0.164415 0.119254 1.015498
v -0.163708 0.119755 1.016841
v -0.163136 0.119108 1.014879
v -0.162428 0.119609 1.016222
v -0.161665 0.119370 1.014006
v -0.160958 0.119871 1.015349
v -0.160547 0.119915 1.013214
v -0.159840 0.120416 1.014557
v -0.158966 0.119934 1.012374
v -0.158259 0.120435 1.013717
v -0.158579 0.120591 1.011925
v -0.157872 0.121092 1.013268
v -0.157441 0.120810 1.011244
v -0.156733 0.121311 1.012587
v -0.155247 0.120633 1.010155
v -0.154540 0.121134 1.011498
v -0.154814 0.120978 1.009798
v -0.154107 0.121479 1.011141
v -0.154344 0.121237 1.009454
v -0.153636 0.121738 1.010797
v -0.153407 0.121198 1.008975
v -0.152700 0.121699 1.010318
v -0.153253 0.123132 1.008173
v -0.152546 0.123633 1.009515
v -0.152037 0.124654 1.006964
v -0.151330 0.125155 1.008307
v -0.149157 0.124535 1.005492
v -0.148450 0.125036 1.006835
v -0.035242 0.105775 0.954387
v -0.055942 0.106816 0.963000
v -0.055234 0.107317 0.964343
v -0.035949 0.105275 0.953044
v -0.055582 0.108490 0.962186
v -0.054875 0.108991 0.963529
v -0.054785 0.110083 0.961172
v -0.054078 0.110584 0.962515
v -0.054426 0.111757 0.960359
v -0.053719 0.112258 0.961702
v -0.053679 0.111454 0.960078
v -0.052972 0.111954 0.961421
v -0.052119 0.110596 0.959577
v -0.051412 0.111097 0.960920
v -0.050840 0.110449 0.958958
v -0.050132 0.110950 0.960301
v -0.049369 0.110712 0.958085
v -0.048662 0.111213 0.959428
v -0.048251 0.111257 0.957293
v -0.047544 0.111758 0.958636
v -0.046671 0.111276 0.956453
v -0.045963 0.111777 0.957796
v -0.046283 0.111933 0.956004
v -0.045576 0.112434 0.957347
v -0.045145 0.112152 0.955323
v -0.044437 0.112652 0.956666
v -0.042951 0.111974 0.954234
v -0.042244 0.112475 0.955577
v -0.042518 0.112319 0.953877
v -0.041811 0.112820 0.955220
v -0.042048 0.112579 0.953532
v -0.041340 0.113079 0.954875
v -0.041111 0.112540 0.953053
v -0.040404 0.113041 0.954396
v -0.040957 0.114474 0.952251
v -0.040250 0.114974 0.953594
v -0.039741 0.115995 0.951043
v -0.039034 0.116496 0.952386
v -0.036861 0.115877 0.949571
v -0.036154 0.116377 0.950913
v -0.131291 0.113181 1.002218
v -0.111299 0.111640 0.992262
v -0.112006 0.111139 0.990919
v -0.131999 0.112680 1.000875
v -0.111953 0.113392 0.991953
v -0.112660 0.112891 0.990610
v -0.113037 0.115130 0.991876
v -0.113744 0.114629 0.990533
v -0.113690 0.116882 0.991567
v -0.114398 0.116381 0.990224
v -0.114395 0.116691 0.992009
v -0.115102 0.116190 0.990666
v -0.115827 0.116063 0.992997
v -0.116535 0.115563 0.991654
v -0.117098 0.116113 0.993648
v -0.117805 0.115613 0.992305
v -0.118634 0.116608 0.994273
v -0.119341 0.116107 0.992930
v -0.119861 0.117334 0.994648
v -0.120569 0.116833 0.993306
v -0.121466 0.117598 0.995395
v -0.122173 0.117097 0.994052
v -0.121972 0.118324 0.995391
v -0.122680 0.117823 0.994048
v -0.123164 0.118722 0.995870
v -0.123871 0.118222 0.994527
v -0.125356 0.118883 0.996965
v -0.126063 0.118382 0.995622
v -0.125855 0.119300 0.997072
v -0.126562 0.118799 0.995729
v -0.126376 0.119636 0.997222
v -0.127084 0.119135 0.995879
v -0.127319 0.119742 0.997678
v -0.128026 0.119241 0.996336
v -0.127810 0.121726 0.997197
v -0.128517 0.121225 0.995854
v -0.129306 0.123457 0.997340
v -0.130013 0.122956 0.995997
v -0.132204 0.123783 0.998744
v -0.132911 0.123282 0.997401
v -0.018995 0.104523 0.946296
v 0.000997 0.102981 0.936341
v 0.000290 0.102480 0.934998
v -0.019703 0.104022 0.944954
v 0.000343 0.104733 0.936032
v -0.000364 0.104232 0.934689
v -0.000741 0.106471 0.935954
v -0.001448 0.105971 0.934611
v -0.001394 0.108223 0.935646
v -0.002102 0.107722 0.934303
v -0.002099 0.108032 0.936088
v -0.002806 0.107531 0.934745
v -0.003531 0.107405 0.937076
v -0.004239 0.106904 0.935733
v -0.004802 0.107455 0.937727
v -0.005509 0.106954 0.936384
v -0.006338 0.107949 0.938352
v -0.007045 0.107448 0.937009
v -0.007565 0.108675 0.938727
v -0.008273 0.108174 0.937384
v -0.009170 0.108940 0.939474
v -0.009878 0.108439 0.938131
v -0.009676 0.109665 0.939470
v -0.010384 0.109165 0.938127
v -0.010868 0.110064 0.939949
v -0.011575 0.109563 0.938606
v -0.013060 0.110225 0.941044
v -0.013767 0.109724 0.939701
v -0.013559 0.110642 0.941151
v -0.014266 0.110141 0.939808
v -0.014080 0.110978 0.941301
v -0.014788 0.110477 0.939958
v -0.015023 0.111084 0.941757
v -0.015730 0.110583 0.940414
v -0.015514 0.113067 0.941276
v -0.016221 0.112566 0.939933
v -0.017010 0.114798 0.941419
v -0.017717 0.114297 0.940076
v -0.019908 0.115125 0.942823
v -0.020615 0.114624 0.941480
v 0.077470 0.097085 0.898259
v 0.056770 0.098126 0.906872
v 0.057477 0.098626 0.908215
v 0.076763 0.096584 0.896916
v 0.057129 0.099799 0.906058
v 0.057837 0.100300 0.907401
v 0.057926 0.101393 0.905044
v 0.058634 0.101893 0.906387
v 0.058286 0.103066 0.904231
v 0.058993 0.103567 0.905574
v 0.059033 0.102763 0.903950
v 0.059740 0.103264 0.905293
v 0.060593 0.101905 0.903449
v 0.061300 0.102406 0.904792
v 0.061872 0.101759 0.902829
v 0.062579 0.102260 0.904172
v 0.063343 0.102021 0.901957
v 0.064050 0.102522 0.903300
v 0.064461 0.102566 0.901165
v 0.065168 0.103067 0.902508
v 0.066041 0.102585 0.900325
v 0.066748 0.103086 0.901668
v 0.066428 0.103242 0.899876
v 0.067136 0.103743 0.901219
v 0.067567 0.103461 0.899195
v 0.068274 0.103962 0.900538
v 0.069760 0.103284 0.898106
v 0.070468 0.103784 0.899449
v 0.070193 0.103629 0.897749
v 0.070901 0.104130 0.899092
v 0.070664 0.103888 0.897404
v 0.071371 0.104389 0.898747
v 0.071601 0.103849 0.896925
v 0.072308 0.104350 0.898268
v 0.071754 0.105783 0.896123
v 0.072462 0.106284 0.897466
v 0.072971 0.107305 0.894915
v 0.073678 0.107806 0.896258
v 0.075850 0.107186 0.893443
v 0.076558 0.107687 0.894785
v 0.190182 0.088394 0.842131
v 0.169482 0.089435 0.850744
v 0.170189 0.089936 0.852087
v 0.189474 0.087894 0.840788
v 0.169841 0.091109 0.849930
v 0.170548 0.091610 0.851273
v 0.170638 0.092702 0.848916
v 0.171346 0.093203 0.850259
v 0.170997 0.094376 0.848103
v 0.171705 0.094877 0.849446
v 0.171744 0.094073 0.847822
v 0.172452 0.094573 0.849165
v 0.173304 0.093215 0.847320
v 0.174012 0.093716 0.848663
v 0.174584 0.093068 0.846701
v 0.175291 0.093569 0.848044
v 0.176054 0.093331 0.845829
v 0.176762 0.093832 0.847172
v 0.177172 0.093876 0.845037
v 0.177880 0.094376 0.846380
v 0.178753 0.093895 0.844197
v 0.179460 0.094395 0.845540
v 0.179140 0.094552 0.843748
v 0.179847 0.095052 0.845091
v 0.180279 0.094770 0.843067
v 0.180986 0.095271 0.844410
v 0.182472 0.094593 0.841978
v 0.183179 0.095094 0.843321
v 0.182905 0.094938 0.841621
v 0.183612 0.095439 0.842964
v 0.183376 0.095197 0.841276
v 0.184083 0.095698 0.842619
v 0.184312 0.095159 0.840797
v 0.185020 0.095660 0.842140
v 0.184466 0.097092 0.839995
v 0.185173 0.097593 0.841338
v 0.185682 0.098614 0.838787
v 0.186389 0.099115 0.840130
v 0.188562 0.098496 0.837314
v 0.189269 0.098996 0.838657
v 0.093716 0.095832 0.890168
v 0.113709 0.094291 0.880213
v 0.113001 0.093790 0.878870
v 0.093009 0.095331 0.888825
v 0.113055 0.096043 0.879904
v 0.112348 0.095542 0.878561
v 0.111971 0.097781 0.879826
v 0.111264 0.097280 0.878483
v 0.111317 0.099533 0.879517
v 0.110610 0.099032 0.878174
v 0.110613 0.099341 0.879960
v 0.109905 0.098841 0.878617
v 0.109180 0.098714 0.880948
v 0.108473 0.098214 0.879605
v 0.107910 0.098764 0.881599
v 0.107202 0.098264 0.880256
v 0.106374 0.099259 0.882223
v 0.105666 0.098758 0.880881
v 0.105146 0.099984 0.882599
v 0.104439 0.099484 0.881256
v 0.103542 0.100249 0.883346
v 0.102834 0.099748 0.882003
v 0.103035 0.100975 0.883342
v 0.102328 0.100474 0.881999
v 0.101844 0.101373 0.883821
v 0.101136 0.100873 0.882478
v 0.099652 0.101534 0.884916
v 0.098944 0.101033 0.883573
v 0.099153 0.101951 0.885023
v 0.098446 0.101450 0.883680
v 0.098631 0.102287 0.885172
v 0.097924 0.101786 0.883829
v 0.097689 0.102393 0.885629
v 0.096981 0.101892 0.884286
v 0.097198 0.104377 0.885148
v 0.096491 0.103876 0.883805
v 0.095702 0.106108 0.885290
v 0.094995 0.105607 0.883947
v 0.092804 0.106434 0.886695
v 0.092097 0.105933 0.885352
v 0.302893 0.079704 0.786003
v 0.282193 0.080744 0.794616
v 0.282901 0.081245 0.795958
v 0.302186 0.079203 0.784660
v 0.282553 0.082418 0.793802
v 0.283260 0.082919 0.795145
v 0.283350 0.084011 0.792788
v 0.284057 0.084512 0.794131
v 0.283709 0.085685 0.791975
v 0.284416 0.086186 0.793318
v 0.284456 0.085382 0.791694
v 0.285163 0.085883 0.793037
v 0.286016 0.084524 0.791192
v 0.286723 0.085025 0.792535
v 0.287295 0.084378 0.790573
v 0.288003 0.084878 0.791916
v 0.288766 0.084640 0.789701
v 0.289473 0.085141 0.791044
v 0.289884 0.085185 0.788909
v 0.290591 0.085686 0.790251
v 0.291464 0.085204 0.788069
v 0.292172 0.085705 0.789412
v 0.291852 0.085861 0.787620
v 0.292559 0.086362 0.788963
v 0.292990 0.086080 0.786939
v 0.293698 0.086581 0.788282
v 0.295184 0.085903 0.785850
v 0.295891 0.086403 0.787192
v 0.295617 0.086248 0.785493
v 0.296324 0.086748 0.786836
v 0.296087 0.086507 0.785148
v 0.296795 0.087008 0.786491
v 0.297024 0.086468 0.784669
v 0.297731 0.086969 0.786012
v 0.297178 0.088402 0.783867
v 0.297885 0.088903 0.785210
v 0.298394 0.089924 0.782659
v 0.299101 0.090425 0.784002
v 0.301274 0.089805 0.781186
v 0.301981 0.090306 0.782529
v 0.206428 0.087142 0.834040
v 0.226421 0.085600 0.824084
v 0.225713 0.085099 0.822742
v 0.205721 0.086641 0.832697
v 0.225767 0.087352 0.823775
v 0.225059 0.086851 0.822433
v 0.224683 0.089090 0.823698
v 0.223976 0.088589 0.822355
v 0.224029 0.090842 0.823389
v 0.223322 0.090341 0.822046
v 0.223324 0.090651 0.823832
v 0.222617 0.090150 0.822489
v 0.221892 0.090024 0.824820
v 0.221185 0.089523 0.823477
v 0.220621 0.090074 0.825471
v 0.219914 0.089573 0.824128
v 0.219085 0.090568 0.826095
v 0.218378 0.090067 0.824752
v 0.217858 0.091294 0.826471
v 0.217151 0.090793 0.825128
v 0.216253 0.091559 0.827218
v 0.215546 0.091058 0.825875
v 0.215747 0.092284 0.827214
v 0.215040 0.091784 0.825871
v 0.214555 0.092683 0.827693
v 0.213848 0.092182 0.826350
v 0.212363 0.092844 0.828787
v 0.211656 0.092343 0.827444
v 0.211865 0.093261 0.828895
v 0.211157 0.092760 0.827552
v 0.211343 0.093596 0.829044
v 0.210636 0.093096 0.827701
v 0.210400 0.093703 0.829501
v 0.209693 0.093202 0.828158
v 0.209910 0.095686 0.829020
v 0.209202 0.095185 0.827677
v 0.208414 0.097417 0.829162
v 0.207706 0.096916 0.827819
v 0.205516 0.097744 0.830567
v 0.204808 0.097243 0.829224
v 0.489538 0.065313 0.693057
v 0.468838 0.066353 0.701670
v 0.469545 0.066854 0.703013
v 0.488831 0.064812 0.691714
v 0.469197 0.068027 0.700857
v 0.469905 0.068528 0.702200
v 0.469994 0.069620 0.699843
v 0.470702 0.070121 0.701186
v 0.470354 0.071294 0.699029
v 0.471061 0.071795 0.700372
v 0.471101 0.070991 0.698749
v 0.471808 0.071492 0.700092
v 0.472661 0.070133 0.698247
v 0.473368 0.070634 0.699590
v 0.473940 0.069986 0.697628
v 0.474647 0.070487 0.698971
v 0.475411 0.070249 0.696755
v 0.476118 0.070750 0.698098
v 0.476529 0.070794 0.695963
v 0.477236 0.071295 0.697306
v 0.478109 0.070813 0.695124
v 0.478817 0.071314 0.696467
v 0.478496 0.071470 0.694675
v 0.479204 0.071971 0.696018
v 0.479635 0.071689 0.693994
v 0.480342 0.072190 0.695336
v 0.481828 0.071511 0.692904
v 0.482536 0.072012 0.694247
v 0.482261 0.071856 0.692547
v 0.482969 0.072357 0.693890
v 0.482732 0.072116 0.692203
v 0.483439 0.072617 0.693546
v 0.483669 0.072077 0.691724
v 0.484376 0.072578 0.693067
v 0.483822 0.074011 0.690922
v 0.484530 0.074512 0.692265
v 0.485038 0.075533 0.689714
v 0.485746 0.076034 0.691057
v 0.487918 0.075414 0.688241
v 0.488626 0.075915 0.689584
v 0.319444 0.078428 0.777761
v 0.339437 0.076886 0.767805
v 0.338729 0.076385 0.766462
v 0.318737 0.077927 0.776418
v 0.338783 0.078638 0.767496
v 0.338076 0.078137 0.766153
v 0.337699 0.080376 0.767418
v 0.336992 0.079875 0.766075
v 0.337045 0.082128 0.767109
v 0.336338 0.081627 0.765767
v 0.336341 0.081937 0.767552
v 0.335633 0.081436 0.766209
v 0.334908 0.081310 0.768540
v 0.334201 0.080809 0.767197
v 0.333638 0.081360 0.769191
v 0.332930 0.080859 0.767848
v 0.332102 0.081854 0.769816
v 0.331394 0.081353 0.768473
v 0.330874 0.082580 0.770191
v 0.330167 0.082079 0.768849
v 0.329269 0.082844 0.770938
v 0.328562 0.082344 0.769595
v 0.328763 0.083570 0.770934
v 0.328056 0.083069 0.769591
v 0.327572 0.083969 0.771413
v 0.326864 0.083468 0.770070
v 0.325380 0.084130 0.772508
v 0.324672 0.083629 0.771165
v 0.324881 0.084547 0.772615
v 0.324174 0.084046 0.771272
v 0.324359 0.084882 0.772765
v 0.323652 0.084382 0.771422
v 0.323417 0.084989 0.773221
v 0.322709 0.084488 0.771878
v 0.322926 0.086972 0.772740
v 0.322219 0.086471 0.771397
v 0.321430 0.088703 0.772883
v 0.320723 0.088202 0.771540
v 0.318532 0.089030 0.774287
v 0.317825 0.088529 0.772944
v 0.505784 0.064060 0.684967
v 0.525777 0.062518 0.675011
v 0.525069 0.062018 0.673668
v 0.505077 0.063559 0.683624
v 0.525123 0.064270 0.674702
v 0.524416 0.063770 0.673359
v 0.524039 0.066009 0.674625
v 0.523332 0.065508 0.673282
v 0.523385 0.067760 0.674316
v 0.522678 0.067260 0.672973
v 0.522681 0.067569 0.674758
v 0.521973 0.067068 0.673416
v 0.521248 0.066942 0.675747
v 0.520541 0.066441 0.674404
v 0.519978 0.066992 0.676397
v 0.519270 0.066491 0.675054
v 0.518442 0.067487 0.677022
v 0.517734 0.066986 0.675679
v 0.517214 0.068212 0.677398
v 0.516507 0.067711 0.676055
v 0.515610 0.068477 0.678145
v 0.514902 0.067976 0.676802
v 0.515103 0.069203 0.678140
v 0.514396 0.068702 0.676798
v 0.513912 0.069601 0.678620
v 0.513204 0.069100 0.677277
v 0.511720 0.069762 0.679714
v 0.511012 0.069261 0.678371
v 0.511221 0.070179 0.679821
v 0.510514 0.069678 0.678478
v 0.510699 0.070515 0.679971
v 0.509992 0.070014 0.678628
v 0.509757 0.070621 0.680428
v 0.509049 0.070120 0.679085
v 0.509266 0.072604 0.679947
v 0.508559 0.072103 0.678604
v 0.507770 0.074335 0.680089
v 0.507063 0.073835 0.678746
v 0.504872 0.074662 0.681494
v 0.504165 0.074161 0.680151
v 0.602821 0.056578 0.636645
v 0.582121 0.057619 0.645258
v 0.582828 0.058120 0.646601
v 0.602113 0.056077 0.635302
v 0.582480 0.059293 0.644444
v 0.583187 0.059793 0.645787
v 0.583277 0.060886 0.643430
v 0.583985 0.061387 0.644773
v 0.583636 0.062559 0.642617
v 0.584344 0.063060 0.643960
v 0.584384 0.062256 0.642336
v 0.585091 0.062757 0.643679
v 0.585944 0.061398 0.641835
v 0.586651 0.061899 0.643178
v 0.587223 0.061252 0.641216
v 0.587930 0.061753 0.642559
v 0.588693 0.061514 0.640343
v 0.589401 0.062015 0.641686
v 0.589811 0.062059 0.639551
v 0.590519 0.062560 0.640894
v 0.591392 0.062078 0.638711
v 0.592099 0.062579 0.640054
v 0.591779 0.062735 0.638262
v 0.592486 0.063236 0.639605
v 0.592918 0.062954 0.637581
v 0.593625 0.063455 0.638924
v 0.595111 0.062777 0.636492
v 0.595818 0.063278 0.637835
v 0.595544 0.063122 0.636135
v 0.596252 0.063623 0.637478
v 0.596015 0.063381 0.635790
v 0.596722 0.063882 0.637133
v 0.596951 0.063342 0.635311
v 0.597659 0.063843 0.636654
v 0.597105 0.065276 0.634509
v 0.597813 0.065777 0.635852
v 0.598321 0.066798 0.633301
v 0.599029 0.067299 0.634644
v 0.601201 0.066679 0.631829
v 0.601909 0.067180 0.633171
v 0.715559 0.047885 0.580503
v 0.694859 0.048926 0.589116
v 0.695567 0.049427 0.590459
v 0.714852 0.047385 0.579160
v 0.695219 0.050600 0.588303
v 0.695926 0.051101 0.589646
v 0.696016 0.052193 0.587289
v 0.696723 0.052694 0.588632
v 0.696375 0.053867 0.586475
v 0.697082 0.054368 0.587818
v 0.697122 0.053564 0.586195
v 0.697829 0.054064 0.587538
v 0.698682 0.052706 0.585693
v 0.699389 0.053207 0.587036
v 0.699961 0.052559 0.585074
v 0.700669 0.053060 0.586417
v 0.701432 0.052822 0.584201
v 0.702140 0.053323 0.585544
v 0.702550 0.053367 0.583409
v 0.703257 0.053868 0.584752
v 0.704131 0.053386 0.582570
v 0.704838 0.053886 0.583913
v 0.704518 0.054043 0.582121
v 0.705225 0.054543 0.583464
v 0.705656 0.054261 0.581439
v 0.706364 0.054762 0.582782
v 0.707850 0.054084 0.580350
v 0.708557 0.054585 0.581693
v 0.708283 0.054429 0.579993
v 0.708990 0.054930 0.581336
v 0.708753 0.054688 0.579649
v 0.709461 0.055189 0.580992
v 0.709690 0.054650 0.579170
v 0.710397 0.055151 0.580513
v 0.709844 0.056583 0.578368
v 0.710551 0.057084 0.579711
v 0.711060 0.058105 0.577160
v 0.711767 0.058606 0.578503
v 0.713940 0.057987 0.575687
v 0.714647 0.058487 0.577030
v 0.619067 0.055325 0.628554
v 0.639060 0.053784 0.618599
v 0.638352 0.053283 0.617256
v 0.618360 0.054825 0.627212
v 0.638406 0.055536 0.618290
v 0.637699 0.055035 0.616947
v 0.637322 0.057274 0.618212
v 0.636614 0.056773 0.616870
v 0.636668 0.059026 0.617903
v 0.635961 0.058525 0.616561
v 0.635964 0.058835 0.618346
v 0.635256 0.058334 0.617003
v 0.634531 0.058207 0.619334
v 0.633824 0.057707 0.617991
v 0.633260 0.058258 0.619985
v 0.632553 0.057757 0.618642
v 0.631724 0.058752 0.620610
v 0.631017 0.058251 0.619267
v 0.630497 0.059478 0.620985
v 0.629790 0.058977 0.619642
v 0.628892 0.059742 0.621732
v 0.628185 0.059241 0.620389
v 0.628386 0.060468 0.621728
v 0.627679 0.059967 0.620385
v 0.627194 0.060867 0.622207
v 0.626487 0.060366 0.620864
v 0.625002 0.061027 0.623302
v 0.624295 0.060527 0.621959
v 0.624504 0.061444 0.623409
v 0.623796 0.060944 0.622066
v 0.623982 0.061780 0.623558
v 0.623275 0.061279 0.622216
v 0.623040 0.061886 0.624015
v 0.622332 0.061385 0.622672
v 0.622549 0.063870 0.623534
v 0.621841 0.063369 0.622191
v 0.621053 0.065601 0.623677
v 0.620346 0.065100 0.622334
v 0.618155 0.065927 0.625081
v 0.617448 0.065427 0.623738
v 0.828298 0.039193 0.524362
v 0.807598 0.040233 0.532975
v 0.808306 0.040734 0.534318
v 0.827591 0.038692 0.523019
v 0.807957 0.041907 0.532161
v 0.808665 0.042408 0.533504
v 0.808755 0.043500 0.531147
v 0.809462 0.044001 0.532490
v 0.809114 0.045174 0.530334
v 0.809821 0.045675 0.531677
v 0.809861 0.044871 0.530053
v 0.810568 0.045372 0.531396
v 0.811421 0.044013 0.529552
v 0.812128 0.044514 0.530895
v 0.812700 0.043867 0.528933
v 0.813407 0.044367 0.530275
v 0.814171 0.044129 0.528060
v 0.814878 0.044630 0.529403
v 0.815289 0.044674 0.527268
v 0.815996 0.045175 0.528611
v 0.816869 0.044693 0.526428
v 0.817577 0.045194 0.527771
v 0.817256 0.045350 0.525979
v 0.817964 0.045851 0.527322
v 0.818395 0.045569 0.525298
v 0.819102 0.046070 0.526641
v 0.820588 0.045392 0.524209
v 0.821296 0.045892 0.525552
v 0.821022 0.045737 0.523852
v 0.821729 0.046237 0.525195
v 0.821492 0.045996 0.523507
v 0.822199 0.046497 0.524850
v 0.822429 0.045957 0.523028
v 0.823136 0.046458 0.524371
v 0.822582 0.047891 0.522226
v 0.823290 0.048392 0.523569
v 0.823799 0.049413 0.521018
v 0.824506 0.049914 0.522361
v 0.826679 0.049294 0.519545
v 0.827386 0.049795 0.520888
v 0.731806 0.046633 0.572413
v 0.751798 0.045091 0.562457
v 0.751091 0.044590 0.561114
v 0.731098 0.046132 0.571070
v 0.751145 0.046843 0.562148
v 0.750437 0.046342 0.560805
v 0.750061 0.048581 0.562071
v 0.749353 0.048081 0.560728
v 0.749407 0.050333 0.561762
v 0.748699 0.049832 0.560419
v 0.748702 0.050142 0.562204
v 0.747995 0.049641 0.560861
v 0.747270 0.049515 0.563193
v 0.746563 0.049014 0.561850
v 0.745999 0.049565 0.563843
v 0.745292 0.049064 0.562500
v 0.744463 0.050059 0.564468
v 0.743756 0.049558 0.563125
v 0.743236 0.050785 0.564844
v 0.742529 0.050284 0.563501
v 0.741631 0.051050 0.565590
v 0.740924 0.050549 0.564247
v 0.741125 0.051775 0.565586
v 0.740418 0.051275 0.564243
v 0.739933 0.052174 0.566065
v 0.739226 0.051673 0.564723
v 0.737741 0.052335 0.567160
v 0.737034 0.051834 0.565817
v 0.737243 0.052752 0.567267
v 0.736535 0.052251 0.565924
v 0.736721 0.053087 0.567417
v 0.736013 0.052587 0.566074
v 0.735778 0.053194 0.567874
v 0.735071 0.052693 0.566531
v 0.735287 0.055177 0.567393
v 0.734580 0.054676 0.566050
v 0.733792 0.056908 0.567535
v 0.733084 0.056407 0.566192
v 0.730894 0.057235 0.568940
v 0.730186 0.056734 0.567597
v 0.940577 0.030536 0.468449
v 0.919877 0.031576 0.477062
v 0.920584 0.032077 0.478405
v 0.939869 0.030035 0.467106
v 0.920236 0.033250 0.476249
v 0.920943 0.033751 0.477592
v 0.921033 0.034843 0.475235
v 0.921740 0.035344 0.476578
v 0.921392 0.036517 0.474421
v 0.922100 0.037018 0.475764
v 0.922139 0.036214 0.474141
v 0.922847 0.036715 0.475484
v 0.923699 0.035356 0.473639
v 0.924407 0.035857 0.474982
v 0.924978 0.035209 0.473020
v 0.925686 0.035710 0.474363
v 0.926449 0.035472 0.472148
v 0.927157 0.035973 0.473490
v 0.927567 0.036017 0.471355
v 0.928275 0.036518 0.472698
v 0.929148 0.036036 0.470516
v 0.929855 0.036537 0.471859
v 0.929535 0.036693 0.470067
v 0.930242 0.037194 0.471410
v 0.930674 0.036912 0.469386
v 0.931381 0.037412 0.470728
v 0.932867 0.036734 0.468296
v 0.933574 0.037235 0.469639
v 0.933300 0.037079 0.467939
v 0.934007 0.037580 0.469282
v 0.933771 0.037339 0.467595
v 0.934478 0.037840 0.468938
v 0.934707 0.037300 0.467116
v 0.935415 0.037801 0.468459
v 0.934861 0.039234 0.466314
v 0.935568 0.039734 0.467657
v 0.936077 0.040756 0.465106
v 0.936785 0.041256 0.466449
v 0.938957 0.040637 0.463633
v 0.939665 0.041138 0.464976
v 0.844518 0.037942 0.516285
v 0.864510 0.036401 0.506329
v 0.863803 0.035900 0.504986
v 0.843810 0.037441 0.514942
v 0.863856 0.038153 0.506020
v 0.863149 0.037652 0.504677
v 0.862772 0.039891 0.505943
v 0.862065 0.039390 0.504600
v 0.862118 0.041643 0.505634
v 0.861411 0.041142 0.504291
v 0.861414 0.041451 0.506076
v 0.860707 0.040951 0.504733
v 0.859982 0.040824 0.507064
v 0.859274 0.040323 0.505722
v 0.858711 0.040874 0.507715
v 0.858003 0.040373 0.506372
v 0.857175 0.041369 0.508340
v 0.856468 0.040868 0.506997
v 0.855948 0.042094 0.508716
v 0.855240 0.041594 0.507373
v 0.854343 0.042359 0.509462
v 0.853635 0.041858 0.508120
v 0.853837 0.043085 0.509458
v 0.853129 0.042584 0.508115
v 0.852645 0.043483 0.509937
v 0.851937 0.042983 0.508595
v 0.850453 0.043644 0.511032
v 0.849745 0.043143 0.509689
v 0.849954 0.044061 0.511139
v 0.849247 0.043560 0.509796
v 0.849432 0.044397 0.511289
v 0.848725 0.043896 0.509946
v 0.848490 0.044503 0.511746
v 0.847783 0.044002 0.510403
v 0.847999 0.046486 0.511265
v 0.847292 0.045986 0.509922
v 0.846503 0.048218 0.511407
v 0.845796 0.047717 0.510064
v 0.843605 0.048544 0.512811
v 0.842898 0.048043 0.511469
v 1.003253 0.025703 0.437238
v 0.982553 0.026744 0.445851
v 0.983260 0.027245 0.447194
v 1.002545 0.025202 0.435895
v 0.982912 0.028417 0.445038
v 0.983619 0.028918 0.446380
v 0.983709 0.030011 0.444024
v 0.984416 0.030511 0.445366
v 0.984068 0.031684 0.443210
v 0.984776 0.032185 0.444553
v 0.984815 0.031381 0.442930
v 0.985523 0.031882 0.444273
v 0.986375 0.030523 0.442428
v 0.987083 0.031024 0.443771
v 0.987655 0.030377 0.441809
v 0.988362 0.030878 0.443152
v 0.989126 0.030639 0.440936
v 0.989833 0.031140 0.442279
v 0.990243 0.031184 0.440144
v 0.990951 0.031685 0.441487
v 0.991824 0.031203 0.439305
v 0.992531 0.031704 0.440647
v 0.992211 0.031860 0.438856
v 0.992918 0.032361 0.440198
v 0.993350 0.032079 0.438174
v 0.994057 0.032580 0.439517
v 0.995543 0.031902 0.437085
v 0.996250 0.032403 0.438428
v 0.995976 0.032247 0.436728
v 0.996683 0.032748 0.438071
v 0.996447 0.032506 0.436384
v 0.997154 0.033007 0.437726
v 0.997383 0.032467 0.435905
v 0.998091 0.032968 0.437248
v 0.997537 0.034401 0.435102
v 0.998244 0.034902 0.436445
v 0.998753 0.035923 0.433894
v 0.999461 0.036424 0.435237
v 1.001633 0.035804 0.432422
v 1.002341 0.036305 0.433765
v 0.956823 0.029283 0.460359
v 0.976816 0.027741 0.450403
v 0.976108 0.027241 0.449060
v 0.956116 0.028782 0.459016
v 0.976162 0.029493 0.450094
v 0.975454 0.028992 0.448751
v 0.975078 0.031232 0.450017
v 0.974370 0.030731 0.448674
v 0.974424 0.032983 0.449708
v 0.973717 0.032483 0.448365
v 0.973719 0.032792 0.450150
v 0.973012 0.032291 0.448808
v 0.972287 0.032165 0.451139
v 0.971580 0.031664 0.449796
v 0.971016 0.032215 0.451789
v 0.970309 0.031714 0.450447
v 0.969480 0.032709 0.452414
v 0.968773 0.032209 0.451071
v 0.968253 0.033435 0.452790
v 0.967546 0.032934 0.451447
v 0.966648 0.033700 0.453537
v 0.965941 0.033199 0.452194
v 0.966142 0.034426 0.453532
v 0.965435 0.033925 0.452190
v 0.964950 0.034824 0.454012
v 0.964243 0.034323 0.452669
v 0.962758 0.034985 0.455106
v 0.962051 0.034484 0.453763
v 0.962260 0.035402 0.455213
v 0.961552 0.034901 0.453871
v 0.961738 0.035738 0.455363
v 0.961030 0.035237 0.454020
v 0.960795 0.035844 0.455820
v 0.960088 0.035343 0.454477
v 0.960305 0.037827 0.455339
v 0.959597 0.037326 0.453996
v 0.958809 0.039558 0.455481
v 0.958101 0.039057 0.454138
v 0.955911 0.039885 0.456886
v 0.955204 0.039384 0.455543
vn 0.0815 -0.9471 0.3103
vn 0.7814 0.3249 -0.5328
vn 0.8279 0.2173 -0.5171
vn 0.8278 0.2174 -0.5171
vn 0.8277 0.2177 -0.5172
vn 0.8277 0.2178 -0.5172
vn -0.4023 0.9068 -0.1263
vn -0.4022 0.9068 -0.1263
vn -0.3506 0.9228 -0.1595
vn -0.3507 0.9228 -0.1594
vn -0.2886 0.9369 -0.1974
vn -0.1133 0.9490 -0.2942
vn 0.2320 0.8651 -0.4448
vn 0.1270 0.9056 -0.4046
vn 0.1667 0.8919 -0.4204
vn -0.0065 0.9381 -0.3464
vn 0.4428 0.7384 -0.5086
vn 0.6907 0.4785 -0.5422
vn 0.0265 0.9320 -0.3615
vn -0.0847 0.9474 -0.3087
vn 0.4257 0.7512 -0.5044
vn 0.4806 0.7081 -0.5173
vn 0.4804 0.7083 -0.5172
vn 0.1634 0.8931 -0.4191
vn -0.0512 0.9443 -0.3252
vn 0.7694 0.3486 -0.5353
vn 0.7694 0.3485 -0.5353
vn 0.8657 0.0950 -0.4914
vn 0.3069 0.8274 -0.4703
vn 0.3070 0.8274 -0.4703
vn -0.8930 0.0689 0.4447
vn 0.4426 0.3133 0.8402
vn 0.4429 0.3133 0.8401
vn 0.4421 0.3134 0.8404
vn 0.4419 0.3134 0.8406
vn 0.4454 0.3131 0.8388
vn 0.4436 0.3133 0.8397
vn 0.4423 0.3134 0.8404
vn 0.4329 0.3141 0.8450
vn -0.4426 -0.3133 -0.8402
vn -0.4421 -0.3134 -0.8404
vn -0.4431 -0.3133 -0.8400
vn -0.4430 -0.3133 -0.8400
vn -0.4402 -0.3135 -0.8414
vn -0.8481 0.4506 0.2787
vn -0.8765 0.3491 0.3315
vn -0.8764 0.3494 0.3313
vn -0.8766 0.3485 0.3318
vn 0.2506 0.8564 -0.4514
vn 0.1954 0.8807 -0.4314
vn 0.1301 0.9046 -0.4059
vn 0.1302 0.9046 -0.4059
vn -0.0496 0.9441 -0.3260
vn -0.3849 0.9126 -0.1376
vn -0.2855 0.9374 -0.1992
vn -0.3234 0.9297 -0.1763
vn -0.3235 0.9297 -0.1763
vn -0.1559 0.9496 -0.2720
vn -0.5766 0.8170 -0.0010
vn -0.5767 0.8170 -0.0009
vn -0.7828 0.5921 0.1915
vn -0.7823 0.5929 0.1909
vn -0.1883 0.9485 -0.2545
vn -0.0783 0.9469 -0.3119
vn -0.5615 0.8274 -0.0128
vn -0.5616 0.8273 -0.0127
vn -0.6098 0.7922 0.0257
vn -0.6098 0.7921 0.0258
vn -0.3207 0.9303 -0.1780
vn -0.3203 0.9304 -0.1783
vn -0.1117 0.9489 -0.2951
vn -0.8401 0.4726 0.2662
vn -0.8937 0.2307 0.3847
vn -0.4546 0.8860 -0.0910
vn -0.1117 0.9489 -0.2950
vn 0.8930 -0.0689 -0.4447
vn 0.4421 0.3134 0.8405
vn 0.4416 0.3134 0.8407
vn 0.4434 0.3133 0.8398
vn 0.4442 0.3132 0.8394
vn -0.4433 -0.3133 -0.8399
vn -0.4420 -0.3134 -0.8405
vn -0.4522 -0.3126 -0.8353
vn 0.2505 0.8564 -0.4514
vn -0.7824 0.5928 0.1910
vn -0.3206 0.9303 -0.1781
vn -0.8401 0.4727 0.2662
vn -0.4549 0.8859 -0.0908
vn 0.8930 -0.0689 -0.4448
vn 0.8276 0.2182 -0.5173
vn 0.8280 0.2171 -0.5171
vn 0.6907 0.4784 -0.5422
vn 0.6900 0.4795 -0.5422
vn 0.4258 0.7512 -0.5044
vn 0.4807 0.7081 -0.5173
vn 0.1638 0.8929 -0.4193
vn 0.4430 0.3133 0.8400
vn 0.4433 0.3133 0.8399
vn 0.4397 0.3136 0.8416
vn 0.4415 0.3134 0.8407
vn 0.4431 0.3133 0.8400
vn 0.4618 0.3118 0.8304
vn -0.4421 -0.3134 -0.8405
vn -0.4436 -0.3133 -0.8397
vn 0.8276 0.2181 -0.5172
vn 0.8279 0.2172 -0.5171
vn -0.3507 0.9228 -0.1595
vn 0.6899 0.4796 -0.5422
vn 0.4257 0.7513 -0.5044
vn 0.1633 0.8931 -0.4191
vn 0.3072 0.8273 -0.4704
vn 0.3074 0.8272 -0.4704
vn -0.8765 0.3492 0.3315
vn -0.8764 0.3497 0.3312
vn -0.8766 0.3486 0.3317
vn -0.8765 0.3489 0.3316
vn -0.5769 0.8168 -0.0008
vn -0.7822 0.5931 0.1908
vn -0.6098 0.7922 0.0258
vn -0.3199 0.9305 -0.1785
vn -0.8481 0.4505 0.2787
vn -0.8766 0.3487 0.3317
vn 0.2502 0.8566 -0.4513
vn -0.7824 0.5927 0.1911
vn -0.6097 0.7922 0.0257
vn 0.8275 0.2183 -0.5173
vn 0.6902 0.4792 -0.5422
vn -0.8766 0.3488 0.3317
vn 0.1955 0.8807 -0.4314
vn 0.8276 0.2180 -0.5172
vn 0.8278 0.2175 -0.5171
vn 0.4430 0.7382 -0.5087
vn 0.6899 0.4795 -0.5422
vn 0.1630 0.8933 -0.4190
vn 0.3072 0.8273 -0.4703
vn -0.8765 0.3492 0.3314
vn 0.1305 0.9045 -0.4060
vn -0.7828 0.5920 0.1916
vn -0.5616 0.8273 -0.0128
vn -0.4547 0.8860 -0.0909
vn -0.4544 0.8861 -0.0911
vn -0.3506 0.9229 -0.1595
vn 0.4806 0.7082 -0.5172
vn 0.1637 0.8930 -0.4193
vn 0.8657 0.0949 -0.4914
vn 0.7816 0.3246 -0.5327
vn -0.4020 0.9069 -0.1265
vn 0.6901 0.4793 -0.5422
vn -0.8765 0.3490 0.3315
vn -0.8764 0.3493 0.3314
vn -0.8766 0.3488 0.3316
vn 0.1954 0.8808 -0.4314
vn -0.3206 0.9303 -0.1780
vn -0.8402 0.4724 0.2664
vn -0.7823 0.5929 0.1910
vn 0.8275 0.2182 -0.5173
vn 0.1269 0.9056 -0.4046
vn -0.8482 0.4503 0.2789
vn -0.8764 0.3495 0.3313
vn 0.4431 0.7382 -0.5087
vn 0.6906 0.4786 -0.5422
vn 0.4808 0.7080 -0.5173
vn 0.7693 0.3488 -0.5353
vn -0.4432 -0.3133 -0.8399
vn -0.8764 0.3494 0.3314
vn -0.7824 0.5928 0.1911
vn -0.6099 0.7921 0.0259
vn -0.3200 0.9305 -0.1784
vn 0.8274 0.2186 -0.5173
vn 0.1267 0.9057 -0.4045
vn 0.6901 0.4794 -0.5422
vn 0.1637 0.8930 -0.4192
vn -0.5769 0.8168 -0.0007
vn -0.5766 0.8171 -0.0010
vn -0.7827 0.5922 0.1914
vn -0.7822 0.5930 0.1909
vn -0.6099 0.7920 0.0259
vn -0.3205 0.9303 -0.1781
vn -0.3202 0.9304 -0.1783
vn -0.4522 -0.3126 -0.8354
vn 0.7814 0.3250 -0.5328
vn 0.4256 0.7513 -0.5044
vn 0.7696 0.3483 -0.5352
vt 0.354200 1.000000
vt 0.354200 0.000000
vt 0.000000 0.000000
vt 0.000000 1.000000
vt 0.384200 1.000000
vt 0.384200 0.000000
vt 0.416600 1.000000
vt 0.416600 0.000000
vt 0.446600 1.000000
vt 0.446600 0.000000
vt 0.460100 1.000000
vt 0.460100 0.000000
vt 0.489300 1.000000
vt 0.489300 0.000000
vt 0.511900 1.000000
vt 0.511900 0.000000
vt 0.539300 1.000000
vt 0.539300 0.000000
vt 0.562600 1.000000
vt 0.562600 0.000000
vt 0.590900 1.000000
vt 0.590900 0.000000
vt 0.604900 1.000000
vt 0.604900 0.000000
vt 0.626200 1.000000
vt 0.626200 0.000000
vt 0.665100 1.000000
vt 0.665100 0.000000
vt 0.675500 1.000000
vt 0.675500 0.000000
vt 0.685600 1.000000
vt 0.685600 0.000000
vt 0.702200 1.000000
vt 0.702200 0.000000
vt 0.735400 1.000000
vt 0.735400 0.000000
vt 0.771700 1.000000
vt 0.771700 0.000000
vt 0.822900 1.000000
vt 0.822900 0.000000
vt 1.000000 1.000000
vt 1.000000 0.000000
vt 0.025300 0.838400
vt 0.072400 0.681300
vt 0.855500 0.009800
vt 0.787700 0.163200
vt 0.771600 0.347900
vt 0.097700 0.519800
vt 0.134000 0.543100
vt 0.208900 0.613100
vt 0.272600 0.617700
vt 0.347800 0.582000
vt 0.406500 0.522100
vt 0.486100 0.508700
vt 0.508500 0.443500
vt 0.566800 0.414400
vt 0.676400 0.415100
vt 0.724600 0.351100
vt 0.699700 0.379200
s 1
usemtl 3d66_Standardmaterial_17342430_113
f 387/19/14 386/20/14 385/21/14
f 388/22/14 387/19/14 385/21/14
f 390/23/15 389/24/15 386/20/16
f 387/19/17 390/23/15 386/20/16
f 392/25/15 391/26/15 389/24/15
f 390/23/15 392/25/15 389/24/15
f 394/27/18 393/28/19 391/26/15
f 392/25/15 394/27/18 391/26/15
f 396/29/20 395/30/21 393/28/22
f 394/27/23 396/29/20 393/28/22
f 398/31/24 397/32/24 395/30/21
f 396/29/20 398/31/24 395/30/21
f 400/33/25 399/34/25 397/32/24
f 398/31/24 400/33/25 397/32/24
f 402/35/26 401/36/26 399/34/27
f 400/33/27 402/35/26 399/34/27
f 404/37/28 403/38/28 401/36/26
f 402/35/26 404/37/28 401/36/26
f 406/39/29 405/40/29 403/38/28
f 404/37/28 406/39/29 403/38/28
f 408/41/30 407/42/30 405/40/31
f 406/39/31 408/41/30 405/40/31
f 410/43/32 409/44/32 407/42/30
f 408/41/30 410/43/32 407/42/30
f 412/45/33 411/46/33 409/44/32
f 410/43/32 412/45/33 409/44/32
f 414/47/34 413/48/34 411/46/35
f 412/45/36 414/47/34 411/46/35
f 416/49/37 415/50/37 413/48/34
f 414/47/34 416/49/37 413/48/34
f 418/51/38 417/52/38 415/50/37
f 416/49/37 418/51/38 415/50/37
f 420/53/39 419/54/40 417/52/41
f 418/51/41 420/53/39 417/52/41
f 422/55/42 421/56/43 419/54/40
f 420/53/39 422/55/42 419/54/40
f 424/57/38 423/58/38 421/56/43
f 422/55/42 424/57/38 421/56/43
f 388/59/44 385/60/44 423/58/44
f 424/57/44 388/59/44 423/58/44
f 386/22/45 389/61/45 385/59/45
f 389/61/45 391/62/46 385/59/45
f 423/60/45 385/59/45 421/63/47
f 421/63/47 385/59/45 419/64/48
f 419/64/48 385/59/45 417/65/45
f 393/66/49 395/67/50 391/62/46
f 395/67/50 397/68/46 391/62/46
f 391/62/46 397/68/46 385/59/45
f 397/68/46 399/69/45 385/59/45
f 399/69/45 401/70/45 385/59/45
f 401/70/45 403/71/45 385/59/45
f 403/71/45 405/72/45 385/59/45
f 405/72/45 407/73/45 385/59/45
f 407/73/45 409/74/45 385/59/45
f 409/74/45 411/75/51 385/59/45
f 385/59/45 411/75/51 417/65/45
f 417/65/45 411/75/51 415/76/45
f 411/75/51 413/77/52 415/76/45
f 390/61/53 387/22/53 388/59/53
f 392/62/53 390/61/53 388/59/53
f 388/59/53 424/60/54 422/63/53
f 388/59/53 422/63/53 420/64/55
f 388/59/53 420/64/55 418/65/53
f 396/67/53 394/66/53 392/62/53
f 398/68/53 396/67/53 392/62/53
f 398/68/53 392/62/53 388/59/53
f 400/69/53 398/68/53 388/59/53
f 402/70/53 400/69/53 388/59/53
f 404/71/55 402/70/53 388/59/53
f 406/72/56 404/71/55 388/59/53
f 408/73/55 406/72/56 388/59/53
f 410/74/53 408/73/55 388/59/53
f 412/75/53 410/74/53 388/59/53
f 412/75/53 388/59/53 418/65/53
f 412/75/53 418/65/53 416/76/57
f 414/77/53 412/75/53 416/76/57
f 427/20/14 426/19/14 425/21/14
f 426/19/14 428/22/14 425/21/14
f 430/24/58 429/23/58 427/20/59
f 429/23/58 426/19/60 427/20/59
f 432/26/58 431/25/58 430/24/58
f 431/25/58 429/23/58 430/24/58
f 434/28/61 433/27/59 432/26/58
f 433/27/59 431/25/58 432/26/58
f 436/30/62 435/29/62 434/28/63
f 435/29/62 433/27/63 434/28/63
f 438/32/64 437/31/65 436/30/62
f 437/31/65 435/29/62 436/30/62
f 440/34/66 439/33/66 438/32/64
f 439/33/66 437/31/65 438/32/64
f 442/36/67 441/35/67 440/34/68
f 441/35/67 439/33/68 440/34/68
f 444/38/69 443/37/70 442/36/67
f 443/37/70 441/35/67 442/36/67
f 446/40/71 445/39/71 444/38/69
f 445/39/71 443/37/70 444/38/69
f 448/42/72 447/41/73 446/40/74
f 447/41/73 445/39/75 446/40/74
f 450/44/76 449/43/76 448/42/72
f 449/43/76 447/41/73 448/42/72
f 452/46/77 451/45/77 450/44/76
f 451/45/77 449/43/76 450/44/76
f 454/48/78 453/47/79 452/46/80
f 453/47/79 451/45/81 452/46/80
f 456/50/82 455/49/83 454/48/78
f 455/49/83 453/47/79 454/48/78
f 458/52/84 457/51/84 456/50/82
f 457/51/84 455/49/83 456/50/82
f 460/54/85 459/53/85 458/52/86
f 459/53/85 457/51/86 458/52/86
f 462/56/87 461/55/87 460/54/85
f 461/55/87 459/53/85 460/54/85
f 464/58/88 463/57/88 462/56/87
f 463/57/88 461/55/87 462/56/87
f 425/60/89 428/59/89 464/58/89
f 428/59/89 463/57/89 464/58/89
f 430/61/45 427/22/45 425/59/45
f 432/62/46 430/61/45 425/59/45
f 425/59/45 464/60/45 462/63/45
f 425/59/45 462/63/45 460/64/47
f 425/59/45 460/64/47 458/65/45
f 436/67/50 434/66/49 432/62/46
f 438/68/45 436/67/50 432/62/46
f 438/68/45 432/62/46 425/59/45
f 440/69/45 438/68/45 425/59/45
f 442/70/45 440/69/45 425/59/45
f 444/71/45 442/70/45 425/59/45
f 446/72/45 444/71/45 425/59/45
f 448/73/90 446/72/45 425/59/45
f 450/74/91 448/73/90 425/59/45
f 452/75/92 450/74/91 425/59/45
f 452/75/92 425/59/45 458/65/45
f 452/75/92 458/65/45 456/76/93
f 454/77/45 452/75/92 456/76/93
f 426/22/53 429/61/53 428/59/53
f 429/61/53 431/62/53 428/59/53
f 463/60/53 428/59/53 461/63/56
f 461/63/56 428/59/53 459/64/94
f 459/64/94 428/59/53 457/65/53
f 433/66/53 435/67/53 431/62/53
f 435/67/53 437/68/53 431/62/53
f 431/62/53 437/68/53 428/59/53
f 437/68/53 439/69/53 428/59/53
f 439/69/53 441/70/53 428/59/53
f 441/70/53 443/71/53 428/59/53
f 443/71/53 445/72/95 428/59/53
f 445/72/95 447/73/53 428/59/53
f 447/73/53 449/74/53 428/59/53
f 449/74/53 451/75/53 428/59/53
f 428/59/53 451/75/53 457/65/53
f 457/65/53 451/75/53 455/76/53
f 451/75/53 453/77/96 455/76/53
f 467/20/14 466/19/14 465/21/14
f 466/19/14 468/22/14 465/21/14
f 470/24/58 469/23/58 467/20/59
f 469/23/58 466/19/60 467/20/59
f 472/26/58 471/25/58 470/24/58
f 471/25/58 469/23/58 470/24/58
f 474/28/61 473/27/59 472/26/58
f 473/27/59 471/25/58 472/26/58
f 476/30/97 475/29/97 474/28/63
f 475/29/97 473/27/63 474/28/63
f 478/32/64 477/31/65 476/30/97
f 477/31/65 475/29/97 476/30/97
f 480/34/66 479/33/66 478/32/64
f 479/33/66 477/31/65 478/32/64
f 482/36/67 481/35/67 480/34/68
f 481/35/67 479/33/68 480/34/68
f 484/38/69 483/37/69 482/36/67
f 483/37/69 481/35/67 482/36/67
f 486/40/71 485/39/71 484/38/69
f 485/39/71 483/37/69 484/38/69
f 488/42/72 487/41/72 486/40/74
f 487/41/72 485/39/98 486/40/74
f 490/44/76 489/43/76 488/42/72
f 489/43/76 487/41/72 488/42/72
f 492/46/77 491/45/77 490/44/76
f 491/45/77 489/43/76 490/44/76
f 494/48/78 493/47/79 492/46/80
f 493/47/79 491/45/81 492/46/80
f 496/50/99 495/49/83 494/48/78
f 495/49/83 493/47/79 494/48/78
f 498/52/84 497/51/84 496/50/99
f 497/51/84 495/49/83 496/50/99
f 500/54/100 499/53/85 498/52/86
f 499/53/85 497/51/86 498/52/86
f 502/56/101 501/55/87 500/54/100
f 501/55/87 499/53/85 500/54/100
f 504/58/88 503/57/88 502/56/101
f 503/57/88 501/55/87 502/56/101
f 465/60/102 468/59/102 504/58/102
f 468/59/102 503/57/102 504/58/102
f 470/61/45 467/22/45 465/59/45
f 472/62/46 470/61/45 465/59/45
f 465/59/45 504/60/45 502/63/45
f 465/59/45 502/63/45 500/64/47
f 465/59/45 500/64/47 498/65/45
f 476/67/50 474/66/49 472/62/46
f 478/68/45 476/67/50 472/62/46
f 478/68/45 472/62/46 465/59/45
f 480/69/45 478/68/45 465/59/45
f 482/70/45 480/69/45 465/59/45
f 484/71/45 482/70/45 465/59/45
f 486/72/45 484/71/45 465/59/45
f 488/73/90 486/72/45 465/59/45
f 490/74/91 488/73/90 465/59/45
f 492/75/92 490/74/91 465/59/45
f 492/75/92 465/59/45 498/65/45
f 492/75/92 498/65/45 496/76/93
f 494/77/45 492/75/92 496/76/93
f 466/22/53 469/61/53 468/59/53
f 469/61/53 471/62/53 468/59/53
f 503/60/53 468/59/53 501/63/56
f 501/63/56 468/59/53 499/64/94
f 499/64/94 468/59/53 497/65/53
f 473/66/53 475/67/53 471/62/53
f 475/67/53 477/68/53 471/62/53
f 471/62/53 477/68/53 468/59/53
f 477/68/53 479/69/53 468/59/53
f 479/69/53 481/70/53 468/59/53
f 481/70/53 483/71/53 468/59/53
f 483/71/53 485/72/95 468/59/53
f 485/72/95 487/73/53 468/59/53
f 487/73/53 489/74/53 468/59/53
f 489/74/53 491/75/53 468/59/53
f 468/59/53 491/75/53 497/65/53
f 497/65/53 491/75/53 495/76/53
f 491/75/53 493/77/96 495/76/53
f 507/19/14 506/20/14 505/21/14
f 508/22/14 507/19/14 505/21/14
f 510/23/15 509/24/15 506/20/18
f 507/19/103 510/23/15 506/20/18
f 512/25/15 511/26/15 509/24/15
f 510/23/15 512/25/15 509/24/15
f 514/27/17 513/28/104 511/26/15
f 512/25/15 514/27/17 511/26/15
f 516/29/20 515/30/20 513/28/22
f 514/27/22 516/29/20 513/28/22
f 518/31/24 517/32/24 515/30/20
f 516/29/20 518/31/24 515/30/20
f 520/33/25 519/34/25 517/32/24
f 518/31/24 520/33/25 517/32/24
f 522/35/26 521/36/26 519/34/27
f 520/33/27 522/35/26 519/34/27
f 524/37/28 523/38/28 521/36/26
f 522/35/26 524/37/28 521/36/26
f 526/39/29 525/40/29 523/38/28
f 524/37/28 526/39/29 523/38/28
f 528/41/30 527/42/30 525/40/105
f 526/39/106 528/41/30 525/40/105
f 530/43/32 529/44/32 527/42/30
f 528/41/30 530/43/32 527/42/30
f 532/45/33 531/46/33 529/44/32
f 530/43/32 532/45/33 529/44/32
f 534/47/34 533/48/107 531/46/108
f 532/45/108 534/47/34 531/46/108
f 536/49/37 535/50/109 533/48/107
f 534/47/34 536/49/37 533/48/107
f 538/51/38 537/52/38 535/50/109
f 536/49/37 538/51/38 535/50/109
f 540/53/39 539/54/39 537/52/41
f 538/51/41 540/53/39 537/52/41
f 542/55/42 541/56/43 539/54/39
f 540/53/39 542/55/42 539/54/39
f 544/57/38 543/58/38 541/56/43
f 542/55/42 544/57/38 541/56/43
f 508/59/44 505/60/44 543/58/44
f 544/57/44 508/59/44 543/58/44
f 506/22/45 509/61/45 505/59/45
f 509/61/45 511/62/51 505/59/45
f 543/60/45 505/59/45 541/63/110
f 541/63/110 505/59/45 539/64/111
f 539/64/111 505/59/45 537/65/45
f 513/66/112 515/67/113 511/62/51
f 515/67/113 517/68/45 511/62/51
f 511/62/51 517/68/45 505/59/45
f 517/68/45 519/69/45 505/59/45
f 519/69/45 521/70/45 505/59/45
f 521/70/45 523/71/45 505/59/45
f 523/71/45 525/72/45 505/59/45
f 525/72/45 527/73/114 505/59/45
f 527/73/114 529/74/50 505/59/45
f 529/74/50 531/75/47 505/59/45
f 505/59/45 531/75/47 537/65/45
f 537/65/45 531/75/47 535/76/114
f 531/75/47 533/77/115 535/76/114
f 510/61/53 507/22/53 508/59/53
f 512/62/53 510/61/53 508/59/53
f 508/59/53 544/60/56 542/63/53
f 508/59/53 542/63/53 540/64/53
f 508/59/53 540/64/53 538/65/56
f 516/67/53 514/66/53 512/62/53
f 518/68/53 516/67/53 512/62/53
f 518/68/53 512/62/53 508/59/53
f 520/69/53 518/68/53 508/59/53
f 522/70/53 520/69/53 508/59/53
f 524/71/53 522/70/53 508/59/53
f 526/72/56 524/71/53 508/59/53
f 528/73/116 526/72/56 508/59/53
f 530/74/53 528/73/116 508/59/53
f 532/75/53 530/74/53 508/59/53
f 532/75/53 508/59/53 538/65/56
f 532/75/53 538/65/56 536/76/117
f 534/77/53 532/75/53 536/76/117
f 547/19/14 546/20/14 545/21/14
f 548/22/14 547/19/14 545/21/14
f 550/23/15 549/24/15 546/20/19
f 547/19/118 550/23/15 546/20/19
f 552/25/15 551/26/15 549/24/15
f 550/23/15 552/25/15 549/24/15
f 554/27/16 553/28/119 551/26/15
f 552/25/15 554/27/16 551/26/15
f 556/29/20 555/30/20 553/28/23
f 554/27/120 556/29/20 553/28/23
f 558/31/24 557/32/24 555/30/20
f 556/29/20 558/31/24 555/30/20
f 560/33/25 559/34/25 557/32/24
f 558/31/24 560/33/25 557/32/24
f 562/35/26 561/36/26 559/34/27
f 560/33/27 562/35/26 559/34/27
f 564/37/28 563/38/28 561/36/26
f 562/35/26 564/37/28 561/36/26
f 566/39/29 565/40/29 563/38/28
f 564/37/28 566/39/29 563/38/28
f 568/41/30 567/42/30 565/40/31
f 566/39/121 568/41/30 565/40/31
f 570/43/32 569/44/32 567/42/30
f 568/41/30 570/43/32 567/42/30
f 572/45/33 571/46/33 569/44/32
f 570/43/32 572/45/33 569/44/32
f 574/47/122 573/48/34 571/46/108
f 572/45/108 574/47/122 571/46/108
f 576/49/123 575/50/37 573/48/34
f 574/47/122 576/49/123 573/48/34
f 578/51/38 577/52/38 575/50/37
f 576/49/123 578/51/38 575/50/37
f 580/53/40 579/54/40 577/52/41
f 578/51/41 580/53/40 577/52/41
f 582/55/124 581/56/125 579/54/40
f 580/53/40 582/55/124 579/54/40
f 584/57/38 583/58/38 581/56/125
f 582/55/124 584/57/38 581/56/125
f 548/59/44 545/60/44 583/58/44
f 584/57/44 548/59/44 583/58/44
f 546/22/45 549/61/45 545/59/45
f 549/61/45 551/62/51 545/59/45
f 583/60/45 545/59/45 581/63/110
f 581/63/110 545/59/45 579/64/111
f 579/64/111 545/59/45 577/65/45
f 553/66/112 555/67/113 551/62/51
f 555/67/113 557/68/45 551/62/51
f 551/62/51 557/68/45 545/59/45
f 557/68/45 559/69/45 545/59/45
f 559/69/45 561/70/45 545/59/45
f 561/70/45 563/71/45 545/59/45
f 563/71/45 565/72/45 545/59/45
f 565/72/45 567/73/110 545/59/45
f 567/73/110 569/74/50 545/59/45
f 569/74/50 571/75/47 545/59/45
f 545/59/45 571/75/47 577/65/45
f 577/65/45 571/75/47 575/76/114
f 571/75/47 573/77/115 575/76/114
f 550/61/53 547/22/53 548/59/53
f 552/62/53 550/61/53 548/59/53
f 548/59/53 584/60/56 582/63/53
f 548/59/53 582/63/53 580/64/53
f 548/59/53 580/64/53 578/65/56
f 556/67/53 554/66/53 552/62/53
f 558/68/53 556/67/53 552/62/53
f 558/68/53 552/62/53 548/59/53
f 560/69/53 558/68/53 548/59/53
f 562/70/53 560/69/53 548/59/53
f 564/71/53 562/70/53 548/59/53
f 566/72/53 564/71/53 548/59/53
f 568/73/116 566/72/53 548/59/53
f 570/74/53 568/73/116 548/59/53
f 572/75/53 570/74/53 548/59/53
f 572/75/53 548/59/53 578/65/56
f 572/75/53 578/65/56 576/76/117
f 574/77/53 572/75/53 576/76/117
f 587/20/14 586/19/14 585/21/14
f 586/19/14 588/22/14 585/21/14
f 590/24/58 589/23/58 587/20/126
f 589/23/58 586/19/127 587/20/126
f 592/26/58 591/25/58 590/24/58
f 591/25/58 589/23/58 590/24/58
f 594/28/128 593/27/129 592/26/58
f 593/27/129 591/25/58 592/26/58
f 596/30/62 595/29/62 594/28/63
f 595/29/62 593/27/63 594/28/63
f 598/32/65 597/31/65 596/30/62
f 597/31/65 595/29/62 596/30/62
f 600/34/66 599/33/66 598/32/65
f 599/33/66 597/31/65 598/32/65
f 602/36/67 601/35/67 600/34/68
f 601/35/67 599/33/68 600/34/68
f 604/38/69 603/37/69 602/36/67
f 603/37/69 601/35/67 602/36/67
f 606/40/71 605/39/71 604/38/69
f 605/39/71 603/37/69 604/38/69
f 608/42/130 607/41/72 606/40/74
f 607/41/72 605/39/131 606/40/74
f 610/44/76 609/43/76 608/42/130
f 609/43/76 607/41/72 608/42/130
f 612/46/77 611/45/77 610/44/76
f 611/45/77 609/43/76 610/44/76
f 614/48/79 613/47/79 612/46/132
f 613/47/79 611/45/132 612/46/132
f 616/50/83 615/49/133 614/48/79
f 615/49/133 613/47/79 614/48/79
f 618/52/84 617/51/84 616/50/83
f 617/51/84 615/49/133 616/50/83
f 620/54/100 619/53/85 618/52/86
f 619/53/85 617/51/86 618/52/86
f 622/56/87 621/55/87 620/54/100
f 621/55/87 619/53/85 620/54/100
f 624/58/88 623/57/88 622/56/87
f 623/57/88 621/55/87 622/56/87
f 585/60/89 588/59/89 624/58/89
f 588/59/89 623/57/89 624/58/89
f 590/61/45 587/22/45 585/59/45
f 592/62/46 590/61/45 585/59/45
f 585/59/45 624/60/45 622/63/45
f 585/59/45 622/63/45 620/64/47
f 585/59/45 620/64/47 618/65/45
f 596/67/50 594/66/49 592/62/46
f 598/68/45 596/67/50 592/62/46
f 598/68/45 592/62/46 585/59/45
f 600/69/45 598/68/45 585/59/45
f 602/70/45 600/69/45 585/59/45
f 604/71/45 602/70/45 585/59/45
f 606/72/45 604/71/45 585/59/45
f 608/73/47 606/72/45 585/59/45
f 610/74/91 608/73/47 585/59/45
f 612/75/92 610/74/91 585/59/45
f 612/75/92 585/59/45 618/65/45
f 612/75/92 618/65/45 616/76/93
f 614/77/45 612/75/92 616/76/93
f 586/22/53 589/61/53 588/59/53
f 589/61/53 591/62/53 588/59/53
f 623/60/53 588/59/53 621/63/56
f 621/63/56 588/59/53 619/64/94
f 619/64/94 588/59/53 617/65/53
f 593/66/53 595/67/53 591/62/53
f 595/67/53 597/68/53 591/62/53
f 591/62/53 597/68/53 588/59/53
f 597/68/53 599/69/53 588/59/53
f 599/69/53 601/70/53 588/59/53
f 601/70/53 603/71/53 588/59/53
f 603/71/53 605/72/95 588/59/53
f 605/72/95 607/73/53 588/59/53
f 607/73/53 609/74/53 588/59/53
f 609/74/53 611/75/53 588/59/53
f 588/59/53 611/75/53 617/65/53
f 617/65/53 611/75/53 615/76/53
f 611/75/53 613/77/96 615/76/53
f 627/20/14 626/19/14 625/21/14
f 626/19/14 628/22/14 625/21/14
f 630/24/58 629/23/58 627/20/126
f 629/23/58 626/19/127 627/20/126
f 632/26/134 631/25/134 630/24/58
f 631/25/134 629/23/58 630/24/58
f 634/28/135 633/27/59 632/26/134
f 633/27/59 631/25/134 632/26/134
f 636/30/97 635/29/136 634/28/63
f 635/29/136 633/27/63 634/28/63
f 638/32/65 637/31/65 636/30/97
f 637/31/65 635/29/136 636/30/97
f 640/34/66 639/33/66 638/32/65
f 639/33/66 637/31/65 638/32/65
f 642/36/67 641/35/67 640/34/68
f 641/35/67 639/33/68 640/34/68
f 644/38/69 643/37/70 642/36/67
f 643/37/70 641/35/67 642/36/67
f 646/40/71 645/39/71 644/38/69
f 645/39/71 643/37/70 644/38/69
f 648/42/72 647/41/72 646/40/74
f 647/41/72 645/39/137 646/40/74
f 650/44/76 649/43/76 648/42/72
f 649/43/76 647/41/72 648/42/72
f 652/46/77 651/45/77 650/44/76
f 651/45/77 649/43/76 650/44/76
f 654/48/78 653/47/78 652/46/132
f 653/47/78 651/45/138 652/46/132
f 656/50/99 655/49/83 654/48/78
f 655/49/83 653/47/78 654/48/78
f 658/52/84 657/51/84 656/50/99
f 657/51/84 655/49/83 656/50/99
f 660/54/100 659/53/85 658/52/86
f 659/53/85 657/51/86 658/52/86
f 662/56/87 661/55/87 660/54/100
f 661/55/87 659/53/85 660/54/100
f 664/58/88 663/57/88 662/56/87
f 663/57/88 661/55/87 662/56/87
f 625/60/89 628/59/89 664/58/89
f 628/59/89 663/57/89 664/58/89
f 630/61/45 627/22/45 625/59/45
f 632/62/46 630/61/45 625/59/45
f 625/59/45 664/60/45 662/63/45
f 625/59/45 662/63/45 660/64/47
f 625/59/45 660/64/47 658/65/45
f 636/67/50 634/66/49 632/62/46
f 638/68/45 636/67/50 632/62/46
f 638/68/45 632/62/46 625/59/45
f 640/69/45 638/68/45 625/59/45
f 642/70/45 640/69/45 625/59/45
f 644/71/45 642/70/45 625/59/45
f 646/72/45 644/71/45 625/59/45
f 648/73/47 646/72/45 625/59/45
f 650/74/113 648/73/47 625/59/45
f 652/75/92 650/74/113 625/59/45
f 652/75/92 625/59/45 658/65/45
f 652/75/92 658/65/45 656/76/93
f 654/77/45 652/75/92 656/76/93
f 626/22/53 629/61/53 628/59/53
f 629/61/53 631/62/53 628/59/53
f 663/60/53 628/59/53 661/63/56
f 661/63/56 628/59/53 659/64/94
f 659/64/94 628/59/53 657/65/53
f 633/66/53 635/67/53 631/62/53
f 635/67/53 637/68/53 631/62/53
f 631/62/53 637/68/53 628/59/53
f 637/68/53 639/69/53 628/59/53
f 639/69/53 641/70/53 628/59/53
f 641/70/53 643/71/53 628/59/53
f 643/71/53 645/72/54 628/59/53
f 645/72/54 647/73/53 628/59/53
f 647/73/53 649/74/53 628/59/53
f 649/74/53 651/75/53 628/59/53
f 628/59/53 651/75/53 657/65/53
f 657/65/53 651/75/53 655/76/53
f 651/75/53 653/77/96 655/76/53
f 667/19/14 666/20/14 665/21/14
f 668/22/14 667/19/14 665/21/14
f 670/23/15 669/24/15 666/20/18
f 667/19/139 670/23/15 666/20/18
f 672/25/15 671/26/15 669/24/15
f 670/23/15 672/25/15 669/24/15
f 674/27/17 673/28/104 671/26/15
f 672/25/15 674/27/17 671/26/15
f 676/29/20 675/30/20 673/28/22
f 674/27/22 676/29/20 673/28/22
f 678/31/24 677/32/24 675/30/20
f 676/29/20 678/31/24 675/30/20
f 680/33/25 679/34/25 677/32/24
f 678/31/24 680/33/25 677/32/24
f 682/35/26 681/36/26 679/34/27
f 680/33/27 682/35/26 679/34/27
f 684/37/28 683/38/28 681/36/26
f 682/35/26 684/37/28 681/36/26
f 686/39/29 685/40/29 683/38/28
f 684/37/28 686/39/29 683/38/28
f 688/41/30 687/42/30 685/40/31
f 686/39/140 688/41/30 685/40/31
f 690/43/32 689/44/32 687/42/30
f 688/41/30 690/43/32 687/42/30
f 692/45/33 691/46/33 689/44/32
f 690/43/32 692/45/33 689/44/32
f 694/47/34 693/48/34 691/46/108
f 692/45/108 694/47/34 691/46/108
f 696/49/37 695/50/109 693/48/34
f 694/47/34 696/49/37 693/48/34
f 698/51/38 697/52/38 695/50/109
f 696/49/37 698/51/38 695/50/109
f 700/53/40 699/54/40 697/52/41
f 698/51/41 700/53/40 697/52/41
f 702/55/43 701/56/43 699/54/40
f 700/53/40 702/55/43 699/54/40
f 704/57/38 703/58/38 701/56/43
f 702/55/43 704/57/38 701/56/43
f 668/59/44 665/60/44 703/58/44
f 704/57/44 668/59/44 703/58/44
f 666/22/45 669/61/45 665/59/45
f 669/61/45 671/62/51 665/59/45
f 703/60/45 665/59/45 701/63/110
f 701/63/110 665/59/45 699/64/111
f 699/64/111 665/59/45 697/65/45
f 673/66/112 675/67/113 671/62/51
f 675/67/113 677/68/45 671/62/51
f 671/62/51 677/68/45 665/59/45
f 677/68/45 679/69/45 665/59/45
f 679/69/45 681/70/45 665/59/45
f 681/70/45 683/71/45 665/59/45
f 683/71/45 685/72/45 665/59/45
f 685/72/45 687/73/110 665/59/45
f 687/73/110 689/74/50 665/59/45
f 689/74/50 691/75/47 665/59/45
f 665/59/45 691/75/47 697/65/45
f 697/65/45 691/75/47 695/76/114
f 691/75/47 693/77/115 695/76/114
f 670/61/53 667/22/53 668/59/53
f 672/62/53 670/61/53 668/59/53
f 668/59/53 704/60/56 702/63/53
f 668/59/53 702/63/53 700/64/53
f 668/59/53 700/64/53 698/65/56
f 676/67/53 674/66/53 672/62/53
f 678/68/53 676/67/53 672/62/53
f 678/68/53 672/62/53 668/59/53
f 680/69/53 678/68/53 668/59/53
f 682/70/53 680/69/53 668/59/53
f 684/71/53 682/70/53 668/59/53
f 686/72/56 684/71/53 668/59/53
f 688/73/116 686/72/56 668/59/53
f 690/74/53 688/73/116 668/59/53
f 692/75/53 690/74/53 668/59/53
f 692/75/53 668/59/53 698/65/56
f 692/75/53 698/65/56 696/76/117
f 694/77/53 692/75/53 696/76/117
f 707/20/14 706/19/14 705/21/14
f 706/19/14 708/22/14 705/21/14
f 710/24/58 709/23/58 707/20/126
f 709/23/58 706/19/127 707/20/126
f 712/26/58 711/25/58 710/24/58
f 711/25/58 709/23/58 710/24/58
f 714/28/135 713/27/141 712/26/58
f 713/27/141 711/25/58 712/26/58
f 716/30/62 715/29/62 714/28/142
f 715/29/62 713/27/142 714/28/142
f 718/32/64 717/31/65 716/30/62
f 717/31/65 715/29/62 716/30/62
f 720/34/66 719/33/66 718/32/64
f 719/33/66 717/31/65 718/32/64
f 722/36/67 721/35/67 720/34/68
f 721/35/67 719/33/68 720/34/68
f 724/38/69 723/37/69 722/36/67
f 723/37/69 721/35/67 722/36/67
f 726/40/71 725/39/71 724/38/69
f 725/39/71 723/37/69 724/38/69
f 728/42/72 727/41/72 726/40/74
f 727/41/72 725/39/98 726/40/74
f 730/44/76 729/43/76 728/42/72
f 729/43/76 727/41/72 728/42/72
f 732/46/77 731/45/77 730/44/76
f 731/45/77 729/43/76 730/44/76
f 734/48/79 733/47/79 732/46/132
f 733/47/79 731/45/132 732/46/132
f 736/50/99 735/49/83 734/48/79
f 735/49/83 733/47/79 734/48/79
f 738/52/84 737/51/84 736/50/99
f 737/51/84 735/49/83 736/50/99
f 740/54/100 739/53/85 738/52/86
f 739/53/85 737/51/86 738/52/86
f 742/56/101 741/55/87 740/54/100
f 741/55/87 739/53/85 740/54/100
f 744/58/88 743/57/88 742/56/101
f 743/57/88 741/55/87 742/56/101
f 705/60/89 708/59/89 744/58/89
f 708/59/89 743/57/89 744/58/89
f 710/61/45 707/22/45 705/59/45
f 712/62/46 710/61/45 705/59/45
f 705/59/45 744/60/45 742/63/45
f 705/59/45 742/63/45 740/64/47
f 705/59/45 740/64/47 738/65/45
f 716/67/50 714/66/49 712/62/46
f 718/68/45 716/67/50 712/62/46
f 718/68/45 712/62/46 705/59/45
f 720/69/45 718/68/45 705/59/45
f 722/70/45 720/69/45 705/59/45
f 724/71/45 722/70/45 705/59/45
f 726/72/45 724/71/45 705/59/45
f 728/73/47 726/72/45 705/59/45
f 730/74/91 728/73/47 705/59/45
f 732/75/92 730/74/91 705/59/45
f 732/75/92 705/59/45 738/65/45
f 732/75/92 738/65/45 736/76/93
f 734/77/45 732/75/92 736/76/93
f 706/22/53 709/61/53 708/59/53
f 709/61/53 711/62/53 708/59/53
f 743/60/53 708/59/53 741/63/56
f 741/63/56 708/59/53 739/64/94
f 739/64/94 708/59/53 737/65/53
f 713/66/53 715/67/53 711/62/53
f 715/67/53 717/68/53 711/62/53
f 711/62/53 717/68/53 708/59/53
f 717/68/53 719/69/53 708/59/53
f 719/69/53 721/70/53 708/59/53
f 721/70/53 723/71/53 708/59/53
f 723/71/53 725/72/95 708/59/53
f 725/72/95 727/73/53 708/59/53
f 727/73/53 729/74/53 708/59/53
f 729/74/53 731/75/53 708/59/53
f 708/59/53 731/75/53 737/65/53
f 737/65/53 731/75/53 735/76/53
f 731/75/53 733/77/96 735/76/53
f 747/19/14 746/20/14 745/21/14
f 748/22/14 747/19/14 745/21/14
f 750/23/15 749/24/15 746/20/18
f 747/19/143 750/23/15 746/20/18
f 752/25/15 751/26/15 749/24/15
f 750/23/15 752/25/15 749/24/15
f 754/27/144 753/28/119 751/26/15
f 752/25/15 754/27/144 751/26/15
f 756/29/20 755/30/20 753/28/22
f 754/27/22 756/29/20 753/28/22
f 758/31/24 757/32/24 755/30/20
f 756/29/20 758/31/24 755/30/20
f 760/33/25 759/34/25 757/32/24
f 758/31/24 760/33/25 757/32/24
f 762/35/26 761/36/26 759/34/27
f 760/33/27 762/35/26 759/34/27
f 764/37/28 763/38/28 761/36/26
f 762/35/26 764/37/28 761/36/26
f 766/39/29 765/40/29 763/38/28
f 764/37/28 766/39/29 763/38/28
f 768/41/30 767/42/145 765/40/31
f 766/39/146 768/41/30 765/40/31
f 770/43/32 769/44/32 767/42/145
f 768/41/30 770/43/32 767/42/145
f 772/45/33 771/46/33 769/44/32
f 770/43/32 772/45/33 769/44/32
f 774/47/34 773/48/34 771/46/108
f 772/45/108 774/47/34 771/46/108
f 776/49/147 775/50/37 773/48/34
f 774/47/34 776/49/147 773/48/34
f 778/51/38 777/52/38 775/50/37
f 776/49/147 778/51/38 775/50/37
f 780/53/39 779/54/39 777/52/41
f 778/51/41 780/53/39 777/52/41
f 782/55/148 781/56/125 779/54/39
f 780/53/39 782/55/148 779/54/39
f 784/57/38 783/58/38 781/56/125
f 782/55/148 784/57/38 781/56/125
f 748/59/44 745/60/44 783/58/44
f 784/57/44 748/59/44 783/58/44
f 746/22/45 749/61/45 745/59/45
f 749/61/45 751/62/51 745/59/45
f 783/60/45 745/59/45 781/63/110
f 781/63/110 745/59/45 779/64/111
f 779/64/111 745/59/45 777/65/45
f 753/66/112 755/67/113 751/62/51
f 755/67/113 757/68/45 751/62/51
f 751/62/51 757/68/45 745/59/45
f 757/68/45 759/69/45 745/59/45
f 759/69/45 761/70/45 745/59/45
f 761/70/45 763/71/45 745/59/45
f 763/71/45 765/72/45 745/59/45
f 765/72/45 767/73/114 745/59/45
f 767/73/114 769/74/50 745/59/45
f 769/74/50 771/75/47 745/59/45
f 745/59/45 771/75/47 777/65/45
f 777/65/45 771/75/47 775/76/114
f 771/75/47 773/77/115 775/76/114
f 750/61/53 747/22/53 748/59/53
f 752/62/53 750/61/53 748/59/53
f 748/59/53 784/60/56 782/63/53
f 748/59/53 782/63/53 780/64/53
f 748/59/53 780/64/53 778/65/56
f 756/67/53 754/66/53 752/62/53
f 758/68/53 756/67/53 752/62/53
f 758/68/53 752/62/53 748/59/53
f 760/69/53 758/68/53 748/59/53
f 762/70/53 760/69/53 748/59/53
f 764/71/53 762/70/53 748/59/53
f 766/72/53 764/71/53 748/59/53
f 768/73/116 766/72/53 748/59/53
f 770/74/53 768/73/116 748/59/53
f 772/75/53 770/74/53 748/59/53
f 772/75/53 748/59/53 778/65/56
f 772/75/53 778/65/56 776/76/117
f 774/77/53 772/75/53 776/76/117
f 787/20/14 786/19/14 785/21/14
f 786/19/14 788/22/14 785/21/14
f 790/24/134 789/23/134 787/20/59
f 789/23/134 786/19/60 787/20/59
f 792/26/58 791/25/58 790/24/134
f 791/25/58 789/23/134 790/24/134
f 794/28/141 793/27/149 792/26/58
f 793/27/149 791/25/58 792/26/58
f 796/30/62 795/29/62 794/28/63
f 795/29/62 793/27/63 794/28/63
f 798/32/150 797/31/65 796/30/62
f 797/31/65 795/29/62 796/30/62
f 800/34/66 799/33/66 798/32/150
f 799/33/66 797/31/65 798/32/150
f 802/36/67 801/35/67 800/34/68
f 801/35/67 799/33/68 800/34/68
f 804/38/69 803/37/70 802/36/67
f 803/37/70 801/35/67 802/36/67
f 806/40/71 805/39/71 804/38/69
f 805/39/71 803/37/70 804/38/69
f 808/42/73 807/41/73 806/40/151
f 807/41/73 805/39/131 806/40/151
f 810/44/76 809/43/76 808/42/73
f 809/43/76 807/41/73 808/42/73
f 812/46/77 811/45/77 810/44/76
f 811/45/77 809/43/76 810/44/76
f 814/48/79 813/47/152 812/46/132
f 813/47/152 811/45/132 812/46/132
f 816/50/83 815/49/83 814/48/79
f 815/49/83 813/47/152 814/48/79
f 818/52/84 817/51/84 816/50/83
f 817/51/84 815/49/83 816/50/83
f 820/54/85 819/53/85 818/52/86
f 819/53/85 817/51/86 818/52/86
f 822/56/153 821/55/154 820/54/85
f 821/55/154 819/53/85 820/54/85
f 824/58/88 823/57/88 822/56/153
f 823/57/88 821/55/154 822/56/153
f 785/60/89 788/59/89 824/58/89
f 788/59/89 823/57/89 824/58/89
f 790/61/45 787/22/45 785/59/45
f 792/62/46 790/61/45 785/59/45
f 785/59/45 824/60/45 822/63/45
f 785/59/45 822/63/45 820/64/47
f 785/59/45 820/64/47 818/65/45
f 796/67/50 794/66/49 792/62/46
f 798/68/45 796/67/50 792/62/46
f 798/68/45 792/62/46 785/59/45
f 800/69/45 798/68/45 785/59/45
f 802/70/45 800/69/45 785/59/45
f 804/71/45 802/70/45 785/59/45
f 806/72/45 804/71/45 785/59/45
f 808/73/90 806/72/45 785/59/45
f 810/74/91 808/73/90 785/59/45
f 812/75/92 810/74/91 785/59/45
f 812/75/92 785/59/45 818/65/45
f 812/75/92 818/65/45 816/76/93
f 814/77/45 812/75/92 816/76/93
f 786/22/53 789/61/53 788/59/53
f 789/61/53 791/62/53 788/59/53
f 823/60/53 788/59/53 821/63/56
f 821/63/56 788/59/53 819/64/94
f 819/64/94 788/59/53 817/65/53
f 793/66/53 795/67/53 791/62/53
f 795/67/53 797/68/53 791/62/53
f 791/62/53 797/68/53 788/59/53
f 797/68/53 799/69/53 788/59/53
f 799/69/53 801/70/53 788/59/53
f 801/70/53 803/71/53 788/59/53
f 803/71/53 805/72/54 788/59/53
f 805/72/54 807/73/53 788/59/53
f 807/73/53 809/74/53 788/59/53
f 809/74/53 811/75/53 788/59/53
f 788/59/53 811/75/53 817/65/53
f 817/65/53 811/75/53 815/76/53
f 811/75/53 813/77/96 815/76/53
f 827/19/14 826/20/14 825/21/14
f 828/22/14 827/19/14 825/21/14
f 830/23/15 829/24/15 826/20/18
f 827/19/103 830/23/15 826/20/18
f 832/25/15 831/26/15 829/24/15
f 830/23/15 832/25/15 829/24/15
f 834/27/18 833/28/16 831/26/15
f 832/25/15 834/27/18 831/26/15
f 836/29/21 835/30/21 833/28/155
f 834/27/155 836/29/21 833/28/155
f 838/31/24 837/32/24 835/30/21
f 836/29/21 838/31/24 835/30/21
f 840/33/25 839/34/25 837/32/24
f 838/31/24 840/33/25 837/32/24
f 842/35/26 841/36/26 839/34/27
f 840/33/27 842/35/26 839/34/27
f 844/37/28 843/38/28 841/36/26
f 842/35/26 844/37/28 841/36/26
f 846/39/29 845/40/29 843/38/28
f 844/37/28 846/39/29 843/38/28
f 848/41/30 847/42/30 845/40/31
f 846/39/140 848/41/30 845/40/31
f 850/43/32 849/44/32 847/42/30
f 848/41/30 850/43/32 847/42/30
f 852/45/33 851/46/33 849/44/32
f 850/43/32 852/45/33 849/44/32
f 854/47/122 853/48/34 851/46/156
f 852/45/156 854/47/122 851/46/156
f 856/49/37 855/50/157 853/48/34
f 854/47/122 856/49/37 853/48/34
f 858/51/38 857/52/38 855/50/157
f 856/49/37 858/51/38 855/50/157
f 860/53/40 859/54/40 857/52/158
f 858/51/158 860/53/40 857/52/158
f 862/55/148 861/56/125 859/54/40
f 860/53/40 862/55/148 859/54/40
f 864/57/38 863/58/38 861/56/125
f 862/55/148 864/57/38 861/56/125
f 828/59/44 825/60/44 863/58/44
f 864/57/44 828/59/44 863/58/44
f 826/22/45 829/61/45 825/59/45
f 829/61/45 831/62/51 825/59/45
f 863/60/45 825/59/45 861/63/110
f 861/63/110 825/59/45 859/64/111
f 859/64/111 825/59/45 857/65/45
f 833/66/112 835/67/113 831/62/51
f 835/67/113 837/68/45 831/62/51
f 831/62/51 837/68/45 825/59/45
f 837/68/45 839/69/45 825/59/45
f 839/69/45 841/70/45 825/59/45
f 841/70/45 843/71/45 825/59/45
f 843/71/45 845/72/45 825/59/45
f 845/72/45 847/73/110 825/59/45
f 847/73/110 849/74/50 825/59/45
f 849/74/50 851/75/47 825/59/45
f 825/59/45 851/75/47 857/65/45
f 857/65/45 851/75/47 855/76/114
f 851/75/47 853/77/115 855/76/114
f 830/61/53 827/22/53 828/59/53
f 832/62/53 830/61/53 828/59/53
f 828/59/53 864/60/56 862/63/53
f 828/59/53 862/63/53 860/64/53
f 828/59/53 860/64/53 858/65/56
f 836/67/53 834/66/53 832/62/53
f 838/68/53 836/67/53 832/62/53
f 838/68/53 832/62/53 828/59/53
f 840/69/53 838/68/53 828/59/53
f 842/70/53 840/69/53 828/59/53
f 844/71/53 842/70/53 828/59/53
f 846/72/56 844/71/53 828/59/53
f 848/73/116 846/72/56 828/59/53
f 850/74/53 848/73/116 828/59/53
f 852/75/53 850/74/53 828/59/53
f 852/75/53 828/59/53 858/65/56
f 852/75/53 858/65/56 856/76/117
f 854/77/53 852/75/53 856/76/117
f 867/19/14 866/20/14 865/21/14
f 868/22/14 867/19/14 865/21/14
f 870/23/15 869/24/159 866/20/18
f 867/19/143 870/23/15 866/20/18
f 872/25/15 871/26/15 869/24/159
f 870/23/15 872/25/15 869/24/159
f 874/27/17 873/28/16 871/26/15
f 872/25/15 874/27/17 871/26/15
f 876/29/160 875/30/20 873/28/22
f 874/27/22 876/29/160 873/28/22
f 878/31/24 877/32/24 875/30/20
f 876/29/160 878/31/24 875/30/20
f 880/33/25 879/34/25 877/32/24
f 878/31/24 880/33/25 877/32/24
f 882/35/26 881/36/26 879/34/27
f 880/33/27 882/35/26 879/34/27
f 884/37/28 883/38/28 881/36/26
f 882/35/26 884/37/28 881/36/26
f 886/39/29 885/40/29 883/38/28
f 884/37/28 886/39/29 883/38/28
f 888/41/30 887/42/145 885/40/31
f 886/39/161 888/41/30 885/40/31
f 890/43/32 889/44/32 887/42/145
f 888/41/30 890/43/32 887/42/145
f 892/45/33 891/46/33 889/44/32
f 890/43/32 892/45/33 889/44/32
f 894/47/34 893/48/34 891/46/108
f 892/45/108 894/47/34 891/46/108
f 896/49/37 895/50/37 893/48/34
f 894/47/34 896/49/37 893/48/34
f 898/51/38 897/52/38 895/50/37
f 896/49/37 898/51/38 895/50/37
f 900/53/40 899/54/40 897/52/158
f 898/51/158 900/53/40 897/52/158
f 902/55/42 901/56/42 899/54/40
f 900/53/40 902/55/42 899/54/40
f 904/57/38 903/58/38 901/56/42
f 902/55/42 904/57/38 901/56/42
f 868/59/44 865/60/44 903/58/44
f 904/57/44 868/59/44 903/58/44
f 866/22/45 869/61/45 865/59/45
f 869/61/45 871/62/51 865/59/45
f 903/60/45 865/59/45 901/63/110
f 901/63/110 865/59/45 899/64/111
f 899/64/111 865/59/45 897/65/45
f 873/66/112 875/67/113 871/62/51
f 875/67/113 877/68/45 871/62/51
f 871/62/51 877/68/45 865/59/45
f 877/68/45 879/69/45 865/59/45
f 879/69/45 881/70/45 865/59/45
f 881/70/45 883/71/45 865/59/45
f 883/71/45 885/72/45 865/59/45
f 885/72/45 887/73/110 865/59/45
f 887/73/110 889/74/50 865/59/45
f 889/74/50 891/75/47 865/59/45
f 865/59/45 891/75/47 897/65/45
f 897/65/45 891/75/47 895/76/114
f 891/75/47 893/77/115 895/76/114
f 870/61/53 867/22/53 868/59/53
f 872/62/53 870/61/53 868/59/53
f 868/59/53 904/60/56 902/63/53
f 868/59/53 902/63/53 900/64/53
f 868/59/53 900/64/53 898/65/56
f 876/67/53 874/66/53 872/62/53
f 878/68/53 876/67/53 872/62/53
f 878/68/53 872/62/53 868/59/53
f 880/69/53 878/68/53 868/59/53
f 882/70/53 880/69/53 868/59/53
f 884/71/53 882/70/53 868/59/53
f 886/72/53 884/71/53 868/59/53
f 888/73/116 886/72/53 868/59/53
f 890/74/53 888/73/116 868/59/53
f 892/75/53 890/74/53 868/59/53
f 892/75/53 868/59/53 898/65/56
f 892/75/53 898/65/56 896/76/117
f 894/77/53 892/75/53 896/76/117
f 907/20/14 906/19/14 905/21/14
f 906/19/14 908/22/14 905/21/14
f 910/24/134 909/23/134 907/20/162
f 909/23/134 906/19/163 907/20/162
f 912/26/58 911/25/58 910/24/134
f 911/25/58 909/23/134 910/24/134
f 914/28/135 913/27/164 912/26/58
f 913/27/164 911/25/58 912/26/58
f 916/30/97 915/29/97 914/28/165
f 915/29/97 913/27/165 914/28/165
f 918/32/65 917/31/65 916/30/97
f 917/31/65 915/29/97 916/30/97
f 920/34/66 919/33/66 918/32/65
f 919/33/66 917/31/65 918/32/65
f 922/36/67 921/35/67 920/34/68
f 921/35/67 919/33/68 920/34/68
f 924/38/69 923/37/70 922/36/67
f 923/37/70 921/35/67 922/36/67
f 926/40/71 925/39/71 924/38/69
f 925/39/71 923/37/70 924/38/69
f 928/42/73 927/41/73 926/40/151
f 927/41/73 925/39/137 926/40/151
f 930/44/76 929/43/76 928/42/73
f 929/43/76 927/41/73 928/42/73
f 932/46/77 931/45/77 930/44/76
f 931/45/77 929/43/76 930/44/76
f 934/48/78 933/47/78 932/46/132
f 933/47/78 931/45/138 932/46/132
f 936/50/166 935/49/83 934/48/78
f 935/49/83 933/47/78 934/48/78
f 938/52/84 937/51/84 936/50/166
f 937/51/84 935/49/83 936/50/166
f 940/54/167 939/53/85 938/52/86
f 939/53/85 937/51/86 938/52/86
f 942/56/87 941/55/87 940/54/167
f 941/55/87 939/53/85 940/54/167
f 944/58/88 943/57/88 942/56/87
f 943/57/88 941/55/87 942/56/87
f 905/60/89 908/59/89 944/58/89
f 908/59/89 943/57/89 944/58/89
f 910/61/45 907/22/45 905/59/45
f 912/62/46 910/61/45 905/59/45
f 905/59/45 944/60/45 942/63/45
f 905/59/45 942/63/45 940/64/47
f 905/59/45 940/64/47 938/65/45
f 916/67/50 914/66/49 912/62/46
f 918/68/45 916/67/50 912/62/46
f 918/68/45 912/62/46 905/59/45
f 920/69/45 918/68/45 905/59/45
f 922/70/45 920/69/45 905/59/45
f 924/71/45 922/70/45 905/59/45
f 926/72/45 924/71/45 905/59/45
f 928/73/90 926/72/45 905/59/45
f 930/74/91 928/73/90 905/59/45
f 932/75/92 930/74/91 905/59/45
f 932/75/92 905/59/45 938/65/45
f 932/75/92 938/65/45 936/76/93
f 934/77/45 932/75/92 936/76/93
f 906/22/53 909/61/53 908/59/53
f 909/61/53 911/62/53 908/59/53
f 943/60/53 908/59/53 941/63/56
f 941/63/56 908/59/53 939/64/94
f 939/64/94 908/59/53 937/65/53
f 913/66/53 915/67/53 911/62/53
f 915/67/53 917/68/53 911/62/53
f 911/62/53 917/68/53 908/59/53
f 917/68/53 919/69/53 908/59/53
f 919/69/53 921/70/53 908/59/53
f 921/70/53 923/71/53 908/59/53
f 923/71/53 925/72/54 908/59/53
f 925/72/54 927/73/53 908/59/53
f 927/73/53 929/74/53 908/59/53
f 929/74/53 931/75/53 908/59/53
f 908/59/53 931/75/53 937/65/53
f 937/65/53 931/75/53 935/76/53
f 931/75/53 933/77/96 935/76/53
f 947/20/14 946/19/14 945/21/14
f 946/19/14 948/22/14 945/21/14
f 950/24/58 949/23/58 947/20/126
f 949/23/58 946/19/127 947/20/126
f 952/26/58 951/25/58 950/24/58
f 951/25/58 949/23/58 950/24/58
f 954/28/128 953/27/59 952/26/58
f 953/27/59 951/25/58 952/26/58
f 956/30/62 955/29/62 954/28/63
f 955/29/62 953/27/63 954/28/63
f 958/32/65 957/31/65 956/30/62
f 957/31/65 955/29/62 956/30/62
f 960/34/66 959/33/66 958/32/65
f 959/33/66 957/31/65 958/32/65
f 962/36/67 961/35/67 960/34/68
f 961/35/67 959/33/68 960/34/68
f 964/38/70 963/37/70 962/36/67
f 963/37/70 961/35/67 962/36/67
f 966/40/71 965/39/71 964/38/70
f 965/39/71 963/37/70 964/38/70
f 968/42/72 967/41/72 966/40/74
f 967/41/72 965/39/168 966/40/74
f 970/44/76 969/43/76 968/42/72
f 969/43/76 967/41/72 968/42/72
f 972/46/77 971/45/77 970/44/76
f 971/45/77 969/43/76 970/44/76
f 974/48/78 973/47/78 972/46/138
f 973/47/78 971/45/138 972/46/138
f 976/50/83 975/49/83 974/48/78
f 975/49/83 973/47/78 974/48/78
f 978/52/84 977/51/84 976/50/83
f 977/51/84 975/49/83 976/50/83
f 980/54/100 979/53/85 978/52/86
f 979/53/85 977/51/86 978/52/86
f 982/56/87 981/55/154 980/54/100
f 981/55/154 979/53/85 980/54/100
f 984/58/88 983/57/88 982/56/87
f 983/57/88 981/55/154 982/56/87
f 945/60/89 948/59/89 984/58/89
f 948/59/89 983/57/89 984/58/89
f 950/61/45 947/22/45 945/59/45
f 952/62/46 950/61/45 945/59/45
f 945/59/45 984/60/45 982/63/45
f 945/59/45 982/63/45 980/64/47
f 945/59/45 980/64/47 978/65/45
f 956/67/50 954/66/49 952/62/46
f 958/68/45 956/67/50 952/62/46
f 958/68/45 952/62/46 945/59/45
f 960/69/45 958/68/45 945/59/45
f 962/70/45 960/69/45 945/59/45
f 964/71/45 962/70/45 945/59/45
f 966/72/45 964/71/45 945/59/45
f 968/73/47 966/72/45 945/59/45
f 970/74/91 968/73/47 945/59/45
f 972/75/92 970/74/91 945/59/45
f 972/75/92 945/59/45 978/65/45
f 972/75/92 978/65/45 976/76/93
f 974/77/45 972/75/92 976/76/93
f 946/22/53 949/61/53 948/59/53
f 949/61/53 951/62/53 948/59/53
f 983/60/53 948/59/53 981/63/56
f 981/63/56 948/59/53 979/64/94
f 979/64/94 948/59/53 977/65/53
f 953/66/53 955/67/53 951/62/53
f 955/67/53 957/68/53 951/62/53
f 951/62/53 957/68/53 948/59/53
f 957/68/53 959/69/53 948/59/53
f 959/69/53 961/70/53 948/59/53
f 961/70/53 963/71/53 948/59/53
f 963/71/53 965/72/95 948/59/53
f 965/72/95 967/73/53 948/59/53
f 967/73/53 969/74/53 948/59/53
f 969/74/53 971/75/53 948/59/53
f 948/59/53 971/75/53 977/65/53
f 977/65/53 971/75/53 975/76/56
f 971/75/53 973/77/96 975/76/56
f 987/19/14 986/20/14 985/21/14
f 988/22/14 987/19/14 985/21/14
f 990/23/15 989/24/15 986/20/18
f 987/19/169 990/23/15 986/20/18
f 992/25/15 991/26/15 989/24/15
f 990/23/15 992/25/15 989/24/15
f 994/27/18 993/28/119 991/26/15
f 992/25/15 994/27/18 991/26/15
f 996/29/20 995/30/20 993/28/23
f 994/27/23 996/29/20 993/28/23
f 998/31/24 997/32/24 995/30/20
f 996/29/20 998/31/24 995/30/20
f 1000/33/25 999/34/25 997/32/24
f 998/31/24 1000/33/25 997/32/24
f 1002/35/26 1001/36/26 999/34/170
f 1000/33/170 1002/35/26 999/34/170
f 1004/37/28 1003/38/28 1001/36/26
f 1002/35/26 1004/37/28 1001/36/26
f 1006/39/29 1005/40/29 1003/38/28
f 1004/37/28 1006/39/29 1003/38/28
f 1008/41/30 1007/42/30 1005/40/105
f 1006/39/140 1008/41/30 1005/40/105
f 1010/43/32 1009/44/32 1007/42/30
f 1008/41/30 1010/43/32 1007/42/30
f 1012/45/33 1011/46/33 1009/44/32
f 1010/43/32 1012/45/33 1009/44/32
f 1014/47/34 1013/48/34 1011/46/108
f 1012/45/108 1014/47/34 1011/46/108
f 1016/49/37 1015/50/37 1013/48/34
f 1014/47/34 1016/49/37 1013/48/34
f 1018/51/38 1017/52/38 1015/50/37
f 1016/49/37 1018/51/38 1015/50/37
f 1020/53/39 1019/54/39 1017/52/41
f 1018/51/41 1020/53/39 1017/52/41
f 1022/55/148 1021/56/148 1019/54/39
f 1020/53/39 1022/55/148 1019/54/39
f 1024/57/38 1023/58/38 1021/56/148
f 1022/55/148 1024/57/38 1021/56/148
f 988/59/44 985/60/44 1023/58/44
f 1024/57/44 988/59/44 1023/58/44
f 986/22/45 989/61/45 985/59/45
f 989/61/45 991/62/51 985/59/45
f 1023/60/45 985/59/45 1021/63/110
f 1021/63/110 985/59/45 1019/64/111
f 1019/64/111 985/59/45 1017/65/45
f 993/66/112 995/67/113 991/62/51
f 995/67/113 997/68/45 991/62/51
f 991/62/51 997/68/45 985/59/45
f 997/68/45 999/69/45 985/59/45
f 999/69/45 1001/70/45 985/59/45
f 1001/70/45 1003/71/45 985/59/45
f 1003/71/45 1005/72/45 985/59/45
f 1005/72/45 1007/73/114 985/59/45
f 1007/73/114 1009/74/50 985/59/45
f 1009/74/50 1011/75/47 985/59/45
f 985/59/45 1011/75/47 1017/65/45
f 1017/65/45 1011/75/47 1015/76/114
f 1011/75/47 1013/77/115 1015/76/114
f 990/61/53 987/22/53 988/59/53
f 992/62/53 990/61/53 988/59/53
f 988/59/53 1024/60/56 1022/63/53
f 988/59/53 1022/63/53 1020/64/53
f 988/59/53 1020/64/53 1018/65/56
f 996/67/53 994/66/53 992/62/53
f 998/68/53 996/67/53 992/62/53
f 998/68/53 992/62/53 988/59/53
f 1000/69/53 998/68/53 988/59/53
f 1002/70/53 1000/69/53 988/59/53
f 1004/71/53 1002/70/53 988/59/53
f 1006/72/56 1004/71/53 988/59/53
f 1008/73/116 1006/72/56 988/59/53
f 1010/74/53 1008/73/116 988/59/53
f 1012/75/53 1010/74/53 988/59/53
f 1012/75/53 988/59/53 1018/65/56
f 1012/75/53 1018/65/56 1016/76/117
f 1014/77/53 1012/75/53 1016/76/117
f 1027/20/14 1026/19/14 1025/21/14
f 1026/19/14 1028/22/14 1025/21/14
f 1030/24/171 1029/23/58 1027/20/59
f 1029/23/58 1026/19/172 1027/20/59
f 1032/26/58 1031/25/58 1030/24/171
f 1031/25/58 1029/23/58 1030/24/171
f 1034/28/61 1033/27/59 1032/26/58
f 1033/27/59 1031/25/58 1032/26/58
f 1036/30/62 1035/29/62 1034/28/63
f 1035/29/62 1033/27/63 1034/28/63
f 1038/32/150 1037/31/65 1036/30/62
f 1037/31/65 1035/29/62 1036/30/62
f 1040/34/66 1039/33/66 1038/32/150
f 1039/33/66 1037/31/65 1038/32/150
f 1042/36/67 1041/35/67 1040/34/68
f 1041/35/67 1039/33/68 1040/34/68
f 1044/38/69 1043/37/69 1042/36/67
f 1043/37/69 1041/35/67 1042/36/67
f 1046/40/71 1045/39/71 1044/38/69
f 1045/39/71 1043/37/69 1044/38/69
f 1048/42/130 1047/41/72 1046/40/74
f 1047/41/72 1045/39/168 1046/40/74
f 1050/44/76 1049/43/76 1048/42/130
f 1049/43/76 1047/41/72 1048/42/130
f 1052/46/77 1051/45/77 1050/44/76
f 1051/45/77 1049/43/76 1050/44/76
f 1054/48/79 1053/47/78 1052/46/81
f 1053/47/78 1051/45/138 1052/46/81
f 1056/50/83 1055/49/83 1054/48/79
f 1055/49/83 1053/47/78 1054/48/79
f 1058/52/84 1057/51/84 1056/50/83
f 1057/51/84 1055/49/83 1056/50/83
f 1060/54/100 1059/53/85 1058/52/86
f 1059/53/85 1057/51/86 1058/52/86
f 1062/56/154 1061/55/154 1060/54/100
f 1061/55/154 1059/53/85 1060/54/100
f 1064/58/88 1063/57/88 1062/56/154
f 1063/57/88 1061/55/154 1062/56/154
f 1025/60/89 1028/59/89 1064/58/89
f 1028/59/89 1063/57/89 1064/58/89
f 1030/61/45 1027/22/45 1025/59/45
f 1032/62/46 1030/61/45 1025/59/45
f 1025/59/45 1064/60/45 1062/63/45
f 1025/59/45 1062/63/45 1060/64/47
f 1025/59/45 1060/64/47 1058/65/45
f 1036/67/50 1034/66/49 1032/62/46
f 1038/68/45 1036/67/50 1032/62/46
f 1038/68/45 1032/62/46 1025/59/45
f 1040/69/45 1038/68/45 1025/59/45
f 1042/70/45 1040/69/45 1025/59/45
f 1044/71/45 1042/70/45 1025/59/45
f 1046/72/45 1044/71/45 1025/59/45
f 1048/73/90 1046/72/45 1025/59/45
f 1050/74/113 1048/73/90 1025/59/45
f 1052/75/92 1050/74/113 1025/59/45
f 1052/75/92 1025/59/45 1058/65/45
f 1052/75/92 1058/65/45 1056/76/93
f 1054/77/45 1052/75/92 1056/76/93
f 1026/22/53 1029/61/53 1028/59/53
f 1029/61/53 1031/62/53 1028/59/53
f 1063/60/53 1028/59/53 1061/63/56
f 1061/63/56 1028/59/53 1059/64/94
f 1059/64/94 1028/59/53 1057/65/53
f 1033/66/53 1035/67/53 1031/62/53
f 1035/67/53 1037/68/53 1031/62/53
f 1031/62/53 1037/68/53 1028/59/53
f 1037/68/53 1039/69/53 1028/59/53
f 1039/69/53 1041/70/53 1028/59/53
f 1041/70/53 1043/71/53 1028/59/53
f 1043/71/53 1045/72/95 1028/59/53
f 1045/72/95 1047/73/53 1028/59/53
f 1047/73/53 1049/74/53 1028/59/53
f 1049/74/53 1051/75/53 1028/59/53
f 1028/59/53 1051/75/53 1057/65/53
f 1057/65/53 1051/75/53 1055/76/53
f 1051/75/53 1053/77/96 1055/76/53
f 1067/19/14 1066/20/14 1065/21/14
f 1068/22/14 1067/19/14 1065/21/14
f 1070/23/15 1069/24/15 1066/20/143
f 1067/19/103 1070/23/15 1066/20/143
f 1072/25/15 1071/26/15 1069/24/15
f 1070/23/15 1072/25/15 1069/24/15
f 1074/27/19 1073/28/16 1071/26/15
f 1072/25/15 1074/27/19 1071/26/15
f 1076/29/20 1075/30/20 1073/28/23
f 1074/27/23 1076/29/20 1073/28/23
f 1078/31/24 1077/32/24 1075/30/20
f 1076/29/20 1078/31/24 1075/30/20
f 1080/33/25 1079/34/25 1077/32/24
f 1078/31/24 1080/33/25 1077/32/24
f 1082/35/26 1081/36/26 1079/34/170
f 1080/33/170 1082/35/26 1079/34/170
f 1084/37/28 1083/38/28 1081/36/26
f 1082/35/26 1084/37/28 1081/36/26
f 1086/39/29 1085/40/29 1083/38/28
f 1084/37/28 1086/39/29 1083/38/28
f 1088/41/30 1087/42/173 1085/40/174
f 1086/39/146 1088/41/30 1085/40/174
f 1090/43/32 1089/44/32 1087/42/173
f 1088/41/30 1090/43/32 1087/42/173
f 1092/45/33 1091/46/33 1089/44/32
f 1090/43/32 1092/45/33 1089/44/32
f 1094/47/107 1093/48/34 1091/46/175
f 1092/45/175 1094/47/107 1091/46/175
f 1096/49/37 1095/50/37 1093/48/34
f 1094/47/107 1096/49/37 1093/48/34
f 1098/51/38 1097/52/38 1095/50/37
f 1096/49/37 1098/51/38 1095/50/37
f 1100/53/176 1099/54/40 1097/52/41
f 1098/51/41 1100/53/176 1097/52/41
f 1102/55/43 1101/56/148 1099/54/40
f 1100/53/176 1102/55/43 1099/54/40
f 1104/57/38 1103/58/38 1101/56/148
f 1102/55/43 1104/57/38 1101/56/148
f 1068/59/44 1065/60/44 1103/58/44
f 1104/57/44 1068/59/44 1103/58/44
f 1066/22/45 1069/61/45 1065/59/45
f 1069/61/45 1071/62/51 1065/59/45
f 1103/60/45 1065/59/45 1101/63/110
f 1101/63/110 1065/59/45 1099/64/111
f 1099/64/111 1065/59/45 1097/65/45
f 1073/66/112 1075/67/113 1071/62/51
f 1075/67/113 1077/68/45 1071/62/51
f 1071/62/51 1077/68/45 1065/59/45
f 1077/68/45 1079/69/45 1065/59/45
f 1079/69/45 1081/70/45 1065/59/45
f 1081/70/45 1083/71/45 1065/59/45
f 1083/71/45 1085/72/45 1065/59/45
f 1085/72/45 1087/73/114 1065/59/45
f 1087/73/114 1089/74/50 1065/59/45
f 1089/74/50 1091/75/47 1065/59/45
f 1065/59/45 1091/75/47 1097/65/45
f 1097/65/45 1091/75/47 1095/76/114
f 1091/75/47 1093/77/115 1095/76/114
f 1070/61/53 1067/22/53 1068/59/53
f 1072/62/53 1070/61/53 1068/59/53
f 1068/59/53 1104/60/177 1102/63/53
f 1068/59/53 1102/63/53 1100/64/53
f 1068/59/53 1100/64/53 1098/65/56
f 1076/67/53 1074/66/53 1072/62/53
f 1078/68/53 1076/67/53 1072/62/53
f 1078/68/53 1072/62/53 1068/59/53
f 1080/69/53 1078/68/53 1068/59/53
f 1082/70/53 1080/69/53 1068/59/53
f 1084/71/53 1082/70/53 1068/59/53
f 1086/72/56 1084/71/53 1068/59/53
f 1088/73/116 1086/72/56 1068/59/53
f 1090/74/53 1088/73/116 1068/59/53
f 1092/75/53 1090/74/53 1068/59/53
f 1092/75/53 1068/59/53 1098/65/56
f 1092/75/53 1098/65/56 1096/76/117
f 1094/77/53 1092/75/53 1096/76/117
f 1107/20/14 1106/19/14 1105/21/14
f 1106/19/14 1108/22/14 1105/21/14
f 1110/24/134 1109/23/134 1107/20/59
f 1109/23/134 1106/19/178 1107/20/59
f 1112/26/58 1111/25/58 1110/24/134
f 1111/25/58 1109/23/134 1110/24/134
f 1114/28/128 1113/27/141 1112/26/58
f 1113/27/141 1111/25/58 1112/26/58
f 1116/30/62 1115/29/62 1114/28/142
f 1115/29/62 1113/27/142 1114/28/142
f 1118/32/65 1117/31/65 1116/30/62
f 1117/31/65 1115/29/62 1116/30/62
f 1120/34/66 1119/33/66 1118/32/65
f 1119/33/66 1117/31/65 1118/32/65
f 1122/36/67 1121/35/67 1120/34/68
f 1121/35/67 1119/33/68 1120/34/68
f 1124/38/69 1123/37/69 1122/36/67
f 1123/37/69 1121/35/67 1122/36/67
f 1126/40/71 1125/39/71 1124/38/69
f 1125/39/71 1123/37/69 1124/38/69
f 1128/42/73 1127/41/73 1126/40/151
f 1127/41/73 1125/39/179 1126/40/151
f 1130/44/76 1129/43/76 1128/42/73
f 1129/43/76 1127/41/73 1128/42/73
f 1132/46/77 1131/45/77 1130/44/76
f 1131/45/77 1129/43/76 1130/44/76
f 1134/48/78 1133/47/78 1132/46/138
f 1133/47/78 1131/45/180 1132/46/138
f 1136/50/83 1135/49/181 1134/48/78
f 1135/49/181 1133/47/78 1134/48/78
f 1138/52/84 1137/51/84 1136/50/83
f 1137/51/84 1135/49/181 1136/50/83
f 1140/54/100 1139/53/85 1138/52/86
f 1139/53/85 1137/51/86 1138/52/86
f 1142/56/154 1141/55/154 1140/54/100
f 1141/55/154 1139/53/85 1140/54/100
f 1144/58/88 1143/57/88 1142/56/154
f 1143/57/88 1141/55/154 1142/56/154
f 1105/60/89 1108/59/89 1144/58/89
f 1108/59/89 1143/57/89 1144/58/89
f 1110/61/45 1107/22/45 1105/59/45
f 1112/62/46 1110/61/45 1105/59/45
f 1105/59/45 1144/60/45 1142/63/45
f 1105/59/45 1142/63/45 1140/64/47
f 1105/59/45 1140/64/47 1138/65/45
f 1116/67/50 1114/66/49 1112/62/46
f 1118/68/45 1116/67/50 1112/62/46
f 1118/68/45 1112/62/46 1105/59/45
f 1120/69/45 1118/68/45 1105/59/45
f 1122/70/45 1120/69/45 1105/59/45
f 1124/71/45 1122/70/45 1105/59/45
f 1126/72/45 1124/71/45 1105/59/45
f 1128/73/90 1126/72/45 1105/59/45
f 1130/74/91 1128/73/90 1105/59/45
f 1132/75/92 1130/74/91 1105/59/45
f 1132/75/92 1105/59/45 1138/65/45
f 1132/75/92 1138/65/45 1136/76/93
f 1134/77/45 1132/75/92 1136/76/93
f 1106/22/53 1109/61/53 1108/59/53
f 1109/61/53 1111/62/53 1108/59/53
f 1143/60/53 1108/59/53 1141/63/56
f 1141/63/56 1108/59/53 1139/64/94
f 1139/64/94 1108/59/53 1137/65/53
f 1113/66/53 1115/67/53 1111/62/53
f 1115/67/53 1117/68/53 1111/62/53
f 1111/62/53 1117/68/53 1108/59/53
f 1117/68/53 1119/69/53 1108/59/53
f 1119/69/53 1121/70/53 1108/59/53
f 1121/70/53 1123/71/53 1108/59/53
f 1123/71/53 1125/72/95 1108/59/53
f 1125/72/95 1127/73/53 1108/59/53
f 1127/73/53 1129/74/53 1108/59/53
f 1129/74/53 1131/75/53 1108/59/53
f 1108/59/53 1131/75/53 1137/65/53
f 1137/65/53 1131/75/53 1135/76/53
f 1131/75/53 1133/77/96 1135/76/53
f 1147/19/14 1146/20/14 1145/21/14
f 1148/22/14 1147/19/14 1145/21/14
f 1150/23/15 1149/24/15 1146/20/18
f 1147/19/182 1150/23/15 1146/20/18
f 1152/25/15 1151/26/15 1149/24/15
f 1150/23/15 1152/25/15 1149/24/15
f 1154/27/18 1153/28/16 1151/26/15
f 1152/25/15 1154/27/18 1151/26/15
f 1156/29/20 1155/30/20 1153/28/120
f 1154/27/120 1156/29/20 1153/28/120
f 1158/31/24 1157/32/24 1155/30/20
f 1156/29/20 1158/31/24 1155/30/20
f 1160/33/25 1159/34/25 1157/32/24
f 1158/31/24 1160/33/25 1157/32/24
f 1162/35/26 1161/36/26 1159/34/27
f 1160/33/183 1162/35/26 1159/34/27
f 1164/37/28 1163/38/28 1161/36/26
f 1162/35/26 1164/37/28 1161/36/26
f 1166/39/29 1165/40/29 1163/38/28
f 1164/37/28 1166/39/29 1163/38/28
f 1168/41/30 1167/42/30 1165/40/31
f 1166/39/184 1168/41/30 1165/40/31
f 1170/43/32 1169/44/32 1167/42/30
f 1168/41/30 1170/43/32 1167/42/30
f 1172/45/33 1171/46/33 1169/44/32
f 1170/43/32 1172/45/33 1169/44/32
f 1174/47/34 1173/48/107 1171/46/175
f 1172/45/108 1174/47/34 1171/46/175
f 1176/49/37 1175/50/185 1173/48/107
f 1174/47/34 1176/49/37 1173/48/107
f 1178/51/38 1177/52/38 1175/50/185
f 1176/49/37 1178/51/38 1175/50/185
f 1180/53/40 1179/54/40 1177/52/41
f 1178/51/41 1180/53/40 1177/52/41
f 1182/55/43 1181/56/43 1179/54/40
f 1180/53/40 1182/55/43 1179/54/40
f 1184/57/38 1183/58/38 1181/56/43
f 1182/55/43 1184/57/38 1181/56/43
f 1148/59/44 1145/60/44 1183/58/44
f 1184/57/44 1148/59/44 1183/58/44
f 1146/22/45 1149/61/45 1145/59/45
f 1149/61/45 1151/62/51 1145/59/45
f 1183/60/45 1145/59/45 1181/63/110
f 1181/63/110 1145/59/45 1179/64/111
f 1179/64/111 1145/59/45 1177/65/45
f 1153/66/112 1155/67/113 1151/62/51
f 1155/67/113 1157/68/45 1151/62/51
f 1151/62/51 1157/68/45 1145/59/45
f 1157/68/45 1159/69/45 1145/59/45
f 1159/69/45 1161/70/45 1145/59/45
f 1161/70/45 1163/71/45 1145/59/45
f 1163/71/45 1165/72/45 1145/59/45
f 1165/72/45 1167/73/114 1145/59/45
f 1167/73/114 1169/74/50 1145/59/45
f 1169/74/50 1171/75/47 1145/59/45
f 1145/59/45 1171/75/47 1177/65/45
f 1177/65/45 1171/75/47 1175/76/114
f 1171/75/47 1173/77/115 1175/76/114
f 1150/61/53 1147/22/53 1148/59/53
f 1152/62/53 1150/61/53 1148/59/53
f 1148/59/53 1184/60/56 1182/63/53
f 1148/59/53 1182/63/53 1180/64/53
f 1148/59/53 1180/64/53 1178/65/56
f 1156/67/53 1154/66/53 1152/62/53
f 1158/68/53 1156/67/53 1152/62/53
f 1158/68/53 1152/62/53 1148/59/53
f 1160/69/53 1158/68/53 1148/59/53
f 1162/70/53 1160/69/53 1148/59/53
f 1164/71/53 1162/70/53 1148/59/53
f 1166/72/53 1164/71/53 1148/59/53
f 1168/73/116 1166/72/53 1148/59/53
f 1170/74/53 1168/73/116 1148/59/53
f 1172/75/53 1170/74/53 1148/59/53
f 1172/75/53 1148/59/53 1178/65/56
f 1172/75/53 1178/65/56 1176/76/117
f 1174/77/53 1172/75/53 1176/76/117
f 1187/20/14 1186/19/14 1185/21/14
f 1186/19/14 1188/22/14 1185/21/14
f 1190/24/134 1189/23/134 1187/20/60
f 1189/23/134 1186/19/172 1187/20/60
f 1192/26/58 1191/25/58 1190/24/134
f 1191/25/58 1189/23/134 1190/24/134
f 1194/28/164 1193/27/149 1192/26/58
f 1193/27/149 1191/25/58 1192/26/58
f 1196/30/62 1195/29/62 1194/28/63
f 1195/29/62 1193/27/63 1194/28/63
f 1198/32/65 1197/31/65 1196/30/62
f 1197/31/65 1195/29/62 1196/30/62
f 1200/34/66 1199/33/66 1198/32/65
f 1199/33/66 1197/31/65 1198/32/65
f 1202/36/67 1201/35/67 1200/34/68
f 1201/35/67 1199/33/68 1200/34/68
f 1204/38/70 1203/37/70 1202/36/67
f 1203/37/70 1201/35/67 1202/36/67
f 1206/40/71 1205/39/71 1204/38/70
f 1205/39/71 1203/37/70 1204/38/70
f 1208/42/186 1207/41/187 1206/40/188
f 1207/41/187 1205/39/189 1206/40/188
f 1210/44/76 1209/43/76 1208/42/186
f 1209/43/76 1207/41/187 1208/42/186
f 1212/46/77 1211/45/77 1210/44/76
f 1211/45/77 1209/43/76 1210/44/76
f 1214/48/152 1213/47/79 1212/46/190
f 1213/47/79 1211/45/190 1212/46/190
f 1216/50/191 1215/49/192 1214/48/152
f 1215/49/192 1213/47/79 1214/48/152
f 1218/52/84 1217/51/84 1216/50/191
f 1217/51/84 1215/49/192 1216/50/191
f 1220/54/100 1219/53/85 1218/52/86
f 1219/53/85 1217/51/86 1218/52/86
f 1222/56/154 1221/55/154 1220/54/100
f 1221/55/154 1219/53/85 1220/54/100
f 1224/58/88 1223/57/88 1222/56/154
f 1223/57/88 1221/55/154 1222/56/154
f 1185/60/89 1188/59/89 1224/58/89
f 1188/59/89 1223/57/89 1224/58/89
f 1190/61/45 1187/22/45 1185/59/45
f 1192/62/46 1190/61/45 1185/59/45
f 1185/59/45 1224/60/45 1222/63/45
f 1185/59/45 1222/63/45 1220/64/47
f 1185/59/45 1220/64/47 1218/65/45
f 1196/67/50 1194/66/49 1192/62/46
f 1198/68/45 1196/67/50 1192/62/46
f 1198/68/45 1192/62/46 1185/59/45
f 1200/69/45 1198/68/45 1185/59/45
f 1202/70/45 1200/69/45 1185/59/45
f 1204/71/45 1202/70/45 1185/59/45
f 1206/72/45 1204/71/45 1185/59/45
f 1208/73/90 1206/72/45 1185/59/45
f 1210/74/113 1208/73/90 1185/59/45
f 1212/75/92 1210/74/113 1185/59/45
f 1212/75/92 1185/59/45 1218/65/45
f 1212/75/92 1218/65/45 1216/76/93
f 1214/77/45 1212/75/92 1216/76/93
f 1186/22/53 1189/61/53 1188/59/53
f 1189/61/53 1191/62/53 1188/59/53
f 1223/60/53 1188/59/53 1221/63/56
f 1221/63/56 1188/59/53 1219/64/94
f 1219/64/94 1188/59/53 1217/65/53
f 1193/66/53 1195/67/53 1191/62/53
f 1195/67/53 1197/68/53 1191/62/53
f 1191/62/53 1197/68/53 1188/59/53
f 1197/68/53 1199/69/53 1188/59/53
f 1199/69/53 1201/70/53 1188/59/53
f 1201/70/53 1203/71/53 1188/59/53
f 1203/71/53 1205/72/54 1188/59/53
f 1205/72/54 1207/73/53 1188/59/53
f 1207/73/53 1209/74/53 1188/59/53
f 1209/74/53 1211/75/53 1188/59/53
f 1188/59/53 1211/75/53 1217/65/53
f 1217/65/53 1211/75/53 1215/76/53
f 1211/75/53 1213/77/193 1215/76/53
f 1227/19/14 1226/20/14 1225/21/14
f 1228/22/14 1227/19/14 1225/21/14
f 1230/23/194 1229/24/194 1226/20/19
f 1227/19/169 1230/23/194 1226/20/19
f 1232/25/15 1231/26/15 1229/24/194
f 1230/23/194 1232/25/15 1229/24/194
f 1234/27/18 1233/28/119 1231/26/15
f 1232/25/15 1234/27/18 1231/26/15
f 1236/29/20 1235/30/20 1233/28/22
f 1234/27/22 1236/29/20 1233/28/22
f 1238/31/24 1237/32/24 1235/30/20
f 1236/29/20 1238/31/24 1235/30/20
f 1240/33/25 1239/34/25 1237/32/24
f 1238/31/24 1240/33/25 1237/32/24
f 1242/35/26 1241/36/26 1239/34/27
f 1240/33/27 1242/35/26 1239/34/27
f 1244/37/28 1243/38/28 1241/36/26
f 1242/35/26 1244/37/28 1241/36/26
f 1246/39/29 1245/40/29 1243/38/28
f 1244/37/28 1246/39/29 1243/38/28
f 1248/41/30 1247/42/30 1245/40/31
f 1246/39/161 1248/41/30 1245/40/31
f 1250/43/32 1249/44/32 1247/42/30
f 1248/41/30 1250/43/32 1247/42/30
f 1252/45/33 1251/46/33 1249/44/32
f 1250/43/32 1252/45/33 1249/44/32
f 1254/47/195 1253/48/195 1251/46/156
f 1252/45/156 1254/47/195 1251/46/156
f 1256/49/37 1255/50/37 1253/48/195
f 1254/47/195 1256/49/37 1253/48/195
f 1258/51/38 1257/52/38 1255/50/37
f 1256/49/37 1258/51/38 1255/50/37
f 1260/53/39 1259/54/196 1257/52/41
f 1258/51/41 1260/53/39 1257/52/41
f 1262/55/148 1261/56/148 1259/54/196
f 1260/53/39 1262/55/148 1259/54/196
f 1264/57/38 1263/58/38 1261/56/148
f 1262/55/148 1264/57/38 1261/56/148
f 1228/59/44 1225/60/44 1263/58/44
f 1264/57/44 1228/59/44 1263/58/44
f 1226/22/45 1229/61/45 1225/59/45
f 1229/61/45 1231/62/51 1225/59/45
f 1263/60/45 1225/59/45 1261/63/110
f 1261/63/110 1225/59/45 1259/64/111
f 1259/64/111 1225/59/45 1257/65/45
f 1233/66/112 1235/67/113 1231/62/51
f 1235/67/113 1237/68/45 1231/62/51
f 1231/62/51 1237/68/45 1225/59/45
f 1237/68/45 1239/69/45 1225/59/45
f 1239/69/45 1241/70/45 1225/59/45
f 1241/70/45 1243/71/45 1225/59/45
f 1243/71/45 1245/72/45 1225/59/45
f 1245/72/45 1247/73/110 1225/59/45
f 1247/73/110 1249/74/50 1225/59/45
f 1249/74/50 1251/75/47 1225/59/45
f 1225/59/45 1251/75/47 1257/65/45
f 1257/65/45 1251/75/47 1255/76/114
f 1251/75/47 1253/77/115 1255/76/114
f 1230/61/53 1227/22/53 1228/59/53
f 1232/62/53 1230/61/53 1228/59/53
f 1228/59/53 1264/60/56 1262/63/53
f 1228/59/53 1262/63/53 1260/64/53
f 1228/59/53 1260/64/53 1258/65/56
f 1236/67/53 1234/66/53 1232/62/53
f 1238/68/53 1236/67/53 1232/62/53
f 1238/68/53 1232/62/53 1228/59/53
f 1240/69/53 1238/68/53 1228/59/53
f 1242/70/53 1240/69/53 1228/59/53
f 1244/71/53 1242/70/53 1228/59/53
f 1246/72/53 1244/71/53 1228/59/53
f 1248/73/116 1246/72/53 1228/59/53
f 1250/74/53 1248/73/116 1228/59/53
f 1252/75/53 1250/74/53 1228/59/53
f 1252/75/53 1228/59/53 1258/65/56
f 1252/75/53 1258/65/56 1256/76/117
f 1254/77/53 1252/75/53 1256/76/117
