# Blender 4.3.2
# www.blender.org
mtllib 兽1.mtl
o Obj3d66_17342430_40_666.001
v 1778.874512 1012.166199 -27203.007812
v 1779.074463 1013.330811 -27203.238281
v 1783.771973 1013.399109 -27199.337891
v 1783.572021 1012.234497 -27199.109375
v 1780.139160 1012.279541 -27204.560547
v 1784.838135 1012.346436 -27200.662109
v 1780.424805 1010.784607 -27204.933594
v 1785.124023 1010.851013 -27201.033203
v 1781.777832 1009.161011 -27206.619141
v 1786.478516 1009.225952 -27202.718750
v 1781.518799 1007.456238 -27206.326172
v 1786.219482 1007.521301 -27202.425781
v 1782.668457 1006.801147 -27207.748047
v 1787.370117 1006.864929 -27203.847656
v 1782.445801 1006.159424 -27207.484375
v 1787.147461 1006.223450 -27203.583984
v 1783.686523 1004.959412 -27209.025391
v 1788.389404 1005.021912 -27205.125000
v 1783.468750 1004.248901 -27208.767578
v 1788.171387 1004.311707 -27204.867188
v 1784.089111 1001.664795 -27209.566406
v 1788.792236 1001.726746 -27205.666016
v 1784.838379 1001.201904 -27210.494141
v 1789.542480 1001.263000 -27206.593750
v 1784.603516 1000.774597 -27210.210938
v 1789.307129 1000.835938 -27206.310547
v 1786.280029 999.088013 -27212.294922
v 1790.985107 999.147522 -27208.394531
v 1786.103271 998.546509 -27212.083984
v 1790.808350 998.606018 -27208.185547
v 1786.514648 997.532715 -27212.605469
v 1791.220215 997.591736 -27208.705078
v 1788.214600 998.364746 -27214.679688
v 1792.921387 998.422119 -27210.779297
v 1788.470703 995.204102 -27215.039062
v 1793.178223 995.261047 -27211.138672
v 1787.841309 994.398254 -27214.279297
v 1792.548340 994.455505 -27210.378906
v 1788.304443 993.183044 -27214.865234
v 1793.011475 993.239807 -27210.964844
v 1787.969727 992.133240 -27214.468750
v 1792.676758 992.190002 -27210.568359
v 1783.736572 990.670715 -27209.292969
v 1788.439453 990.731812 -27205.394531
v 1782.351807 994.743896 -27207.533203
v 1787.053467 994.806946 -27203.634766
v 1781.634766 995.387512 -27206.642578
v 1786.335449 995.451355 -27202.744141
v 1782.990723 990.531311 -27208.378906
v 1787.692871 990.593323 -27204.480469
v 1780.969971 989.704651 -27205.908203
v 1785.670410 989.768433 -27202.009766
v 1779.055420 997.496521 -27203.441406
v 1783.753174 997.563232 -27199.542969
v 1779.116211 999.823608 -27203.482422
v 1783.813965 999.890442 -27199.583984
v 1780.057373 1002.407227 -27204.601562
v 1784.756104 1002.473450 -27200.703125
v 1779.347656 1004.505127 -27203.699219
v 1784.045898 1004.572144 -27199.800781
v 1778.228271 1005.243347 -27202.314453
v 1782.924805 1005.311646 -27198.414062
v 1777.827637 1004.307251 -27201.833984
v 1782.524170 1004.375854 -27197.935547
v 1775.822021 1007.786804 -27199.318359
v 1780.515869 1007.857910 -27195.419922
v 1775.997070 1009.032837 -27199.515625
v 1780.690918 1009.103943 -27195.617188
v 1776.486572 1009.271240 -27200.115234
v 1781.181396 1009.341797 -27196.216797
v 1776.663330 1009.939636 -27200.322266
v 1781.358154 1010.010010 -27196.423828
v 1777.647217 1010.369324 -27201.525391
v 1782.343018 1010.438721 -27197.626953
v 1778.379150 1012.650513 -27202.392578
v 1783.075928 1012.719299 -27198.492188
v 1758.438477 1004.066040 -27179.347656
v 1759.085938 1004.327637 -27180.140625
v 1763.534180 1004.421814 -27176.433594
v 1762.885254 1004.160950 -27175.640625
v 1759.400391 1005.375427 -27180.515625
v 1763.848877 1005.469421 -27176.806641
v 1760.153564 1005.405945 -27181.441406
v 1764.603516 1005.499023 -27177.732422
v 1759.971680 1005.845947 -27181.212891
v 1764.421143 1005.939331 -27177.503906
v 1761.006104 1006.235901 -27182.480469
v 1765.457520 1006.328308 -27178.771484
v 1761.255859 1007.209717 -27182.775391
v 1765.707520 1007.301941 -27179.066406
v 1761.714600 1006.544922 -27183.347656
v 1766.166992 1006.636597 -27179.638672
v 1762.358887 1007.833740 -27184.125000
v 1766.812500 1007.924805 -27180.416016
v 1762.851074 1005.722717 -27184.753906
v 1767.305420 1005.813049 -27181.044922
v 1763.565674 1004.018311 -27185.652344
v 1768.020996 1004.107849 -27181.941406
v 1763.447510 1002.832397 -27185.519531
v 1767.903076 1002.921814 -27181.810547
v 1764.672607 1002.042542 -27187.035156
v 1769.129639 1002.130737 -27183.324219
v 1764.527832 1001.427002 -27186.863281
v 1768.984863 1001.515137 -27183.152344
v 1765.180420 1000.280029 -27187.679688
v 1769.638672 1000.367310 -27183.968750
v 1766.118652 999.474304 -27188.839844
v 1770.578125 999.560608 -27185.128906
v 1765.789062 998.729797 -27188.443359
v 1770.247803 998.816406 -27184.732422
v 1766.043457 997.077454 -27188.775391
v 1770.502930 997.163452 -27185.064453
v 1767.042969 996.845154 -27190.005859
v 1771.503906 996.930054 -27186.294922
v 1766.969482 995.904236 -27189.925781
v 1771.430420 995.989197 -27186.214844
v 1769.123779 994.096497 -27192.593750
v 1773.587402 994.179138 -27188.882812
v 1769.608154 992.901611 -27193.203125
v 1774.072754 992.983521 -27189.490234
v 1768.608887 993.120605 -27191.972656
v 1773.072021 993.203613 -27188.261719
v 1769.758789 990.905212 -27193.410156
v 1774.223389 990.986694 -27189.697266
v 1769.328613 990.508728 -27192.884766
v 1773.792725 990.590637 -27189.173828
v 1770.165771 988.173035 -27193.939453
v 1774.631104 988.253845 -27190.228516
v 1769.541748 988.053040 -27193.175781
v 1774.006104 988.134399 -27189.462891
v 1769.668945 987.091919 -27193.341797
v 1774.132812 987.173096 -27189.628906
v 1771.021240 986.685913 -27195.007812
v 1775.487305 986.765747 -27191.294922
v 1767.419189 985.745239 -27190.593750
v 1771.880615 985.828430 -27186.882812
v 1767.272461 986.457153 -27190.404297
v 1771.733643 986.540710 -27186.695312
v 1764.669434 991.440002 -27187.150391
v 1769.126953 991.526611 -27183.441406
v 1764.272217 990.270752 -27186.675781
v 1768.729004 990.357849 -27182.966797
v 1765.185791 985.981201 -27187.845703
v 1769.644043 986.066650 -27184.136719
v 1763.325195 985.400696 -27185.566406
v 1767.780273 985.488037 -27181.859375
v 1761.443359 993.662598 -27183.160156
v 1765.895508 993.752930 -27179.451172
v 1762.024414 997.718201 -27183.828125
v 1766.477783 997.808350 -27180.119141
v 1760.593750 1000.754150 -27182.035156
v 1765.044434 1000.846130 -27178.326172
v 1760.268066 998.970642 -27181.654297
v 1764.718262 999.062927 -27177.947266
v 1759.576660 1000.211853 -27180.789062
v 1764.025391 1000.305054 -27177.082031
v 1759.229980 1002.212646 -27180.341797
v 1763.678223 1002.306335 -27176.634766
v 1758.506348 1002.315308 -27179.449219
v 1762.953125 1002.409912 -27175.744141
v 1718.967285 993.716797 -27128.699219
v 1719.249268 992.999634 -27129.052734
v 1721.517090 993.071655 -27127.148438
v 1721.234619 993.788940 -27126.794922
v 1719.266602 991.184326 -27129.093750
v 1721.534424 991.256042 -27127.191406
v 1719.790527 989.684204 -27129.751953
v 1722.059082 989.755432 -27127.849609
v 1720.001709 986.644348 -27130.044922
v 1722.270264 986.715149 -27128.142578
v 1720.339355 986.762695 -27130.458984
v 1722.609131 986.833435 -27128.554688
v 1721.211182 989.807617 -27131.492188
v 1723.482178 989.878052 -27129.587891
v 1721.631348 991.002747 -27131.994141
v 1723.903076 991.072937 -27130.089844
v 1722.987793 990.277222 -27133.666016
v 1725.261475 990.346741 -27131.759766
v 1723.461914 985.606934 -27134.298828
v 1725.736328 985.675598 -27132.392578
v 1723.145020 984.900208 -27133.917969
v 1725.418701 984.969055 -27132.011719
v 1723.848633 980.074341 -27134.833984
v 1726.123047 980.142151 -27132.925781
v 1723.504883 979.314453 -27134.421875
v 1725.779053 979.382324 -27132.513672
v 1715.830078 978.567139 -27125.029297
v 1718.091553 978.639343 -27123.130859
v 1715.362305 980.498352 -27124.433594
v 1717.623047 980.571045 -27122.535156
v 1715.579102 983.767151 -27124.660156
v 1717.840820 983.840149 -27122.761719
v 1714.799561 983.113708 -27123.712891
v 1717.059326 983.187134 -27121.816406
v 1714.572754 984.529053 -27123.419922
v 1716.832031 984.602722 -27121.521484
v 1713.916748 984.540710 -27122.615234
v 1716.175293 984.614746 -27120.718750
v 1713.974609 985.377808 -27122.675781
v 1716.232910 985.452026 -27120.779297
v 1715.022217 986.567444 -27123.945312
v 1717.282959 986.641052 -27122.046875
v 1714.799561 987.134827 -27123.666016
v 1717.059326 987.208801 -27121.767578
v 1714.930420 987.698547 -27123.820312
v 1717.190918 987.772400 -27121.921875
v 1715.270508 987.883423 -27124.234375
v 1717.531494 987.957336 -27122.335938
v 1715.491699 988.541016 -27124.498047
v 1717.752930 988.614746 -27122.599609
v 1715.827393 988.082214 -27124.914062
v 1718.089111 988.155518 -27123.015625
v 1716.385498 987.689514 -27125.601562
v 1718.648193 987.762512 -27123.703125
v 1716.689453 986.730835 -27125.986328
v 1718.952637 986.803650 -27124.085938
v 1717.273438 986.730347 -27126.701172
v 1719.537354 986.802795 -27124.800781
v 1717.697021 988.182800 -27127.203125
v 1719.962402 988.255005 -27125.302734
v 1717.568848 988.935547 -27127.039062
v 1719.833740 989.008118 -27125.136719
v 1717.948486 990.736511 -27127.482422
v 1720.214111 990.809021 -27125.582031
v 1717.586182 990.962219 -27127.037109
v 1719.851318 991.035034 -27125.134766
v 1717.532715 991.524536 -27126.964844
v 1719.797852 991.597229 -27125.064453
v 1717.262207 992.106201 -27126.626953
v 1719.526611 992.179321 -27124.724609
v 1717.318848 992.957947 -27126.685547
v 1719.583252 993.031128 -27124.785156
v 1717.731934 994.007019 -27127.179688
v 1719.997070 994.080139 -27125.279297
v 1717.570801 994.401245 -27126.978516
v 1719.835693 994.474548 -27125.078125
v 1717.847168 994.822021 -27127.312500
v 1720.112305 994.895142 -27125.410156
v 1718.624023 994.793701 -27128.265625
v 1720.890625 994.866333 -27126.363281
v 1719.183350 994.370544 -27128.955078
v 1721.450928 994.442749 -27127.052734
v 1812.854248 1020.269836 -27241.820312
v 1813.663574 1020.644348 -27242.804688
v 1818.597900 1020.687622 -27238.720703
v 1817.788330 1020.313843 -27237.736328
v 1814.134033 1021.603027 -27243.367188
v 1819.068115 1021.645996 -27239.281250
v 1815.997803 1021.906616 -27245.638672
v 1820.931885 1021.947754 -27241.554688
v 1816.682617 1022.355835 -27246.468750
v 1821.617188 1022.396240 -27242.384766
v 1819.375488 1019.054138 -27249.806641
v 1824.309814 1019.091736 -27245.722656
v 1820.903076 1013.777100 -27251.748047
v 1825.838379 1013.812744 -27247.664062
v 1824.392578 1008.734741 -27256.078125
v 1829.328125 1008.766602 -27251.996094
v 1825.614746 1009.733643 -27257.552734
v 1830.549316 1009.764526 -27253.472656
v 1826.023438 1008.375000 -27258.072266
v 1830.958008 1008.405396 -27253.990234
v 1825.557373 1004.941895 -27257.554688
v 1830.492676 1004.972534 -27253.472656
v 1825.818848 1003.605347 -27257.892578
v 1830.754395 1003.635498 -27253.812500
v 1825.313965 1001.787598 -27257.302734
v 1830.249023 1001.818542 -27253.222656
v 1821.516357 1000.365601 -27252.691406
v 1826.452148 1000.400024 -27248.609375
v 1820.619873 1001.901245 -27251.574219
v 1825.555420 1001.936523 -27247.492188
v 1820.417725 1004.784607 -27251.287109
v 1825.353516 1004.820251 -27247.203125
v 1819.307129 1005.950806 -27249.914062
v 1824.242920 1005.987610 -27245.830078
v 1820.112793 1001.636230 -27250.960938
v 1825.049072 1001.671936 -27246.878906
v 1820.806152 999.990540 -27251.830078
v 1825.741943 1000.025513 -27247.748047
v 1818.508789 999.262146 -27249.035156
v 1823.444824 999.299194 -27244.953125
v 1818.080566 1001.443054 -27248.480469
v 1823.016113 1001.480713 -27244.398438
v 1816.038574 1008.645508 -27245.880859
v 1820.973877 1008.685852 -27241.796875
v 1816.863037 1011.939941 -27246.839844
v 1821.798340 1011.979614 -27242.757812
v 1816.983887 1014.728943 -27246.947266
v 1821.918457 1014.768738 -27242.863281
v 1815.808350 1016.500305 -27245.486328
v 1820.743164 1016.541199 -27241.402344
v 1815.048584 1015.605103 -27244.570312
v 1819.983154 1015.646851 -27240.486328
v 1814.237549 1017.178040 -27243.556641
v 1819.172363 1017.220398 -27239.472656
v 1813.146729 1018.502319 -27242.203125
v 1818.081299 1018.546021 -27238.119141
v 1794.810303 1017.077515 -27221.666016
v 1796.588379 1016.874451 -27223.886719
v 1801.899902 1016.947510 -27219.560547
v 1800.120361 1017.152649 -27217.339844
v 1796.958496 1017.850098 -27224.337891
v 1802.270020 1017.922913 -27220.011719
v 1797.452148 1016.990295 -27224.962891
v 1802.764160 1017.062500 -27220.636719
v 1798.116699 1017.213013 -27225.789062
v 1803.429199 1017.284546 -27221.462891
v 1798.383301 1015.985718 -27226.134766
v 1803.696289 1016.056702 -27221.808594
v 1797.904785 1015.655701 -27225.541016
v 1803.217041 1015.727234 -27221.216797
v 1799.264893 1013.295654 -27227.263672
v 1804.578613 1013.365540 -27222.937500
v 1801.022705 1008.533936 -27229.505859
v 1806.337402 1008.601501 -27225.181641
v 1803.055420 1006.505554 -27232.060547
v 1808.371094 1006.570801 -27227.736328
v 1805.554443 1001.987000 -27235.222656
v 1810.871338 1002.049194 -27230.898438
v 1806.164307 1003.632141 -27235.962891
v 1811.480713 1003.693909 -27231.638672
v 1807.063721 1002.127136 -27237.099609
v 1812.380859 1002.187744 -27232.775391
v 1807.885254 998.353638 -27238.164062
v 1813.202881 998.413147 -27233.839844
v 1800.610840 995.782837 -27229.130859
v 1805.926025 995.849731 -27224.808594
v 1800.704590 996.976807 -27229.234375
v 1806.019531 997.043701 -27224.912109
v 1799.559082 999.140442 -27227.783203
v 1804.873535 999.208740 -27223.458984
v 1800.211914 995.558228 -27228.636719
v 1805.526855 995.625549 -27224.312500
v 1798.966797 995.176941 -27227.087891
v 1804.280762 995.245544 -27222.763672
v 1797.764404 999.383911 -27225.542969
v 1803.077393 999.454346 -27221.218750
v 1796.653076 1002.147644 -27224.126953
v 1801.965332 1002.219421 -27219.802734
v 1796.493408 1004.860596 -27223.898438
v 1801.805664 1004.932739 -27219.574219
v 1796.999756 1007.364136 -27224.501953
v 1802.312012 1007.436035 -27220.177734
v 1796.430664 1009.629700 -27223.767578
v 1801.742676 1009.702515 -27219.443359
v 1794.898193 1011.215942 -27221.837891
v 1800.208740 1011.290405 -27217.513672
v 1793.641113 1011.938049 -27220.261719
v 1798.951172 1012.013916 -27215.937500
v 1792.904297 1013.374329 -27219.326172
v 1798.213379 1013.451111 -27215.001953
v 1792.914307 1015.090210 -27219.320312
v 1798.223389 1015.167236 -27214.996094
v 1794.184082 1015.606812 -27220.900391
v 1799.493896 1015.682495 -27216.574219
v 1746.046387 1004.259155 -27163.021484
v 1747.121338 1002.488037 -27164.400391
v 1750.293701 1002.571655 -27161.843750
v 1749.217041 1004.343506 -27160.464844
v 1748.036621 1001.680542 -27165.568359
v 1751.209961 1001.763550 -27163.011719
v 1748.558350 999.005798 -27166.248047
v 1751.732910 999.088013 -27163.691406
v 1749.616455 995.066895 -27167.619141
v 1752.792480 995.148010 -27165.062500
v 1752.378662 992.009949 -27171.152344
v 1755.558594 992.088928 -27168.593750
v 1753.405762 993.879944 -27172.447266
v 1756.587402 993.958313 -27169.888672
v 1753.677002 993.572510 -27172.794922
v 1756.858887 993.650818 -27170.234375
v 1754.097168 990.650818 -27173.345703
v 1757.279297 990.728516 -27170.787109
v 1753.773926 986.123596 -27172.960938
v 1756.955566 986.201050 -27170.402344
v 1753.880615 984.409302 -27173.107422
v 1757.062744 984.486450 -27170.548828
v 1749.292725 983.389343 -27167.279297
v 1752.467773 983.469299 -27164.722656
v 1750.114990 985.380615 -27168.312500
v 1753.291748 985.460327 -27165.755859
v 1750.564453 985.754028 -27168.882812
v 1753.741699 985.833313 -27166.324219
v 1749.661621 988.826050 -27167.714844
v 1752.837402 988.906311 -27165.158203
v 1748.033691 989.142944 -27165.642578
v 1751.207520 989.224304 -27163.085938
v 1747.963867 988.968750 -27165.554688
v 1751.137207 989.050354 -27162.998047
v 1747.924805 988.474609 -27165.507812
v 1751.098389 988.556030 -27162.953125
v 1747.909912 987.779114 -27165.492188
v 1751.083252 987.860413 -27162.937500
v 1747.911621 987.001221 -27165.500000
v 1751.084717 987.082520 -27162.945312
v 1747.922852 986.259705 -27165.519531
v 1751.095947 986.341003 -27162.964844
v 1747.936279 985.673706 -27165.539062
v 1751.109619 985.754700 -27162.984375
v 1747.944824 985.361511 -27165.552734
v 1751.118164 985.442749 -27162.998047
v 1747.945312 985.184753 -27165.554688
v 1751.118164 985.265808 -27163.000000
v 1747.938721 984.933350 -27165.546875
v 1751.111816 985.014404 -27162.992188
v 1747.926758 984.619812 -27165.535156
v 1751.100098 984.700806 -27162.980469
v 1747.910645 984.256531 -27165.515625
v 1751.084229 984.337402 -27162.960938
v 1747.891113 983.855896 -27165.494141
v 1751.064697 983.936951 -27162.939453
v 1747.869873 983.430542 -27165.468750
v 1751.042969 983.511414 -27162.914062
v 1747.846924 982.992737 -27165.443359
v 1751.020264 983.073608 -27162.888672
v 1745.819824 982.565918 -27162.869141
v 1748.989746 982.648010 -27160.316406
v 1746.686523 986.089539 -27163.949219
v 1749.858154 986.171509 -27161.394531
v 1746.497803 988.640930 -27163.691406
v 1749.668945 988.723328 -27161.138672
v 1745.552002 991.853149 -27162.468750
v 1748.721680 991.936646 -27159.914062
v 1746.437744 995.004517 -27163.576172
v 1749.608887 995.087708 -27161.021484
v 1745.804199 997.173950 -27162.755859
v 1748.974365 997.257751 -27160.201172
v 1745.047119 995.652344 -27161.802734
v 1748.216309 995.736511 -27159.250000
v 1744.093018 998.544250 -27160.570312
v 1747.260498 998.629517 -27158.017578
v 1743.655518 998.771545 -27160.013672
v 1746.822266 998.857117 -27157.460938
v 1743.501953 1000.008301 -27159.810547
v 1746.668213 1000.094116 -27157.257812
v 1743.575684 1001.139648 -27159.896484
v 1746.742432 1001.225403 -27157.343750
v 1743.914307 1001.370728 -27160.326172
v 1747.081787 1001.456421 -27157.773438
v 1744.316406 1000.979004 -27160.839844
v 1747.484863 1001.064331 -27158.287109
v 1744.464355 1001.919312 -27161.021484
v 1747.632324 1002.004639 -27158.468750
v 1745.023682 1002.201416 -27161.732422
v 1748.192627 1002.286255 -27159.177734
v 1745.460449 1004.971008 -27162.271484
v 1748.630127 1005.056152 -27159.716797
v 1734.315430 996.693237 -27148.222656
v 1733.565674 993.894409 -27147.308594
v 1736.329346 993.974731 -27145.035156
v 1737.080322 996.773438 -27145.949219
v 1734.137207 992.757324 -27148.031250
v 1736.901855 992.837097 -27145.757812
v 1734.375000 991.851135 -27148.333984
v 1737.139893 991.930603 -27146.062500
v 1734.935303 991.554199 -27149.037109
v 1737.701172 991.633301 -27146.763672
v 1734.760010 990.227295 -27148.828125
v 1737.525146 990.306519 -27146.554688
v 1735.333252 989.106934 -27149.552734
v 1738.099609 989.185547 -27147.279297
v 1735.885742 987.281555 -27150.257812
v 1738.653076 987.359619 -27147.982422
v 1735.629883 986.282715 -27149.945312
v 1738.396973 986.360718 -27147.671875
v 1736.091553 984.286926 -27150.537109
v 1738.858887 984.364502 -27148.263672
v 1738.524414 981.319153 -27153.599609
v 1741.295654 981.394836 -27151.322266
v 1735.084473 980.788330 -27149.308594
v 1737.850098 980.866150 -27147.035156
v 1733.587158 986.410706 -27147.394531
v 1736.350586 986.490112 -27145.123047
v 1732.791016 986.375610 -27146.400391
v 1735.552734 986.455505 -27144.128906
v 1732.760986 983.257324 -27146.388672
v 1735.523438 983.336731 -27144.119141
v 1732.401367 981.251526 -27145.957031
v 1735.162598 981.331055 -27143.685547
v 1733.676270 980.667542 -27147.552734
v 1736.439453 980.746155 -27145.281250
v 1728.886230 979.962402 -27141.582031
v 1731.641113 980.043945 -27139.316406
v 1731.192383 981.194702 -27144.449219
v 1733.951172 981.275146 -27142.179688
v 1731.833252 984.343750 -27145.222656
v 1734.593506 984.424011 -27142.951172
v 1731.240234 988.186218 -27144.451172
v 1733.999512 988.267212 -27142.179688
v 1731.953125 992.011047 -27145.308594
v 1734.713867 992.092102 -27143.039062
v 1731.376953 992.773254 -27144.583984
v 1734.136475 992.854797 -27142.314453
v 1731.113281 991.520996 -27144.265625
v 1733.872314 991.602600 -27141.994141
v 1730.334961 992.990112 -27143.281250
v 1733.092773 993.072449 -27141.011719
v 1729.902832 992.276794 -27142.748047
v 1732.659912 992.359253 -27140.478516
v 1729.549561 993.153442 -27142.298828
v 1732.306152 993.236206 -27140.031250
v 1730.050537 994.798401 -27142.912109
v 1732.808350 994.881104 -27140.642578
v 1730.003174 995.295410 -27142.847656
v 1732.760742 995.378113 -27140.580078
v 1730.338379 996.559448 -27143.257812
v 1733.096436 996.642212 -27140.988281
v 1730.995117 996.742554 -27144.074219
v 1733.754150 996.824951 -27141.804688
v 1731.311035 996.491455 -27144.472656
v 1734.070801 996.573425 -27142.201172
v 1731.574707 997.079651 -27144.796875
v 1734.334961 997.161499 -27142.525391
v 1731.974121 996.866516 -27145.296875
v 1734.735107 996.948242 -27143.025391
v 1732.780518 997.597412 -27146.298828
v 1735.542969 997.678650 -27144.027344
v 1732.915039 997.156799 -27146.468750
v 1735.677246 997.238037 -27144.197266
v 1734.129150 997.742737 -27147.982422
v 1736.893799 997.823120 -27145.708984
v 1872.216553 1066.061768 -27320.914062
v 1875.210938 1067.650513 -27324.437500
v 1884.576782 1067.548218 -27316.507812
v 1881.581421 1065.961426 -27312.984375
v 1878.218506 1066.325073 -27328.023438
v 1887.584839 1066.221313 -27320.093750
v 1879.828857 1063.422241 -27329.978516
v 1889.195923 1063.317749 -27322.050781
v 1880.450806 1059.302368 -27330.785156
v 1889.817993 1059.197632 -27322.855469
v 1878.472656 1051.156128 -27328.574219
v 1887.839600 1051.052856 -27320.646484
v 1879.070923 1045.091431 -27329.382812
v 1888.437744 1044.988159 -27321.455078
v 1876.577515 1037.184570 -27326.558594
v 1885.943604 1037.082886 -27318.628906
v 1877.902466 1034.763794 -27328.167969
v 1887.268555 1034.661499 -27320.240234
v 1878.643921 1036.008423 -27329.027344
v 1888.010254 1035.905640 -27321.097656
v 1880.438965 1034.737793 -27331.173828
v 1889.805908 1034.634033 -27323.246094
v 1882.451294 1030.678101 -27333.626953
v 1891.818726 1030.573364 -27325.697266
v 1884.390137 1023.855713 -27336.035156
v 1893.758057 1023.750305 -27328.107422
v 1887.638794 1014.350647 -27340.042969
v 1897.008057 1014.243896 -27332.115234
v 1861.924927 1002.588501 -27309.763672
v 1871.286255 1002.498047 -27301.833984
v 1857.893555 1015.531250 -27304.771484
v 1867.253052 1015.443909 -27296.841797
v 1853.584961 1019.433044 -27299.601562
v 1862.942993 1019.349731 -27291.671875
v 1848.369141 1019.524719 -27293.421875
v 1857.725098 1019.446838 -27285.490234
v 1848.112793 1018.308899 -27293.138672
v 1857.468506 1018.231445 -27285.207031
v 1846.632812 1018.283752 -27291.386719
v 1855.988037 1018.207703 -27283.455078
v 1845.947998 1019.637512 -27290.552734
v 1855.303223 1019.562195 -27282.621094
v 1841.528809 1022.778442 -27285.269531
v 1850.881836 1022.708496 -27277.335938
v 1841.387695 1026.648804 -27285.037109
v 1850.740479 1026.578857 -27277.103516
v 1840.860107 1029.253418 -27284.369141
v 1850.212646 1029.183960 -27276.435547
v 1841.339844 1031.210327 -27284.904297
v 1850.692627 1031.140381 -27276.970703
v 1843.251709 1031.238647 -27287.167969
v 1852.605469 1031.166138 -27279.234375
v 1845.081543 1030.877075 -27289.339844
v 1854.436279 1030.802490 -27281.408203
v 1846.705078 1031.425293 -27291.253906
v 1856.060303 1031.348755 -27283.322266
v 1846.877686 1035.161255 -27291.396484
v 1856.233154 1035.084351 -27283.464844
v 1849.575684 1038.616211 -27286.542969
v 1851.258545 1038.602661 -27285.117188
v 1849.900146 1045.730103 -27286.810547
v 1851.583252 1045.716309 -27285.382812
v 1850.706055 1048.843872 -27287.712891
v 1852.389160 1048.829834 -27286.285156
v 1851.906006 1051.463989 -27289.091797
v 1853.589600 1051.449829 -27287.664062
v 1850.579346 1045.647949 -27287.615234
v 1852.262695 1045.633911 -27286.189453
v 1851.023682 1040.534668 -27288.226562
v 1852.706787 1040.520752 -27286.800781
v 1854.548340 1042.461792 -27292.369141
v 1856.232178 1042.447144 -27290.943359
v 1855.847412 1046.422974 -27293.841797
v 1857.531250 1046.407959 -27292.416016
v 1855.356445 1051.135254 -27293.183594
v 1857.040039 1051.120361 -27291.755859
v 1852.878418 1055.041870 -27290.183594
v 1854.561523 1055.027466 -27288.755859
v 1847.709473 1054.279419 -27284.074219
v 1849.392578 1054.265991 -27282.646484
v 1848.805664 1055.835205 -27285.345703
v 1850.488525 1055.821655 -27283.919922
v 1852.362061 1056.522339 -27289.546875
v 1854.045410 1056.507935 -27288.121094
v 1855.019531 1054.607300 -27292.726562
v 1856.703125 1054.592407 -27291.300781
v 1857.045410 1050.634399 -27295.191406
v 1858.729004 1050.619263 -27293.765625
v 1857.191650 1046.513794 -27295.433594
v 1858.875488 1046.498535 -27294.007812
v 1855.292725 1040.539795 -27293.283203
v 1856.976074 1040.525024 -27291.855469
v 1851.293945 1037.978760 -27296.582031
v 1860.651245 1037.897095 -27288.650391
v 1852.912842 1038.172119 -27298.496094
v 1862.270996 1038.088745 -27290.564453
v 1856.428955 1040.406128 -27302.625000
v 1865.788086 1040.319214 -27294.695312
v 1858.484131 1046.473145 -27304.960938
v 1867.844360 1046.384155 -27297.029297
v 1860.632324 1048.713501 -27307.468750
v 1869.993164 1048.622559 -27299.539062
v 1863.845703 1050.602661 -27311.246094
v 1873.207397 1050.509155 -27303.316406
v 1866.100708 1056.875488 -27313.816406
v 1875.463257 1056.779907 -27305.886719
v 1872.358521 1061.234985 -27321.162109
v 1881.723389 1061.134888 -27313.232422
vn -0.6202 0.2525 0.7427
vn -0.6202 0.2527 0.7426
vn -0.6203 0.2523 0.7427
vn 0.3288 0.8502 -0.4111
vn 0.3287 0.8505 -0.4107
vn 0.3290 0.8502 -0.4111
vn 0.3287 0.8503 -0.4111
vn 0.6069 0.2992 -0.7363
vn 0.6068 0.2994 -0.7363
vn 0.6068 0.2993 -0.7363
vn 0.6069 0.2992 -0.7364
vn 0.3768 0.7996 -0.4677
vn 0.3767 0.7996 -0.4676
vn 0.3769 0.7995 -0.4677
vn 0.3769 0.7994 -0.4678
vn 0.6243 -0.2235 -0.7485
vn 0.6242 -0.2238 -0.7485
vn 0.6242 -0.2239 -0.7485
vn 0.6244 -0.2235 -0.7484
vn 0.2079 0.9412 -0.2662
vn 0.2077 0.9414 -0.2658
vn 0.2078 0.9413 -0.2659
vn 0.2080 0.9412 -0.2662
vn 0.5660 -0.4741 -0.6744
vn 0.5659 -0.4741 -0.6745
vn 0.5658 -0.4742 -0.6745
vn 0.5659 -0.4743 -0.6744
vn 0.3242 0.8549 -0.4050
vn 0.3242 0.8550 -0.4047
vn 0.3242 0.8550 -0.4048
vn 0.3243 0.8549 -0.4051
vn 0.5800 -0.4290 -0.6925
vn 0.5802 -0.4289 -0.6924
vn 0.5801 -0.4289 -0.6924
vn 0.5799 -0.4291 -0.6925
vn 0.5914 0.3646 -0.7192
vn 0.5917 0.3643 -0.7191
vn 0.5914 0.3645 -0.7193
vn 0.5916 0.3643 -0.7192
vn 0.2240 0.9320 -0.2848
vn 0.2241 0.9321 -0.2844
vn 0.2241 0.9321 -0.2845
vn 0.2240 0.9320 -0.2849
vn 0.4889 -0.6521 -0.5794
vn 0.4893 -0.6515 -0.5798
vn 0.4888 -0.6522 -0.5794
vn 0.3340 0.8456 -0.4164
vn 0.3340 0.8459 -0.4158
vn 0.3341 0.8458 -0.4159
vn 0.3342 0.8456 -0.4162
vn 0.5730 -0.4512 -0.6842
vn 0.5728 -0.4515 -0.6842
vn 0.5728 -0.4514 -0.6842
vn 0.5730 -0.4511 -0.6842
vn 0.5302 0.5472 -0.6477
vn 0.5300 0.5471 -0.6478
vn 0.5300 0.5472 -0.6478
vn 0.5302 0.5471 -0.6477
vn -0.1958 0.9552 0.2220
vn -0.1962 0.9550 0.2224
vn -0.1960 0.9551 0.2223
vn -0.1957 0.9552 0.2218
vn 0.6309 0.1382 -0.7634
vn 0.6309 0.1382 -0.7635
vn 0.6309 0.1380 -0.7635
vn 0.6306 0.1381 -0.7637
vn 0.4088 -0.7749 -0.4821
vn 0.4089 -0.7747 -0.4823
vn 0.4091 -0.7746 -0.4823
vn 0.4087 -0.7750 -0.4821
vn 0.5398 0.5235 -0.6593
vn 0.5398 0.5235 -0.6592
vn 0.5396 0.5237 -0.6593
vn 0.5398 0.5234 -0.6593
vn 0.5753 -0.4427 -0.6878
vn 0.5753 -0.4426 -0.6879
vn 0.5753 -0.4425 -0.6879
vn 0.1435 -0.9769 -0.1583
vn 0.1439 -0.9769 -0.1583
vn 0.1434 -0.9769 -0.1583
vn 0.1430 -0.9770 -0.1583
vn -0.5556 -0.4816 0.6778
vn -0.5555 -0.4817 0.6778
vn -0.3064 -0.8712 0.3835
vn -0.3062 -0.8714 0.3833
vn -0.3062 -0.8714 0.3834
vn 0.5780 0.4130 -0.7038
vn 0.5781 0.4130 -0.7037
vn 0.5777 0.4132 -0.7039
vn 0.1674 -0.9681 -0.1864
vn 0.1680 -0.9680 -0.1866
vn 0.1677 -0.9680 -0.1865
vn 0.1672 -0.9682 -0.1863
vn -0.5898 -0.3718 0.7169
vn -0.5898 -0.3718 0.7168
vn -0.5896 -0.3719 0.7170
vn -0.6387 0.0302 0.7689
vn -0.5597 0.4928 0.6663
vn -0.5596 0.4926 0.6665
vn -0.5596 0.4927 0.6664
vn -0.5597 0.4929 0.6662
vn -0.5563 -0.4799 0.6785
vn -0.5561 -0.4800 0.6785
vn -0.5561 -0.4801 0.6784
vn -0.2367 -0.9237 0.3011
vn -0.2365 -0.9238 0.3010
vn -0.2369 -0.9237 0.3011
vn -0.2367 -0.9238 0.3011
vn 0.5363 -0.5549 -0.6360
vn 0.5361 -0.5551 -0.6360
vn 0.5360 -0.5551 -0.6360
vn 0.5364 -0.5548 -0.6360
vn -0.4632 -0.6788 0.5698
vn -0.4631 -0.6788 0.5699
vn -0.6267 0.2070 0.7513
vn -0.6272 0.2069 0.7508
vn -0.6269 0.2069 0.7511
vn -0.6269 0.2067 0.7512
vn -0.1964 0.9558 0.2190
vn -0.1966 0.9556 0.2195
vn -0.1965 0.9556 0.2194
vn -0.1963 0.9558 0.2189
vn -0.5949 0.3775 0.7097
vn -0.5949 0.3776 0.7095
vn -0.5949 0.3776 0.7096
vn -0.1784 0.9639 0.1975
vn -0.1786 0.9638 0.1981
vn -0.1786 0.9638 0.1980
vn -0.1784 0.9639 0.1974
vn -0.5760 0.4452 0.6856
vn -0.5760 0.4454 0.6855
vn -0.5760 0.4453 0.6855
vn 0.3263 0.8526 -0.4081
vn 0.3263 0.8525 -0.4083
vn 0.3263 0.8526 -0.4083
vn 0.3264 0.8526 -0.4082
vn -0.7756 0.0088 -0.6312
vn -0.7754 0.0090 -0.6314
vn -0.7753 0.0090 -0.6316
vn -0.7756 0.0089 -0.6311
vn -0.7757 0.0090 -0.6311
vn -0.7757 0.0092 -0.6310
vn -0.7759 0.0090 -0.6308
vn -0.7754 0.0091 -0.6314
vn -0.7753 0.0092 -0.6315
vn -0.7753 0.0091 -0.6315
vn -0.7755 0.0092 -0.6313
vn -0.7755 0.0091 -0.6313
vn -0.7755 0.0087 -0.6313
vn -0.7755 0.0092 -0.6312
vn -0.7756 0.0092 -0.6311
vn -0.7757 0.0090 -0.6310
vn -0.7757 0.0089 -0.6311
vn -0.7751 0.0092 -0.6318
vn -0.7754 0.0092 -0.6314
vn -0.7754 0.0092 -0.6315
vn -0.7755 0.0090 -0.6313
vn -0.7756 0.0091 -0.6312
vn -0.7758 0.0090 -0.6309
vn 0.7749 -0.0091 0.6320
vn 0.7751 -0.0091 0.6318
vn 0.7750 -0.0091 0.6318
vn 0.7752 -0.0091 0.6316
vn 0.7753 -0.0093 0.6316
vn 0.7756 -0.0090 0.6312
vn 0.7749 -0.0092 0.6320
vn 0.7751 -0.0089 0.6318
vn 0.7749 -0.0090 0.6320
vn 0.7752 -0.0091 0.6317
vn 0.7752 -0.0090 0.6316
vn 0.7750 -0.0092 0.6319
vn 0.7752 -0.0092 0.6317
vn 0.7752 -0.0093 0.6316
vn 0.7753 -0.0092 0.6315
vn 0.7752 -0.0089 0.6316
vn 0.7751 -0.0091 0.6317
vn 0.7748 -0.0092 0.6321
vn 0.7750 -0.0091 0.6319
vn 0.7751 -0.0092 0.6318
vn 0.7751 -0.0093 0.6318
vn 0.7748 -0.0093 0.6321
vn 0.7750 -0.0094 0.6319
vn 0.7751 -0.0090 0.6318
vn 0.7753 -0.0091 0.6315
vn 0.7754 -0.0091 0.6315
vn 0.7753 -0.0092 0.6316
vn -0.1701 0.9689 0.1794
vn -0.1707 0.9687 0.1803
vn -0.1707 0.9687 0.1802
vn -0.1701 0.9690 0.1793
vn -0.5854 0.4228 0.6918
vn -0.5854 0.4229 0.6917
vn -0.5853 0.4229 0.6918
vn -0.0285 0.9996 0.0090
vn -0.0288 0.9995 0.0094
vn -0.0287 0.9995 0.0093
vn -0.0285 0.9996 0.0089
vn -0.5264 -0.5532 0.6456
vn -0.5264 -0.5534 0.6455
vn -0.5263 -0.5534 0.6455
vn -0.1602 0.9727 0.1678
vn -0.1607 0.9726 0.1682
vn -0.1606 0.9726 0.1681
vn -0.1601 0.9728 0.1677
vn -0.5994 0.3695 0.7101
vn -0.5993 0.3695 0.7101
vn -0.5994 0.3694 0.7101
vn 0.4209 0.7408 -0.5235
vn 0.4209 0.7409 -0.5234
vn 0.4210 0.7407 -0.5236
vn 0.4211 0.7406 -0.5237
vn -0.5113 0.6170 0.5982
vn -0.5112 0.6169 0.5984
vn -0.5112 0.6167 0.5986
vn -0.5113 0.6171 0.5982
vn 0.5944 0.3537 -0.7222
vn 0.5943 0.3536 -0.7223
vn 0.5943 0.3537 -0.7223
vn 0.5946 0.3537 -0.7221
vn 0.5241 0.5584 -0.6431
vn 0.5241 0.5586 -0.6429
vn 0.5242 0.5585 -0.6429
vn 0.5242 0.5583 -0.6430
vn 0.6345 -0.1470 -0.7588
vn 0.6347 -0.1475 -0.7586
vn 0.6347 -0.1474 -0.7586
vn 0.6347 -0.1472 -0.7586
vn 0.2296 0.9265 -0.2980
vn 0.2295 0.9267 -0.2977
vn 0.2292 0.9268 -0.2976
vn 0.2298 0.9265 -0.2981
vn 0.6052 -0.3421 -0.7188
vn 0.4652 0.6732 -0.5748
vn 0.4652 0.6733 -0.5747
vn 0.4651 0.6734 -0.5747
vn 0.2938 0.8798 -0.3738
vn 0.2936 0.8801 -0.3731
vn 0.2936 0.8800 -0.3733
vn 0.2937 0.8798 -0.3738
vn 0.5323 -0.5697 -0.6262
vn 0.5323 -0.5692 -0.6266
vn 0.5323 -0.5695 -0.6263
vn 0.5323 -0.5698 -0.6261
vn 0.6175 0.2453 -0.7473
vn 0.6173 0.2450 -0.7476
vn 0.6173 0.2453 -0.7475
vn 0.6174 0.2453 -0.7475
vn 0.0817 0.9893 -0.1210
vn 0.0816 0.9893 -0.1207
vn 0.0817 0.9893 -0.1211
vn 0.6367 -0.1146 -0.7625
vn 0.6368 -0.1146 -0.7625
vn 0.2884 0.8845 -0.3668
vn 0.2882 0.8846 -0.3666
vn 0.2883 0.8845 -0.3667
vn 0.2884 0.8844 -0.3669
vn 0.5299 0.5456 -0.6492
vn 0.5298 0.5456 -0.6493
vn 0.5299 0.5452 -0.6496
vn -0.0770 -0.9904 0.1145
vn -0.0765 -0.9905 0.1141
vn -0.0766 -0.9905 0.1142
vn -0.0772 -0.9904 0.1146
vn 0.4848 0.6388 -0.5973
vn 0.4845 0.6392 -0.5972
vn 0.4847 0.6391 -0.5972
vn 0.4848 0.6390 -0.5973
vn 0.3320 -0.8633 -0.3801
vn 0.3320 -0.8633 -0.3800
vn 0.3321 -0.8631 -0.3804
vn 0.5485 0.4994 -0.6706
vn 0.5484 0.4995 -0.6706
vn 0.0875 -0.9926 -0.0837
vn 0.0880 -0.9926 -0.0840
vn 0.0880 -0.9926 -0.0839
vn 0.0874 -0.9927 -0.0836
vn 0.6225 0.2129 -0.7531
vn 0.6224 0.2129 -0.7532
vn 0.6224 0.2131 -0.7532
vn 0.6224 0.2127 -0.7533
vn 0.1085 0.9824 -0.1518
vn 0.1086 0.9825 -0.1515
vn 0.1086 0.9825 -0.1516
vn 0.1085 0.9824 -0.1519
vn 0.1147 -0.9866 -0.1162
vn 0.1152 -0.9865 -0.1163
vn 0.1142 -0.9866 -0.1162
vn -0.6028 -0.3180 0.7318
vn -0.6027 -0.3181 0.7318
vn -0.4832 -0.6415 0.5958
vn -0.4836 -0.6413 0.5956
vn -0.4831 -0.6416 0.5958
vn -0.4834 -0.6415 0.5957
vn 0.5708 -0.4681 -0.6746
vn 0.5706 -0.4682 -0.6747
vn 0.5708 -0.4678 -0.6748
vn 0.5708 -0.4682 -0.6746
vn 0.6007 0.3271 -0.7295
vn 0.6007 0.3269 -0.7295
vn 0.6006 0.3273 -0.7295
vn 0.6007 0.3272 -0.7295
vn 0.1348 -0.9810 -0.1392
vn 0.1354 -0.9809 -0.1394
vn 0.1351 -0.9810 -0.1393
vn 0.1345 -0.9811 -0.1391
vn -0.5962 -0.3467 0.7241
vn -0.5961 -0.3468 0.7242
vn -0.5958 -0.3469 0.7244
vn -0.5960 -0.3468 0.7242
vn -0.6276 0.2134 0.7487
vn -0.6276 0.2133 0.7488
vn -0.6280 0.2133 0.7484
vn -0.5034 -0.6028 0.6190
vn -0.5032 -0.6028 0.6192
vn 0.6196 -0.2703 -0.7369
vn 0.6195 -0.2703 -0.7370
vn 0.6196 -0.2704 -0.7369
vn -0.4695 -0.6655 0.5802
vn -0.6126 -0.2725 0.7419
vn -0.6125 -0.2721 0.7422
vn -0.0448 -0.9959 0.0791
vn -0.0444 -0.9959 0.0786
vn -0.0452 -0.9958 0.0792
vn -0.6378 -0.0700 0.7670
vn -0.6379 -0.0698 0.7670
vn -0.6381 -0.0693 0.7668
vn -0.6380 -0.0701 0.7668
vn -0.7755 0.0072 -0.6313
vn -0.7756 0.0071 -0.6312
vn -0.7753 0.0072 -0.6315
vn -0.7759 0.0073 -0.6308
vn -0.7758 0.0070 -0.6309
vn -0.7758 0.0071 -0.6309
vn -0.7758 0.0068 -0.6310
vn -0.7755 0.0071 -0.6313
vn -0.7754 0.0072 -0.6315
vn -0.7758 0.0072 -0.6309
vn -0.7758 0.0071 -0.6310
vn -0.7756 0.0071 -0.6311
vn -0.7757 0.0070 -0.6311
vn -0.7756 0.0070 -0.6312
vn -0.7756 0.0069 -0.6312
vn -0.7757 0.0074 -0.6311
vn -0.7756 0.0072 -0.6312
vn -0.7757 0.0072 -0.6310
vn -0.7757 0.0068 -0.6311
vn -0.7758 0.0070 -0.6310
vn -0.7757 0.0070 -0.6310
vn -0.7759 0.0071 -0.6308
vn -0.7757 0.0069 -0.6311
vn -0.7758 0.0072 -0.6310
vn -0.7759 0.0072 -0.6309
vn 0.7750 -0.0072 0.6319
vn 0.7752 -0.0073 0.6316
vn 0.7752 -0.0071 0.6316
vn 0.7750 -0.0070 0.6319
vn 0.7751 -0.0071 0.6319
vn 0.7751 -0.0071 0.6318
vn 0.7753 -0.0071 0.6316
vn 0.7752 -0.0072 0.6317
vn 0.7751 -0.0070 0.6318
vn 0.7752 -0.0072 0.6316
vn 0.7752 -0.0071 0.6317
vn 0.7748 -0.0072 0.6322
vn 0.7749 -0.0072 0.6320
vn 0.7748 -0.0071 0.6321
vn 0.7751 -0.0072 0.6318
vn 0.7750 -0.0071 0.6320
vn 0.7750 -0.0072 0.6320
vn 0.7749 -0.0073 0.6320
vn 0.7749 -0.0073 0.6321
vn 0.7751 -0.0072 0.6319
vn 0.7751 -0.0073 0.6318
vn 0.7750 -0.0071 0.6319
vn 0.7750 -0.0068 0.6319
vn 0.7750 -0.0073 0.6319
vn 0.7749 -0.0074 0.6321
vn 0.5337 0.5335 -0.6562
vn 0.5338 0.5334 -0.6561
vn 0.5336 0.5336 -0.6562
vn 0.5337 0.5335 -0.6561
vn 0.6422 0.0236 -0.7662
vn 0.6420 0.0236 -0.7663
vn 0.6420 0.0238 -0.7663
vn 0.6422 0.0237 -0.7662
vn 0.5514 0.4894 -0.6756
vn 0.5514 0.4895 -0.6755
vn 0.6361 0.1177 -0.7626
vn 0.6361 0.1177 -0.7625
vn -0.1571 0.9760 0.1509
vn -0.1572 0.9759 0.1512
vn -0.1569 0.9760 0.1508
vn -0.5947 0.4060 0.6939
vn -0.5948 0.4059 0.6938
vn -0.5726 0.4805 0.6643
vn -0.5723 0.4803 0.6647
vn -0.5719 0.4805 0.6648
vn -0.5724 0.4805 0.6645
vn 0.1879 0.9475 -0.2589
vn 0.1878 0.9475 -0.2587
vn 0.1878 0.9475 -0.2589
vn 0.1879 0.9474 -0.2590
vn 0.6304 0.1667 -0.7581
vn 0.6308 0.1667 -0.7579
vn 0.6308 0.1666 -0.7579
vn 0.6304 0.1668 -0.7581
vn 0.5363 -0.5741 -0.6187
vn 0.5364 -0.5737 -0.6190
vn 0.5364 -0.5738 -0.6189
vn 0.5362 -0.5741 -0.6188
vn 0.6207 0.2325 -0.7487
vn 0.6208 0.2325 -0.7487
vn 0.6206 0.2325 -0.7489
vn 0.6208 0.2323 -0.7487
vn 0.5347 -0.5771 -0.6173
vn 0.5348 -0.5771 -0.6173
vn 0.0583 -0.9978 -0.0317
vn 0.0586 -0.9978 -0.0316
vn 0.0572 -0.9978 -0.0323
vn 0.0569 -0.9979 -0.0324
vn -0.5916 -0.3651 0.7189
vn -0.5917 -0.3651 0.7188
vn -0.5917 -0.3650 0.7188
vn -0.5918 -0.3651 0.7187
vn -0.6418 0.0956 0.7609
vn -0.6416 0.0953 0.7611
vn -0.6417 0.0955 0.7610
vn 0.3188 -0.8824 -0.3460
vn 0.3191 -0.8823 -0.3459
vn 0.3192 -0.8823 -0.3459
vn 0.3184 -0.8826 -0.3459
vn -0.6172 -0.2537 0.7448
vn -0.6173 -0.2532 0.7448
vn -0.6171 -0.2538 0.7448
vn 0.0119 -0.9996 0.0246
vn 0.0123 -0.9996 0.0245
vn 0.0122 -0.9996 0.0245
vn 0.0118 -0.9996 0.0246
vn -0.6418 0.0993 0.7604
vn -0.6417 0.0996 0.7605
vn -0.6419 0.0993 0.7603
vn -0.6417 0.0992 0.7605
vn -0.3919 0.8104 0.4355
vn -0.3922 0.8102 0.4356
vn -0.3922 0.8103 0.4355
vn -0.3921 0.8105 0.4352
vn -0.5337 -0.5334 0.6562
vn -0.5338 -0.5332 0.6563
vn -0.5341 -0.5329 0.6564
vn -0.5336 -0.5336 0.6562
vn -0.6117 0.3380 0.7153
vn -0.6118 0.3371 0.7156
vn -0.6118 0.3373 0.7155
vn -0.6117 0.3382 0.7151
vn -0.2281 0.9449 0.2348
vn -0.2277 0.9451 0.2345
vn -0.2281 0.9449 0.2347
vn -0.5787 0.4635 0.6710
vn -0.5787 0.4634 0.6711
vn -0.5787 0.4635 0.6711
vn 0.4040 0.7588 -0.5109
vn 0.4039 0.7590 -0.5107
vn 0.4041 0.7588 -0.5108
vn 0.2433 0.9139 -0.3249
vn 0.2429 0.9141 -0.3247
vn 0.2431 0.9140 -0.3247
vn 0.5639 0.4546 -0.6894
vn 0.5639 0.4549 -0.6892
vn 0.5640 0.4547 -0.6893
vn 0.5640 0.4544 -0.6895
vn -0.0186 0.9997 -0.0162
vn -0.0186 0.9997 -0.0158
vn -0.0186 0.9997 -0.0159
vn -0.0186 0.9997 -0.0163
vn -0.5933 0.4127 0.6911
vn -0.5933 0.4120 0.6915
vn -0.5934 0.4125 0.6912
vn -0.5934 0.4128 0.6910
vn -0.6142 -0.2684 0.7421
vn -0.6144 -0.2680 0.7421
vn -0.6143 -0.2681 0.7421
vn -0.6141 -0.2685 0.7422
vn -0.6174 0.3089 0.7234
vn -0.6172 0.3087 0.7237
vn -0.6173 0.3088 0.7236
vn -0.2173 -0.9306 0.2944
vn -0.2171 -0.9307 0.2943
vn -0.2172 -0.9306 0.2948
vn -0.2174 -0.9306 0.2944
vn -0.6321 -0.1567 0.7589
vn -0.6319 -0.1574 0.7589
vn -0.6321 -0.1570 0.7588
vn -0.6321 -0.1566 0.7589
vn -0.5042 -0.5975 0.6236
vn -0.5043 -0.5973 0.6236
vn -0.5042 -0.5974 0.6237
vn -0.5042 -0.5974 0.6236
vn -0.6418 0.0957 0.7609
vn -0.6418 0.0959 0.7608
vn -0.5577 0.5235 0.6441
vn -0.5578 0.5233 0.6442
vn -0.5579 0.5233 0.6442
vn -0.5275 -0.5479 0.6493
vn -0.5271 -0.5485 0.6491
vn -0.5272 -0.5484 0.6491
vn -0.4616 0.7170 0.5223
vn -0.4616 0.7171 0.5222
vn -0.4615 0.7171 0.5222
vn -0.4616 0.7171 0.5223
vn -0.0042 0.9994 -0.0335
vn -0.0042 0.9994 -0.0331
vn -0.0042 0.9994 -0.0332
vn -0.0042 0.9994 -0.0337
vn 0.2594 0.9026 -0.3435
vn 0.2590 0.9027 -0.3435
vn 0.2592 0.9027 -0.3435
vn 0.5803 -0.4571 -0.6740
vn 0.5802 -0.4572 -0.6740
vn 0.5803 -0.4570 -0.6741
vn -0.7745 0.0072 -0.6325
vn -0.7744 0.0076 -0.6327
vn -0.7744 0.0074 -0.6326
vn -0.7747 0.0072 -0.6323
vn -0.7747 0.0074 -0.6323
vn -0.7745 0.0076 -0.6325
vn -0.7746 0.0075 -0.6324
vn -0.7747 0.0075 -0.6322
vn -0.7749 0.0072 -0.6321
vn -0.7748 0.0073 -0.6322
vn -0.7750 0.0072 -0.6320
vn -0.7745 0.0074 -0.6325
vn -0.7747 0.0075 -0.6323
vn -0.7747 0.0071 -0.6323
vn -0.7749 0.0071 -0.6320
vn -0.7749 0.0070 -0.6321
vn -0.7750 0.0069 -0.6319
vn -0.7747 0.0076 -0.6323
vn -0.7749 0.0069 -0.6321
vn -0.7749 0.0072 -0.6320
vn -0.7746 0.0073 -0.6324
vn -0.7751 0.0086 -0.6318
vn -0.7747 0.0070 -0.6323
vn -0.7748 0.0071 -0.6321
vn -0.7750 0.0069 -0.6320
vn -0.7749 0.0068 -0.6321
vn -0.7748 0.0072 -0.6321
vn -0.7748 0.0072 -0.6322
vn -0.7747 0.0087 -0.6323
vn -0.7747 0.0111 -0.6322
vn -0.7746 0.0072 -0.6324
vn -0.7748 0.0075 -0.6322
vn 0.7737 -0.0077 0.6335
vn 0.7737 -0.0074 0.6335
vn 0.7738 -0.0076 0.6333
vn 0.7738 -0.0074 0.6334
vn 0.7739 -0.0075 0.6332
vn 0.7739 -0.0075 0.6333
vn 0.7739 -0.0076 0.6333
vn 0.7735 -0.0076 0.6337
vn 0.7738 -0.0075 0.6333
vn 0.7741 -0.0072 0.6330
vn 0.7743 -0.0068 0.6328
vn 0.7738 -0.0077 0.6334
vn 0.7739 -0.0077 0.6333
vn 0.7739 -0.0071 0.6333
vn 0.7743 -0.0070 0.6327
vn 0.7742 -0.0069 0.6329
vn 0.7743 -0.0069 0.6328
vn 0.7741 -0.0077 0.6331
vn 0.7740 -0.0069 0.6331
vn 0.7741 -0.0071 0.6330
vn 0.7740 -0.0070 0.6331
vn 0.7740 -0.0070 0.6332
vn 0.7742 -0.0086 0.6328
vn 0.7740 -0.0073 0.6331
vn 0.7740 -0.0071 0.6332
vn 0.7741 -0.0071 0.6331
vn 0.7741 -0.0073 0.6330
vn 0.7742 -0.0071 0.6329
vn 0.7740 -0.0072 0.6331
vn 0.7739 -0.0073 0.6333
vn 0.7738 -0.0071 0.6334
vn 0.7740 -0.0076 0.6331
vn 0.7739 -0.0073 0.6332
vn 0.7739 -0.0093 0.6332
vn 0.7739 -0.0106 0.6332
vn 0.7738 -0.0075 0.6334
vn -0.1846 0.9595 0.2127
vn -0.1848 0.9594 0.2131
vn -0.1848 0.9594 0.2130
vn -0.1846 0.9595 0.2126
vn -0.5102 0.6068 0.6095
vn -0.5098 0.6071 0.6095
vn -0.5099 0.6070 0.6095
vn -0.5103 0.6067 0.6095
vn -0.0704 0.9947 0.0746
vn -0.0702 0.9947 0.0751
vn -0.0705 0.9947 0.0749
vn -0.0704 0.9947 0.0744
vn -0.2500 0.9230 0.2926
vn -0.2500 0.9228 0.2932
vn -0.2502 0.9228 0.2929
vn -0.2498 0.9231 0.2924
vn 0.3851 0.7923 -0.4732
vn 0.3854 0.7923 -0.4730
vn 0.3853 0.7921 -0.4734
vn 0.5756 0.4239 -0.6993
vn 0.5755 0.4239 -0.6994
vn 0.5759 0.4238 -0.6991
vn 0.4250 0.7408 -0.5201
vn 0.4251 0.7409 -0.5200
vn 0.4250 0.7408 -0.5202
vn 0.4249 0.7408 -0.5203
vn -0.2979 0.8868 0.3532
vn -0.2982 0.8866 0.3536
vn -0.2978 0.8868 0.3535
vn -0.2978 0.8869 0.3532
vn 0.5717 0.4369 -0.6945
vn 0.5717 0.4371 -0.6943
vn 0.5717 0.4372 -0.6943
vn 0.5718 0.4364 -0.6947
vn 0.6254 -0.1986 -0.7546
vn 0.6253 -0.1987 -0.7547
vn 0.6252 -0.1987 -0.7548
vn 0.6255 -0.1985 -0.7545
vn 0.6057 0.3050 -0.7349
vn 0.6058 0.3047 -0.7349
vn 0.6058 0.3050 -0.7349
vn 0.5876 -0.3929 -0.7074
vn 0.5875 -0.3927 -0.7076
vn 0.5873 -0.3929 -0.7076
vn 0.5876 -0.3929 -0.7073
vn 0.1512 -0.9729 -0.1751
vn 0.1516 -0.9728 -0.1751
vn 0.1508 -0.9729 -0.1751
vn -0.4637 -0.6818 0.5659
vn -0.4630 -0.6821 0.5659
vn -0.4632 -0.6820 0.5659
vn -0.4634 -0.6819 0.5660
vn -0.6323 -0.1209 0.7652
vn -0.6321 -0.1209 0.7654
vn -0.6320 -0.1210 0.7655
vn -0.6323 -0.1210 0.7652
vn -0.3477 -0.8343 0.4278
vn -0.3475 -0.8345 0.4276
vn -0.3477 -0.8344 0.4276
vn -0.3478 -0.8342 0.4278
vn 0.6081 0.2928 -0.7379
vn 0.6082 0.2926 -0.7379
vn 0.6081 0.2927 -0.7379
vn 0.6082 0.2925 -0.7379
vn 0.5256 0.5599 -0.6405
vn 0.5256 0.5601 -0.6404
vn 0.5256 0.5600 -0.6404
vn 0.5259 0.5596 -0.6405
vn 0.1298 -0.9804 -0.1483
vn 0.1300 -0.9803 -0.1485
vn 0.1301 -0.9803 -0.1484
vn 0.1296 -0.9804 -0.1483
vn -0.6054 -0.3063 0.7346
vn -0.6055 -0.3057 0.7348
vn -0.6054 -0.3058 0.7348
vn -0.6053 -0.3063 0.7347
vn -0.5774 -0.4170 0.7019
vn -0.5776 -0.4169 0.7018
vn -0.5773 -0.4171 0.7019
vn -0.5967 0.3587 0.7179
vn -0.5967 0.3584 0.7180
vn -0.5967 0.3585 0.7179
vn -0.5967 0.3588 0.7178
vn -0.6368 0.0568 0.7689
vn -0.6367 0.0573 0.7690
vn -0.6368 0.0570 0.7689
vn -0.6368 0.0567 0.7690
vn -0.4347 -0.7267 0.5320
vn -0.4341 -0.7270 0.5320
vn -0.4343 -0.7269 0.5320
vn -0.4348 -0.7266 0.5320
vn 0.3871 -0.7992 -0.4598
vn 0.3875 -0.7991 -0.4596
vn 0.3870 -0.7992 -0.4598
vn 0.3870 -0.7995 -0.4594
vn -0.4886 -0.6364 0.5969
vn -0.4881 -0.6367 0.5970
vn -0.4883 -0.6366 0.5969
vn -0.3825 -0.7952 0.4704
vn -0.3823 -0.7953 0.4704
vn -0.3825 -0.7952 0.4705
vn -0.3827 -0.7951 0.4704
vn -0.6137 -0.2632 0.7443
vn -0.6138 -0.2631 0.7443
vn -0.6139 -0.2628 0.7444
vn -0.6138 -0.2629 0.7444
vn -0.7737 0.0088 -0.6335
vn -0.7738 0.0090 -0.6334
vn -0.7739 0.0091 -0.6332
vn -0.7738 0.0093 -0.6334
vn -0.7738 0.0092 -0.6334
vn -0.7730 0.0099 -0.6343
vn -0.7731 0.0096 -0.6342
vn -0.7732 0.0094 -0.6341
vn -0.7731 0.0091 -0.6342
vn -0.7739 0.0089 -0.6333
vn -0.7739 0.0092 -0.6333
vn -0.7741 0.0092 -0.6330
vn -0.7737 0.0089 -0.6335
vn -0.7740 0.0092 -0.6331
vn -0.7739 0.0093 -0.6332
vn -0.7734 0.0095 -0.6339
vn -0.7733 0.0092 -0.6340
vn -0.7733 0.0091 -0.6339
vn -0.7735 0.0092 -0.6337
vn -0.7733 0.0090 -0.6340
vn -0.7737 0.0092 -0.6335
vn -0.7738 0.0087 -0.6333
vn 0.7737 -0.0093 0.6335
vn 0.7737 -0.0091 0.6335
vn 0.7739 -0.0091 0.6332
vn 0.7738 -0.0092 0.6333
vn 0.7736 -0.0093 0.6336
vn 0.7736 -0.0091 0.6337
vn 0.7734 -0.0091 0.6339
vn 0.7733 -0.0093 0.6340
vn 0.7735 -0.0092 0.6337
vn 0.7739 -0.0092 0.6333
vn 0.7739 -0.0091 0.6333
vn 0.7738 -0.0090 0.6333
vn 0.7739 -0.0088 0.6333
vn 0.7741 -0.0089 0.6330
vn 0.7736 -0.0092 0.6336
vn 0.7734 -0.0093 0.6339
vn 0.7737 -0.0094 0.6335
vn 0.7734 -0.0094 0.6338
vn 0.7736 -0.0093 0.6337
vn 0.7735 -0.0095 0.6338
vn 0.7737 -0.0092 0.6335
vn 0.7738 -0.0093 0.6334
vn 0.7740 -0.0090 0.6331
vn 0.7740 -0.0094 0.6331
vn 0.0369 0.9974 -0.0624
vn 0.0367 0.9974 -0.0618
vn 0.0367 0.9974 -0.0620
vn 0.0369 0.9974 -0.0626
vn -0.5463 0.5134 0.6618
vn -0.5462 0.5133 0.6620
vn -0.5460 0.5137 0.6618
vn 0.4580 0.6794 -0.5734
vn 0.4574 0.6796 -0.5735
vn 0.4575 0.6796 -0.5734
vn 0.4580 0.6793 -0.5734
vn -0.1374 0.9787 0.1523
vn -0.1376 0.9786 0.1529
vn -0.1373 0.9787 0.1526
vn 0.5921 0.3352 -0.7328
vn 0.5922 0.3350 -0.7329
vn 0.5920 0.3352 -0.7330
vn 0.5923 0.3354 -0.7326
vn 0.2578 -0.9179 -0.3017
vn 0.2583 -0.9176 -0.3023
vn 0.2583 -0.9177 -0.3018
vn 0.2579 -0.9179 -0.3018
vn 0.4568 0.6808 -0.5726
vn 0.4571 0.6808 -0.5723
vn 0.4570 0.6808 -0.5725
vn 0.5378 0.5134 -0.6687
vn 0.5376 0.5135 -0.6688
vn 0.5377 0.5135 -0.6687
vn 0.3268 0.8492 -0.4147
vn 0.3269 0.8494 -0.4144
vn 0.3269 0.8493 -0.4146
vn 0.3268 0.8492 -0.4149
vn 0.4661 0.6655 -0.5829
vn 0.4659 0.6657 -0.5829
vn 0.4661 0.6656 -0.5829
vn 0.4664 0.6654 -0.5829
vn -0.5486 0.5036 0.6674
vn -0.5489 0.5035 0.6672
vn -0.5486 0.5038 0.6672
vn -0.5485 0.5037 0.6674
vn 0.4498 0.6935 -0.5628
vn 0.4496 0.6938 -0.5626
vn 0.4496 0.6937 -0.5627
vn 0.4499 0.6935 -0.5628
vn 0.5922 0.3355 -0.7326
vn 0.5920 0.3356 -0.7328
vn 0.5921 0.3356 -0.7327
vn 0.5923 0.3355 -0.7326
vn 0.1436 -0.9763 -0.1620
vn 0.1440 -0.9762 -0.1619
vn 0.1432 -0.9763 -0.1620
vn 0.1428 -0.9764 -0.1621
vn -0.6276 0.1160 0.7698
vn -0.6276 0.1161 0.7698
vn -0.6279 0.1158 0.7697
vn -0.4748 -0.6496 0.5938
vn -0.4745 -0.6497 0.5939
vn -0.4746 -0.6498 0.5938
vn 0.6021 0.2873 -0.7449
vn 0.6025 0.2872 -0.7447
vn 0.6023 0.2872 -0.7448
vn 0.6022 0.2872 -0.7449
vn 0.1260 -0.9821 -0.1397
vn 0.1267 -0.9820 -0.1399
vn 0.1265 -0.9821 -0.1399
vn 0.1259 -0.9822 -0.1396
vn -0.5690 -0.4218 0.7059
vn -0.5691 -0.4218 0.7058
vn -0.5692 -0.4218 0.7058
vn -0.5687 -0.4219 0.7061
vn -0.5244 -0.5458 0.6536
vn -0.5249 -0.5456 0.6533
vn -0.5247 -0.5457 0.6534
vn -0.5245 -0.5457 0.6535
vn -0.6273 -0.1019 0.7721
vn -0.6273 -0.1020 0.7721
vn -0.6046 0.3003 0.7377
vn -0.6048 0.3001 0.7377
vn -0.6045 0.3005 0.7377
vn -0.6049 0.3001 0.7376
vn -0.5811 -0.3793 0.7200
vn -0.5813 -0.3793 0.7199
vn -0.5812 -0.3793 0.7199
vn -0.3346 -0.8408 0.4256
vn -0.3348 -0.8408 0.4254
vn -0.3347 -0.8408 0.4255
vn -0.3349 -0.8407 0.4255
vn -0.2053 -0.9412 0.2681
vn -0.2051 -0.9414 0.2679
vn -0.2051 -0.9413 0.2680
vn -0.2050 -0.9413 0.2683
vn -0.4806 -0.6383 0.6013
vn -0.4804 -0.6383 0.6015
vn -0.6316 0.0011 0.7753
vn -0.6317 0.0011 0.7753
vn -0.6312 0.0010 0.7756
vn -0.1642 0.9691 0.1844
vn -0.1643 0.9690 0.1847
vn -0.1642 0.9690 0.1846
vn -0.1641 0.9691 0.1843
vn -0.5289 0.5582 0.6393
vn -0.5289 0.5580 0.6394
vn -0.5286 0.5582 0.6395
vn -0.5290 0.5581 0.6392
vn -0.7797 0.0071 -0.6261
vn -0.7798 0.0069 -0.6260
vn -0.7797 0.0068 -0.6261
vn -0.7803 0.0067 -0.6253
vn -0.7802 0.0068 -0.6255
vn -0.7802 0.0066 -0.6254
vn -0.7796 0.0068 -0.6263
vn -0.7796 0.0068 -0.6262
vn -0.7797 0.0065 -0.6261
vn -0.7798 0.0067 -0.6259
vn -0.7800 0.0068 -0.6258
vn -0.7801 0.0067 -0.6256
vn -0.7799 0.0068 -0.6258
vn -0.7800 0.0068 -0.6257
vn -0.7803 0.0069 -0.6254
vn -0.7802 0.0067 -0.6255
vn -0.7799 0.0068 -0.6259
vn -0.7802 0.0069 -0.6254
vn -0.7803 0.0068 -0.6254
vn -0.7803 0.0067 -0.6254
vn -0.7804 0.0067 -0.6253
vn -0.7805 0.0067 -0.6251
vn -0.7806 0.0069 -0.6250
vn 0.7797 -0.0069 0.6261
vn 0.7796 -0.0068 0.6263
vn 0.7796 -0.0068 0.6262
vn 0.7800 -0.0066 0.6257
vn 0.7800 -0.0067 0.6257
vn 0.7798 -0.0068 0.6260
vn 0.7795 -0.0067 0.6263
vn 0.7795 -0.0068 0.6263
vn 0.7796 -0.0066 0.6263
vn 0.7801 -0.0068 0.6257
vn 0.7799 -0.0068 0.6259
vn 0.7800 -0.0068 0.6258
vn 0.7800 -0.0070 0.6257
vn 0.7800 -0.0069 0.6258
vn 0.7802 -0.0066 0.6254
vn 0.7802 -0.0068 0.6255
vn 0.7800 -0.0067 0.6258
vn 0.7800 -0.0068 0.6257
vn 0.7804 -0.0068 0.6253
vn 0.7802 -0.0067 0.6255
vn 0.4351 0.7026 -0.5630
vn 0.4352 0.7025 -0.5631
vn 0.4349 0.7027 -0.5631
vn 0.4353 0.7026 -0.5629
vn 0.2862 0.8782 -0.3833
vn 0.2854 0.8784 -0.3833
vn 0.2857 0.8783 -0.3833
vn 0.2860 0.8782 -0.3834
vn 0.5926 0.3053 -0.7454
vn 0.5925 0.3052 -0.7455
vn 0.5927 0.3051 -0.7454
vn 0.5927 0.3053 -0.7453
vn 0.5678 0.4025 -0.7180
vn 0.5675 0.4026 -0.7182
vn 0.5679 0.4025 -0.7180
vn 0.5682 0.4024 -0.7178
vn 0.3406 0.8262 -0.4489
vn 0.3405 0.8262 -0.4488
vn 0.3402 0.8263 -0.4489
vn 0.3403 0.8262 -0.4491
vn -0.4795 0.6625 0.5755
vn -0.4795 0.6623 0.5757
vn -0.4795 0.6624 0.5756
vn -0.4796 0.6626 0.5753
vn 0.3465 0.8199 -0.4558
vn 0.3464 0.8199 -0.4557
vn 0.3463 0.8200 -0.4557
vn 0.3465 0.8198 -0.4559
vn 0.6061 0.2310 -0.7611
vn 0.6064 0.2308 -0.7609
vn 0.6064 0.2311 -0.7608
vn 0.6247 -0.1102 -0.7731
vn 0.6246 -0.1102 -0.7731
vn 0.6248 -0.1103 -0.7730
vn 0.6218 0.1050 -0.7761
vn 0.6216 0.1050 -0.7762
vn 0.6214 0.1051 -0.7764
vn 0.6216 0.1051 -0.7762
vn 0.1004 -0.9905 -0.0941
vn 0.1007 -0.9905 -0.0940
vn 0.1000 -0.9905 -0.0942
vn 0.0996 -0.9906 -0.0942
vn -0.5312 0.5527 0.6421
vn -0.5308 0.5526 0.6425
vn -0.5310 0.5527 0.6423
vn -0.5309 0.5529 0.6422
vn -0.3004 0.8890 0.3456
vn -0.3007 0.8890 0.3454
vn -0.3004 0.8890 0.3455
vn -0.5586 -0.4330 0.7074
vn -0.5584 -0.4331 0.7075
vn -0.5585 -0.4331 0.7075
vn 0.2799 -0.9053 -0.3196
vn 0.2810 -0.9048 -0.3199
vn -0.0596 -0.9927 0.1052
vn -0.0596 -0.9926 0.1055
vn 0.5943 -0.3435 -0.7271
vn 0.5953 -0.3381 -0.7289
vn 0.6265 -0.0765 -0.7756
vn 0.6264 -0.0757 -0.7758
vn 0.6272 -0.0111 -0.7788
vn 0.6273 -0.0103 -0.7787
vn 0.6268 0.0188 -0.7790
vn 0.6270 0.0196 -0.7788
vn 0.6261 0.0356 -0.7789
vn 0.6262 0.0357 -0.7788
vn 0.6256 0.0458 -0.7788
vn 0.6257 0.0459 -0.7788
vn 0.6264 0.0275 -0.7790
vn 0.6265 0.0288 -0.7789
vn 0.6275 -0.0156 -0.7784
vn 0.6274 -0.0145 -0.7786
vn 0.6273 -0.0455 -0.7775
vn 0.6272 -0.0465 -0.7775
vn 0.6272 -0.0608 -0.7765
vn 0.6267 -0.0614 -0.7769
vn 0.6267 -0.0698 -0.7761
vn 0.6267 -0.0701 -0.7761
vn 0.6267 -0.0751 -0.7757
vn 0.6263 -0.0751 -0.7759
vn 0.6266 -0.0778 -0.7754
vn 0.6264 -0.0777 -0.7756
vn 0.6267 -0.0775 -0.7754
vn 0.6264 -0.0785 -0.7755
vn 0.0965 -0.9914 -0.0882
vn 0.0967 -0.9914 -0.0882
vn 0.0963 -0.9914 -0.0881
vn -0.5898 0.3656 0.7200
vn -0.5897 0.3657 0.7201
vn -0.5895 0.3657 0.7202
vn -0.5899 0.3655 0.7200
vn -0.6204 -0.1238 0.7744
vn -0.6205 -0.1236 0.7744
vn -0.6206 -0.1237 0.7743
vn -0.6204 -0.1238 0.7745
vn -0.5582 -0.4338 0.7072
vn -0.5580 -0.4338 0.7074
vn -0.5583 -0.4338 0.7072
vn -0.5787 0.4103 0.7048
vn -0.5786 0.4102 0.7050
vn -0.5790 0.4103 0.7046
vn -0.5786 0.4106 0.7047
vn -0.5593 -0.4311 0.7080
vn -0.5595 -0.4310 0.7080
vn -0.5594 -0.4310 0.7080
vn -0.5593 -0.4308 0.7082
vn 0.4999 -0.6248 -0.5998
vn 0.5000 -0.6246 -0.5999
vn 0.4998 -0.6246 -0.6001
vn 0.4998 -0.6248 -0.5998
vn -0.5447 -0.4743 0.6916
vn -0.5448 -0.4743 0.6915
vn -0.5450 -0.4743 0.6914
vn -0.5448 -0.4744 0.6915
vn -0.1762 -0.9520 0.2503
vn -0.1760 -0.9520 0.2505
vn -0.1761 -0.9520 0.2504
vn -0.1763 -0.9520 0.2503
vn -0.6115 -0.2017 0.7651
vn -0.6116 -0.2016 0.7651
vn -0.6115 -0.2016 0.7651
vn -0.6114 -0.2017 0.7652
vn -0.6261 0.1000 0.7733
vn -0.6261 0.1001 0.7733
vn -0.2594 0.9210 0.2907
vn -0.2596 0.9208 0.2911
vn -0.2598 0.9208 0.2909
vn -0.2593 0.9210 0.2906
vn 0.3086 0.8574 -0.4118
vn 0.3088 0.8575 -0.4116
vn 0.3087 0.8575 -0.4116
vn 0.3087 0.8574 -0.4117
vn -0.6128 0.2416 0.7524
vn -0.6129 0.2421 0.7522
vn -0.6128 0.2420 0.7523
vn -0.6128 0.2415 0.7524
vn -0.2025 0.9544 0.2192
vn -0.2025 0.9543 0.2197
vn -0.2026 0.9544 0.2194
vn -0.2022 0.9545 0.2191
vn -0.6125 0.2431 0.7521
vn -0.6127 0.2429 0.7521
vn -0.6124 0.2431 0.7523
vn -0.6129 0.2431 0.7519
vn 0.3629 0.8005 -0.4769
vn 0.3631 0.8007 -0.4765
vn 0.3627 0.8007 -0.4767
vn 0.3630 0.8004 -0.4770
vn -0.7861 0.0039 -0.6181
vn -0.7860 0.0036 -0.6182
vn -0.7860 0.0039 -0.6182
vn -0.7861 0.0037 -0.6181
vn -0.7860 0.0040 -0.6183
vn -0.7859 0.0040 -0.6184
vn -0.7860 0.0040 -0.6182
vn -0.7862 0.0038 -0.6180
vn -0.7861 0.0038 -0.6180
vn -0.7861 0.0040 -0.6181
vn -0.7860 0.0042 -0.6182
vn -0.7861 0.0039 -0.6180
vn -0.7862 0.0039 -0.6180
vn -0.7860 0.0041 -0.6182
vn -0.7863 0.0037 -0.6178
vn -0.7862 0.0038 -0.6179
vn -0.7863 0.0038 -0.6178
vn -0.7861 0.0038 -0.6181
vn -0.7862 0.0036 -0.6179
vn -0.7859 0.0036 -0.6183
vn -0.7863 0.0037 -0.6179
vn -0.7862 0.0037 -0.6179
vn -0.7861 0.0037 -0.6180
vn -0.7862 0.0037 -0.6180
vn -0.7863 0.0039 -0.6179
vn -0.7864 0.0038 -0.6177
vn -0.7862 0.0039 -0.6179
vn -0.7858 0.0038 -0.6185
vn -0.7862 0.0041 -0.6180
vn 0.7855 -0.0040 0.6188
vn 0.7854 -0.0040 0.6189
vn 0.7856 -0.0039 0.6187
vn 0.7853 -0.0039 0.6191
vn 0.7852 -0.0041 0.6192
vn 0.7852 -0.0042 0.6192
vn 0.7853 -0.0041 0.6191
vn 0.7855 -0.0038 0.6189
vn 0.7855 -0.0038 0.6188
vn 0.7853 -0.0043 0.6191
vn 0.7854 -0.0040 0.6190
vn 0.7857 -0.0039 0.6186
vn 0.7857 -0.0043 0.6185
vn 0.7857 -0.0040 0.6186
vn 0.7856 -0.0038 0.6187
vn 0.7857 -0.0038 0.6186
vn 0.7855 -0.0039 0.6189
vn 0.7858 -0.0039 0.6185
vn 0.7854 -0.0039 0.6190
vn 0.7853 -0.0040 0.6191
vn 0.7857 -0.0037 0.6186
vn 0.7854 -0.0039 0.6189
vn 0.7854 -0.0038 0.6189
vn 0.7855 -0.0039 0.6188
vn 0.7856 -0.0040 0.6187
vn 0.7855 -0.0040 0.6189
vn 0.7855 -0.0041 0.6189
vn 0.5920 -0.3892 -0.7058
vn 0.5918 -0.3891 -0.7060
vn 0.5918 -0.3892 -0.7059
vn 0.5916 -0.3892 -0.7060
vn 0.4826 0.6293 -0.6092
vn 0.4825 0.6293 -0.6093
vn 0.4825 0.6296 -0.6089
vn 0.4824 0.6297 -0.6090
vn 0.5775 0.3917 -0.7163
vn 0.5775 0.3920 -0.7161
vn 0.5774 0.3918 -0.7163
vn 0.1830 0.9493 -0.2557
vn 0.1831 0.9493 -0.2556
vn 0.1827 0.9494 -0.2555
vn 0.6254 -0.2015 -0.7538
vn 0.6256 -0.2015 -0.7537
vn 0.6252 -0.2014 -0.7540
vn 0.6252 -0.2018 -0.7540
vn 0.4790 0.6363 -0.6047
vn 0.4790 0.6362 -0.6048
vn 0.4788 0.6363 -0.6049
vn 0.4792 0.6363 -0.6046
vn 0.5626 0.4402 -0.6998
vn 0.5627 0.4403 -0.6997
vn 0.5628 0.4403 -0.6995
vn 0.5624 0.4401 -0.7000
vn 0.5951 -0.3741 -0.7112
vn 0.5950 -0.3744 -0.7112
vn 0.5951 -0.3746 -0.7110
vn 0.5951 -0.3742 -0.7112
vn 0.5883 0.3520 -0.7280
vn 0.5883 0.3519 -0.7280
vn 0.5885 0.3519 -0.7279
vn 0.5882 0.3520 -0.7281
vn 0.3707 0.7965 -0.4777
vn 0.3709 0.7965 -0.4775
vn 0.3707 0.7964 -0.4778
vn 0.3705 0.7964 -0.4780
vn 0.0776 -0.9951 -0.0607
vn 0.0779 -0.9951 -0.0606
vn 0.0774 -0.9952 -0.0607
vn 0.0771 -0.9952 -0.0608
vn -0.5761 -0.3967 0.7147
vn -0.5762 -0.3967 0.7146
vn -0.5760 -0.3967 0.7147
vn -0.5759 -0.3967 0.7148
vn 0.0346 -0.9994 -0.0072
vn 0.0350 -0.9994 -0.0073
vn 0.0348 -0.9994 -0.0073
vn 0.0345 -0.9994 -0.0071
vn 0.6352 -0.0089 -0.7723
vn 0.6353 -0.0090 -0.7722
vn 0.6350 -0.0087 -0.7725
vn 0.6353 -0.0087 -0.7722
vn 0.6161 -0.2702 -0.7399
vn 0.6161 -0.2702 -0.7398
vn 0.6159 -0.2705 -0.7399
vn 0.1578 0.9613 -0.2257
vn 0.1578 0.9614 -0.2255
vn 0.1578 0.9613 -0.2256
vn 0.1578 0.9613 -0.2258
vn 0.0757 -0.9955 -0.0567
vn 0.0761 -0.9955 -0.0566
vn 0.0752 -0.9956 -0.0568
vn 0.0754 -0.9955 -0.0567
vn -0.2183 0.9480 0.2316
vn -0.2186 0.9479 0.2318
vn -0.2182 0.9480 0.2316
vn -0.2184 0.9480 0.2314
vn -0.6105 0.3038 0.7314
vn -0.6105 0.3040 0.7314
vn -0.6104 0.3041 0.7314
vn -0.6116 -0.2455 0.7521
vn -0.6114 -0.2455 0.7522
vn -0.6117 -0.2455 0.7521
vn -0.6115 -0.2454 0.7522
vn -0.6145 0.2802 0.7375
vn -0.6147 0.2802 0.7373
vn -0.6146 0.2802 0.7374
vn -0.3900 -0.7721 0.5017
vn -0.3897 -0.7723 0.5017
vn -0.3897 -0.7721 0.5020
vn -0.3899 -0.7722 0.5017
vn 0.6088 -0.3139 -0.7286
vn 0.6088 -0.3138 -0.7286
vn 0.6089 -0.3139 -0.7285
vn -0.4719 -0.6492 0.5965
vn -0.4716 -0.6492 0.5968
vn -0.4717 -0.6492 0.5967
vn -0.4719 -0.6491 0.5966
vn 0.4701 -0.6935 -0.5460
vn 0.4702 -0.6934 -0.5460
vn -0.5228 -0.5455 0.6551
vn -0.5226 -0.5457 0.6550
vn -0.5228 -0.5456 0.6550
vn -0.5228 -0.5454 0.6551
vn -0.5808 0.4333 0.6891
vn -0.5804 0.4333 0.6895
vn -0.5803 0.4334 0.6895
vn -0.5804 0.4335 0.6894
vn -0.6247 -0.1570 0.7649
vn -0.6246 -0.1571 0.7650
vn -0.6247 -0.1569 0.7650
vn -0.5930 0.3856 0.7068
vn -0.5932 0.3859 0.7066
vn -0.5931 0.3857 0.7067
vn -0.5931 0.3855 0.7068
vn -0.1267 0.9848 0.1184
vn -0.1272 0.9848 0.1187
vn -0.1271 0.9848 0.1186
vn -0.1266 0.9849 0.1183
vn 0.2659 0.8959 -0.3558
vn 0.2659 0.8960 -0.3556
vn 0.2660 0.8959 -0.3558
vn -0.5282 0.5793 0.6209
vn -0.5278 0.5792 0.6212
vn -0.5283 0.5792 0.6209
vn 0.1837 0.9486 -0.2576
vn 0.1839 0.9486 -0.2575
vn 0.1838 0.9486 -0.2575
vn -0.3290 0.8694 0.3687
vn -0.3292 0.8691 0.3692
vn -0.3292 0.8691 0.3691
vn -0.3292 0.8694 0.3685
vn 0.5618 0.4426 -0.6989
vn 0.5617 0.4432 -0.6986
vn 0.5617 0.4431 -0.6987
vn 0.5618 0.4425 -0.6990
vn -0.2004 0.9570 0.2095
vn -0.2005 0.9570 0.2098
vn -0.2005 0.9570 0.2096
vn -0.2004 0.9571 0.2093
vn 0.6052 0.2781 -0.7459
vn 0.6054 0.2782 -0.7457
vn 0.6053 0.2782 -0.7458
vn 0.6052 0.2781 -0.7460
vn -0.7802 0.0051 -0.6255
vn -0.7803 0.0055 -0.6254
vn -0.7803 0.0053 -0.6253
vn -0.7802 0.0054 -0.6255
vn -0.7805 0.0050 -0.6252
vn -0.7804 0.0049 -0.6253
vn -0.7806 0.0051 -0.6250
vn -0.7804 0.0050 -0.6252
vn -0.7807 0.0049 -0.6249
vn -0.7805 0.0051 -0.6251
vn -0.7805 0.0050 -0.6251
vn -0.7804 0.0051 -0.6253
vn -0.7805 0.0051 -0.6252
vn -0.7807 0.0056 -0.6249
vn -0.7806 0.0047 -0.6250
vn -0.7806 0.0049 -0.6250
vn -0.7806 0.0050 -0.6251
vn -0.7806 0.0048 -0.6250
vn -0.7807 0.0050 -0.6248
vn -0.7806 0.0050 -0.6250
vn -0.7808 0.0049 -0.6248
vn -0.7803 0.0047 -0.6254
vn -0.7804 0.0052 -0.6252
vn -0.7805 0.0049 -0.6251
vn -0.7805 0.0055 -0.6251
vn 0.7793 -0.0057 0.6266
vn 0.7795 -0.0060 0.6264
vn 0.7795 -0.0056 0.6264
vn 0.7795 -0.0054 0.6264
vn 0.7797 -0.0051 0.6261
vn 0.7800 -0.0050 0.6258
vn 0.7800 -0.0050 0.6257
vn 0.7799 -0.0051 0.6258
vn 0.7795 -0.0052 0.6264
vn 0.7797 -0.0052 0.6261
vn 0.7798 -0.0051 0.6260
vn 0.7796 -0.0052 0.6263
vn 0.7797 -0.0052 0.6262
vn 0.7797 -0.0050 0.6261
vn 0.7799 -0.0050 0.6259
vn 0.7799 -0.0051 0.6259
vn 0.7799 -0.0050 0.6258
vn 0.7798 -0.0049 0.6260
vn 0.7798 -0.0050 0.6260
vn 0.7796 -0.0051 0.6262
vn 0.7797 -0.0055 0.6261
vn -0.2038 0.9458 0.2528
vn -0.2040 0.9457 0.2531
vn -0.2040 0.9457 0.2530
vn -0.2038 0.9458 0.2527
vn 0.1824 0.9621 -0.2029
vn 0.1823 0.9621 -0.2028
vn 0.1824 0.9620 -0.2030
vn 0.4909 0.6576 -0.5714
vn 0.4911 0.6574 -0.5716
vn 0.4911 0.6574 -0.5715
vn 0.4909 0.6577 -0.5714
vn 0.6290 0.2395 -0.7396
vn 0.6288 0.2397 -0.7397
vn 0.6288 0.2396 -0.7397
vn 0.6290 0.2394 -0.7396
vn 0.6050 -0.3420 -0.7190
vn 0.6051 -0.3419 -0.7190
vn 0.6384 0.1633 -0.7522
vn 0.5805 -0.4302 -0.6914
vn 0.5806 -0.4301 -0.6914
vn 0.5804 -0.4303 -0.6914
vn 0.4936 0.6527 -0.5748
vn 0.4938 0.6524 -0.5748
vn 0.4938 0.6525 -0.5748
vn -0.4732 0.6735 0.5678
vn -0.4731 0.6738 0.5676
vn 0.2729 0.9105 -0.3107
vn 0.2729 0.9105 -0.3106
vn 0.2727 0.9106 -0.3106
vn 0.2733 0.9104 -0.3107
vn 0.5129 0.6156 -0.5983
vn 0.5132 0.6157 -0.5980
vn 0.5131 0.6157 -0.5981
vn 0.5911 0.4128 -0.6930
vn 0.5914 0.4125 -0.6929
vn 0.5913 0.4126 -0.6929
vn 0.5913 0.4128 -0.6928
vn 0.5709 0.4769 -0.6683
vn 0.5711 0.4769 -0.6682
vn 0.5707 0.4770 -0.6684
vn 0.1778 -0.9588 -0.2213
vn 0.1781 -0.9588 -0.2212
vn 0.1771 -0.9589 -0.2217
vn 0.1769 -0.9589 -0.2218
vn -0.5815 -0.4441 0.6816
vn -0.5816 -0.4441 0.6816
vn -0.5815 -0.4441 0.6817
vn -0.3290 -0.8649 0.3790
vn -0.3288 -0.8651 0.3789
vn -0.3289 -0.8650 0.3789
vn -0.3291 -0.8649 0.3790
vn -0.0127 -0.9999 0.0047
vn -0.0122 -0.9999 0.0045
vn -0.0125 -0.9999 0.0046
vn -0.0129 -0.9999 0.0048
vn 0.6154 -0.3003 -0.7288
vn 0.6155 -0.2999 -0.7289
vn 0.6155 -0.2998 -0.7289
vn 0.6154 -0.3002 -0.7288
vn 0.0019 -0.9999 -0.0120
vn 0.0024 -0.9999 -0.0124
vn 0.0023 -0.9999 -0.0123
vn 0.0019 -0.9999 -0.0119
vn -0.5087 -0.6230 0.5942
vn -0.5089 -0.6230 0.5941
vn -0.2727 -0.9097 0.3132
vn -0.2723 -0.9099 0.3131
vn -0.2725 -0.9098 0.3131
vn -0.2729 -0.9096 0.3132
vn -0.6457 -0.0692 0.7605
vn -0.6456 -0.0691 0.7605
vn -0.6455 -0.0692 0.7607
vn -0.6458 -0.0692 0.7604
vn -0.6163 -0.3105 0.7237
vn -0.6161 -0.3105 0.7239
vn -0.6162 -0.3105 0.7238
vn -0.6164 -0.3104 0.7237
vn -0.6059 0.3447 0.7170
vn -0.6056 0.3446 0.7173
vn -0.6057 0.3446 0.7172
vn -0.6057 0.3448 0.7171
vn -0.0013 0.9999 0.0104
vn -0.0017 0.9999 0.0111
vn -0.0016 0.9999 0.0110
vn -0.0013 0.9999 0.0103
vn 0.0866 0.9919 -0.0929
vn 0.0862 0.9920 -0.0925
vn 0.0863 0.9920 -0.0926
vn 0.0866 0.9919 -0.0930
vn -0.1331 0.9771 0.1662
vn -0.1333 0.9769 0.1668
vn -0.1333 0.9770 0.1667
vn -0.1330 0.9771 0.1661
vn -0.6452 0.0589 0.7618
vn -0.6451 0.0589 0.7618
vn -0.5661 -0.4894 0.6634
vn -0.5664 -0.4892 0.6632
vn -0.5664 -0.4893 0.6632
vn -0.5663 -0.4893 0.6632
vn -0.6454 0.0579 0.7617
vn -0.6012 0.3621 0.7124
vn -0.6010 0.3621 0.7125
vn -0.6011 0.3622 0.7124
vn -0.5278 0.5721 0.6278
vn -0.5276 0.5720 0.6281
vn -0.5276 0.5721 0.6280
vn 0.6105 -0.3227 -0.7233
vn 0.6102 -0.3227 -0.7235
vn 0.6104 -0.3227 -0.7234
vn 0.6404 0.1458 -0.7541
vn 0.6409 0.1457 -0.7537
vn 0.6404 0.1457 -0.7541
vn 0.6403 0.1457 -0.7542
vn -0.2112 0.9426 0.2588
vn -0.2111 0.9426 0.2588
vn -0.2113 0.9426 0.2585
vn -0.2115 0.9426 0.2585
vn -0.5767 0.4441 0.6857
vn -0.5769 0.4442 0.6855
vn -0.5770 0.4442 0.6854
vn -0.6379 -0.1714 0.7508
vn -0.6378 -0.1715 0.7508
vn -0.6378 -0.1716 0.7508
vn -0.4619 -0.7056 0.5374
vn -0.4617 -0.7056 0.5375
vn -0.4616 -0.7057 0.5375
vn -0.4615 -0.7058 0.5375
vn 0.0567 -0.9955 -0.0763
vn 0.0568 -0.9955 -0.0763
vn 0.0563 -0.9955 -0.0764
vn 0.0561 -0.9955 -0.0765
vn -0.4361 0.7335 0.5212
vn -0.4363 0.7333 0.5215
vn -0.4361 0.7336 0.5212
vn -0.4360 0.7338 0.5210
vn -0.0749 0.9923 0.0986
vn -0.0753 0.9923 0.0987
vn -0.0754 0.9923 0.0984
vn -0.0757 0.9923 0.0982
vn 0.2759 0.9077 -0.3162
vn 0.2758 0.9078 -0.3161
vn 0.2756 0.9077 -0.3163
vn 0.5073 0.6260 -0.5922
vn 0.5073 0.6260 -0.5923
vn 0.6454 0.0675 -0.7609
vn 0.6452 0.0675 -0.7610
vn 0.6453 0.0675 -0.7609
vn 0.5807 -0.4329 -0.6895
vn 0.5810 -0.4328 -0.6893
vn 0.5805 -0.4329 -0.6896
vn 0.6462 -0.0268 -0.7627
vn 0.6462 -0.0266 -0.7627
vn 0.6462 -0.0265 -0.7627
vn 0.6462 -0.0269 -0.7627
vn -0.0443 0.9971 0.0625
vn -0.0445 0.9970 0.0631
vn -0.0445 0.9970 0.0630
vn -0.0442 0.9971 0.0624
vn -0.2412 0.9248 0.2943
vn -0.2413 0.9246 0.2948
vn -0.2412 0.9247 0.2946
vn -0.2411 0.9248 0.2941
vn -0.5727 0.4563 0.6810
vn -0.5724 0.4564 0.6812
vn -0.5726 0.4563 0.6811
vn -0.5729 0.4562 0.6809
vn -0.3581 0.8278 0.4319
vn -0.3583 0.8275 0.4324
vn -0.3582 0.8275 0.4323
vn -0.3580 0.8278 0.4318
vn -0.2246 0.9346 0.2759
vn -0.2246 0.9345 0.2762
vn -0.2246 0.9345 0.2761
vn -0.2244 0.9346 0.2759
vn -0.5646 0.4787 0.6724
vn -0.5647 0.4785 0.6724
vn -0.5646 0.4786 0.6724
vn -0.2604 0.9114 0.3187
vn -0.2603 0.9113 0.3190
vn -0.2604 0.9115 0.3184
vn -0.6454 -0.0581 0.7616
vn -0.6455 -0.0579 0.7616
vn -0.6453 -0.0582 0.7617
vn -0.7640 0.0107 -0.6451
vn -0.7640 0.0107 -0.6452
vn -0.7640 0.0108 -0.6451
vn -0.7640 0.0110 -0.6452
vn -0.7641 0.0109 -0.6450
vn -0.7639 0.0108 -0.6453
vn -0.7639 0.0107 -0.6453
vn -0.7642 0.0108 -0.6449
vn -0.7642 0.0108 -0.6448
vn -0.6770 0.4644 -0.5709
vn -0.7641 0.0107 -0.6450
vn -0.7643 0.0107 -0.6448
vn -0.7642 0.0107 -0.6449
vn -0.7642 0.0106 -0.6449
vn -0.7643 0.0106 -0.6448
vn -0.7642 0.0106 -0.6448
vn -0.8618 0.4569 -0.2205
vn -0.7919 0.4242 -0.4393
vn -0.8164 0.3315 -0.4728
vn -0.7555 0.3499 -0.5539
vn -0.7641 0.0106 -0.6450
vn -0.7643 0.0105 -0.6448
vn -0.7643 0.0109 -0.6448
vn -0.7642 0.0105 -0.6449
vn -0.7644 0.0107 -0.6447
vn -0.7643 0.0106 -0.6447
vn -0.7642 0.0107 -0.6448
vn -0.7643 0.0107 -0.6447
vn -0.7639 0.0106 -0.6452
vn -0.7640 0.0108 -0.6452
vn -0.7639 0.0108 -0.6452
vn -0.7638 0.0107 -0.6453
vn 0.7639 -0.0107 0.6452
vn 0.7640 -0.0107 0.6451
vn 0.7640 -0.0107 0.6452
vn 0.7640 -0.0106 0.6451
vn 0.7640 -0.0106 0.6452
vn 0.7641 -0.0104 0.6451
vn 0.7641 -0.0107 0.6451
vn 0.7642 -0.0105 0.6449
vn 0.7641 -0.0107 0.6450
vn 0.7642 -0.0107 0.6449
vn 0.6862 0.4393 0.5799
vn 0.7641 -0.0106 0.6450
vn 0.7642 -0.0106 0.6449
vn 0.3796 0.4319 0.8182
vn 0.5785 0.3959 0.7132
vn 0.6122 0.3047 0.7297
vn 0.6811 0.3266 0.6553
vn 0.7642 -0.0110 0.6448
vn 0.7643 -0.0107 0.6447
vn 0.7639 -0.0107 0.6453
vn 0.7642 -0.0106 0.6448
vn 0.7638 -0.0107 0.6454
vn 0.7639 -0.0108 0.6452
vn 0.7637 -0.0108 0.6455
vn 0.7639 -0.0108 0.6453
vn 0.7638 -0.0108 0.6454
vt 0.014100 1.000000
vt 0.014100 0.000000
vt 0.000000 0.000000
vt 0.000000 1.000000
vt 0.036400 1.000000
vt 0.036400 0.000000
vt 0.054200 1.000000
vt 0.054200 0.000000
vt 0.084300 1.000000
vt 0.084300 0.000000
vt 0.104700 1.000000
vt 0.104700 0.000000
vt 0.126600 1.000000
vt 0.126600 0.000000
vt 0.135100 1.000000
vt 0.135100 0.000000
vt 0.161000 1.000000
vt 0.161000 0.000000
vt 0.170200 1.000000
vt 0.170200 0.000000
vt 0.201700 1.000000
vt 0.201700 0.000000
vt 0.216000 1.000000
vt 0.216000 0.000000
vt 0.222700 1.000000
vt 0.222700 0.000000
vt 0.258100 1.000000
vt 0.258100 0.000000
vt 0.265200 1.000000
vt 0.265200 0.000000
vt 0.278800 1.000000
vt 0.278800 0.000000
vt 0.311300 1.000000
vt 0.311300 0.000000
vt 0.347900 1.000000
vt 0.347900 0.000000
vt 0.362800 1.000000
vt 0.362800 0.000000
vt 0.378900 1.000000
vt 0.378900 0.000000
vt 0.392600 1.000000
vt 0.392600 0.000000
vt 0.471500 1.000000
vt 0.471500 0.000000
vt 0.523900 1.000000
vt 0.523900 0.000000
vt 0.538600 1.000000
vt 0.538600 0.000000
vt 0.598900 1.000000
vt 0.598900 0.000000
vt 0.636900 1.000000
vt 0.636900 0.000000
vt 0.731900 1.000000
vt 0.731900 0.000000
vt 0.758800 1.000000
vt 0.758800 0.000000
vt 0.793700 1.000000
vt 0.793700 0.000000
vt 0.820700 1.000000
vt 0.820700 0.000000
vt 0.842300 1.000000
vt 0.842300 0.000000
vt 0.855500 1.000000
vt 0.855500 0.000000
vt 0.908400 1.000000
vt 0.908400 0.000000
vt 0.923200 1.000000
vt 0.923200 0.000000
vt 0.932600 1.000000
vt 0.932600 0.000000
vt 0.941100 1.000000
vt 0.941100 0.000000
vt 0.959700 1.000000
vt 0.959700 0.000000
vt 0.989700 1.000000
vt 0.989700 0.000000
vt 1.000000 1.000000
vt 1.000000 0.000000
vt 0.268300 0.418600
vt 0.296500 0.404400
vt 0.330400 0.448400
vt 0.615000 1.000000
vt 0.532700 0.941600
vt 0.651200 0.954900
vt 0.868000 0.646300
vt 1.000000 0.817600
vt 0.816800 0.679200
vt 0.000000 0.252800
vt 0.024600 0.119000
vt 0.169600 0.243300
vt 0.094900 0.095100
vt 0.383000 0.680100
vt 0.413400 0.656900
vt 0.479100 0.723500
vt 0.601600 0.006200
vt 0.800800 0.001000
vt 0.652700 0.225400
vt 0.858700 0.348800
vt 0.689500 0.981800
vt 0.792000 0.898300
vt 0.167500 0.310700
vt 0.192100 0.291000
vt 0.317200 0.589800
vt 0.348200 0.563700
vt 0.529200 0.876100
vt 0.530700 0.001200
vt 0.596300 0.188600
vt 0.117600 0.000000
vt 0.070700 0.038300
vt 0.817600 0.443700
vt 0.691200 0.536600
vt 0.724700 0.633000
vt 0.964800 0.866400
vt 0.915900 0.869400
vt 0.429200 0.790000
vt 0.889400 0.894400
vt 0.011900 1.000000
vt 0.011900 0.000000
vt 0.025200 1.000000
vt 0.025200 0.000000
vt 0.038400 1.000000
vt 0.038400 0.000000
vt 0.044100 1.000000
vt 0.044100 0.000000
vt 0.063000 1.000000
vt 0.063000 0.000000
vt 0.075000 1.000000
vt 0.075000 0.000000
vt 0.085600 1.000000
vt 0.085600 0.000000
vt 0.104500 1.000000
vt 0.104500 0.000000
vt 0.129300 1.000000
vt 0.129300 0.000000
vt 0.151500 1.000000
vt 0.151500 0.000000
vt 0.165100 1.000000
vt 0.165100 0.000000
vt 0.187900 1.000000
vt 0.187900 0.000000
vt 0.195400 1.000000
vt 0.195400 0.000000
vt 0.212200 1.000000
vt 0.212200 0.000000
vt 0.230500 1.000000
vt 0.230500 0.000000
vt 0.240900 1.000000
vt 0.240900 0.000000
vt 0.259800 1.000000
vt 0.259800 0.000000
vt 0.277400 1.000000
vt 0.277400 0.000000
vt 0.288100 1.000000
vt 0.288100 0.000000
vt 0.330000 1.000000
vt 0.330000 0.000000
vt 0.345600 1.000000
vt 0.345600 0.000000
vt 0.363100 1.000000
vt 0.363100 0.000000
vt 0.394400 1.000000
vt 0.394400 0.000000
vt 0.403300 1.000000
vt 0.403300 0.000000
vt 0.432800 1.000000
vt 0.432800 0.000000
vt 0.443900 1.000000
vt 0.443900 0.000000
vt 0.454800 1.000000
vt 0.454800 0.000000
vt 0.478700 1.000000
vt 0.478700 0.000000
vt 0.543300 1.000000
vt 0.543300 0.000000
vt 0.551500 1.000000
vt 0.551500 0.000000
vt 0.621900 1.000000
vt 0.621900 0.000000
vt 0.637100 1.000000
vt 0.637100 0.000000
vt 0.687000 1.000000
vt 0.687000 0.000000
vt 0.720600 1.000000
vt 0.720600 0.000000
vt 0.817300 1.000000
vt 0.817300 0.000000
vt 0.864600 1.000000
vt 0.864600 0.000000
vt 0.905700 1.000000
vt 0.905700 0.000000
vt 0.926900 1.000000
vt 0.926900 0.000000
vt 0.944800 1.000000
vt 0.944800 0.000000
vt 0.967700 1.000000
vt 0.967700 0.000000
vt 0.980400 1.000000
vt 0.980400 0.000000
vt 0.000000 0.001900
vt 0.356900 0.000000
vt 0.124400 0.033800
vt 0.056600 0.283600
vt 0.149500 0.303700
vt 0.087800 0.340100
vt 0.561000 1.000000
vt 0.540700 0.904400
vt 0.639100 0.951300
vt 0.873800 0.641200
vt 0.924300 0.701400
vt 0.820000 0.714400
vt 0.063100 0.074900
vt 0.124400 0.076400
vt 0.113600 0.184000
vt 0.674600 0.984500
vt 0.710800 0.945300
vt 0.814800 0.939100
vt 0.803000 0.918400
vt 0.271100 0.440400
vt 0.067400 0.196400
vt 0.307300 0.602500
vt 0.348300 0.574000
vt 0.386900 0.646800
vt 0.932000 0.790700
vt 0.361900 0.032100
vt 0.567700 0.033600
vt 0.753200 0.028000
vt 0.600900 0.227100
vt 0.828700 0.401600
vt 0.548000 0.273100
vt 0.252200 0.480000
vt 0.344900 0.500500
vt 0.413100 0.727700
vt 0.434800 0.702800
vt 0.520400 0.774300
vt 1.000000 0.802400
vt 0.984200 0.878200
vt 0.918900 0.882900
vt 0.721600 0.569600
vt 0.875500 0.924700
vt 0.494000 0.823900
vt 0.123400 0.999500
vt 0.123400 0.000500
vt 0.077100 0.000500
vt 0.077100 0.999500
vt 0.235200 0.999500
vt 0.235200 0.000500
vt 0.331600 0.999500
vt 0.331600 0.000500
vt 0.520100 0.999500
vt 0.520100 0.000500
vt 0.687200 0.999500
vt 0.687200 0.000500
vt 0.651100 0.000500
vt 0.651100 0.999500
vt 0.664700 0.999500
vt 0.664700 0.000500
vt 0.484500 0.000500
vt 0.484500 0.999500
vt 0.734800 0.999500
vt 0.734800 0.000500
vt 0.999500 0.999500
vt 0.999500 0.000500
vt 0.868200 0.000500
vt 0.868200 0.999500
vt 0.612100 0.999500
vt 0.612100 0.000500
vt 0.320900 0.000500
vt 0.320900 0.999500
vt 0.652900 0.999500
vt 0.652900 0.000500
vt 0.955600 0.999500
vt 0.955600 0.000500
vt 0.869700 0.999500
vt 0.869700 0.000500
vt 0.071500 0.000500
vt 0.071500 0.999500
vt 0.137900 0.999500
vt 0.137900 0.000500
vt 0.015600 0.000500
vt 0.015600 0.999500
vt 0.337200 0.999500
vt 0.337200 0.000500
vt 0.924600 0.999500
vt 0.924600 0.000500
vt 0.836900 0.000500
vt 0.836900 0.999500
vt 0.391600 0.999500
vt 0.391600 0.000500
vt 0.302900 0.000500
vt 0.302900 0.999500
vt 0.932000 0.000500
vt 0.932000 0.999500
vt 0.448200 0.999500
vt 0.448200 0.000500
vt 0.397100 0.000500
vt 0.397100 0.999500
vt 0.137400 0.999500
vt 0.137400 0.000500
vt 0.015900 0.000500
vt 0.015900 0.999500
vt 0.550000 0.999500
vt 0.550000 0.000500
vt 0.513500 0.000500
vt 0.513500 0.999500
vt 0.583700 0.999500
vt 0.583700 0.000500
vt 0.177800 0.999500
vt 0.177800 0.000500
vt 0.140700 0.000500
vt 0.140700 0.999500
vt 0.631300 0.999500
vt 0.631300 0.000500
vt 0.592500 0.000500
vt 0.592500 0.999500
vt 0.399400 0.999500
vt 0.399400 0.000500
vt 0.368700 0.000500
vt 0.368700 0.999500
vt 0.290500 0.999500
vt 0.290500 0.000500
vt 0.237500 0.000500
vt 0.237500 0.999500
vt 0.489000 0.999500
vt 0.489000 0.000500
vt 0.427800 0.000500
vt 0.427800 0.999500
vt 0.371100 0.999500
vt 0.371100 0.000500
vt 0.311000 0.000500
vt 0.311000 0.999500
vt 0.506500 0.000500
vt 0.506500 0.999500
vt 0.639800 0.999500
vt 0.639800 0.000500
vt 0.747600 0.999500
vt 0.747600 0.000500
vt 0.548700 0.999500
vt 0.548700 0.000500
vt 0.513900 0.000500
vt 0.513900 0.999500
vt 0.799200 0.999500
vt 0.799200 0.000500
vt 0.764200 0.000500
vt 0.764200 0.999500
vt 0.837000 0.999500
vt 0.837000 0.000500
vt 0.889000 0.999500
vt 0.889000 0.000500
vt 0.950300 0.999500
vt 0.950300 0.000500
vt 0.975800 0.999500
vt 0.975800 0.000500
vt 0.522000 0.999500
vt 0.522000 0.000500
vt 0.488700 0.000500
vt 0.488700 0.999500
vt 0.601600 0.999500
vt 0.601600 0.000500
vt 0.654400 0.999500
vt 0.654400 0.000500
vt 0.038600 0.000500
vt 0.038600 0.999500
vt 0.925100 0.302700
vt 0.932500 0.391500
vt 0.837200 0.337000
vt 0.792200 0.631400
vt 0.762800 0.600700
vt 0.822500 0.592600
vt 1.000000 0.397000
vt 0.984600 0.448100
vt 0.863000 0.513500
vt 0.345400 0.961800
vt 0.375100 0.923300
vt 0.398300 0.992200
vt 0.870100 0.015100
vt 0.896500 0.137500
vt 0.071000 0.000000
vt 0.131400 0.735000
vt 0.000000 0.679300
vt 0.188300 0.664900
vt 0.004200 0.387800
vt 0.312600 0.484400
vt 0.044800 0.346900
vt 0.511300 0.976200
vt 0.478000 1.000000
vt 0.499200 0.950700
vt 0.027100 0.043900
vt 0.348800 0.479800
vt 0.548700 0.764500
vt 0.547900 0.799500
vt 0.514000 0.747800
vt 0.553700 0.889400
vt 0.354200 0.876900
vt 0.373000 0.765100
vt 0.569200 0.837400
vt 0.336000 0.668600
vt 0.573500 0.639900
vt 0.568800 0.592600
vt 0.629000 0.506500
vt 0.689200 0.511000
vt 0.709700 0.572300
vt 0.879600 0.550100
vt 0.859700 0.583800
vt 0.015600 1.000000
vt 0.015600 0.000000
vt 0.029900 1.000000
vt 0.029900 0.000000
vt 0.064300 1.000000
vt 0.064300 0.000000
vt 0.078000 1.000000
vt 0.078000 0.000000
vt 0.140200 1.000000
vt 0.140200 0.000000
vt 0.207600 1.000000
vt 0.207600 0.000000
vt 0.293900 1.000000
vt 0.293900 0.000000
vt 0.319300 1.000000
vt 0.319300 0.000000
vt 0.336800 1.000000
vt 0.336800 0.000000
vt 0.378000 1.000000
vt 0.378000 0.000000
vt 0.394300 1.000000
vt 0.394300 0.000000
vt 0.417700 1.000000
vt 0.417700 0.000000
vt 0.489500 1.000000
vt 0.489500 0.000000
vt 0.513700 1.000000
vt 0.513700 0.000000
vt 0.547600 1.000000
vt 0.547600 0.000000
vt 0.571900 1.000000
vt 0.571900 0.000000
vt 0.624300 1.000000
vt 0.624300 0.000000
vt 0.647200 1.000000
vt 0.647200 0.000000
vt 0.690300 1.000000
vt 0.690300 0.000000
vt 0.716900 1.000000
vt 0.716900 0.000000
vt 0.808500 1.000000
vt 0.808500 0.000000
vt 0.850200 1.000000
vt 0.850200 0.000000
vt 0.883000 1.000000
vt 0.883000 0.000000
vt 0.912600 1.000000
vt 0.912600 0.000000
vt 0.930300 1.000000
vt 0.930300 0.000000
vt 0.953700 1.000000
vt 0.953700 0.000000
vt 0.978700 1.000000
vt 0.978700 0.000000
vt 0.589500 0.000000
vt 0.805400 0.006000
vt 0.627000 0.079100
vt 0.811500 0.103000
vt 0.635200 0.270600
vt 0.887400 0.433400
vt 0.016400 0.327400
vt 0.000000 0.264600
vt 0.140100 0.305500
vt 0.092200 0.129800
vt 0.873000 0.737200
vt 0.922100 0.815000
vt 0.791800 0.762500
vt 1.000000 0.964600
vt 0.922100 0.967600
vt 1.000000 0.886800
vt 0.765000 0.557000
vt 0.520500 0.004300
vt 0.577900 0.082100
vt 0.160600 0.003000
vt 0.553300 0.204800
vt 0.088600 0.070200
vt 0.377000 0.569700
vt 0.713000 0.670700
vt 0.435400 0.812500
vt 0.627000 0.991500
vt 0.694900 0.983600
vt 0.865900 1.000000
vt 0.033500 1.000000
vt 0.033500 0.000000
vt 0.047200 1.000000
vt 0.047200 0.000000
vt 0.060800 1.000000
vt 0.060800 0.000000
vt 0.073700 1.000000
vt 0.073700 0.000000
vt 0.089000 1.000000
vt 0.089000 0.000000
vt 0.098900 1.000000
vt 0.098900 0.000000
vt 0.136400 1.000000
vt 0.136400 0.000000
vt 0.201100 1.000000
vt 0.201100 0.000000
vt 0.245800 1.000000
vt 0.245800 0.000000
vt 0.316300 1.000000
vt 0.316300 0.000000
vt 0.339200 1.000000
vt 0.339200 0.000000
vt 0.363600 1.000000
vt 0.363600 0.000000
vt 0.410700 1.000000
vt 0.410700 0.000000
vt 0.551900 1.000000
vt 0.551900 0.000000
vt 0.566300 1.000000
vt 0.566300 0.000000
vt 0.599400 1.000000
vt 0.599400 0.000000
vt 0.643400 1.000000
vt 0.643400 0.000000
vt 0.667400 1.000000
vt 0.667400 0.000000
vt 0.721700 1.000000
vt 0.721700 0.000000
vt 0.760100 1.000000
vt 0.760100 0.000000
vt 0.792500 1.000000
vt 0.792500 0.000000
vt 0.824100 1.000000
vt 0.824100 0.000000
vt 0.852700 1.000000
vt 0.852700 0.000000
vt 0.886700 1.000000
vt 0.886700 0.000000
vt 0.911600 1.000000
vt 0.911600 0.000000
vt 0.933200 1.000000
vt 0.933200 0.000000
vt 0.978600 1.000000
vt 0.978600 0.000000
vt 0.615900 0.006100
vt 0.592700 0.055300
vt 0.616000 0.999600
vt 0.587900 0.955400
vt 0.658600 0.963900
vt 0.067800 0.251500
vt 0.015800 0.173300
vt 0.138300 0.191400
vt 0.278400 0.422700
vt 0.655700 0.165100
vt 0.414200 0.540800
vt 0.650900 0.002800
vt 0.755600 0.006100
vt 0.796200 0.203400
vt 0.531800 0.954600
vt 0.526700 0.898300
vt 0.569400 0.891800
vt 0.848600 0.337900
vt 0.825400 0.455500
vt 0.751700 0.553900
vt 0.491800 0.770400
vt 0.767200 0.658900
vt 0.868900 0.749900
vt 0.798300 1.000000
vt 0.867900 0.947200
vt 0.960000 0.799800
vt 1.000000 0.872100
vt 0.976400 0.944800
vt 0.127100 0.999500
vt 0.127100 0.000500
vt 0.037900 0.000500
vt 0.037900 0.999500
vt 0.172100 0.999500
vt 0.172100 0.000500
vt 0.296100 0.999500
vt 0.296100 0.000500
vt 0.481500 0.999500
vt 0.481500 0.000500
vt 0.645500 0.999500
vt 0.645500 0.000500
vt 0.426800 0.999500
vt 0.426800 0.000500
vt 0.354500 0.000500
vt 0.354500 0.999500
vt 0.589600 0.999500
vt 0.589600 0.000500
vt 0.573200 0.000500
vt 0.573200 0.999500
vt 0.723700 0.999500
vt 0.723700 0.000500
vt 0.921200 0.999500
vt 0.921200 0.000500
vt 0.998400 0.999500
vt 0.998400 0.000500
vt 0.615400 0.999500
vt 0.615400 0.000500
vt 0.111700 0.000500
vt 0.111700 0.999500
vt 0.083500 0.999500
vt 0.083500 0.000500
vt 0.003500 0.000500
vt 0.003500 0.999500
vt 0.553500 0.999500
vt 0.553500 0.000500
vt 0.500300 0.000500
vt 0.500300 0.999500
vt 0.241100 0.999500
vt 0.241100 0.000500
vt 0.095500 0.000500
vt 0.095500 0.999500
vt 0.668600 0.999500
vt 0.668600 0.000500
vt 0.499500 0.000500
vt 0.499500 0.999500
vt 0.735500 0.999500
vt 0.735500 0.000500
vt 0.728400 0.000500
vt 0.728400 0.999500
vt 0.757000 0.999500
vt 0.757000 0.000500
vt 0.787700 0.999500
vt 0.787700 0.000500
vt 0.822300 0.999500
vt 0.822300 0.000500
vt 0.855300 0.999500
vt 0.855300 0.000500
vt 0.881400 0.999500
vt 0.881400 0.000500
vt 0.895400 0.999500
vt 0.895400 0.000500
vt 0.903200 0.999500
vt 0.903200 0.000500
vt 0.914300 0.999500
vt 0.914300 0.000500
vt 0.928100 0.999500
vt 0.928100 0.000500
vt 0.944100 0.999500
vt 0.944100 0.000500
vt 0.961600 0.999500
vt 0.961600 0.000500
vt 0.980300 0.999500
vt 0.980300 0.000500
vt 0.997300 0.999500
vt 0.997300 0.000500
vt 0.775100 0.000500
vt 0.775100 0.999500
vt 0.149500 0.999500
vt 0.149500 0.000500
vt 0.001800 0.000500
vt 0.001800 0.999500
vt 0.264600 0.999500
vt 0.264600 0.000500
vt 0.416500 0.999500
vt 0.416500 0.000500
vt 0.547600 0.999500
vt 0.547600 0.000500
vt 0.650100 0.999500
vt 0.650100 0.000500
vt 0.409900 0.999500
vt 0.409900 0.000500
vt 0.349900 0.000500
vt 0.349900 0.999500
vt 0.727700 0.999500
vt 0.727700 0.000500
vt 0.590100 0.000500
vt 0.590100 0.999500
vt 0.956100 0.000500
vt 0.956100 0.999500
vt 0.798400 0.999500
vt 0.798400 0.000500
vt 0.742100 0.000500
vt 0.742100 0.999500
vt 0.847900 0.999500
vt 0.847900 0.000500
vt 0.064800 0.999500
vt 0.064800 0.000500
vt 0.025500 0.000500
vt 0.025500 0.999500
vt 0.166400 0.999500
vt 0.166400 0.000500
vt 0.145100 0.000500
vt 0.145100 0.999500
vt 0.873800 0.999500
vt 0.873800 0.000500
vt 0.833600 0.000500
vt 0.833600 0.999500
vt 0.194900 0.999500
vt 0.194900 0.000500
vt 0.131300 0.000500
vt 0.131300 0.999500
vt 0.880900 0.000500
vt 0.880900 0.999500
vt 0.000500 0.000500
vt 0.000500 0.999500
vt 0.615500 0.003000
vt 0.499700 0.083100
vt 0.111300 0.001100
vt 0.446400 0.095100
vt 0.997800 0.001300
vt 0.855600 0.149200
vt 0.775400 0.000000
vt 0.766800 0.019200
vt 0.758500 0.037900
vt 0.750800 0.055500
vt 0.744000 0.071500
vt 0.738300 0.085300
vt 0.734100 0.096400
vt 0.895600 0.590200
vt 0.956500 0.727900
vt 0.793300 0.650300
vt 0.731600 0.104300
vt 0.719500 1.000000
vt 0.667000 0.962600
vt 0.805400 0.881300
vt 0.728100 0.118200
vt 0.098500 0.078400
vt 0.721300 0.144400
vt 0.577300 0.873200
vt 0.839800 0.264400
vt 0.712000 0.177400
vt 0.701200 0.212000
vt 0.689800 0.242700
vt 0.028100 0.426800
vt 0.003500 0.410300
vt 0.164300 0.354400
vt 0.000000 0.276100
vt 0.678700 0.264300
vt 0.895400 0.416400
vt 0.668700 0.271300
vt 0.756300 0.547600
vt 0.499500 0.240800
vt 0.416000 0.518500
vt 0.473300 0.704100
vt 0.491100 0.828200
vt 0.869100 0.874200
vt 0.898200 0.833900
vt 1.000000 0.742300
vt 0.998900 0.798700
vt 0.975000 0.848300
vt 0.935600 0.855200
vt 0.222900 0.999500
vt 0.222900 0.000500
vt 0.066400 0.000500
vt 0.066400 0.999500
vt 0.294100 0.999500
vt 0.294100 0.000500
vt 0.348900 0.999500
vt 0.348900 0.000500
vt 0.748600 0.999500
vt 0.748600 0.000500
vt 0.694700 0.000500
vt 0.694700 0.999500
vt 0.446900 0.999500
vt 0.446900 0.000500
vt 0.517200 0.999500
vt 0.517200 0.000500
vt 0.628400 0.999500
vt 0.628400 0.000500
vt 0.684300 0.999500
vt 0.684300 0.000500
vt 0.804600 0.999500
vt 0.804600 0.000500
vt 0.357600 0.999500
vt 0.357600 0.000500
vt 0.341100 0.999500
vt 0.341100 0.000500
vt 0.528800 0.999500
vt 0.528800 0.000500
vt 0.447100 0.000500
vt 0.447100 0.999500
vt 0.835400 0.999500
vt 0.835400 0.000500
vt 0.654100 0.000500
vt 0.654100 0.999500
vt 0.949200 0.999500
vt 0.949200 0.000500
vt 0.497300 0.999500
vt 0.497300 0.000500
vt 0.373800 0.000500
vt 0.373800 0.999500
vt 0.502700 0.000500
vt 0.502700 0.999500
vt 0.249700 0.999500
vt 0.249700 0.000500
vt 0.235800 0.999500
vt 0.235800 0.000500
vt 0.057900 0.000500
vt 0.057900 0.999500
vt 0.464600 0.999500
vt 0.464600 0.000500
vt 0.681300 0.999500
vt 0.681300 0.000500
vt 0.730500 0.999500
vt 0.730500 0.000500
vt 0.340200 0.999500
vt 0.340200 0.000500
vt 0.269500 0.000500
vt 0.269500 0.999500
vt 0.751900 0.999500
vt 0.751900 0.000500
vt 0.659800 0.000500
vt 0.659800 0.999500
vt 0.704800 0.000500
vt 0.704800 0.999500
vt 0.768000 0.999500
vt 0.768000 0.000500
vt 0.714000 0.000500
vt 0.714000 0.999500
vt 0.859600 0.999500
vt 0.859600 0.000500
vt 0.888900 0.999500
vt 0.888900 0.000500
vt 0.959700 0.999500
vt 0.959700 0.000500
vt 0.405000 0.999500
vt 0.405000 0.000500
vt 0.335900 0.000500
vt 0.335900 0.999500
vt 0.434400 0.999500
vt 0.434400 0.000500
vt 0.979600 0.999500
vt 0.979600 0.000500
vt 0.947600 0.000500
vt 0.947600 0.999500
vt 0.506400 0.999500
vt 0.506400 0.000500
vt 0.468000 0.000500
vt 0.468000 0.999500
vt 0.597000 0.999500
vt 0.597000 0.000500
vt 0.027300 0.999500
vt 0.027300 0.000500
vt 0.736300 0.999500
vt 0.736300 0.000500
vt 0.605700 0.000500
vt 0.605700 0.999500
vt 0.003700 0.000500
vt 0.003700 0.999500
vt 1.000000 0.004900
vt 0.750500 0.057400
vt 0.502700 0.005300
vt 0.626300 0.050400
vt 0.357400 0.000000
vt 0.215100 0.195100
vt 0.447000 0.340900
vt 0.239700 0.315500
vt 0.642100 0.660000
vt 0.705000 0.752200
vt 0.601000 0.730800
vt 0.649600 0.235500
vt 0.567000 0.164200
vt 0.528800 0.345800
vt 0.666800 0.464600
vt 0.757300 0.714200
vt 0.783500 0.768200
vt 0.713600 0.859900
vt 0.402900 1.000000
vt 0.394200 0.973200
vt 0.493600 0.964300
vt 0.263400 0.996800
vt 0.256300 0.934000
vt 0.364600 0.777400
vt 0.251100 0.629000
vt 0.284100 0.553200
vt 0.305100 0.651200
vt 0.550700 0.681400
vt 0.532100 0.980100
vt 0.565600 0.948000
vt 0.202300 0.371500
vt 0.238200 0.482800
vt 0.319100 0.706100
vt 0.712900 0.889300
vt 0.664300 0.960200
vt 0.595100 0.965300
vt 0.031100 1.000000
vt 0.031100 0.000000
vt 0.043400 1.000000
vt 0.043400 0.000000
vt 0.056900 1.000000
vt 0.056900 0.000000
vt 0.084500 1.000000
vt 0.084500 0.000000
vt 0.104100 1.000000
vt 0.104100 0.000000
vt 0.132000 1.000000
vt 0.132000 0.000000
vt 0.142200 1.000000
vt 0.142200 0.000000
vt 0.147600 1.000000
vt 0.147600 0.000000
vt 0.157400 1.000000
vt 0.157400 0.000000
vt 0.173800 1.000000
vt 0.173800 0.000000
vt 0.197700 1.000000
vt 0.197700 0.000000
vt 0.232200 1.000000
vt 0.232200 0.000000
vt 0.364300 1.000000
vt 0.364300 0.000000
vt 0.410400 1.000000
vt 0.410400 0.000000
vt 0.435200 1.000000
vt 0.435200 0.000000
vt 0.461000 1.000000
vt 0.461000 0.000000
vt 0.465000 1.000000
vt 0.465000 0.000000
vt 0.472300 1.000000
vt 0.472300 0.000000
vt 0.477900 1.000000
vt 0.477900 0.000000
vt 0.502000 1.000000
vt 0.502000 0.000000
vt 0.514400 1.000000
vt 0.514400 0.000000
vt 0.523100 1.000000
vt 0.523100 0.000000
vt 0.529700 1.000000
vt 0.529700 0.000000
vt 0.539200 1.000000
vt 0.539200 0.000000
vt 0.548300 1.000000
vt 0.548300 0.000000
vt 0.556500 1.000000
vt 0.556500 0.000000
vt 0.568400 1.000000
vt 0.568400 0.000000
vt 0.581200 1.000000
vt 0.581200 0.000000
vt 0.603900 1.000000
vt 0.603900 0.000000
vt 0.614500 1.000000
vt 0.614500 0.000000
vt 0.624700 1.000000
vt 0.624700 0.000000
vt 0.644300 1.000000
vt 0.644300 0.000000
vt 0.660800 1.000000
vt 0.660800 0.000000
vt 0.679200 1.000000
vt 0.679200 0.000000
vt 0.693300 1.000000
vt 0.693300 0.000000
vt 0.708500 1.000000
vt 0.708500 0.000000
vt 0.726100 1.000000
vt 0.726100 0.000000
vt 0.751700 1.000000
vt 0.751700 0.000000
vt 0.759000 1.000000
vt 0.759000 0.000000
vt 0.776700 1.000000
vt 0.776700 0.000000
vt 0.791300 1.000000
vt 0.791300 0.000000
vt 0.807500 1.000000
vt 0.807500 0.000000
vt 0.841800 1.000000
vt 0.841800 0.000000
vt 0.850100 1.000000
vt 0.850100 0.000000
vt 0.858100 1.000000
vt 0.858100 0.000000
vt 0.876800 1.000000
vt 0.876800 0.000000
vt 0.898500 1.000000
vt 0.898500 0.000000
vt 0.911200 1.000000
vt 0.911200 0.000000
vt 0.928100 1.000000
vt 0.928100 0.000000
vt 0.950900 1.000000
vt 0.950900 0.000000
vt 0.984600 1.000000
vt 0.984600 0.000000
vt 0.745600 0.905400
vt 0.797600 0.819900
vt 0.782200 0.871300
vt 0.812100 0.826200
vt 0.826500 0.982600
vt 0.796300 1.000000
vt 0.710200 0.956900
vt 0.715600 0.985000
vt 0.664900 0.933900
vt 0.671200 0.874500
vt 0.636200 0.853800
vt 0.679000 0.793600
vt 0.649200 0.785100
vt 0.714400 0.701300
vt 0.723100 0.738300
vt 0.022200 0.001300
vt 0.632400 0.000000
vt 0.056000 0.181300
vt 0.669800 0.242200
vt 0.071600 0.307600
vt 0.099700 0.389100
vt 0.847300 0.712000
vt 0.808000 0.732700
vt 0.834000 0.645700
vt 0.726100 0.659200
vt 0.156500 0.963800
vt 0.084600 0.967500
vt 0.172400 0.883700
vt 0.134100 0.423300
vt 0.155200 0.408500
vt 0.174700 0.458000
vt 0.873300 0.360200
vt 0.905800 0.370700
vt 0.862900 0.378300
vt 0.915500 0.398000
vt 0.023900 0.923400
vt 0.000000 0.863800
vt 0.002600 0.791700
vt 0.078100 0.672900
vt 0.326900 0.858900
vt 0.401100 0.772900
vt 0.088900 0.569000
vt 0.479000 0.765800
vt 0.534900 0.745100
vt 0.603900 0.660900
vt 0.748900 0.338100
vt 0.689800 0.650300
vt 0.852500 0.585700
vt 1.000000 0.482100
vt 0.890200 0.588700
vt 0.987800 0.546600
vt 0.928900 0.608200
vt 0.989100 0.593200
vt 0.970900 0.621800
s 1
usemtl 3d66_Standardmaterial_17342430_129
f 3/1/1 2/2/2 1/3/2
f 4/4/3 3/1/1 1/3/2
f 6/5/4 5/6/5 2/2/6
f 3/1/7 6/5/4 2/2/6
f 8/7/8 7/8/9 5/6/10
f 6/5/11 8/7/8 5/6/10
f 10/9/12 9/10/13 7/8/14
f 8/7/15 10/9/12 7/8/14
f 12/11/16 11/12/17 9/10/18
f 10/9/19 12/11/16 9/10/18
f 14/13/20 13/14/21 11/12/22
f 12/11/23 14/13/20 11/12/22
f 16/15/24 15/16/25 13/14/26
f 14/13/27 16/15/24 13/14/26
f 18/17/28 17/18/29 15/16/30
f 16/15/31 18/17/28 15/16/30
f 20/19/32 19/20/33 17/18/34
f 18/17/35 20/19/32 17/18/34
f 22/21/36 21/22/37 19/20/38
f 20/19/39 22/21/36 19/20/38
f 24/23/40 23/24/41 21/22/42
f 22/21/43 24/23/40 21/22/42
f 26/25/44 25/26/45 23/24/45
f 24/23/46 26/25/44 23/24/45
f 28/27/47 27/28/48 25/26/49
f 26/25/50 28/27/47 25/26/49
f 30/29/51 29/30/52 27/28/53
f 28/27/54 30/29/51 27/28/53
f 32/31/55 31/32/56 29/30/57
f 30/29/58 32/31/55 29/30/57
f 34/33/59 33/34/60 31/32/61
f 32/31/62 34/33/59 31/32/61
f 36/35/63 35/36/64 33/34/65
f 34/33/66 36/35/63 33/34/65
f 38/37/67 37/38/68 35/36/69
f 36/35/70 38/37/67 35/36/69
f 40/39/71 39/40/72 37/38/73
f 38/37/74 40/39/71 37/38/73
f 42/41/75 41/42/76 39/40/76
f 40/39/77 42/41/75 39/40/76
f 44/43/78 43/44/79 41/42/80
f 42/41/81 44/43/78 41/42/80
f 46/45/82 45/46/83 43/44/83
f 44/43/82 46/45/82 43/44/83
f 48/47/84 47/48/85 45/46/86
f 46/45/84 48/47/84 45/46/86
f 50/49/87 49/50/87 47/48/88
f 48/47/89 50/49/87 47/48/88
f 52/51/90 51/52/91 49/50/92
f 50/49/93 52/51/90 49/50/92
f 54/53/94 53/54/94 51/52/95
f 52/51/96 54/53/94 51/52/95
f 56/55/97 55/56/97 53/54/97
f 54/53/97 56/55/97 53/54/97
f 58/57/98 57/58/99 55/56/100
f 56/55/101 58/57/98 55/56/100
f 60/59/102 59/60/103 57/58/103
f 58/57/104 60/59/102 57/58/103
f 62/61/105 61/62/106 59/60/107
f 60/59/108 62/61/105 59/60/107
f 64/63/109 63/64/110 61/62/111
f 62/61/112 64/63/109 61/62/111
f 66/65/113 65/66/114 63/64/113
f 64/63/113 66/65/113 63/64/113
f 68/67/115 67/68/116 65/66/117
f 66/65/118 68/67/115 65/66/117
f 70/69/119 69/70/120 67/68/121
f 68/67/122 70/69/119 67/68/121
f 72/71/123 71/72/124 69/70/125
f 70/69/123 72/71/123 69/70/125
f 74/73/126 73/74/127 71/72/128
f 72/71/129 74/73/126 71/72/128
f 76/75/130 75/76/131 73/74/132
f 74/73/130 76/75/130 73/74/132
f 4/77/133 1/78/134 75/76/135
f 76/75/136 4/77/133 75/76/135
f 79/117/187 78/118/188 77/3/189
f 80/4/190 79/117/187 77/3/189
f 82/119/191 81/120/192 78/118/193
f 79/117/191 82/119/191 78/118/193
f 84/121/194 83/122/195 81/120/196
f 82/119/197 84/121/194 81/120/196
f 86/123/198 85/124/199 83/122/200
f 84/121/198 86/123/198 83/122/200
f 88/125/201 87/126/202 85/124/203
f 86/123/204 88/125/201 85/124/203
f 90/127/205 89/128/206 87/126/207
f 88/125/205 90/127/205 87/126/207
f 92/129/208 91/130/209 89/128/210
f 90/127/211 92/129/208 89/128/210
f 94/131/212 93/132/213 91/130/214
f 92/129/215 94/131/212 91/130/214
f 96/133/216 95/134/217 93/132/218
f 94/131/219 96/133/216 93/132/218
f 98/135/220 97/136/221 95/134/222
f 96/133/223 98/135/220 95/134/222
f 100/137/224 99/138/225 97/136/226
f 98/135/227 100/137/224 97/136/226
f 102/139/228 101/140/229 99/138/230
f 100/137/231 102/139/228 99/138/230
f 104/141/232 103/142/232 101/140/232
f 102/139/232 104/141/232 101/140/232
f 106/143/233 105/144/234 103/142/235
f 104/141/233 106/143/233 103/142/235
f 108/145/236 107/146/237 105/144/238
f 106/143/239 108/145/236 105/144/238
f 110/147/240 109/148/241 107/146/242
f 108/145/243 110/147/240 107/146/242
f 112/149/244 111/150/245 109/148/246
f 110/147/247 112/149/244 109/148/246
f 114/151/248 113/152/249 111/150/249
f 112/149/250 114/151/248 111/150/249
f 116/153/251 115/154/252 113/152/252
f 114/151/251 116/153/251 113/152/252
f 118/155/253 117/156/254 115/154/255
f 116/153/256 118/155/253 115/154/255
f 120/157/257 119/158/258 117/156/258
f 118/155/259 120/157/257 117/156/258
f 122/159/260 121/160/261 119/158/262
f 120/157/263 122/159/260 119/158/262
f 124/161/264 123/162/265 121/160/266
f 122/159/267 124/161/264 121/160/266
f 126/163/268 125/164/269 123/162/270
f 124/161/268 126/163/268 123/162/270
f 128/165/271 127/166/271 125/164/271
f 126/163/272 128/165/271 125/164/271
f 130/167/273 129/168/274 127/166/275
f 128/165/276 130/167/273 127/166/275
f 132/169/277 131/170/278 129/168/279
f 130/167/280 132/169/277 129/168/279
f 134/171/281 133/172/282 131/170/283
f 132/169/284 134/171/281 131/170/283
f 136/173/285 135/174/286 133/172/285
f 134/171/287 136/173/285 133/172/285
f 138/175/288 137/176/289 135/174/289
f 136/173/289 138/175/288 135/174/289
f 140/177/290 139/178/291 137/176/292
f 138/175/293 140/177/290 137/176/292
f 142/179/294 141/180/295 139/178/296
f 140/177/297 142/179/294 139/178/296
f 144/181/298 143/182/299 141/180/300
f 142/179/301 144/181/298 141/180/300
f 146/183/302 145/184/303 143/182/304
f 144/181/305 146/183/302 143/182/304
f 148/185/306 147/186/307 145/184/308
f 146/183/309 148/185/306 145/184/308
f 150/187/310 149/188/311 147/186/310
f 148/185/312 150/187/310 147/186/310
f 152/189/313 151/190/313 149/188/313
f 150/187/314 152/189/313 149/188/313
f 154/191/315 153/192/316 151/190/316
f 152/189/317 154/191/315 151/190/316
f 156/193/318 155/194/318 153/192/318
f 154/191/318 156/193/318 153/192/318
f 158/195/319 157/196/319 155/194/319
f 156/193/320 158/195/319 155/194/319
f 160/197/321 159/198/322 157/196/322
f 158/195/323 160/197/321 157/196/322
f 80/77/324 77/78/325 159/198/326
f 160/197/327 80/77/324 159/198/326
f 245/404/588 244/405/589 243/3/590
f 246/4/591 245/404/588 243/3/590
f 248/406/592 247/407/593 244/405/594
f 245/404/595 248/406/592 244/405/594
f 250/408/596 249/409/597 247/407/598
f 248/406/599 250/408/596 247/407/598
f 252/410/600 251/411/601 249/409/602
f 250/408/603 252/410/600 249/409/602
f 254/412/604 253/413/605 251/411/604
f 252/410/606 254/412/604 251/411/604
f 256/414/607 255/415/608 253/413/609
f 254/412/607 256/414/607 253/413/609
f 258/416/610 257/417/611 255/415/612
f 256/414/613 258/416/610 255/415/612
f 260/418/614 259/419/615 257/417/616
f 258/416/617 260/418/614 257/417/616
f 262/420/618 261/421/619 259/419/620
f 260/418/621 262/420/618 259/419/620
f 264/422/622 263/423/623 261/421/624
f 262/420/625 264/422/622 261/421/624
f 266/424/626 265/425/627 263/423/627
f 264/422/628 266/424/626 263/423/627
f 268/426/629 267/427/630 265/425/631
f 266/424/632 268/426/629 265/425/631
f 270/428/633 269/429/634 267/427/633
f 268/426/635 270/428/633 267/427/633
f 272/430/636 271/431/637 269/429/638
f 270/428/639 272/430/636 269/429/638
f 274/432/640 273/433/641 271/431/642
f 272/430/643 274/432/640 271/431/642
f 276/434/644 275/435/645 273/433/646
f 274/432/647 276/434/644 273/433/646
f 278/436/648 277/437/649 275/435/650
f 276/434/651 278/436/648 275/435/650
f 280/438/652 279/439/653 277/437/654
f 278/436/655 280/438/652 277/437/654
f 282/440/656 281/441/657 279/439/658
f 280/438/659 282/440/656 279/439/658
f 284/442/660 283/443/661 281/441/662
f 282/440/663 284/442/660 281/441/662
f 286/444/664 285/445/664 283/443/665
f 284/442/666 286/444/664 283/443/665
f 288/446/667 287/447/668 285/445/669
f 286/444/670 288/446/667 285/445/669
f 290/448/671 289/449/672 287/447/673
f 288/446/674 290/448/671 287/447/673
f 292/450/675 291/451/676 289/449/677
f 290/448/678 292/450/675 289/449/677
f 294/452/679 293/453/680 291/451/681
f 292/450/682 294/452/679 291/451/681
f 296/454/683 295/455/684 293/453/685
f 294/452/683 296/454/683 293/453/685
f 298/456/686 297/457/687 295/455/688
f 296/454/689 298/456/686 295/455/688
f 246/77/690 243/78/691 297/457/692
f 298/456/693 246/77/690 297/457/692
f 301/486/740 300/487/741 299/3/742
f 302/4/743 301/486/740 299/3/742
f 304/488/744 303/489/745 300/487/746
f 301/486/744 304/488/744 300/487/746
f 306/490/747 305/491/748 303/489/749
f 304/488/750 306/490/747 303/489/749
f 308/492/751 307/493/752 305/491/752
f 306/490/753 308/492/751 305/491/752
f 310/494/754 309/495/755 307/493/756
f 308/492/757 310/494/754 307/493/756
f 312/496/758 311/497/759 309/495/760
f 310/494/761 312/496/758 309/495/760
f 314/498/762 313/499/763 311/497/763
f 312/496/764 314/498/762 311/497/763
f 316/500/765 315/501/766 313/499/765
f 314/498/767 316/500/765 313/499/765
f 318/502/768 317/503/769 315/501/770
f 316/500/771 318/502/768 315/501/770
f 320/504/772 319/505/773 317/503/774
f 318/502/775 320/504/772 317/503/774
f 322/506/776 321/507/777 319/505/778
f 320/504/779 322/506/776 319/505/778
f 324/508/780 323/509/781 321/507/782
f 322/506/783 324/508/780 321/507/782
f 326/510/784 325/511/785 323/509/786
f 324/508/787 326/510/784 323/509/786
f 328/512/788 327/513/789 325/511/790
f 326/510/791 328/512/788 325/511/790
f 330/514/792 329/515/793 327/513/792
f 328/512/794 330/514/792 327/513/792
f 332/516/795 331/517/796 329/515/796
f 330/514/797 332/516/795 329/515/796
f 334/518/798 333/519/799 331/517/800
f 332/516/801 334/518/798 331/517/800
f 336/520/802 335/521/803 333/519/804
f 334/518/805 336/520/802 333/519/804
f 338/522/806 337/523/807 335/521/808
f 336/520/809 338/522/806 335/521/808
f 340/524/810 339/525/811 337/523/812
f 338/522/813 340/524/810 337/523/812
f 342/526/814 341/527/815 339/525/814
f 340/524/814 342/526/814 339/525/814
f 344/528/816 343/529/817 341/527/818
f 342/526/819 344/528/816 341/527/818
f 346/530/820 345/531/821 343/529/822
f 344/528/820 346/530/820 343/529/822
f 348/532/823 347/533/824 345/531/825
f 346/530/826 348/532/823 345/531/825
f 350/534/827 349/535/828 347/533/829
f 348/532/830 350/534/827 347/533/829
f 352/536/831 351/537/831 349/535/832
f 350/534/831 352/536/831 349/535/832
f 354/454/833 353/455/834 351/537/833
f 352/536/835 354/454/833 351/537/833
f 356/538/836 355/539/837 353/455/838
f 354/454/839 356/538/836 353/455/838
f 302/77/840 299/78/841 355/539/842
f 356/538/843 302/77/840 355/539/842
usemtl 3d66_Standardmaterial_17342430_128
f 23/79/137 25/80/138 21/81/139
f 2/82/140 5/83/141 1/84/141
f 63/85/142 65/86/143 61/87/143
f 33/88/144 35/89/145 31/90/146
f 35/89/145 37/91/138 31/90/146
f 13/92/147 15/93/148 11/94/149
f 49/95/150 51/96/151 47/97/151
f 51/96/151 53/98/142 47/97/151
f 75/99/152 1/84/141 73/100/147
f 27/101/144 29/102/144 25/80/138
f 17/103/138 19/104/153 15/93/148
f 5/83/141 7/105/144 1/84/141
f 43/106/154 45/107/155 41/108/156
f 41/108/156 45/107/155 39/109/146
f 39/109/146 45/107/155 37/91/138
f 37/91/138 45/107/155 31/90/146
f 31/90/146 45/107/155 29/102/144
f 29/102/144 45/107/155 25/80/138
f 45/107/155 47/97/151 25/80/138
f 25/80/138 47/97/151 21/81/139
f 47/97/151 53/98/142 21/81/139
f 53/98/142 55/110/142 21/81/139
f 55/110/142 57/111/157 21/81/139
f 21/81/139 57/111/157 19/104/153
f 19/104/153 57/111/157 15/93/148
f 57/111/157 59/112/158 15/93/148
f 15/93/148 59/112/158 11/94/149
f 1/84/141 7/105/144 73/100/147
f 65/86/143 67/113/159 61/87/143
f 67/113/159 69/114/143 61/87/143
f 9/115/158 11/94/149 7/105/144
f 11/94/149 59/112/158 7/105/144
f 7/105/144 59/112/158 73/100/147
f 59/112/158 61/87/143 73/100/147
f 61/87/143 69/114/143 73/100/147
f 73/100/147 69/114/143 71/116/142
f 26/80/160 24/79/161 22/81/162
f 6/83/163 3/82/163 4/84/163
f 66/86/164 64/85/165 62/87/163
f 36/89/166 34/88/167 32/90/168
f 38/91/160 36/89/166 32/90/168
f 16/93/169 14/92/170 12/94/171
f 52/96/172 50/95/171 48/97/173
f 54/98/174 52/96/172 48/97/173
f 4/84/163 76/99/175 74/100/176
f 30/102/177 28/101/162 26/80/160
f 20/104/178 18/103/179 16/93/169
f 8/105/170 6/83/163 4/84/163
f 46/107/180 44/106/181 42/108/182
f 46/107/180 42/108/182 40/109/171
f 46/107/180 40/109/171 38/91/160
f 46/107/180 38/91/160 32/90/168
f 46/107/180 32/90/168 30/102/177
f 46/107/180 30/102/177 26/80/160
f 48/97/173 46/107/180 26/80/160
f 48/97/173 26/80/160 22/81/162
f 54/98/174 48/97/173 22/81/162
f 56/110/182 54/98/174 22/81/162
f 58/111/183 56/110/182 22/81/162
f 58/111/183 22/81/162 20/104/178
f 58/111/183 20/104/178 16/93/169
f 60/112/184 58/111/183 16/93/169
f 60/112/184 16/93/169 12/94/171
f 8/105/170 4/84/163 74/100/176
f 68/113/184 66/86/164 62/87/163
f 70/114/185 68/113/184 62/87/163
f 12/94/171 10/115/169 8/105/170
f 60/112/184 12/94/171 8/105/170
f 60/112/184 8/105/170 74/100/176
f 62/87/163 60/112/184 74/100/176
f 70/114/185 62/87/163 74/100/176
f 70/114/185 74/100/176 72/116/186
usemtl 3d66_Standardmaterial_17342430_130
f 133/199/328 135/200/328 131/201/329
f 119/202/329 121/203/330 117/204/328
f 93/205/331 95/206/329 91/207/332
f 153/208/333 155/209/334 151/210/332
f 127/211/335 129/212/336 125/213/329
f 89/214/333 91/207/332 87/215/332
f 85/216/337 87/215/332 83/217/338
f 117/204/328 121/203/330 115/218/329
f 123/219/335 125/213/329 121/203/330
f 107/220/339 109/221/340 105/222/341
f 155/209/334 157/223/342 151/210/332
f 135/200/328 137/224/343 131/201/329
f 143/225/344 145/226/344 141/227/338
f 145/226/344 147/228/337 141/227/338
f 141/227/338 147/228/337 139/229/345
f 113/230/344 115/218/329 111/231/346
f 101/232/347 103/233/339 99/234/348
f 131/201/329 137/224/343 129/212/336
f 159/235/349 77/236/350 157/223/342
f 77/236/350 78/237/351 157/223/342
f 147/228/337 149/238/329 139/229/345
f 137/224/343 139/229/345 129/212/336
f 129/212/336 139/229/345 125/213/329
f 125/213/329 139/229/345 121/203/330
f 121/203/330 139/229/345 115/218/329
f 139/229/345 149/238/329 115/218/329
f 115/218/329 149/238/329 111/231/346
f 111/231/346 149/238/329 109/221/340
f 109/221/340 149/238/329 105/222/341
f 105/222/341 149/238/329 103/233/339
f 149/238/329 151/210/332 103/233/339
f 103/233/339 151/210/332 99/234/348
f 81/239/352 83/217/338 78/237/351
f 78/237/351 83/217/338 157/223/342
f 157/223/342 83/217/338 151/210/332
f 151/210/332 83/217/338 99/234/348
f 83/217/338 87/215/332 99/234/348
f 87/215/332 91/207/332 99/234/348
f 91/207/332 95/206/329 99/234/348
f 95/206/329 97/240/350 99/234/348
f 136/200/353 134/199/353 132/201/354
f 122/203/355 120/202/356 118/204/357
f 96/206/355 94/205/358 92/207/359
f 156/209/353 154/208/353 152/210/360
f 130/212/356 128/211/356 126/213/361
f 92/207/359 90/214/362 88/215/358
f 88/215/358 86/216/360 84/217/363
f 122/203/355 118/204/357 116/218/364
f 126/213/361 124/219/365 122/203/355
f 110/221/366 108/220/367 106/222/368
f 158/223/369 156/209/353 152/210/360
f 138/224/365 136/200/353 132/201/354
f 146/226/370 144/225/371 142/227/370
f 148/228/372 146/226/370 142/227/370
f 148/228/372 142/227/370 140/229/373
f 116/218/364 114/230/374 112/231/375
f 104/233/376 102/232/358 100/234/358
f 138/224/365 132/201/354 130/212/356
f 80/236/373 160/235/373 158/223/369
f 79/237/377 80/236/373 158/223/369
f 150/238/367 148/228/372 140/229/373
f 140/229/373 138/224/365 130/212/356
f 140/229/373 130/212/356 126/213/361
f 140/229/373 126/213/361 122/203/355
f 140/229/373 122/203/355 116/218/364
f 150/238/367 140/229/373 116/218/364
f 150/238/367 116/218/364 112/231/375
f 150/238/367 112/231/375 110/221/366
f 150/238/367 110/221/366 106/222/368
f 150/238/367 106/222/368 104/233/376
f 152/210/360 150/238/367 104/233/376
f 152/210/360 104/233/376 100/234/358
f 84/217/363 82/239/367 79/237/377
f 84/217/363 79/237/377 158/223/369
f 84/217/363 158/223/369 152/210/360
f 84/217/363 152/210/360 100/234/358
f 88/215/358 84/217/363 100/234/358
f 92/207/359 88/215/358 100/234/358
f 96/206/355 92/207/359 100/234/358
f 98/240/358 96/206/355 100/234/358
usemtl 3d66_Standardmaterial_17342430_132
f 163/241/378 162/242/379 161/243/380
f 164/244/381 163/241/378 161/243/380
f 166/245/382 165/246/383 162/242/384
f 163/241/385 166/245/382 162/242/384
f 168/247/386 167/248/387 165/246/387
f 166/245/386 168/247/386 165/246/387
f 170/249/388 169/250/389 167/248/388
f 168/247/388 170/249/388 167/248/388
f 172/251/390 171/252/391 169/253/391
f 170/254/392 172/251/390 169/253/391
f 174/255/393 173/256/393 171/257/394
f 172/258/393 174/255/393 171/257/394
f 176/259/395 175/260/396 173/256/397
f 174/255/398 176/259/395 173/256/397
f 178/261/399 177/262/400 175/263/401
f 176/264/402 178/261/399 175/263/401
f 180/265/403 179/266/404 177/267/405
f 178/268/406 180/265/403 177/267/405
f 182/269/407 181/270/408 179/266/409
f 180/265/410 182/269/407 179/266/409
f 184/271/411 183/272/412 181/270/413
f 182/269/414 184/271/411 181/270/413
f 186/261/415 185/262/415 183/272/416
f 184/271/416 186/261/415 183/272/416
f 188/273/417 187/274/418 185/275/419
f 186/276/420 188/273/417 185/275/419
f 190/277/421 189/278/422 187/279/423
f 188/280/424 190/277/421 187/279/423
f 192/281/425 191/282/426 189/278/425
f 190/277/427 192/281/425 189/278/425
f 194/283/428 193/284/429 191/285/430
f 192/286/431 194/283/428 191/285/430
f 196/287/432 195/288/433 193/289/432
f 194/290/434 196/287/432 193/289/432
f 198/261/435 197/262/436 195/291/437
f 196/292/438 198/261/435 195/291/437
f 200/293/439 199/294/440 197/295/441
f 198/296/442 200/293/439 197/295/441
f 202/297/443 201/298/444 199/299/445
f 200/300/446 202/297/443 199/299/445
f 204/301/447 203/302/448 201/303/449
f 202/304/450 204/301/447 201/303/449
f 206/305/451 205/306/452 203/302/453
f 204/301/454 206/305/451 203/302/453
f 208/307/455 207/308/456 205/309/457
f 206/310/455 208/307/455 205/309/457
f 210/311/458 209/312/459 207/313/459
f 208/314/460 210/311/458 207/313/459
f 212/315/461 211/316/462 209/317/462
f 210/318/463 212/315/461 209/317/462
f 214/319/464 213/320/465 211/321/465
f 212/322/466 214/319/464 211/321/465
f 216/323/467 215/324/468 213/325/469
f 214/326/470 216/323/467 213/325/469
f 218/327/471 217/328/472 215/329/473
f 216/330/474 218/327/471 215/329/473
f 220/314/475 219/313/476 217/331/477
f 218/332/478 220/314/475 217/331/477
f 222/333/479 221/334/480 219/313/481
f 220/314/482 222/333/479 219/313/481
f 224/335/483 223/336/484 221/334/484
f 222/333/485 224/335/483 221/334/484
f 226/337/486 225/338/487 223/339/488
f 224/340/489 226/337/486 223/339/488
f 228/341/490 227/342/491 225/343/492
f 226/344/493 228/341/490 225/343/492
f 230/345/494 229/346/495 227/342/496
f 228/341/497 230/345/494 227/342/496
f 232/347/498 231/348/499 229/346/499
f 230/345/498 232/347/498 229/346/499
f 234/349/500 233/350/500 231/348/501
f 232/347/502 234/349/500 231/348/501
f 236/351/503 235/352/504 233/350/505
f 234/349/503 236/351/503 233/350/505
f 238/353/506 237/354/507 235/355/508
f 236/356/509 238/353/506 235/355/508
f 240/357/510 239/358/511 237/354/512
f 238/353/513 240/357/510 237/354/512
f 242/359/514 241/360/515 239/358/516
f 240/357/514 242/359/514 239/358/516
f 164/244/517 161/243/518 241/361/518
f 242/362/519 164/244/517 241/361/518
f 359/568/887 358/569/888 357/570/889
f 360/571/890 359/568/887 357/570/889
f 362/572/891 361/573/892 358/569/893
f 359/568/894 362/572/891 358/569/893
f 364/574/895 363/575/896 361/573/897
f 362/572/898 364/574/895 361/573/897
f 366/576/899 365/577/900 363/575/901
f 364/574/902 366/576/899 363/575/901
f 368/578/903 367/579/904 365/577/905
f 366/576/906 368/578/903 365/577/905
f 370/580/907 369/581/908 367/582/909
f 368/583/910 370/580/907 367/582/909
f 372/584/911 371/585/912 369/586/913
f 370/587/914 372/584/911 369/586/913
f 374/588/915 373/589/916 371/585/916
f 372/584/917 374/588/915 371/585/916
f 376/590/918 375/591/919 373/589/919
f 374/588/920 376/590/918 373/589/919
f 378/592/921 377/593/922 375/591/923
f 376/590/924 378/592/921 375/591/923
f 380/594/925 379/595/926 377/596/927
f 378/597/928 380/594/925 377/596/927
f 382/598/929 381/599/930 379/600/931
f 380/601/932 382/598/929 379/600/931
f 384/602/933 383/603/934 381/604/934
f 382/605/935 384/602/933 381/604/934
f 386/606/936 385/607/936 383/608/937
f 384/609/938 386/606/936 383/608/937
f 388/610/939 387/611/940 385/612/941
f 386/613/942 388/610/939 385/612/941
f 390/614/943 389/615/944 387/616/940
f 388/617/939 390/614/943 387/616/940
f 392/618/945 391/619/946 389/615/944
f 390/614/943 392/618/945 389/615/944
f 394/620/947 393/621/948 391/619/946
f 392/618/945 394/620/947 391/619/946
f 396/622/949 395/623/950 393/621/948
f 394/620/947 396/622/949 393/621/948
f 398/624/951 397/625/952 395/623/950
f 396/622/949 398/624/951 395/623/950
f 400/626/953 399/627/954 397/625/952
f 398/624/951 400/626/953 397/625/952
f 402/628/955 401/629/956 399/627/954
f 400/626/953 402/628/955 399/627/954
f 404/630/957 403/631/958 401/629/956
f 402/628/955 404/630/957 401/629/956
f 406/632/959 405/633/960 403/631/958
f 404/630/957 406/632/959 403/631/958
f 408/634/961 407/635/962 405/633/960
f 406/632/959 408/634/961 405/633/960
f 410/636/963 409/637/964 407/635/962
f 408/634/961 410/636/963 407/635/962
f 412/638/965 411/639/966 409/637/964
f 410/636/963 412/638/965 409/637/964
f 414/640/967 413/641/968 411/639/966
f 412/638/965 414/640/967 411/639/966
f 416/261/969 415/262/970 413/641/968
f 414/640/967 416/261/969 413/641/968
f 418/642/971 417/643/972 415/644/971
f 416/645/973 418/642/971 415/644/971
f 420/646/974 419/647/975 417/648/976
f 418/649/977 420/646/974 417/648/976
f 422/650/978 421/651/979 419/647/980
f 420/646/981 422/650/978 419/647/980
f 424/652/982 423/653/983 421/651/984
f 422/650/984 424/652/982 421/651/984
f 426/654/985 425/655/986 423/653/987
f 424/652/988 426/654/985 423/653/987
f 428/656/989 427/657/990 425/655/991
f 426/654/992 428/656/989 425/655/991
f 430/658/993 429/659/994 427/660/995
f 428/661/996 430/658/993 427/660/995
f 432/662/997 431/663/998 429/664/999
f 430/665/1000 432/662/997 429/664/999
f 434/261/1001 433/262/1002 431/666/1003
f 432/667/1004 434/261/1001 431/666/1003
f 436/668/1005 435/669/1006 433/670/1007
f 434/671/1008 436/668/1005 433/670/1007
f 438/672/1009 437/673/1010 435/669/1010
f 436/668/1010 438/672/1009 435/669/1010
f 440/674/1011 439/675/1012 437/676/1013
f 438/677/1014 440/674/1011 437/676/1013
f 442/678/1015 441/679/1016 439/680/1017
f 440/681/1018 442/678/1015 439/680/1017
f 444/682/1019 443/683/1020 441/684/1021
f 442/685/1022 444/682/1019 441/684/1021
f 446/686/1023 445/687/1024 443/688/1025
f 444/689/1026 446/686/1023 443/688/1025
f 448/261/1027 447/262/1028 445/690/1029
f 446/691/1030 448/261/1027 445/690/1029
f 360/571/1031 357/570/1032 447/692/1033
f 448/693/1034 360/571/1031 447/692/1033
f 451/740/1091 450/741/1092 449/742/1093
f 452/743/1094 451/740/1091 449/742/1093
f 454/744/1095 453/745/1096 450/741/1097
f 451/740/1098 454/744/1095 450/741/1097
f 456/746/1099 455/747/1100 453/745/1100
f 454/744/1101 456/746/1099 453/745/1100
f 458/748/1102 457/749/1103 455/750/1104
f 456/751/1102 458/748/1102 455/750/1104
f 460/752/1105 459/753/1106 457/328/1107
f 458/327/1108 460/752/1105 457/328/1107
f 462/754/1109 461/755/1110 459/753/1111
f 460/752/1112 462/754/1109 459/753/1111
f 464/756/1113 463/757/1114 461/755/1115
f 462/754/1116 464/756/1113 461/755/1115
f 466/758/1117 465/759/1118 463/757/1119
f 464/756/1120 466/758/1117 463/757/1119
f 468/760/1121 467/761/1122 465/759/1123
f 466/758/1124 468/760/1121 465/759/1123
f 470/261/1125 469/262/1126 467/761/1127
f 468/760/1128 470/261/1125 467/761/1127
f 472/762/1129 471/763/1130 469/692/1131
f 470/693/1132 472/762/1129 469/692/1131
f 474/764/1133 473/765/1134 471/692/1135
f 472/693/1136 474/764/1133 471/692/1135
f 476/766/1137 475/767/1138 473/768/1139
f 474/769/1140 476/766/1137 473/768/1139
f 478/770/1141 477/771/1142 475/772/1143
f 476/773/1144 478/770/1141 475/772/1143
f 480/774/1145 479/775/1146 477/771/1146
f 478/770/1147 480/774/1145 477/771/1146
f 482/776/1148 481/777/1149 479/778/1150
f 480/779/1151 482/776/1148 479/778/1150
f 484/261/1152 483/262/1153 481/780/1154
f 482/781/1155 484/261/1152 481/780/1154
f 486/782/1156 485/783/1157 483/692/1158
f 484/693/1159 486/782/1156 483/692/1158
f 488/784/1160 487/785/1161 485/786/1162
f 486/787/1161 488/784/1160 485/786/1162
f 490/788/1163 489/789/1164 487/785/1165
f 488/784/1166 490/788/1163 487/785/1165
f 492/790/1167 491/791/1168 489/789/1169
f 490/788/1168 492/790/1167 489/789/1169
f 494/792/1170 493/793/1171 491/791/1172
f 492/790/1173 494/792/1170 491/791/1172
f 496/794/1174 495/795/1175 493/796/1176
f 494/797/1174 496/794/1174 493/796/1176
f 498/798/1177 497/799/1178 495/800/1179
f 496/801/1180 498/798/1177 495/800/1179
f 500/618/1181 499/619/1182 497/802/1181
f 498/803/1182 500/618/1181 497/802/1181
f 502/804/1183 501/805/1184 499/806/1185
f 500/807/1186 502/804/1183 499/806/1185
f 504/808/1187 503/809/1188 501/805/1189
f 502/804/1190 504/808/1187 501/805/1189
f 506/810/1191 505/811/1192 503/809/1192
f 504/808/1193 506/810/1191 503/809/1192
f 508/812/1194 507/813/1195 505/811/1196
f 506/810/1197 508/812/1194 505/811/1196
f 510/814/1198 509/815/1199 507/816/1200
f 508/817/1201 510/814/1198 507/816/1200
f 512/818/1202 511/819/1203 509/815/1203
f 510/814/1204 512/818/1202 509/815/1203
f 514/820/1205 513/821/1206 511/822/1207
f 512/823/1205 514/820/1205 511/822/1207
f 516/824/1208 515/825/1209 513/826/1210
f 514/827/1208 516/824/1208 513/826/1210
f 518/828/1211 517/829/1212 515/825/1213
f 516/824/1214 518/828/1211 515/825/1213
f 520/830/1215 519/831/1216 517/692/1217
f 518/693/1218 520/830/1215 517/692/1217
f 522/832/1219 521/833/1220 519/834/1221
f 520/835/1222 522/832/1219 519/834/1221
f 452/743/1223 449/742/1224 521/836/1225
f 522/837/1226 452/743/1223 521/836/1225
usemtl 3d66_Standardmaterial_17342430_131
f 193/363/520 195/364/521 191/365/522
f 209/366/523 211/367/524 207/368/524
f 197/369/525 199/370/526 195/364/521
f 199/370/526 201/371/527 195/364/521
f 241/372/528 161/373/529 239/374/530
f 195/364/521 201/371/527 191/365/522
f 187/375/531 189/376/532 185/377/533
f 189/376/532 191/365/522 185/377/533
f 175/378/534 177/379/535 173/380/534
f 177/379/535 179/381/536 173/380/534
f 173/380/534 179/381/536 171/382/537
f 179/381/536 181/383/538 171/382/537
f 235/384/528 237/385/530 233/386/539
f 237/385/530 239/374/530 233/386/539
f 239/374/530 161/373/529 233/386/539
f 185/377/533 191/365/522 183/387/540
f 183/387/540 191/365/522 181/383/538
f 181/383/538 191/365/522 171/382/537
f 171/382/537 191/365/522 169/388/541
f 191/365/522 201/371/527 169/388/541
f 225/389/524 227/390/533 223/391/542
f 233/386/539 161/373/529 231/392/543
f 161/373/529 162/393/544 231/392/543
f 162/393/544 165/394/545 231/392/543
f 231/392/543 165/394/545 229/395/546
f 229/395/546 165/394/545 227/390/533
f 227/390/533 165/394/545 223/391/542
f 165/394/545 167/396/533 223/391/542
f 223/391/542 167/396/533 221/397/544
f 167/396/533 169/388/541 221/397/544
f 221/397/544 169/388/541 219/398/547
f 219/398/547 169/388/541 217/399/548
f 169/388/541 201/371/527 217/399/548
f 217/399/548 201/371/527 215/400/549
f 215/400/549 201/371/527 213/401/550
f 213/401/550 201/371/527 211/367/524
f 211/367/524 201/371/527 207/368/524
f 201/371/527 203/402/551 207/368/524
f 203/402/551 205/403/550 207/368/524
f 196/364/552 194/363/553 192/365/554
f 212/367/555 210/366/556 208/368/557
f 200/370/558 198/369/559 196/364/552
f 202/371/560 200/370/558 196/364/552
f 164/373/561 242/372/561 240/374/562
f 202/371/560 196/364/552 192/365/554
f 190/376/563 188/375/564 186/377/565
f 192/365/554 190/376/563 186/377/565
f 178/379/566 176/378/567 174/380/566
f 180/381/568 178/379/566 174/380/566
f 180/381/568 174/380/566 172/382/569
f 182/383/570 180/381/568 172/382/569
f 238/385/571 236/384/572 234/386/561
f 240/374/562 238/385/571 234/386/561
f 164/373/561 240/374/562 234/386/561
f 192/365/554 186/377/565 184/387/573
f 192/365/554 184/387/573 182/383/570
f 192/365/554 182/383/570 172/382/569
f 192/365/554 172/382/569 170/388/574
f 202/371/560 192/365/554 170/388/574
f 228/390/575 226/389/576 224/391/577
f 164/373/561 234/386/561 232/392/578
f 163/393/579 164/373/561 232/392/578
f 166/394/580 163/393/579 232/392/578
f 166/394/580 232/392/578 230/395/581
f 166/394/580 230/395/581 228/390/575
f 166/394/580 228/390/575 224/391/577
f 168/396/582 166/394/580 224/391/577
f 168/396/582 224/391/577 222/397/583
f 170/388/574 168/396/582 222/397/583
f 170/388/574 222/397/583 220/398/584
f 170/388/574 220/398/584 218/399/585
f 202/371/560 170/388/574 218/399/585
f 202/371/560 218/399/585 216/400/586
f 202/371/560 216/400/586 214/401/555
f 202/371/560 214/401/555 212/367/555
f 202/371/560 212/367/555 208/368/557
f 204/402/587 202/371/560 208/368/557
f 206/403/587 204/402/587 208/368/557
usemtl 3d66_Standardmaterial_17342430_133
f 279/458/694 281/459/695 277/460/695
f 281/459/695 283/461/696 277/460/695
f 277/460/695 283/461/696 275/462/697
f 283/461/696 285/463/698 275/462/697
f 259/464/699 261/465/700 257/466/701
f 261/465/700 263/467/702 257/466/701
f 293/468/703 295/469/704 291/470/698
f 243/471/705 244/472/706 297/473/707
f 285/463/698 287/474/708 275/462/697
f 297/473/707 244/472/706 295/469/704
f 269/475/709 271/476/710 267/477/711
f 271/476/710 273/478/712 267/477/711
f 267/477/711 273/478/712 265/479/713
f 265/479/713 273/478/712 263/467/702
f 263/467/702 273/478/712 257/466/701
f 257/466/701 273/478/712 255/480/714
f 273/478/712 275/462/697 255/480/714
f 275/462/697 287/474/708 255/480/714
f 287/474/708 289/481/714 255/480/714
f 255/480/714 289/481/714 253/482/714
f 253/482/714 289/481/714 251/483/714
f 289/481/714 291/470/698 251/483/714
f 251/483/714 291/470/698 249/484/714
f 291/470/698 295/469/704 249/484/714
f 295/469/704 244/472/706 249/484/714
f 249/484/714 244/472/706 247/485/715
f 282/459/716 280/458/717 278/460/718
f 284/461/719 282/459/716 278/460/718
f 284/461/719 278/460/718 276/462/720
f 286/463/721 284/461/719 276/462/720
f 262/465/722 260/464/723 258/466/724
f 264/467/722 262/465/722 258/466/724
f 296/469/725 294/468/726 292/470/719
f 245/472/727 246/471/728 298/473/729
f 288/474/730 286/463/721 276/462/720
f 245/472/727 298/473/729 296/469/725
f 272/476/731 270/475/732 268/477/733
f 274/478/734 272/476/731 268/477/733
f 274/478/734 268/477/733 266/479/735
f 274/478/734 266/479/735 264/467/722
f 274/478/734 264/467/722 258/466/724
f 274/478/734 258/466/724 256/480/730
f 276/462/720 274/478/734 256/480/730
f 288/474/730 276/462/720 256/480/730
f 290/481/736 288/474/730 256/480/730
f 290/481/736 256/480/730 254/482/737
f 290/481/736 254/482/737 252/483/736
f 292/470/719 290/481/736 252/483/736
f 292/470/719 252/483/736 250/484/738
f 296/469/725 292/470/719 250/484/738
f 245/472/727 296/469/725 250/484/738
f 245/472/727 250/484/738 248/485/739
usemtl 3d66_Standardmaterial_17342430_134
f 327/540/844 329/541/845 325/3/846
f 303/542/847 305/543/848 300/544/849
f 321/545/850 323/546/851 319/547/852
f 325/3/846 329/541/845 323/546/851
f 323/546/851 329/541/845 319/547/852
f 319/547/852 329/541/845 317/548/853
f 329/541/845 331/549/854 317/548/853
f 317/548/853 331/549/854 315/550/855
f 333/551/856 335/552/857 331/549/854
f 335/552/857 337/553/858 331/549/854
f 307/554/859 309/555/848 305/543/848
f 309/555/848 311/556/848 305/543/848
f 331/549/854 337/553/858 315/550/855
f 337/553/858 339/557/860 315/550/855
f 339/557/860 341/558/861 315/550/855
f 341/558/861 343/559/848 315/550/855
f 315/550/855 343/559/848 313/560/859
f 343/559/848 345/561/862 313/560/859
f 313/560/859 345/561/862 311/556/848
f 345/561/862 347/562/863 311/556/848
f 311/556/848 347/562/863 305/543/848
f 305/543/848 347/562/863 300/544/849
f 300/544/849 347/562/863 299/563/847
f 299/563/847 347/562/863 355/564/864
f 347/562/863 349/565/847 355/564/864
f 349/565/847 351/566/865 355/564/864
f 355/564/864 351/566/865 353/567/866
f 330/541/867 328/540/868 326/3/869
f 306/543/870 304/542/871 301/544/872
f 324/546/873 322/545/874 320/547/875
f 330/541/867 326/3/869 324/546/873
f 330/541/867 324/546/873 320/547/875
f 330/541/867 320/547/875 318/548/869
f 332/549/876 330/541/867 318/548/869
f 332/549/876 318/548/869 316/550/877
f 336/552/877 334/551/878 332/549/876
f 338/553/879 336/552/877 332/549/876
f 310/555/880 308/554/881 306/543/870
f 312/556/878 310/555/880 306/543/870
f 338/553/879 332/549/876 316/550/877
f 340/557/880 338/553/879 316/550/877
f 342/558/882 340/557/880 316/550/877
f 344/559/877 342/558/882 316/550/877
f 344/559/877 316/550/877 314/560/883
f 346/561/882 344/559/877 314/560/883
f 346/561/882 314/560/883 312/556/878
f 348/562/884 346/561/882 312/556/878
f 348/562/884 312/556/878 306/543/870
f 348/562/884 306/543/870 301/544/872
f 348/562/884 301/544/872 302/563/885
f 348/562/884 302/563/885 356/564/882
f 350/565/886 348/562/884 356/564/882
f 352/566/871 350/565/886 356/564/882
f 352/566/871 356/564/882 354/567/871
usemtl 3d66_Standardmaterial_17342430_135
f 379/694/1035 381/695/1036 377/696/1037
f 381/695/1036 383/697/1038 377/696/1037
f 417/698/1039 419/699/1040 415/700/1041
f 415/700/1041 419/699/1040 413/701/1037
f 413/701/1037 419/699/1040 411/702/1042
f 411/702/1042 419/699/1040 409/703/1041
f 409/703/1041 419/699/1040 407/704/1043
f 407/704/1043 419/699/1040 405/705/1044
f 405/705/1044 419/699/1040 403/706/1045
f 429/707/1046 431/708/1047 427/709/1042
f 403/706/1045 419/699/1040 401/710/1048
f 447/711/1049 357/712/1050 445/713/1051
f 401/710/1048 419/699/1040 399/714/1052
f 377/696/1037 383/697/1038 375/715/1053
f 399/714/1052 419/699/1040 397/716/1035
f 357/712/1050 358/717/1054 445/713/1051
f 419/699/1040 421/718/1041 397/716/1035
f 397/716/1035 421/718/1041 395/719/1035
f 395/719/1035 421/718/1041 393/720/1047
f 393/720/1047 421/718/1041 391/721/1035
f 369/722/1055 371/723/1056 367/724/1057
f 371/723/1056 373/725/1058 367/724/1057
f 391/721/1035 421/718/1041 389/726/1058
f 421/718/1041 423/727/1047 389/726/1058
f 389/726/1058 423/727/1047 387/728/1058
f 423/727/1047 425/729/1059 387/728/1058
f 375/715/1053 383/697/1038 373/725/1058
f 373/725/1058 383/697/1038 367/724/1057
f 383/697/1038 385/730/1060 367/724/1057
f 367/724/1057 385/730/1060 365/731/1042
f 385/730/1060 387/728/1058 365/731/1042
f 387/728/1058 425/729/1059 365/731/1042
f 365/731/1042 425/729/1059 363/732/1061
f 425/729/1059 427/709/1042 363/732/1061
f 363/732/1061 427/709/1042 361/733/1042
f 361/733/1042 427/709/1042 358/717/1054
f 358/717/1054 427/709/1042 445/713/1051
f 427/709/1042 431/708/1047 445/713/1051
f 445/713/1051 431/708/1047 443/734/1047
f 443/734/1047 431/708/1047 441/735/1062
f 431/708/1047 433/736/1042 441/735/1062
f 433/736/1042 435/737/1042 441/735/1062
f 435/737/1042 437/738/1047 441/735/1062
f 441/735/1062 437/738/1047 439/739/1063
f 382/695/1064 380/694/1065 378/696/1066
f 384/697/1064 382/695/1064 378/696/1066
f 420/699/1067 418/698/1068 416/700/1068
f 420/699/1067 416/700/1068 414/701/1069
f 420/699/1067 414/701/1069 412/702/1070
f 420/699/1067 412/702/1070 410/703/1071
f 420/699/1067 410/703/1071 408/704/1072
f 420/699/1067 408/704/1072 406/705/1073
f 420/699/1067 406/705/1073 404/706/1074
f 432/708/1075 430/707/1076 428/709/1077
f 420/699/1067 404/706/1074 402/710/1074
f 360/712/1075 448/711/1078 446/713/1079
f 420/699/1067 402/710/1074 400/714/1080
f 384/697/1064 378/696/1066 376/715/1080
f 420/699/1067 400/714/1080 398/716/1074
f 359/717/1081 360/712/1075 446/713/1079
f 422/718/1082 420/699/1067 398/716/1074
f 422/718/1082 398/716/1074 396/719/1065
f 422/718/1082 396/719/1065 394/720/1083
f 422/718/1082 394/720/1083 392/721/1082
f 372/723/1084 370/722/1084 368/724/1072
f 374/725/1072 372/723/1084 368/724/1072
f 422/718/1082 392/721/1082 390/726/1065
f 424/727/1080 422/718/1082 390/726/1065
f 424/727/1080 390/726/1065 388/728/1085
f 426/729/1066 424/727/1080 388/728/1085
f 384/697/1064 376/715/1080 374/725/1072
f 384/697/1064 374/725/1072 368/724/1072
f 386/730/1086 384/697/1064 368/724/1072
f 386/730/1086 368/724/1072 366/731/1075
f 388/728/1085 386/730/1086 366/731/1075
f 426/729/1066 388/728/1085 366/731/1075
f 426/729/1066 366/731/1075 364/732/1087
f 428/709/1077 426/729/1066 364/732/1087
f 428/709/1077 364/732/1087 362/733/1072
f 428/709/1077 362/733/1072 359/717/1081
f 428/709/1077 359/717/1081 446/713/1079
f 432/708/1075 428/709/1077 446/713/1079
f 432/708/1075 446/713/1079 444/734/1088
f 432/708/1075 444/734/1088 442/735/1082
f 434/736/1082 432/708/1075 442/735/1082
f 436/737/1074 434/736/1082 442/735/1082
f 438/738/1089 436/737/1074 442/735/1082
f 438/738/1089 442/735/1082 440/739/1090
usemtl 3d66_Standardmaterial_17342430_136
f 483/838/1227 485/839/1228 481/840/1229
f 481/840/1229 485/839/1228 479/841/1230
f 469/3/1231 471/842/1232 467/843/1233
f 471/842/1232 473/844/1234 467/843/1233
f 467/843/1233 473/844/1234 465/845/1235
f 495/846/1231 497/847/1236 493/848/1237
f 485/839/1228 487/849/1238 479/841/1230
f 479/841/1230 487/849/1238 477/850/1238
f 477/850/1238 487/849/1238 475/851/1239
f 487/849/1238 489/852/1236 475/851/1239
f 499/853/1240 501/854/1238 497/847/1236
f 501/854/1238 503/855/1237 497/847/1236
f 517/856/1241 519/857/1242 515/858/1243
f 521/859/1244 449/860/1245 519/857/1242
f 449/860/1245 450/861/1235 519/857/1242
f 519/857/1242 450/861/1235 515/858/1243
f 457/862/1242 459/863/1246 455/864/1244
f 497/847/1236 503/855/1237 493/848/1237
f 489/852/1236 491/865/1247 475/851/1239
f 475/851/1239 491/865/1247 473/844/1234
f 513/866/1248 515/858/1243 511/867/1249
f 515/858/1243 450/861/1235 511/867/1249
f 473/844/1234 491/865/1247 465/845/1235
f 465/845/1235 491/865/1247 463/868/1250
f 463/868/1250 491/865/1247 461/869/1243
f 461/869/1243 491/865/1247 459/863/1246
f 459/863/1246 491/865/1247 455/864/1244
f 455/864/1244 491/865/1247 453/870/1250
f 453/870/1250 491/865/1247 450/861/1235
f 450/861/1235 491/865/1247 511/867/1249
f 491/865/1247 493/848/1237 511/867/1249
f 493/848/1237 503/855/1237 511/867/1249
f 503/855/1237 505/871/1236 511/867/1249
f 505/871/1236 507/872/1246 511/867/1249
f 507/872/1246 509/873/1251 511/867/1249
f 486/839/1252 484/838/1253 482/840/1254
f 486/839/1252 482/840/1254 480/841/1255
f 472/842/1256 470/3/1257 468/843/1258
f 474/844/1259 472/842/1256 468/843/1258
f 474/844/1259 468/843/1258 466/845/1260
f 498/847/1261 496/846/1256 494/848/1262
f 488/849/1263 486/839/1252 480/841/1255
f 488/849/1263 480/841/1255 478/850/1263
f 488/849/1263 478/850/1263 476/851/1264
f 490/852/1265 488/849/1263 476/851/1264
f 502/854/1261 500/853/1261 498/847/1261
f 504/855/1266 502/854/1261 498/847/1261
f 520/857/1266 518/856/1267 516/858/1268
f 452/860/1269 522/859/1268 520/857/1266
f 451/861/1256 452/860/1269 520/857/1266
f 451/861/1256 520/857/1266 516/858/1268
f 460/863/1270 458/862/1266 456/864/1270
f 504/855/1266 498/847/1261 494/848/1262
f 492/865/1271 490/852/1265 476/851/1264
f 492/865/1271 476/851/1264 474/844/1259
f 516/858/1268 514/866/1266 512/867/1261
f 451/861/1256 516/858/1268 512/867/1261
f 492/865/1271 474/844/1259 466/845/1260
f 492/865/1271 466/845/1260 464/868/1256
f 492/865/1271 464/868/1256 462/869/1270
f 492/865/1271 462/869/1270 460/863/1270
f 492/865/1271 460/863/1270 456/864/1270
f 492/865/1271 456/864/1270 454/870/1270
f 492/865/1271 454/870/1270 451/861/1256
f 492/865/1271 451/861/1256 512/867/1261
f 494/848/1262 492/865/1271 512/867/1261
f 504/855/1266 494/848/1262 512/867/1261
f 506/871/1265 504/855/1266 512/867/1261
f 508/872/1256 506/871/1265 512/867/1261
f 510/873/1272 508/872/1256 512/867/1261
usemtl 3d66_Standardmaterial_17342430_138
f 525/404/1273 524/405/1274 523/3/1275
f 526/4/1276 525/404/1273 523/3/1275
f 528/874/1277 527/875/1278 524/405/1278
f 525/404/1279 528/874/1277 524/405/1278
f 530/876/1280 529/877/1281 527/875/1282
f 528/874/1283 530/876/1280 527/875/1282
f 532/878/1284 531/879/1285 529/877/1286
f 530/876/1287 532/878/1284 529/877/1286
f 534/880/1288 533/881/1288 531/879/1288
f 532/878/1289 534/880/1288 531/879/1288
f 536/882/1290 535/883/1290 533/881/1290
f 534/880/1290 536/882/1290 533/881/1290
f 538/884/1291 537/885/1292 535/883/1291
f 536/882/1293 538/884/1291 535/883/1291
f 540/886/1294 539/887/1295 537/885/1296
f 538/884/1294 540/886/1294 537/885/1296
f 542/888/1297 541/889/1297 539/887/1297
f 540/886/1298 542/888/1297 539/887/1297
f 544/890/1299 543/891/1300 541/889/1301
f 542/888/1302 544/890/1299 541/889/1301
f 546/892/1303 545/893/1304 543/891/1305
f 544/890/1303 546/892/1303 543/891/1305
f 548/894/1306 547/895/1307 545/893/1308
f 546/892/1309 548/894/1306 545/893/1308
f 550/896/1310 549/897/1311 547/895/1310
f 548/894/1312 550/896/1310 547/895/1310
f 552/898/1313 551/899/1314 549/897/1315
f 550/896/1316 552/898/1313 549/897/1315
f 554/900/1317 553/901/1318 551/899/1317
f 552/898/1319 554/900/1317 551/899/1317
f 556/902/1320 555/903/1321 553/901/1322
f 554/900/1323 556/902/1320 553/901/1322
f 558/904/1324 557/905/1325 555/903/1326
f 556/902/1327 558/904/1324 555/903/1326
f 560/906/1328 559/907/1329 557/905/1330
f 558/904/1331 560/906/1328 557/905/1330
f 562/908/1332 561/909/1333 559/907/1334
f 560/906/1335 562/908/1332 559/907/1334
f 564/910/1336 563/911/1337 561/909/1337
f 562/908/1336 564/910/1336 561/909/1337
f 566/912/1338 565/913/1339 563/911/1340
f 564/910/1341 566/912/1338 563/911/1340
f 568/914/1342 567/915/1343 565/913/1344
f 566/912/1345 568/914/1342 565/913/1344
f 570/916/1346 569/917/1347 567/915/1348
f 568/914/1349 570/916/1346 567/915/1348
f 572/918/1350 571/919/1351 569/917/1352
f 570/916/1353 572/918/1350 569/917/1352
f 574/920/1354 573/921/1355 571/919/1356
f 572/918/1357 574/920/1354 571/919/1356
f 576/922/1358 575/923/1359 573/921/1360
f 574/920/1361 576/922/1358 573/921/1360
f 578/924/1362 577/925/1363 575/923/1364
f 576/922/1365 578/924/1362 575/923/1364
f 580/926/1366 579/927/1367 577/925/1367
f 578/924/1366 580/926/1366 577/925/1367
f 582/928/1368 581/929/1369 579/927/1370
f 580/926/1371 582/928/1368 579/927/1370
f 584/930/1372 583/931/1372 581/929/1372
f 582/928/1372 584/930/1372 581/929/1372
f 586/932/1373 585/933/1374 583/931/1375
f 584/930/1375 586/932/1373 583/931/1375
f 588/934/1376 587/935/1377 585/933/1378
f 586/932/1378 588/934/1376 585/933/1378
f 590/936/1379 589/937/1380 587/935/1381
f 588/934/1381 590/936/1379 587/935/1381
f 592/938/1382 591/939/1383 589/937/1384
f 590/936/1385 592/938/1382 589/937/1384
f 594/940/1386 593/941/1387 591/939/1388
f 592/938/1389 594/940/1386 591/939/1388
f 596/942/1390 595/943/1391 593/941/1392
f 594/940/1391 596/942/1390 593/941/1392
f 598/944/1393 597/945/1393 595/943/1394
f 596/942/1395 598/944/1393 595/943/1394
f 600/946/1396 599/947/1397 597/945/1398
f 598/944/1399 600/946/1396 597/945/1398
f 602/948/1400 601/949/1401 599/947/1402
f 600/946/1403 602/948/1400 599/947/1402
f 604/950/1404 603/951/1405 601/949/1406
f 602/948/1407 604/950/1404 601/949/1406
f 606/952/1408 605/953/1409 603/951/1410
f 604/950/1411 606/952/1408 603/951/1410
f 608/954/1412 607/955/1413 605/953/1414
f 606/952/1412 608/954/1412 605/953/1414
f 610/956/1415 609/957/1415 607/955/1415
f 608/954/1416 610/956/1415 607/955/1415
f 612/59/1417 611/60/1418 609/957/1417
f 610/956/1419 612/59/1417 609/957/1417
f 614/958/1420 613/959/1421 611/60/1422
f 612/59/1422 614/958/1420 611/60/1422
f 616/960/1423 615/961/1424 613/959/1425
f 614/958/1426 616/960/1423 613/959/1425
f 618/962/1427 617/963/1428 615/961/1429
f 616/960/1430 618/962/1427 615/961/1429
f 620/964/1431 619/965/1432 617/963/1433
f 618/962/1434 620/964/1431 617/963/1433
f 622/966/1435 621/967/1436 619/965/1437
f 620/964/1438 622/966/1435 619/965/1437
f 624/968/1439 623/969/1440 621/967/1441
f 622/966/1442 624/968/1439 621/967/1441
f 626/970/1443 625/971/1444 623/969/1445
f 624/968/1446 626/970/1443 623/969/1445
f 628/972/1447 627/973/1448 625/971/1449
f 626/970/1447 628/972/1447 625/971/1449
f 630/974/1450 629/975/1451 627/973/1450
f 628/972/1452 630/974/1450 627/973/1450
f 526/77/1453 523/78/1454 629/975/1455
f 630/974/1453 526/77/1453 629/975/1455
usemtl 3d66_Standardmaterial_17342430_137
f 587/976/1456 589/977/1457 585/978/1456
f 585/978/1456 589/977/1457 583/979/1456
f 601/980/1458 603/981/1459 599/982/1460
f 603/981/1459 605/983/1456 599/982/1460
f 605/983/1456 607/984/1461 599/982/1460
f 599/982/1460 607/984/1461 597/985/1462
f 607/984/1461 609/986/1462 597/985/1462
f 597/985/1462 609/986/1462 595/987/1463
f 609/986/1462 611/988/1464 595/987/1463
f 611/988/1464 613/989/1465 595/987/1463
f 595/987/1463 613/989/1465 593/990/1466
f 549/991/1467 551/992/1468 547/993/1469
f 551/992/1468 553/994/1467 547/993/1469
f 547/993/1469 553/994/1467 545/995/1470
f 545/995/1470 553/994/1467 543/996/1471
f 583/979/1456 589/977/1457 581/997/1472
f 589/977/1457 591/998/1473 581/997/1472
f 581/997/1472 591/998/1473 579/999/1474
f 593/990/1466 613/989/1465 591/998/1473
f 613/989/1465 615/1000/1475 591/998/1473
f 591/998/1473 615/1000/1475 579/999/1474
f 523/1001/1476 524/1002/1477 629/1003/1470
f 541/1004/1469 543/996/1471 539/1005/1477
f 543/996/1471 553/994/1467 539/1005/1477
f 539/1005/1477 553/994/1467 537/1006/1470
f 559/1007/1478 561/1008/1456 557/1009/1466
f 561/1008/1456 563/1010/1458 557/1009/1466
f 524/1002/1477 527/1011/1479 629/1003/1470
f 527/1011/1479 529/1012/1467 629/1003/1470
f 529/1012/1467 531/1013/1480 629/1003/1470
f 531/1013/1480 533/1014/1481 629/1003/1470
f 629/1003/1470 533/1014/1481 627/1015/1477
f 627/1015/1477 533/1014/1481 625/1016/1469
f 533/1014/1481 535/1017/1481 625/1016/1469
f 535/1017/1481 537/1006/1470 625/1016/1469
f 537/1006/1470 553/994/1467 625/1016/1469
f 625/1016/1469 553/994/1467 623/1018/1482
f 623/1018/1482 553/994/1467 621/1019/1483
f 621/1019/1483 553/994/1467 619/1020/1469
f 553/994/1467 555/1021/1470 619/1020/1469
f 619/1020/1469 555/1021/1470 617/1022/1484
f 555/1021/1470 557/1009/1466 617/1022/1484
f 617/1022/1484 557/1009/1466 615/1000/1475
f 615/1000/1475 557/1009/1466 579/999/1474
f 579/999/1474 557/1009/1466 577/1023/1456
f 557/1009/1466 563/1010/1458 577/1023/1456
f 563/1010/1458 565/1024/1485 577/1023/1456
f 577/1023/1456 565/1024/1485 575/1025/1458
f 565/1024/1485 567/1026/1486 575/1025/1458
f 575/1025/1458 567/1026/1486 573/1027/1487
f 567/1026/1486 569/1028/1486 573/1027/1487
f 573/1027/1487 569/1028/1486 571/1029/1486
f 590/977/1488 588/976/1489 586/978/1490
f 590/977/1488 586/978/1490 584/979/1488
f 604/981/1491 602/980/1492 600/982/1493
f 606/983/1489 604/981/1491 600/982/1493
f 608/984/1494 606/983/1489 600/982/1493
f 608/984/1494 600/982/1493 598/985/1495
f 610/986/1494 608/984/1494 598/985/1495
f 610/986/1494 598/985/1495 596/987/1496
f 612/988/1497 610/986/1494 596/987/1496
f 614/989/1498 612/988/1497 596/987/1496
f 614/989/1498 596/987/1496 594/990/1496
f 552/992/1496 550/991/1496 548/993/1499
f 554/994/1496 552/992/1496 548/993/1499
f 554/994/1496 548/993/1499 546/995/1500
f 554/994/1496 546/995/1500 544/996/1499
f 590/977/1488 584/979/1488 582/997/1501
f 592/998/1502 590/977/1488 582/997/1501
f 592/998/1502 582/997/1501 580/999/1503
f 614/989/1498 594/990/1496 592/998/1502
f 616/1000/1504 614/989/1498 592/998/1502
f 616/1000/1504 592/998/1502 580/999/1503
f 525/1002/1500 526/1001/1499 630/1003/1497
f 544/996/1499 542/1004/1505 540/1005/1491
f 554/994/1496 544/996/1499 540/1005/1491
f 554/994/1496 540/1005/1491 538/1006/1506
f 562/1008/1488 560/1007/1488 558/1009/1507
f 564/1010/1507 562/1008/1488 558/1009/1507
f 528/1011/1508 525/1002/1500 630/1003/1497
f 530/1012/1499 528/1011/1508 630/1003/1497
f 532/1013/1496 530/1012/1499 630/1003/1497
f 534/1014/1499 532/1013/1496 630/1003/1497
f 534/1014/1499 630/1003/1497 628/1015/1500
f 534/1014/1499 628/1015/1500 626/1016/1499
f 536/1017/1508 534/1014/1499 626/1016/1499
f 538/1006/1506 536/1017/1508 626/1016/1499
f 554/994/1496 538/1006/1506 626/1016/1499
f 554/994/1496 626/1016/1499 624/1018/1496
f 554/994/1496 624/1018/1496 622/1019/1497
f 554/994/1496 622/1019/1497 620/1020/1509
f 556/1021/1496 554/994/1496 620/1020/1509
f 556/1021/1496 620/1020/1509 618/1022/1488
f 558/1009/1507 556/1021/1496 618/1022/1488
f 558/1009/1507 618/1022/1488 616/1000/1504
f 558/1009/1507 616/1000/1504 580/999/1503
f 558/1009/1507 580/999/1503 578/1023/1507
f 564/1010/1507 558/1009/1507 578/1023/1507
f 566/1024/1490 564/1010/1507 578/1023/1507
f 566/1024/1490 578/1023/1507 576/1025/1510
f 568/1026/1511 566/1024/1490 576/1025/1510
f 568/1026/1511 576/1025/1510 574/1027/1512
f 570/1028/1513 568/1026/1511 574/1027/1512
f 570/1028/1513 574/1027/1512 572/1029/1509
