# Blender 4.3.2
# www.blender.org
mtllib 兽2.mtl
o Obj3d66_17342430_40_666.005
v 4094.195801 1012.163452 -27203.033203
v 4089.298096 1013.396240 -27199.363281
v 4093.995605 1013.328003 -27203.263672
v 4089.498291 1012.231750 -27199.134766
v 4088.231934 1012.343628 -27200.687500
v 4092.930908 1012.276611 -27204.585938
v 4087.946289 1010.848206 -27201.058594
v 4092.645508 1010.781799 -27204.958984
v 4086.591797 1009.223145 -27202.744141
v 4091.292236 1009.158142 -27206.644531
v 4086.850830 1007.518433 -27202.451172
v 4091.551270 1007.453308 -27206.351562
v 4085.699951 1006.862000 -27203.873047
v 4090.401611 1006.798218 -27207.773438
v 4085.922852 1006.220642 -27203.609375
v 4090.624512 1006.156616 -27207.507812
v 4084.680664 1005.019104 -27205.150391
v 4089.383545 1004.956543 -27209.050781
v 4084.898926 1004.308899 -27204.892578
v 4089.601562 1004.246155 -27208.792969
v 4084.277832 1001.723938 -27205.691406
v 4088.980957 1001.662048 -27209.591797
v 4083.527832 1001.260254 -27206.619141
v 4088.231934 1001.199097 -27210.519531
v 4083.763184 1000.833008 -27206.335938
v 4088.466553 1000.771729 -27210.236328
v 4082.084961 999.144653 -27208.419922
v 4086.790039 999.085205 -27212.320312
v 4082.261963 998.603210 -27208.208984
v 4086.966797 998.543640 -27212.109375
v 4081.849854 997.588806 -27208.730469
v 4086.555420 997.529846 -27212.628906
v 4080.148682 998.419312 -27210.804688
v 4084.855469 998.361938 -27214.705078
v 4079.892090 995.258240 -27211.164062
v 4084.599365 995.201355 -27215.064453
v 4080.521973 994.452698 -27210.404297
v 4085.228516 994.395447 -27214.304688
v 4080.058594 993.237000 -27210.990234
v 4084.765625 993.180237 -27214.890625
v 4080.393555 992.187195 -27210.593750
v 4085.100342 992.130310 -27214.494141
v 4084.630615 990.729004 -27205.419922
v 4089.333740 990.667847 -27209.318359
v 4086.016602 994.804138 -27203.660156
v 4090.718262 994.741150 -27207.558594
v 4086.734375 995.448547 -27202.769531
v 4091.435303 995.384705 -27206.667969
v 4085.377197 990.590454 -27204.505859
v 4090.079590 990.528503 -27208.404297
v 4087.399658 989.765503 -27202.035156
v 4092.100098 989.701599 -27205.933594
v 4089.316895 997.560425 -27199.568359
v 4094.014648 997.493713 -27203.466797
v 4089.256348 999.887512 -27199.609375
v 4093.954346 999.820740 -27203.507812
v 4088.313721 1002.470520 -27200.728516
v 4093.012939 1002.404297 -27204.626953
v 4089.024414 1004.569336 -27199.826172
v 4093.722656 1004.502319 -27203.724609
v 4090.145264 1005.308838 -27198.439453
v 4094.841797 1005.240540 -27202.337891
v 4090.546143 1004.373047 -27197.960938
v 4095.242676 1004.304443 -27201.859375
v 4092.554199 1007.855103 -27195.445312
v 4097.248047 1007.783997 -27199.343750
v 4092.379150 1009.101013 -27195.642578
v 4097.073242 1009.029907 -27199.541016
v 4091.888672 1009.339050 -27196.242188
v 4096.583496 1009.268311 -27200.140625
v 4091.711914 1010.007141 -27196.449219
v 4096.406738 1009.936707 -27200.347656
v 4090.727051 1010.435913 -27197.652344
v 4095.423096 1010.366455 -27201.550781
v 4089.994141 1012.716431 -27198.517578
v 4094.690918 1012.647644 -27202.417969
v 4114.631836 1004.063110 -27179.373047
v 4109.536133 1004.418945 -27176.458984
v 4113.984375 1004.324707 -27180.166016
v 4110.184570 1004.157898 -27175.666016
v 4109.221191 1005.466553 -27176.832031
v 4113.669922 1005.372498 -27180.539062
v 4108.466797 1005.496155 -27177.757812
v 4112.916504 1005.403137 -27181.466797
v 4108.648926 1005.936401 -27177.529297
v 4113.098633 1005.842896 -27181.238281
v 4107.612793 1006.325439 -27178.796875
v 4112.063965 1006.233154 -27182.505859
v 4107.362793 1007.299011 -27179.091797
v 4111.814453 1007.206848 -27182.800781
v 4106.903320 1006.633728 -27179.664062
v 4111.355469 1006.542114 -27183.373047
v 4106.257812 1007.921997 -27180.441406
v 4110.711426 1007.830811 -27184.150391
v 4105.764648 1005.810120 -27181.070312
v 4110.219238 1005.719849 -27184.779297
v 4105.049316 1004.104797 -27181.966797
v 4109.504883 1004.015503 -27185.677734
v 4105.167480 1002.918945 -27181.835938
v 4109.622559 1002.829529 -27185.544922
v 4103.940430 1002.127808 -27183.349609
v 4108.397461 1002.039612 -27187.060547
v 4104.085449 1001.512207 -27183.177734
v 4108.542480 1001.424011 -27186.888672
v 4103.431641 1000.364441 -27183.994141
v 4107.889648 1000.277100 -27187.705078
v 4102.492188 999.557800 -27185.154297
v 4106.951660 999.471497 -27188.865234
v 4102.822266 998.813538 -27184.757812
v 4107.281250 998.726929 -27188.468750
v 4102.566895 997.160645 -27185.089844
v 4107.026367 997.074646 -27188.800781
v 4101.566406 996.927246 -27186.320312
v 4106.027344 996.842346 -27190.031250
v 4101.639648 995.986328 -27186.240234
v 4106.100586 995.901306 -27189.951172
v 4099.482910 994.176147 -27188.906250
v 4103.946289 994.093628 -27192.619141
v 4098.997559 992.980652 -27189.515625
v 4103.461914 992.898743 -27193.226562
v 4099.998047 993.200806 -27188.285156
v 4104.460938 993.117798 -27191.998047
v 4098.846680 990.983948 -27189.722656
v 4103.311523 990.902344 -27193.435547
v 4099.277344 990.587708 -27189.199219
v 4103.741211 990.505798 -27192.910156
v 4098.438965 988.251038 -27190.253906
v 4102.904297 988.170227 -27193.964844
v 4099.063965 988.131653 -27189.488281
v 4103.528320 988.050110 -27193.199219
v 4098.937012 987.170227 -27189.656250
v 4103.401367 987.089050 -27193.367188
v 4097.582520 986.762939 -27191.320312
v 4102.048828 986.683105 -27195.033203
v 4101.189453 985.825500 -27186.908203
v 4105.650879 985.742310 -27190.619141
v 4101.336914 986.537842 -27186.720703
v 4105.797852 986.454346 -27190.429688
v 4103.943359 991.523804 -27183.466797
v 4108.400879 991.437134 -27187.175781
v 4104.341309 990.354797 -27182.992188
v 4108.797852 990.267822 -27186.701172
v 4103.426270 986.063843 -27184.162109
v 4107.884766 985.978455 -27187.871094
v 4105.290039 985.485107 -27181.884766
v 4109.745117 985.397949 -27185.591797
v 4107.174805 993.750000 -27179.476562
v 4111.626953 993.659851 -27183.185547
v 4106.592285 997.805542 -27180.144531
v 4111.045410 997.715332 -27183.853516
v 4108.025879 1000.843201 -27178.351562
v 4112.476562 1000.751221 -27182.060547
v 4108.352051 999.059998 -27177.972656
v 4112.802246 998.967712 -27181.679688
v 4109.044922 1000.302124 -27177.107422
v 4113.493652 1000.208923 -27180.814453
v 4109.391602 1002.303406 -27176.660156
v 4113.840332 1002.209717 -27180.367188
v 4110.117188 1002.407043 -27175.769531
v 4114.563965 1002.312500 -27179.474609
v 4154.103027 993.713806 -27128.722656
v 4151.553223 993.068604 -27127.173828
v 4153.820801 992.996643 -27129.078125
v 4151.835449 993.786011 -27126.820312
v 4151.535645 991.253113 -27127.214844
v 4153.803711 991.181335 -27129.119141
v 4151.011230 989.752441 -27127.875000
v 4153.279785 989.681213 -27129.777344
v 4150.799805 986.712219 -27128.167969
v 4153.068359 986.641296 -27130.070312
v 4150.460938 986.830505 -27128.580078
v 4152.730469 986.759827 -27130.484375
v 4149.587891 989.875122 -27129.613281
v 4151.858887 989.804749 -27131.517578
v 4149.166992 991.069946 -27130.115234
v 4151.438965 990.999695 -27132.019531
v 4147.809082 990.343750 -27131.785156
v 4150.082520 990.274353 -27133.691406
v 4147.333984 985.672729 -27132.416016
v 4149.608398 985.604004 -27134.324219
v 4147.651367 984.966125 -27132.037109
v 4149.925293 984.897339 -27133.943359
v 4146.947266 980.139099 -27132.951172
v 4149.221680 980.071411 -27134.859375
v 4147.291016 979.379395 -27132.539062
v 4149.565430 979.311401 -27134.445312
v 4154.978516 978.636414 -27123.156250
v 4157.240234 978.564209 -27125.054688
v 4155.447266 980.568115 -27122.560547
v 4157.708008 980.495300 -27124.458984
v 4155.229492 983.837097 -27122.787109
v 4157.490723 983.764099 -27124.685547
v 4156.010742 983.184204 -27121.839844
v 4158.270508 983.110840 -27123.738281
v 4156.237793 984.599731 -27121.546875
v 4158.497559 984.526001 -27123.445312
v 4156.895020 984.611816 -27120.744141
v 4159.153320 984.537720 -27122.640625
v 4156.836914 985.449097 -27120.804688
v 4159.095703 985.374939 -27122.701172
v 4155.787598 986.638123 -27122.072266
v 4158.047852 986.564453 -27123.970703
v 4156.010742 987.205933 -27121.792969
v 4158.270508 987.131836 -27123.691406
v 4155.879395 987.769409 -27121.947266
v 4158.139648 987.695496 -27123.845703
v 4155.538574 987.954346 -27122.361328
v 4157.799316 987.880554 -27124.259766
v 4155.316895 988.611816 -27122.625000
v 4157.578613 988.538147 -27124.523438
v 4154.980957 988.152649 -27123.041016
v 4157.242676 988.079224 -27124.939453
v 4154.421875 987.759644 -27123.728516
v 4156.685059 987.686646 -27125.626953
v 4154.117188 986.800598 -27124.111328
v 4156.380859 986.727905 -27126.011719
v 4153.532715 986.799805 -27124.826172
v 4155.796875 986.727417 -27126.726562
v 4153.107910 988.252136 -27125.328125
v 4155.373047 988.179810 -27127.228516
v 4153.236328 989.005127 -27125.162109
v 4155.501465 988.932739 -27127.062500
v 4152.855957 990.806152 -27125.605469
v 4155.121582 990.733643 -27127.507812
v 4153.218750 991.032104 -27125.160156
v 4155.483887 990.959351 -27127.062500
v 4153.272461 991.594299 -27125.087891
v 4155.537109 991.521545 -27126.990234
v 4153.543457 992.176453 -27124.750000
v 4155.808105 992.103333 -27126.652344
v 4153.486816 993.028198 -27124.810547
v 4155.751465 992.954895 -27126.710938
v 4153.073242 994.077148 -27125.304688
v 4155.337891 994.004150 -27127.205078
v 4153.234375 994.471497 -27125.101562
v 4155.499512 994.398315 -27127.003906
v 4152.957520 994.892151 -27125.435547
v 4155.223145 994.819153 -27127.337891
v 4152.179688 994.863403 -27126.386719
v 4154.446289 994.790833 -27128.291016
v 4151.619141 994.439819 -27127.078125
v 4153.886719 994.367554 -27128.980469
v 4060.215820 1020.266907 -27241.845703
v 4054.472656 1020.684814 -27238.746094
v 4059.406738 1020.641541 -27242.830078
v 4055.281982 1020.311035 -27237.761719
v 4054.001953 1021.643250 -27239.306641
v 4058.936279 1021.600220 -27243.390625
v 4052.138428 1021.944946 -27241.580078
v 4057.072510 1021.903809 -27245.664062
v 4051.453125 1022.393311 -27242.410156
v 4056.387451 1022.353027 -27246.494141
v 4048.760254 1019.088806 -27245.748047
v 4053.694824 1019.051208 -27249.832031
v 4047.231934 1013.809998 -27247.689453
v 4052.166992 1013.774353 -27251.773438
v 4043.742188 1008.763855 -27252.021484
v 4048.677490 1008.731934 -27256.103516
v 4042.520752 1009.761719 -27253.498047
v 4047.455566 1009.730835 -27257.578125
v 4042.112061 1008.402649 -27254.015625
v 4047.046875 1008.372253 -27258.097656
v 4042.577393 1004.969727 -27253.498047
v 4047.512695 1004.939148 -27257.580078
v 4042.315918 1003.632812 -27253.837891
v 4047.251221 1003.602539 -27257.917969
v 4042.821289 1001.815613 -27253.248047
v 4047.756592 1001.784851 -27257.328125
v 4046.617920 1000.397217 -27248.634766
v 4051.553955 1000.362915 -27252.716797
v 4047.514404 1001.933716 -27247.517578
v 4052.450439 1001.898438 -27251.599609
v 4047.716797 1004.817444 -27247.228516
v 4052.652344 1004.781799 -27251.312500
v 4048.827393 1005.984802 -27245.855469
v 4053.763184 1005.947998 -27249.937500
v 4048.021240 1001.669128 -27246.902344
v 4052.957520 1001.633545 -27250.984375
v 4047.328125 1000.022705 -27247.773438
v 4052.264160 999.987732 -27251.855469
v 4049.625244 999.296448 -27244.978516
v 4054.561523 999.259338 -27249.060547
v 4050.053955 1001.477905 -27244.423828
v 4054.989746 1001.440247 -27248.505859
v 4052.096191 1008.682922 -27241.824219
v 4057.031738 1008.642700 -27245.906250
v 4051.271973 1011.976807 -27242.783203
v 4056.207031 1011.937134 -27246.867188
v 4051.151611 1014.765808 -27242.888672
v 4056.086426 1014.726135 -27246.972656
v 4052.326904 1016.538452 -27241.427734
v 4057.261719 1016.497498 -27245.511719
v 4053.086914 1015.644043 -27240.511719
v 4058.021729 1015.602295 -27244.595703
v 4053.897949 1017.217651 -27239.498047
v 4058.832764 1017.175110 -27243.582031
v 4054.989014 1018.543213 -27238.144531
v 4059.923340 1018.499512 -27242.228516
v 4078.260010 1017.074707 -27221.691406
v 4071.170410 1016.944702 -27219.585938
v 4076.481934 1016.871643 -27223.912109
v 4072.949707 1017.149841 -27217.365234
v 4070.799805 1017.920105 -27220.037109
v 4076.111572 1017.847351 -27224.363281
v 4070.306152 1017.059753 -27220.662109
v 4075.617920 1016.987549 -27224.988281
v 4069.641113 1017.281738 -27221.488281
v 4074.953369 1017.210205 -27225.814453
v 4069.374023 1016.053955 -27221.833984
v 4074.686768 1015.982910 -27226.160156
v 4069.853027 1015.724426 -27221.240234
v 4075.165527 1015.652954 -27225.566406
v 4068.491699 1013.362732 -27222.962891
v 4073.805176 1013.292847 -27227.289062
v 4066.732910 1008.598755 -27225.207031
v 4072.047363 1008.531006 -27229.531250
v 4064.698975 1006.568054 -27227.761719
v 4070.014648 1006.502747 -27232.085938
v 4062.198975 1002.046448 -27230.923828
v 4067.515625 1001.984253 -27235.248047
v 4061.589355 1003.691101 -27231.664062
v 4066.906250 1003.629211 -27235.988281
v 4060.689453 1002.184937 -27232.800781
v 4066.006592 1002.124207 -27237.125000
v 4059.867432 998.410400 -27233.865234
v 4065.185059 998.350830 -27238.189453
v 4067.144043 995.846924 -27224.832031
v 4072.458984 995.779907 -27229.156250
v 4067.050537 997.040955 -27224.937500
v 4072.365723 996.973938 -27229.259766
v 4068.196533 999.205933 -27223.484375
v 4073.510986 999.137512 -27227.808594
v 4067.543457 995.622742 -27224.337891
v 4072.858154 995.555420 -27228.662109
v 4068.789307 995.242737 -27222.789062
v 4074.103271 995.174011 -27227.113281
v 4069.992432 999.451416 -27221.244141
v 4075.305908 999.381104 -27225.568359
v 4071.104980 1002.216614 -27219.828125
v 4076.417236 1002.144836 -27224.152344
v 4071.264648 1004.929932 -27219.597656
v 4076.576660 1004.857849 -27223.923828
v 4070.758057 1007.433228 -27220.203125
v 4076.070312 1007.361206 -27224.527344
v 4071.327393 1009.699707 -27219.468750
v 4076.639160 1009.626953 -27223.792969
v 4072.861328 1011.287598 -27217.539062
v 4078.171875 1011.213135 -27221.863281
v 4074.119141 1012.011108 -27215.962891
v 4079.428955 1011.935242 -27220.287109
v 4074.856934 1013.448303 -27215.027344
v 4080.166016 1013.371521 -27219.351562
v 4074.846924 1015.164429 -27215.021484
v 4080.155762 1015.087402 -27219.345703
v 4073.576172 1015.679626 -27216.599609
v 4078.885986 1015.603943 -27220.925781
v 4127.023926 1004.256226 -27163.046875
v 4122.776367 1002.568726 -27161.869141
v 4125.948730 1002.485107 -27164.425781
v 4123.853027 1004.340637 -27160.490234
v 4121.860352 1001.760498 -27163.037109
v 4125.033691 1001.677612 -27165.593750
v 4121.337402 999.085205 -27163.716797
v 4124.511719 999.003052 -27166.273438
v 4120.277344 995.145142 -27165.087891
v 4123.453613 995.064148 -27167.644531
v 4117.511719 992.085999 -27168.617188
v 4120.691406 992.007141 -27171.177734
v 4116.482910 993.955444 -27169.914062
v 4119.664062 993.877136 -27172.472656
v 4116.210938 993.647949 -27170.259766
v 4119.393066 993.569702 -27172.820312
v 4115.791016 990.725647 -27170.810547
v 4118.973145 990.647949 -27173.371094
v 4116.114746 986.198242 -27170.427734
v 4119.296387 986.120728 -27172.986328
v 4116.007324 984.483521 -27170.574219
v 4119.189453 984.406311 -27173.132812
v 4120.602539 983.466431 -27164.748047
v 4123.777344 983.386414 -27167.304688
v 4119.778809 985.457397 -27165.781250
v 4122.955078 985.377747 -27168.337891
v 4119.328613 985.830505 -27166.349609
v 4122.505859 985.751099 -27168.906250
v 4120.232910 988.903503 -27165.183594
v 4123.408691 988.823120 -27167.740234
v 4121.862793 989.221497 -27163.111328
v 4125.036621 989.140015 -27165.667969
v 4121.933105 989.047302 -27163.023438
v 4125.106445 988.965820 -27165.580078
v 4121.972168 988.553101 -27162.978516
v 4125.145508 988.471741 -27165.533203
v 4121.986816 987.857605 -27162.962891
v 4125.160156 987.776245 -27165.517578
v 4121.985352 987.079651 -27162.970703
v 4125.158691 986.998352 -27165.525391
v 4121.974121 986.338135 -27162.988281
v 4125.147461 986.256897 -27165.544922
v 4121.960449 985.751831 -27163.009766
v 4125.133789 985.670837 -27165.564453
v 4121.952148 985.439819 -27163.023438
v 4125.125000 985.358643 -27165.578125
v 4121.952148 985.262939 -27163.023438
v 4125.125000 985.181946 -27165.580078
v 4121.958496 985.011414 -27163.017578
v 4125.131836 984.930420 -27165.572266
v 4121.970215 984.697937 -27163.005859
v 4125.143555 984.616943 -27165.560547
v 4121.986328 984.334595 -27162.986328
v 4125.159180 984.253601 -27165.541016
v 4122.005859 983.934021 -27162.964844
v 4125.178711 983.853027 -27165.519531
v 4122.027344 983.508545 -27162.939453
v 4125.200195 983.427612 -27165.494141
v 4122.049805 983.070740 -27162.914062
v 4125.223145 982.989807 -27165.468750
v 4124.080566 982.645203 -27160.341797
v 4127.250488 982.563049 -27162.894531
v 4123.211914 986.168640 -27161.419922
v 4126.383301 986.086609 -27163.972656
v 4123.401367 988.720398 -27161.162109
v 4126.572266 988.638000 -27163.716797
v 4124.348633 991.933838 -27159.939453
v 4127.518066 991.850220 -27162.494141
v 4123.461426 995.084839 -27161.046875
v 4126.632324 995.001648 -27163.601562
v 4124.095703 997.254822 -27160.226562
v 4127.266113 997.171021 -27162.781250
v 4124.854004 995.733704 -27159.273438
v 4128.022949 995.649414 -27161.828125
v 4125.809570 998.626648 -27158.042969
v 4128.977051 998.541321 -27160.595703
v 4126.247559 998.854248 -27157.486328
v 4129.414551 998.768616 -27160.039062
v 4126.401855 1000.091248 -27157.281250
v 4129.568359 1000.005310 -27159.833984
v 4126.328125 1001.222595 -27157.369141
v 4129.494629 1001.136719 -27159.921875
v 4125.988770 1001.453552 -27157.796875
v 4129.155762 1001.367798 -27160.351562
v 4125.585449 1001.061401 -27158.312500
v 4128.753418 1000.976135 -27160.865234
v 4125.437500 1002.001709 -27158.494141
v 4128.605469 1001.916443 -27161.046875
v 4124.877441 1002.283447 -27159.203125
v 4128.046387 1002.198547 -27161.757812
v 4124.439941 1005.053223 -27159.740234
v 4127.609863 1004.968201 -27162.296875
v 4138.754395 996.690308 -27148.248047
v 4136.740723 993.971802 -27145.060547
v 4139.504395 993.891541 -27147.333984
v 4135.989746 996.770447 -27145.974609
v 4136.168457 992.834106 -27145.783203
v 4138.933105 992.754333 -27148.056641
v 4135.930664 991.927734 -27146.085938
v 4138.695312 991.848206 -27148.359375
v 4135.369141 991.630554 -27146.789062
v 4138.134766 991.551208 -27149.062500
v 4135.544922 990.303650 -27146.580078
v 4138.310547 990.224548 -27148.853516
v 4134.970215 989.182617 -27147.304688
v 4137.736816 989.103943 -27149.578125
v 4134.416992 987.356750 -27148.007812
v 4137.184082 987.278503 -27150.283203
v 4134.673340 986.357849 -27147.697266
v 4137.440430 986.279724 -27149.970703
v 4134.210938 984.361694 -27148.289062
v 4136.978516 984.283997 -27150.562500
v 4131.774414 981.391846 -27151.347656
v 4134.545410 981.316101 -27153.625000
v 4135.220215 980.863098 -27147.060547
v 4137.985352 980.785400 -27149.333984
v 4136.719727 986.487244 -27145.148438
v 4139.482910 986.407837 -27147.419922
v 4137.517578 986.452637 -27144.154297
v 4140.279297 986.372742 -27146.425781
v 4137.546875 983.333801 -27144.144531
v 4140.309082 983.254395 -27146.414062
v 4137.907715 981.328125 -27143.710938
v 4140.668945 981.248596 -27145.982422
v 4136.630371 980.743225 -27145.306641
v 4139.393555 980.664551 -27147.578125
v 4141.429199 980.041138 -27139.339844
v 4144.184082 979.959534 -27141.607422
v 4139.118652 981.272095 -27142.205078
v 4141.877930 981.191895 -27144.472656
v 4138.476562 984.421143 -27142.976562
v 4141.236816 984.340820 -27145.248047
v 4139.070312 988.264404 -27142.205078
v 4141.830078 988.183350 -27144.476562
v 4138.356445 992.089233 -27143.064453
v 4141.117188 992.008118 -27145.333984
v 4138.933594 992.851929 -27142.339844
v 4141.693359 992.770203 -27144.609375
v 4139.197754 991.599731 -27142.019531
v 4141.957031 991.518005 -27144.289062
v 4139.977539 993.069519 -27141.037109
v 4142.734863 992.987244 -27143.306641
v 4140.410156 992.356201 -27140.503906
v 4143.166992 992.273804 -27142.773438
v 4140.764160 993.233337 -27140.056641
v 4143.520508 993.150452 -27142.324219
v 4140.261719 994.878113 -27140.667969
v 4143.019531 994.795410 -27142.937500
v 4140.309570 995.375244 -27140.605469
v 4143.066895 995.292542 -27142.873047
v 4139.973633 996.639343 -27141.011719
v 4142.731934 996.556641 -27143.281250
v 4139.315918 996.822021 -27141.830078
v 4142.075195 996.739746 -27144.099609
v 4138.999512 996.570496 -27142.226562
v 4141.759277 996.488403 -27144.496094
v 4138.735352 997.158752 -27142.550781
v 4141.495605 997.076721 -27144.822266
v 4138.334961 996.945312 -27143.050781
v 4141.096191 996.863647 -27145.322266
v 4137.527344 997.675720 -27144.050781
v 4140.289551 997.594543 -27146.324219
v 4137.393066 997.235107 -27144.222656
v 4140.155273 997.154053 -27146.494141
v 4136.176270 997.820251 -27145.734375
v 4138.940918 997.739807 -27148.007812
v 4000.853516 1066.058960 -27320.939453
v 3988.493652 1067.545532 -27316.533203
v 3997.859375 1067.647827 -27324.462891
v 3991.488525 1065.958740 -27313.009766
v 3985.485107 1066.218628 -27320.119141
v 3994.851807 1066.322388 -27328.048828
v 3983.874268 1063.315063 -27322.076172
v 3993.241211 1063.419678 -27330.003906
v 3983.252197 1059.194946 -27322.880859
v 3992.619385 1059.299683 -27330.808594
v 3985.230469 1051.050171 -27320.671875
v 3994.597412 1051.153442 -27328.599609
v 3984.632324 1044.985474 -27321.480469
v 3993.999268 1045.088745 -27329.408203
v 3987.126709 1037.080200 -27318.654297
v 3996.492676 1037.181763 -27326.583984
v 3985.801758 1034.658813 -27320.265625
v 3995.167725 1034.760986 -27328.193359
v 3985.059570 1035.902954 -27321.123047
v 3994.426270 1036.005737 -27329.050781
v 3983.264404 1034.631470 -27323.271484
v 3992.631348 1034.734985 -27331.199219
v 3981.251465 1030.570679 -27325.722656
v 3990.618652 1030.675293 -27333.652344
v 3979.312012 1023.747620 -27328.132812
v 3988.679932 1023.853149 -27336.062500
v 3976.062012 1014.241211 -27332.140625
v 3985.431152 1014.347900 -27340.068359
v 4001.783936 1002.495239 -27301.859375
v 4011.145264 1002.585815 -27309.789062
v 4005.817139 1015.441223 -27296.867188
v 4015.177002 1015.528503 -27304.796875
v 4010.127197 1019.346924 -27291.697266
v 4019.485107 1019.430237 -27299.628906
v 4015.344971 1019.444153 -27285.515625
v 4024.700928 1019.521912 -27293.447266
v 4015.601562 1018.228638 -27285.232422
v 4024.957275 1018.306213 -27293.164062
v 4017.082031 1018.204895 -27283.480469
v 4026.437500 1018.280945 -27291.412109
v 4017.766846 1019.559509 -27282.646484
v 4027.122070 1019.634705 -27290.578125
v 4022.188232 1022.705750 -27277.361328
v 4031.541504 1022.775696 -27285.292969
v 4022.329590 1026.576050 -27277.128906
v 4031.682373 1026.645996 -27285.062500
v 4022.857422 1029.181274 -27276.460938
v 4032.210205 1029.250610 -27284.394531
v 4022.377441 1031.137573 -27276.996094
v 4031.730469 1031.207642 -27284.929688
v 4020.464600 1031.163452 -27279.259766
v 4029.818359 1031.235840 -27287.193359
v 4018.633789 1030.799683 -27281.433594
v 4027.988525 1030.874268 -27289.365234
v 4017.009766 1031.346069 -27283.347656
v 4026.365234 1031.422485 -27291.279297
v 4016.836914 1035.081665 -27283.490234
v 4026.192627 1035.158569 -27291.421875
v 4021.811523 1038.599854 -27285.142578
v 4023.494385 1038.613403 -27286.568359
v 4021.487061 1045.713501 -27285.408203
v 4023.170166 1045.727295 -27286.835938
v 4020.681152 1048.827026 -27286.310547
v 4022.364258 1048.841064 -27287.738281
v 4019.480713 1051.447144 -27287.689453
v 4021.163818 1051.461304 -27289.115234
v 4020.807617 1045.631226 -27286.214844
v 4022.490723 1045.645142 -27287.640625
v 4020.363281 1040.517944 -27286.824219
v 4022.046387 1040.531860 -27288.251953
v 4016.838135 1042.444336 -27290.968750
v 4018.521729 1042.459106 -27292.394531
v 4015.539062 1046.405273 -27292.441406
v 4017.222656 1046.420166 -27293.867188
v 4016.030029 1051.117554 -27291.781250
v 4017.713623 1051.132446 -27293.208984
v 4018.508545 1055.024658 -27288.781250
v 4020.191895 1055.039185 -27290.208984
v 4023.677734 1054.263184 -27282.671875
v 4025.360596 1054.276611 -27284.099609
v 4022.581543 1055.818848 -27283.945312
v 4024.264404 1055.832397 -27285.371094
v 4019.024902 1056.505249 -27288.144531
v 4020.708008 1056.519653 -27289.572266
v 4016.367188 1054.589722 -27291.324219
v 4018.050537 1054.604614 -27292.751953
v 4014.341309 1050.616455 -27293.791016
v 4016.024658 1050.631592 -27295.218750
v 4014.194580 1046.495728 -27294.033203
v 4015.878418 1046.510986 -27295.458984
v 4016.093994 1040.522339 -27291.880859
v 4017.777344 1040.536987 -27293.308594
v 4012.418945 1037.894165 -27288.675781
v 4021.776123 1037.975952 -27296.605469
v 4010.799316 1038.086060 -27290.589844
v 4020.157227 1038.169312 -27298.521484
v 4007.281982 1040.316528 -27294.720703
v 4016.641357 1040.403442 -27302.650391
v 4005.225830 1046.381470 -27297.054688
v 4014.585938 1046.470459 -27304.986328
v 4003.077148 1048.619751 -27299.564453
v 4012.437744 1048.710693 -27307.494141
v 3999.862793 1050.506348 -27303.341797
v 4009.224609 1050.599976 -27311.271484
v 3997.606934 1056.777222 -27305.912109
v 4006.969482 1056.872681 -27313.841797
v 3991.346680 1061.132080 -27313.257812
v 4000.711426 1061.232300 -27321.187500
vn 0.6202 0.2527 0.7426
vn 0.6201 0.2525 0.7427
vn 0.6198 0.2527 0.7430
vn -0.3289 0.8504 -0.4107
vn -0.3289 0.8502 -0.4111
vn -0.3289 0.8503 -0.4108
vn -0.3289 0.8502 -0.4110
vn -0.6071 0.2993 -0.7361
vn -0.6070 0.2989 -0.7364
vn -0.6070 0.2993 -0.7362
vn -0.6069 0.2989 -0.7364
vn -0.3767 0.7997 -0.4676
vn -0.3769 0.7994 -0.4678
vn -0.3771 0.7995 -0.4676
vn -0.3770 0.7994 -0.4678
vn -0.6242 -0.2238 -0.7485
vn -0.6241 -0.2237 -0.7486
vn -0.6242 -0.2239 -0.7485
vn -0.6240 -0.2238 -0.7487
vn -0.2078 0.9414 -0.2658
vn -0.2077 0.9412 -0.2663
vn -0.2078 0.9413 -0.2659
vn -0.2079 0.9413 -0.2661
vn -0.5658 -0.4745 -0.6743
vn -0.5657 -0.4743 -0.6746
vn -0.5658 -0.4746 -0.6743
vn -0.5657 -0.4742 -0.6746
vn -0.3242 0.8551 -0.4046
vn -0.3243 0.8549 -0.4049
vn -0.3243 0.8550 -0.4047
vn -0.3243 0.8549 -0.4050
vn -0.5800 -0.4290 -0.6925
vn -0.5801 -0.4290 -0.6924
vn -0.5800 -0.4291 -0.6925
vn -0.5802 -0.4289 -0.6924
vn -0.5916 0.3644 -0.7192
vn -0.5914 0.3645 -0.7193
vn -0.5916 0.3645 -0.7192
vn -0.2237 0.9322 -0.2845
vn -0.2240 0.9320 -0.2849
vn -0.2237 0.9322 -0.2846
vn -0.2238 0.9321 -0.2847
vn -0.4893 -0.6516 -0.5797
vn -0.4889 -0.6521 -0.5794
vn -0.4893 -0.6515 -0.5798
vn -0.3339 0.8459 -0.4159
vn -0.3339 0.8458 -0.4161
vn -0.3339 0.8458 -0.4160
vn -0.3339 0.8458 -0.4162
vn -0.5729 -0.4512 -0.6842
vn -0.5728 -0.4517 -0.6841
vn -0.5300 0.5474 -0.6477
vn -0.5300 0.5473 -0.6478
vn -0.5300 0.5473 -0.6477
vn 0.1960 0.9551 0.2223
vn 0.1959 0.9551 0.2220
vn 0.1957 0.9551 0.2224
vn 0.1959 0.9552 0.2219
vn -0.6311 0.1380 -0.7633
vn -0.6310 0.1380 -0.7634
vn -0.6307 0.1383 -0.7636
vn -0.6310 0.1385 -0.7633
vn -0.4091 -0.7746 -0.4822
vn -0.4089 -0.7747 -0.4824
vn -0.4091 -0.7747 -0.4822
vn -0.5401 0.5233 -0.6591
vn -0.5397 0.5233 -0.6594
vn -0.5400 0.5234 -0.6592
vn -0.5398 0.5233 -0.6594
vn -0.5753 -0.4426 -0.6879
vn -0.5753 -0.4427 -0.6878
vn -0.1441 -0.9768 -0.1583
vn -0.1435 -0.9769 -0.1583
vn -0.1430 -0.9770 -0.1583
vn 0.5555 -0.4817 0.6778
vn 0.5556 -0.4816 0.6778
vn 0.3059 -0.8714 0.3834
vn 0.3060 -0.8713 0.3835
vn 0.3062 -0.8714 0.3834
vn 0.3063 -0.8712 0.3836
vn -0.5781 0.4129 -0.7037
vn -0.5782 0.4130 -0.7037
vn -0.5782 0.4129 -0.7037
vn -0.1680 -0.9680 -0.1866
vn -0.1675 -0.9681 -0.1864
vn -0.1678 -0.9680 -0.1865
vn -0.1673 -0.9681 -0.1864
vn 0.5898 -0.3718 0.7169
vn 0.5895 -0.3719 0.7170
vn 0.5898 -0.3718 0.7168
vn 0.6387 0.0300 0.7689
vn 0.6385 0.0302 0.7690
vn 0.6384 0.0302 0.7691
vn 0.5596 0.4926 0.6665
vn 0.5598 0.4928 0.6662
vn 0.5595 0.4928 0.6664
vn 0.5597 0.4929 0.6662
vn 0.5563 -0.4801 0.6782
vn 0.5563 -0.4801 0.6783
vn 0.5561 -0.4799 0.6786
vn 0.5561 -0.4801 0.6785
vn 0.2366 -0.9238 0.3010
vn 0.2369 -0.9237 0.3013
vn 0.2366 -0.9238 0.3011
vn -0.5361 -0.5550 -0.6361
vn -0.5361 -0.5551 -0.6360
vn -0.5359 -0.5551 -0.6362
vn 0.4627 -0.6790 0.5700
vn 0.4630 -0.6788 0.5700
vn 0.4629 -0.6788 0.5700
vn 0.4632 -0.6787 0.5699
vn 0.6270 0.2067 0.7511
vn 0.6270 0.2071 0.7510
vn 0.6272 0.2069 0.7508
vn 0.6269 0.2071 0.7510
vn 0.1967 0.9556 0.2194
vn 0.1964 0.9557 0.2191
vn 0.1963 0.9558 0.2191
vn 0.5950 0.3776 0.7096
vn 0.5950 0.3771 0.7097
vn 0.5949 0.3777 0.7096
vn 0.5950 0.3772 0.7097
vn 0.1788 0.9637 0.1981
vn 0.1786 0.9639 0.1976
vn 0.1787 0.9638 0.1980
vn 0.1785 0.9639 0.1975
vn 0.5757 0.4456 0.6856
vn 0.5756 0.4454 0.6858
vn 0.5757 0.4455 0.6857
vn 0.5759 0.4457 0.6854
vn -0.3265 0.8524 -0.4084
vn -0.3264 0.8526 -0.4081
vn -0.3265 0.8524 -0.4083
vn -0.3264 0.8525 -0.4082
vn 0.7754 0.0090 -0.6314
vn 0.7755 0.0090 -0.6313
vn 0.7755 0.0091 -0.6313
vn 0.7757 0.0090 -0.6310
vn 0.7757 0.0089 -0.6310
vn 0.7759 0.0089 -0.6308
vn 0.7758 0.0093 -0.6310
vn 0.7757 0.0091 -0.6310
vn 0.7757 0.0091 -0.6311
vn 0.7753 0.0091 -0.6315
vn 0.7753 0.0091 -0.6316
vn 0.7753 0.0090 -0.6315
vn 0.7755 0.0092 -0.6313
vn 0.7754 0.0092 -0.6314
vn 0.7755 0.0092 -0.6312
vn 0.7756 0.0092 -0.6312
vn 0.7756 0.0091 -0.6312
vn 0.7758 0.0091 -0.6309
vn 0.7759 0.0090 -0.6308
vn 0.7755 0.0090 -0.6312
vn 0.7754 0.0091 -0.6314
vn 0.7757 0.0092 -0.6310
vn 0.7756 0.0091 -0.6311
vn 0.7754 0.0092 -0.6315
vn 0.7754 0.0093 -0.6314
vn 0.7753 0.0094 -0.6315
vn 0.7759 0.0087 -0.6308
vn 0.7760 0.0087 -0.6307
vn 0.7755 0.0091 -0.6312
vn 0.7758 0.0092 -0.6310
vn -0.7751 -0.0091 0.6318
vn -0.7752 -0.0091 0.6317
vn -0.7752 -0.0092 0.6316
vn -0.7752 -0.0091 0.6316
vn -0.7752 -0.0092 0.6317
vn -0.7753 -0.0090 0.6315
vn -0.7753 -0.0091 0.6316
vn -0.7748 -0.0091 0.6322
vn -0.7749 -0.0092 0.6320
vn -0.7752 -0.0093 0.6316
vn -0.7750 -0.0092 0.6318
vn -0.7750 -0.0092 0.6319
vn -0.7753 -0.0092 0.6315
vn -0.7750 -0.0091 0.6318
vn -0.7749 -0.0090 0.6320
vn -0.7751 -0.0090 0.6317
vn -0.7752 -0.0089 0.6317
vn -0.7750 -0.0095 0.6319
vn -0.7751 -0.0092 0.6318
vn -0.7750 -0.0094 0.6319
vn -0.7750 -0.0089 0.6319
vn -0.7755 -0.0088 0.6313
vn -0.7754 -0.0091 0.6314
vn -0.7753 -0.0091 0.6315
vn 0.1708 0.9687 0.1802
vn 0.1705 0.9688 0.1797
vn 0.1707 0.9687 0.1801
vn 0.1704 0.9689 0.1797
vn 0.5854 0.4227 0.6918
vn 0.5855 0.4227 0.6917
vn 0.5854 0.4227 0.6919
vn 0.0289 0.9995 0.0097
vn 0.0285 0.9996 0.0089
vn 0.0288 0.9995 0.0096
vn 0.0285 0.9996 0.0088
vn 0.5264 -0.5533 0.6456
vn 0.5265 -0.5531 0.6456
vn 0.5265 -0.5532 0.6456
vn 0.1605 0.9726 0.1684
vn 0.1601 0.9727 0.1678
vn 0.1604 0.9726 0.1683
vn 0.1600 0.9728 0.1676
vn 0.5993 0.3697 0.7101
vn 0.5993 0.3694 0.7102
vn 0.5993 0.3696 0.7101
vn 0.5993 0.3695 0.7102
vn -0.4210 0.7406 -0.5236
vn -0.4211 0.7405 -0.5238
vn -0.4210 0.7407 -0.5236
vn -0.4210 0.7406 -0.5237
vn 0.5113 0.6167 0.5986
vn 0.5111 0.6169 0.5984
vn 0.5112 0.6168 0.5985
vn 0.5110 0.6171 0.5984
vn -0.5944 0.3537 -0.7222
vn -0.5942 0.3537 -0.7224
vn -0.5945 0.3537 -0.7221
vn -0.5943 0.3537 -0.7223
vn -0.5241 0.5585 -0.6430
vn -0.5243 0.5581 -0.6431
vn -0.5241 0.5584 -0.6430
vn -0.5243 0.5580 -0.6432
vn -0.6346 -0.1476 -0.7586
vn -0.6347 -0.1472 -0.7586
vn -0.6346 -0.1474 -0.7586
vn -0.6347 -0.1473 -0.7586
vn -0.2294 0.9267 -0.2976
vn -0.2295 0.9266 -0.2980
vn -0.2294 0.9267 -0.2977
vn -0.2295 0.9265 -0.2981
vn -0.6052 -0.3420 -0.7188
vn -0.6051 -0.3424 -0.7188
vn -0.6052 -0.3421 -0.7188
vn -0.6050 -0.3426 -0.7188
vn -0.4652 0.6733 -0.5747
vn -0.4651 0.6735 -0.5745
vn -0.2938 0.8799 -0.3735
vn -0.2939 0.8798 -0.3737
vn -0.2936 0.8800 -0.3734
vn -0.5328 -0.5693 -0.6261
vn -0.5322 -0.5697 -0.6263
vn -0.5327 -0.5693 -0.6261
vn -0.5321 -0.5698 -0.6262
vn -0.6173 0.2450 -0.7476
vn -0.6173 0.2453 -0.7475
vn -0.6173 0.2452 -0.7476
vn -0.6173 0.2452 -0.7475
vn -0.0815 0.9893 -0.1207
vn -0.0817 0.9893 -0.1211
vn -0.0816 0.9893 -0.1208
vn -0.6364 -0.1141 -0.7629
vn -0.6367 -0.1142 -0.7626
vn -0.6368 -0.1142 -0.7626
vn -0.6367 -0.1141 -0.7626
vn -0.2882 0.8847 -0.3665
vn -0.2884 0.8844 -0.3669
vn -0.2883 0.8845 -0.3667
vn -0.2885 0.8843 -0.3671
vn -0.5299 0.5454 -0.6494
vn -0.5301 0.5452 -0.6494
vn -0.5298 0.5455 -0.6494
vn 0.0766 -0.9905 0.1143
vn 0.0771 -0.9904 0.1145
vn 0.0767 -0.9905 0.1143
vn 0.0772 -0.9904 0.1145
vn -0.4849 0.6390 -0.5971
vn -0.4847 0.6392 -0.5971
vn -0.4848 0.6391 -0.5971
vn -0.4845 0.6392 -0.5972
vn -0.3318 -0.8632 -0.3804
vn -0.3320 -0.8633 -0.3801
vn -0.3321 -0.8631 -0.3805
vn -0.3316 -0.8634 -0.3803
vn -0.5483 0.4993 -0.6709
vn -0.5482 0.4995 -0.6708
vn -0.5482 0.4994 -0.6708
vn -0.5486 0.4993 -0.6706
vn -0.0880 -0.9926 -0.0841
vn -0.0874 -0.9927 -0.0835
vn -0.0879 -0.9926 -0.0840
vn -0.0873 -0.9927 -0.0835
vn -0.6223 0.2129 -0.7532
vn -0.6223 0.2130 -0.7532
vn -0.1084 0.9825 -0.1515
vn -0.1085 0.9824 -0.1519
vn -0.1084 0.9825 -0.1516
vn -0.1085 0.9824 -0.1521
vn -0.1152 -0.9865 -0.1163
vn -0.1147 -0.9866 -0.1162
vn -0.1142 -0.9866 -0.1162
vn 0.6028 -0.3178 0.7319
vn 0.6027 -0.3182 0.7318
vn 0.6028 -0.3179 0.7319
vn 0.6026 -0.3184 0.7318
vn 0.4833 -0.6416 0.5957
vn 0.4835 -0.6414 0.5957
vn 0.4833 -0.6415 0.5958
vn -0.5707 -0.4680 -0.6747
vn -0.5706 -0.4682 -0.6747
vn -0.5708 -0.4676 -0.6749
vn -0.6006 0.3271 -0.7296
vn -0.6007 0.3273 -0.7294
vn -0.6005 0.3270 -0.7297
vn -0.6007 0.3272 -0.7294
vn -0.1350 -0.9810 -0.1395
vn -0.1348 -0.9810 -0.1393
vn -0.1349 -0.9810 -0.1394
vn -0.1347 -0.9811 -0.1392
vn 0.5963 -0.3467 0.7240
vn 0.5963 -0.3468 0.7240
vn 0.6278 0.2134 0.7485
vn 0.6279 0.2134 0.7485
vn 0.6278 0.2134 0.7486
vn 0.6278 0.2133 0.7486
vn 0.5034 -0.6028 0.6191
vn 0.5034 -0.6028 0.6190
vn 0.5032 -0.6029 0.6191
vn 0.5033 -0.6028 0.6191
vn -0.6197 -0.2703 -0.7369
vn -0.6197 -0.2702 -0.7369
vn -0.6196 -0.2703 -0.7369
vn -0.6196 -0.2701 -0.7370
vn 0.4694 -0.6656 0.5802
vn 0.4695 -0.6656 0.5801
vn 0.4695 -0.6655 0.5802
vn 0.6126 -0.2724 0.7419
vn 0.6126 -0.2725 0.7420
vn 0.6124 -0.2721 0.7422
vn 0.6125 -0.2725 0.7420
vn 0.0443 -0.9959 0.0786
vn 0.0450 -0.9959 0.0791
vn 0.0444 -0.9959 0.0787
vn 0.0451 -0.9958 0.0792
vn 0.6378 -0.0698 0.7670
vn 0.6377 -0.0697 0.7671
vn 0.6378 -0.0697 0.7671
vn 0.7755 0.0072 -0.6313
vn 0.7755 0.0069 -0.6313
vn 0.7755 0.0070 -0.6313
vn 0.7755 0.0071 -0.6314
vn 0.7755 0.0068 -0.6313
vn 0.7755 0.0071 -0.6313
vn 0.7760 0.0070 -0.6307
vn 0.7758 0.0070 -0.6310
vn 0.7758 0.0071 -0.6309
vn 0.7758 0.0071 -0.6310
vn 0.7755 0.0073 -0.6313
vn 0.7756 0.0071 -0.6312
vn 0.7756 0.0073 -0.6311
vn 0.7759 0.0071 -0.6309
vn 0.7756 0.0070 -0.6312
vn 0.7759 0.0069 -0.6308
vn 0.7757 0.0070 -0.6310
vn 0.7759 0.0070 -0.6308
vn 0.7755 0.0073 -0.6312
vn 0.7756 0.0072 -0.6312
vn 0.7757 0.0072 -0.6311
vn 0.7756 0.0073 -0.6312
vn 0.7757 0.0071 -0.6311
vn 0.7757 0.0069 -0.6310
vn 0.7758 0.0069 -0.6309
vn 0.7760 0.0071 -0.6307
vn 0.7759 0.0072 -0.6308
vn -0.7749 -0.0071 0.6320
vn -0.7750 -0.0072 0.6319
vn -0.7750 -0.0071 0.6320
vn -0.7752 -0.0073 0.6316
vn -0.7751 -0.0071 0.6318
vn -0.7751 -0.0072 0.6317
vn -0.7752 -0.0071 0.6317
vn -0.7751 -0.0072 0.6318
vn -0.7750 -0.0071 0.6319
vn -0.7751 -0.0073 0.6318
vn -0.7752 -0.0072 0.6317
vn -0.7748 -0.0072 0.6321
vn -0.7753 -0.0073 0.6316
vn -0.7750 -0.0072 0.6320
vn -0.7749 -0.0074 0.6321
vn -0.7749 -0.0073 0.6320
vn -0.7750 -0.0073 0.6320
vn -0.7751 -0.0073 0.6319
vn -0.7751 -0.0074 0.6318
vn -0.7752 -0.0073 0.6317
vn -0.7751 -0.0069 0.6317
vn -0.7752 -0.0072 0.6316
vn -0.7754 -0.0070 0.6315
vn -0.5337 0.5334 -0.6562
vn -0.5337 0.5335 -0.6561
vn -0.5337 0.5335 -0.6562
vn -0.5338 0.5333 -0.6563
vn -0.6422 0.0236 -0.7662
vn -0.6420 0.0233 -0.7664
vn -0.6420 0.0235 -0.7663
vn -0.6423 0.0234 -0.7661
vn -0.5515 0.4895 -0.6755
vn -0.5514 0.4894 -0.6756
vn -0.5517 0.4893 -0.6754
vn -0.5514 0.4893 -0.6757
vn -0.6361 0.1178 -0.7625
vn -0.6363 0.1176 -0.7625
vn -0.6359 0.1177 -0.7627
vn -0.6362 0.1176 -0.7625
vn 0.1573 0.9759 0.1511
vn 0.1568 0.9760 0.1509
vn 0.1575 0.9759 0.1510
vn 0.1571 0.9760 0.1508
vn 0.5946 0.4060 0.6940
vn 0.5947 0.4060 0.6939
vn 0.5723 0.4804 0.6646
vn 0.5722 0.4808 0.6644
vn 0.5724 0.4804 0.6646
vn 0.5723 0.4805 0.6645
vn -0.1878 0.9476 -0.2586
vn -0.1881 0.9474 -0.2589
vn -0.1880 0.9474 -0.2588
vn -0.1883 0.9473 -0.2592
vn -0.6307 0.1667 -0.7580
vn -0.6304 0.1667 -0.7581
vn -0.6305 0.1667 -0.7581
vn -0.6305 0.1666 -0.7581
vn -0.5362 -0.5739 -0.6189
vn -0.5363 -0.5740 -0.6188
vn -0.5362 -0.5740 -0.6189
vn -0.5363 -0.5739 -0.6189
vn -0.6207 0.2325 -0.7487
vn -0.6211 0.2325 -0.7485
vn -0.6208 0.2327 -0.7486
vn -0.6208 0.2325 -0.7487
vn -0.5348 -0.5771 -0.6172
vn -0.5347 -0.5771 -0.6173
vn -0.5347 -0.5772 -0.6173
vn -0.5349 -0.5770 -0.6172
vn -0.0585 -0.9978 -0.0317
vn -0.0582 -0.9978 -0.0318
vn -0.0572 -0.9978 -0.0322
vn -0.0569 -0.9979 -0.0323
vn 0.5915 -0.3651 0.7189
vn 0.5915 -0.3652 0.7189
vn 0.5914 -0.3652 0.7190
vn 0.5916 -0.3653 0.7187
vn 0.6417 0.0953 0.7610
vn 0.6419 0.0954 0.7608
vn 0.6418 0.0956 0.7609
vn -0.3189 -0.8825 -0.3457
vn -0.3185 -0.8827 -0.3457
vn -0.3187 -0.8825 -0.3457
vn -0.3183 -0.8827 -0.3456
vn 0.6173 -0.2534 0.7448
vn 0.6172 -0.2535 0.7448
vn 0.6173 -0.2533 0.7448
vn 0.6172 -0.2536 0.7448
vn -0.0121 -0.9996 0.0245
vn -0.0119 -0.9996 0.0247
vn -0.0121 -0.9996 0.0246
vn 0.6418 0.0996 0.7604
vn 0.6418 0.0994 0.7604
vn 0.6418 0.0995 0.7604
vn 0.6418 0.0992 0.7605
vn 0.3922 0.8102 0.4355
vn 0.3924 0.8102 0.4355
vn 0.3919 0.8104 0.4354
vn 0.3925 0.8101 0.4355
vn 0.5338 -0.5332 0.6564
vn 0.5337 -0.5332 0.6564
vn 0.5335 -0.5332 0.6565
vn 0.6118 0.3373 0.7155
vn 0.6118 0.3376 0.7154
vn 0.6119 0.3377 0.7153
vn 0.2279 0.9450 0.2347
vn 0.2275 0.9451 0.2345
vn 0.2279 0.9450 0.2346
vn 0.2274 0.9452 0.2344
vn 0.5786 0.4633 0.6713
vn 0.5786 0.4635 0.6711
vn 0.5787 0.4632 0.6712
vn 0.5784 0.4640 0.6710
vn -0.4039 0.7590 -0.5107
vn -0.4041 0.7587 -0.5109
vn -0.4039 0.7589 -0.5108
vn -0.4041 0.7589 -0.5107
vn -0.2431 0.9140 -0.3248
vn -0.2428 0.9140 -0.3249
vn -0.2430 0.9141 -0.3246
vn -0.2427 0.9141 -0.3249
vn -0.5640 0.4548 -0.6892
vn -0.5640 0.4545 -0.6894
vn 0.0188 0.9997 -0.0159
vn 0.0184 0.9997 -0.0164
vn 0.0187 0.9997 -0.0160
vn 0.0183 0.9997 -0.0165
vn 0.5934 0.4121 0.6915
vn 0.5933 0.4126 0.6912
vn 0.5932 0.4124 0.6915
vn 0.5935 0.4127 0.6910
vn 0.6143 -0.2681 0.7421
vn 0.6142 -0.2683 0.7421
vn 0.6143 -0.2682 0.7421
vn 0.6172 0.3087 0.7237
vn 0.6171 0.3086 0.7238
vn 0.6171 0.3087 0.7238
vn 0.2169 -0.9308 0.2943
vn 0.2174 -0.9306 0.2945
vn 0.2171 -0.9307 0.2944
vn 0.2175 -0.9306 0.2946
vn 0.6319 -0.1572 0.7589
vn 0.6319 -0.1571 0.7589
vn 0.6319 -0.1572 0.7590
vn 0.6319 -0.1570 0.7590
vn 0.5042 -0.5973 0.6237
vn 0.5044 -0.5972 0.6237
vn 0.5041 -0.5973 0.6238
vn 0.6418 0.0957 0.7609
vn 0.6419 0.0956 0.7608
vn 0.5578 0.5235 0.6441
vn 0.5577 0.5234 0.6442
vn 0.5575 0.5235 0.6443
vn 0.5576 0.5235 0.6442
vn 0.5271 -0.5486 0.6490
vn 0.5275 -0.5477 0.6494
vn 0.5271 -0.5485 0.6491
vn 0.5276 -0.5476 0.6494
vn 0.4615 0.7171 0.5222
vn 0.4614 0.7172 0.5223
vn 0.4614 0.7171 0.5223
vn 0.4615 0.7171 0.5223
vn 0.0042 0.9994 -0.0331
vn 0.0041 0.9994 -0.0333
vn 0.0042 0.9994 -0.0332
vn 0.0041 0.9994 -0.0334
vn -0.2593 0.9028 -0.3432
vn -0.2594 0.9027 -0.3433
vn -0.2593 0.9027 -0.3432
vn -0.2594 0.9026 -0.3436
vn -0.5802 -0.4572 -0.6741
vn -0.5804 -0.4568 -0.6741
vn -0.5802 -0.4571 -0.6741
vn -0.5804 -0.4568 -0.6742
vn 0.7744 0.0074 -0.6327
vn 0.7745 0.0074 -0.6325
vn 0.7744 0.0073 -0.6326
vn 0.7747 0.0074 -0.6323
vn 0.7747 0.0073 -0.6323
vn 0.7745 0.0076 -0.6325
vn 0.7749 0.0072 -0.6321
vn 0.7748 0.0070 -0.6321
vn 0.7746 0.0074 -0.6325
vn 0.7746 0.0075 -0.6324
vn 0.7747 0.0071 -0.6323
vn 0.7747 0.0069 -0.6323
vn 0.7750 0.0070 -0.6319
vn 0.7749 0.0071 -0.6320
vn 0.7750 0.0077 -0.6319
vn 0.7746 0.0072 -0.6324
vn 0.7750 0.0072 -0.6319
vn 0.7749 0.0072 -0.6320
vn 0.7747 0.0070 -0.6323
vn 0.7749 0.0081 -0.6320
vn 0.7750 0.0069 -0.6319
vn 0.7747 0.0072 -0.6322
vn 0.7749 0.0071 -0.6321
vn 0.7748 0.0071 -0.6321
vn 0.7747 0.0075 -0.6323
vn 0.7751 0.0069 -0.6318
vn 0.7748 0.0071 -0.6322
vn 0.7747 0.0092 -0.6322
vn 0.7747 0.0091 -0.6323
vn 0.7746 0.0074 -0.6324
vn 0.7745 0.0072 -0.6325
vn -0.7736 -0.0074 0.6336
vn -0.7737 -0.0075 0.6335
vn -0.7739 -0.0073 0.6333
vn -0.7739 -0.0075 0.6333
vn -0.7739 -0.0072 0.6333
vn -0.7737 -0.0076 0.6335
vn -0.7738 -0.0075 0.6333
vn -0.7741 -0.0071 0.6330
vn -0.7741 -0.0072 0.6331
vn -0.7740 -0.0073 0.6331
vn -0.7738 -0.0073 0.6333
vn -0.7739 -0.0076 0.6333
vn -0.7737 -0.0067 0.6335
vn -0.7742 -0.0071 0.6329
vn -0.7743 -0.0067 0.6328
vn -0.7742 -0.0068 0.6329
vn -0.7740 -0.0076 0.6331
vn -0.7740 -0.0073 0.6332
vn -0.7740 -0.0071 0.6331
vn -0.7742 -0.0073 0.6329
vn -0.7741 -0.0073 0.6330
vn -0.7741 -0.0072 0.6330
vn -0.7740 -0.0070 0.6332
vn -0.7742 -0.0084 0.6329
vn -0.7740 -0.0071 0.6332
vn -0.7743 -0.0071 0.6327
vn -0.7743 -0.0075 0.6328
vn -0.7739 -0.0094 0.6332
vn -0.7739 -0.0109 0.6332
vn -0.7738 -0.0074 0.6334
vn -0.7737 -0.0073 0.6335
vn 0.1848 0.9594 0.2133
vn 0.1847 0.9595 0.2126
vn 0.1848 0.9594 0.2132
vn 0.1844 0.9596 0.2127
vn 0.5099 0.6067 0.6099
vn 0.5098 0.6073 0.6093
vn 0.5099 0.6067 0.6098
vn 0.5098 0.6072 0.6094
vn 0.0705 0.9947 0.0751
vn 0.0703 0.9947 0.0746
vn 0.0704 0.9947 0.0749
vn 0.0703 0.9947 0.0745
vn 0.2501 0.9228 0.2932
vn 0.2499 0.9230 0.2926
vn 0.2501 0.9228 0.2931
vn 0.2499 0.9231 0.2925
vn -0.3854 0.7923 -0.4730
vn -0.3854 0.7922 -0.4732
vn -0.3854 0.7922 -0.4731
vn -0.3854 0.7921 -0.4733
vn -0.5754 0.4240 -0.6994
vn -0.5756 0.4239 -0.6993
vn -0.5758 0.4238 -0.6992
vn -0.4252 0.7408 -0.5200
vn -0.4251 0.7408 -0.5201
vn -0.4251 0.7407 -0.5202
vn 0.2978 0.8866 0.3539
vn 0.2979 0.8867 0.3535
vn 0.2978 0.8867 0.3537
vn 0.2978 0.8870 0.3529
vn -0.5717 0.4374 -0.6942
vn -0.5717 0.4368 -0.6945
vn -0.5717 0.4369 -0.6944
vn -0.5715 0.4369 -0.6946
vn -0.6255 -0.1986 -0.7546
vn -0.6253 -0.1986 -0.7547
vn -0.6255 -0.1985 -0.7546
vn -0.6059 0.3046 -0.7349
vn -0.6059 0.3047 -0.7349
vn -0.6059 0.3049 -0.7348
vn -0.5876 -0.3928 -0.7074
vn -0.5875 -0.3930 -0.7073
vn -0.5875 -0.3928 -0.7075
vn -0.5876 -0.3930 -0.7073
vn -0.1517 -0.9728 -0.1751
vn -0.1512 -0.9729 -0.1751
vn -0.1507 -0.9730 -0.1751
vn 0.4635 -0.6819 0.5659
vn 0.4634 -0.6818 0.5660
vn 0.4632 -0.6820 0.5660
vn 0.4634 -0.6818 0.5661
vn 0.6322 -0.1208 0.7653
vn 0.6321 -0.1210 0.7654
vn 0.6322 -0.1209 0.7653
vn 0.6319 -0.1212 0.7656
vn 0.3473 -0.8347 0.4274
vn 0.3476 -0.8344 0.4277
vn 0.3477 -0.8343 0.4278
vn -0.6082 0.2925 -0.7379
vn -0.6082 0.2926 -0.7379
vn -0.5255 0.5603 -0.6402
vn -0.5257 0.5600 -0.6403
vn -0.5256 0.5603 -0.6402
vn -0.5258 0.5599 -0.6403
vn -0.1304 -0.9803 -0.1485
vn -0.1298 -0.9804 -0.1483
vn -0.1299 -0.9803 -0.1484
vn -0.1297 -0.9804 -0.1483
vn 0.6054 -0.3059 0.7348
vn 0.6052 -0.3059 0.7350
vn 0.6053 -0.3060 0.7348
vn 0.5774 -0.4170 0.7020
vn 0.5774 -0.4170 0.7019
vn 0.5773 -0.4170 0.7020
vn 0.5968 0.3585 0.7178
vn 0.5966 0.3586 0.7180
vn 0.5970 0.3586 0.7176
vn 0.5969 0.3585 0.7178
vn 0.6368 0.0569 0.7689
vn 0.6368 0.0565 0.7689
vn 0.6368 0.0570 0.7689
vn 0.6369 0.0565 0.7689
vn 0.4345 -0.7269 0.5319
vn 0.4344 -0.7267 0.5322
vn 0.4345 -0.7268 0.5320
vn 0.4344 -0.7266 0.5323
vn -0.3873 -0.7992 -0.4597
vn -0.3870 -0.7994 -0.4596
vn -0.3869 -0.7994 -0.4596
vn 0.4885 -0.6365 0.5968
vn 0.4884 -0.6366 0.5969
vn 0.4883 -0.6366 0.5969
vn 0.4886 -0.6364 0.5969
vn 0.3823 -0.7954 0.4703
vn 0.3824 -0.7952 0.4705
vn 0.3825 -0.7953 0.4703
vn 0.3830 -0.7951 0.4703
vn 0.6139 -0.2630 0.7443
vn 0.6138 -0.2631 0.7443
vn 0.6139 -0.2629 0.7443
vn 0.6137 -0.2634 0.7443
vn 0.7737 0.0094 -0.6334
vn 0.7737 0.0095 -0.6335
vn 0.7737 0.0093 -0.6334
vn 0.7737 0.0093 -0.6335
vn 0.7737 0.0092 -0.6335
vn 0.7738 0.0092 -0.6333
vn 0.7735 0.0095 -0.6338
vn 0.7733 0.0095 -0.6340
vn 0.7734 0.0093 -0.6339
vn 0.7734 0.0091 -0.6339
vn 0.7741 0.0091 -0.6331
vn 0.7740 0.0092 -0.6332
vn 0.7741 0.0093 -0.6330
vn 0.7742 0.0094 -0.6329
vn 0.7740 0.0091 -0.6331
vn 0.7733 0.0091 -0.6339
vn 0.7735 0.0094 -0.6338
vn 0.7733 0.0093 -0.6339
vn 0.7735 0.0092 -0.6337
vn 0.7734 0.0096 -0.6339
vn 0.7736 0.0092 -0.6336
vn 0.7736 0.0091 -0.6337
vn 0.7735 0.0093 -0.6337
vn 0.7739 0.0091 -0.6333
vn 0.7739 0.0089 -0.6333
vn -0.7735 -0.0092 0.6337
vn -0.7736 -0.0092 0.6336
vn -0.7736 -0.0092 0.6337
vn -0.7737 -0.0092 0.6335
vn -0.7737 -0.0092 0.6334
vn -0.7733 -0.0092 0.6340
vn -0.7733 -0.0093 0.6339
vn -0.7735 -0.0092 0.6338
vn -0.7734 -0.0094 0.6338
vn -0.7741 -0.0091 0.6330
vn -0.7741 -0.0090 0.6330
vn -0.7739 -0.0092 0.6333
vn -0.7740 -0.0091 0.6331
vn -0.7740 -0.0091 0.6332
vn -0.7736 -0.0093 0.6336
vn -0.7736 -0.0094 0.6336
vn -0.7735 -0.0094 0.6338
vn -0.7735 -0.0095 0.6337
vn -0.7735 -0.0096 0.6337
vn -0.7738 -0.0091 0.6333
vn -0.7738 -0.0091 0.6334
vn -0.7740 -0.0092 0.6332
vn -0.7739 -0.0093 0.6332
vn -0.0366 0.9974 -0.0619
vn -0.0368 0.9974 -0.0624
vn -0.0367 0.9974 -0.0621
vn -0.0369 0.9974 -0.0626
vn 0.5461 0.5135 0.6619
vn 0.5460 0.5137 0.6618
vn -0.4576 0.6794 -0.5736
vn -0.4578 0.6793 -0.5736
vn -0.4578 0.6792 -0.5736
vn 0.1378 0.9786 0.1529
vn 0.1375 0.9787 0.1524
vn 0.1374 0.9787 0.1523
vn -0.5923 0.3351 -0.7328
vn -0.5922 0.3352 -0.7328
vn -0.5923 0.3351 -0.7327
vn -0.5921 0.3353 -0.7328
vn -0.2582 -0.9177 -0.3018
vn -0.2577 -0.9180 -0.3014
vn -0.2582 -0.9178 -0.3018
vn -0.2577 -0.9180 -0.3013
vn -0.4569 0.6809 -0.5724
vn -0.4571 0.6808 -0.5723
vn -0.4567 0.6810 -0.5724
vn -0.4573 0.6807 -0.5723
vn -0.5376 0.5134 -0.6688
vn -0.5376 0.5135 -0.6688
vn -0.5375 0.5136 -0.6688
vn -0.3266 0.8495 -0.4144
vn -0.3267 0.8493 -0.4147
vn -0.3268 0.8493 -0.4146
vn -0.3267 0.8492 -0.4148
vn -0.4662 0.6656 -0.5828
vn -0.4661 0.6655 -0.5829
vn -0.4662 0.6655 -0.5829
vn -0.4658 0.6655 -0.5831
vn 0.5485 0.5036 0.6675
vn 0.5486 0.5038 0.6673
vn 0.5486 0.5040 0.6671
vn -0.4496 0.6937 -0.5628
vn -0.4498 0.6936 -0.5627
vn -0.4499 0.6935 -0.5627
vn -0.5916 0.3358 -0.7330
vn -0.5921 0.3356 -0.7327
vn -0.5919 0.3357 -0.7328
vn -0.5924 0.3355 -0.7325
vn -0.1438 -0.9763 -0.1619
vn -0.1435 -0.9763 -0.1619
vn -0.1432 -0.9763 -0.1620
vn -0.1429 -0.9764 -0.1621
vn 0.6276 0.1158 0.7698
vn 0.6277 0.1160 0.7698
vn 0.6277 0.1158 0.7698
vn 0.4747 -0.6496 0.5938
vn 0.4750 -0.6495 0.5938
vn 0.4747 -0.6497 0.5938
vn -0.6023 0.2872 -0.7448
vn -0.6024 0.2872 -0.7447
vn -0.1267 -0.9820 -0.1400
vn -0.1261 -0.9821 -0.1397
vn -0.1265 -0.9820 -0.1400
vn -0.1260 -0.9822 -0.1396
vn 0.5688 -0.4218 0.7060
vn 0.5690 -0.4218 0.7059
vn 0.5692 -0.4218 0.7058
vn 0.5244 -0.5458 0.6536
vn 0.5247 -0.5457 0.6534
vn 0.5245 -0.5458 0.6535
vn 0.5248 -0.5456 0.6534
vn 0.6273 -0.1018 0.7721
vn 0.6272 -0.1023 0.7721
vn 0.6273 -0.1020 0.7721
vn 0.6272 -0.1021 0.7721
vn 0.6048 0.3001 0.7376
vn 0.6046 0.3004 0.7377
vn 0.6047 0.3003 0.7377
vn 0.5813 -0.3791 0.7200
vn 0.5811 -0.3793 0.7201
vn 0.5812 -0.3792 0.7200
vn 0.5810 -0.3793 0.7201
vn 0.3347 -0.8409 0.4253
vn 0.3349 -0.8407 0.4255
vn 0.3348 -0.8408 0.4254
vn 0.3350 -0.8407 0.4255
vn 0.2046 -0.9414 0.2681
vn 0.2053 -0.9412 0.2682
vn 0.2048 -0.9414 0.2681
vn 0.2055 -0.9412 0.2682
vn 0.4808 -0.6382 0.6013
vn 0.4805 -0.6383 0.6014
vn 0.4806 -0.6383 0.6013
vn 0.4808 -0.6382 0.6012
vn 0.6315 0.0012 0.7754
vn 0.6320 0.0010 0.7750
vn 0.6314 0.0013 0.7755
vn 0.6316 0.0010 0.7753
vn 0.1644 0.9689 0.1847
vn 0.1641 0.9691 0.1843
vn 0.1643 0.9690 0.1846
vn 0.1641 0.9691 0.1842
vn 0.5288 0.5580 0.6395
vn 0.5286 0.5582 0.6395
vn 0.5288 0.5582 0.6393
vn 0.7800 0.0066 -0.6257
vn 0.7798 0.0068 -0.6260
vn 0.7798 0.0069 -0.6260
vn 0.7804 0.0066 -0.6253
vn 0.7802 0.0067 -0.6255
vn 0.7803 0.0067 -0.6254
vn 0.7796 0.0068 -0.6262
vn 0.7796 0.0069 -0.6262
vn 0.7794 0.0063 -0.6265
vn 0.7798 0.0067 -0.6259
vn 0.7802 0.0068 -0.6255
vn 0.7799 0.0067 -0.6258
vn 0.7800 0.0068 -0.6257
vn 0.7801 0.0068 -0.6257
vn 0.7802 0.0067 -0.6256
vn 0.7802 0.0066 -0.6255
vn 0.7802 0.0069 -0.6255
vn 0.7800 0.0067 -0.6257
vn 0.7804 0.0067 -0.6253
vn 0.7803 0.0066 -0.6254
vn 0.7805 0.0067 -0.6251
vn 0.7804 0.0066 -0.6252
vn 0.7805 0.0067 -0.6252
vn 0.7805 0.0069 -0.6251
vn -0.7796 -0.0068 0.6262
vn -0.7797 -0.0068 0.6261
vn -0.7796 -0.0067 0.6262
vn -0.7800 -0.0069 0.6257
vn -0.7800 -0.0068 0.6258
vn -0.7800 -0.0067 0.6257
vn -0.7795 -0.0068 0.6263
vn -0.7797 -0.0069 0.6261
vn -0.7796 -0.0067 0.6263
vn -0.7798 -0.0068 0.6260
vn -0.7800 -0.0068 0.6257
vn -0.7798 -0.0069 0.6259
vn -0.7798 -0.0069 0.6260
vn -0.7799 -0.0067 0.6258
vn -0.7800 -0.0070 0.6257
vn -0.7802 -0.0070 0.6255
vn -0.7798 -0.0065 0.6260
vn -0.7802 -0.0068 0.6255
vn -0.7801 -0.0067 0.6256
vn -0.7802 -0.0067 0.6255
vn -0.4352 0.7025 -0.5631
vn -0.4350 0.7027 -0.5630
vn -0.4355 0.7025 -0.5629
vn -0.4351 0.7025 -0.5632
vn -0.2858 0.8783 -0.3832
vn -0.2857 0.8783 -0.3835
vn -0.2859 0.8782 -0.3834
vn -0.2855 0.8783 -0.3835
vn -0.5925 0.3051 -0.7456
vn -0.5927 0.3052 -0.7453
vn -0.5926 0.3052 -0.7454
vn -0.5924 0.3053 -0.7455
vn -0.5681 0.4024 -0.7179
vn -0.5678 0.4026 -0.7180
vn -0.5677 0.4025 -0.7181
vn -0.3405 0.8261 -0.4490
vn -0.3405 0.8262 -0.4488
vn -0.3404 0.8262 -0.4490
vn -0.3402 0.8261 -0.4493
vn 0.4792 0.6623 0.5759
vn 0.4798 0.6625 0.5753
vn 0.4795 0.6624 0.5756
vn 0.4796 0.6625 0.5754
vn -0.3464 0.8199 -0.4558
vn -0.3465 0.8198 -0.4558
vn -0.3464 0.8199 -0.4559
vn -0.3466 0.8198 -0.4559
vn -0.6064 0.2308 -0.7609
vn -0.6066 0.2306 -0.7608
vn -0.6063 0.2307 -0.7610
vn -0.6065 0.2308 -0.7609
vn -0.6246 -0.1102 -0.7731
vn -0.6249 -0.1102 -0.7729
vn -0.6248 -0.1102 -0.7730
vn -0.6216 0.1051 -0.7762
vn -0.6218 0.1051 -0.7761
vn -0.6216 0.1051 -0.7763
vn -0.6217 0.1051 -0.7762
vn -0.1007 -0.9905 -0.0941
vn -0.1005 -0.9905 -0.0941
vn -0.1002 -0.9905 -0.0942
vn -0.0999 -0.9905 -0.0942
vn 0.5308 0.5526 0.6425
vn 0.5307 0.5529 0.6424
vn 0.5309 0.5527 0.6424
vn 0.5310 0.5529 0.6422
vn 0.3005 0.8889 0.3458
vn 0.3005 0.8889 0.3457
vn 0.3004 0.8889 0.3460
vn 0.3004 0.8890 0.3457
vn 0.5585 -0.4331 0.7075
vn 0.5585 -0.4329 0.7076
vn 0.5586 -0.4330 0.7074
vn -0.2806 -0.9051 -0.3195
vn -0.2803 -0.9052 -0.3193
vn 0.0594 -0.9927 0.1053
vn 0.0597 -0.9926 0.1054
vn -0.5954 -0.3384 -0.7287
vn -0.5944 -0.3435 -0.7271
vn -0.6266 -0.0752 -0.7757
vn -0.6265 -0.0764 -0.7756
vn -0.6273 -0.0103 -0.7787
vn -0.6273 -0.0111 -0.7787
vn -0.6267 0.0195 -0.7790
vn -0.6267 0.0181 -0.7790
vn -0.6262 0.0358 -0.7788
vn -0.6262 0.0360 -0.7788
vn -0.6258 0.0457 -0.7787
vn -0.6258 0.0459 -0.7786
vn -0.6265 0.0280 -0.7789
vn -0.6265 0.0281 -0.7789
vn -0.6273 -0.0151 -0.7786
vn -0.6273 -0.0148 -0.7786
vn -0.6272 -0.0468 -0.7775
vn -0.6272 -0.0455 -0.7775
vn -0.6271 -0.0611 -0.7765
vn -0.6269 -0.0610 -0.7767
vn -0.6267 -0.0698 -0.7761
vn -0.6267 -0.0701 -0.7761
vn -0.6268 -0.0752 -0.7755
vn -0.6265 -0.0752 -0.7758
vn -0.6264 -0.0778 -0.7756
vn -0.6263 -0.0776 -0.7758
vn -0.6264 -0.0785 -0.7755
vn -0.6264 -0.0783 -0.7756
vn -0.0966 -0.9914 -0.0882
vn -0.0964 -0.9914 -0.0881
vn -0.0962 -0.9915 -0.0881
vn 0.5895 0.3657 0.7203
vn 0.5894 0.3656 0.7204
vn 0.5897 0.3656 0.7201
vn 0.6208 -0.1235 0.7742
vn 0.6204 -0.1238 0.7744
vn 0.6203 -0.1238 0.7745
vn 0.6205 -0.1238 0.7744
vn 0.5584 -0.4337 0.7071
vn 0.5587 -0.4336 0.7070
vn 0.5584 -0.4337 0.7072
vn 0.5586 -0.4336 0.7071
vn 0.5785 0.4104 0.7049
vn 0.5786 0.4105 0.7047
vn 0.5786 0.4105 0.7048
vn 0.5787 0.4106 0.7046
vn 0.5592 -0.4309 0.7082
vn 0.5593 -0.4311 0.7081
vn 0.5595 -0.4307 0.7081
vn 0.5594 -0.4309 0.7081
vn -0.5000 -0.6246 -0.5999
vn -0.4999 -0.6249 -0.5997
vn -0.5001 -0.6245 -0.5999
vn 0.5447 -0.4744 0.6916
vn 0.5445 -0.4745 0.6916
vn 0.5446 -0.4744 0.6916
vn 0.1759 -0.9521 0.2501
vn 0.1759 -0.9520 0.2504
vn 0.6114 -0.2019 0.7652
vn 0.6113 -0.2020 0.7652
vn 0.6114 -0.2019 0.7651
vn 0.6113 -0.2021 0.7651
vn 0.6261 0.1001 0.7733
vn 0.6262 0.1003 0.7732
vn 0.6262 0.1002 0.7732
vn 0.2596 0.9208 0.2911
vn 0.2595 0.9209 0.2908
vn 0.2597 0.9208 0.2910
vn 0.2594 0.9209 0.2908
vn -0.3091 0.8573 -0.4118
vn -0.3087 0.8575 -0.4116
vn -0.3085 0.8575 -0.4117
vn -0.3087 0.8574 -0.4117
vn 0.6130 0.2417 0.7522
vn 0.6132 0.2417 0.7520
vn 0.6129 0.2421 0.7522
vn 0.6129 0.2418 0.7523
vn 0.2025 0.9543 0.2198
vn 0.2024 0.9544 0.2194
vn 0.2025 0.9544 0.2195
vn 0.2023 0.9544 0.2193
vn 0.6127 0.2429 0.7521
vn 0.6126 0.2428 0.7522
vn 0.6126 0.2429 0.7521
vn 0.6129 0.2426 0.7519
vn -0.3627 0.8007 -0.4767
vn -0.3629 0.8006 -0.4769
vn -0.3627 0.8008 -0.4767
vn -0.3630 0.8005 -0.4769
vn 0.7863 0.0038 -0.6179
vn 0.7860 0.0040 -0.6182
vn 0.7861 0.0035 -0.6181
vn 0.7862 0.0038 -0.6180
vn 0.7863 0.0039 -0.6178
vn 0.7860 0.0039 -0.6183
vn 0.7861 0.0039 -0.6181
vn 0.7859 0.0040 -0.6183
vn 0.7862 0.0037 -0.6180
vn 0.7859 0.0042 -0.6183
vn 0.7863 0.0039 -0.6179
vn 0.7863 0.0040 -0.6179
vn 0.7860 0.0041 -0.6182
vn 0.7864 0.0038 -0.6177
vn 0.7863 0.0038 -0.6178
vn 0.7861 0.0038 -0.6181
vn 0.7860 0.0038 -0.6183
vn 0.7861 0.0037 -0.6181
vn 0.7859 0.0037 -0.6184
vn 0.7862 0.0036 -0.6179
vn 0.7862 0.0037 -0.6179
vn 0.7861 0.0037 -0.6180
vn 0.7860 0.0037 -0.6182
vn 0.7862 0.0036 -0.6180
vn 0.7862 0.0039 -0.6179
vn 0.7863 0.0037 -0.6179
vn 0.7862 0.0035 -0.6179
vn 0.7860 0.0038 -0.6182
vn -0.7855 -0.0038 0.6189
vn -0.7854 -0.0040 0.6189
vn -0.7855 -0.0036 0.6189
vn -0.7855 -0.0042 0.6189
vn -0.7854 -0.0042 0.6190
vn -0.7853 -0.0041 0.6191
vn -0.7853 -0.0041 0.6192
vn -0.7854 -0.0039 0.6189
vn -0.7857 -0.0036 0.6187
vn -0.7855 -0.0039 0.6189
vn -0.7857 -0.0039 0.6186
vn -0.7854 -0.0041 0.6190
vn -0.7856 -0.0038 0.6188
vn -0.7855 -0.0039 0.6188
vn -0.7856 -0.0039 0.6187
vn -0.7852 -0.0041 0.6192
vn -0.7854 -0.0039 0.6190
vn -0.7854 -0.0040 0.6190
vn -0.7856 -0.0037 0.6187
vn -0.7856 -0.0038 0.6187
vn -0.7855 -0.0038 0.6188
vn -0.7857 -0.0038 0.6187
vn -0.7856 -0.0040 0.6187
vn -0.7849 -0.0038 0.6196
vn -0.7856 -0.0039 0.6188
vn -0.7855 -0.0041 0.6188
vn -0.5920 -0.3891 -0.7058
vn -0.5919 -0.3892 -0.7058
vn -0.5918 -0.3893 -0.7058
vn -0.4825 0.6295 -0.6090
vn -0.4826 0.6296 -0.6089
vn -0.4824 0.6297 -0.6090
vn -0.5776 0.3918 -0.7162
vn -0.5776 0.3912 -0.7165
vn -0.5776 0.3913 -0.7164
vn -0.1826 0.9494 -0.2555
vn -0.1830 0.9493 -0.2557
vn -0.1830 0.9493 -0.2558
vn -0.6256 -0.2014 -0.7537
vn -0.6253 -0.2016 -0.7539
vn -0.6254 -0.2015 -0.7538
vn -0.6254 -0.2017 -0.7538
vn -0.4791 0.6363 -0.6046
vn -0.4788 0.6364 -0.6047
vn -0.4790 0.6363 -0.6047
vn -0.4788 0.6365 -0.6047
vn -0.5627 0.4403 -0.6996
vn -0.5629 0.4401 -0.6996
vn -0.5626 0.4403 -0.6997
vn -0.5628 0.4399 -0.6998
vn -0.5950 -0.3746 -0.7111
vn -0.5951 -0.3743 -0.7112
vn -0.5950 -0.3744 -0.7112
vn -0.5951 -0.3742 -0.7112
vn -0.5883 0.3520 -0.7280
vn -0.5881 0.3520 -0.7281
vn -0.5882 0.3520 -0.7281
vn -0.5880 0.3520 -0.7282
vn -0.3709 0.7965 -0.4775
vn -0.3706 0.7965 -0.4778
vn -0.3704 0.7965 -0.4779
vn -0.3701 0.7965 -0.4782
vn -0.0778 -0.9951 -0.0607
vn -0.0776 -0.9951 -0.0607
vn -0.0774 -0.9951 -0.0607
vn -0.0772 -0.9952 -0.0608
vn 0.5762 -0.3969 0.7145
vn 0.5762 -0.3968 0.7145
vn 0.5762 -0.3967 0.7145
vn 0.5763 -0.3966 0.7146
vn -0.0349 -0.9994 -0.0073
vn -0.0347 -0.9994 -0.0070
vn -0.0349 -0.9994 -0.0072
vn -0.0344 -0.9994 -0.0072
vn -0.6350 -0.0089 -0.7725
vn -0.6352 -0.0088 -0.7723
vn -0.6353 -0.0087 -0.7722
vn -0.6354 -0.0088 -0.7722
vn -0.6161 -0.2702 -0.7399
vn -0.6162 -0.2701 -0.7399
vn -0.6160 -0.2704 -0.7399
vn -0.6160 -0.2703 -0.7399
vn -0.1583 0.9613 -0.2255
vn -0.1582 0.9613 -0.2257
vn -0.1582 0.9613 -0.2256
vn -0.0760 -0.9955 -0.0565
vn -0.0757 -0.9955 -0.0566
vn -0.0753 -0.9955 -0.0567
vn -0.0751 -0.9956 -0.0568
vn 0.2181 0.9480 0.2319
vn 0.2183 0.9480 0.2316
vn 0.2184 0.9480 0.2315
vn 0.2182 0.9480 0.2315
vn 0.6104 0.3040 0.7314
vn 0.6104 0.3040 0.7315
vn 0.6103 0.3040 0.7315
vn 0.6104 0.3039 0.7315
vn 0.6117 -0.2454 0.7521
vn 0.6118 -0.2454 0.7519
vn 0.6118 -0.2454 0.7520
vn 0.6114 -0.2453 0.7523
vn 0.6149 0.2801 0.7372
vn 0.6148 0.2801 0.7372
vn 0.6145 0.2804 0.7374
vn 0.3899 -0.7723 0.5016
vn 0.3899 -0.7722 0.5017
vn 0.3898 -0.7722 0.5017
vn 0.3900 -0.7721 0.5017
vn -0.6088 -0.3138 -0.7286
vn -0.6087 -0.3141 -0.7286
vn -0.6087 -0.3139 -0.7286
vn 0.4715 -0.6491 0.5970
vn 0.4719 -0.6491 0.5967
vn 0.4717 -0.6491 0.5968
vn 0.4721 -0.6491 0.5965
vn -0.4701 -0.6933 -0.5461
vn -0.4702 -0.6933 -0.5461
vn -0.4701 -0.6934 -0.5461
vn 0.5226 -0.5458 0.6549
vn 0.5226 -0.5456 0.6551
vn 0.5226 -0.5458 0.6550
vn 0.5227 -0.5456 0.6550
vn 0.5803 0.4334 0.6895
vn 0.5801 0.4338 0.6894
vn 0.5800 0.4338 0.6895
vn 0.5805 0.4334 0.6893
vn 0.6247 -0.1570 0.7650
vn 0.6248 -0.1568 0.7649
vn 0.6248 -0.1567 0.7649
vn 0.5931 0.3856 0.7068
vn 0.5932 0.3855 0.7068
vn 0.5931 0.3855 0.7068
vn 0.5931 0.3854 0.7069
vn 0.1272 0.9848 0.1185
vn 0.1266 0.9849 0.1181
vn 0.1268 0.9848 0.1185
vn 0.1265 0.9849 0.1180
vn -0.2658 0.8960 -0.3556
vn -0.2660 0.8960 -0.3557
vn -0.2659 0.8960 -0.3555
vn -0.2662 0.8959 -0.3557
vn 0.5281 0.5791 0.6211
vn 0.5281 0.5791 0.6210
vn 0.5281 0.5792 0.6210
vn -0.1835 0.9488 -0.2572
vn -0.1838 0.9486 -0.2576
vn -0.1839 0.9485 -0.2580
vn 0.3290 0.8693 0.3690
vn 0.3291 0.8693 0.3689
vn 0.3291 0.8693 0.3688
vn -0.5618 0.4428 -0.6988
vn -0.5619 0.4426 -0.6988
vn -0.5619 0.4425 -0.6989
vn 0.2006 0.9569 0.2099
vn 0.2002 0.9571 0.2095
vn 0.2002 0.9571 0.2096
vn 0.2002 0.9571 0.2094
vn -0.6051 0.2783 -0.7460
vn -0.6052 0.2787 -0.7457
vn -0.6051 0.2784 -0.7459
vn -0.6053 0.2786 -0.7457
vn 0.7802 0.0053 -0.6255
vn 0.7803 0.0055 -0.6254
vn 0.7803 0.0054 -0.6254
vn 0.7803 0.0053 -0.6254
vn 0.7805 0.0053 -0.6251
vn 0.7805 0.0051 -0.6252
vn 0.7805 0.0050 -0.6251
vn 0.7804 0.0052 -0.6253
vn 0.7805 0.0050 -0.6252
vn 0.7803 0.0051 -0.6254
vn 0.7803 0.0052 -0.6254
vn 0.7802 0.0051 -0.6255
vn 0.7804 0.0051 -0.6253
vn 0.7805 0.0051 -0.6251
vn 0.7805 0.0052 -0.6251
vn 0.7806 0.0051 -0.6250
vn 0.7806 0.0050 -0.6250
vn 0.7807 0.0051 -0.6249
vn 0.7806 0.0048 -0.6250
vn 0.7805 0.0048 -0.6252
vn 0.7807 0.0049 -0.6249
vn 0.7807 0.0047 -0.6249
vn 0.7805 0.0048 -0.6251
vn 0.7805 0.0049 -0.6251
vn 0.7806 0.0051 -0.6251
vn -0.7795 -0.0059 0.6264
vn -0.7795 -0.0054 0.6263
vn -0.7795 -0.0058 0.6264
vn -0.7796 -0.0054 0.6263
vn -0.7796 -0.0049 0.6262
vn -0.7798 -0.0049 0.6260
vn -0.7797 -0.0050 0.6261
vn -0.7797 -0.0051 0.6261
vn -0.7796 -0.0052 0.6262
vn -0.7796 -0.0051 0.6263
vn -0.7797 -0.0052 0.6262
vn -0.7796 -0.0052 0.6263
vn -0.7796 -0.0053 0.6263
vn -0.7797 -0.0052 0.6261
vn -0.7797 -0.0055 0.6261
vn -0.7798 -0.0050 0.6260
vn -0.7798 -0.0051 0.6260
vn -0.7800 -0.0048 0.6258
vn -0.7799 -0.0048 0.6259
vn -0.7793 -0.0051 0.6266
vn -0.7798 -0.0051 0.6261
vn -0.7799 -0.0055 0.6258
vn 0.2039 0.9457 0.2531
vn 0.2039 0.9458 0.2528
vn 0.2039 0.9457 0.2530
vn 0.2039 0.9458 0.2527
vn -0.1823 0.9621 -0.2028
vn -0.1823 0.9621 -0.2029
vn -0.1823 0.9621 -0.2030
vn -0.4913 0.6573 -0.5714
vn -0.4910 0.6576 -0.5714
vn -0.4909 0.6575 -0.5715
vn -0.4909 0.6576 -0.5714
vn -0.6288 0.2393 -0.7398
vn -0.6287 0.2394 -0.7398
vn -0.6288 0.2394 -0.7398
vn -0.6287 0.2394 -0.7399
vn -0.6048 -0.3419 -0.7192
vn -0.6048 -0.3420 -0.7192
vn -0.6383 0.1634 -0.7523
vn -0.6383 0.1633 -0.7523
vn -0.6385 0.1632 -0.7521
vn -0.6382 0.1633 -0.7524
vn -0.5806 -0.4300 -0.6914
vn -0.5806 -0.4301 -0.6913
vn -0.5805 -0.4302 -0.6913
vn -0.4938 0.6524 -0.5749
vn -0.4939 0.6525 -0.5747
vn -0.4936 0.6527 -0.5747
vn 0.4733 0.6733 0.5681
vn 0.4733 0.6735 0.5678
vn 0.4733 0.6733 0.5680
vn 0.4733 0.6736 0.5678
vn -0.2729 0.9105 -0.3105
vn -0.2730 0.9105 -0.3107
vn -0.2729 0.9105 -0.3106
vn -0.2730 0.9104 -0.3107
vn -0.5131 0.6157 -0.5980
vn -0.5132 0.6155 -0.5982
vn -0.5132 0.6156 -0.5980
vn -0.5133 0.6154 -0.5982
vn -0.5911 0.4128 -0.6929
vn -0.5711 0.4768 -0.6682
vn -0.5709 0.4769 -0.6683
vn -0.5710 0.4769 -0.6683
vn -0.5708 0.4770 -0.6683
vn -0.1782 -0.9588 -0.2212
vn -0.1779 -0.9588 -0.2213
vn -0.1770 -0.9589 -0.2217
vn -0.1767 -0.9589 -0.2218
vn 0.5815 -0.4440 0.6817
vn 0.5817 -0.4440 0.6815
vn 0.5816 -0.4440 0.6816
vn 0.5815 -0.4441 0.6816
vn 0.3288 -0.8650 0.3789
vn 0.3291 -0.8649 0.3790
vn 0.3290 -0.8650 0.3789
vn 0.3292 -0.8649 0.3790
vn 0.0122 -0.9999 0.0045
vn 0.0127 -0.9999 0.0047
vn 0.0125 -0.9999 0.0046
vn 0.0130 -0.9999 0.0048
vn -0.6155 -0.2995 -0.7290
vn -0.6154 -0.3001 -0.7288
vn -0.0024 -0.9999 -0.0124
vn -0.0019 -0.9999 -0.0121
vn -0.0023 -0.9999 -0.0123
vn -0.0019 -0.9999 -0.0120
vn 0.5089 -0.6230 0.5941
vn 0.5088 -0.6230 0.5941
vn 0.2723 -0.9099 0.3131
vn 0.2727 -0.9097 0.3132
vn 0.2725 -0.9098 0.3131
vn 0.2729 -0.9096 0.3132
vn 0.6456 -0.0688 0.7606
vn 0.6455 -0.0691 0.7607
vn 0.6456 -0.0689 0.7606
vn 0.6454 -0.0692 0.7607
vn 0.6161 -0.3106 0.7239
vn 0.6160 -0.3106 0.7239
vn 0.6164 -0.3104 0.7237
vn 0.6160 -0.3107 0.7239
vn 0.6058 0.3446 0.7171
vn 0.6057 0.3447 0.7172
vn 0.6056 0.3448 0.7172
vn 0.0017 0.9999 0.0110
vn 0.0013 0.9999 0.0104
vn 0.0016 0.9999 0.0109
vn 0.0013 0.9999 0.0103
vn -0.0863 0.9920 -0.0923
vn -0.0865 0.9919 -0.0930
vn -0.0863 0.9920 -0.0924
vn -0.0865 0.9919 -0.0931
vn 0.1335 0.9769 0.1667
vn 0.1330 0.9771 0.1661
vn 0.1334 0.9770 0.1666
vn 0.1329 0.9771 0.1660
vn 0.6453 0.0589 0.7616
vn 0.6453 0.0590 0.7616
vn 0.5665 -0.4892 0.6631
vn 0.5664 -0.4893 0.6632
vn 0.5664 -0.4892 0.6633
vn 0.6453 0.0579 0.7617
vn 0.6454 0.0579 0.7616
vn 0.6457 0.0578 0.7614
vn 0.6011 0.3621 0.7125
vn 0.6011 0.3621 0.7124
vn 0.6012 0.3621 0.7123
vn 0.5276 0.5720 0.6281
vn 0.5276 0.5720 0.6280
vn 0.5273 0.5722 0.6281
vn 0.5281 0.5720 0.6277
vn -0.6105 -0.3227 -0.7233
vn -0.6103 -0.3226 -0.7235
vn -0.6104 -0.3227 -0.7234
vn -0.6405 0.1457 -0.7540
vn -0.6402 0.1456 -0.7543
vn 0.2112 0.9426 0.2588
vn 0.2115 0.9425 0.2587
vn 0.2110 0.9427 0.2585
vn 0.2113 0.9426 0.2585
vn 0.5767 0.4441 0.6857
vn 0.5768 0.4441 0.6856
vn 0.5770 0.4440 0.6855
vn 0.5771 0.4440 0.6855
vn 0.6378 -0.1716 0.7509
vn 0.6378 -0.1715 0.7509
vn 0.6379 -0.1715 0.7508
vn 0.4617 -0.7056 0.5375
vn 0.4617 -0.7057 0.5375
vn -0.0566 -0.9955 -0.0762
vn -0.0565 -0.9955 -0.0762
vn -0.0563 -0.9955 -0.0764
vn -0.0562 -0.9955 -0.0765
vn 0.4361 0.7335 0.5213
vn 0.0753 0.9923 0.0986
vn 0.0753 0.9923 0.0985
vn 0.0754 0.9923 0.0985
vn 0.0752 0.9923 0.0982
vn -0.2758 0.9078 -0.3161
vn -0.2758 0.9077 -0.3162
vn -0.2757 0.9077 -0.3163
vn -0.5074 0.6262 -0.5919
vn -0.5073 0.6262 -0.5920
vn -0.5072 0.6263 -0.5920
vn -0.5071 0.6261 -0.5923
vn -0.6454 0.0674 -0.7609
vn -0.6455 0.0675 -0.7608
vn -0.6458 0.0677 -0.7605
vn -0.5807 -0.4328 -0.6895
vn -0.5805 -0.4329 -0.6896
vn -0.5804 -0.4329 -0.6898
vn -0.5805 -0.4329 -0.6897
vn -0.6461 -0.0269 -0.7627
vn -0.6464 -0.0267 -0.7626
vn -0.6462 -0.0268 -0.7627
vn -0.6462 -0.0267 -0.7627
vn 0.0445 0.9970 0.0630
vn 0.0443 0.9971 0.0626
vn 0.0445 0.9970 0.0629
vn 0.0443 0.9971 0.0625
vn 0.2413 0.9246 0.2948
vn 0.2410 0.9248 0.2944
vn 0.2412 0.9247 0.2947
vn 0.2409 0.9249 0.2942
vn 0.5727 0.4563 0.6810
vn 0.5728 0.4562 0.6810
vn 0.5727 0.4565 0.6809
vn 0.3583 0.8275 0.4324
vn 0.3581 0.8278 0.4319
vn 0.3582 0.8275 0.4322
vn 0.3581 0.8279 0.4318
vn 0.2247 0.9344 0.2762
vn 0.2245 0.9346 0.2759
vn 0.2247 0.9345 0.2761
vn 0.2245 0.9347 0.2758
vn 0.5647 0.4785 0.6724
vn 0.5647 0.4786 0.6724
vn 0.5647 0.4787 0.6723
vn 0.2603 0.9113 0.3190
vn 0.2603 0.9114 0.3187
vn 0.2603 0.9114 0.3188
vn 0.2603 0.9115 0.3184
vn 0.6455 -0.0581 0.7616
vn 0.6456 -0.0581 0.7615
vn 0.6454 -0.0580 0.7617
vn 0.7640 0.0107 -0.6451
vn 0.7639 0.0107 -0.6452
vn 0.7640 0.0111 -0.6451
vn 0.7641 0.0106 -0.6450
vn 0.7641 0.0107 -0.6450
vn 0.7642 0.0108 -0.6449
vn 0.7641 0.0107 -0.6451
vn 0.6770 0.4642 -0.5711
vn 0.7643 0.0106 -0.6448
vn 0.7642 0.0106 -0.6449
vn 0.7642 0.0107 -0.6449
vn 0.7643 0.0107 -0.6448
vn 0.8615 0.4571 -0.2209
vn 0.7918 0.4243 -0.4393
vn 0.8163 0.3316 -0.4730
vn 0.7554 0.3500 -0.5540
vn 0.7644 0.0106 -0.6446
vn 0.7643 0.0108 -0.6448
vn 0.7639 0.0108 -0.6452
vn 0.7638 0.0108 -0.6454
vn 0.7640 0.0108 -0.6452
vn 0.7643 0.0105 -0.6447
vn 0.7642 0.0106 -0.6448
vn 0.7644 0.0106 -0.6447
vn 0.7638 0.0107 -0.6454
vn 0.7639 0.0107 -0.6453
vn 0.7641 0.0108 -0.6450
vn -0.7640 -0.0107 0.6451
vn -0.7639 -0.0109 0.6453
vn -0.7638 -0.0109 0.6453
vn -0.7639 -0.0108 0.6453
vn -0.7638 -0.0112 0.6453
vn -0.7640 -0.0105 0.6451
vn -0.7640 -0.0107 0.6452
vn -0.7642 -0.0107 0.6449
vn -0.7643 -0.0107 0.6447
vn -0.7641 -0.0107 0.6451
vn -0.7639 -0.0106 0.6452
vn -0.6863 0.4393 0.5796
vn -0.7642 -0.0105 0.6449
vn -0.7641 -0.0106 0.6450
vn -0.7641 -0.0107 0.6450
vn -0.7642 -0.0106 0.6449
vn -0.3792 0.4316 0.8185
vn -0.5783 0.3958 0.7133
vn -0.6122 0.3046 0.7297
vn -0.6812 0.3266 0.6553
vn -0.7641 -0.0108 0.6450
vn -0.7644 -0.0106 0.6447
vn -0.7642 -0.0108 0.6449
vn -0.7641 -0.0109 0.6450
vn -0.7639 -0.0110 0.6453
vn -0.7639 -0.0108 0.6452
vn -0.7638 -0.0108 0.6454
vn -0.7643 -0.0106 0.6448
vn -0.7643 -0.0107 0.6448
vn -0.7643 -0.0106 0.6447
vn -0.7639 -0.0107 0.6452
vn -0.7640 -0.0108 0.6451
vn -0.7638 -0.0108 0.6453
vn -0.7639 -0.0107 0.6453
vt 0.014100 0.000000
vt 0.014100 1.000000
vt 0.000000 0.000000
vt 0.000000 1.000000
vt 0.036400 0.000000
vt 0.036400 1.000000
vt 0.054200 0.000000
vt 0.054200 1.000000
vt 0.084300 0.000000
vt 0.084300 1.000000
vt 0.104700 0.000000
vt 0.104700 1.000000
vt 0.126600 0.000000
vt 0.126600 1.000000
vt 0.135100 0.000000
vt 0.135100 1.000000
vt 0.161000 0.000000
vt 0.161000 1.000000
vt 0.170200 0.000000
vt 0.170200 1.000000
vt 0.201700 0.000000
vt 0.201700 1.000000
vt 0.216000 0.000000
vt 0.216000 1.000000
vt 0.222700 0.000000
vt 0.222700 1.000000
vt 0.258100 0.000000
vt 0.258100 1.000000
vt 0.265200 0.000000
vt 0.265200 1.000000
vt 0.278800 0.000000
vt 0.278800 1.000000
vt 0.311300 0.000000
vt 0.311300 1.000000
vt 0.347900 0.000000
vt 0.347900 1.000000
vt 0.362800 0.000000
vt 0.362800 1.000000
vt 0.378900 0.000000
vt 0.378900 1.000000
vt 0.392600 0.000000
vt 0.392600 1.000000
vt 0.471500 0.000000
vt 0.471500 1.000000
vt 0.523900 0.000000
vt 0.523900 1.000000
vt 0.538600 0.000000
vt 0.538600 1.000000
vt 0.598900 0.000000
vt 0.598900 1.000000
vt 0.636900 0.000000
vt 0.636900 1.000000
vt 0.731900 0.000000
vt 0.731900 1.000000
vt 0.758800 0.000000
vt 0.758800 1.000000
vt 0.793700 0.000000
vt 0.793700 1.000000
vt 0.820700 0.000000
vt 0.820700 1.000000
vt 0.842300 0.000000
vt 0.842300 1.000000
vt 0.855500 0.000000
vt 0.855500 1.000000
vt 0.908400 0.000000
vt 0.908400 1.000000
vt 0.923200 0.000000
vt 0.923200 1.000000
vt 0.932600 0.000000
vt 0.932600 1.000000
vt 0.941100 0.000000
vt 0.941100 1.000000
vt 0.959700 0.000000
vt 0.959700 1.000000
vt 0.989700 0.000000
vt 0.989700 1.000000
vt 1.000000 0.000000
vt 1.000000 1.000000
vt 0.296500 0.404400
vt 0.268300 0.418600
vt 0.330400 0.448400
vt 0.532700 0.941600
vt 0.615000 1.000000
vt 0.651200 0.954900
vt 1.000000 0.817600
vt 0.868000 0.646300
vt 0.816800 0.679200
vt 0.024600 0.119000
vt 0.000000 0.252800
vt 0.169600 0.243300
vt 0.094900 0.095100
vt 0.413400 0.656900
vt 0.383000 0.680100
vt 0.479100 0.723500
vt 0.800800 0.001000
vt 0.601600 0.006200
vt 0.652700 0.225400
vt 0.858700 0.348800
vt 0.689500 0.981800
vt 0.792000 0.898300
vt 0.192100 0.291000
vt 0.167500 0.310700
vt 0.348200 0.563700
vt 0.317200 0.589800
vt 0.529200 0.876100
vt 0.596300 0.188600
vt 0.530700 0.001200
vt 0.117600 0.000000
vt 0.070700 0.038300
vt 0.817600 0.443700
vt 0.691200 0.536600
vt 0.724700 0.633000
vt 0.964800 0.866400
vt 0.915900 0.869400
vt 0.429200 0.790000
vt 0.889400 0.894400
vt 0.011900 0.000000
vt 0.011900 1.000000
vt 0.025200 0.000000
vt 0.025200 1.000000
vt 0.038400 0.000000
vt 0.038400 1.000000
vt 0.044100 0.000000
vt 0.044100 1.000000
vt 0.063000 0.000000
vt 0.063000 1.000000
vt 0.075000 0.000000
vt 0.075000 1.000000
vt 0.085600 0.000000
vt 0.085600 1.000000
vt 0.104500 0.000000
vt 0.104500 1.000000
vt 0.129300 0.000000
vt 0.129300 1.000000
vt 0.151500 0.000000
vt 0.151500 1.000000
vt 0.165100 0.000000
vt 0.165100 1.000000
vt 0.187900 0.000000
vt 0.187900 1.000000
vt 0.195400 0.000000
vt 0.195400 1.000000
vt 0.212200 0.000000
vt 0.212200 1.000000
vt 0.230500 0.000000
vt 0.230500 1.000000
vt 0.240900 0.000000
vt 0.240900 1.000000
vt 0.259800 0.000000
vt 0.259800 1.000000
vt 0.277400 0.000000
vt 0.277400 1.000000
vt 0.288100 0.000000
vt 0.288100 1.000000
vt 0.330000 0.000000
vt 0.330000 1.000000
vt 0.345600 0.000000
vt 0.345600 1.000000
vt 0.363100 0.000000
vt 0.363100 1.000000
vt 0.394400 0.000000
vt 0.394400 1.000000
vt 0.403300 0.000000
vt 0.403300 1.000000
vt 0.432800 0.000000
vt 0.432800 1.000000
vt 0.443900 0.000000
vt 0.443900 1.000000
vt 0.454800 0.000000
vt 0.454800 1.000000
vt 0.478700 0.000000
vt 0.478700 1.000000
vt 0.543300 0.000000
vt 0.543300 1.000000
vt 0.551500 0.000000
vt 0.551500 1.000000
vt 0.621900 0.000000
vt 0.621900 1.000000
vt 0.637100 0.000000
vt 0.637100 1.000000
vt 0.687000 0.000000
vt 0.687000 1.000000
vt 0.720600 0.000000
vt 0.720600 1.000000
vt 0.817300 0.000000
vt 0.817300 1.000000
vt 0.864600 0.000000
vt 0.864600 1.000000
vt 0.905700 0.000000
vt 0.905700 1.000000
vt 0.926900 0.000000
vt 0.926900 1.000000
vt 0.944800 0.000000
vt 0.944800 1.000000
vt 0.967700 0.000000
vt 0.967700 1.000000
vt 0.980400 0.000000
vt 0.980400 1.000000
vt 0.356900 0.000000
vt 0.000000 0.001900
vt 0.124400 0.033800
vt 0.149500 0.303700
vt 0.056600 0.283600
vt 0.087800 0.340100
vt 0.540700 0.904400
vt 0.561000 1.000000
vt 0.639100 0.951300
vt 0.924300 0.701400
vt 0.873800 0.641200
vt 0.820000 0.714400
vt 0.124400 0.076400
vt 0.063100 0.074900
vt 0.113600 0.184000
vt 0.674600 0.984500
vt 0.710800 0.945300
vt 0.814800 0.939100
vt 0.803000 0.918400
vt 0.271100 0.440400
vt 0.067400 0.196400
vt 0.348300 0.574000
vt 0.307300 0.602500
vt 0.386900 0.646800
vt 0.932000 0.790700
vt 0.361900 0.032100
vt 0.753200 0.028000
vt 0.567700 0.033600
vt 0.600900 0.227100
vt 0.828700 0.401600
vt 0.548000 0.273100
vt 0.252200 0.480000
vt 0.344900 0.500500
vt 0.434800 0.702800
vt 0.413100 0.727700
vt 0.520400 0.774300
vt 0.984200 0.878200
vt 1.000000 0.802400
vt 0.918900 0.882900
vt 0.721600 0.569600
vt 0.875500 0.924700
vt 0.494000 0.823900
vt 0.123400 0.000500
vt 0.123400 0.999500
vt 0.077100 0.000500
vt 0.077100 0.999500
vt 0.235200 0.000500
vt 0.235200 0.999500
vt 0.331600 0.000500
vt 0.331600 0.999500
vt 0.520100 0.000500
vt 0.520100 0.999500
vt 0.687200 0.000500
vt 0.687200 0.999500
vt 0.651100 0.000500
vt 0.651100 0.999500
vt 0.664700 0.000500
vt 0.664700 0.999500
vt 0.484500 0.000500
vt 0.484500 0.999500
vt 0.734800 0.000500
vt 0.734800 0.999500
vt 0.999500 0.000500
vt 0.999500 0.999500
vt 0.868200 0.000500
vt 0.868200 0.999500
vt 0.612100 0.000500
vt 0.612100 0.999500
vt 0.320900 0.000500
vt 0.320900 0.999500
vt 0.652900 0.000500
vt 0.652900 0.999500
vt 0.955600 0.000500
vt 0.955600 0.999500
vt 0.869700 0.000500
vt 0.869700 0.999500
vt 0.071500 0.000500
vt 0.071500 0.999500
vt 0.137900 0.000500
vt 0.137900 0.999500
vt 0.015600 0.000500
vt 0.015600 0.999500
vt 0.337200 0.000500
vt 0.337200 0.999500
vt 0.924600 0.000500
vt 0.924600 0.999500
vt 0.836900 0.000500
vt 0.836900 0.999500
vt 0.391600 0.000500
vt 0.391600 0.999500
vt 0.302900 0.000500
vt 0.302900 0.999500
vt 0.932000 0.000500
vt 0.932000 0.999500
vt 0.448200 0.000500
vt 0.448200 0.999500
vt 0.397100 0.000500
vt 0.397100 0.999500
vt 0.137400 0.000500
vt 0.137400 0.999500
vt 0.015900 0.000500
vt 0.015900 0.999500
vt 0.550000 0.000500
vt 0.550000 0.999500
vt 0.513500 0.000500
vt 0.513500 0.999500
vt 0.583700 0.000500
vt 0.583700 0.999500
vt 0.177800 0.000500
vt 0.177800 0.999500
vt 0.140700 0.000500
vt 0.140700 0.999500
vt 0.631300 0.000500
vt 0.631300 0.999500
vt 0.592500 0.000500
vt 0.592500 0.999500
vt 0.399400 0.000500
vt 0.399400 0.999500
vt 0.368700 0.000500
vt 0.368700 0.999500
vt 0.290500 0.000500
vt 0.290500 0.999500
vt 0.237500 0.000500
vt 0.237500 0.999500
vt 0.489000 0.000500
vt 0.489000 0.999500
vt 0.427800 0.000500
vt 0.427800 0.999500
vt 0.371100 0.000500
vt 0.371100 0.999500
vt 0.311000 0.000500
vt 0.311000 0.999500
vt 0.506500 0.000500
vt 0.506500 0.999500
vt 0.639800 0.000500
vt 0.639800 0.999500
vt 0.747600 0.000500
vt 0.747600 0.999500
vt 0.548700 0.000500
vt 0.548700 0.999500
vt 0.513900 0.000500
vt 0.513900 0.999500
vt 0.799200 0.000500
vt 0.799200 0.999500
vt 0.764200 0.000500
vt 0.764200 0.999500
vt 0.837000 0.000500
vt 0.837000 0.999500
vt 0.889000 0.000500
vt 0.889000 0.999500
vt 0.950300 0.000500
vt 0.950300 0.999500
vt 0.975800 0.000500
vt 0.975800 0.999500
vt 0.522000 0.000500
vt 0.522000 0.999500
vt 0.488700 0.000500
vt 0.488700 0.999500
vt 0.601600 0.000500
vt 0.601600 0.999500
vt 0.654400 0.000500
vt 0.654400 0.999500
vt 0.038600 0.000500
vt 0.038600 0.999500
vt 0.932500 0.391500
vt 0.925100 0.302700
vt 0.837200 0.337000
vt 0.762800 0.600700
vt 0.792200 0.631400
vt 0.822500 0.592600
vt 0.984600 0.448100
vt 1.000000 0.397000
vt 0.863000 0.513500
vt 0.375100 0.923300
vt 0.345400 0.961800
vt 0.398300 0.992200
vt 0.896500 0.137500
vt 0.870100 0.015100
vt 0.071000 0.000000
vt 0.000000 0.679300
vt 0.131400 0.735000
vt 0.188300 0.664900
vt 0.004200 0.387800
vt 0.312600 0.484400
vt 0.044800 0.346900
vt 0.478000 1.000000
vt 0.511300 0.976200
vt 0.499200 0.950700
vt 0.027100 0.043900
vt 0.348800 0.479800
vt 0.547900 0.799500
vt 0.548700 0.764500
vt 0.514000 0.747800
vt 0.553700 0.889400
vt 0.354200 0.876900
vt 0.373000 0.765100
vt 0.569200 0.837400
vt 0.336000 0.668600
vt 0.573500 0.639900
vt 0.568800 0.592600
vt 0.629000 0.506500
vt 0.689200 0.511000
vt 0.709700 0.572300
vt 0.879600 0.550100
vt 0.859700 0.583800
vt 0.015600 0.000000
vt 0.015600 1.000000
vt 0.029900 0.000000
vt 0.029900 1.000000
vt 0.064300 0.000000
vt 0.064300 1.000000
vt 0.078000 0.000000
vt 0.078000 1.000000
vt 0.140200 0.000000
vt 0.140200 1.000000
vt 0.207600 0.000000
vt 0.207600 1.000000
vt 0.293900 0.000000
vt 0.293900 1.000000
vt 0.319300 0.000000
vt 0.319300 1.000000
vt 0.336800 0.000000
vt 0.336800 1.000000
vt 0.378000 0.000000
vt 0.378000 1.000000
vt 0.394300 0.000000
vt 0.394300 1.000000
vt 0.417700 0.000000
vt 0.417700 1.000000
vt 0.489500 0.000000
vt 0.489500 1.000000
vt 0.513700 0.000000
vt 0.513700 1.000000
vt 0.547600 0.000000
vt 0.547600 1.000000
vt 0.571900 0.000000
vt 0.571900 1.000000
vt 0.624300 0.000000
vt 0.624300 1.000000
vt 0.647200 0.000000
vt 0.647200 1.000000
vt 0.690300 0.000000
vt 0.690300 1.000000
vt 0.716900 0.000000
vt 0.716900 1.000000
vt 0.808500 0.000000
vt 0.808500 1.000000
vt 0.850200 0.000000
vt 0.850200 1.000000
vt 0.883000 0.000000
vt 0.883000 1.000000
vt 0.912600 0.000000
vt 0.912600 1.000000
vt 0.930300 0.000000
vt 0.930300 1.000000
vt 0.953700 0.000000
vt 0.953700 1.000000
vt 0.978700 0.000000
vt 0.978700 1.000000
vt 0.805400 0.006000
vt 0.589500 0.000000
vt 0.627000 0.079100
vt 0.811500 0.103000
vt 0.635200 0.270600
vt 0.887400 0.433400
vt 0.000000 0.264600
vt 0.016400 0.327400
vt 0.140100 0.305500
vt 0.092200 0.129800
vt 0.922100 0.815000
vt 0.873000 0.737200
vt 0.791800 0.762500
vt 0.922100 0.967600
vt 1.000000 0.964600
vt 1.000000 0.886800
vt 0.765000 0.557000
vt 0.577900 0.082100
vt 0.520500 0.004300
vt 0.160600 0.003000
vt 0.553300 0.204800
vt 0.088600 0.070200
vt 0.377000 0.569700
vt 0.713000 0.670700
vt 0.435400 0.812500
vt 0.627000 0.991500
vt 0.694900 0.983600
vt 0.865900 1.000000
vt 0.033500 0.000000
vt 0.033500 1.000000
vt 0.047200 0.000000
vt 0.047200 1.000000
vt 0.060800 0.000000
vt 0.060800 1.000000
vt 0.073700 0.000000
vt 0.073700 1.000000
vt 0.089000 0.000000
vt 0.089000 1.000000
vt 0.098900 0.000000
vt 0.098900 1.000000
vt 0.136400 0.000000
vt 0.136400 1.000000
vt 0.201100 0.000000
vt 0.201100 1.000000
vt 0.245800 0.000000
vt 0.245800 1.000000
vt 0.316300 0.000000
vt 0.316300 1.000000
vt 0.339200 0.000000
vt 0.339200 1.000000
vt 0.363600 0.000000
vt 0.363600 1.000000
vt 0.410700 0.000000
vt 0.410700 1.000000
vt 0.551900 0.000000
vt 0.551900 1.000000
vt 0.566300 0.000000
vt 0.566300 1.000000
vt 0.599400 0.000000
vt 0.599400 1.000000
vt 0.643400 0.000000
vt 0.643400 1.000000
vt 0.667400 0.000000
vt 0.667400 1.000000
vt 0.721700 0.000000
vt 0.721700 1.000000
vt 0.760100 0.000000
vt 0.760100 1.000000
vt 0.792500 0.000000
vt 0.792500 1.000000
vt 0.824100 0.000000
vt 0.824100 1.000000
vt 0.852700 0.000000
vt 0.852700 1.000000
vt 0.886700 0.000000
vt 0.886700 1.000000
vt 0.911600 0.000000
vt 0.911600 1.000000
vt 0.933200 0.000000
vt 0.933200 1.000000
vt 0.978600 0.000000
vt 0.978600 1.000000
vt 0.592700 0.055300
vt 0.615900 0.006100
vt 0.587900 0.955400
vt 0.616000 0.999600
vt 0.658600 0.963900
vt 0.015800 0.173300
vt 0.067800 0.251500
vt 0.138300 0.191400
vt 0.278400 0.422700
vt 0.655700 0.165100
vt 0.414200 0.540800
vt 0.755600 0.006100
vt 0.650900 0.002800
vt 0.796200 0.203400
vt 0.526700 0.898300
vt 0.531800 0.954600
vt 0.569400 0.891800
vt 0.848600 0.337900
vt 0.825400 0.455500
vt 0.751700 0.553900
vt 0.491800 0.770400
vt 0.767200 0.658900
vt 0.868900 0.749900
vt 0.798300 1.000000
vt 0.867900 0.947200
vt 0.960000 0.799800
vt 1.000000 0.872100
vt 0.976400 0.944800
vt 0.127100 0.000500
vt 0.127100 0.999500
vt 0.037900 0.000500
vt 0.037900 0.999500
vt 0.172100 0.000500
vt 0.172100 0.999500
vt 0.296100 0.000500
vt 0.296100 0.999500
vt 0.481500 0.000500
vt 0.481500 0.999500
vt 0.645500 0.000500
vt 0.645500 0.999500
vt 0.426800 0.000500
vt 0.426800 0.999500
vt 0.354500 0.000500
vt 0.354500 0.999500
vt 0.589600 0.000500
vt 0.589600 0.999500
vt 0.573200 0.000500
vt 0.573200 0.999500
vt 0.723700 0.000500
vt 0.723700 0.999500
vt 0.921200 0.000500
vt 0.921200 0.999500
vt 0.998400 0.000500
vt 0.998400 0.999500
vt 0.615400 0.000500
vt 0.615400 0.999500
vt 0.111700 0.000500
vt 0.111700 0.999500
vt 0.083500 0.000500
vt 0.083500 0.999500
vt 0.003500 0.000500
vt 0.003500 0.999500
vt 0.553500 0.000500
vt 0.553500 0.999500
vt 0.500300 0.000500
vt 0.500300 0.999500
vt 0.241100 0.000500
vt 0.241100 0.999500
vt 0.095500 0.000500
vt 0.095500 0.999500
vt 0.668600 0.000500
vt 0.668600 0.999500
vt 0.499500 0.000500
vt 0.499500 0.999500
vt 0.735500 0.000500
vt 0.735500 0.999500
vt 0.728400 0.000500
vt 0.728400 0.999500
vt 0.757000 0.000500
vt 0.757000 0.999500
vt 0.787700 0.000500
vt 0.787700 0.999500
vt 0.822300 0.000500
vt 0.822300 0.999500
vt 0.855300 0.000500
vt 0.855300 0.999500
vt 0.881400 0.000500
vt 0.881400 0.999500
vt 0.895400 0.000500
vt 0.895400 0.999500
vt 0.903200 0.000500
vt 0.903200 0.999500
vt 0.914300 0.000500
vt 0.914300 0.999500
vt 0.928100 0.000500
vt 0.928100 0.999500
vt 0.944100 0.000500
vt 0.944100 0.999500
vt 0.961600 0.000500
vt 0.961600 0.999500
vt 0.980300 0.000500
vt 0.980300 0.999500
vt 0.997300 0.000500
vt 0.997300 0.999500
vt 0.775100 0.000500
vt 0.775100 0.999500
vt 0.149500 0.000500
vt 0.149500 0.999500
vt 0.001800 0.000500
vt 0.001800 0.999500
vt 0.264600 0.000500
vt 0.264600 0.999500
vt 0.416500 0.000500
vt 0.416500 0.999500
vt 0.547600 0.000500
vt 0.547600 0.999500
vt 0.650100 0.000500
vt 0.650100 0.999500
vt 0.409900 0.000500
vt 0.409900 0.999500
vt 0.349900 0.000500
vt 0.349900 0.999500
vt 0.727700 0.000500
vt 0.727700 0.999500
vt 0.590100 0.000500
vt 0.590100 0.999500
vt 0.956100 0.000500
vt 0.956100 0.999500
vt 0.798400 0.000500
vt 0.798400 0.999500
vt 0.742100 0.000500
vt 0.742100 0.999500
vt 0.847900 0.000500
vt 0.847900 0.999500
vt 0.064800 0.000500
vt 0.064800 0.999500
vt 0.025500 0.000500
vt 0.025500 0.999500
vt 0.166400 0.000500
vt 0.166400 0.999500
vt 0.145100 0.000500
vt 0.145100 0.999500
vt 0.873800 0.000500
vt 0.873800 0.999500
vt 0.833600 0.000500
vt 0.833600 0.999500
vt 0.194900 0.000500
vt 0.194900 0.999500
vt 0.131300 0.000500
vt 0.131300 0.999500
vt 0.880900 0.000500
vt 0.880900 0.999500
vt 0.000500 0.000500
vt 0.000500 0.999500
vt 0.499700 0.083100
vt 0.615500 0.003000
vt 0.111300 0.001100
vt 0.446400 0.095100
vt 0.855600 0.149200
vt 0.997800 0.001300
vt 0.775400 0.000000
vt 0.766800 0.019200
vt 0.758500 0.037900
vt 0.750800 0.055500
vt 0.744000 0.071500
vt 0.738300 0.085300
vt 0.734100 0.096400
vt 0.956500 0.727900
vt 0.895600 0.590200
vt 0.793300 0.650300
vt 0.731600 0.104300
vt 0.667000 0.962600
vt 0.719500 1.000000
vt 0.805400 0.881300
vt 0.728100 0.118200
vt 0.098500 0.078400
vt 0.721300 0.144400
vt 0.577300 0.873200
vt 0.839800 0.264400
vt 0.712000 0.177400
vt 0.701200 0.212000
vt 0.689800 0.242700
vt 0.003500 0.410300
vt 0.028100 0.426800
vt 0.164300 0.354400
vt 0.000000 0.276100
vt 0.678700 0.264300
vt 0.895400 0.416400
vt 0.668700 0.271300
vt 0.756300 0.547600
vt 0.499500 0.240800
vt 0.416000 0.518500
vt 0.473300 0.704100
vt 0.491100 0.828200
vt 0.869100 0.874200
vt 0.898200 0.833900
vt 1.000000 0.742300
vt 0.998900 0.798700
vt 0.975000 0.848300
vt 0.935600 0.855200
vt 0.222900 0.000500
vt 0.222900 0.999500
vt 0.066400 0.000500
vt 0.066400 0.999500
vt 0.294100 0.000500
vt 0.294100 0.999500
vt 0.348900 0.000500
vt 0.348900 0.999500
vt 0.748600 0.000500
vt 0.748600 0.999500
vt 0.694700 0.000500
vt 0.694700 0.999500
vt 0.446900 0.000500
vt 0.446900 0.999500
vt 0.517200 0.000500
vt 0.517200 0.999500
vt 0.628400 0.000500
vt 0.628400 0.999500
vt 0.684300 0.000500
vt 0.684300 0.999500
vt 0.804600 0.000500
vt 0.804600 0.999500
vt 0.357600 0.000500
vt 0.357600 0.999500
vt 0.341100 0.000500
vt 0.341100 0.999500
vt 0.528800 0.000500
vt 0.528800 0.999500
vt 0.447100 0.000500
vt 0.447100 0.999500
vt 0.835400 0.000500
vt 0.835400 0.999500
vt 0.654100 0.000500
vt 0.654100 0.999500
vt 0.949200 0.000500
vt 0.949200 0.999500
vt 0.497300 0.000500
vt 0.497300 0.999500
vt 0.373800 0.000500
vt 0.373800 0.999500
vt 0.502700 0.000500
vt 0.502700 0.999500
vt 0.249700 0.000500
vt 0.249700 0.999500
vt 0.235800 0.000500
vt 0.235800 0.999500
vt 0.057900 0.000500
vt 0.057900 0.999500
vt 0.464600 0.000500
vt 0.464600 0.999500
vt 0.681300 0.000500
vt 0.681300 0.999500
vt 0.730500 0.000500
vt 0.730500 0.999500
vt 0.340200 0.000500
vt 0.340200 0.999500
vt 0.269500 0.000500
vt 0.269500 0.999500
vt 0.751900 0.000500
vt 0.751900 0.999500
vt 0.659800 0.000500
vt 0.659800 0.999500
vt 0.704800 0.000500
vt 0.704800 0.999500
vt 0.768000 0.000500
vt 0.768000 0.999500
vt 0.714000 0.000500
vt 0.714000 0.999500
vt 0.859600 0.000500
vt 0.859600 0.999500
vt 0.888900 0.000500
vt 0.888900 0.999500
vt 0.959700 0.000500
vt 0.959700 0.999500
vt 0.405000 0.000500
vt 0.405000 0.999500
vt 0.335900 0.000500
vt 0.335900 0.999500
vt 0.434400 0.000500
vt 0.434400 0.999500
vt 0.979600 0.000500
vt 0.979600 0.999500
vt 0.947600 0.000500
vt 0.947600 0.999500
vt 0.506400 0.000500
vt 0.506400 0.999500
vt 0.468000 0.000500
vt 0.468000 0.999500
vt 0.597000 0.000500
vt 0.597000 0.999500
vt 0.027300 0.000500
vt 0.027300 0.999500
vt 0.736300 0.000500
vt 0.736300 0.999500
vt 0.605700 0.000500
vt 0.605700 0.999500
vt 0.003700 0.000500
vt 0.003700 0.999500
vt 0.750500 0.057400
vt 1.000000 0.004900
vt 0.502700 0.005300
vt 0.626300 0.050400
vt 0.357400 0.000000
vt 0.215100 0.195100
vt 0.447000 0.340900
vt 0.239700 0.315500
vt 0.705000 0.752200
vt 0.642100 0.660000
vt 0.601000 0.730800
vt 0.649600 0.235500
vt 0.567000 0.164200
vt 0.528800 0.345800
vt 0.666800 0.464600
vt 0.783500 0.768200
vt 0.757300 0.714200
vt 0.713600 0.859900
vt 0.394200 0.973200
vt 0.402900 1.000000
vt 0.493600 0.964300
vt 0.256300 0.934000
vt 0.263400 0.996800
vt 0.364600 0.777400
vt 0.284100 0.553200
vt 0.251100 0.629000
vt 0.305100 0.651200
vt 0.550700 0.681400
vt 0.532100 0.980100
vt 0.565600 0.948000
vt 0.202300 0.371500
vt 0.238200 0.482800
vt 0.319100 0.706100
vt 0.712900 0.889300
vt 0.664300 0.960200
vt 0.595100 0.965300
vt 0.031100 0.000000
vt 0.031100 1.000000
vt 0.043400 0.000000
vt 0.043400 1.000000
vt 0.056900 0.000000
vt 0.056900 1.000000
vt 0.084500 0.000000
vt 0.084500 1.000000
vt 0.104100 0.000000
vt 0.104100 1.000000
vt 0.132000 0.000000
vt 0.132000 1.000000
vt 0.142200 0.000000
vt 0.142200 1.000000
vt 0.147600 0.000000
vt 0.147600 1.000000
vt 0.157400 0.000000
vt 0.157400 1.000000
vt 0.173800 0.000000
vt 0.173800 1.000000
vt 0.197700 0.000000
vt 0.197700 1.000000
vt 0.232200 0.000000
vt 0.232200 1.000000
vt 0.364300 0.000000
vt 0.364300 1.000000
vt 0.410400 0.000000
vt 0.410400 1.000000
vt 0.435200 0.000000
vt 0.435200 1.000000
vt 0.461000 0.000000
vt 0.461000 1.000000
vt 0.465000 0.000000
vt 0.465000 1.000000
vt 0.472300 0.000000
vt 0.472300 1.000000
vt 0.477900 0.000000
vt 0.477900 1.000000
vt 0.502000 0.000000
vt 0.502000 1.000000
vt 0.514400 0.000000
vt 0.514400 1.000000
vt 0.523100 0.000000
vt 0.523100 1.000000
vt 0.529700 0.000000
vt 0.529700 1.000000
vt 0.539200 0.000000
vt 0.539200 1.000000
vt 0.548300 0.000000
vt 0.548300 1.000000
vt 0.556500 0.000000
vt 0.556500 1.000000
vt 0.568400 0.000000
vt 0.568400 1.000000
vt 0.581200 0.000000
vt 0.581200 1.000000
vt 0.603900 0.000000
vt 0.603900 1.000000
vt 0.614500 0.000000
vt 0.614500 1.000000
vt 0.624700 0.000000
vt 0.624700 1.000000
vt 0.644300 0.000000
vt 0.644300 1.000000
vt 0.660800 0.000000
vt 0.660800 1.000000
vt 0.679200 0.000000
vt 0.679200 1.000000
vt 0.693300 0.000000
vt 0.693300 1.000000
vt 0.708500 0.000000
vt 0.708500 1.000000
vt 0.726100 0.000000
vt 0.726100 1.000000
vt 0.751700 0.000000
vt 0.751700 1.000000
vt 0.759000 0.000000
vt 0.759000 1.000000
vt 0.776700 0.000000
vt 0.776700 1.000000
vt 0.791300 0.000000
vt 0.791300 1.000000
vt 0.807500 0.000000
vt 0.807500 1.000000
vt 0.841800 0.000000
vt 0.841800 1.000000
vt 0.850100 0.000000
vt 0.850100 1.000000
vt 0.858100 0.000000
vt 0.858100 1.000000
vt 0.876800 0.000000
vt 0.876800 1.000000
vt 0.898500 0.000000
vt 0.898500 1.000000
vt 0.911200 0.000000
vt 0.911200 1.000000
vt 0.928100 0.000000
vt 0.928100 1.000000
vt 0.950900 0.000000
vt 0.950900 1.000000
vt 0.984600 0.000000
vt 0.984600 1.000000
vt 0.797600 0.819900
vt 0.745600 0.905400
vt 0.782200 0.871300
vt 0.812100 0.826200
vt 0.796300 1.000000
vt 0.826500 0.982600
vt 0.710200 0.956900
vt 0.715600 0.985000
vt 0.664900 0.933900
vt 0.671200 0.874500
vt 0.636200 0.853800
vt 0.679000 0.793600
vt 0.649200 0.785100
vt 0.714400 0.701300
vt 0.723100 0.738300
vt 0.632400 0.000000
vt 0.022200 0.001300
vt 0.056000 0.181300
vt 0.669800 0.242200
vt 0.071600 0.307600
vt 0.099700 0.389100
vt 0.847300 0.712000
vt 0.808000 0.732700
vt 0.834000 0.645700
vt 0.726100 0.659200
vt 0.084600 0.967500
vt 0.156500 0.963800
vt 0.172400 0.883700
vt 0.134100 0.423300
vt 0.155200 0.408500
vt 0.174700 0.458000
vt 0.905800 0.370700
vt 0.873300 0.360200
vt 0.862900 0.378300
vt 0.915500 0.398000
vt 0.023900 0.923400
vt 0.000000 0.863800
vt 0.002600 0.791700
vt 0.078100 0.672900
vt 0.326900 0.858900
vt 0.401100 0.772900
vt 0.088900 0.569000
vt 0.479000 0.765800
vt 0.534900 0.745100
vt 0.603900 0.660900
vt 0.748900 0.338100
vt 0.689800 0.650300
vt 0.852500 0.585700
vt 1.000000 0.482100
vt 0.890200 0.588700
vt 0.987800 0.546600
vt 0.928900 0.608200
vt 0.989100 0.593200
vt 0.970900 0.621800
s 1
usemtl 3d66_Standardmaterial_17342430_129
f 3/1/1 2/2/2 1/3/1
f 2/2/2 4/4/3 1/3/1
f 6/5/4 5/6/5 3/1/6
f 5/6/5 2/2/7 3/1/6
f 8/7/8 7/8/9 6/5/10
f 7/8/9 5/6/11 6/5/10
f 10/9/12 9/10/13 8/7/14
f 9/10/13 7/8/15 8/7/14
f 12/11/16 11/12/17 10/9/18
f 11/12/17 9/10/19 10/9/18
f 14/13/20 13/14/21 12/11/22
f 13/14/21 11/12/23 12/11/22
f 16/15/24 15/16/25 14/13/26
f 15/16/25 13/14/27 14/13/26
f 18/17/28 17/18/29 16/15/30
f 17/18/29 15/16/31 16/15/30
f 20/19/32 19/20/33 18/17/34
f 19/20/33 17/18/35 18/17/34
f 22/21/36 21/22/37 20/19/36
f 21/22/37 19/20/38 20/19/36
f 24/23/39 23/24/40 22/21/41
f 23/24/40 21/22/42 22/21/41
f 26/25/43 25/26/44 24/23/45
f 25/26/44 23/24/44 24/23/45
f 28/27/46 27/28/47 26/25/48
f 27/28/47 25/26/49 26/25/48
f 30/29/50 29/30/51 28/27/50
f 29/30/51 27/28/51 28/27/50
f 32/31/52 31/32/53 30/29/52
f 31/32/53 29/30/54 30/29/52
f 34/33/55 33/34/56 32/31/57
f 33/34/56 31/32/58 32/31/57
f 36/35/59 35/36/60 34/33/61
f 35/36/60 33/34/62 34/33/61
f 38/37/63 37/38/64 36/35/65
f 37/38/64 35/36/64 36/35/65
f 40/39/66 39/40/67 38/37/68
f 39/40/67 37/38/69 38/37/68
f 42/41/70 41/42/71 40/39/70
f 41/42/71 39/40/70 40/39/70
f 44/43/72 43/44/73 42/41/73
f 43/44/73 41/42/74 42/41/73
f 46/45/75 45/46/76 44/43/76
f 45/46/76 43/44/75 44/43/76
f 48/47/77 47/48/78 46/45/79
f 47/48/78 45/46/80 46/45/79
f 50/49/81 49/50/82 48/47/83
f 49/50/82 47/48/82 48/47/83
f 52/51/84 51/52/85 50/49/86
f 51/52/85 49/50/87 50/49/86
f 54/53/88 53/54/89 52/51/88
f 53/54/89 51/52/90 52/51/88
f 56/55/91 55/56/92 54/53/91
f 55/56/92 53/54/93 54/53/91
f 58/57/94 57/58/95 56/55/96
f 57/58/95 55/56/97 56/55/96
f 60/59/98 59/60/99 58/57/100
f 59/60/99 57/58/101 58/57/100
f 62/61/102 61/62/103 60/59/102
f 61/62/103 59/60/104 60/59/102
f 64/63/105 63/64/106 62/61/107
f 63/64/106 61/62/106 62/61/107
f 66/65/108 65/66/109 64/63/110
f 65/66/109 63/64/111 64/63/110
f 68/67/112 67/68/113 66/65/114
f 67/68/113 65/66/115 66/65/114
f 70/69/116 69/70/117 68/67/116
f 69/70/117 67/68/118 68/67/116
f 72/71/119 71/72/120 70/69/121
f 71/72/120 69/70/122 70/69/121
f 74/73/123 73/74/124 72/71/125
f 73/74/124 71/72/126 72/71/125
f 76/75/127 75/76/128 74/73/129
f 75/76/128 73/74/130 74/73/129
f 1/77/131 4/78/132 76/75/133
f 4/78/132 75/76/134 76/75/133
f 79/117/189 78/118/190 77/3/191
f 78/118/190 80/4/192 77/3/191
f 82/119/193 81/120/194 79/117/195
f 81/120/194 78/118/194 79/117/195
f 84/121/196 83/122/197 82/119/198
f 83/122/197 81/120/199 82/119/198
f 86/123/200 85/124/201 84/121/200
f 85/124/201 83/122/202 84/121/200
f 88/125/203 87/126/204 86/123/205
f 87/126/204 85/124/206 86/123/205
f 90/127/207 89/128/208 88/125/209
f 89/128/208 87/126/210 88/125/209
f 92/129/211 91/130/212 90/127/213
f 91/130/212 89/128/214 90/127/213
f 94/131/215 93/132/216 92/129/217
f 93/132/216 91/130/218 92/129/217
f 96/133/219 95/134/220 94/131/221
f 95/134/220 93/132/222 94/131/221
f 98/135/223 97/136/224 96/133/225
f 97/136/224 95/134/226 96/133/225
f 100/137/227 99/138/228 98/135/229
f 99/138/228 97/136/230 98/135/229
f 102/139/231 101/140/232 100/137/233
f 101/140/232 99/138/234 100/137/233
f 104/141/235 103/142/236 102/139/237
f 103/142/236 101/140/238 102/139/237
f 106/143/239 105/144/239 104/141/239
f 105/144/239 103/142/240 104/141/239
f 108/145/241 107/146/242 106/143/241
f 107/146/242 105/144/243 106/143/241
f 110/147/244 109/148/245 108/145/246
f 109/148/245 107/146/247 108/145/246
f 112/149/248 111/150/249 110/147/250
f 111/150/249 109/148/251 110/147/250
f 114/151/252 113/152/253 112/149/254
f 113/152/253 111/150/253 112/149/254
f 116/153/255 115/154/256 114/151/257
f 115/154/256 113/152/258 114/151/257
f 118/155/259 117/156/260 116/153/261
f 117/156/260 115/154/262 116/153/261
f 120/157/263 119/158/263 118/155/264
f 119/158/263 117/156/265 118/155/264
f 122/159/266 121/160/267 120/157/268
f 121/160/267 119/158/269 120/157/268
f 124/161/270 123/162/271 122/159/272
f 123/162/271 121/160/273 122/159/272
f 126/163/274 125/164/275 124/161/276
f 125/164/275 123/162/277 124/161/276
f 128/165/278 127/166/279 126/163/280
f 127/166/279 125/164/281 126/163/280
f 130/167/282 129/168/283 128/165/284
f 129/168/283 127/166/285 128/165/284
f 132/169/286 131/170/286 130/167/287
f 131/170/286 129/168/286 130/167/287
f 134/171/288 133/172/289 132/169/290
f 133/172/289 131/170/291 132/169/290
f 136/173/292 135/174/293 134/171/293
f 135/174/293 133/172/294 134/171/293
f 138/175/295 137/176/296 136/173/297
f 137/176/296 135/174/298 136/173/297
f 140/177/299 139/178/300 138/175/300
f 139/178/300 137/176/301 138/175/300
f 142/179/302 141/180/303 140/177/304
f 141/180/303 139/178/303 140/177/304
f 144/181/305 143/182/306 142/179/307
f 143/182/306 141/180/308 142/179/307
f 146/183/309 145/184/310 144/181/311
f 145/184/310 143/182/312 144/181/311
f 148/185/313 147/186/313 146/183/313
f 147/186/313 145/184/314 146/183/313
f 150/187/315 149/188/316 148/185/317
f 149/188/316 147/186/318 148/185/317
f 152/189/319 151/190/320 150/187/321
f 151/190/320 149/188/322 150/187/321
f 154/191/323 153/192/324 152/189/325
f 153/192/324 151/190/326 152/189/325
f 156/193/327 155/194/328 154/191/327
f 155/194/328 153/192/329 154/191/327
f 158/195/330 157/196/331 156/193/332
f 157/196/331 155/194/333 156/193/332
f 160/197/334 159/198/335 158/195/336
f 159/198/335 157/196/337 158/195/336
f 77/77/338 80/78/339 160/197/340
f 80/78/339 159/198/339 160/197/340
f 245/404/604 244/405/605 243/3/606
f 244/405/605 246/4/607 243/3/606
f 248/406/608 247/407/609 245/404/610
f 247/407/609 244/405/611 245/404/610
f 250/408/612 249/409/613 248/406/614
f 249/409/613 247/407/615 248/406/614
f 252/410/616 251/411/617 250/408/618
f 251/411/617 249/409/619 250/408/618
f 254/412/620 253/413/621 252/410/622
f 253/413/621 251/411/623 252/410/622
f 256/414/624 255/415/625 254/412/625
f 255/415/625 253/413/626 254/412/625
f 258/416/627 257/417/628 256/414/628
f 257/417/628 255/415/629 256/414/628
f 260/418/630 259/419/631 258/416/632
f 259/419/631 257/417/633 258/416/632
f 262/420/634 261/421/635 260/418/636
f 261/421/635 259/419/637 260/418/636
f 264/422/638 263/423/639 262/420/639
f 263/423/639 261/421/640 262/420/639
f 266/424/641 265/425/642 264/422/643
f 265/425/642 263/423/642 264/422/643
f 268/426/644 267/427/645 266/424/646
f 267/427/645 265/425/647 266/424/646
f 270/428/648 269/429/649 268/426/649
f 269/429/649 267/427/650 268/426/649
f 272/430/651 271/431/652 270/428/653
f 271/431/652 269/429/654 270/428/653
f 274/432/655 273/433/656 272/430/657
f 273/433/656 271/431/658 272/430/657
f 276/434/659 275/435/660 274/432/661
f 275/435/660 273/433/661 274/432/661
f 278/436/662 277/437/663 276/434/663
f 277/437/663 275/435/663 276/434/663
f 280/438/664 279/439/665 278/436/666
f 279/439/665 277/437/667 278/436/666
f 282/440/668 281/441/669 280/438/670
f 281/441/669 279/439/671 280/438/670
f 284/442/672 283/443/673 282/440/672
f 283/443/673 281/441/674 282/440/672
f 286/444/675 285/445/676 284/442/677
f 285/445/676 283/443/676 284/442/677
f 288/446/678 287/447/679 286/444/680
f 287/447/679 285/445/681 286/444/680
f 290/448/682 289/449/683 288/446/684
f 289/449/683 287/447/685 288/446/684
f 292/450/686 291/451/687 290/448/688
f 291/451/687 289/449/689 290/448/688
f 294/452/690 293/453/691 292/450/690
f 293/453/691 291/451/692 292/450/690
f 296/454/693 295/455/694 294/452/695
f 295/455/694 293/453/696 294/452/695
f 298/456/697 297/457/698 296/454/699
f 297/457/698 295/455/700 296/454/699
f 243/77/701 246/78/702 298/456/703
f 246/78/702 297/457/704 298/456/703
f 301/486/753 300/487/754 299/3/755
f 300/487/754 302/4/756 299/3/755
f 304/488/757 303/489/758 301/486/757
f 303/489/758 300/487/758 301/486/757
f 306/490/759 305/491/760 304/488/759
f 305/491/760 303/489/761 304/488/759
f 308/492/762 307/493/763 306/490/762
f 307/493/763 305/491/764 306/490/762
f 310/494/765 309/495/766 308/492/767
f 309/495/766 307/493/768 308/492/767
f 312/496/769 311/497/770 310/494/771
f 311/497/770 309/495/772 310/494/771
f 314/498/773 313/499/774 312/496/775
f 313/499/774 311/497/776 312/496/775
f 316/500/777 315/501/778 314/498/778
f 315/501/778 313/499/779 314/498/778
f 318/502/780 317/503/781 316/500/782
f 317/503/781 315/501/783 316/500/782
f 320/504/784 319/505/785 318/502/786
f 319/505/785 317/503/787 318/502/786
f 322/506/788 321/507/789 320/504/790
f 321/507/789 319/505/789 320/504/790
f 324/508/791 323/509/792 322/506/793
f 323/509/792 321/507/792 322/506/793
f 326/510/794 325/511/795 324/508/796
f 325/511/795 323/509/797 324/508/796
f 328/512/798 327/513/799 326/510/800
f 327/513/799 325/511/801 326/510/800
f 330/514/802 329/515/803 328/512/804
f 329/515/803 327/513/803 328/512/804
f 332/516/805 331/517/805 330/514/806
f 331/517/805 329/515/807 330/514/806
f 334/518/808 333/519/809 332/516/808
f 333/519/809 331/517/809 332/516/808
f 336/520/810 335/521/811 334/518/812
f 335/521/811 333/519/813 334/518/812
f 338/522/814 337/523/815 336/520/815
f 337/523/815 335/521/816 336/520/815
f 340/524/817 339/525/818 338/522/819
f 339/525/818 337/523/820 338/522/819
f 342/526/821 341/527/822 340/524/823
f 341/527/822 339/525/824 340/524/823
f 344/528/825 343/529/826 342/526/827
f 343/529/826 341/527/826 342/526/827
f 346/530/828 345/531/829 344/528/830
f 345/531/829 343/529/831 344/528/830
f 348/532/832 347/533/833 346/530/834
f 347/533/833 345/531/835 346/530/834
f 350/534/836 349/535/837 348/532/838
f 349/535/837 347/533/839 348/532/838
f 352/536/840 351/537/841 350/534/842
f 351/537/841 349/535/843 350/534/842
f 354/454/844 353/455/845 352/536/846
f 353/455/845 351/537/847 352/536/846
f 356/538/848 355/539/849 354/454/850
f 355/539/849 353/455/851 354/454/850
f 299/77/852 302/78/853 356/538/852
f 302/78/853 355/539/854 356/538/852
usemtl 3d66_Standardmaterial_17342430_128
f 26/79/135 24/80/136 22/81/137
f 6/82/138 3/83/139 1/84/140
f 66/85/141 64/86/142 62/87/143
f 36/88/144 34/89/145 32/90/144
f 38/91/146 36/88/144 32/90/144
f 16/92/147 14/93/147 12/94/143
f 52/95/148 50/96/149 48/97/150
f 54/98/151 52/95/148 48/97/150
f 1/84/140 76/99/152 74/100/153
f 30/101/154 28/102/155 26/79/135
f 20/103/156 18/104/157 16/92/147
f 8/105/152 6/82/138 1/84/140
f 46/106/158 44/107/159 42/108/160
f 46/106/158 42/108/160 40/109/146
f 46/106/158 40/109/146 38/91/146
f 46/106/158 38/91/146 32/90/144
f 46/106/158 32/90/144 30/101/154
f 46/106/158 30/101/154 26/79/135
f 48/97/150 46/106/158 26/79/135
f 48/97/150 26/79/135 22/81/137
f 54/98/151 48/97/150 22/81/137
f 56/110/147 54/98/151 22/81/137
f 58/111/157 56/110/147 22/81/137
f 58/111/157 22/81/137 20/103/156
f 58/111/157 20/103/156 16/92/147
f 60/112/155 58/111/157 16/92/147
f 60/112/155 16/92/147 12/94/143
f 8/105/152 1/84/140 74/100/153
f 68/113/161 66/85/141 62/87/143
f 70/114/162 68/113/161 62/87/143
f 12/94/143 10/115/163 8/105/152
f 60/112/155 12/94/143 8/105/152
f 60/112/155 8/105/152 74/100/153
f 62/87/143 60/112/155 74/100/153
f 70/114/162 62/87/143 74/100/153
f 70/114/162 74/100/153 72/116/164
f 23/80/165 25/79/166 21/81/167
f 2/83/168 5/82/167 4/84/166
f 63/86/169 65/85/170 61/87/171
f 33/89/172 35/88/173 31/90/174
f 35/88/173 37/91/175 31/90/174
f 13/93/165 15/92/168 11/94/165
f 49/96/176 51/95/176 47/97/167
f 51/95/176 53/98/177 47/97/167
f 75/99/168 4/84/166 73/100/171
f 27/102/178 29/101/179 25/79/166
f 17/104/169 19/103/180 15/92/168
f 5/82/167 7/105/181 4/84/166
f 43/107/182 45/106/183 41/108/184
f 41/108/184 45/106/183 39/109/185
f 39/109/185 45/106/183 37/91/175
f 37/91/175 45/106/183 31/90/174
f 31/90/174 45/106/183 29/101/179
f 29/101/179 45/106/183 25/79/166
f 45/106/183 47/97/167 25/79/166
f 25/79/166 47/97/167 21/81/167
f 47/97/167 53/98/177 21/81/167
f 53/98/177 55/110/169 21/81/167
f 55/110/169 57/111/177 21/81/167
f 21/81/167 57/111/177 19/103/180
f 19/103/180 57/111/177 15/92/168
f 57/111/177 59/112/166 15/92/168
f 15/92/168 59/112/166 11/94/165
f 4/84/166 7/105/181 73/100/171
f 65/85/170 67/113/186 61/87/171
f 67/113/186 69/114/187 61/87/171
f 9/115/168 11/94/165 7/105/181
f 11/94/165 59/112/166 7/105/181
f 7/105/181 59/112/166 73/100/171
f 59/112/166 61/87/171 73/100/171
f 61/87/171 69/114/187 73/100/171
f 73/100/171 69/114/187 71/116/188
usemtl 3d66_Standardmaterial_17342430_130
f 136/199/341 134/200/342 132/201/343
f 122/202/344 120/203/345 118/204/346
f 96/205/347 94/206/347 92/207/348
f 156/208/349 154/209/349 152/210/350
f 130/211/351 128/212/352 126/213/352
f 92/207/348 90/214/349 88/215/353
f 88/215/353 86/216/349 84/217/354
f 122/202/344 118/204/346 116/218/351
f 126/213/352 124/219/355 122/202/344
f 110/220/356 108/221/357 106/222/357
f 158/223/358 156/208/349 152/210/350
f 138/224/359 136/199/341 132/201/343
f 146/225/360 144/226/361 142/227/360
f 148/228/361 146/225/360 142/227/360
f 148/228/361 142/227/360 140/229/362
f 116/218/351 114/230/363 112/231/364
f 104/232/365 102/233/365 100/234/366
f 138/224/359 132/201/343 130/211/351
f 77/235/349 160/236/358 158/223/358
f 79/237/367 77/235/349 158/223/358
f 150/238/357 148/228/361 140/229/362
f 140/229/362 138/224/359 130/211/351
f 140/229/362 130/211/351 126/213/352
f 140/229/362 126/213/352 122/202/344
f 140/229/362 122/202/344 116/218/351
f 150/238/357 140/229/362 116/218/351
f 150/238/357 116/218/351 112/231/364
f 150/238/357 112/231/364 110/220/356
f 150/238/357 110/220/356 106/222/357
f 150/238/357 106/222/357 104/232/365
f 152/210/350 150/238/357 104/232/365
f 152/210/350 104/232/365 100/234/366
f 84/217/354 82/239/367 79/237/367
f 84/217/354 79/237/367 158/223/358
f 84/217/354 158/223/358 152/210/350
f 84/217/354 152/210/350 100/234/366
f 88/215/353 84/217/354 100/234/366
f 92/207/348 88/215/353 100/234/366
f 96/205/347 92/207/348 100/234/366
f 98/240/348 96/205/347 100/234/366
f 133/200/368 135/199/369 131/201/370
f 119/203/369 121/202/371 117/204/372
f 93/206/373 95/205/374 91/207/375
f 153/209/372 155/208/375 151/210/374
f 127/212/376 129/211/376 125/213/376
f 89/214/377 91/207/375 87/215/372
f 85/216/378 87/215/372 83/217/379
f 117/204/372 121/202/371 115/218/380
f 123/219/381 125/213/376 121/202/371
f 107/221/369 109/220/374 105/222/375
f 155/208/375 157/223/378 151/210/374
f 135/199/369 137/224/382 131/201/370
f 143/226/383 145/225/384 141/227/385
f 145/225/384 147/228/386 141/227/385
f 141/227/385 147/228/386 139/229/375
f 113/230/372 115/218/380 111/231/372
f 101/233/375 103/232/387 99/234/388
f 131/201/370 137/224/382 129/211/376
f 159/236/369 80/235/375 157/223/378
f 80/235/375 78/237/387 157/223/378
f 147/228/386 149/238/381 139/229/375
f 137/224/382 139/229/375 129/211/376
f 129/211/376 139/229/375 125/213/376
f 125/213/376 139/229/375 121/202/371
f 121/202/371 139/229/375 115/218/380
f 139/229/375 149/238/381 115/218/380
f 115/218/380 149/238/381 111/231/372
f 111/231/372 149/238/381 109/220/374
f 109/220/374 149/238/381 105/222/375
f 105/222/375 149/238/381 103/232/387
f 149/238/381 151/210/374 103/232/387
f 103/232/387 151/210/374 99/234/388
f 81/239/389 83/217/379 78/237/387
f 78/237/387 83/217/379 157/223/378
f 157/223/378 83/217/379 151/210/374
f 151/210/374 83/217/379 99/234/388
f 83/217/379 87/215/372 99/234/388
f 87/215/372 91/207/375 99/234/388
f 91/207/375 95/205/374 99/234/388
f 95/205/374 97/240/390 99/234/388
usemtl 3d66_Standardmaterial_17342430_132
f 163/241/391 162/242/392 161/243/393
f 162/242/392 164/244/394 161/243/393
f 166/245/395 165/246/396 163/241/397
f 165/246/396 162/242/398 163/241/397
f 168/247/399 167/248/400 166/245/401
f 167/248/400 165/246/402 166/245/401
f 170/249/403 169/250/404 168/247/405
f 169/250/404 167/248/406 168/247/405
f 172/251/407 171/252/408 170/253/409
f 171/252/408 169/254/410 170/253/409
f 174/255/411 173/256/412 172/257/411
f 173/256/412 171/258/411 172/257/411
f 176/259/413 175/260/414 174/255/415
f 175/260/414 173/256/416 174/255/415
f 178/261/417 177/262/418 176/263/419
f 177/262/418 175/264/420 176/263/419
f 180/265/421 179/266/422 178/267/423
f 179/266/422 177/268/424 178/267/423
f 182/269/425 181/270/426 180/265/427
f 181/270/426 179/266/428 180/265/427
f 184/271/429 183/272/430 182/269/431
f 183/272/430 181/270/432 182/269/431
f 186/261/433 185/262/434 184/271/435
f 185/262/434 183/272/436 184/271/435
f 188/273/437 187/274/438 186/275/439
f 187/274/438 185/276/440 186/275/439
f 190/277/441 189/278/442 188/279/443
f 189/278/442 187/280/444 188/279/443
f 192/281/445 191/282/446 190/277/446
f 191/282/446 189/278/447 190/277/446
f 194/283/448 193/284/449 192/285/450
f 193/284/449 191/286/451 192/285/450
f 196/287/452 195/288/453 194/289/454
f 195/288/453 193/290/455 194/289/454
f 198/261/456 197/262/457 196/291/458
f 197/262/457 195/292/457 196/291/458
f 200/293/459 199/294/460 198/295/461
f 199/294/460 197/296/462 198/295/461
f 202/297/463 201/298/464 200/299/465
f 201/298/464 199/300/466 200/299/465
f 204/301/467 203/302/468 202/303/469
f 203/302/468 201/304/468 202/303/469
f 206/305/470 205/306/471 204/301/470
f 205/306/471 203/302/472 204/301/470
f 208/307/473 207/308/474 206/309/475
f 207/308/474 205/310/476 206/309/475
f 210/311/477 209/312/478 208/313/479
f 209/312/478 207/314/480 208/313/479
f 212/315/481 211/316/482 210/317/483
f 211/316/482 209/318/484 210/317/483
f 214/319/485 213/320/486 212/321/487
f 213/320/486 211/322/488 212/321/487
f 216/323/489 215/324/490 214/325/489
f 215/324/490 213/326/490 214/325/489
f 218/327/491 217/328/492 216/329/493
f 217/328/492 215/330/494 216/329/493
f 220/313/495 219/314/496 218/331/497
f 219/314/496 217/332/498 218/331/497
f 222/333/499 221/334/500 220/313/499
f 221/334/500 219/314/501 220/313/499
f 224/335/502 223/336/503 222/333/502
f 223/336/503 221/334/504 222/333/502
f 226/337/505 225/338/506 224/339/507
f 225/338/506 223/340/508 224/339/507
f 228/341/509 227/342/510 226/343/511
f 227/342/510 225/344/512 226/343/511
f 230/345/513 229/346/514 228/341/515
f 229/346/514 227/342/514 228/341/515
f 232/347/516 231/348/516 230/345/517
f 231/348/516 229/346/447 230/345/517
f 234/349/518 233/350/519 232/347/520
f 233/350/519 231/348/521 232/347/520
f 236/351/522 235/352/523 234/349/524
f 235/352/523 233/350/525 234/349/524
f 238/353/526 237/354/527 236/355/528
f 237/354/527 235/356/529 236/355/528
f 240/357/530 239/358/531 238/353/532
f 239/358/531 237/354/533 238/353/532
f 242/359/534 241/360/535 240/357/536
f 241/360/535 239/358/537 240/357/536
f 161/243/538 164/244/539 242/361/540
f 164/244/539 241/362/541 242/361/540
f 359/568/899 358/569/900 357/570/901
f 358/569/900 360/571/902 357/570/901
f 362/572/903 361/573/904 359/568/905
f 361/573/904 358/569/906 359/568/905
f 364/574/907 363/575/908 362/572/909
f 363/575/908 361/573/910 362/572/909
f 366/576/911 365/577/912 364/574/912
f 365/577/912 363/575/913 364/574/912
f 368/578/914 367/579/915 366/576/916
f 367/579/915 365/577/917 366/576/916
f 370/580/918 369/581/919 368/582/920
f 369/581/919 367/583/921 368/582/920
f 372/584/922 371/585/923 370/586/924
f 371/585/923 369/587/925 370/586/924
f 374/588/926 373/589/927 372/584/928
f 373/589/927 371/585/929 372/584/928
f 376/590/930 375/591/931 374/588/932
f 375/591/931 373/589/930 374/588/932
f 378/592/933 377/593/934 376/590/935
f 377/593/934 375/591/936 376/590/935
f 380/594/937 379/595/938 378/596/939
f 379/595/938 377/597/940 378/596/939
f 382/598/941 381/599/942 380/600/943
f 381/599/942 379/601/944 380/600/943
f 384/602/945 383/603/946 382/604/947
f 383/603/946 381/605/948 382/604/947
f 386/606/949 385/607/949 384/608/950
f 385/607/949 383/609/951 384/608/950
f 388/610/952 387/611/953 386/612/954
f 387/611/953 385/613/955 386/612/954
f 390/614/956 389/615/957 388/616/952
f 389/615/957 387/617/953 388/616/952
f 392/618/958 391/619/959 390/614/956
f 391/619/959 389/615/957 390/614/956
f 394/620/960 393/621/961 392/618/958
f 393/621/961 391/619/959 392/618/958
f 396/622/962 395/623/963 394/620/960
f 395/623/963 393/621/961 394/620/960
f 398/624/964 397/625/965 396/622/962
f 397/625/965 395/623/963 396/622/962
f 400/626/966 399/627/967 398/624/964
f 399/627/967 397/625/965 398/624/964
f 402/628/968 401/629/969 400/626/966
f 401/629/969 399/627/967 400/626/966
f 404/630/970 403/631/971 402/628/968
f 403/631/971 401/629/969 402/628/968
f 406/632/972 405/633/973 404/630/970
f 405/633/973 403/631/971 404/630/970
f 408/634/974 407/635/975 406/632/972
f 407/635/975 405/633/973 406/632/972
f 410/636/976 409/637/977 408/634/974
f 409/637/977 407/635/975 408/634/974
f 412/638/978 411/639/979 410/636/976
f 411/639/979 409/637/977 410/636/976
f 414/640/980 413/641/981 412/638/978
f 413/641/981 411/639/979 412/638/978
f 416/261/982 415/262/983 414/640/980
f 415/262/983 413/641/981 414/640/980
f 418/642/984 417/643/985 416/644/985
f 417/643/985 415/645/986 416/644/985
f 420/646/987 419/647/988 418/648/988
f 419/647/988 417/649/989 418/648/988
f 422/650/990 421/651/991 420/646/992
f 421/651/991 419/647/993 420/646/992
f 424/652/994 423/653/995 422/650/996
f 423/653/995 421/651/997 422/650/996
f 426/654/998 425/655/999 424/652/1000
f 425/655/999 423/653/1001 424/652/1000
f 428/656/1002 427/657/1003 426/654/1004
f 427/657/1003 425/655/1005 426/654/1004
f 430/658/1006 429/659/1007 428/660/1008
f 429/659/1007 427/661/1007 428/660/1008
f 432/662/1009 431/663/1010 430/664/1011
f 431/663/1010 429/665/1009 430/664/1011
f 434/261/1012 433/262/1013 432/666/1012
f 433/262/1013 431/667/1013 432/666/1012
f 436/668/1014 435/669/1015 434/670/1016
f 435/669/1015 433/671/1017 434/670/1016
f 438/672/1018 437/673/1019 436/668/1020
f 437/673/1019 435/669/1020 436/668/1020
f 440/674/1021 439/675/1022 438/676/1023
f 439/675/1022 437/677/1024 438/676/1023
f 442/678/1025 441/679/1026 440/680/1027
f 441/679/1026 439/681/1028 440/680/1027
f 444/682/1029 443/683/1030 442/684/1031
f 443/683/1030 441/685/1032 442/684/1031
f 446/686/1033 445/687/1034 444/688/1035
f 445/687/1034 443/689/1036 444/688/1035
f 448/261/1037 447/262/1038 446/690/1039
f 447/262/1038 445/691/1040 446/690/1039
f 357/570/1041 360/571/1042 448/692/1043
f 360/571/1042 447/693/1044 448/692/1043
f 451/740/1099 450/741/1100 449/742/1100
f 450/741/1100 452/743/1101 449/742/1100
f 454/744/1102 453/745/1103 451/740/1102
f 453/745/1103 450/741/1104 451/740/1102
f 456/746/1105 455/747/1106 454/744/1105
f 455/747/1106 453/745/1107 454/744/1105
f 458/748/1108 457/749/1109 456/750/1108
f 457/749/1109 455/751/1110 456/750/1108
f 460/752/1111 459/753/1112 458/327/1113
f 459/753/1112 457/328/1114 458/327/1113
f 462/754/1115 461/755/1116 460/752/1117
f 461/755/1116 459/753/1118 460/752/1117
f 464/756/1119 463/757/1120 462/754/1121
f 463/757/1120 461/755/1122 462/754/1121
f 466/758/1123 465/759/1124 464/756/1125
f 465/759/1124 463/757/1126 464/756/1125
f 468/760/1127 467/761/1128 466/758/1129
f 467/761/1128 465/759/1130 466/758/1129
f 470/261/1131 469/262/1132 468/760/1133
f 469/262/1132 467/761/1134 468/760/1133
f 472/762/1135 471/763/1136 470/692/1137
f 471/763/1136 469/693/1138 470/692/1137
f 474/764/1139 473/765/1140 472/692/1141
f 473/765/1140 471/693/1142 472/692/1141
f 476/766/1143 475/767/1144 474/768/1145
f 475/767/1144 473/769/1146 474/768/1145
f 478/770/1147 477/771/1148 476/772/1149
f 477/771/1148 475/773/1150 476/772/1149
f 480/774/1151 479/775/1152 478/770/1153
f 479/775/1152 477/771/1154 478/770/1153
f 482/776/1155 481/777/1156 480/778/1157
f 481/777/1156 479/779/1156 480/778/1157
f 484/261/1158 483/262/1159 482/780/1160
f 483/262/1159 481/781/1161 482/780/1160
f 486/782/1162 485/783/1163 484/692/1164
f 485/783/1163 483/693/1165 484/692/1164
f 488/784/1166 487/785/1167 486/786/1168
f 487/785/1167 485/787/1169 486/786/1168
f 490/788/1170 489/789/1171 488/784/1172
f 489/789/1171 487/785/1173 488/784/1172
f 492/790/1174 491/791/1174 490/788/1175
f 491/791/1174 489/789/1176 490/788/1175
f 494/792/1177 493/793/1178 492/790/1179
f 493/793/1178 491/791/1180 492/790/1179
f 496/794/1181 495/795/1182 494/796/1183
f 495/795/1182 493/797/1182 494/796/1183
f 498/798/1184 497/799/1185 496/800/1186
f 497/799/1185 495/801/1187 496/800/1186
f 500/618/1188 499/619/1189 498/802/1190
f 499/619/1189 497/803/1190 498/802/1190
f 502/804/1191 501/805/1192 500/806/1193
f 501/805/1192 499/807/1194 500/806/1193
f 504/808/1195 503/809/1196 502/804/1197
f 503/809/1196 501/805/1198 502/804/1197
f 506/810/1199 505/811/1200 504/808/1199
f 505/811/1200 503/809/1201 504/808/1199
f 508/812/1202 507/813/1203 506/810/1204
f 507/813/1203 505/811/1205 506/810/1204
f 510/814/1206 509/815/1207 508/816/1208
f 509/815/1207 507/817/1209 508/816/1208
f 512/818/1210 511/819/1211 510/814/1212
f 511/819/1211 509/815/1213 510/814/1212
f 514/820/1214 513/821/1215 512/822/1214
f 513/821/1215 511/823/1216 512/822/1214
f 516/824/1217 515/825/1218 514/826/1218
f 515/825/1218 513/827/1219 514/826/1218
f 518/828/1220 517/829/1221 516/824/1221
f 517/829/1221 515/825/1222 516/824/1221
f 520/830/1223 519/831/1224 518/692/1223
f 519/831/1224 517/693/1225 518/692/1223
f 522/832/1226 521/833/1227 520/834/1228
f 521/833/1227 519/835/1229 520/834/1228
f 449/742/1230 452/743/1231 522/836/1232
f 452/743/1231 521/837/1233 522/836/1232
usemtl 3d66_Standardmaterial_17342430_131
f 196/363/542 194/364/543 192/365/544
f 212/366/545 210/367/546 208/368/545
f 200/369/543 198/370/547 196/363/542
f 202/371/545 200/369/543 196/363/542
f 161/372/548 242/373/548 240/374/549
f 202/371/545 196/363/542 192/365/544
f 190/375/550 188/376/551 186/377/552
f 192/365/544 190/375/550 186/377/552
f 178/378/553 176/379/554 174/380/555
f 180/381/552 178/378/553 174/380/555
f 180/381/552 174/380/555 172/382/556
f 182/383/557 180/381/552 172/382/556
f 238/384/555 236/385/558 234/386/559
f 240/374/549 238/384/555 234/386/559
f 161/372/548 240/374/549 234/386/559
f 192/365/544 186/377/552 184/387/560
f 192/365/544 184/387/560 182/383/557
f 192/365/544 182/383/557 172/382/556
f 192/365/544 172/382/556 170/388/561
f 202/371/545 192/365/544 170/388/561
f 228/389/562 226/390/545 224/391/563
f 161/372/548 234/386/559 232/392/559
f 163/393/564 161/372/548 232/392/559
f 166/394/565 163/393/564 232/392/559
f 166/394/565 232/392/559 230/395/566
f 166/394/565 230/395/566 228/389/562
f 166/394/565 228/389/562 224/391/563
f 168/396/567 166/394/565 224/391/563
f 168/396/567 224/391/563 222/397/568
f 170/388/561 168/396/567 222/397/568
f 170/388/561 222/397/568 220/398/560
f 170/388/561 220/398/560 218/399/569
f 202/371/545 170/388/561 218/399/569
f 202/371/545 218/399/569 216/400/570
f 202/371/545 216/400/570 214/401/571
f 202/371/545 214/401/571 212/366/545
f 202/371/545 212/366/545 208/368/545
f 204/402/571 202/371/545 208/368/545
f 206/403/572 204/402/571 208/368/545
f 193/364/573 195/363/574 191/365/575
f 209/367/576 211/366/575 207/368/577
f 197/370/578 199/369/574 195/363/574
f 199/369/574 201/371/579 195/363/574
f 241/373/580 164/372/581 239/374/582
f 195/363/574 201/371/579 191/365/575
f 187/376/583 189/375/584 185/377/585
f 189/375/584 191/365/575 185/377/585
f 175/379/586 177/378/587 173/380/588
f 177/378/587 179/381/589 173/380/588
f 173/380/588 179/381/589 171/382/590
f 179/381/589 181/383/591 171/382/590
f 235/385/592 237/384/593 233/386/594
f 237/384/593 239/374/582 233/386/594
f 239/374/582 164/372/581 233/386/594
f 185/377/585 191/365/575 183/387/595
f 183/387/595 191/365/575 181/383/591
f 181/383/591 191/365/575 171/382/590
f 171/382/590 191/365/575 169/388/596
f 191/365/575 201/371/579 169/388/596
f 225/390/597 227/389/597 223/391/591
f 233/386/594 164/372/581 231/392/581
f 164/372/581 162/393/598 231/392/581
f 162/393/598 165/394/581 231/392/581
f 231/392/581 165/394/581 229/395/582
f 229/395/582 165/394/581 227/389/597
f 227/389/597 165/394/581 223/391/591
f 165/394/581 167/396/599 223/391/591
f 223/391/591 167/396/599 221/397/582
f 167/396/599 169/388/596 221/397/582
f 221/397/582 169/388/596 219/398/590
f 219/398/590 169/388/596 217/399/600
f 169/388/596 201/371/579 217/399/600
f 217/399/600 201/371/579 215/400/601
f 215/400/601 201/371/579 213/401/602
f 213/401/602 201/371/579 211/366/575
f 211/366/575 201/371/579 207/368/577
f 201/371/579 203/402/579 207/368/577
f 203/402/579 205/403/603 207/368/577
usemtl 3d66_Standardmaterial_17342430_133
f 282/458/705 280/459/706 278/460/707
f 284/461/708 282/458/705 278/460/707
f 284/461/708 278/460/707 276/462/709
f 286/463/710 284/461/708 276/462/709
f 262/464/711 260/465/712 258/466/713
f 264/467/714 262/464/711 258/466/713
f 296/468/715 294/469/716 292/470/710
f 245/471/717 243/472/718 298/473/719
f 288/474/708 286/463/710 276/462/709
f 245/471/717 298/473/719 296/468/715
f 272/475/720 270/476/721 268/477/722
f 274/478/723 272/475/720 268/477/722
f 274/478/723 268/477/722 266/479/724
f 274/478/723 266/479/724 264/467/714
f 274/478/723 264/467/714 258/466/713
f 274/478/723 258/466/713 256/480/725
f 276/462/709 274/478/723 256/480/725
f 288/474/708 276/462/709 256/480/725
f 290/481/708 288/474/708 256/480/725
f 290/481/708 256/480/725 254/482/726
f 290/481/708 254/482/726 252/483/727
f 292/470/710 290/481/708 252/483/727
f 292/470/710 252/483/727 250/484/728
f 296/468/715 292/470/710 250/484/728
f 245/471/717 296/468/715 250/484/728
f 245/471/717 250/484/728 248/485/729
f 279/459/730 281/458/731 277/460/732
f 281/458/731 283/461/733 277/460/732
f 277/460/732 283/461/733 275/462/731
f 283/461/733 285/463/734 275/462/731
f 259/465/735 261/464/736 257/466/737
f 261/464/736 263/467/738 257/466/737
f 293/469/739 295/468/740 291/470/741
f 246/472/742 244/471/743 297/473/742
f 285/463/734 287/474/744 275/462/731
f 297/473/742 244/471/743 295/468/740
f 269/476/745 271/475/746 267/477/747
f 271/475/746 273/478/732 267/477/747
f 267/477/747 273/478/732 265/479/748
f 265/479/748 273/478/732 263/467/738
f 263/467/738 273/478/732 257/466/737
f 257/466/737 273/478/732 255/480/732
f 273/478/732 275/462/731 255/480/732
f 275/462/731 287/474/744 255/480/732
f 287/474/744 289/481/741 255/480/732
f 255/480/732 289/481/741 253/482/749
f 253/482/749 289/481/741 251/483/750
f 289/481/741 291/470/741 251/483/750
f 251/483/750 291/470/741 249/484/751
f 291/470/741 295/468/740 249/484/751
f 295/468/740 244/471/743 249/484/751
f 249/484/751 244/471/743 247/485/752
usemtl 3d66_Standardmaterial_17342430_134
f 330/540/855 328/541/856 326/3/857
f 306/542/858 304/543/859 301/544/860
f 324/545/861 322/546/862 320/547/863
f 330/540/855 326/3/857 324/545/861
f 330/540/855 324/545/861 320/547/863
f 330/540/855 320/547/863 318/548/864
f 332/549/865 330/540/855 318/548/864
f 332/549/865 318/548/864 316/550/866
f 336/551/867 334/552/868 332/549/865
f 338/553/865 336/551/867 332/549/865
f 310/554/869 308/555/870 306/542/858
f 312/556/859 310/554/869 306/542/858
f 338/553/865 332/549/865 316/550/866
f 340/557/865 338/553/865 316/550/866
f 342/558/871 340/557/865 316/550/866
f 344/559/870 342/558/871 316/550/866
f 344/559/870 316/550/866 314/560/872
f 346/561/865 344/559/870 314/560/872
f 346/561/865 314/560/872 312/556/859
f 348/562/873 346/561/865 312/556/859
f 348/562/873 312/556/859 306/542/858
f 348/562/873 306/542/858 301/544/860
f 348/562/873 301/544/860 299/563/874
f 348/562/873 299/563/874 356/564/875
f 350/565/876 348/562/873 356/564/875
f 352/566/877 350/565/876 356/564/875
f 352/566/877 356/564/875 354/567/878
f 327/541/879 329/540/880 325/3/881
f 303/543/882 305/542/883 300/544/884
f 321/546/885 323/545/886 319/547/887
f 325/3/881 329/540/880 323/545/886
f 323/545/886 329/540/880 319/547/887
f 319/547/887 329/540/880 317/548/888
f 329/540/880 331/549/886 317/548/888
f 317/548/888 331/549/886 315/550/889
f 333/552/890 335/551/891 331/549/886
f 335/551/891 337/553/888 331/549/886
f 307/555/884 309/554/892 305/542/883
f 309/554/892 311/556/883 305/542/883
f 331/549/886 337/553/888 315/550/889
f 337/553/888 339/557/893 315/550/889
f 339/557/893 341/558/894 315/550/889
f 341/558/894 343/559/895 315/550/889
f 315/550/889 343/559/895 313/560/891
f 343/559/895 345/561/889 313/560/891
f 313/560/891 345/561/889 311/556/883
f 345/561/889 347/562/896 311/556/883
f 311/556/883 347/562/896 305/542/883
f 305/542/883 347/562/896 300/544/884
f 300/544/884 347/562/896 302/563/884
f 302/563/884 347/562/896 355/564/897
f 347/562/896 349/565/898 355/564/897
f 349/565/898 351/566/896 355/564/897
f 355/564/897 351/566/896 353/567/897
usemtl 3d66_Standardmaterial_17342430_135
f 382/694/1045 380/695/1046 378/696/1047
f 384/697/1048 382/694/1045 378/696/1047
f 420/698/1049 418/699/1050 416/700/1051
f 420/698/1049 416/700/1051 414/701/1052
f 420/698/1049 414/701/1052 412/702/1051
f 420/698/1049 412/702/1051 410/703/1046
f 420/698/1049 410/703/1046 408/704/1053
f 420/698/1049 408/704/1053 406/705/1051
f 420/698/1049 406/705/1051 404/706/1054
f 432/707/1055 430/708/1056 428/709/1048
f 420/698/1049 404/706/1054 402/710/1057
f 357/711/1058 448/712/1059 446/713/1045
f 420/698/1049 402/710/1057 400/714/1060
f 384/697/1048 378/696/1047 376/715/1061
f 420/698/1049 400/714/1060 398/716/1048
f 359/717/1062 357/711/1058 446/713/1045
f 422/718/1051 420/698/1049 398/716/1048
f 422/718/1051 398/716/1048 396/719/1051
f 422/718/1051 396/719/1051 394/720/1063
f 422/718/1051 394/720/1063 392/721/1051
f 372/722/1064 370/723/1065 368/724/1066
f 374/725/1067 372/722/1064 368/724/1066
f 422/718/1051 392/721/1051 390/726/1060
f 424/727/1068 422/718/1051 390/726/1060
f 424/727/1068 390/726/1060 388/728/1060
f 426/729/1069 424/727/1068 388/728/1060
f 384/697/1048 376/715/1061 374/725/1067
f 384/697/1048 374/725/1067 368/724/1066
f 386/730/1048 384/697/1048 368/724/1066
f 386/730/1048 368/724/1066 366/731/1048
f 388/728/1060 386/730/1048 366/731/1048
f 426/729/1069 388/728/1060 366/731/1048
f 426/729/1069 366/731/1048 364/732/1070
f 428/709/1048 426/729/1069 364/732/1070
f 428/709/1048 364/732/1070 362/733/1071
f 428/709/1048 362/733/1071 359/717/1062
f 428/709/1048 359/717/1062 446/713/1045
f 432/707/1055 428/709/1048 446/713/1045
f 432/707/1055 446/713/1045 444/734/1049
f 432/707/1055 444/734/1049 442/735/1072
f 434/736/1069 432/707/1055 442/735/1072
f 436/737/1048 434/736/1069 442/735/1072
f 438/738/1069 436/737/1048 442/735/1072
f 438/738/1069 442/735/1072 440/739/1069
f 379/695/1073 381/694/1074 377/696/1075
f 381/694/1074 383/697/1076 377/696/1075
f 417/699/1077 419/698/1078 415/700/1076
f 415/700/1076 419/698/1078 413/701/1079
f 413/701/1079 419/698/1078 411/702/1077
f 411/702/1077 419/698/1078 409/703/1080
f 409/703/1080 419/698/1078 407/704/1081
f 407/704/1081 419/698/1078 405/705/1077
f 405/705/1077 419/698/1078 403/706/1077
f 429/708/1074 431/707/1082 427/709/1083
f 403/706/1077 419/698/1078 401/710/1084
f 447/712/1085 360/711/1074 445/713/1086
f 401/710/1084 419/698/1078 399/714/1080
f 377/696/1075 383/697/1076 375/715/1073
f 399/714/1080 419/698/1078 397/716/1086
f 360/711/1074 358/717/1087 445/713/1086
f 419/698/1078 421/718/1088 397/716/1086
f 397/716/1086 421/718/1088 395/719/1089
f 395/719/1089 421/718/1088 393/720/1090
f 393/720/1090 421/718/1088 391/721/1090
f 369/723/1091 371/722/1091 367/724/1092
f 371/722/1091 373/725/1073 367/724/1092
f 391/721/1090 421/718/1088 389/726/1082
f 421/718/1088 423/727/1091 389/726/1082
f 389/726/1082 423/727/1091 387/728/1093
f 423/727/1091 425/729/1092 387/728/1093
f 375/715/1073 383/697/1076 373/725/1073
f 373/725/1073 383/697/1076 367/724/1092
f 383/697/1076 385/730/1094 367/724/1092
f 367/724/1092 385/730/1094 365/731/1073
f 385/730/1094 387/728/1093 365/731/1073
f 387/728/1093 425/729/1092 365/731/1073
f 365/731/1073 425/729/1092 363/732/1073
f 425/729/1092 427/709/1083 363/732/1073
f 363/732/1073 427/709/1083 361/733/1092
f 361/733/1092 427/709/1083 358/717/1087
f 358/717/1087 427/709/1083 445/713/1086
f 427/709/1083 431/707/1082 445/713/1086
f 445/713/1086 431/707/1082 443/734/1095
f 443/734/1095 431/707/1082 441/735/1096
f 431/707/1082 433/736/1089 441/735/1096
f 433/736/1089 435/737/1097 441/735/1096
f 435/737/1097 437/738/1098 441/735/1096
f 441/735/1096 437/738/1098 439/739/1076
usemtl 3d66_Standardmaterial_17342430_136
f 486/838/1234 484/839/1235 482/840/1236
f 486/838/1234 482/840/1236 480/841/1237
f 472/842/1238 470/3/1239 468/843/1240
f 474/844/1240 472/842/1238 468/843/1240
f 474/844/1240 468/843/1240 466/845/1240
f 498/846/1241 496/847/1242 494/848/1240
f 488/849/1243 486/838/1234 480/841/1237
f 488/849/1243 480/841/1237 478/850/1244
f 488/849/1243 478/850/1244 476/851/1245
f 490/852/1246 488/849/1243 476/851/1245
f 502/853/1247 500/854/1248 498/846/1241
f 504/855/1248 502/853/1247 498/846/1241
f 520/856/1249 518/857/1250 516/858/1250
f 449/859/1251 522/860/1252 520/856/1249
f 451/861/1251 449/859/1251 520/856/1249
f 451/861/1251 520/856/1249 516/858/1250
f 460/862/1253 458/863/1254 456/864/1255
f 504/855/1248 498/846/1241 494/848/1240
f 492/865/1240 490/852/1246 476/851/1245
f 492/865/1240 476/851/1245 474/844/1240
f 516/858/1250 514/866/1249 512/867/1254
f 451/861/1251 516/858/1250 512/867/1254
f 492/865/1240 474/844/1240 466/845/1240
f 492/865/1240 466/845/1240 464/868/1256
f 492/865/1240 464/868/1256 462/869/1257
f 492/865/1240 462/869/1257 460/862/1253
f 492/865/1240 460/862/1253 456/864/1255
f 492/865/1240 456/864/1255 454/870/1256
f 492/865/1240 454/870/1256 451/861/1251
f 492/865/1240 451/861/1251 512/867/1254
f 494/848/1240 492/865/1240 512/867/1254
f 504/855/1248 494/848/1240 512/867/1254
f 506/871/1258 504/855/1248 512/867/1254
f 508/872/1242 506/871/1258 512/867/1254
f 510/873/1248 508/872/1242 512/867/1254
f 483/839/1259 485/838/1260 481/840/1261
f 481/840/1261 485/838/1260 479/841/1262
f 469/3/1263 471/842/1264 467/843/1265
f 471/842/1264 473/844/1265 467/843/1265
f 467/843/1265 473/844/1265 465/845/1266
f 495/847/1266 497/846/1267 493/848/1268
f 485/838/1260 487/849/1269 479/841/1262
f 479/841/1262 487/849/1269 477/850/1270
f 477/850/1270 487/849/1269 475/851/1271
f 487/849/1269 489/852/1269 475/851/1271
f 499/854/1272 501/853/1272 497/846/1267
f 501/853/1272 503/855/1273 497/846/1267
f 517/857/1274 519/856/1275 515/858/1266
f 521/860/1276 452/859/1277 519/856/1275
f 452/859/1277 450/861/1266 519/856/1275
f 519/856/1275 450/861/1266 515/858/1266
f 457/863/1274 459/862/1272 455/864/1274
f 497/846/1267 503/855/1273 493/848/1268
f 489/852/1269 491/865/1278 475/851/1271
f 475/851/1271 491/865/1278 473/844/1265
f 513/866/1275 515/858/1266 511/867/1264
f 515/858/1266 450/861/1266 511/867/1264
f 473/844/1265 491/865/1278 465/845/1266
f 465/845/1266 491/865/1278 463/868/1274
f 463/868/1274 491/865/1278 461/869/1265
f 461/869/1265 491/865/1278 459/862/1272
f 459/862/1272 491/865/1278 455/864/1274
f 455/864/1274 491/865/1278 453/870/1274
f 453/870/1274 491/865/1278 450/861/1266
f 450/861/1266 491/865/1278 511/867/1264
f 491/865/1278 493/848/1268 511/867/1264
f 493/848/1268 503/855/1273 511/867/1264
f 503/855/1273 505/871/1272 511/867/1264
f 505/871/1272 507/872/1279 511/867/1264
f 507/872/1279 509/873/1280 511/867/1264
usemtl 3d66_Standardmaterial_17342430_138
f 525/404/1281 524/405/1282 523/3/1283
f 524/405/1282 526/4/1284 523/3/1283
f 528/874/1285 527/875/1286 525/404/1285
f 527/875/1286 524/405/1287 525/404/1285
f 530/876/1288 529/877/1289 528/874/1290
f 529/877/1289 527/875/1291 528/874/1290
f 532/878/1292 531/879/1293 530/876/1294
f 531/879/1293 529/877/1295 530/876/1294
f 534/880/1296 533/881/1297 532/878/1296
f 533/881/1297 531/879/1297 532/878/1296
f 536/882/1298 535/883/1299 534/880/1300
f 535/883/1299 533/881/1301 534/880/1300
f 538/884/1302 537/885/1303 536/882/1303
f 537/885/1303 535/883/1304 536/882/1303
f 540/886/1305 539/887/1306 538/884/1307
f 539/887/1306 537/885/1306 538/884/1307
f 542/888/1308 541/889/1309 540/886/1310
f 541/889/1309 539/887/1311 540/886/1310
f 544/890/1312 543/891/1313 542/888/1314
f 543/891/1313 541/889/1315 542/888/1314
f 546/892/1316 545/893/1317 544/890/1318
f 545/893/1317 543/891/1319 544/890/1318
f 548/894/1320 547/895/1320 546/892/1320
f 547/895/1320 545/893/1320 546/892/1320
f 550/896/1321 549/897/1322 548/894/1323
f 549/897/1322 547/895/1324 548/894/1323
f 552/898/1325 551/899/1326 550/896/1327
f 551/899/1326 549/897/1328 550/896/1327
f 554/900/1329 553/901/1330 552/898/1331
f 553/901/1330 551/899/1332 552/898/1331
f 556/902/1333 555/903/1334 554/900/1335
f 555/903/1334 553/901/1336 554/900/1335
f 558/904/1337 557/905/1338 556/902/1339
f 557/905/1338 555/903/1340 556/902/1339
f 560/906/1341 559/907/1342 558/904/1341
f 559/907/1342 557/905/1342 558/904/1341
f 562/908/1343 561/909/1344 560/906/1345
f 561/909/1344 559/907/1346 560/906/1345
f 564/910/1347 563/911/1348 562/908/1347
f 563/911/1348 561/909/1348 562/908/1347
f 566/912/1349 565/913/1350 564/910/1351
f 565/913/1350 563/911/1352 564/910/1351
f 568/914/1353 567/915/1354 566/912/1355
f 567/915/1354 565/913/1356 566/912/1355
f 570/916/1357 569/917/1358 568/914/1359
f 569/917/1358 567/915/1360 568/914/1359
f 572/918/1361 571/919/1362 570/916/1361
f 571/919/1362 569/917/1363 570/916/1361
f 574/920/1364 573/921/1365 572/918/1366
f 573/921/1365 571/919/1367 572/918/1366
f 576/922/1368 575/923/1369 574/920/1370
f 575/923/1369 573/921/1371 574/920/1370
f 578/924/1372 577/925/1373 576/922/1374
f 577/925/1373 575/923/1375 576/922/1374
f 580/926/1376 579/927/1377 578/924/1376
f 579/927/1377 577/925/1377 578/924/1376
f 582/928/1378 581/929/1379 580/926/1379
f 581/929/1379 579/927/1380 580/926/1379
f 584/930/1381 583/931/1382 582/928/1382
f 583/931/1382 581/929/1383 582/928/1382
f 586/932/1384 585/933/1385 584/930/1386
f 585/933/1385 583/931/1385 584/930/1386
f 588/934/1387 587/935/1388 586/932/1389
f 587/935/1388 585/933/1390 586/932/1389
f 590/936/1391 589/937/1392 588/934/1393
f 589/937/1392 587/935/1393 588/934/1393
f 592/938/1394 591/939/1394 590/936/1394
f 591/939/1394 589/937/1395 590/936/1394
f 594/940/1396 593/941/1397 592/938/1398
f 593/941/1397 591/939/1399 592/938/1398
f 596/942/1400 595/943/1401 594/940/1402
f 595/943/1401 593/941/1403 594/940/1402
f 598/944/1404 597/945/1405 596/942/1406
f 597/945/1405 595/943/1406 596/942/1406
f 600/946/1407 599/947/1408 598/944/1407
f 599/947/1408 597/945/1407 598/944/1407
f 602/948/1409 601/949/1410 600/946/1411
f 601/949/1410 599/947/1412 600/946/1411
f 604/950/1413 603/951/1413 602/948/1413
f 603/951/1413 601/949/1413 602/948/1413
f 606/952/1414 605/953/1415 604/950/1416
f 605/953/1415 603/951/1417 604/950/1416
f 608/954/1418 607/955/1418 606/952/1419
f 607/955/1418 605/953/1420 606/952/1419
f 610/956/1421 609/957/1422 608/954/1423
f 609/957/1422 607/955/1424 608/954/1423
f 612/59/1425 611/60/1426 610/956/1426
f 611/60/1426 609/957/1427 610/956/1426
f 614/958/1428 613/959/1429 612/59/1430
f 613/959/1429 611/60/1431 612/59/1430
f 616/960/1432 615/961/1433 614/958/1434
f 615/961/1433 613/959/1435 614/958/1434
f 618/962/1436 617/963/1437 616/960/1438
f 617/963/1437 615/961/1439 616/960/1438
f 620/964/1440 619/965/1441 618/962/1442
f 619/965/1441 617/963/1443 618/962/1442
f 622/966/1444 621/967/1445 620/964/1444
f 621/967/1445 619/965/1446 620/964/1444
f 624/968/1447 623/969/1448 622/966/1449
f 623/969/1448 621/967/1450 622/966/1449
f 626/970/1451 625/971/1452 624/968/1453
f 625/971/1452 623/969/1454 624/968/1453
f 628/972/1455 627/973/1456 626/970/1456
f 627/973/1456 625/971/1457 626/970/1456
f 630/974/1458 629/975/1459 628/972/1460
f 629/975/1459 627/973/1461 628/972/1460
f 523/77/1462 526/78/1463 630/974/1462
f 526/78/1463 629/975/1464 630/974/1462
usemtl 3d66_Standardmaterial_17342430_137
f 590/976/1465 588/977/1465 586/978/1465
f 590/976/1465 586/978/1465 584/979/1466
f 604/980/1467 602/981/1465 600/982/1468
f 606/983/1466 604/980/1467 600/982/1468
f 608/984/1469 606/983/1466 600/982/1468
f 608/984/1469 600/982/1468 598/985/1469
f 610/986/1470 608/984/1469 598/985/1469
f 610/986/1470 598/985/1469 596/987/1469
f 612/988/1471 610/986/1470 596/987/1469
f 614/989/1472 612/988/1471 596/987/1469
f 614/989/1472 596/987/1469 594/990/1469
f 552/991/1473 550/992/1474 548/993/1473
f 554/994/1475 552/991/1473 548/993/1473
f 554/994/1475 548/993/1473 546/995/1476
f 554/994/1475 546/995/1476 544/996/1475
f 590/976/1465 584/979/1466 582/997/1477
f 592/998/1478 590/976/1465 582/997/1477
f 592/998/1478 582/997/1477 580/999/1479
f 614/989/1472 594/990/1469 592/998/1478
f 616/1000/1480 614/989/1472 592/998/1478
f 616/1000/1480 592/998/1478 580/999/1479
f 525/1001/1473 523/1002/1481 630/1003/1473
f 544/996/1475 542/1004/1482 540/1005/1474
f 554/994/1475 544/996/1475 540/1005/1474
f 554/994/1475 540/1005/1474 538/1006/1473
f 562/1007/1483 560/1008/1465 558/1009/1484
f 564/1010/1485 562/1007/1483 558/1009/1484
f 528/1011/1473 525/1001/1473 630/1003/1473
f 530/1012/1486 528/1011/1473 630/1003/1473
f 532/1013/1468 530/1012/1486 630/1003/1473
f 534/1014/1487 532/1013/1468 630/1003/1473
f 534/1014/1487 630/1003/1473 628/1015/1473
f 534/1014/1487 628/1015/1473 626/1016/1488
f 536/1017/1473 534/1014/1487 626/1016/1488
f 538/1006/1473 536/1017/1473 626/1016/1488
f 554/994/1475 538/1006/1473 626/1016/1488
f 554/994/1475 626/1016/1488 624/1018/1475
f 554/994/1475 624/1018/1475 622/1019/1473
f 554/994/1475 622/1019/1473 620/1020/1469
f 556/1021/1469 554/994/1475 620/1020/1469
f 556/1021/1469 620/1020/1469 618/1022/1470
f 558/1009/1484 556/1021/1469 618/1022/1470
f 558/1009/1484 618/1022/1470 616/1000/1480
f 558/1009/1484 616/1000/1480 580/999/1479
f 558/1009/1484 580/999/1479 578/1023/1465
f 564/1010/1485 558/1009/1484 578/1023/1465
f 566/1024/1489 564/1010/1485 578/1023/1465
f 566/1024/1489 578/1023/1465 576/1025/1483
f 568/1026/1490 566/1024/1489 576/1025/1483
f 568/1026/1490 576/1025/1483 574/1027/1483
f 570/1028/1489 568/1026/1490 574/1027/1483
f 570/1028/1489 574/1027/1483 572/1029/1491
f 587/977/1492 589/976/1493 585/978/1492
f 585/978/1492 589/976/1493 583/979/1494
f 601/981/1495 603/980/1495 599/982/1496
f 603/980/1495 605/983/1497 599/982/1496
f 605/983/1497 607/984/1498 599/982/1496
f 599/982/1496 607/984/1498 597/985/1499
f 607/984/1498 609/986/1500 597/985/1499
f 597/985/1499 609/986/1500 595/987/1501
f 609/986/1500 611/988/1502 595/987/1501
f 611/988/1502 613/989/1503 595/987/1501
f 595/987/1501 613/989/1503 593/990/1504
f 549/992/1499 551/991/1505 547/993/1506
f 551/991/1505 553/994/1506 547/993/1506
f 547/993/1506 553/994/1506 545/995/1505
f 545/995/1505 553/994/1506 543/996/1507
f 583/979/1494 589/976/1493 581/997/1508
f 589/976/1493 591/998/1509 581/997/1508
f 581/997/1508 591/998/1509 579/999/1510
f 593/990/1504 613/989/1503 591/998/1509
f 613/989/1503 615/1000/1511 591/998/1509
f 591/998/1509 615/1000/1511 579/999/1510
f 526/1002/1505 524/1001/1507 629/1003/1499
f 541/1004/1512 543/996/1507 539/1005/1513
f 543/996/1507 553/994/1506 539/1005/1513
f 539/1005/1513 553/994/1506 537/1006/1514
f 559/1008/1515 561/1007/1516 557/1009/1517
f 561/1007/1516 563/1010/1518 557/1009/1517
f 524/1001/1507 527/1011/1519 629/1003/1499
f 527/1011/1519 529/1012/1507 629/1003/1499
f 529/1012/1507 531/1013/1499 629/1003/1499
f 531/1013/1499 533/1014/1520 629/1003/1499
f 629/1003/1499 533/1014/1520 627/1015/1507
f 627/1015/1507 533/1014/1520 625/1016/1521
f 533/1014/1520 535/1017/1507 625/1016/1521
f 535/1017/1507 537/1006/1514 625/1016/1521
f 537/1006/1514 553/994/1506 625/1016/1521
f 625/1016/1521 553/994/1506 623/1018/1506
f 623/1018/1506 553/994/1506 621/1019/1500
f 621/1019/1500 553/994/1506 619/1020/1506
f 553/994/1506 555/1021/1498 619/1020/1506
f 619/1020/1506 555/1021/1498 617/1022/1498
f 555/1021/1498 557/1009/1517 617/1022/1498
f 617/1022/1498 557/1009/1517 615/1000/1511
f 615/1000/1511 557/1009/1517 579/999/1510
f 579/999/1510 557/1009/1517 577/1023/1522
f 557/1009/1517 563/1010/1518 577/1023/1522
f 563/1010/1518 565/1024/1498 577/1023/1522
f 577/1023/1522 565/1024/1498 575/1025/1495
f 565/1024/1498 567/1026/1523 575/1025/1495
f 575/1025/1495 567/1026/1523 573/1027/1524
f 567/1026/1523 569/1028/1525 573/1027/1524
f 573/1027/1524 569/1028/1525 571/1029/1518
