# Blender 4.3.2
# www.blender.org
mtllib 兽3.mtl
o Obj3d66_17342430_40_666.004
v 1778.875000 1012.170288 -28449.207031
v 1783.772461 1013.403076 -28452.876953
v 1779.074707 1013.334839 -28448.978516
v 1783.572510 1012.238586 -28453.107422
v 1784.838623 1012.350464 -28451.554688
v 1780.140137 1012.283447 -28447.654297
v 1785.124756 1010.855042 -28451.181641
v 1780.425293 1010.788635 -28447.281250
v 1786.479004 1009.229980 -28449.496094
v 1781.778564 1009.164978 -28445.595703
v 1786.219971 1007.525269 -28449.789062
v 1781.519287 1007.460144 -28445.888672
v 1787.370850 1006.868835 -28448.367188
v 1782.669434 1006.805176 -28444.466797
v 1787.147949 1006.227478 -28448.632812
v 1782.446289 1006.163452 -28444.732422
v 1788.389893 1005.025940 -28447.089844
v 1783.687256 1004.963379 -28443.189453
v 1788.171875 1004.315735 -28447.347656
v 1783.469238 1004.252991 -28443.447266
v 1788.792725 1001.730652 -28446.548828
v 1784.089600 1001.668884 -28442.648438
v 1789.542969 1001.267090 -28445.621094
v 1784.838867 1001.205994 -28441.722656
v 1789.307617 1000.839844 -28445.904297
v 1784.604004 1000.778564 -28442.003906
v 1790.985840 999.151489 -28443.822266
v 1786.280518 999.092041 -28439.921875
v 1790.808594 998.610046 -28444.031250
v 1786.103760 998.550476 -28440.130859
v 1791.220703 997.595642 -28443.509766
v 1786.515381 997.536682 -28439.611328
v 1792.921875 998.426086 -28441.435547
v 1788.215088 998.368652 -28437.535156
v 1793.178467 995.264954 -28441.076172
v 1788.471191 995.208069 -28437.175781
v 1792.548828 994.459534 -28441.835938
v 1787.841797 994.402283 -28437.935547
v 1793.012207 993.243835 -28441.250000
v 1788.305176 993.186951 -28437.351562
v 1792.677246 992.194092 -28441.646484
v 1787.970459 992.137146 -28437.746094
v 1788.439941 990.735840 -28446.822266
v 1783.737061 990.674683 -28442.921875
v 1787.053955 994.810852 -28448.582031
v 1782.352539 994.747986 -28444.681641
v 1786.336182 995.455383 -28449.470703
v 1781.635254 995.391541 -28445.572266
v 1787.693359 990.597290 -28447.736328
v 1782.990967 990.535339 -28443.835938
v 1785.670898 989.772339 -28450.205078
v 1780.970703 989.708435 -28446.306641
v 1783.753906 997.567139 -28452.671875
v 1779.056152 997.500549 -28448.773438
v 1783.814453 999.894348 -28452.630859
v 1779.116455 999.827576 -28448.732422
v 1784.756836 1002.477356 -28451.511719
v 1780.057861 1002.411194 -28447.613281
v 1784.046387 1004.576172 -28452.414062
v 1779.348145 1004.509094 -28448.515625
v 1782.925537 1005.315552 -28453.800781
v 1778.228760 1005.247375 -28449.902344
v 1782.524414 1004.379883 -28454.279297
v 1777.827881 1004.311279 -28450.380859
v 1780.516602 1007.861938 -28456.794922
v 1775.822510 1007.790894 -28452.896484
v 1780.691406 1009.107849 -28456.597656
v 1775.997559 1009.036743 -28452.699219
v 1781.182129 1009.345886 -28456.000000
v 1776.487061 1009.275269 -28452.101562
v 1781.358643 1010.014038 -28455.792969
v 1776.664062 1009.943542 -28451.892578
v 1782.343506 1010.442749 -28454.589844
v 1777.647461 1010.373352 -28450.689453
v 1783.076416 1012.723389 -28453.722656
v 1778.379639 1012.654480 -28449.822266
v 1758.438965 1004.070190 -28472.867188
v 1763.534668 1004.425842 -28475.781250
v 1759.086426 1004.331787 -28472.074219
v 1762.885986 1004.164978 -28476.574219
v 1763.849365 1005.473389 -28475.408203
v 1759.400391 1005.379578 -28471.701172
v 1764.604004 1005.503052 -28474.482422
v 1760.154297 1005.409973 -28470.773438
v 1764.421631 1005.943359 -28474.710938
v 1759.972168 1005.849976 -28471.003906
v 1765.458008 1006.332336 -28473.443359
v 1761.006592 1006.239990 -28469.734375
v 1765.708252 1007.306091 -28473.148438
v 1761.256348 1007.213684 -28469.439453
v 1766.167480 1006.640686 -28472.576172
v 1761.715332 1006.548950 -28468.867188
v 1766.812988 1007.928894 -28471.798828
v 1762.359375 1007.837646 -28468.089844
v 1767.305908 1005.817078 -28471.169922
v 1762.851562 1005.726746 -28467.460938
v 1768.021484 1004.111877 -28470.273438
v 1763.566162 1004.022339 -28466.564453
v 1767.903320 1002.925842 -28470.406250
v 1763.448242 1002.836487 -28466.695312
v 1769.130371 1002.134644 -28468.890625
v 1764.672852 1002.046570 -28465.179688
v 1768.985352 1001.519043 -28469.062500
v 1764.528320 1001.430969 -28465.351562
v 1769.638916 1000.371338 -28468.248047
v 1765.181152 1000.283936 -28464.537109
v 1770.578613 999.564636 -28467.085938
v 1766.119141 999.478455 -28463.375000
v 1770.248291 998.820435 -28467.482422
v 1765.789551 998.733948 -28463.771484
v 1770.503662 997.167480 -28467.150391
v 1766.044189 997.081482 -28463.439453
v 1771.504395 996.934082 -28465.919922
v 1767.043701 996.849182 -28462.208984
v 1771.431152 995.993286 -28466.000000
v 1766.970215 995.908142 -28462.289062
v 1773.587891 994.183044 -28463.333984
v 1769.124512 994.100586 -28459.621094
v 1774.073242 992.987488 -28462.724609
v 1769.608887 992.905579 -28459.013672
v 1773.072754 993.207642 -28463.955078
v 1768.609619 993.124634 -28460.242188
v 1774.224121 990.990784 -28462.517578
v 1769.759521 990.909241 -28458.806641
v 1773.793457 990.594543 -28463.041016
v 1769.329346 990.512756 -28459.330078
v 1774.631348 988.257874 -28461.986328
v 1770.166504 988.177063 -28458.275391
v 1774.006348 988.138489 -28462.751953
v 1769.542236 988.057068 -28459.041016
v 1774.133545 987.177063 -28462.585938
v 1769.669189 987.095886 -28458.873047
v 1775.488037 986.769775 -28460.919922
v 1771.021729 986.689941 -28457.207031
v 1771.881348 985.832458 -28465.332031
v 1767.419678 985.749146 -28461.621094
v 1771.733887 986.544739 -28465.521484
v 1767.273193 986.461182 -28461.810547
v 1769.127441 991.530640 -28468.775391
v 1764.669922 991.444092 -28465.066406
v 1768.729248 990.361877 -28469.250000
v 1764.272949 990.274780 -28465.541016
v 1769.644287 986.070740 -28468.078125
v 1765.186035 985.985291 -28464.369141
v 1767.780762 985.491943 -28470.355469
v 1763.325684 985.404785 -28466.648438
v 1765.895996 993.756958 -28472.763672
v 1761.443848 993.666687 -28469.054688
v 1766.478027 997.812439 -28472.095703
v 1762.025391 997.722290 -28468.386719
v 1765.044922 1000.850159 -28473.888672
v 1760.594238 1000.758179 -28470.181641
v 1764.718750 999.066956 -28474.267578
v 1760.268555 998.974670 -28470.560547
v 1764.025879 1000.309082 -28475.132812
v 1759.576904 1000.215881 -28471.425781
v 1763.678711 1002.310364 -28475.580078
v 1759.230469 1002.216675 -28471.875000
v 1762.953613 1002.413940 -28476.472656
v 1758.506836 1002.319336 -28472.765625
v 1718.967773 993.720947 -28523.517578
v 1721.517578 993.075745 -28525.066406
v 1719.250000 993.003784 -28523.164062
v 1721.235107 993.793152 -28525.419922
v 1721.534912 991.260193 -28525.025391
v 1719.267090 991.188477 -28523.121094
v 1722.059570 989.759583 -28524.365234
v 1719.791016 989.688293 -28522.462891
v 1722.270996 986.719238 -28524.074219
v 1720.002441 986.648438 -28522.169922
v 1722.609863 986.837585 -28523.660156
v 1720.340332 986.766846 -28521.755859
v 1723.482910 989.882141 -28522.626953
v 1721.211670 989.811890 -28520.722656
v 1723.903809 991.077087 -28522.125000
v 1721.631836 991.006775 -28520.220703
v 1725.261963 990.350891 -28520.457031
v 1722.988281 990.281250 -28518.548828
v 1725.736572 985.679749 -28519.824219
v 1723.462402 985.611145 -28517.916016
v 1725.419434 984.973145 -28520.203125
v 1723.145752 984.904480 -28518.296875
v 1726.123535 980.146179 -28519.289062
v 1723.849121 980.078491 -28517.380859
v 1725.779785 979.386475 -28519.701172
v 1723.505371 979.318542 -28517.794922
v 1718.092041 978.643494 -28529.085938
v 1715.830811 978.571289 -28527.185547
v 1717.623535 980.575256 -28529.679688
v 1715.362793 980.502441 -28527.781250
v 1717.841309 983.844238 -28529.453125
v 1715.579834 983.771240 -28527.554688
v 1717.060059 983.191345 -28530.400391
v 1714.799805 983.117981 -28528.501953
v 1716.832520 984.606873 -28530.693359
v 1714.573242 984.533142 -28528.796875
v 1716.175781 984.618835 -28531.496094
v 1713.917480 984.544861 -28529.599609
v 1716.233398 985.456238 -28531.435547
v 1713.975098 985.382080 -28529.539062
v 1717.283203 986.645142 -28530.167969
v 1715.022949 986.571594 -28528.269531
v 1717.060059 987.212952 -28530.447266
v 1714.800049 987.138977 -28528.548828
v 1717.191406 987.776550 -28530.292969
v 1714.930908 987.702637 -28528.396484
v 1717.531982 987.961487 -28529.878906
v 1715.271240 987.887634 -28527.980469
v 1717.753906 988.618835 -28529.615234
v 1715.492432 988.545044 -28527.716797
v 1718.089844 988.159668 -28529.199219
v 1715.828125 988.086243 -28527.300781
v 1718.648926 987.766785 -28528.511719
v 1716.385742 987.693665 -28526.613281
v 1718.953369 986.807678 -28528.128906
v 1716.689941 986.735046 -28526.228516
v 1719.538086 986.806946 -28527.414062
v 1717.273926 986.734436 -28525.513672
v 1719.962891 988.259277 -28526.912109
v 1717.697754 988.186951 -28525.011719
v 1719.834473 989.012268 -28527.078125
v 1717.569580 988.939636 -28525.177734
v 1720.214600 990.813171 -28526.634766
v 1717.948975 990.740784 -28524.732422
v 1719.851807 991.039185 -28527.080078
v 1717.586914 990.966370 -28525.179688
v 1719.798340 991.601379 -28527.152344
v 1717.533447 991.528564 -28525.250000
v 1719.527344 992.183472 -28527.490234
v 1717.262695 992.110352 -28525.589844
v 1719.583984 993.035278 -28527.431641
v 1717.319336 992.962036 -28525.529297
v 1719.997559 994.084290 -28526.935547
v 1717.732666 994.011292 -28525.035156
v 1719.836426 994.478577 -28527.138672
v 1717.571289 994.405457 -28525.236328
v 1720.112793 994.899292 -28526.804688
v 1717.847656 994.826294 -28524.902344
v 1720.891113 994.870483 -28525.853516
v 1718.624512 994.797852 -28523.951172
v 1721.451172 994.446838 -28525.162109
v 1719.183838 994.374634 -28523.259766
v 1812.854736 1020.273682 -28410.394531
v 1818.598145 1020.691589 -28413.496094
v 1813.664062 1020.648193 -28409.410156
v 1817.788574 1020.317749 -28414.480469
v 1819.068604 1021.649841 -28412.933594
v 1814.134277 1021.606934 -28408.849609
v 1820.932129 1021.951660 -28410.660156
v 1815.998047 1021.910583 -28406.576172
v 1821.617676 1022.400085 -28409.830078
v 1816.683105 1022.359741 -28405.746094
v 1824.310303 1019.095642 -28406.494141
v 1819.375977 1019.058044 -28402.410156
v 1825.838623 1013.816650 -28404.550781
v 1820.903564 1013.780945 -28400.468750
v 1829.328613 1008.770569 -28400.218750
v 1824.393311 1008.738586 -28396.136719
v 1830.549805 1009.768372 -28398.744141
v 1825.614990 1009.737549 -28394.662109
v 1830.958496 1008.409241 -28398.224609
v 1826.023926 1008.378845 -28394.142578
v 1830.493164 1004.976379 -28398.742188
v 1825.558105 1004.945740 -28394.660156
v 1830.754883 1003.639465 -28398.404297
v 1825.819336 1003.609192 -28394.322266
v 1830.249512 1001.822266 -28398.992188
v 1825.314209 1001.791565 -28394.912109
v 1826.452637 1000.403870 -28403.605469
v 1821.516602 1000.369568 -28399.523438
v 1825.556152 1001.940369 -28404.722656
v 1820.620117 1001.905090 -28400.640625
v 1825.354004 1004.824158 -28405.011719
v 1820.418213 1004.788452 -28400.929688
v 1824.243164 1005.991577 -28406.384766
v 1819.307617 1005.954651 -28402.302734
v 1825.049561 1001.675781 -28405.337891
v 1820.113281 1001.640137 -28401.255859
v 1825.742432 1000.029358 -28404.466797
v 1820.806641 999.994385 -28400.384766
v 1823.445312 999.303162 -28407.261719
v 1818.509277 999.265991 -28403.179688
v 1823.016602 1001.484680 -28407.816406
v 1818.080811 1001.446838 -28403.734375
v 1820.974609 1008.689636 -28410.417969
v 1816.039062 1008.649475 -28406.333984
v 1821.798828 1011.983459 -28409.457031
v 1816.863525 1011.943787 -28405.375000
v 1821.918945 1014.772583 -28409.351562
v 1816.984131 1014.732849 -28405.267578
v 1820.743652 1016.545166 -28410.812500
v 1815.809082 1016.504150 -28406.728516
v 1819.983643 1015.650757 -28411.728516
v 1815.048828 1015.609070 -28407.644531
v 1819.172607 1017.224365 -28412.742188
v 1814.237793 1017.181885 -28408.658203
v 1818.081787 1018.549988 -28414.095703
v 1813.147461 1018.506287 -28410.011719
v 1794.810791 1017.081482 -28430.548828
v 1801.900391 1016.951538 -28432.654297
v 1796.588867 1016.878479 -28428.328125
v 1800.120850 1017.156555 -28434.875000
v 1802.270508 1017.926880 -28432.203125
v 1796.958984 1017.854187 -28427.876953
v 1802.764648 1017.066589 -28431.578125
v 1797.452637 1016.994385 -28427.251953
v 1803.429688 1017.288452 -28430.751953
v 1798.117432 1017.216980 -28426.425781
v 1803.696777 1016.060669 -28430.406250
v 1798.383789 1015.989685 -28426.080078
v 1803.217773 1015.731140 -28431.000000
v 1797.905273 1015.659790 -28426.673828
v 1804.579102 1013.369446 -28429.277344
v 1799.265625 1013.299683 -28424.951172
v 1806.337891 1008.605591 -28427.035156
v 1801.023438 1008.537842 -28422.708984
v 1808.371582 1006.574646 -28424.478516
v 1803.055908 1006.509460 -28420.154297
v 1810.871826 1002.053162 -28421.316406
v 1805.555176 1001.990845 -28416.992188
v 1811.481201 1003.697876 -28420.576172
v 1806.164551 1003.636047 -28416.251953
v 1812.381104 1002.191650 -28419.439453
v 1807.064209 1002.130981 -28415.115234
v 1813.203369 998.417053 -28418.375000
v 1807.885742 998.357483 -28414.050781
v 1805.926514 995.853638 -28427.408203
v 1800.611572 995.786743 -28423.083984
v 1806.020020 997.047668 -28427.304688
v 1800.705078 996.980652 -28422.980469
v 1804.874023 999.212646 -28428.755859
v 1799.559570 999.144348 -28424.431641
v 1805.527344 995.629456 -28427.902344
v 1800.212646 995.562073 -28423.578125
v 1804.281250 995.249451 -28429.451172
v 1798.967285 995.180786 -28425.126953
v 1803.078125 999.458191 -28430.996094
v 1797.764648 999.387939 -28426.673828
v 1801.965820 1002.223389 -28432.414062
v 1796.653564 1002.151550 -28428.089844
v 1801.806396 1004.936646 -28432.642578
v 1796.493896 1004.864563 -28428.318359
v 1802.312500 1007.439941 -28432.037109
v 1797.000244 1007.368042 -28427.712891
v 1801.743164 1009.706482 -28432.771484
v 1796.431396 1009.633789 -28428.447266
v 1800.209229 1011.294373 -28434.701172
v 1794.898682 1011.219849 -28430.376953
v 1798.951660 1012.017883 -28436.277344
v 1793.641846 1011.941956 -28431.953125
v 1798.213867 1013.455139 -28437.212891
v 1792.904541 1013.378235 -28432.888672
v 1798.223633 1015.171265 -28437.220703
v 1792.914795 1015.094177 -28432.894531
v 1799.494385 1015.686340 -28435.640625
v 1794.184570 1015.610779 -28431.314453
v 1746.046875 1004.263184 -28489.195312
v 1750.294434 1002.575684 -28490.371094
v 1747.122070 1002.492188 -28487.816406
v 1749.217773 1004.347534 -28491.750000
v 1751.210449 1001.767578 -28489.203125
v 1748.036865 1001.684692 -28486.646484
v 1751.733398 999.092163 -28488.523438
v 1748.559082 999.009888 -28485.966797
v 1752.793457 995.152039 -28487.152344
v 1749.617188 995.071045 -28484.595703
v 1755.559082 992.092957 -28483.623047
v 1752.379395 992.013977 -28481.062500
v 1756.587891 993.962341 -28482.326172
v 1753.406250 993.883972 -28479.767578
v 1756.859375 993.654846 -28481.980469
v 1753.677734 993.576538 -28479.419922
v 1757.280029 990.732483 -28481.429688
v 1754.097656 990.654846 -28478.869141
v 1756.956055 986.205078 -28481.812500
v 1753.774414 986.127686 -28479.253906
v 1757.062988 984.490479 -28481.666016
v 1753.881348 984.413269 -28479.107422
v 1752.468262 983.473389 -28487.492188
v 1749.293213 983.393494 -28484.935547
v 1753.292236 985.464233 -28486.458984
v 1750.115479 985.384644 -28483.902344
v 1753.742432 985.837463 -28485.890625
v 1750.564941 985.758057 -28483.333984
v 1752.837891 988.910461 -28487.056641
v 1749.661865 988.830078 -28484.500000
v 1751.208008 989.228455 -28489.128906
v 1748.034424 989.146851 -28486.572266
v 1751.137695 989.054382 -28489.216797
v 1747.964355 988.972839 -28486.660156
v 1751.098633 988.560181 -28489.263672
v 1747.925293 988.478638 -28486.707031
v 1751.083496 987.864563 -28489.277344
v 1747.910400 987.783142 -28486.722656
v 1751.085449 987.086548 -28489.269531
v 1747.912109 987.005249 -28486.714844
v 1751.096680 986.345093 -28489.251953
v 1747.923340 986.263855 -28486.695312
v 1751.109863 985.758850 -28489.230469
v 1747.936523 985.677734 -28486.675781
v 1751.118652 985.446777 -28489.216797
v 1747.945557 985.365540 -28486.662109
v 1751.118896 985.269836 -28489.216797
v 1747.945557 985.188843 -28486.660156
v 1751.112305 985.018494 -28489.222656
v 1747.938965 984.937439 -28486.667969
v 1751.100586 984.704834 -28489.236328
v 1747.927246 984.623840 -28486.679688
v 1751.084473 984.341553 -28489.253906
v 1747.911377 984.260559 -28486.699219
v 1751.064941 983.940979 -28489.275391
v 1747.892090 983.859985 -28486.720703
v 1751.043457 983.515564 -28489.300781
v 1747.870361 983.434692 -28486.746094
v 1751.020508 983.077637 -28489.326172
v 1747.847656 982.996765 -28486.771484
v 1748.990234 982.652161 -28491.898438
v 1745.820557 982.569946 -28489.345703
v 1749.858887 986.175537 -28490.820312
v 1746.687012 986.093689 -28488.267578
v 1749.669434 988.727478 -28491.078125
v 1746.498535 988.645081 -28488.523438
v 1748.722168 991.940735 -28492.300781
v 1745.552490 991.857239 -28489.746094
v 1749.609375 995.091736 -28491.195312
v 1746.438477 995.008545 -28488.638672
v 1748.975098 997.261780 -28492.013672
v 1745.804688 997.177979 -28489.458984
v 1748.216797 995.740662 -28492.966797
v 1745.047852 995.656494 -28490.412109
v 1747.260986 998.633545 -28494.197266
v 1744.093750 998.548279 -28491.644531
v 1746.822998 998.861145 -28494.753906
v 1743.656250 998.775635 -28492.203125
v 1746.668945 1000.098145 -28494.958984
v 1743.502441 1000.012390 -28492.406250
v 1746.742676 1001.229553 -28494.871094
v 1743.576172 1001.143677 -28492.318359
v 1747.082031 1001.460449 -28494.443359
v 1743.915039 1001.374878 -28491.888672
v 1747.485352 1001.068481 -28493.927734
v 1744.317139 1000.983093 -28491.375000
v 1747.633057 1002.008789 -28493.748047
v 1744.465088 1001.923340 -28491.193359
v 1748.193359 1002.290344 -28493.037109
v 1745.024414 1002.205444 -28490.482422
v 1748.630859 1005.060181 -28492.500000
v 1745.461182 1004.975159 -28489.945312
v 1734.315918 996.697388 -28503.992188
v 1736.330078 993.978882 -28507.179688
v 1733.566406 993.898560 -28504.906250
v 1737.081055 996.777466 -28506.265625
v 1736.902344 992.841187 -28506.457031
v 1734.137695 992.761353 -28504.185547
v 1737.140381 991.934753 -28506.154297
v 1734.375732 991.855286 -28503.880859
v 1737.701660 991.637451 -28505.451172
v 1734.936035 991.558289 -28503.177734
v 1737.525879 990.310547 -28505.660156
v 1734.760254 990.231445 -28503.386719
v 1738.100342 989.189575 -28504.935547
v 1735.333984 989.110962 -28502.662109
v 1738.653809 987.363647 -28504.232422
v 1735.886475 987.285583 -28501.957031
v 1738.397461 986.364746 -28504.542969
v 1735.630615 986.286743 -28502.269531
v 1738.859375 984.368652 -28503.951172
v 1736.092041 984.291077 -28501.677734
v 1741.296387 981.398865 -28500.892578
v 1738.525146 981.323181 -28498.617188
v 1737.850586 980.870178 -28505.179688
v 1735.084961 980.792480 -28502.906250
v 1736.350830 986.494263 -28507.093750
v 1733.587646 986.414856 -28504.820312
v 1735.553223 986.459656 -28508.085938
v 1732.791504 986.379761 -28505.814453
v 1735.523682 983.340881 -28508.097656
v 1732.761719 983.261353 -28505.826172
v 1735.163086 981.335083 -28508.529297
v 1732.401855 981.255676 -28506.259766
v 1736.440430 980.750244 -28506.935547
v 1733.677002 980.671570 -28504.664062
v 1731.641602 980.048035 -28512.900391
v 1728.886719 979.966553 -28510.632812
v 1733.952148 981.279175 -28510.035156
v 1731.192871 981.198853 -28507.767578
v 1734.593994 984.428162 -28509.263672
v 1731.833984 984.347839 -28506.992188
v 1734.000488 988.271484 -28510.035156
v 1731.240723 988.190247 -28507.763672
v 1734.714355 992.096252 -28509.175781
v 1731.953613 992.015137 -28506.906250
v 1734.137207 992.858948 -28509.902344
v 1731.377441 992.777344 -28507.630859
v 1733.873047 991.606750 -28510.220703
v 1731.113525 991.525146 -28507.951172
v 1733.093262 993.076538 -28511.203125
v 1730.335449 992.994141 -28508.933594
v 1732.660400 992.363342 -28511.736328
v 1729.903809 992.280884 -28509.466797
v 1732.306641 993.240356 -28512.183594
v 1729.550293 993.157593 -28509.916016
v 1732.808594 994.885193 -28511.572266
v 1730.051025 994.802551 -28509.302734
v 1732.761230 995.382263 -28511.634766
v 1730.003906 995.299438 -28509.367188
v 1733.096924 996.646362 -28511.228516
v 1730.338867 996.563538 -28508.958984
v 1733.754639 996.829041 -28510.410156
v 1730.995605 996.746765 -28508.140625
v 1734.071289 996.577576 -28510.013672
v 1731.311523 996.495483 -28507.744141
v 1734.335449 997.165649 -28509.689453
v 1731.575195 997.083740 -28507.419922
v 1734.735352 996.952393 -28509.189453
v 1731.974609 996.870667 -28506.917969
v 1735.543457 997.682739 -28508.189453
v 1732.781250 997.601440 -28505.917969
v 1735.677734 997.242188 -28508.017578
v 1732.915283 997.160950 -28505.746094
v 1736.894531 997.827148 -28506.505859
v 1734.129883 997.746887 -28504.232422
v 1872.217041 1066.065430 -28331.300781
v 1884.576904 1067.552002 -28335.707031
v 1875.211426 1067.654297 -28327.779297
v 1881.581787 1065.965088 -28339.230469
v 1887.585449 1066.224976 -28332.121094
v 1878.218506 1066.328857 -28324.191406
v 1889.196289 1063.321533 -28330.164062
v 1879.829346 1063.426025 -28322.236328
v 1889.818481 1059.201294 -28329.359375
v 1880.451172 1059.306030 -28321.431641
v 1887.840088 1051.056396 -28331.570312
v 1878.473145 1051.159790 -28323.640625
v 1888.438232 1044.991821 -28330.761719
v 1879.071411 1045.095215 -28322.832031
v 1885.944092 1037.086548 -28333.585938
v 1876.577881 1037.188232 -28325.658203
v 1887.269043 1034.665039 -28331.976562
v 1877.902832 1034.767334 -28324.046875
v 1888.010742 1035.909302 -28331.117188
v 1878.644531 1036.012085 -28323.189453
v 1889.806152 1034.637695 -28328.968750
v 1880.439209 1034.741455 -28321.041016
v 1891.819214 1030.577026 -28326.517578
v 1882.451660 1030.681641 -28318.589844
v 1893.758545 1023.754089 -28324.107422
v 1884.390625 1023.859436 -28316.179688
v 1897.008423 1014.247681 -28320.099609
v 1887.639404 1014.354248 -28312.171875
v 1871.286743 1002.501770 -28350.380859
v 1861.925537 1002.592346 -28342.451172
v 1867.253418 1015.447693 -28355.373047
v 1857.893799 1015.535034 -28347.443359
v 1862.943359 1019.353455 -28360.542969
v 1853.585449 1019.436890 -28352.613281
v 1857.725586 1019.450684 -28366.724609
v 1848.369629 1019.528564 -28358.792969
v 1857.468994 1018.235168 -28367.007812
v 1848.113281 1018.312744 -28359.076172
v 1855.988770 1018.211487 -28368.759766
v 1846.633301 1018.287476 -28360.828125
v 1855.303711 1019.566040 -28369.593750
v 1845.948730 1019.641357 -28361.662109
v 1850.882324 1022.712341 -28374.878906
v 1841.529297 1022.782288 -28366.947266
v 1850.741211 1026.582520 -28375.111328
v 1841.388184 1026.652466 -28367.177734
v 1850.213135 1029.187744 -28375.779297
v 1840.860596 1029.257080 -28367.845703
v 1850.693359 1031.144165 -28375.244141
v 1841.340332 1031.214233 -28367.310547
v 1852.605957 1031.169922 -28372.980469
v 1843.252197 1031.242310 -28365.046875
v 1854.436768 1030.806274 -28370.806641
v 1845.082031 1030.880859 -28362.875000
v 1856.061035 1031.352539 -28368.892578
v 1846.705322 1031.429077 -28360.960938
v 1856.233643 1035.088135 -28368.750000
v 1846.877930 1035.165039 -28360.818359
v 1851.259277 1038.606323 -28367.099609
v 1849.576172 1038.619995 -28365.671875
v 1851.583496 1045.720093 -28366.832031
v 1849.900391 1045.733765 -28365.406250
v 1852.389648 1048.833618 -28365.929688
v 1850.706543 1048.847656 -28364.501953
v 1853.590088 1051.453613 -28364.550781
v 1851.906738 1051.467773 -28363.125000
v 1852.263184 1045.637817 -28366.027344
v 1850.579834 1045.651611 -28364.599609
v 1852.707520 1040.524414 -28365.416016
v 1851.024170 1040.538452 -28363.988281
v 1856.232422 1042.450806 -28361.273438
v 1854.548828 1042.465576 -28359.845703
v 1857.531250 1046.411743 -28359.798828
v 1855.847900 1046.426636 -28358.373047
v 1857.040527 1051.124023 -28360.458984
v 1855.356934 1051.138916 -28359.031250
v 1854.562012 1055.031128 -28363.458984
v 1852.878662 1055.045654 -28362.033203
v 1849.393066 1054.269775 -28369.568359
v 1847.710205 1054.283203 -28368.140625
v 1850.488770 1055.825317 -28368.296875
v 1848.806152 1055.838989 -28366.869141
v 1854.045654 1056.511719 -28364.095703
v 1852.362305 1056.526123 -28362.667969
v 1856.703369 1054.596191 -28360.916016
v 1855.020020 1054.611084 -28359.488281
v 1858.729248 1050.623047 -28358.449219
v 1857.045898 1050.638062 -28357.023438
v 1858.875977 1046.502319 -28358.208984
v 1857.192139 1046.517456 -28356.781250
v 1856.976318 1040.528809 -28360.359375
v 1855.293213 1040.543457 -28358.931641
v 1860.651855 1037.900757 -28363.564453
v 1851.294434 1037.982422 -28355.634766
v 1862.271484 1038.092529 -28361.650391
v 1852.913330 1038.175781 -28353.718750
v 1865.788574 1040.322998 -28357.521484
v 1856.429199 1040.409790 -28349.589844
v 1867.844727 1046.387939 -28355.185547
v 1858.484619 1046.476929 -28347.255859
v 1869.993652 1048.626221 -28352.675781
v 1860.632812 1048.717163 -28344.746094
v 1873.207886 1050.512817 -28348.898438
v 1863.845947 1050.606445 -28340.968750
v 1875.463623 1056.783569 -28346.328125
v 1866.101074 1056.879150 -28338.398438
v 1881.723877 1061.138550 -28338.982422
v 1872.359009 1061.238770 -28331.052734
vn -0.6202 0.2526 -0.7427
vn -0.6202 0.2524 -0.7427
vn -0.6202 0.2525 -0.7427
vn 0.3287 0.8504 0.4107
vn 0.3288 0.8503 0.4109
vn 0.3288 0.8503 0.4108
vn 0.3291 0.8500 0.4114
vn 0.6067 0.2995 0.7363
vn 0.6069 0.2993 0.7363
vn 0.6069 0.2994 0.7363
vn 0.3768 0.7997 0.4675
vn 0.3770 0.7994 0.4677
vn 0.3766 0.7997 0.4677
vn 0.3770 0.7994 0.4678
vn 0.6242 -0.2240 0.7485
vn 0.6244 -0.2235 0.7485
vn 0.6242 -0.2239 0.7485
vn 0.6245 -0.2235 0.7484
vn 0.2079 0.9413 0.2658
vn 0.2077 0.9413 0.2662
vn 0.2075 0.9414 0.2659
vn 0.2078 0.9412 0.2663
vn 0.5658 -0.4747 0.6742
vn 0.5657 -0.4747 0.6742
vn 0.5658 -0.4746 0.6743
vn 0.3240 0.8552 0.4045
vn 0.3241 0.8551 0.4048
vn 0.3242 0.8550 0.4047
vn 0.3241 0.8550 0.4049
vn 0.5802 -0.4290 0.6923
vn 0.5800 -0.4292 0.6924
vn 0.5801 -0.4291 0.6923
vn 0.5917 0.3643 0.7191
vn 0.5918 0.3644 0.7191
vn 0.5918 0.3643 0.7191
vn 0.5914 0.3646 0.7192
vn 0.2239 0.9320 0.2849
vn 0.2238 0.9321 0.2847
vn 0.2239 0.9322 0.2845
vn 0.4893 -0.6514 0.5799
vn 0.4888 -0.6523 0.5794
vn 0.4888 -0.6522 0.5794
vn 0.3341 0.8458 0.4160
vn 0.3340 0.8457 0.4163
vn 0.3343 0.8456 0.4161
vn 0.3341 0.8457 0.4162
vn 0.5730 -0.4513 0.6841
vn 0.5727 -0.4517 0.6841
vn 0.5731 -0.4513 0.6841
vn 0.5300 0.5472 0.6479
vn 0.5300 0.5473 0.6477
vn 0.5299 0.5473 0.6478
vn 0.5301 0.5472 0.6477
vn -0.1961 0.9550 -0.2225
vn -0.1958 0.9552 -0.2220
vn -0.1957 0.9552 -0.2222
vn -0.1959 0.9552 -0.2219
vn 0.6308 0.1381 0.7635
vn 0.6311 0.1380 0.7634
vn 0.6310 0.1384 0.7633
vn 0.6309 0.1382 0.7634
vn 0.4093 -0.7745 0.4824
vn 0.4091 -0.7746 0.4822
vn 0.4090 -0.7747 0.4823
vn 0.4091 -0.7747 0.4822
vn 0.5399 0.5235 0.6591
vn 0.5399 0.5234 0.6593
vn 0.5399 0.5234 0.6592
vn 0.5398 0.5234 0.6593
vn 0.5754 -0.4424 0.6879
vn 0.5751 -0.4431 0.6877
vn 0.5753 -0.4426 0.6878
vn 0.1437 -0.9769 0.1583
vn 0.1435 -0.9769 0.1583
vn 0.1434 -0.9769 0.1582
vn 0.1429 -0.9770 0.1582
vn -0.5559 -0.4816 -0.6776
vn -0.5557 -0.4817 -0.6776
vn -0.5557 -0.4816 -0.6776
vn -0.5556 -0.4817 -0.6777
vn -0.3061 -0.8715 -0.3832
vn -0.3065 -0.8712 -0.3836
vn -0.3062 -0.8714 -0.3833
vn 0.5782 0.4129 0.7037
vn 0.5781 0.4129 0.7038
vn 0.5779 0.4128 0.7040
vn 0.1678 -0.9680 0.1866
vn 0.1676 -0.9681 0.1865
vn 0.1677 -0.9680 0.1866
vn 0.1671 -0.9682 0.1864
vn -0.5898 -0.3718 -0.7169
vn -0.5898 -0.3718 -0.7168
vn -0.6387 0.0301 -0.7689
vn -0.6387 0.0302 -0.7689
vn -0.5598 0.4927 -0.6663
vn -0.5600 0.4927 -0.6661
vn -0.5601 0.4926 -0.6661
vn -0.5599 0.4928 -0.6661
vn -0.5561 -0.4800 -0.6785
vn -0.5560 -0.4800 -0.6786
vn -0.2366 -0.9238 -0.3010
vn -0.2369 -0.9236 -0.3013
vn -0.2366 -0.9238 -0.3011
vn -0.2366 -0.9237 -0.3012
vn 0.5360 -0.5550 0.6361
vn 0.5359 -0.5551 0.6362
vn 0.5362 -0.5548 0.6361
vn 0.5362 -0.5551 0.6359
vn -0.4631 -0.6788 -0.5699
vn -0.4632 -0.6788 -0.5698
vn -0.4633 -0.6787 -0.5698
vn -0.6267 0.2070 -0.7513
vn -0.6268 0.2069 -0.7512
vn -0.6269 0.2069 -0.7512
vn -0.1967 0.9556 -0.2196
vn -0.1962 0.9558 -0.2189
vn -0.1968 0.9556 -0.2196
vn -0.1964 0.9558 -0.2190
vn -0.5949 0.3778 -0.7095
vn -0.5949 0.3773 -0.7097
vn -0.5949 0.3777 -0.7095
vn -0.5950 0.3773 -0.7097
vn -0.1787 0.9638 -0.1981
vn -0.1784 0.9639 -0.1975
vn -0.1789 0.9638 -0.1979
vn -0.1783 0.9640 -0.1974
vn -0.5757 0.4455 -0.6856
vn -0.5757 0.4456 -0.6855
vn -0.5757 0.4456 -0.6856
vn -0.5757 0.4457 -0.6855
vn 0.3267 0.8524 0.4082
vn 0.3264 0.8525 0.4082
vn 0.3267 0.8525 0.4082
vn -0.7754 0.0091 0.6314
vn -0.7755 0.0091 0.6313
vn -0.7752 0.0092 0.6316
vn -0.7757 0.0091 0.6311
vn -0.7757 0.0090 0.6310
vn -0.7757 0.0092 0.6310
vn -0.7758 0.0092 0.6309
vn -0.7758 0.0091 0.6310
vn -0.7753 0.0092 0.6316
vn -0.7754 0.0092 0.6314
vn -0.7753 0.0091 0.6315
vn -0.7756 0.0093 0.6312
vn -0.7755 0.0094 0.6313
vn -0.7755 0.0088 0.6312
vn -0.7755 0.0092 0.6313
vn -0.7756 0.0092 0.6312
vn -0.7756 0.0089 0.6311
vn -0.7756 0.0091 0.6311
vn -0.7755 0.0092 0.6312
vn -0.7754 0.0092 0.6313
vn -0.7753 0.0093 0.6315
vn -0.7753 0.0089 0.6316
vn -0.7756 0.0092 0.6311
vn -0.7756 0.0091 0.6312
vn -0.7758 0.0090 0.6309
vn -0.7758 0.0094 0.6309
vn 0.7752 -0.0086 -0.6316
vn 0.7752 -0.0090 -0.6317
vn 0.7752 -0.0091 -0.6316
vn 0.7753 -0.0090 -0.6315
vn 0.7752 -0.0091 -0.6317
vn 0.7755 -0.0089 -0.6313
vn 0.7753 -0.0092 -0.6316
vn 0.7753 -0.0091 -0.6315
vn 0.7753 -0.0091 -0.6316
vn 0.7751 -0.0089 -0.6318
vn 0.7749 -0.0092 -0.6321
vn 0.7751 -0.0092 -0.6318
vn 0.7751 -0.0090 -0.6317
vn 0.7751 -0.0092 -0.6317
vn 0.7749 -0.0091 -0.6320
vn 0.7752 -0.0092 -0.6316
vn 0.7753 -0.0092 -0.6315
vn 0.7750 -0.0093 -0.6319
vn 0.7752 -0.0094 -0.6317
vn 0.7751 -0.0090 -0.6318
vn 0.7748 -0.0088 -0.6322
vn 0.7749 -0.0089 -0.6320
vn 0.7751 -0.0093 -0.6318
vn 0.7750 -0.0092 -0.6319
vn 0.7753 -0.0095 -0.6316
vn -0.1707 0.9687 -0.1803
vn -0.1705 0.9688 -0.1797
vn -0.1707 0.9687 -0.1802
vn -0.1703 0.9689 -0.1794
vn -0.5856 0.4226 -0.6918
vn -0.5854 0.4229 -0.6917
vn -0.5855 0.4227 -0.6918
vn -0.5854 0.4228 -0.6918
vn -0.0287 0.9995 -0.0093
vn -0.0285 0.9996 -0.0089
vn -0.0284 0.9996 -0.0089
vn -0.5263 -0.5535 -0.6455
vn -0.5265 -0.5532 -0.6455
vn -0.5263 -0.5534 -0.6456
vn -0.1603 0.9726 -0.1684
vn -0.1602 0.9727 -0.1677
vn -0.1604 0.9726 -0.1682
vn -0.1603 0.9727 -0.1676
vn -0.5992 0.3700 -0.7100
vn -0.5993 0.3698 -0.7100
vn -0.5993 0.3697 -0.7100
vn 0.4208 0.7410 0.5233
vn 0.4212 0.7405 0.5237
vn 0.4210 0.7407 0.5236
vn 0.4213 0.7405 0.5237
vn -0.5112 0.6169 -0.5984
vn -0.5111 0.6171 -0.5982
vn -0.5113 0.6167 -0.5986
vn -0.5111 0.6172 -0.5982
vn 0.5943 0.3536 0.7223
vn 0.5944 0.3537 0.7222
vn 0.5945 0.3536 0.7221
vn 0.5241 0.5585 0.6430
vn 0.5242 0.5584 0.6430
vn 0.5242 0.5583 0.6430
vn 0.5242 0.5581 0.6433
vn 0.6347 -0.1473 0.7586
vn 0.6347 -0.1480 0.7585
vn 0.6346 -0.1470 0.7587
vn 0.6347 -0.1475 0.7586
vn 0.2295 0.9267 0.2977
vn 0.2296 0.9266 0.2978
vn 0.2295 0.9266 0.2978
vn 0.2298 0.9265 0.2979
vn 0.6053 -0.3418 0.7189
vn 0.6051 -0.3423 0.7188
vn 0.6051 -0.3425 0.7187
vn 0.4652 0.6733 0.5747
vn 0.4653 0.6730 0.5749
vn 0.4652 0.6734 0.5746
vn 0.2933 0.8802 0.3731
vn 0.2937 0.8799 0.3735
vn 0.2933 0.8802 0.3732
vn 0.2934 0.8800 0.3735
vn 0.5323 -0.5694 0.6265
vn 0.5321 -0.5698 0.6262
vn 0.5324 -0.5694 0.6264
vn 0.5321 -0.5699 0.6262
vn 0.6172 0.2453 0.7476
vn 0.6172 0.2455 0.7475
vn 0.6173 0.2450 0.7476
vn 0.6172 0.2456 0.7475
vn 0.0814 0.9894 0.1206
vn 0.0817 0.9893 0.1211
vn 0.0815 0.9893 0.1207
vn 0.0818 0.9893 0.1212
vn 0.6368 -0.1146 0.7624
vn 0.6367 -0.1141 0.7626
vn 0.6368 -0.1146 0.7625
vn 0.2885 0.8845 0.3665
vn 0.2886 0.8844 0.3668
vn 0.2887 0.8844 0.3667
vn 0.2884 0.8843 0.3671
vn 0.5300 0.5453 0.6494
vn 0.5299 0.5454 0.6494
vn 0.5300 0.5457 0.6491
vn -0.0766 -0.9905 -0.1143
vn -0.0769 -0.9904 -0.1145
vn -0.0767 -0.9905 -0.1144
vn -0.0770 -0.9904 -0.1145
vn 0.4848 0.6390 0.5971
vn 0.4849 0.6390 0.5972
vn 0.4848 0.6389 0.5973
vn 0.4849 0.6390 0.5971
vn 0.3322 -0.8630 0.3807
vn 0.3320 -0.8632 0.3803
vn 0.3323 -0.8631 0.3804
vn 0.5485 0.4994 0.6707
vn 0.5484 0.4994 0.6707
vn 0.5483 0.4995 0.6708
vn 0.0878 -0.9926 0.0840
vn 0.0875 -0.9927 0.0835
vn 0.0874 -0.9927 0.0835
vn 0.6223 0.2131 0.7532
vn 0.6223 0.2129 0.7533
vn 0.1084 0.9825 0.1514
vn 0.1085 0.9824 0.1518
vn 0.1084 0.9825 0.1515
vn 0.1085 0.9824 0.1519
vn 0.1152 -0.9865 0.1163
vn 0.1147 -0.9866 0.1163
vn 0.1142 -0.9866 0.1162
vn -0.6028 -0.3178 -0.7319
vn -0.6026 -0.3184 -0.7318
vn -0.6028 -0.3177 -0.7319
vn -0.6026 -0.3185 -0.7317
vn -0.4836 -0.6415 -0.5955
vn -0.4834 -0.6415 -0.5956
vn -0.4834 -0.6416 -0.5956
vn -0.4835 -0.6415 -0.5956
vn 0.5705 -0.4678 0.6751
vn 0.5703 -0.4683 0.6749
vn 0.5704 -0.4679 0.6750
vn 0.5702 -0.4684 0.6749
vn 0.6003 0.3273 0.7297
vn 0.6008 0.3272 0.7294
vn 0.6006 0.3272 0.7295
vn 0.1353 -0.9809 0.1394
vn 0.1347 -0.9810 0.1393
vn 0.1350 -0.9810 0.1394
vn 0.1345 -0.9811 0.1392
vn -0.5960 -0.3468 -0.7242
vn -0.5961 -0.3468 -0.7241
vn -0.5957 -0.3469 -0.7244
vn -0.5959 -0.3469 -0.7243
vn -0.6276 0.2133 -0.7487
vn -0.6280 0.2133 -0.7484
vn -0.6279 0.2133 -0.7485
vn -0.6277 0.2133 -0.7486
vn -0.5031 -0.6031 -0.6190
vn -0.5035 -0.6028 -0.6190
vn -0.5034 -0.6029 -0.6190
vn 0.6196 -0.2700 0.7370
vn 0.6195 -0.2704 0.7370
vn 0.6196 -0.2702 0.7370
vn 0.6195 -0.2705 0.7369
vn -0.4696 -0.6658 -0.5798
vn -0.4694 -0.6656 -0.5802
vn -0.4694 -0.6659 -0.5799
vn -0.4695 -0.6655 -0.5802
vn -0.6126 -0.2726 -0.7419
vn -0.6124 -0.2725 -0.7421
vn -0.6124 -0.2726 -0.7421
vn -0.6125 -0.2726 -0.7420
vn -0.0444 -0.9959 -0.0786
vn -0.0449 -0.9959 -0.0790
vn -0.0444 -0.9959 -0.0787
vn -0.0450 -0.9958 -0.0795
vn -0.6378 -0.0700 -0.7670
vn -0.6378 -0.0699 -0.7670
vn -0.6378 -0.0698 -0.7670
vn -0.7755 0.0072 0.6313
vn -0.7757 0.0071 0.6311
vn -0.7757 0.0074 0.6311
vn -0.7756 0.0070 0.6312
vn -0.7758 0.0070 0.6310
vn -0.7758 0.0071 0.6309
vn -0.7758 0.0071 0.6310
vn -0.7756 0.0072 0.6311
vn -0.7755 0.0071 0.6314
vn -0.7755 0.0071 0.6313
vn -0.7758 0.0072 0.6309
vn -0.7759 0.0072 0.6308
vn -0.7759 0.0071 0.6308
vn -0.7755 0.0070 0.6312
vn -0.7757 0.0070 0.6311
vn -0.7756 0.0071 0.6312
vn -0.7755 0.0073 0.6313
vn -0.7754 0.0073 0.6315
vn -0.7755 0.0072 0.6312
vn -0.7754 0.0072 0.6314
vn -0.7756 0.0072 0.6312
vn -0.7756 0.0070 0.6311
vn -0.7757 0.0069 0.6311
vn -0.7757 0.0069 0.6310
vn -0.7757 0.0070 0.6310
vn -0.7756 0.0066 0.6312
vn -0.7759 0.0068 0.6308
vn 0.7750 -0.0073 -0.6319
vn 0.7750 -0.0071 -0.6319
vn 0.7749 -0.0070 -0.6321
vn 0.7750 -0.0069 -0.6319
vn 0.7749 -0.0071 -0.6320
vn 0.7751 -0.0070 -0.6318
vn 0.7752 -0.0072 -0.6317
vn 0.7752 -0.0071 -0.6317
vn 0.7749 -0.0072 -0.6320
vn 0.7750 -0.0072 -0.6320
vn 0.7750 -0.0072 -0.6319
vn 0.7751 -0.0072 -0.6318
vn 0.7752 -0.0075 -0.6317
vn 0.7752 -0.0073 -0.6317
vn 0.7747 -0.0069 -0.6323
vn 0.7751 -0.0073 -0.6318
vn 0.7752 -0.0070 -0.6317
vn 0.7750 -0.0073 -0.6320
vn 0.7749 -0.0073 -0.6321
vn 0.7749 -0.0074 -0.6321
vn 0.7753 -0.0072 -0.6316
vn 0.7751 -0.0071 -0.6318
vn 0.7752 -0.0073 -0.6316
vn 0.7752 -0.0074 -0.6316
vn 0.5337 0.5334 0.6562
vn 0.5337 0.5333 0.6563
vn 0.5336 0.5335 0.6562
vn 0.6422 0.0235 0.7662
vn 0.6423 0.0237 0.7661
vn 0.6424 0.0239 0.7660
vn 0.6421 0.0237 0.7662
vn 0.5514 0.4894 0.6756
vn 0.6362 0.1177 0.7625
vn 0.6361 0.1175 0.7626
vn 0.6360 0.1175 0.7627
vn -0.1573 0.9759 -0.1513
vn -0.1570 0.9760 -0.1507
vn -0.1573 0.9759 -0.1512
vn -0.1570 0.9760 -0.1510
vn -0.5947 0.4059 -0.6940
vn -0.5947 0.4060 -0.6939
vn -0.5947 0.4061 -0.6938
vn -0.5724 0.4803 -0.6646
vn -0.5719 0.4807 -0.6647
vn -0.5722 0.4805 -0.6647
vn -0.5722 0.4806 -0.6645
vn 0.1881 0.9475 0.2587
vn 0.1880 0.9474 0.2590
vn 0.1884 0.9474 0.2589
vn 0.1879 0.9473 0.2594
vn 0.6306 0.1667 0.7580
vn 0.6308 0.1667 0.7578
vn 0.6307 0.1668 0.7579
vn 0.5367 -0.5738 0.6186
vn 0.5363 -0.5739 0.6189
vn 0.5363 -0.5738 0.6190
vn 0.5363 -0.5738 0.6189
vn 0.6208 0.2325 0.7487
vn 0.6207 0.2325 0.7488
vn 0.6205 0.2324 0.7489
vn 0.5347 -0.5771 0.6173
vn 0.5348 -0.5771 0.6172
vn 0.5349 -0.5770 0.6172
vn 0.0585 -0.9978 0.0316
vn 0.0580 -0.9978 0.0316
vn 0.0572 -0.9978 0.0323
vn 0.0570 -0.9979 0.0324
vn -0.5917 -0.3650 -0.7187
vn -0.5917 -0.3652 -0.7187
vn -0.5917 -0.3651 -0.7188
vn -0.5918 -0.3650 -0.7187
vn -0.6418 0.0956 -0.7609
vn -0.6417 0.0957 -0.7610
vn -0.6417 0.0956 -0.7609
vn 0.3188 -0.8825 0.3458
vn 0.3188 -0.8825 0.3457
vn 0.3188 -0.8826 0.3456
vn -0.6172 -0.2540 -0.7447
vn -0.6172 -0.2538 -0.7448
vn -0.6174 -0.2538 -0.7446
vn -0.6173 -0.2538 -0.7447
vn 0.0123 -0.9996 -0.0245
vn 0.0119 -0.9996 -0.0246
vn 0.0122 -0.9996 -0.0245
vn 0.0118 -0.9996 -0.0246
vn -0.6419 0.0996 -0.7603
vn -0.6416 0.0992 -0.7606
vn -0.6417 0.0992 -0.7605
vn -0.3922 0.8102 -0.4356
vn -0.3921 0.8104 -0.4354
vn -0.3921 0.8103 -0.4355
vn -0.3920 0.8104 -0.4353
vn -0.5337 -0.5332 -0.6565
vn -0.5337 -0.5334 -0.6563
vn -0.5335 -0.5330 -0.6567
vn -0.5337 -0.5333 -0.6563
vn -0.6118 0.3369 -0.7156
vn -0.6118 0.3378 -0.7153
vn -0.6118 0.3371 -0.7156
vn -0.6116 0.3381 -0.7152
vn -0.2277 0.9451 -0.2343
vn -0.2278 0.9449 -0.2350
vn -0.2277 0.9451 -0.2344
vn -0.5786 0.4634 -0.6712
vn -0.5786 0.4637 -0.6710
vn -0.5786 0.4633 -0.6712
vn 0.4039 0.7590 0.5107
vn 0.4041 0.7588 0.5108
vn 0.4040 0.7590 0.5105
vn 0.4041 0.7588 0.5109
vn 0.2428 0.9141 0.3247
vn 0.2430 0.9141 0.3247
vn 0.2425 0.9141 0.3249
vn 0.2431 0.9141 0.3246
vn 0.5639 0.4549 0.6893
vn 0.5640 0.4546 0.6894
vn 0.5640 0.4547 0.6893
vn 0.5639 0.4546 0.6895
vn -0.0186 0.9997 0.0159
vn -0.0186 0.9997 0.0162
vn -0.0186 0.9997 0.0160
vn -0.0186 0.9997 0.0163
vn -0.5933 0.4124 -0.6913
vn -0.5934 0.4123 -0.6913
vn -0.5934 0.4125 -0.6912
vn -0.5933 0.4127 -0.6912
vn -0.6144 -0.2681 -0.7421
vn -0.6141 -0.2684 -0.7422
vn -0.6143 -0.2681 -0.7421
vn -0.6142 -0.2682 -0.7422
vn -0.6173 0.3086 -0.7236
vn -0.6171 0.3087 -0.7238
vn -0.6173 0.3087 -0.7236
vn -0.6171 0.3086 -0.7238
vn -0.2170 -0.9308 -0.2940
vn -0.2174 -0.9306 -0.2946
vn -0.2171 -0.9308 -0.2941
vn -0.2175 -0.9305 -0.2946
vn -0.6320 -0.1570 -0.7589
vn -0.6320 -0.1571 -0.7589
vn -0.5042 -0.5974 -0.6236
vn -0.5039 -0.5975 -0.6238
vn -0.5042 -0.5973 -0.6237
vn -0.5042 -0.5972 -0.6237
vn -0.6419 0.0960 -0.7608
vn -0.6418 0.0958 -0.7609
vn -0.6419 0.0959 -0.7608
vn -0.6417 0.0953 -0.7611
vn -0.5578 0.5233 -0.6443
vn -0.5577 0.5234 -0.6442
vn -0.5577 0.5233 -0.6443
vn -0.5577 0.5235 -0.6441
vn -0.5270 -0.5486 -0.6491
vn -0.5275 -0.5478 -0.6494
vn -0.5271 -0.5484 -0.6492
vn -0.5276 -0.5477 -0.6494
vn -0.4611 0.7176 -0.5220
vn -0.4614 0.7174 -0.5220
vn -0.4614 0.7172 -0.5222
vn -0.0042 0.9994 0.0333
vn -0.0041 0.9994 0.0335
vn -0.0041 0.9994 0.0334
vn -0.0040 0.9994 0.0336
vn 0.2593 0.9028 0.3432
vn 0.2594 0.9026 0.3436
vn 0.2594 0.9027 0.3433
vn 0.2594 0.9026 0.3434
vn 0.5801 -0.4573 0.6741
vn 0.5804 -0.4568 0.6741
vn 0.5803 -0.4571 0.6741
vn 0.5805 -0.4567 0.6742
vn -0.7748 0.0074 0.6322
vn -0.7745 0.0073 0.6326
vn -0.7745 0.0075 0.6325
vn -0.7747 0.0075 0.6323
vn -0.7746 0.0073 0.6324
vn -0.7748 0.0074 0.6321
vn -0.7746 0.0075 0.6324
vn -0.7748 0.0076 0.6321
vn -0.7748 0.0071 0.6321
vn -0.7748 0.0073 0.6322
vn -0.7750 0.0072 0.6320
vn -0.7747 0.0073 0.6323
vn -0.7747 0.0070 0.6323
vn -0.7750 0.0070 0.6319
vn -0.7750 0.0070 0.6320
vn -0.7748 0.0070 0.6321
vn -0.7749 0.0069 0.6320
vn -0.7747 0.0076 0.6323
vn -0.7749 0.0070 0.6321
vn -0.7749 0.0072 0.6321
vn -0.7750 0.0072 0.6319
vn -0.7749 0.0071 0.6321
vn -0.7747 0.0071 0.6322
vn -0.7751 0.0089 0.6317
vn -0.7749 0.0078 0.6321
vn -0.7747 0.0072 0.6323
vn -0.7745 0.0071 0.6325
vn -0.7747 0.0069 0.6324
vn -0.7747 0.0072 0.6322
vn -0.7747 0.0093 0.6323
vn -0.7746 0.0082 0.6323
vn -0.7746 0.0074 0.6324
vn -0.7748 0.0076 0.6322
vn -0.7747 0.0074 0.6323
vn 0.7737 -0.0075 -0.6335
vn 0.7735 -0.0075 -0.6338
vn 0.7738 -0.0074 -0.6334
vn 0.7739 -0.0076 -0.6333
vn 0.7738 -0.0075 -0.6334
vn 0.7736 -0.0075 -0.6336
vn 0.7738 -0.0076 -0.6334
vn 0.7742 -0.0072 -0.6329
vn 0.7741 -0.0071 -0.6330
vn 0.7741 -0.0072 -0.6330
vn 0.7739 -0.0071 -0.6333
vn 0.7742 -0.0071 -0.6329
vn 0.7741 -0.0070 -0.6331
vn 0.7741 -0.0070 -0.6330
vn 0.7741 -0.0069 -0.6330
vn 0.7740 -0.0071 -0.6331
vn 0.7740 -0.0069 -0.6331
vn 0.7743 -0.0071 -0.6328
vn 0.7741 -0.0069 -0.6331
vn 0.7742 -0.0085 -0.6329
vn 0.7738 -0.0071 -0.6334
vn 0.7740 -0.0072 -0.6331
vn 0.7740 -0.0071 -0.6332
vn 0.7742 -0.0069 -0.6330
vn 0.7741 -0.0075 -0.6330
vn 0.7740 -0.0073 -0.6332
vn 0.7743 -0.0072 -0.6327
vn 0.7737 -0.0072 -0.6335
vn 0.7739 -0.0096 -0.6332
vn 0.7739 -0.0107 -0.6332
vn 0.7738 -0.0074 -0.6333
vn 0.7737 -0.0071 -0.6335
vn -0.1848 0.9594 -0.2130
vn -0.1846 0.9595 -0.2126
vn -0.1847 0.9594 -0.2129
vn -0.5098 0.6070 -0.6096
vn -0.5099 0.6071 -0.6095
vn -0.5099 0.6070 -0.6096
vn -0.5099 0.6070 -0.6095
vn -0.0705 0.9947 -0.0751
vn -0.0704 0.9947 -0.0746
vn -0.0704 0.9947 -0.0749
vn -0.0703 0.9947 -0.0744
vn -0.2502 0.9228 -0.2931
vn -0.2496 0.9232 -0.2923
vn -0.2502 0.9228 -0.2930
vn -0.2498 0.9231 -0.2924
vn 0.3855 0.7923 0.4730
vn 0.3853 0.7922 0.4733
vn 0.3853 0.7922 0.4732
vn 0.3851 0.7921 0.4735
vn 0.5754 0.4239 0.6994
vn 0.5755 0.4240 0.6993
vn 0.5755 0.4239 0.6993
vn 0.5756 0.4240 0.6992
vn 0.4256 0.7407 0.5198
vn 0.4253 0.7407 0.5200
vn 0.4252 0.7407 0.5201
vn 0.4248 0.7408 0.5204
vn -0.2981 0.8866 -0.3536
vn -0.2979 0.8867 -0.3534
vn -0.2983 0.8866 -0.3536
vn -0.2978 0.8868 -0.3534
vn 0.5717 0.4371 0.6944
vn 0.5717 0.4368 0.6945
vn 0.5717 0.4370 0.6944
vn 0.5717 0.4372 0.6943
vn 0.6254 -0.1986 0.7546
vn 0.6257 -0.1985 0.7544
vn 0.6253 -0.1986 0.7547
vn 0.6254 -0.1985 0.7546
vn 0.6058 0.3048 0.7349
vn 0.6059 0.3047 0.7349
vn 0.5875 -0.3928 0.7075
vn 0.5873 -0.3930 0.7075
vn 0.5874 -0.3928 0.7076
vn 0.5874 -0.3930 0.7075
vn 0.1517 -0.9728 0.1751
vn 0.1511 -0.9729 0.1751
vn 0.1512 -0.9729 0.1751
vn 0.1506 -0.9729 0.1752
vn -0.4630 -0.6822 -0.5659
vn -0.4631 -0.6820 -0.5661
vn -0.4630 -0.6821 -0.5660
vn -0.4635 -0.6818 -0.5659
vn -0.6323 -0.1210 -0.7652
vn -0.6322 -0.1210 -0.7653
vn -0.6321 -0.1208 -0.7654
vn -0.6321 -0.1210 -0.7653
vn -0.3475 -0.8345 -0.4276
vn -0.3481 -0.8342 -0.4278
vn -0.3473 -0.8345 -0.4278
vn -0.3478 -0.8343 -0.4278
vn 0.6078 0.2927 0.7381
vn 0.6080 0.2927 0.7380
vn 0.6082 0.2926 0.7379
vn 0.5255 0.5602 0.6403
vn 0.5257 0.5600 0.6404
vn 0.5253 0.5603 0.6404
vn 0.5258 0.5599 0.6403
vn 0.1304 -0.9803 0.1484
vn 0.1297 -0.9804 0.1483
vn 0.1301 -0.9803 0.1484
vn 0.1294 -0.9804 0.1483
vn -0.6055 -0.3058 -0.7348
vn -0.6054 -0.3063 -0.7347
vn -0.6053 -0.3063 -0.7347
vn -0.5774 -0.4169 -0.7020
vn -0.5772 -0.4171 -0.7020
vn -0.5773 -0.4171 -0.7020
vn -0.5774 -0.4170 -0.7019
vn -0.5968 0.3586 -0.7178
vn -0.5969 0.3586 -0.7177
vn -0.5968 0.3585 -0.7179
vn -0.5968 0.3583 -0.7180
vn -0.6368 0.0570 -0.7689
vn -0.6366 0.0567 -0.7691
vn -0.6366 0.0570 -0.7691
vn -0.6367 0.0568 -0.7691
vn -0.4342 -0.7270 -0.5319
vn -0.4347 -0.7266 -0.5320
vn -0.4344 -0.7269 -0.5319
vn -0.4345 -0.7268 -0.5320
vn 0.3872 -0.7992 0.4597
vn 0.3870 -0.7994 0.4595
vn 0.3872 -0.7992 0.4598
vn 0.3869 -0.7994 0.4595
vn -0.4886 -0.6365 -0.5968
vn -0.4884 -0.6365 -0.5969
vn -0.4886 -0.6365 -0.5969
vn -0.3823 -0.7953 -0.4704
vn -0.3828 -0.7950 -0.4705
vn -0.3824 -0.7952 -0.4705
vn -0.3824 -0.7952 -0.4706
vn -0.6138 -0.2632 -0.7443
vn -0.6137 -0.2633 -0.7444
vn -0.6137 -0.2633 -0.7443
vn -0.6137 -0.2634 -0.7444
vn -0.7737 0.0093 0.6335
vn -0.7737 0.0092 0.6334
vn -0.7736 0.0093 0.6336
vn -0.7737 0.0092 0.6335
vn -0.7731 0.0094 0.6342
vn -0.7731 0.0095 0.6342
vn -0.7732 0.0093 0.6341
vn -0.7732 0.0091 0.6341
vn -0.7739 0.0092 0.6332
vn -0.7738 0.0091 0.6334
vn -0.7738 0.0092 0.6334
vn -0.7741 0.0091 0.6330
vn -0.7741 0.0093 0.6330
vn -0.7743 0.0091 0.6328
vn -0.7735 0.0092 0.6337
vn -0.7734 0.0095 0.6338
vn -0.7735 0.0096 0.6338
vn -0.7735 0.0093 0.6337
vn -0.7734 0.0091 0.6338
vn -0.7736 0.0092 0.6337
vn -0.7738 0.0092 0.6333
vn -0.7734 0.0092 0.6339
vn -0.7739 0.0094 0.6332
vn 0.7737 -0.0096 -0.6334
vn 0.7737 -0.0093 -0.6335
vn 0.7737 -0.0094 -0.6334
vn 0.7737 -0.0092 -0.6335
vn 0.7738 -0.0091 -0.6334
vn 0.7733 -0.0093 -0.6340
vn 0.7733 -0.0093 -0.6339
vn 0.7732 -0.0093 -0.6342
vn 0.7735 -0.0092 -0.6338
vn 0.7738 -0.0093 -0.6333
vn 0.7740 -0.0092 -0.6331
vn 0.7739 -0.0091 -0.6332
vn 0.7741 -0.0090 -0.6331
vn 0.7740 -0.0091 -0.6331
vn 0.7741 -0.0091 -0.6330
vn 0.7734 -0.0096 -0.6339
vn 0.7736 -0.0094 -0.6336
vn 0.7734 -0.0093 -0.6338
vn 0.7736 -0.0092 -0.6336
vn 0.7732 -0.0094 -0.6341
vn 0.7738 -0.0093 -0.6334
vn 0.7737 -0.0092 -0.6334
vn 0.7738 -0.0091 -0.6333
vn 0.7739 -0.0092 -0.6332
vn 0.7740 -0.0094 -0.6332
vn 0.0367 0.9974 0.0619
vn 0.0368 0.9974 0.0624
vn 0.0367 0.9974 0.0621
vn 0.0369 0.9974 0.0625
vn -0.5461 0.5135 -0.6619
vn -0.5463 0.5134 -0.6618
vn 0.4574 0.6797 0.5734
vn 0.4578 0.6794 0.5734
vn 0.4575 0.6797 0.5734
vn -0.1376 0.9786 -0.1528
vn -0.1375 0.9787 -0.1526
vn -0.1373 0.9788 -0.1522
vn 0.5922 0.3349 0.7329
vn 0.5921 0.3352 0.7328
vn 0.5922 0.3350 0.7329
vn 0.5922 0.3352 0.7328
vn 0.2582 -0.9178 0.3017
vn 0.2578 -0.9179 0.3016
vn 0.2581 -0.9178 0.3017
vn 0.4571 0.6810 0.5722
vn 0.4569 0.6809 0.5724
vn 0.4570 0.6809 0.5722
vn 0.4571 0.6807 0.5725
vn 0.5376 0.5135 0.6688
vn 0.5377 0.5134 0.6688
vn 0.5376 0.5134 0.6688
vn 0.3266 0.8494 0.4145
vn 0.3268 0.8493 0.4146
vn 0.3267 0.8493 0.4146
vn 0.3269 0.8492 0.4147
vn 0.4659 0.6658 0.5828
vn 0.4660 0.6656 0.5829
vn 0.4662 0.6654 0.5830
vn -0.5485 0.5038 -0.6673
vn -0.5487 0.5038 -0.6672
vn -0.5488 0.5035 -0.6673
vn -0.5486 0.5038 -0.6672
vn 0.4498 0.6936 0.5628
vn 0.4497 0.6935 0.5628
vn 0.4496 0.6937 0.5627
vn 0.4498 0.6935 0.5629
vn 0.5921 0.3355 0.7327
vn 0.5919 0.3356 0.7328
vn 0.5923 0.3355 0.7325
vn 0.1442 -0.9762 0.1619
vn 0.1437 -0.9763 0.1619
vn 0.1432 -0.9763 0.1620
vn 0.1427 -0.9764 0.1621
vn -0.6279 0.1158 -0.7696
vn -0.6275 0.1159 -0.7699
vn -0.6279 0.1159 -0.7697
vn -0.4745 -0.6497 -0.5939
vn -0.4751 -0.6494 -0.5938
vn -0.4747 -0.6496 -0.5939
vn -0.4748 -0.6495 -0.5938
vn 0.6023 0.2872 0.7448
vn 0.6021 0.2873 0.7450
vn 0.6025 0.2872 0.7447
vn 0.6021 0.2873 0.7449
vn 0.1266 -0.9820 0.1399
vn 0.1260 -0.9822 0.1396
vn 0.1265 -0.9821 0.1398
vn 0.1259 -0.9822 0.1395
vn -0.5691 -0.4217 -0.7059
vn -0.5688 -0.4220 -0.7060
vn -0.5687 -0.4219 -0.7061
vn -0.5243 -0.5458 -0.6536
vn -0.5245 -0.5459 -0.6534
vn -0.5244 -0.5458 -0.6535
vn -0.5248 -0.5458 -0.6532
vn -0.6273 -0.1019 -0.7721
vn -0.6272 -0.1020 -0.7721
vn -0.6272 -0.1019 -0.7722
vn -0.6045 0.3003 -0.7378
vn -0.6046 0.3006 -0.7377
vn -0.6047 0.3006 -0.7376
vn -0.6045 0.3006 -0.7377
vn -0.5810 -0.3792 -0.7201
vn -0.5810 -0.3793 -0.7201
vn -0.5812 -0.3792 -0.7200
vn -0.5811 -0.3792 -0.7201
vn -0.3344 -0.8409 -0.4255
vn -0.3348 -0.8407 -0.4255
vn -0.3345 -0.8409 -0.4255
vn -0.3349 -0.8407 -0.4256
vn -0.2048 -0.9414 -0.2679
vn -0.2054 -0.9412 -0.2682
vn -0.2048 -0.9414 -0.2680
vn -0.4806 -0.6383 -0.6013
vn -0.4806 -0.6384 -0.6013
vn -0.4807 -0.6383 -0.6012
vn -0.4810 -0.6381 -0.6013
vn -0.6316 0.0011 -0.7753
vn -0.6316 0.0010 -0.7753
vn -0.6316 0.0009 -0.7753
vn -0.6316 0.0008 -0.7753
vn -0.1644 0.9689 -0.1847
vn -0.1639 0.9691 -0.1842
vn -0.1643 0.9690 -0.1846
vn -0.1642 0.9691 -0.1841
vn -0.5289 0.5580 -0.6395
vn -0.5290 0.5582 -0.6393
vn -0.5290 0.5579 -0.6395
vn -0.5291 0.5582 -0.6392
vn -0.7799 0.0068 0.6259
vn -0.7798 0.0068 0.6260
vn -0.7796 0.0068 0.6262
vn -0.7802 0.0067 0.6255
vn -0.7802 0.0066 0.6255
vn -0.7797 0.0068 0.6261
vn -0.7796 0.0070 0.6262
vn -0.7798 0.0064 0.6260
vn -0.7801 0.0068 0.6256
vn -0.7800 0.0067 0.6257
vn -0.7802 0.0068 0.6255
vn -0.7802 0.0069 0.6254
vn -0.7801 0.0067 0.6256
vn -0.7801 0.0066 0.6256
vn -0.7804 0.0068 0.6252
vn -0.7803 0.0067 0.6254
vn -0.7804 0.0067 0.6252
vn -0.7805 0.0067 0.6252
vn 0.7797 -0.0067 -0.6261
vn 0.7798 -0.0067 -0.6260
vn 0.7799 -0.0067 -0.6259
vn 0.7800 -0.0068 -0.6257
vn 0.7800 -0.0066 -0.6257
vn 0.7800 -0.0067 -0.6257
vn 0.7793 -0.0069 -0.6266
vn 0.7796 -0.0067 -0.6262
vn 0.7796 -0.0066 -0.6262
vn 0.7797 -0.0068 -0.6261
vn 0.7799 -0.0069 -0.6259
vn 0.7799 -0.0068 -0.6259
vn 0.7800 -0.0069 -0.6257
vn 0.7801 -0.0069 -0.6256
vn 0.7800 -0.0068 -0.6258
vn 0.7800 -0.0069 -0.6258
vn 0.7799 -0.0069 -0.6258
vn 0.7799 -0.0067 -0.6258
vn 0.7802 -0.0068 -0.6255
vn 0.7801 -0.0068 -0.6256
vn 0.7802 -0.0067 -0.6255
vn 0.7801 -0.0070 -0.6256
vn 0.7801 -0.0067 -0.6256
vn 0.4351 0.7026 0.5631
vn 0.4349 0.7026 0.5632
vn 0.4352 0.7025 0.5631
vn 0.2858 0.8785 0.3829
vn 0.2856 0.8783 0.3835
vn 0.2858 0.8784 0.3831
vn 0.2856 0.8782 0.3836
vn 0.5924 0.3051 0.7456
vn 0.5927 0.3053 0.7453
vn 0.5926 0.3053 0.7454
vn 0.5679 0.4024 0.7181
vn 0.5679 0.4024 0.7180
vn 0.5680 0.4024 0.7180
vn 0.5680 0.4026 0.7179
vn 0.3406 0.8262 0.4487
vn 0.3403 0.8262 0.4489
vn 0.3406 0.8261 0.4489
vn 0.3404 0.8261 0.4491
vn -0.4795 0.6623 -0.5758
vn -0.4797 0.6625 -0.5753
vn -0.4796 0.6623 -0.5756
vn -0.4795 0.6627 -0.5753
vn 0.3465 0.8202 0.4552
vn 0.3465 0.8198 0.4559
vn 0.3464 0.8200 0.4556
vn 0.3465 0.8199 0.4558
vn 0.6065 0.2306 0.7609
vn 0.6063 0.2308 0.7610
vn 0.6064 0.2307 0.7610
vn 0.6061 0.2309 0.7612
vn 0.6245 -0.1102 0.7732
vn 0.6244 -0.1102 0.7733
vn 0.6246 -0.1102 0.7732
vn 0.6219 0.1052 0.7760
vn 0.6215 0.1051 0.7763
vn 0.6220 0.1051 0.7759
vn 0.6217 0.1051 0.7761
vn 0.1007 -0.9905 0.0941
vn 0.1004 -0.9905 0.0941
vn 0.1000 -0.9905 0.0942
vn 0.0997 -0.9905 0.0942
vn -0.5308 0.5526 -0.6425
vn -0.5313 0.5527 -0.6421
vn -0.5311 0.5526 -0.6423
vn -0.5310 0.5530 -0.6421
vn -0.3007 0.8887 -0.3462
vn -0.3003 0.8890 -0.3456
vn -0.3007 0.8887 -0.3461
vn -0.5584 -0.4331 -0.7075
vn -0.5585 -0.4331 -0.7075
vn -0.5583 -0.4331 -0.7076
vn -0.5581 -0.4330 -0.7078
vn 0.2804 -0.9051 0.3195
vn 0.2801 -0.9053 0.3192
vn -0.0596 -0.9927 -0.1053
vn -0.0598 -0.9926 -0.1053
vn 0.5954 -0.3384 0.7287
vn 0.5945 -0.3439 0.7269
vn 0.6266 -0.0755 0.7757
vn 0.6264 -0.0765 0.7757
vn 0.6273 -0.0103 0.7787
vn 0.6272 -0.0109 0.7788
vn 0.6268 0.0192 0.7789
vn 0.6267 0.0187 0.7790
vn 0.6262 0.0356 0.7788
vn 0.6262 0.0358 0.7788
vn 0.6258 0.0457 0.7787
vn 0.6258 0.0458 0.7786
vn 0.6265 0.0283 0.7789
vn 0.6264 0.0281 0.7790
vn 0.6273 -0.0151 0.7786
vn 0.6273 -0.0146 0.7786
vn 0.6273 -0.0467 0.7774
vn 0.6272 -0.0457 0.7775
vn 0.6269 -0.0614 0.7767
vn 0.6269 -0.0609 0.7767
vn 0.6267 -0.0696 0.7761
vn 0.6267 -0.0699 0.7761
vn 0.6264 -0.0749 0.7759
vn 0.6265 -0.0752 0.7758
vn 0.6264 -0.0780 0.7756
vn 0.6265 -0.0776 0.7756
vn 0.6264 -0.0783 0.7756
vn 0.0967 -0.9914 0.0882
vn 0.0965 -0.9914 0.0881
vn 0.0963 -0.9915 0.0881
vn -0.5894 0.3656 -0.7203
vn -0.5893 0.3656 -0.7204
vn -0.5893 0.3656 -0.7205
vn -0.5895 0.3658 -0.7202
vn -0.6206 -0.1237 -0.7743
vn -0.6207 -0.1240 -0.7742
vn -0.6206 -0.1238 -0.7743
vn -0.6205 -0.1238 -0.7744
vn -0.5580 -0.4338 -0.7074
vn -0.5584 -0.4337 -0.7072
vn -0.5584 -0.4337 -0.7071
vn -0.5788 0.4103 -0.7048
vn -0.5789 0.4102 -0.7047
vn -0.5790 0.4102 -0.7046
vn -0.5786 0.4102 -0.7049
vn -0.5593 -0.4308 -0.7082
vn -0.5596 -0.4308 -0.7079
vn 0.5000 -0.6247 0.5998
vn 0.4999 -0.6248 0.5997
vn 0.5002 -0.6246 0.5998
vn 0.4998 -0.6249 0.5997
vn -0.5446 -0.4743 -0.6917
vn -0.5446 -0.4743 -0.6916
vn -0.5449 -0.4743 -0.6915
vn -0.5447 -0.4743 -0.6916
vn -0.1760 -0.9521 -0.2500
vn -0.1763 -0.9519 -0.2506
vn -0.1763 -0.9519 -0.2507
vn -0.6116 -0.2018 -0.7650
vn -0.6112 -0.2021 -0.7652
vn -0.6113 -0.2020 -0.7652
vn -0.6112 -0.2022 -0.7652
vn -0.6262 0.0999 -0.7733
vn -0.6262 0.1001 -0.7732
vn -0.2593 0.9209 -0.2910
vn -0.2593 0.9210 -0.2907
vn -0.2597 0.9208 -0.2910
vn -0.2594 0.9210 -0.2907
vn 0.3087 0.8574 0.4117
vn 0.3089 0.8574 0.4116
vn -0.6128 0.2422 -0.7522
vn -0.6128 0.2417 -0.7524
vn -0.6128 0.2421 -0.7522
vn -0.6128 0.2416 -0.7524
vn -0.2025 0.9544 -0.2193
vn -0.2021 0.9546 -0.2190
vn -0.2026 0.9543 -0.2195
vn -0.2021 0.9546 -0.2189
vn -0.6127 0.2429 -0.7521
vn -0.6127 0.2430 -0.7520
vn -0.6125 0.2426 -0.7523
vn -0.6129 0.2428 -0.7520
vn 0.3625 0.8008 0.4768
vn 0.3631 0.8005 0.4767
vn 0.3625 0.8007 0.4768
vn 0.3627 0.8006 0.4769
vn -0.7861 0.0041 0.6181
vn -0.7860 0.0038 0.6182
vn -0.7861 0.0040 0.6181
vn -0.7860 0.0039 0.6182
vn -0.7859 0.0040 0.6183
vn -0.7858 0.0041 0.6184
vn -0.7861 0.0038 0.6181
vn -0.7862 0.0035 0.6179
vn -0.7860 0.0041 0.6182
vn -0.7858 0.0046 0.6184
vn -0.7861 0.0039 0.6181
vn -0.7860 0.0040 0.6182
vn -0.7863 0.0038 0.6178
vn -0.7861 0.0036 0.6180
vn -0.7861 0.0037 0.6180
vn -0.7862 0.0039 0.6180
vn -0.7860 0.0037 0.6182
vn -0.7862 0.0036 0.6179
vn -0.7863 0.0036 0.6179
vn -0.7861 0.0037 0.6181
vn -0.7862 0.0038 0.6180
vn -0.7862 0.0037 0.6180
vn -0.7859 0.0038 0.6183
vn -0.7864 0.0039 0.6177
vn -0.7858 0.0038 0.6185
vn -0.7862 0.0039 0.6179
vn -0.7862 0.0040 0.6179
vn 0.7854 -0.0040 -0.6190
vn 0.7855 -0.0040 -0.6189
vn 0.7855 -0.0038 -0.6189
vn 0.7855 -0.0042 -0.6188
vn 0.7853 -0.0041 -0.6191
vn 0.7854 -0.0040 -0.6189
vn 0.7854 -0.0041 -0.6190
vn 0.7853 -0.0042 -0.6191
vn 0.7854 -0.0041 -0.6189
vn 0.7854 -0.0039 -0.6190
vn 0.7855 -0.0038 -0.6188
vn 0.7855 -0.0036 -0.6189
vn 0.7857 -0.0038 -0.6186
vn 0.7856 -0.0039 -0.6187
vn 0.7856 -0.0038 -0.6187
vn 0.7855 -0.0039 -0.6189
vn 0.7853 -0.0040 -0.6191
vn 0.7854 -0.0039 -0.6189
vn 0.7855 -0.0040 -0.6188
vn 0.7856 -0.0036 -0.6187
vn 0.7856 -0.0035 -0.6187
vn 0.7854 -0.0037 -0.6190
vn 0.7855 -0.0037 -0.6189
vn 0.7855 -0.0039 -0.6188
vn 0.7857 -0.0039 -0.6187
vn 0.7856 -0.0039 -0.6188
vn 0.7856 -0.0038 -0.6188
vn 0.7848 -0.0037 -0.6198
vn 0.7856 -0.0040 -0.6187
vn 0.7855 -0.0041 -0.6189
vn 0.5917 -0.3891 0.7061
vn 0.5916 -0.3891 0.7061
vn 0.5917 -0.3892 0.7060
vn 0.4825 0.6293 0.6092
vn 0.4825 0.6293 0.6093
vn 0.4826 0.6290 0.6095
vn 0.4827 0.6293 0.6091
vn 0.5774 0.3924 0.7160
vn 0.5775 0.3917 0.7163
vn 0.5774 0.3922 0.7161
vn 0.5775 0.3915 0.7164
vn 0.1829 0.9493 0.2555
vn 0.1830 0.9493 0.2557
vn 0.1829 0.9493 0.2556
vn 0.6254 -0.2016 0.7538
vn 0.6256 -0.2015 0.7537
vn 0.6253 -0.2015 0.7539
vn 0.4788 0.6364 0.6048
vn 0.4790 0.6363 0.6047
vn 0.4788 0.6363 0.6048
vn 0.4789 0.6364 0.6047
vn 0.5626 0.4402 0.6998
vn 0.5624 0.4403 0.6999
vn 0.5623 0.4405 0.6998
vn 0.5627 0.4403 0.6997
vn 0.5951 -0.3744 0.7111
vn 0.5949 -0.3743 0.7113
vn 0.5951 -0.3746 0.7110
vn 0.5950 -0.3744 0.7113
vn 0.5883 0.3519 0.7281
vn 0.5884 0.3520 0.7280
vn 0.5883 0.3520 0.7280
vn 0.5882 0.3520 0.7280
vn 0.3703 0.7966 0.4779
vn 0.3706 0.7965 0.4777
vn 0.3704 0.7964 0.4780
vn 0.3705 0.7964 0.4781
vn 0.0778 -0.9951 0.0607
vn 0.0775 -0.9951 0.0607
vn 0.0773 -0.9952 0.0607
vn 0.0771 -0.9952 0.0608
vn -0.5762 -0.3967 -0.7145
vn -0.5764 -0.3967 -0.7144
vn -0.5765 -0.3967 -0.7143
vn -0.5762 -0.3968 -0.7145
vn 0.0349 -0.9994 0.0073
vn 0.0346 -0.9994 0.0071
vn 0.0348 -0.9994 0.0072
vn 0.0345 -0.9994 0.0071
vn 0.6352 -0.0089 0.7723
vn 0.6353 -0.0090 0.7722
vn 0.6354 -0.0090 0.7721
vn 0.6352 -0.0088 0.7723
vn 0.6162 -0.2702 0.7398
vn 0.6159 -0.2702 0.7400
vn 0.6162 -0.2701 0.7398
vn 0.6159 -0.2701 0.7401
vn 0.1580 0.9614 0.2255
vn 0.1581 0.9612 0.2259
vn 0.1579 0.9613 0.2256
vn 0.1580 0.9612 0.2260
vn 0.0759 -0.9955 0.0566
vn 0.0757 -0.9955 0.0567
vn 0.0753 -0.9955 0.0568
vn 0.0751 -0.9956 0.0569
vn -0.2184 0.9479 -0.2319
vn -0.2187 0.9479 -0.2316
vn -0.2183 0.9480 -0.2316
vn -0.2183 0.9481 -0.2313
vn -0.6105 0.3040 -0.7313
vn -0.6106 0.3039 -0.7313
vn -0.6103 0.3039 -0.7315
vn -0.6103 0.3036 -0.7316
vn -0.6113 -0.2455 -0.7523
vn -0.6114 -0.2455 -0.7523
vn -0.6116 -0.2453 -0.7522
vn -0.6114 -0.2456 -0.7523
vn -0.6147 0.2801 -0.7373
vn -0.6147 0.2801 -0.7374
vn -0.6148 0.2802 -0.7373
vn -0.3901 -0.7720 -0.5019
vn -0.3900 -0.7721 -0.5017
vn -0.3899 -0.7721 -0.5018
vn 0.6087 -0.3139 0.7287
vn 0.6086 -0.3141 0.7287
vn 0.6086 -0.3143 0.7285
vn -0.4719 -0.6490 -0.5967
vn -0.4716 -0.6491 -0.5968
vn -0.4718 -0.6490 -0.5968
vn -0.4717 -0.6491 -0.5968
vn 0.4703 -0.6932 0.5461
vn 0.4699 -0.6935 0.5460
vn 0.4701 -0.6933 0.5461
vn 0.4699 -0.6936 0.5460
vn -0.5226 -0.5459 -0.6549
vn -0.5229 -0.5455 -0.6550
vn -0.5227 -0.5459 -0.6548
vn -0.5800 0.4337 -0.6895
vn -0.5805 0.4334 -0.6893
vn -0.5803 0.4335 -0.6894
vn -0.5804 0.4336 -0.6893
vn -0.6247 -0.1569 -0.7649
vn -0.6247 -0.1569 -0.7650
vn -0.5931 0.3856 -0.7068
vn -0.5932 0.3855 -0.7068
vn -0.5929 0.3855 -0.7071
vn -0.5933 0.3853 -0.7068
vn -0.1265 0.9849 -0.1186
vn -0.1270 0.9848 -0.1182
vn -0.1269 0.9848 -0.1185
vn -0.1268 0.9849 -0.1181
vn 0.2660 0.8960 0.3556
vn 0.2659 0.8960 0.3557
vn -0.5282 0.5790 -0.6211
vn -0.5283 0.5793 -0.6208
vn -0.5284 0.5789 -0.6210
vn -0.5282 0.5793 -0.6208
vn 0.1836 0.9488 0.2570
vn 0.1838 0.9486 0.2575
vn 0.1836 0.9487 0.2575
vn 0.1839 0.9486 0.2576
vn -0.3293 0.8691 -0.3691
vn -0.3291 0.8693 -0.3687
vn -0.3293 0.8691 -0.3690
vn -0.3287 0.8694 -0.3689
vn 0.5618 0.4427 0.6988
vn 0.5618 0.4425 0.6989
vn 0.5617 0.4428 0.6989
vn 0.5618 0.4426 0.6989
vn -0.2004 0.9570 -0.2098
vn -0.2006 0.9570 -0.2094
vn -0.2002 0.9571 -0.2096
vn -0.2005 0.9571 -0.2093
vn 0.6053 0.2780 0.7459
vn 0.6051 0.2784 0.7459
vn 0.6052 0.2784 0.7458
vn 0.6052 0.2786 0.7457
vn -0.7801 0.0054 0.6256
vn -0.7804 0.0054 0.6253
vn -0.7803 0.0054 0.6254
vn -0.7805 0.0054 0.6251
vn -0.7805 0.0050 0.6251
vn -0.7804 0.0050 0.6252
vn -0.7805 0.0049 0.6251
vn -0.7805 0.0051 0.6252
vn -0.7805 0.0051 0.6251
vn -0.7806 0.0050 0.6250
vn -0.7801 0.0049 0.6256
vn -0.7804 0.0051 0.6252
vn -0.7805 0.0052 0.6251
vn -0.7806 0.0052 0.6250
vn -0.7806 0.0049 0.6250
vn -0.7805 0.0048 0.6251
vn -0.7803 0.0047 0.6253
vn -0.7806 0.0046 0.6250
vn -0.7807 0.0050 0.6249
vn -0.7806 0.0050 0.6251
vn -0.7806 0.0053 0.6250
vn -0.7806 0.0051 0.6251
vn -0.7805 0.0050 0.6252
vn -0.7806 0.0049 0.6251
vn 0.7795 -0.0055 -0.6264
vn 0.7795 -0.0054 -0.6264
vn 0.7794 -0.0052 -0.6265
vn 0.7796 -0.0050 -0.6262
vn 0.7797 -0.0050 -0.6261
vn 0.7798 -0.0051 -0.6260
vn 0.7798 -0.0050 -0.6260
vn 0.7797 -0.0051 -0.6261
vn 0.7796 -0.0051 -0.6262
vn 0.7798 -0.0052 -0.6261
vn 0.7799 -0.0050 -0.6259
vn 0.7796 -0.0052 -0.6262
vn 0.7794 -0.0051 -0.6265
vn 0.7795 -0.0050 -0.6264
vn 0.7797 -0.0052 -0.6261
vn 0.7796 -0.0050 -0.6263
vn 0.7799 -0.0051 -0.6259
vn 0.7798 -0.0048 -0.6260
vn 0.7797 -0.0052 -0.6262
vn 0.7799 -0.0052 -0.6258
vn 0.7797 -0.0051 -0.6262
vn 0.7798 -0.0055 -0.6261
vn -0.2039 0.9457 -0.2530
vn -0.2039 0.9458 -0.2528
vn -0.2040 0.9457 -0.2531
vn -0.2039 0.9458 -0.2527
vn 0.1826 0.9621 0.2026
vn 0.1824 0.9621 0.2029
vn 0.1822 0.9621 0.2028
vn 0.1825 0.9620 0.2030
vn 0.4908 0.6575 0.5716
vn 0.4911 0.6575 0.5714
vn 0.4909 0.6575 0.5716
vn 0.6290 0.2394 0.7396
vn 0.6289 0.2394 0.7397
vn 0.6287 0.2394 0.7399
vn 0.6050 -0.3419 0.7191
vn 0.6050 -0.3420 0.7191
vn 0.6046 -0.3419 0.7194
vn 0.6386 0.1633 0.7520
vn 0.6384 0.1633 0.7522
vn 0.6385 0.1633 0.7521
vn 0.5804 -0.4302 0.6914
vn 0.5805 -0.4302 0.6914
vn 0.5805 -0.4301 0.6913
vn 0.4938 0.6524 0.5749
vn 0.4939 0.6523 0.5749
vn 0.4938 0.6523 0.5750
vn 0.4940 0.6522 0.5749
vn -0.4733 0.6734 -0.5679
vn -0.4731 0.6738 -0.5676
vn -0.4733 0.6735 -0.5679
vn -0.4731 0.6739 -0.5676
vn 0.2729 0.9105 0.3106
vn 0.2729 0.9105 0.3107
vn 0.5129 0.6157 0.5982
vn 0.5131 0.6155 0.5983
vn 0.5130 0.6156 0.5982
vn 0.5131 0.6158 0.5979
vn 0.5909 0.4129 0.6931
vn 0.5911 0.4128 0.6930
vn 0.5910 0.4128 0.6930
vn 0.5912 0.4127 0.6929
vn 0.5711 0.4769 0.6682
vn 0.5710 0.4769 0.6682
vn 0.1782 -0.9588 0.2212
vn 0.1779 -0.9588 0.2213
vn 0.1770 -0.9589 0.2217
vn 0.1767 -0.9589 0.2218
vn -0.5816 -0.4441 -0.6816
vn -0.5816 -0.4440 -0.6816
vn -0.3287 -0.8651 -0.3789
vn -0.3290 -0.8650 -0.3790
vn -0.3288 -0.8650 -0.3789
vn -0.3292 -0.8649 -0.3790
vn -0.0122 -0.9999 -0.0046
vn -0.0127 -0.9999 -0.0047
vn -0.0125 -0.9999 -0.0046
vn -0.0130 -0.9999 -0.0048
vn 0.6157 -0.2995 0.7289
vn 0.6156 -0.2998 0.7288
vn 0.6155 -0.2998 0.7289
vn 0.6154 -0.3001 0.7288
vn 0.0024 -0.9999 0.0125
vn 0.0019 -0.9999 0.0120
vn 0.0023 -0.9999 0.0124
vn 0.0019 -0.9999 0.0119
vn -0.5085 -0.6233 -0.5941
vn -0.5087 -0.6231 -0.5941
vn -0.5088 -0.6230 -0.5941
vn -0.2723 -0.9099 -0.3131
vn -0.2727 -0.9097 -0.3132
vn -0.2725 -0.9098 -0.3131
vn -0.2729 -0.9096 -0.3132
vn -0.6456 -0.0688 -0.7605
vn -0.6455 -0.0691 -0.7606
vn -0.6456 -0.0689 -0.7605
vn -0.6455 -0.0692 -0.7606
vn -0.6162 -0.3104 -0.7239
vn -0.6162 -0.3105 -0.7238
vn -0.6164 -0.3104 -0.7237
vn -0.6058 0.3446 -0.7171
vn -0.6058 0.3448 -0.7171
vn -0.0016 0.9999 -0.0110
vn -0.0013 0.9999 -0.0105
vn -0.0016 0.9999 -0.0109
vn -0.0013 0.9999 -0.0104
vn 0.0863 0.9920 0.0924
vn 0.0866 0.9919 0.0929
vn 0.0863 0.9920 0.0925
vn 0.0866 0.9919 0.0933
vn -0.1333 0.9770 -0.1668
vn -0.1331 0.9771 -0.1661
vn -0.1332 0.9770 -0.1667
vn -0.1330 0.9771 -0.1661
vn -0.6451 0.0588 -0.7618
vn -0.6452 0.0589 -0.7617
vn -0.6455 0.0587 -0.7615
vn -0.5666 -0.4891 -0.6632
vn -0.5663 -0.4892 -0.6633
vn -0.5664 -0.4894 -0.6631
vn -0.6454 0.0579 -0.7616
vn -0.6453 0.0579 -0.7617
vn -0.6451 0.0580 -0.7619
vn -0.6455 0.0580 -0.7616
vn -0.6012 0.3622 -0.7123
vn -0.6012 0.3623 -0.7123
vn -0.6010 0.3622 -0.7124
vn -0.6010 0.3622 -0.7125
vn -0.5277 0.5718 -0.6282
vn -0.5275 0.5720 -0.6281
vn -0.5276 0.5721 -0.6280
vn -0.5276 0.5721 -0.6279
vn 0.6106 -0.3227 0.7232
vn 0.6105 -0.3228 0.7233
vn 0.6103 -0.3228 0.7234
vn 0.6406 0.1457 0.7539
vn 0.6405 0.1457 0.7540
vn -0.2109 0.9426 -0.2588
vn -0.2112 0.9426 -0.2588
vn -0.2114 0.9426 -0.2586
vn -0.2112 0.9426 -0.2585
vn -0.5771 0.4442 -0.6853
vn -0.5767 0.4442 -0.6856
vn -0.5770 0.4441 -0.6854
vn -0.6378 -0.1715 -0.7509
vn -0.6378 -0.1715 -0.7508
vn -0.6377 -0.1715 -0.7509
vn -0.6380 -0.1714 -0.7507
vn -0.4616 -0.7057 -0.5375
vn -0.4618 -0.7056 -0.5375
vn -0.4619 -0.7056 -0.5374
vn 0.0568 -0.9955 0.0762
vn 0.0567 -0.9955 0.0763
vn 0.0564 -0.9955 0.0765
vn 0.0564 -0.9955 0.0766
vn -0.4361 0.7335 -0.5213
vn -0.4360 0.7335 -0.5213
vn -0.0753 0.9923 -0.0987
vn -0.0753 0.9923 -0.0986
vn -0.0753 0.9923 -0.0984
vn -0.0753 0.9923 -0.0983
vn 0.2758 0.9077 0.3162
vn 0.2760 0.9077 0.3160
vn 0.2760 0.9077 0.3161
vn 0.2756 0.9077 0.3165
vn 0.5073 0.6260 0.5922
vn 0.5077 0.6259 0.5920
vn 0.5073 0.6261 0.5921
vn 0.6455 0.0675 0.7608
vn 0.6453 0.0676 0.7610
vn 0.6454 0.0675 0.7608
vn 0.6454 0.0676 0.7608
vn 0.5807 -0.4329 0.6895
vn 0.5805 -0.4329 0.6896
vn 0.5805 -0.4329 0.6897
vn 0.6461 -0.0270 0.7627
vn 0.6464 -0.0266 0.7626
vn 0.6462 -0.0268 0.7627
vn 0.6462 -0.0266 0.7627
vn -0.0445 0.9970 -0.0630
vn -0.0443 0.9971 -0.0625
vn -0.0445 0.9970 -0.0629
vn -0.0442 0.9971 -0.0624
vn -0.2414 0.9246 -0.2948
vn -0.2412 0.9247 -0.2944
vn -0.2410 0.9248 -0.2945
vn -0.2412 0.9248 -0.2942
vn -0.5725 0.4562 -0.6813
vn -0.5729 0.4563 -0.6809
vn -0.5727 0.4562 -0.6811
vn -0.5730 0.4563 -0.6807
vn -0.3580 0.8276 -0.4323
vn -0.3580 0.8278 -0.4319
vn -0.3580 0.8277 -0.4322
vn -0.3580 0.8279 -0.4318
vn -0.2247 0.9344 -0.2763
vn -0.2245 0.9346 -0.2759
vn -0.2247 0.9345 -0.2761
vn -0.2245 0.9347 -0.2758
vn -0.5647 0.4785 -0.6724
vn -0.5648 0.4785 -0.6723
vn -0.5646 0.4786 -0.6724
vn -0.5645 0.4787 -0.6724
vn -0.2603 0.9113 -0.3190
vn -0.2604 0.9114 -0.3187
vn -0.2603 0.9114 -0.3188
vn -0.2604 0.9115 -0.3185
vn -0.6456 -0.0582 -0.7614
vn -0.6455 -0.0581 -0.7615
vn -0.6456 -0.0582 -0.7615
vn -0.6455 -0.0581 -0.7616
vn -0.7640 0.0107 0.6451
vn -0.7639 0.0109 0.6453
vn -0.7641 0.0107 0.6450
vn -0.7641 0.0106 0.6450
vn -0.7640 0.0109 0.6451
vn -0.7639 0.0106 0.6452
vn -0.7642 0.0107 0.6449
vn -0.6773 0.4642 0.5707
vn -0.7643 0.0107 0.6448
vn -0.7642 0.0107 0.6448
vn -0.7642 0.0106 0.6449
vn -0.7643 0.0106 0.6448
vn -0.8618 0.4569 0.2201
vn -0.7920 0.4243 0.4390
vn -0.8163 0.3316 0.4730
vn -0.7554 0.3500 0.5540
vn -0.7644 0.0109 0.6446
vn -0.7643 0.0110 0.6447
vn -0.7643 0.0107 0.6447
vn -0.7642 0.0110 0.6449
vn -0.7641 0.0105 0.6450
vn -0.7639 0.0107 0.6452
vn -0.7641 0.0108 0.6450
vn -0.7640 0.0106 0.6451
vn -0.7638 0.0107 0.6453
vn -0.7639 0.0108 0.6452
vn 0.7641 -0.0107 -0.6450
vn 0.7639 -0.0107 -0.6452
vn 0.7640 -0.0107 -0.6451
vn 0.7638 -0.0110 -0.6453
vn 0.7641 -0.0106 -0.6450
vn 0.7640 -0.0110 -0.6451
vn 0.7641 -0.0108 -0.6450
vn 0.7640 -0.0106 -0.6451
vn 0.7642 -0.0107 -0.6449
vn 0.6862 0.4394 -0.5796
vn 0.3794 0.4317 -0.8183
vn 0.5783 0.3957 -0.7134
vn 0.6122 0.3046 -0.7296
vn 0.6809 0.3266 -0.6555
vn 0.7642 -0.0106 -0.6449
vn 0.7640 -0.0105 -0.6451
vn 0.7641 -0.0106 -0.6451
vn 0.7642 -0.0105 -0.6449
vn 0.7639 -0.0106 -0.6453
vn 0.7639 -0.0108 -0.6453
vn 0.7637 -0.0108 -0.6455
vn 0.7642 -0.0105 -0.6448
vn 0.7640 -0.0107 -0.6452
vn 0.7638 -0.0108 -0.6453
vn 0.7640 -0.0108 -0.6451
vn 0.7638 -0.0109 -0.6454
vn 0.7639 -0.0107 -0.6453
vn 0.7637 -0.0107 -0.6454
vn 0.7639 -0.0108 -0.6452
vt 0.014100 0.000000
vt 0.014100 1.000000
vt 0.000000 0.000000
vt 0.000000 1.000000
vt 0.036400 0.000000
vt 0.036400 1.000000
vt 0.054200 0.000000
vt 0.054200 1.000000
vt 0.084300 0.000000
vt 0.084300 1.000000
vt 0.104700 0.000000
vt 0.104700 1.000000
vt 0.126600 0.000000
vt 0.126600 1.000000
vt 0.135100 0.000000
vt 0.135100 1.000000
vt 0.161000 0.000000
vt 0.161000 1.000000
vt 0.170200 0.000000
vt 0.170200 1.000000
vt 0.201700 0.000000
vt 0.201700 1.000000
vt 0.216000 0.000000
vt 0.216000 1.000000
vt 0.222700 0.000000
vt 0.222700 1.000000
vt 0.258100 0.000000
vt 0.258100 1.000000
vt 0.265200 0.000000
vt 0.265200 1.000000
vt 0.278800 0.000000
vt 0.278800 1.000000
vt 0.311300 0.000000
vt 0.311300 1.000000
vt 0.347900 0.000000
vt 0.347900 1.000000
vt 0.362800 0.000000
vt 0.362800 1.000000
vt 0.378900 0.000000
vt 0.378900 1.000000
vt 0.392600 0.000000
vt 0.392600 1.000000
vt 0.471500 0.000000
vt 0.471500 1.000000
vt 0.523900 0.000000
vt 0.523900 1.000000
vt 0.538600 0.000000
vt 0.538600 1.000000
vt 0.598900 0.000000
vt 0.598900 1.000000
vt 0.636900 0.000000
vt 0.636900 1.000000
vt 0.731900 0.000000
vt 0.731900 1.000000
vt 0.758800 0.000000
vt 0.758800 1.000000
vt 0.793700 0.000000
vt 0.793700 1.000000
vt 0.820700 0.000000
vt 0.820700 1.000000
vt 0.842300 0.000000
vt 0.842300 1.000000
vt 0.855500 0.000000
vt 0.855500 1.000000
vt 0.908400 0.000000
vt 0.908400 1.000000
vt 0.923200 0.000000
vt 0.923200 1.000000
vt 0.932600 0.000000
vt 0.932600 1.000000
vt 0.941100 0.000000
vt 0.941100 1.000000
vt 0.959700 0.000000
vt 0.959700 1.000000
vt 0.989700 0.000000
vt 0.989700 1.000000
vt 1.000000 0.000000
vt 1.000000 1.000000
vt 0.296500 0.404400
vt 0.268300 0.418600
vt 0.330400 0.448400
vt 0.532700 0.941600
vt 0.615000 1.000000
vt 0.651200 0.954900
vt 1.000000 0.817600
vt 0.868000 0.646300
vt 0.816800 0.679200
vt 0.024600 0.119000
vt 0.000000 0.252800
vt 0.169600 0.243300
vt 0.094900 0.095100
vt 0.413400 0.656900
vt 0.383000 0.680100
vt 0.479100 0.723500
vt 0.800800 0.001000
vt 0.601600 0.006200
vt 0.652700 0.225400
vt 0.858700 0.348800
vt 0.689500 0.981800
vt 0.792000 0.898300
vt 0.192100 0.291000
vt 0.167500 0.310700
vt 0.348200 0.563700
vt 0.317200 0.589800
vt 0.529200 0.876100
vt 0.596300 0.188600
vt 0.530700 0.001200
vt 0.117600 0.000000
vt 0.070700 0.038300
vt 0.817600 0.443700
vt 0.691200 0.536600
vt 0.724700 0.633000
vt 0.964800 0.866400
vt 0.915900 0.869400
vt 0.429200 0.790000
vt 0.889400 0.894400
vt 0.011900 0.000000
vt 0.011900 1.000000
vt 0.025200 0.000000
vt 0.025200 1.000000
vt 0.038400 0.000000
vt 0.038400 1.000000
vt 0.044100 0.000000
vt 0.044100 1.000000
vt 0.063000 0.000000
vt 0.063000 1.000000
vt 0.075000 0.000000
vt 0.075000 1.000000
vt 0.085600 0.000000
vt 0.085600 1.000000
vt 0.104500 0.000000
vt 0.104500 1.000000
vt 0.129300 0.000000
vt 0.129300 1.000000
vt 0.151500 0.000000
vt 0.151500 1.000000
vt 0.165100 0.000000
vt 0.165100 1.000000
vt 0.187900 0.000000
vt 0.187900 1.000000
vt 0.195400 0.000000
vt 0.195400 1.000000
vt 0.212200 0.000000
vt 0.212200 1.000000
vt 0.230500 0.000000
vt 0.230500 1.000000
vt 0.240900 0.000000
vt 0.240900 1.000000
vt 0.259800 0.000000
vt 0.259800 1.000000
vt 0.277400 0.000000
vt 0.277400 1.000000
vt 0.288100 0.000000
vt 0.288100 1.000000
vt 0.330000 0.000000
vt 0.330000 1.000000
vt 0.345600 0.000000
vt 0.345600 1.000000
vt 0.363100 0.000000
vt 0.363100 1.000000
vt 0.394400 0.000000
vt 0.394400 1.000000
vt 0.403300 0.000000
vt 0.403300 1.000000
vt 0.432800 0.000000
vt 0.432800 1.000000
vt 0.443900 0.000000
vt 0.443900 1.000000
vt 0.454800 0.000000
vt 0.454800 1.000000
vt 0.478700 0.000000
vt 0.478700 1.000000
vt 0.543300 0.000000
vt 0.543300 1.000000
vt 0.551500 0.000000
vt 0.551500 1.000000
vt 0.621900 0.000000
vt 0.621900 1.000000
vt 0.637100 0.000000
vt 0.637100 1.000000
vt 0.687000 0.000000
vt 0.687000 1.000000
vt 0.720600 0.000000
vt 0.720600 1.000000
vt 0.817300 0.000000
vt 0.817300 1.000000
vt 0.864600 0.000000
vt 0.864600 1.000000
vt 0.905700 0.000000
vt 0.905700 1.000000
vt 0.926900 0.000000
vt 0.926900 1.000000
vt 0.944800 0.000000
vt 0.944800 1.000000
vt 0.967700 0.000000
vt 0.967700 1.000000
vt 0.980400 0.000000
vt 0.980400 1.000000
vt 0.356900 0.000000
vt 0.000000 0.001900
vt 0.124400 0.033800
vt 0.149500 0.303700
vt 0.056600 0.283600
vt 0.087800 0.340100
vt 0.540700 0.904400
vt 0.561000 1.000000
vt 0.639100 0.951300
vt 0.924300 0.701400
vt 0.873800 0.641200
vt 0.820000 0.714400
vt 0.124400 0.076400
vt 0.063100 0.074900
vt 0.113600 0.184000
vt 0.674600 0.984500
vt 0.710800 0.945300
vt 0.814800 0.939100
vt 0.803000 0.918400
vt 0.271100 0.440400
vt 0.067400 0.196400
vt 0.348300 0.574000
vt 0.307300 0.602500
vt 0.386900 0.646800
vt 0.932000 0.790700
vt 0.361900 0.032100
vt 0.753200 0.028000
vt 0.567700 0.033600
vt 0.600900 0.227100
vt 0.828700 0.401600
vt 0.548000 0.273100
vt 0.252200 0.480000
vt 0.344900 0.500500
vt 0.434800 0.702800
vt 0.413100 0.727700
vt 0.520400 0.774300
vt 0.984200 0.878200
vt 1.000000 0.802400
vt 0.918900 0.882900
vt 0.721600 0.569600
vt 0.875500 0.924700
vt 0.494000 0.823900
vt 0.123400 0.000500
vt 0.123400 0.999500
vt 0.077100 0.000500
vt 0.077100 0.999500
vt 0.235200 0.000500
vt 0.235200 0.999500
vt 0.331600 0.000500
vt 0.331600 0.999500
vt 0.520100 0.000500
vt 0.520100 0.999500
vt 0.687200 0.000500
vt 0.687200 0.999500
vt 0.651100 0.000500
vt 0.651100 0.999500
vt 0.664700 0.000500
vt 0.664700 0.999500
vt 0.484500 0.000500
vt 0.484500 0.999500
vt 0.734800 0.000500
vt 0.734800 0.999500
vt 0.999500 0.000500
vt 0.999500 0.999500
vt 0.868200 0.000500
vt 0.868200 0.999500
vt 0.612100 0.000500
vt 0.612100 0.999500
vt 0.320900 0.000500
vt 0.320900 0.999500
vt 0.652900 0.000500
vt 0.652900 0.999500
vt 0.955600 0.000500
vt 0.955600 0.999500
vt 0.869700 0.000500
vt 0.869700 0.999500
vt 0.071500 0.000500
vt 0.071500 0.999500
vt 0.137900 0.000500
vt 0.137900 0.999500
vt 0.015600 0.000500
vt 0.015600 0.999500
vt 0.337200 0.000500
vt 0.337200 0.999500
vt 0.924600 0.000500
vt 0.924600 0.999500
vt 0.836900 0.000500
vt 0.836900 0.999500
vt 0.391600 0.000500
vt 0.391600 0.999500
vt 0.302900 0.000500
vt 0.302900 0.999500
vt 0.932000 0.000500
vt 0.932000 0.999500
vt 0.448200 0.000500
vt 0.448200 0.999500
vt 0.397100 0.000500
vt 0.397100 0.999500
vt 0.137400 0.000500
vt 0.137400 0.999500
vt 0.015900 0.000500
vt 0.015900 0.999500
vt 0.550000 0.000500
vt 0.550000 0.999500
vt 0.513500 0.000500
vt 0.513500 0.999500
vt 0.583700 0.000500
vt 0.583700 0.999500
vt 0.177800 0.000500
vt 0.177800 0.999500
vt 0.140700 0.000500
vt 0.140700 0.999500
vt 0.631300 0.000500
vt 0.631300 0.999500
vt 0.592500 0.000500
vt 0.592500 0.999500
vt 0.399400 0.000500
vt 0.399400 0.999500
vt 0.368700 0.000500
vt 0.368700 0.999500
vt 0.290500 0.000500
vt 0.290500 0.999500
vt 0.237500 0.000500
vt 0.237500 0.999500
vt 0.489000 0.000500
vt 0.489000 0.999500
vt 0.427800 0.000500
vt 0.427800 0.999500
vt 0.371100 0.000500
vt 0.371100 0.999500
vt 0.311000 0.000500
vt 0.311000 0.999500
vt 0.506500 0.000500
vt 0.506500 0.999500
vt 0.639800 0.000500
vt 0.639800 0.999500
vt 0.747600 0.000500
vt 0.747600 0.999500
vt 0.548700 0.000500
vt 0.548700 0.999500
vt 0.513900 0.000500
vt 0.513900 0.999500
vt 0.799200 0.000500
vt 0.799200 0.999500
vt 0.764200 0.000500
vt 0.764200 0.999500
vt 0.837000 0.000500
vt 0.837000 0.999500
vt 0.889000 0.000500
vt 0.889000 0.999500
vt 0.950300 0.000500
vt 0.950300 0.999500
vt 0.975800 0.000500
vt 0.975800 0.999500
vt 0.522000 0.000500
vt 0.522000 0.999500
vt 0.488700 0.000500
vt 0.488700 0.999500
vt 0.601600 0.000500
vt 0.601600 0.999500
vt 0.654400 0.000500
vt 0.654400 0.999500
vt 0.038600 0.000500
vt 0.038600 0.999500
vt 0.932500 0.391500
vt 0.925100 0.302700
vt 0.837200 0.337000
vt 0.762800 0.600700
vt 0.792200 0.631400
vt 0.822500 0.592600
vt 0.984600 0.448100
vt 1.000000 0.397000
vt 0.863000 0.513500
vt 0.375100 0.923300
vt 0.345400 0.961800
vt 0.398300 0.992200
vt 0.896500 0.137500
vt 0.870100 0.015100
vt 0.071000 0.000000
vt 0.000000 0.679300
vt 0.131400 0.735000
vt 0.188300 0.664900
vt 0.004200 0.387800
vt 0.312600 0.484400
vt 0.044800 0.346900
vt 0.478000 1.000000
vt 0.511300 0.976200
vt 0.499200 0.950700
vt 0.027100 0.043900
vt 0.348800 0.479800
vt 0.547900 0.799500
vt 0.548700 0.764500
vt 0.514000 0.747800
vt 0.553700 0.889400
vt 0.354200 0.876900
vt 0.373000 0.765100
vt 0.569200 0.837400
vt 0.336000 0.668600
vt 0.573500 0.639900
vt 0.568800 0.592600
vt 0.629000 0.506500
vt 0.689200 0.511000
vt 0.709700 0.572300
vt 0.879600 0.550100
vt 0.859700 0.583800
vt 0.015600 0.000000
vt 0.015600 1.000000
vt 0.029900 0.000000
vt 0.029900 1.000000
vt 0.064300 0.000000
vt 0.064300 1.000000
vt 0.078000 0.000000
vt 0.078000 1.000000
vt 0.140200 0.000000
vt 0.140200 1.000000
vt 0.207600 0.000000
vt 0.207600 1.000000
vt 0.293900 0.000000
vt 0.293900 1.000000
vt 0.319300 0.000000
vt 0.319300 1.000000
vt 0.336800 0.000000
vt 0.336800 1.000000
vt 0.378000 0.000000
vt 0.378000 1.000000
vt 0.394300 0.000000
vt 0.394300 1.000000
vt 0.417700 0.000000
vt 0.417700 1.000000
vt 0.489500 0.000000
vt 0.489500 1.000000
vt 0.513700 0.000000
vt 0.513700 1.000000
vt 0.547600 0.000000
vt 0.547600 1.000000
vt 0.571900 0.000000
vt 0.571900 1.000000
vt 0.624300 0.000000
vt 0.624300 1.000000
vt 0.647200 0.000000
vt 0.647200 1.000000
vt 0.690300 0.000000
vt 0.690300 1.000000
vt 0.716900 0.000000
vt 0.716900 1.000000
vt 0.808500 0.000000
vt 0.808500 1.000000
vt 0.850200 0.000000
vt 0.850200 1.000000
vt 0.883000 0.000000
vt 0.883000 1.000000
vt 0.912600 0.000000
vt 0.912600 1.000000
vt 0.930300 0.000000
vt 0.930300 1.000000
vt 0.953700 0.000000
vt 0.953700 1.000000
vt 0.978700 0.000000
vt 0.978700 1.000000
vt 0.805400 0.006000
vt 0.589500 0.000000
vt 0.627000 0.079100
vt 0.811500 0.103000
vt 0.635200 0.270600
vt 0.887400 0.433400
vt 0.000000 0.264600
vt 0.016400 0.327400
vt 0.140100 0.305500
vt 0.092200 0.129800
vt 0.922100 0.815000
vt 0.873000 0.737200
vt 0.791800 0.762500
vt 0.922100 0.967600
vt 1.000000 0.964600
vt 1.000000 0.886800
vt 0.765000 0.557000
vt 0.577900 0.082100
vt 0.520500 0.004300
vt 0.160600 0.003000
vt 0.553300 0.204800
vt 0.088600 0.070200
vt 0.377000 0.569700
vt 0.713000 0.670700
vt 0.435400 0.812500
vt 0.627000 0.991500
vt 0.694900 0.983600
vt 0.865900 1.000000
vt 0.033500 0.000000
vt 0.033500 1.000000
vt 0.047200 0.000000
vt 0.047200 1.000000
vt 0.060800 0.000000
vt 0.060800 1.000000
vt 0.073700 0.000000
vt 0.073700 1.000000
vt 0.089000 0.000000
vt 0.089000 1.000000
vt 0.098900 0.000000
vt 0.098900 1.000000
vt 0.136400 0.000000
vt 0.136400 1.000000
vt 0.201100 0.000000
vt 0.201100 1.000000
vt 0.245800 0.000000
vt 0.245800 1.000000
vt 0.316300 0.000000
vt 0.316300 1.000000
vt 0.339200 0.000000
vt 0.339200 1.000000
vt 0.363600 0.000000
vt 0.363600 1.000000
vt 0.410700 0.000000
vt 0.410700 1.000000
vt 0.551900 0.000000
vt 0.551900 1.000000
vt 0.566300 0.000000
vt 0.566300 1.000000
vt 0.599400 0.000000
vt 0.599400 1.000000
vt 0.643400 0.000000
vt 0.643400 1.000000
vt 0.667400 0.000000
vt 0.667400 1.000000
vt 0.721700 0.000000
vt 0.721700 1.000000
vt 0.760100 0.000000
vt 0.760100 1.000000
vt 0.792500 0.000000
vt 0.792500 1.000000
vt 0.824100 0.000000
vt 0.824100 1.000000
vt 0.852700 0.000000
vt 0.852700 1.000000
vt 0.886700 0.000000
vt 0.886700 1.000000
vt 0.911600 0.000000
vt 0.911600 1.000000
vt 0.933200 0.000000
vt 0.933200 1.000000
vt 0.978600 0.000000
vt 0.978600 1.000000
vt 0.592700 0.055300
vt 0.615900 0.006100
vt 0.587900 0.955400
vt 0.616000 0.999600
vt 0.658600 0.963900
vt 0.015800 0.173300
vt 0.067800 0.251500
vt 0.138300 0.191400
vt 0.278400 0.422700
vt 0.655700 0.165100
vt 0.414200 0.540800
vt 0.755600 0.006100
vt 0.650900 0.002800
vt 0.796200 0.203400
vt 0.526700 0.898300
vt 0.531800 0.954600
vt 0.569400 0.891800
vt 0.848600 0.337900
vt 0.825400 0.455500
vt 0.751700 0.553900
vt 0.491800 0.770400
vt 0.767200 0.658900
vt 0.868900 0.749900
vt 0.798300 1.000000
vt 0.867900 0.947200
vt 0.960000 0.799800
vt 1.000000 0.872100
vt 0.976400 0.944800
vt 0.127100 0.000500
vt 0.127100 0.999500
vt 0.037900 0.000500
vt 0.037900 0.999500
vt 0.172100 0.000500
vt 0.172100 0.999500
vt 0.296100 0.000500
vt 0.296100 0.999500
vt 0.481500 0.000500
vt 0.481500 0.999500
vt 0.645500 0.000500
vt 0.645500 0.999500
vt 0.426800 0.000500
vt 0.426800 0.999500
vt 0.354500 0.000500
vt 0.354500 0.999500
vt 0.589600 0.000500
vt 0.589600 0.999500
vt 0.573200 0.000500
vt 0.573200 0.999500
vt 0.723700 0.000500
vt 0.723700 0.999500
vt 0.921200 0.000500
vt 0.921200 0.999500
vt 0.998400 0.000500
vt 0.998400 0.999500
vt 0.615400 0.000500
vt 0.615400 0.999500
vt 0.111700 0.000500
vt 0.111700 0.999500
vt 0.083500 0.000500
vt 0.083500 0.999500
vt 0.003500 0.000500
vt 0.003500 0.999500
vt 0.553500 0.000500
vt 0.553500 0.999500
vt 0.500300 0.000500
vt 0.500300 0.999500
vt 0.241100 0.000500
vt 0.241100 0.999500
vt 0.095500 0.000500
vt 0.095500 0.999500
vt 0.668600 0.000500
vt 0.668600 0.999500
vt 0.499500 0.000500
vt 0.499500 0.999500
vt 0.735500 0.000500
vt 0.735500 0.999500
vt 0.728400 0.000500
vt 0.728400 0.999500
vt 0.757000 0.000500
vt 0.757000 0.999500
vt 0.787700 0.000500
vt 0.787700 0.999500
vt 0.822300 0.000500
vt 0.822300 0.999500
vt 0.855300 0.000500
vt 0.855300 0.999500
vt 0.881400 0.000500
vt 0.881400 0.999500
vt 0.895400 0.000500
vt 0.895400 0.999500
vt 0.903200 0.000500
vt 0.903200 0.999500
vt 0.914300 0.000500
vt 0.914300 0.999500
vt 0.928100 0.000500
vt 0.928100 0.999500
vt 0.944100 0.000500
vt 0.944100 0.999500
vt 0.961600 0.000500
vt 0.961600 0.999500
vt 0.980300 0.000500
vt 0.980300 0.999500
vt 0.997300 0.000500
vt 0.997300 0.999500
vt 0.775100 0.000500
vt 0.775100 0.999500
vt 0.149500 0.000500
vt 0.149500 0.999500
vt 0.001800 0.000500
vt 0.001800 0.999500
vt 0.264600 0.000500
vt 0.264600 0.999500
vt 0.416500 0.000500
vt 0.416500 0.999500
vt 0.547600 0.000500
vt 0.547600 0.999500
vt 0.650100 0.000500
vt 0.650100 0.999500
vt 0.409900 0.000500
vt 0.409900 0.999500
vt 0.349900 0.000500
vt 0.349900 0.999500
vt 0.727700 0.000500
vt 0.727700 0.999500
vt 0.590100 0.000500
vt 0.590100 0.999500
vt 0.956100 0.000500
vt 0.956100 0.999500
vt 0.798400 0.000500
vt 0.798400 0.999500
vt 0.742100 0.000500
vt 0.742100 0.999500
vt 0.847900 0.000500
vt 0.847900 0.999500
vt 0.064800 0.000500
vt 0.064800 0.999500
vt 0.025500 0.000500
vt 0.025500 0.999500
vt 0.166400 0.000500
vt 0.166400 0.999500
vt 0.145100 0.000500
vt 0.145100 0.999500
vt 0.873800 0.000500
vt 0.873800 0.999500
vt 0.833600 0.000500
vt 0.833600 0.999500
vt 0.194900 0.000500
vt 0.194900 0.999500
vt 0.131300 0.000500
vt 0.131300 0.999500
vt 0.880900 0.000500
vt 0.880900 0.999500
vt 0.000500 0.000500
vt 0.000500 0.999500
vt 0.499700 0.083100
vt 0.615500 0.003000
vt 0.111300 0.001100
vt 0.446400 0.095100
vt 0.855600 0.149200
vt 0.997800 0.001300
vt 0.775400 0.000000
vt 0.766800 0.019200
vt 0.758500 0.037900
vt 0.750800 0.055500
vt 0.744000 0.071500
vt 0.738300 0.085300
vt 0.734100 0.096400
vt 0.956500 0.727900
vt 0.895600 0.590200
vt 0.793300 0.650300
vt 0.731600 0.104300
vt 0.667000 0.962600
vt 0.719500 1.000000
vt 0.805400 0.881300
vt 0.728100 0.118200
vt 0.098500 0.078400
vt 0.721300 0.144400
vt 0.577300 0.873200
vt 0.839800 0.264400
vt 0.712000 0.177400
vt 0.701200 0.212000
vt 0.689800 0.242700
vt 0.003500 0.410300
vt 0.028100 0.426800
vt 0.164300 0.354400
vt 0.000000 0.276100
vt 0.678700 0.264300
vt 0.895400 0.416400
vt 0.668700 0.271300
vt 0.756300 0.547600
vt 0.499500 0.240800
vt 0.416000 0.518500
vt 0.473300 0.704100
vt 0.491100 0.828200
vt 0.869100 0.874200
vt 0.898200 0.833900
vt 1.000000 0.742300
vt 0.998900 0.798700
vt 0.975000 0.848300
vt 0.935600 0.855200
vt 0.222900 0.000500
vt 0.222900 0.999500
vt 0.066400 0.000500
vt 0.066400 0.999500
vt 0.294100 0.000500
vt 0.294100 0.999500
vt 0.348900 0.000500
vt 0.348900 0.999500
vt 0.748600 0.000500
vt 0.748600 0.999500
vt 0.694700 0.000500
vt 0.694700 0.999500
vt 0.446900 0.000500
vt 0.446900 0.999500
vt 0.517200 0.000500
vt 0.517200 0.999500
vt 0.628400 0.000500
vt 0.628400 0.999500
vt 0.684300 0.000500
vt 0.684300 0.999500
vt 0.804600 0.000500
vt 0.804600 0.999500
vt 0.357600 0.000500
vt 0.357600 0.999500
vt 0.341100 0.000500
vt 0.341100 0.999500
vt 0.528800 0.000500
vt 0.528800 0.999500
vt 0.447100 0.000500
vt 0.447100 0.999500
vt 0.835400 0.000500
vt 0.835400 0.999500
vt 0.654100 0.000500
vt 0.654100 0.999500
vt 0.949200 0.000500
vt 0.949200 0.999500
vt 0.497300 0.000500
vt 0.497300 0.999500
vt 0.373800 0.000500
vt 0.373800 0.999500
vt 0.502700 0.000500
vt 0.502700 0.999500
vt 0.249700 0.000500
vt 0.249700 0.999500
vt 0.235800 0.000500
vt 0.235800 0.999500
vt 0.057900 0.000500
vt 0.057900 0.999500
vt 0.464600 0.000500
vt 0.464600 0.999500
vt 0.681300 0.000500
vt 0.681300 0.999500
vt 0.730500 0.000500
vt 0.730500 0.999500
vt 0.340200 0.000500
vt 0.340200 0.999500
vt 0.269500 0.000500
vt 0.269500 0.999500
vt 0.751900 0.000500
vt 0.751900 0.999500
vt 0.659800 0.000500
vt 0.659800 0.999500
vt 0.704800 0.000500
vt 0.704800 0.999500
vt 0.768000 0.000500
vt 0.768000 0.999500
vt 0.714000 0.000500
vt 0.714000 0.999500
vt 0.859600 0.000500
vt 0.859600 0.999500
vt 0.888900 0.000500
vt 0.888900 0.999500
vt 0.959700 0.000500
vt 0.959700 0.999500
vt 0.405000 0.000500
vt 0.405000 0.999500
vt 0.335900 0.000500
vt 0.335900 0.999500
vt 0.434400 0.000500
vt 0.434400 0.999500
vt 0.979600 0.000500
vt 0.979600 0.999500
vt 0.947600 0.000500
vt 0.947600 0.999500
vt 0.506400 0.000500
vt 0.506400 0.999500
vt 0.468000 0.000500
vt 0.468000 0.999500
vt 0.597000 0.000500
vt 0.597000 0.999500
vt 0.027300 0.000500
vt 0.027300 0.999500
vt 0.736300 0.000500
vt 0.736300 0.999500
vt 0.605700 0.000500
vt 0.605700 0.999500
vt 0.003700 0.000500
vt 0.003700 0.999500
vt 0.750500 0.057400
vt 1.000000 0.004900
vt 0.502700 0.005300
vt 0.626300 0.050400
vt 0.357400 0.000000
vt 0.215100 0.195100
vt 0.447000 0.340900
vt 0.239700 0.315500
vt 0.705000 0.752200
vt 0.642100 0.660000
vt 0.601000 0.730800
vt 0.649600 0.235500
vt 0.567000 0.164200
vt 0.528800 0.345800
vt 0.666800 0.464600
vt 0.783500 0.768200
vt 0.757300 0.714200
vt 0.713600 0.859900
vt 0.394200 0.973200
vt 0.402900 1.000000
vt 0.493600 0.964300
vt 0.256300 0.934000
vt 0.263400 0.996800
vt 0.364600 0.777400
vt 0.284100 0.553200
vt 0.251100 0.629000
vt 0.305100 0.651200
vt 0.550700 0.681400
vt 0.532100 0.980100
vt 0.565600 0.948000
vt 0.202300 0.371500
vt 0.238200 0.482800
vt 0.319100 0.706100
vt 0.712900 0.889300
vt 0.664300 0.960200
vt 0.595100 0.965300
vt 0.031100 0.000000
vt 0.031100 1.000000
vt 0.043400 0.000000
vt 0.043400 1.000000
vt 0.056900 0.000000
vt 0.056900 1.000000
vt 0.084500 0.000000
vt 0.084500 1.000000
vt 0.104100 0.000000
vt 0.104100 1.000000
vt 0.132000 0.000000
vt 0.132000 1.000000
vt 0.142200 0.000000
vt 0.142200 1.000000
vt 0.147600 0.000000
vt 0.147600 1.000000
vt 0.157400 0.000000
vt 0.157400 1.000000
vt 0.173800 0.000000
vt 0.173800 1.000000
vt 0.197700 0.000000
vt 0.197700 1.000000
vt 0.232200 0.000000
vt 0.232200 1.000000
vt 0.364300 0.000000
vt 0.364300 1.000000
vt 0.410400 0.000000
vt 0.410400 1.000000
vt 0.435200 0.000000
vt 0.435200 1.000000
vt 0.461000 0.000000
vt 0.461000 1.000000
vt 0.465000 0.000000
vt 0.465000 1.000000
vt 0.472300 0.000000
vt 0.472300 1.000000
vt 0.477900 0.000000
vt 0.477900 1.000000
vt 0.502000 0.000000
vt 0.502000 1.000000
vt 0.514400 0.000000
vt 0.514400 1.000000
vt 0.523100 0.000000
vt 0.523100 1.000000
vt 0.529700 0.000000
vt 0.529700 1.000000
vt 0.539200 0.000000
vt 0.539200 1.000000
vt 0.548300 0.000000
vt 0.548300 1.000000
vt 0.556500 0.000000
vt 0.556500 1.000000
vt 0.568400 0.000000
vt 0.568400 1.000000
vt 0.581200 0.000000
vt 0.581200 1.000000
vt 0.603900 0.000000
vt 0.603900 1.000000
vt 0.614500 0.000000
vt 0.614500 1.000000
vt 0.624700 0.000000
vt 0.624700 1.000000
vt 0.644300 0.000000
vt 0.644300 1.000000
vt 0.660800 0.000000
vt 0.660800 1.000000
vt 0.679200 0.000000
vt 0.679200 1.000000
vt 0.693300 0.000000
vt 0.693300 1.000000
vt 0.708500 0.000000
vt 0.708500 1.000000
vt 0.726100 0.000000
vt 0.726100 1.000000
vt 0.751700 0.000000
vt 0.751700 1.000000
vt 0.759000 0.000000
vt 0.759000 1.000000
vt 0.776700 0.000000
vt 0.776700 1.000000
vt 0.791300 0.000000
vt 0.791300 1.000000
vt 0.807500 0.000000
vt 0.807500 1.000000
vt 0.841800 0.000000
vt 0.841800 1.000000
vt 0.850100 0.000000
vt 0.850100 1.000000
vt 0.858100 0.000000
vt 0.858100 1.000000
vt 0.876800 0.000000
vt 0.876800 1.000000
vt 0.898500 0.000000
vt 0.898500 1.000000
vt 0.911200 0.000000
vt 0.911200 1.000000
vt 0.928100 0.000000
vt 0.928100 1.000000
vt 0.950900 0.000000
vt 0.950900 1.000000
vt 0.984600 0.000000
vt 0.984600 1.000000
vt 0.797600 0.819900
vt 0.745600 0.905400
vt 0.782200 0.871300
vt 0.812100 0.826200
vt 0.796300 1.000000
vt 0.826500 0.982600
vt 0.710200 0.956900
vt 0.715600 0.985000
vt 0.664900 0.933900
vt 0.671200 0.874500
vt 0.636200 0.853800
vt 0.679000 0.793600
vt 0.649200 0.785100
vt 0.714400 0.701300
vt 0.723100 0.738300
vt 0.632400 0.000000
vt 0.022200 0.001300
vt 0.056000 0.181300
vt 0.669800 0.242200
vt 0.071600 0.307600
vt 0.099700 0.389100
vt 0.847300 0.712000
vt 0.808000 0.732700
vt 0.834000 0.645700
vt 0.726100 0.659200
vt 0.084600 0.967500
vt 0.156500 0.963800
vt 0.172400 0.883700
vt 0.134100 0.423300
vt 0.155200 0.408500
vt 0.174700 0.458000
vt 0.905800 0.370700
vt 0.873300 0.360200
vt 0.862900 0.378300
vt 0.915500 0.398000
vt 0.023900 0.923400
vt 0.000000 0.863800
vt 0.002600 0.791700
vt 0.078100 0.672900
vt 0.326900 0.858900
vt 0.401100 0.772900
vt 0.088900 0.569000
vt 0.479000 0.765800
vt 0.534900 0.745100
vt 0.603900 0.660900
vt 0.748900 0.338100
vt 0.689800 0.650300
vt 0.852500 0.585700
vt 1.000000 0.482100
vt 0.890200 0.588700
vt 0.987800 0.546600
vt 0.928900 0.608200
vt 0.989100 0.593200
vt 0.970900 0.621800
s 1
usemtl 3d66_Standardmaterial_17342430_129
f 3/1/1 2/2/2 1/3/1
f 2/2/2 4/4/3 1/3/1
f 6/5/4 5/6/5 3/1/6
f 5/6/5 2/2/7 3/1/6
f 8/7/8 7/8/9 6/5/8
f 7/8/9 5/6/10 6/5/8
f 10/9/11 9/10/12 8/7/13
f 9/10/12 7/8/14 8/7/13
f 12/11/15 11/12/16 10/9/17
f 11/12/16 9/10/18 10/9/17
f 14/13/19 13/14/20 12/11/21
f 13/14/20 11/12/22 12/11/21
f 16/15/23 15/16/24 14/13/23
f 15/16/24 13/14/25 14/13/23
f 18/17/26 17/18/27 16/15/28
f 17/18/27 15/16/29 16/15/28
f 20/19/30 19/20/31 18/17/32
f 19/20/31 17/18/31 18/17/32
f 22/21/33 21/22/34 20/19/35
f 21/22/34 19/20/36 20/19/35
f 24/23/37 23/24/38 22/21/39
f 23/24/38 21/22/38 22/21/39
f 26/25/40 25/26/41 24/23/40
f 25/26/41 23/24/42 24/23/40
f 28/27/43 27/28/44 26/25/45
f 27/28/44 25/26/46 26/25/45
f 30/29/47 29/30/48 28/27/49
f 29/30/48 27/28/48 28/27/49
f 32/31/50 31/32/51 30/29/52
f 31/32/51 29/30/53 30/29/52
f 34/33/54 33/34/55 32/31/56
f 33/34/55 31/32/57 32/31/56
f 36/35/58 35/36/59 34/33/60
f 35/36/59 33/34/61 34/33/60
f 38/37/62 37/38/63 36/35/64
f 37/38/63 35/36/65 36/35/64
f 40/39/66 39/40/67 38/37/68
f 39/40/67 37/38/69 38/37/68
f 42/41/70 41/42/71 40/39/70
f 41/42/71 39/40/72 40/39/70
f 44/43/73 43/44/74 42/41/75
f 43/44/74 41/42/76 42/41/75
f 46/45/77 45/46/78 44/43/79
f 45/46/78 43/44/80 44/43/79
f 48/47/81 47/48/82 46/45/83
f 47/48/82 45/46/82 46/45/83
f 50/49/84 49/50/85 48/47/84
f 49/50/85 47/48/86 48/47/84
f 52/51/87 51/52/88 50/49/89
f 51/52/88 49/50/90 50/49/89
f 54/53/91 53/54/91 52/51/91
f 53/54/91 51/52/92 52/51/91
f 56/55/93 55/56/93 54/53/93
f 55/56/93 53/54/94 54/53/93
f 58/57/95 57/58/96 56/55/97
f 57/58/96 55/56/98 56/55/97
f 60/59/99 59/60/99 58/57/99
f 59/60/99 57/58/100 58/57/99
f 62/61/101 61/62/102 60/59/103
f 61/62/102 59/60/104 60/59/103
f 64/63/105 63/64/106 62/61/107
f 63/64/106 61/62/108 62/61/107
f 66/65/109 65/66/110 64/63/110
f 65/66/110 63/64/111 64/63/110
f 68/67/112 67/68/113 66/65/112
f 67/68/113 65/66/114 66/65/112
f 70/69/115 69/70/116 68/67/117
f 69/70/116 67/68/118 68/67/117
f 72/71/119 71/72/120 70/69/121
f 71/72/120 69/70/122 70/69/121
f 74/73/123 73/74/124 72/71/125
f 73/74/124 71/72/126 72/71/125
f 76/75/127 75/76/128 74/73/129
f 75/76/128 73/74/130 74/73/129
f 1/77/131 4/78/132 76/75/133
f 4/78/132 75/76/132 76/75/133
f 79/117/185 78/118/186 77/3/187
f 78/118/186 80/4/188 77/3/187
f 82/119/189 81/120/190 79/117/191
f 81/120/190 78/118/192 79/117/191
f 84/121/193 83/122/194 82/119/193
f 83/122/194 81/120/195 82/119/193
f 86/123/196 85/124/197 84/121/196
f 85/124/197 83/122/198 84/121/196
f 88/125/199 87/126/200 86/123/201
f 87/126/200 85/124/202 86/123/201
f 90/127/203 89/128/204 88/125/203
f 89/128/204 87/126/205 88/125/203
f 92/129/206 91/130/207 90/127/208
f 91/130/207 89/128/209 90/127/208
f 94/131/210 93/132/211 92/129/212
f 93/132/211 91/130/213 92/129/212
f 96/133/214 95/134/215 94/131/214
f 95/134/215 93/132/216 94/131/214
f 98/135/217 97/136/218 96/133/219
f 97/136/218 95/134/220 96/133/219
f 100/137/221 99/138/222 98/135/223
f 99/138/222 97/136/224 98/135/223
f 102/139/225 101/140/226 100/137/227
f 101/140/226 99/138/228 100/137/227
f 104/141/229 103/142/230 102/139/229
f 103/142/230 101/140/231 102/139/229
f 106/143/232 105/144/233 104/141/234
f 105/144/233 103/142/233 104/141/234
f 108/145/235 107/146/236 106/143/237
f 107/146/236 105/144/238 106/143/237
f 110/147/239 109/148/240 108/145/241
f 109/148/240 107/146/242 108/145/241
f 112/149/243 111/150/244 110/147/245
f 111/150/244 109/148/246 110/147/245
f 114/151/247 113/152/248 112/149/249
f 113/152/248 111/150/250 112/149/249
f 116/153/251 115/154/252 114/151/253
f 115/154/252 113/152/252 114/151/253
f 118/155/254 117/156/255 116/153/256
f 117/156/255 115/154/257 116/153/256
f 120/157/258 119/158/259 118/155/259
f 119/158/259 117/156/260 118/155/259
f 122/159/261 121/160/262 120/157/263
f 121/160/262 119/158/264 120/157/263
f 124/161/265 123/162/266 122/159/267
f 123/162/266 121/160/268 122/159/267
f 126/163/269 125/164/270 124/161/271
f 125/164/270 123/162/270 124/161/271
f 128/165/272 127/166/273 126/163/274
f 127/166/273 125/164/273 126/163/274
f 130/167/275 129/168/276 128/165/275
f 129/168/276 127/166/277 128/165/275
f 132/169/278 131/170/279 130/167/278
f 131/170/279 129/168/279 130/167/278
f 134/171/280 133/172/281 132/169/282
f 133/172/281 131/170/283 132/169/282
f 136/173/284 135/174/285 134/171/285
f 135/174/285 133/172/286 134/171/285
f 138/175/287 137/176/288 136/173/289
f 137/176/288 135/174/290 136/173/289
f 140/177/291 139/178/292 138/175/293
f 139/178/292 137/176/294 138/175/293
f 142/179/295 141/180/296 140/177/297
f 141/180/296 139/178/298 140/177/297
f 144/181/299 143/182/300 142/179/301
f 143/182/300 141/180/300 142/179/301
f 146/183/302 145/184/303 144/181/304
f 145/184/303 143/182/305 144/181/304
f 148/185/306 147/186/307 146/183/308
f 147/186/307 145/184/309 146/183/308
f 150/187/310 149/188/311 148/185/312
f 149/188/311 147/186/313 148/185/312
f 152/189/314 151/190/315 150/187/316
f 151/190/315 149/188/315 150/187/316
f 154/191/317 153/192/318 152/189/319
f 153/192/318 151/190/320 152/189/319
f 156/193/321 155/194/322 154/191/323
f 155/194/322 153/192/324 154/191/323
f 158/195/325 157/196/326 156/193/327
f 157/196/326 155/194/328 156/193/327
f 160/197/329 159/198/330 158/195/331
f 159/198/330 157/196/332 158/195/331
f 77/77/333 80/78/334 160/197/334
f 80/78/334 159/198/335 160/197/334
f 245/404/600 244/405/601 243/3/602
f 244/405/601 246/4/601 243/3/602
f 248/406/603 247/407/604 245/404/605
f 247/407/604 244/405/606 245/404/605
f 250/408/607 249/409/608 248/406/609
f 249/409/608 247/407/610 248/406/609
f 252/410/611 251/411/612 250/408/613
f 251/411/612 249/409/614 250/408/613
f 254/412/615 253/413/616 252/410/617
f 253/413/616 251/411/618 252/410/617
f 256/414/619 255/415/620 254/412/621
f 255/415/620 253/413/622 254/412/621
f 258/416/623 257/417/624 256/414/625
f 257/417/624 255/415/626 256/414/625
f 260/418/627 259/419/628 258/416/629
f 259/419/628 257/417/630 258/416/629
f 262/420/631 261/421/632 260/418/633
f 261/421/632 259/419/634 260/418/633
f 264/422/635 263/423/636 262/420/637
f 263/423/636 261/421/638 262/420/637
f 266/424/639 265/425/640 264/422/639
f 265/425/640 263/423/639 264/422/639
f 268/426/641 267/427/642 266/424/643
f 267/427/642 265/425/644 266/424/643
f 270/428/645 269/429/646 268/426/647
f 269/429/646 267/427/648 268/426/647
f 272/430/649 271/431/650 270/428/651
f 271/431/650 269/429/652 270/428/651
f 274/432/653 273/433/654 272/430/655
f 273/433/654 271/431/656 272/430/655
f 276/434/657 275/435/658 274/432/659
f 275/435/658 273/433/660 274/432/659
f 278/436/661 277/437/662 276/434/662
f 277/437/662 275/435/663 276/434/662
f 280/438/664 279/439/665 278/436/666
f 279/439/665 277/437/667 278/436/666
f 282/440/668 281/441/669 280/438/670
f 281/441/669 279/439/671 280/438/670
f 284/442/672 283/443/673 282/440/672
f 283/443/673 281/441/674 282/440/672
f 286/444/675 285/445/676 284/442/677
f 285/445/676 283/443/678 284/442/677
f 288/446/679 287/447/680 286/444/681
f 287/447/680 285/445/682 286/444/681
f 290/448/683 289/449/684 288/446/685
f 289/449/684 287/447/686 288/446/685
f 292/450/687 291/451/688 290/448/689
f 291/451/688 289/449/690 290/448/689
f 294/452/691 293/453/692 292/450/693
f 293/453/692 291/451/694 292/450/693
f 296/454/695 295/455/696 294/452/697
f 295/455/696 293/453/696 294/452/697
f 298/456/698 297/457/699 296/454/700
f 297/457/699 295/455/701 296/454/700
f 243/77/702 246/78/703 298/456/704
f 246/78/703 297/457/705 298/456/704
f 301/486/754 300/487/755 299/3/756
f 300/487/755 302/4/757 299/3/756
f 304/488/758 303/489/759 301/486/758
f 303/489/759 300/487/759 301/486/758
f 306/490/760 305/491/761 304/488/762
f 305/491/761 303/489/761 304/488/762
f 308/492/763 307/493/764 306/490/763
f 307/493/764 305/491/765 306/490/763
f 310/494/766 309/495/767 308/492/768
f 309/495/767 307/493/769 308/492/768
f 312/496/770 311/497/771 310/494/772
f 311/497/771 309/495/771 310/494/772
f 314/498/773 313/499/774 312/496/775
f 313/499/774 311/497/776 312/496/775
f 316/500/777 315/501/778 314/498/779
f 315/501/778 313/499/778 314/498/779
f 318/502/780 317/503/781 316/500/782
f 317/503/781 315/501/783 316/500/782
f 320/504/784 319/505/785 318/502/785
f 319/505/785 317/503/786 318/502/785
f 322/506/787 321/507/788 320/504/789
f 321/507/788 319/505/790 320/504/789
f 324/508/791 323/509/792 322/506/793
f 323/509/792 321/507/794 322/506/793
f 326/510/795 325/511/796 324/508/797
f 325/511/796 323/509/796 324/508/797
f 328/512/798 327/513/799 326/510/800
f 327/513/799 325/511/801 326/510/800
f 330/514/802 329/515/803 328/512/802
f 329/515/803 327/513/804 328/512/802
f 332/516/805 331/517/806 330/514/807
f 331/517/806 329/515/808 330/514/807
f 334/518/809 333/519/810 332/516/811
f 333/519/810 331/517/812 332/516/811
f 336/520/813 335/521/814 334/518/815
f 335/521/814 333/519/816 334/518/815
f 338/522/817 337/523/818 336/520/818
f 337/523/818 335/521/819 336/520/818
f 340/524/820 339/525/821 338/522/822
f 339/525/821 337/523/823 338/522/822
f 342/526/824 341/527/825 340/524/826
f 341/527/825 339/525/825 340/524/826
f 344/528/827 343/529/828 342/526/829
f 343/529/828 341/527/830 342/526/829
f 346/530/831 345/531/832 344/528/833
f 345/531/832 343/529/834 344/528/833
f 348/532/835 347/533/836 346/530/837
f 347/533/836 345/531/838 346/530/837
f 350/534/839 349/535/840 348/532/841
f 349/535/840 347/533/840 348/532/841
f 352/536/842 351/537/843 350/534/844
f 351/537/843 349/535/845 350/534/844
f 354/454/846 353/455/847 352/536/848
f 353/455/847 351/537/849 352/536/848
f 356/538/850 355/539/851 354/454/852
f 355/539/851 353/455/853 354/454/852
f 299/77/854 302/78/855 356/538/856
f 302/78/855 355/539/857 356/538/856
usemtl 3d66_Standardmaterial_17342430_128
f 26/79/134 24/80/135 22/81/136
f 6/82/137 3/83/138 1/84/139
f 66/85/140 64/86/139 62/87/141
f 36/88/142 34/89/136 32/90/143
f 38/91/144 36/88/142 32/90/143
f 16/92/145 14/93/146 12/94/147
f 52/95/135 50/96/135 48/97/148
f 54/98/149 52/95/135 48/97/148
f 1/84/139 76/99/150 74/100/151
f 30/101/144 28/102/134 26/79/134
f 20/103/138 18/104/150 16/92/145
f 8/105/152 6/82/137 1/84/139
f 46/106/153 44/107/154 42/108/154
f 46/106/153 42/108/154 40/109/155
f 46/106/153 40/109/155 38/91/144
f 46/106/153 38/91/144 32/90/143
f 46/106/153 32/90/143 30/101/144
f 46/106/153 30/101/144 26/79/134
f 48/97/148 46/106/153 26/79/134
f 48/97/148 26/79/134 22/81/136
f 54/98/149 48/97/148 22/81/136
f 56/110/151 54/98/149 22/81/136
f 58/111/156 56/110/151 22/81/136
f 58/111/156 22/81/136 20/103/138
f 58/111/156 20/103/138 16/92/145
f 60/112/157 58/111/156 16/92/145
f 60/112/157 16/92/145 12/94/147
f 8/105/152 1/84/139 74/100/151
f 68/113/158 66/85/140 62/87/141
f 70/114/158 68/113/158 62/87/141
f 12/94/147 10/115/146 8/105/152
f 60/112/157 12/94/147 8/105/152
f 60/112/157 8/105/152 74/100/151
f 62/87/141 60/112/157 74/100/151
f 70/114/158 62/87/141 74/100/151
f 70/114/158 74/100/151 72/116/159
f 23/80/160 25/79/161 21/81/162
f 2/83/163 5/82/164 4/84/165
f 63/86/166 65/85/167 61/87/168
f 33/89/169 35/88/170 31/90/171
f 35/88/170 37/91/164 31/90/171
f 13/93/164 15/92/164 11/94/172
f 49/96/173 51/95/174 47/97/175
f 51/95/174 53/98/176 47/97/175
f 75/99/164 4/84/165 73/100/176
f 27/102/177 29/101/178 25/79/161
f 17/104/171 19/103/167 15/92/164
f 5/82/164 7/105/176 4/84/165
f 43/107/177 45/106/179 41/108/180
f 41/108/180 45/106/179 39/109/181
f 39/109/181 45/106/179 37/91/164
f 37/91/164 45/106/179 31/90/171
f 31/90/171 45/106/179 29/101/178
f 29/101/178 45/106/179 25/79/161
f 45/106/179 47/97/175 25/79/161
f 25/79/161 47/97/175 21/81/162
f 47/97/175 53/98/176 21/81/162
f 53/98/176 55/110/182 21/81/162
f 55/110/182 57/111/164 21/81/162
f 21/81/162 57/111/164 19/103/167
f 19/103/167 57/111/164 15/92/164
f 57/111/164 59/112/183 15/92/164
f 15/92/164 59/112/183 11/94/172
f 4/84/165 7/105/176 73/100/176
f 65/85/167 67/113/167 61/87/168
f 67/113/167 69/114/184 61/87/168
f 9/115/164 11/94/172 7/105/176
f 11/94/172 59/112/183 7/105/176
f 7/105/176 59/112/183 73/100/176
f 59/112/183 61/87/168 73/100/176
f 61/87/168 69/114/184 73/100/176
f 73/100/176 69/114/184 71/116/167
usemtl 3d66_Standardmaterial_17342430_130
f 136/199/336 134/200/337 132/201/338
f 122/202/337 120/203/339 118/204/339
f 96/205/340 94/206/341 92/207/342
f 156/208/342 154/209/342 152/210/343
f 130/211/344 128/212/344 126/213/345
f 92/207/342 90/214/346 88/215/341
f 88/215/341 86/216/347 84/217/348
f 122/202/337 118/204/339 116/218/349
f 126/213/345 124/219/336 122/202/337
f 110/220/350 108/221/351 106/222/351
f 158/223/341 156/208/342 152/210/343
f 138/224/352 136/199/336 132/201/338
f 146/225/353 144/226/354 142/227/355
f 148/228/356 146/225/353 142/227/355
f 148/228/356 142/227/355 140/229/351
f 116/218/349 114/230/339 112/231/357
f 104/232/358 102/233/359 100/234/360
f 138/224/352 132/201/338 130/211/344
f 77/235/342 160/236/361 158/223/341
f 79/237/362 77/235/342 158/223/341
f 150/238/337 148/228/356 140/229/351
f 140/229/351 138/224/352 130/211/344
f 140/229/351 130/211/344 126/213/345
f 140/229/351 126/213/345 122/202/337
f 140/229/351 122/202/337 116/218/349
f 150/238/337 140/229/351 116/218/349
f 150/238/337 116/218/349 112/231/357
f 150/238/337 112/231/357 110/220/350
f 150/238/337 110/220/350 106/222/351
f 150/238/337 106/222/351 104/232/358
f 152/210/343 150/238/337 104/232/358
f 152/210/343 104/232/358 100/234/360
f 84/217/348 82/239/346 79/237/362
f 84/217/348 79/237/362 158/223/341
f 84/217/348 158/223/341 152/210/343
f 84/217/348 152/210/343 100/234/360
f 88/215/341 84/217/348 100/234/360
f 92/207/342 88/215/341 100/234/360
f 96/205/340 92/207/342 100/234/360
f 98/240/340 96/205/340 100/234/360
f 133/200/363 135/199/364 131/201/365
f 119/203/366 121/202/367 117/204/368
f 93/206/369 95/205/370 91/207/370
f 153/209/363 155/208/371 151/210/369
f 127/212/372 129/211/373 125/213/374
f 89/214/370 91/207/370 87/215/373
f 85/216/375 87/215/373 83/217/376
f 117/204/368 121/202/367 115/218/377
f 123/219/373 125/213/374 121/202/367
f 107/221/374 109/220/364 105/222/378
f 155/208/371 157/223/379 151/210/369
f 135/199/364 137/224/376 131/201/365
f 143/226/380 145/225/381 141/227/382
f 145/225/381 147/228/381 141/227/382
f 141/227/382 147/228/381 139/229/383
f 113/230/373 115/218/377 111/231/366
f 101/233/379 103/232/384 99/234/368
f 131/201/365 137/224/376 129/211/373
f 159/236/378 80/235/369 157/223/379
f 80/235/369 78/237/385 157/223/379
f 147/228/381 149/238/374 139/229/383
f 137/224/376 139/229/383 129/211/373
f 129/211/373 139/229/383 125/213/374
f 125/213/374 139/229/383 121/202/367
f 121/202/367 139/229/383 115/218/377
f 139/229/383 149/238/374 115/218/377
f 115/218/377 149/238/374 111/231/366
f 111/231/366 149/238/374 109/220/364
f 109/220/364 149/238/374 105/222/378
f 105/222/378 149/238/374 103/232/384
f 149/238/374 151/210/369 103/232/384
f 103/232/384 151/210/369 99/234/368
f 81/239/386 83/217/376 78/237/385
f 78/237/385 83/217/376 157/223/379
f 157/223/379 83/217/376 151/210/369
f 151/210/369 83/217/376 99/234/368
f 83/217/376 87/215/373 99/234/368
f 87/215/373 91/207/370 99/234/368
f 91/207/370 95/205/370 99/234/368
f 95/205/370 97/240/368 99/234/368
usemtl 3d66_Standardmaterial_17342430_132
f 163/241/387 162/242/387 161/243/388
f 162/242/387 164/244/389 161/243/388
f 166/245/390 165/246/391 163/241/392
f 165/246/391 162/242/393 163/241/392
f 168/247/394 167/248/394 166/245/394
f 167/248/394 165/246/394 166/245/394
f 170/249/395 169/250/396 168/247/397
f 169/250/396 167/248/396 168/247/397
f 172/251/398 171/252/399 170/253/400
f 171/252/399 169/254/401 170/253/400
f 174/255/402 173/256/403 172/257/403
f 173/256/403 171/258/404 172/257/403
f 176/259/405 175/260/406 174/255/407
f 175/260/406 173/256/408 174/255/407
f 178/261/409 177/262/410 176/263/411
f 177/262/410 175/264/412 176/263/411
f 180/265/413 179/266/413 178/267/414
f 179/266/413 177/268/415 178/267/414
f 182/269/416 181/270/417 180/265/418
f 181/270/417 179/266/419 180/265/418
f 184/271/420 183/272/421 182/269/420
f 183/272/421 181/270/422 182/269/420
f 186/261/423 185/262/424 184/271/423
f 185/262/424 183/272/425 184/271/423
f 188/273/426 187/274/427 186/275/428
f 187/274/427 185/276/429 186/275/428
f 190/277/430 189/278/431 188/279/432
f 189/278/431 187/280/433 188/279/432
f 192/281/434 191/282/435 190/277/435
f 191/282/435 189/278/436 190/277/435
f 194/283/437 193/284/438 192/285/438
f 193/284/438 191/286/439 192/285/438
f 196/287/440 195/288/441 194/289/442
f 195/288/441 193/290/443 194/289/442
f 198/261/444 197/262/445 196/291/446
f 197/262/445 195/292/447 196/291/446
f 200/293/448 199/294/449 198/295/448
f 199/294/449 197/296/450 198/295/448
f 202/297/451 201/298/452 200/299/453
f 201/298/452 199/300/454 200/299/453
f 204/301/455 203/302/456 202/303/457
f 203/302/456 201/304/458 202/303/457
f 206/305/459 205/306/460 204/301/461
f 205/306/460 203/302/462 204/301/461
f 208/307/463 207/308/464 206/309/463
f 207/308/464 205/310/465 206/309/463
f 210/311/466 209/312/467 208/313/468
f 209/312/467 207/314/467 208/313/468
f 212/315/469 211/316/470 210/317/471
f 211/316/470 209/318/472 210/317/471
f 214/319/473 213/320/474 212/321/475
f 213/320/474 211/322/476 212/321/475
f 216/323/477 215/324/478 214/325/479
f 215/324/478 213/326/480 214/325/479
f 218/327/481 217/328/482 216/329/483
f 217/328/482 215/330/484 216/329/483
f 220/313/485 219/314/486 218/331/487
f 219/314/486 217/332/488 218/331/487
f 222/333/489 221/334/490 220/313/491
f 221/334/490 219/314/492 220/313/491
f 224/335/493 223/336/494 222/333/495
f 223/336/494 221/334/496 222/333/495
f 226/337/497 225/338/498 224/339/499
f 225/338/498 223/340/500 224/339/499
f 228/341/501 227/342/501 226/343/501
f 227/342/501 225/344/502 226/343/501
f 230/345/503 229/346/504 228/341/505
f 229/346/504 227/342/506 228/341/505
f 232/347/507 231/348/508 230/345/509
f 231/348/508 229/346/510 230/345/509
f 234/349/511 233/350/512 232/347/513
f 233/350/512 231/348/514 232/347/513
f 236/351/515 235/352/516 234/349/517
f 235/352/516 233/350/518 234/349/517
f 238/353/519 237/354/520 236/355/521
f 237/354/520 235/356/520 236/355/521
f 240/357/522 239/358/523 238/353/524
f 239/358/523 237/354/525 238/353/524
f 242/359/526 241/360/527 240/357/528
f 241/360/527 239/358/529 240/357/528
f 161/243/530 164/244/531 242/361/532
f 164/244/531 241/362/533 242/361/532
f 359/568/899 358/569/899 357/570/900
f 358/569/899 360/571/901 357/570/900
f 362/572/902 361/573/903 359/568/904
f 361/573/903 358/569/905 359/568/904
f 364/574/906 363/575/907 362/572/908
f 363/575/907 361/573/908 362/572/908
f 366/576/909 365/577/910 364/574/911
f 365/577/910 363/575/912 364/574/911
f 368/578/913 367/579/914 366/576/915
f 367/579/914 365/577/916 366/576/915
f 370/580/917 369/581/918 368/582/919
f 369/581/918 367/583/920 368/582/919
f 372/584/921 371/585/922 370/586/923
f 371/585/922 369/587/924 370/586/923
f 374/588/925 373/589/926 372/584/927
f 373/589/926 371/585/928 372/584/927
f 376/590/929 375/591/930 374/588/929
f 375/591/930 373/589/931 374/588/929
f 378/592/932 377/593/933 376/590/934
f 377/593/933 375/591/935 376/590/934
f 380/594/936 379/595/937 378/596/938
f 379/595/937 377/597/939 378/596/938
f 382/598/940 381/599/941 380/600/942
f 381/599/941 379/601/943 380/600/942
f 384/602/944 383/603/945 382/604/946
f 383/603/945 381/605/945 382/604/946
f 386/606/947 385/607/948 384/608/949
f 385/607/948 383/609/950 384/608/949
f 388/610/951 387/611/952 386/612/953
f 387/611/952 385/613/954 386/612/953
f 390/614/955 389/615/956 388/616/951
f 389/615/956 387/617/952 388/616/951
f 392/618/957 391/619/958 390/614/955
f 391/619/958 389/615/956 390/614/955
f 394/620/959 393/621/960 392/618/957
f 393/621/960 391/619/958 392/618/957
f 396/622/961 395/623/962 394/620/959
f 395/623/962 393/621/960 394/620/959
f 398/624/963 397/625/964 396/622/961
f 397/625/964 395/623/962 396/622/961
f 400/626/965 399/627/966 398/624/963
f 399/627/966 397/625/964 398/624/963
f 402/628/967 401/629/968 400/626/965
f 401/629/968 399/627/966 400/626/965
f 404/630/969 403/631/970 402/628/967
f 403/631/970 401/629/968 402/628/967
f 406/632/971 405/633/972 404/630/969
f 405/633/972 403/631/970 404/630/969
f 408/634/973 407/635/974 406/632/971
f 407/635/974 405/633/972 406/632/971
f 410/636/975 409/637/976 408/634/973
f 409/637/976 407/635/974 408/634/973
f 412/638/977 411/639/978 410/636/975
f 411/639/978 409/637/976 410/636/975
f 414/640/979 413/641/980 412/638/977
f 413/641/980 411/639/978 412/638/977
f 416/261/981 415/262/981 414/640/979
f 415/262/981 413/641/980 414/640/979
f 418/642/982 417/643/983 416/644/983
f 417/643/983 415/645/984 416/644/983
f 420/646/985 419/647/986 418/648/987
f 419/647/986 417/649/988 418/648/987
f 422/650/989 421/651/990 420/646/991
f 421/651/990 419/647/992 420/646/991
f 424/652/993 423/653/994 422/650/994
f 423/653/994 421/651/995 422/650/994
f 426/654/996 425/655/997 424/652/998
f 425/655/997 423/653/999 424/652/998
f 428/656/1000 427/657/1000 426/654/1001
f 427/657/1000 425/655/1000 426/654/1001
f 430/658/1002 429/659/1003 428/660/1004
f 429/659/1003 427/661/1005 428/660/1004
f 432/662/1006 431/663/1007 430/664/1008
f 431/663/1007 429/665/1009 430/664/1008
f 434/261/1010 433/262/1011 432/666/1010
f 433/262/1011 431/667/1012 432/666/1010
f 436/668/1013 435/669/1014 434/670/1015
f 435/669/1014 433/671/1016 434/670/1015
f 438/672/1017 437/673/1018 436/668/1018
f 437/673/1018 435/669/1018 436/668/1018
f 440/674/1019 439/675/1020 438/676/1021
f 439/675/1020 437/677/1022 438/676/1021
f 442/678/1023 441/679/1023 440/680/1024
f 441/679/1023 439/681/1023 440/680/1024
f 444/682/1025 443/683/1026 442/684/1027
f 443/683/1026 441/685/1028 442/684/1027
f 446/686/1029 445/687/1030 444/688/1031
f 445/687/1030 443/689/1032 444/688/1031
f 448/261/1033 447/262/1034 446/690/1035
f 447/262/1034 445/691/1036 446/690/1035
f 357/570/1037 360/571/1038 448/692/1039
f 360/571/1038 447/693/1040 448/692/1039
f 451/740/1098 450/741/1099 449/742/1098
f 450/741/1099 452/743/1100 449/742/1098
f 454/744/1101 453/745/1102 451/740/1103
f 453/745/1102 450/741/1104 451/740/1103
f 456/746/1105 455/747/1106 454/744/1107
f 455/747/1106 453/745/1108 454/744/1107
f 458/748/1109 457/749/1110 456/750/1111
f 457/749/1110 455/751/1110 456/750/1111
f 460/752/1112 459/753/1113 458/327/1114
f 459/753/1113 457/328/1112 458/327/1114
f 462/754/1115 461/755/1116 460/752/1117
f 461/755/1116 459/753/1118 460/752/1117
f 464/756/1119 463/757/1120 462/754/1121
f 463/757/1120 461/755/1122 462/754/1121
f 466/758/1123 465/759/1124 464/756/1125
f 465/759/1124 463/757/1126 464/756/1125
f 468/760/1127 467/761/1128 466/758/1129
f 467/761/1128 465/759/1130 466/758/1129
f 470/261/1131 469/262/1132 468/760/1133
f 469/262/1132 467/761/1134 468/760/1133
f 472/762/1135 471/763/1136 470/692/1137
f 471/763/1136 469/693/1138 470/692/1137
f 474/764/1139 473/765/1140 472/692/1141
f 473/765/1140 471/693/1142 472/692/1141
f 476/766/1143 475/767/1144 474/768/1145
f 475/767/1144 473/769/1146 474/768/1145
f 478/770/1147 477/771/1148 476/772/1149
f 477/771/1148 475/773/1150 476/772/1149
f 480/774/1151 479/775/1152 478/770/1153
f 479/775/1152 477/771/1154 478/770/1153
f 482/776/1155 481/777/1156 480/778/1157
f 481/777/1156 479/779/1158 480/778/1157
f 484/261/1159 483/262/1160 482/780/1161
f 483/262/1160 481/781/1162 482/780/1161
f 486/782/1163 485/783/1164 484/692/1165
f 485/783/1164 483/693/1166 484/692/1165
f 488/784/1167 487/785/1168 486/786/1169
f 487/785/1168 485/787/1170 486/786/1169
f 490/788/1171 489/789/1172 488/784/1173
f 489/789/1172 487/785/1174 488/784/1173
f 492/790/1175 491/791/1176 490/788/1176
f 491/791/1176 489/789/1177 490/788/1176
f 494/792/1178 493/793/1179 492/790/1180
f 493/793/1179 491/791/1180 492/790/1180
f 496/794/1181 495/795/1182 494/796/1183
f 495/795/1182 493/797/1182 494/796/1183
f 498/798/1184 497/799/1185 496/800/1186
f 497/799/1185 495/801/1187 496/800/1186
f 500/618/1188 499/619/1189 498/802/1190
f 499/619/1189 497/803/1191 498/802/1190
f 502/804/1192 501/805/1193 500/806/1194
f 501/805/1193 499/807/1193 500/806/1194
f 504/808/1195 503/809/1196 502/804/1197
f 503/809/1196 501/805/1198 502/804/1197
f 506/810/1199 505/811/1199 504/808/1199
f 505/811/1199 503/809/1200 504/808/1199
f 508/812/1201 507/813/1202 506/810/1203
f 507/813/1202 505/811/1204 506/810/1203
f 510/814/1205 509/815/1206 508/816/1207
f 509/815/1206 507/817/1208 508/816/1207
f 512/818/1209 511/819/1210 510/814/1209
f 511/819/1210 509/815/1210 510/814/1209
f 514/820/1211 513/821/1212 512/822/1213
f 513/821/1212 511/823/1214 512/822/1213
f 516/824/1215 515/825/1216 514/826/1217
f 515/825/1216 513/827/1218 514/826/1217
f 518/828/1219 517/829/1220 516/824/1221
f 517/829/1220 515/825/1222 516/824/1221
f 520/830/1223 519/831/1224 518/692/1225
f 519/831/1224 517/693/1226 518/692/1225
f 522/832/1227 521/833/1228 520/834/1229
f 521/833/1228 519/835/1230 520/834/1229
f 449/742/1231 452/743/1232 522/836/1233
f 452/743/1232 521/837/1234 522/836/1233
usemtl 3d66_Standardmaterial_17342430_131
f 196/363/534 194/364/535 192/365/536
f 212/366/537 210/367/538 208/368/537
f 200/369/539 198/370/540 196/363/534
f 202/371/541 200/369/539 196/363/534
f 161/372/542 242/373/543 240/374/544
f 202/371/541 196/363/534 192/365/536
f 190/375/540 188/376/545 186/377/546
f 192/365/536 190/375/540 186/377/546
f 178/378/547 176/379/548 174/380/549
f 180/381/550 178/378/547 174/380/549
f 180/381/550 174/380/549 172/382/551
f 182/383/552 180/381/550 172/382/551
f 238/384/553 236/385/554 234/386/555
f 240/374/544 238/384/553 234/386/555
f 161/372/542 240/374/544 234/386/555
f 192/365/536 186/377/546 184/387/556
f 192/365/536 184/387/556 182/383/552
f 192/365/536 182/383/552 172/382/551
f 192/365/536 172/382/551 170/388/557
f 202/371/541 192/365/536 170/388/557
f 228/389/558 226/390/553 224/391/555
f 161/372/542 234/386/555 232/392/559
f 163/393/555 161/372/542 232/392/559
f 166/394/560 163/393/555 232/392/559
f 166/394/560 232/392/559 230/395/538
f 166/394/560 230/395/538 228/389/558
f 166/394/560 228/389/558 224/391/555
f 168/396/561 166/394/560 224/391/555
f 168/396/561 224/391/555 222/397/562
f 170/388/557 168/396/561 222/397/562
f 170/388/557 222/397/562 220/398/559
f 170/388/557 220/398/559 218/399/563
f 202/371/541 170/388/557 218/399/563
f 202/371/541 218/399/563 216/400/564
f 202/371/541 216/400/564 214/401/565
f 202/371/541 214/401/565 212/366/537
f 202/371/541 212/366/537 208/368/537
f 204/402/566 202/371/541 208/368/537
f 206/403/567 204/402/566 208/368/537
f 193/364/568 195/363/569 191/365/570
f 209/367/571 211/366/572 207/368/571
f 197/370/573 199/369/574 195/363/569
f 199/369/574 201/371/572 195/363/569
f 241/373/575 164/372/576 239/374/577
f 195/363/569 201/371/572 191/365/570
f 187/376/570 189/375/570 185/377/578
f 189/375/570 191/365/570 185/377/578
f 175/379/579 177/378/580 173/380/581
f 177/378/580 179/381/582 173/380/581
f 173/380/581 179/381/582 171/382/583
f 179/381/582 181/383/584 171/382/583
f 235/385/585 237/384/581 233/386/577
f 237/384/581 239/374/577 233/386/577
f 239/374/577 164/372/576 233/386/577
f 185/377/578 191/365/570 183/387/586
f 183/387/586 191/365/570 181/383/584
f 181/383/584 191/365/570 171/382/583
f 171/382/583 191/365/570 169/388/587
f 191/365/570 201/371/572 169/388/587
f 225/390/588 227/389/589 223/391/584
f 233/386/577 164/372/576 231/392/590
f 164/372/576 162/393/591 231/392/590
f 162/393/591 165/394/592 231/392/590
f 231/392/590 165/394/592 229/395/593
f 229/395/593 165/394/592 227/389/589
f 227/389/589 165/394/592 223/391/584
f 165/394/592 167/396/594 223/391/584
f 223/391/584 167/396/594 221/397/595
f 167/396/594 169/388/587 221/397/595
f 221/397/595 169/388/587 219/398/589
f 219/398/589 169/388/587 217/399/596
f 169/388/587 201/371/572 217/399/596
f 217/399/596 201/371/572 215/400/597
f 215/400/597 201/371/572 213/401/598
f 213/401/598 201/371/572 211/366/572
f 211/366/572 201/371/572 207/368/571
f 201/371/572 203/402/571 207/368/571
f 203/402/571 205/403/599 207/368/571
usemtl 3d66_Standardmaterial_17342430_133
f 282/458/706 280/459/707 278/460/708
f 284/461/706 282/458/706 278/460/708
f 284/461/706 278/460/708 276/462/708
f 286/463/709 284/461/706 276/462/708
f 262/464/710 260/465/711 258/466/712
f 264/467/713 262/464/710 258/466/712
f 296/468/714 294/469/715 292/470/716
f 245/471/717 243/472/718 298/473/719
f 288/474/720 286/463/709 276/462/708
f 245/471/717 298/473/719 296/468/714
f 272/475/721 270/476/722 268/477/723
f 274/478/708 272/475/721 268/477/723
f 274/478/708 268/477/723 266/479/724
f 274/478/708 266/479/724 264/467/713
f 274/478/708 264/467/713 258/466/712
f 274/478/708 258/466/712 256/480/709
f 276/462/708 274/478/708 256/480/709
f 288/474/720 276/462/708 256/480/709
f 290/481/725 288/474/720 256/480/709
f 290/481/725 256/480/709 254/482/726
f 290/481/725 254/482/726 252/483/727
f 292/470/716 290/481/725 252/483/727
f 292/470/716 252/483/727 250/484/726
f 296/468/714 292/470/716 250/484/726
f 245/471/717 296/468/714 250/484/726
f 245/471/717 250/484/726 248/485/728
f 279/459/729 281/458/730 277/460/731
f 281/458/730 283/461/732 277/460/731
f 277/460/731 283/461/732 275/462/732
f 283/461/732 285/463/733 275/462/732
f 259/465/734 261/464/735 257/466/736
f 261/464/735 263/467/737 257/466/736
f 293/469/738 295/468/739 291/470/740
f 246/472/741 244/471/742 297/473/743
f 285/463/733 287/474/732 275/462/732
f 297/473/743 244/471/742 295/468/739
f 269/476/744 271/475/745 267/477/746
f 271/475/745 273/478/747 267/477/746
f 267/477/746 273/478/747 265/479/748
f 265/479/748 273/478/747 263/467/737
f 263/467/737 273/478/747 257/466/736
f 257/466/736 273/478/747 255/480/747
f 273/478/747 275/462/732 255/480/747
f 275/462/732 287/474/732 255/480/747
f 287/474/732 289/481/749 255/480/747
f 255/480/747 289/481/749 253/482/750
f 253/482/750 289/481/749 251/483/751
f 289/481/749 291/470/740 251/483/751
f 251/483/751 291/470/740 249/484/752
f 291/470/740 295/468/739 249/484/752
f 295/468/739 244/471/742 249/484/752
f 249/484/752 244/471/742 247/485/753
usemtl 3d66_Standardmaterial_17342430_134
f 330/540/858 328/541/859 326/3/860
f 306/542/861 304/543/862 301/544/861
f 324/545/863 322/546/864 320/547/865
f 330/540/858 326/3/860 324/545/863
f 330/540/858 324/545/863 320/547/865
f 330/540/858 320/547/865 318/548/858
f 332/549/866 330/540/858 318/548/858
f 332/549/866 318/548/858 316/550/867
f 336/551/866 334/552/868 332/549/866
f 338/553/869 336/551/866 332/549/866
f 310/554/866 308/555/862 306/542/861
f 312/556/868 310/554/866 306/542/861
f 338/553/869 332/549/866 316/550/867
f 340/557/866 338/553/869 316/550/867
f 342/558/870 340/557/866 316/550/867
f 344/559/871 342/558/870 316/550/867
f 344/559/871 316/550/867 314/560/870
f 346/561/872 344/559/871 314/560/870
f 346/561/872 314/560/870 312/556/868
f 348/562/861 346/561/872 312/556/868
f 348/562/861 312/556/868 306/542/861
f 348/562/861 306/542/861 301/544/861
f 348/562/861 301/544/861 299/563/873
f 348/562/861 299/563/873 356/564/873
f 350/565/874 348/562/861 356/564/873
f 352/566/874 350/565/874 356/564/873
f 352/566/874 356/564/873 354/567/875
f 327/541/876 329/540/877 325/3/878
f 303/543/879 305/542/880 300/544/881
f 321/546/882 323/545/883 319/547/884
f 325/3/878 329/540/877 323/545/883
f 323/545/883 329/540/877 319/547/884
f 319/547/884 329/540/877 317/548/885
f 329/540/877 331/549/886 317/548/885
f 317/548/885 331/549/886 315/550/887
f 333/552/886 335/551/888 331/549/886
f 335/551/888 337/553/889 331/549/886
f 307/555/881 309/554/890 305/542/880
f 309/554/890 311/556/891 305/542/880
f 331/549/886 337/553/889 315/550/887
f 337/553/889 339/557/892 315/550/887
f 339/557/892 341/558/893 315/550/887
f 341/558/893 343/559/877 315/550/887
f 315/550/887 343/559/877 313/560/894
f 343/559/877 345/561/892 313/560/894
f 313/560/894 345/561/892 311/556/891
f 345/561/892 347/562/895 311/556/891
f 311/556/891 347/562/895 305/542/880
f 305/542/880 347/562/895 300/544/881
f 300/544/881 347/562/895 302/563/895
f 302/563/895 347/562/895 355/564/895
f 347/562/895 349/565/896 355/564/895
f 349/565/896 351/566/897 355/564/895
f 355/564/895 351/566/897 353/567/898
usemtl 3d66_Standardmaterial_17342430_135
f 382/694/1041 380/695/1042 378/696/1042
f 384/697/1043 382/694/1041 378/696/1042
f 420/698/1044 418/699/1041 416/700/1045
f 420/698/1044 416/700/1045 414/701/1046
f 420/698/1044 414/701/1046 412/702/1047
f 420/698/1044 412/702/1047 410/703/1044
f 420/698/1044 410/703/1044 408/704/1048
f 420/698/1044 408/704/1048 406/705/1049
f 420/698/1044 406/705/1049 404/706/1050
f 432/707/1047 430/708/1051 428/709/1044
f 420/698/1044 404/706/1050 402/710/1052
f 357/711/1053 448/712/1053 446/713/1053
f 420/698/1044 402/710/1052 400/714/1054
f 384/697/1043 378/696/1042 376/715/1055
f 420/698/1044 400/714/1054 398/716/1047
f 359/717/1056 357/711/1053 446/713/1053
f 422/718/1057 420/698/1044 398/716/1047
f 422/718/1057 398/716/1047 396/719/1051
f 422/718/1057 396/719/1051 394/720/1051
f 422/718/1057 394/720/1051 392/721/1051
f 372/722/1058 370/723/1059 368/724/1060
f 374/725/1059 372/722/1058 368/724/1060
f 422/718/1057 392/721/1051 390/726/1051
f 424/727/1042 422/718/1057 390/726/1051
f 424/727/1042 390/726/1051 388/728/1061
f 426/729/1044 424/727/1042 388/728/1061
f 384/697/1043 376/715/1055 374/725/1059
f 384/697/1043 374/725/1059 368/724/1060
f 386/730/1062 384/697/1043 368/724/1060
f 386/730/1062 368/724/1060 366/731/1051
f 388/728/1061 386/730/1062 366/731/1051
f 426/729/1044 388/728/1061 366/731/1051
f 426/729/1044 366/731/1051 364/732/1063
f 428/709/1044 426/729/1044 364/732/1063
f 428/709/1044 364/732/1063 362/733/1047
f 428/709/1044 362/733/1047 359/717/1056
f 428/709/1044 359/717/1056 446/713/1053
f 432/707/1047 428/709/1044 446/713/1053
f 432/707/1047 446/713/1053 444/734/1064
f 432/707/1047 444/734/1064 442/735/1065
f 434/736/1056 432/707/1047 442/735/1065
f 436/737/1066 434/736/1056 442/735/1065
f 438/738/1067 436/737/1066 442/735/1065
f 438/738/1067 442/735/1065 440/739/1066
f 379/695/1068 381/694/1069 377/696/1070
f 381/694/1069 383/697/1071 377/696/1070
f 417/699/1072 419/698/1068 415/700/1072
f 415/700/1072 419/698/1068 413/701/1072
f 413/701/1072 419/698/1068 411/702/1068
f 411/702/1068 419/698/1068 409/703/1073
f 409/703/1073 419/698/1068 407/704/1072
f 407/704/1072 419/698/1068 405/705/1074
f 405/705/1074 419/698/1068 403/706/1075
f 429/708/1076 431/707/1077 427/709/1078
f 403/706/1075 419/698/1068 401/710/1079
f 447/712/1080 360/711/1080 445/713/1081
f 401/710/1079 419/698/1068 399/714/1068
f 377/696/1070 383/697/1071 375/715/1082
f 399/714/1068 419/698/1068 397/716/1072
f 360/711/1080 358/717/1083 445/713/1081
f 419/698/1068 421/718/1084 397/716/1072
f 397/716/1072 421/718/1084 395/719/1077
f 395/719/1077 421/718/1084 393/720/1085
f 393/720/1085 421/718/1084 391/721/1086
f 369/723/1087 371/722/1088 367/724/1089
f 371/722/1088 373/725/1090 367/724/1089
f 391/721/1086 421/718/1084 389/726/1085
f 421/718/1084 423/727/1086 389/726/1085
f 389/726/1085 423/727/1086 387/728/1091
f 423/727/1086 425/729/1092 387/728/1091
f 375/715/1082 383/697/1071 373/725/1090
f 373/725/1090 383/697/1071 367/724/1089
f 383/697/1071 385/730/1078 367/724/1089
f 367/724/1089 385/730/1078 365/731/1093
f 385/730/1078 387/728/1091 365/731/1093
f 387/728/1091 425/729/1092 365/731/1093
f 365/731/1093 425/729/1092 363/732/1094
f 425/729/1092 427/709/1078 363/732/1094
f 363/732/1094 427/709/1078 361/733/1082
f 361/733/1082 427/709/1078 358/717/1083
f 358/717/1083 427/709/1078 445/713/1081
f 427/709/1078 431/707/1077 445/713/1081
f 445/713/1081 431/707/1077 443/734/1091
f 443/734/1091 431/707/1077 441/735/1095
f 431/707/1077 433/736/1077 441/735/1095
f 433/736/1077 435/737/1096 441/735/1095
f 435/737/1096 437/738/1083 441/735/1095
f 441/735/1095 437/738/1083 439/739/1097
usemtl 3d66_Standardmaterial_17342430_136
f 486/838/1235 484/839/1236 482/840/1237
f 486/838/1235 482/840/1237 480/841/1238
f 472/842/1239 470/3/1239 468/843/1240
f 474/844/1239 472/842/1239 468/843/1240
f 474/844/1239 468/843/1240 466/845/1241
f 498/846/1242 496/847/1242 494/848/1243
f 488/849/1244 486/838/1235 480/841/1238
f 488/849/1244 480/841/1238 478/850/1245
f 488/849/1244 478/850/1245 476/851/1242
f 490/852/1246 488/849/1244 476/851/1242
f 502/853/1243 500/854/1247 498/846/1242
f 504/855/1248 502/853/1243 498/846/1242
f 520/856/1249 518/857/1244 516/858/1239
f 449/859/1249 522/860/1250 520/856/1249
f 451/861/1251 449/859/1249 520/856/1249
f 451/861/1251 520/856/1249 516/858/1239
f 460/862/1252 458/863/1253 456/864/1254
f 504/855/1248 498/846/1242 494/848/1243
f 492/865/1239 490/852/1246 476/851/1242
f 492/865/1239 476/851/1242 474/844/1239
f 516/858/1239 514/866/1255 512/867/1256
f 451/861/1251 516/858/1239 512/867/1256
f 492/865/1239 474/844/1239 466/845/1241
f 492/865/1239 466/845/1241 464/868/1241
f 492/865/1239 464/868/1241 462/869/1257
f 492/865/1239 462/869/1257 460/862/1252
f 492/865/1239 460/862/1252 456/864/1254
f 492/865/1239 456/864/1254 454/870/1258
f 492/865/1239 454/870/1258 451/861/1251
f 492/865/1239 451/861/1251 512/867/1256
f 494/848/1243 492/865/1239 512/867/1256
f 504/855/1248 494/848/1243 512/867/1256
f 506/871/1247 504/855/1248 512/867/1256
f 508/872/1239 506/871/1247 512/867/1256
f 510/873/1256 508/872/1239 512/867/1256
f 483/839/1259 485/838/1260 481/840/1260
f 481/840/1260 485/838/1260 479/841/1261
f 469/3/1262 471/842/1263 467/843/1264
f 471/842/1263 473/844/1265 467/843/1264
f 467/843/1264 473/844/1265 465/845/1266
f 495/847/1267 497/846/1268 493/848/1269
f 485/838/1260 487/849/1261 479/841/1261
f 479/841/1261 487/849/1261 477/850/1270
f 477/850/1270 487/849/1261 475/851/1271
f 487/849/1261 489/852/1272 475/851/1271
f 499/854/1269 501/853/1273 497/846/1268
f 501/853/1273 503/855/1274 497/846/1268
f 517/857/1275 519/856/1269 515/858/1275
f 521/860/1275 452/859/1276 519/856/1269
f 452/859/1276 450/861/1277 519/856/1269
f 519/856/1269 450/861/1277 515/858/1275
f 457/863/1265 459/862/1265 455/864/1263
f 497/846/1268 503/855/1274 493/848/1269
f 489/852/1272 491/865/1264 475/851/1271
f 475/851/1271 491/865/1264 473/844/1265
f 513/866/1278 515/858/1275 511/867/1264
f 515/858/1275 450/861/1277 511/867/1264
f 473/844/1265 491/865/1264 465/845/1266
f 465/845/1266 491/865/1264 463/868/1265
f 463/868/1265 491/865/1264 461/869/1264
f 461/869/1264 491/865/1264 459/862/1265
f 459/862/1265 491/865/1264 455/864/1263
f 455/864/1263 491/865/1264 453/870/1265
f 453/870/1265 491/865/1264 450/861/1277
f 450/861/1277 491/865/1264 511/867/1264
f 491/865/1264 493/848/1269 511/867/1264
f 493/848/1269 503/855/1274 511/867/1264
f 503/855/1274 505/871/1279 511/867/1264
f 505/871/1279 507/872/1266 511/867/1264
f 507/872/1266 509/873/1280 511/867/1264
usemtl 3d66_Standardmaterial_17342430_138
f 525/404/1281 524/405/1282 523/3/1283
f 524/405/1282 526/4/1284 523/3/1283
f 528/874/1285 527/875/1286 525/404/1287
f 527/875/1286 524/405/1288 525/404/1287
f 530/876/1289 529/877/1290 528/874/1291
f 529/877/1290 527/875/1290 528/874/1291
f 532/878/1292 531/879/1293 530/876/1294
f 531/879/1293 529/877/1294 530/876/1294
f 534/880/1295 533/881/1296 532/878/1295
f 533/881/1296 531/879/1297 532/878/1295
f 536/882/1298 535/883/1299 534/880/1300
f 535/883/1299 533/881/1299 534/880/1300
f 538/884/1301 537/885/1302 536/882/1301
f 537/885/1302 535/883/1303 536/882/1301
f 540/886/1304 539/887/1305 538/884/1306
f 539/887/1305 537/885/1307 538/884/1306
f 542/888/1308 541/889/1309 540/886/1310
f 541/889/1309 539/887/1311 540/886/1310
f 544/890/1312 543/891/1313 542/888/1312
f 543/891/1313 541/889/1313 542/888/1312
f 546/892/1314 545/893/1315 544/890/1316
f 545/893/1315 543/891/1317 544/890/1316
f 548/894/1318 547/895/1319 546/892/1320
f 547/895/1319 545/893/1321 546/892/1320
f 550/896/1322 549/897/1323 548/894/1323
f 549/897/1323 547/895/1323 548/894/1323
f 552/898/1324 551/899/1325 550/896/1326
f 551/899/1325 549/897/1327 550/896/1326
f 554/900/1328 553/901/1328 552/898/1328
f 553/901/1328 551/899/1329 552/898/1328
f 556/902/1330 555/903/1331 554/900/1332
f 555/903/1331 553/901/1333 554/900/1332
f 558/904/1334 557/905/1335 556/902/1336
f 557/905/1335 555/903/1337 556/902/1336
f 560/906/1338 559/907/1339 558/904/1340
f 559/907/1339 557/905/1341 558/904/1340
f 562/908/1342 561/909/1343 560/906/1344
f 561/909/1343 559/907/1345 560/906/1344
f 564/910/1346 563/911/1347 562/908/1348
f 563/911/1347 561/909/1347 562/908/1348
f 566/912/1349 565/913/1350 564/910/1351
f 565/913/1350 563/911/1352 564/910/1351
f 568/914/1353 567/915/1354 566/912/1355
f 567/915/1354 565/913/1356 566/912/1355
f 570/916/1357 569/917/1358 568/914/1359
f 569/917/1358 567/915/1358 568/914/1359
f 572/918/1360 571/919/1361 570/916/1360
f 571/919/1361 569/917/1361 570/916/1360
f 574/920/1362 573/921/1363 572/918/1364
f 573/921/1363 571/919/1365 572/918/1364
f 576/922/1366 575/923/1367 574/920/1368
f 575/923/1367 573/921/1369 574/920/1368
f 578/924/1370 577/925/1371 576/922/1372
f 577/925/1371 575/923/1373 576/922/1372
f 580/926/1374 579/927/1375 578/924/1376
f 579/927/1375 577/925/1375 578/924/1376
f 582/928/1377 581/929/1378 580/926/1379
f 581/929/1378 579/927/1378 580/926/1379
f 584/930/1380 583/931/1381 582/928/1382
f 583/931/1381 581/929/1383 582/928/1382
f 586/932/1384 585/933/1385 584/930/1386
f 585/933/1385 583/931/1387 584/930/1386
f 588/934/1388 587/935/1389 586/932/1390
f 587/935/1389 585/933/1391 586/932/1390
f 590/936/1392 589/937/1393 588/934/1394
f 589/937/1393 587/935/1392 588/934/1394
f 592/938/1395 591/939/1396 590/936/1395
f 591/939/1396 589/937/1396 590/936/1395
f 594/940/1397 593/941/1398 592/938/1399
f 593/941/1398 591/939/1400 592/938/1399
f 596/942/1401 595/943/1402 594/940/1403
f 595/943/1402 593/941/1403 594/940/1403
f 598/944/1404 597/945/1405 596/942/1406
f 597/945/1405 595/943/1407 596/942/1406
f 600/946/1408 599/947/1408 598/944/1409
f 599/947/1408 597/945/1410 598/944/1409
f 602/948/1411 601/949/1412 600/946/1413
f 601/949/1412 599/947/1414 600/946/1413
f 604/950/1415 603/951/1415 602/948/1416
f 603/951/1415 601/949/1415 602/948/1416
f 606/952/1417 605/953/1418 604/950/1419
f 605/953/1418 603/951/1420 604/950/1419
f 608/954/1421 607/955/1422 606/952/1423
f 607/955/1422 605/953/1424 606/952/1423
f 610/956/1425 609/957/1426 608/954/1427
f 609/957/1426 607/955/1427 608/954/1427
f 612/59/1428 611/60/1429 610/956/1430
f 611/60/1429 609/957/1431 610/956/1430
f 614/958/1432 613/959/1432 612/59/1433
f 613/959/1432 611/60/1434 612/59/1433
f 616/960/1435 615/961/1436 614/958/1437
f 615/961/1436 613/959/1438 614/958/1437
f 618/962/1439 617/963/1440 616/960/1441
f 617/963/1440 615/961/1442 616/960/1441
f 620/964/1443 619/965/1444 618/962/1445
f 619/965/1444 617/963/1446 618/962/1445
f 622/966/1447 621/967/1448 620/964/1449
f 621/967/1448 619/965/1450 620/964/1449
f 624/968/1451 623/969/1452 622/966/1453
f 623/969/1452 621/967/1454 622/966/1453
f 626/970/1455 625/971/1456 624/968/1457
f 625/971/1456 623/969/1458 624/968/1457
f 628/972/1459 627/973/1460 626/970/1461
f 627/973/1460 625/971/1462 626/970/1461
f 630/974/1463 629/975/1464 628/972/1465
f 629/975/1464 627/973/1466 628/972/1465
f 523/77/1467 526/78/1468 630/974/1469
f 526/78/1468 629/975/1470 630/974/1469
usemtl 3d66_Standardmaterial_17342430_137
f 590/976/1471 588/977/1471 586/978/1471
f 590/976/1471 586/978/1471 584/979/1471
f 604/980/1472 602/981/1473 600/982/1474
f 606/983/1475 604/980/1472 600/982/1474
f 608/984/1473 606/983/1475 600/982/1474
f 608/984/1473 600/982/1474 598/985/1471
f 610/986/1476 608/984/1473 598/985/1471
f 610/986/1476 598/985/1471 596/987/1477
f 612/988/1473 610/986/1476 596/987/1477
f 614/989/1478 612/988/1473 596/987/1477
f 614/989/1478 596/987/1477 594/990/1473
f 552/991/1477 550/992/1479 548/993/1480
f 554/994/1477 552/991/1477 548/993/1480
f 554/994/1477 548/993/1480 546/995/1481
f 554/994/1477 546/995/1481 544/996/1482
f 590/976/1471 584/979/1471 582/997/1483
f 592/998/1484 590/976/1471 582/997/1483
f 592/998/1484 582/997/1483 580/999/1485
f 614/989/1478 594/990/1473 592/998/1484
f 616/1000/1486 614/989/1478 592/998/1484
f 616/1000/1486 592/998/1484 580/999/1485
f 525/1001/1487 523/1002/1482 630/1003/1481
f 544/996/1482 542/1004/1488 540/1005/1489
f 554/994/1477 544/996/1482 540/1005/1489
f 554/994/1477 540/1005/1489 538/1006/1477
f 562/1007/1490 560/1008/1471 558/1009/1473
f 564/1010/1471 562/1007/1490 558/1009/1473
f 528/1011/1491 525/1001/1487 630/1003/1481
f 530/1012/1491 528/1011/1491 630/1003/1481
f 532/1013/1479 530/1012/1491 630/1003/1481
f 534/1014/1482 532/1013/1479 630/1003/1481
f 534/1014/1482 630/1003/1481 628/1015/1482
f 534/1014/1482 628/1015/1482 626/1016/1481
f 536/1017/1481 534/1014/1482 626/1016/1481
f 538/1006/1477 536/1017/1481 626/1016/1481
f 554/994/1477 538/1006/1477 626/1016/1481
f 554/994/1477 626/1016/1481 624/1018/1473
f 554/994/1477 624/1018/1473 622/1019/1479
f 554/994/1477 622/1019/1479 620/1020/1473
f 556/1021/1481 554/994/1477 620/1020/1473
f 556/1021/1481 620/1020/1473 618/1022/1473
f 558/1009/1473 556/1021/1481 618/1022/1473
f 558/1009/1473 618/1022/1473 616/1000/1486
f 558/1009/1473 616/1000/1486 580/999/1485
f 558/1009/1473 580/999/1485 578/1023/1471
f 564/1010/1471 558/1009/1473 578/1023/1471
f 566/1024/1492 564/1010/1471 578/1023/1471
f 566/1024/1492 578/1023/1471 576/1025/1493
f 568/1026/1494 566/1024/1492 576/1025/1493
f 568/1026/1494 576/1025/1493 574/1027/1492
f 570/1028/1495 568/1026/1494 574/1027/1492
f 570/1028/1495 574/1027/1492 572/1029/1496
f 587/977/1497 589/976/1498 585/978/1499
f 585/978/1499 589/976/1498 583/979/1498
f 601/981/1500 603/980/1497 599/982/1501
f 603/980/1497 605/983/1502 599/982/1501
f 605/983/1502 607/984/1503 599/982/1501
f 599/982/1501 607/984/1503 597/985/1501
f 607/984/1503 609/986/1504 597/985/1501
f 597/985/1501 609/986/1504 595/987/1505
f 609/986/1504 611/988/1497 595/987/1505
f 611/988/1497 613/989/1506 595/987/1505
f 595/987/1505 613/989/1506 593/990/1503
f 549/992/1505 551/991/1501 547/993/1497
f 551/991/1501 553/994/1497 547/993/1497
f 547/993/1497 553/994/1497 545/995/1501
f 545/995/1501 553/994/1497 543/996/1501
f 583/979/1498 589/976/1498 581/997/1507
f 589/976/1498 591/998/1508 581/997/1507
f 581/997/1507 591/998/1508 579/999/1509
f 593/990/1503 613/989/1506 591/998/1508
f 613/989/1506 615/1000/1510 591/998/1508
f 591/998/1508 615/1000/1510 579/999/1509
f 526/1002/1511 524/1001/1512 629/1003/1513
f 541/1004/1514 543/996/1501 539/1005/1503
f 543/996/1501 553/994/1497 539/1005/1503
f 539/1005/1503 553/994/1497 537/1006/1505
f 559/1008/1515 561/1007/1513 557/1009/1516
f 561/1007/1513 563/1010/1517 557/1009/1516
f 524/1001/1512 527/1011/1501 629/1003/1513
f 527/1011/1501 529/1012/1513 629/1003/1513
f 529/1012/1513 531/1013/1518 629/1003/1513
f 531/1013/1518 533/1014/1511 629/1003/1513
f 629/1003/1513 533/1014/1511 627/1015/1501
f 627/1015/1501 533/1014/1511 625/1016/1501
f 533/1014/1511 535/1017/1497 625/1016/1501
f 535/1017/1497 537/1006/1505 625/1016/1501
f 537/1006/1505 553/994/1497 625/1016/1501
f 625/1016/1501 553/994/1497 623/1018/1505
f 623/1018/1505 553/994/1497 621/1019/1519
f 621/1019/1519 553/994/1497 619/1020/1505
f 553/994/1497 555/1021/1497 619/1020/1505
f 619/1020/1505 555/1021/1497 617/1022/1497
f 555/1021/1497 557/1009/1516 617/1022/1497
f 617/1022/1497 557/1009/1516 615/1000/1510
f 615/1000/1510 557/1009/1516 579/999/1509
f 579/999/1509 557/1009/1516 577/1023/1520
f 557/1009/1516 563/1010/1517 577/1023/1520
f 563/1010/1517 565/1024/1516 577/1023/1520
f 577/1023/1520 565/1024/1516 575/1025/1521
f 565/1024/1516 567/1026/1522 575/1025/1521
f 575/1025/1521 567/1026/1522 573/1027/1523
f 567/1026/1522 569/1028/1524 573/1027/1523
f 573/1027/1523 569/1028/1524 571/1029/1525
