# Blender 4.3.2
# www.blender.org
mtllib 兽4.mtl
o Obj3d66_17342430_40_666.007
v 4094.198242 1012.162048 -28449.207031
v 4093.998047 1013.326660 -28448.976562
v 4089.300537 1013.394958 -28452.876953
v 4089.500488 1012.230347 -28453.105469
v 4092.933105 1012.275391 -28447.652344
v 4088.234131 1012.342285 -28451.552734
v 4092.647705 1010.780457 -28447.281250
v 4087.948486 1010.846863 -28451.181641
v 4091.294434 1009.156738 -28445.595703
v 4086.593994 1009.221741 -28449.494141
v 4091.553711 1007.452087 -28445.888672
v 4086.853027 1007.517090 -28449.789062
v 4090.403809 1006.796875 -28444.466797
v 4085.702148 1006.860779 -28448.367188
v 4090.626709 1006.155151 -28444.730469
v 4085.925049 1006.219238 -28448.630859
v 4089.385986 1004.955139 -28443.189453
v 4084.683105 1005.017761 -28447.089844
v 4089.603760 1004.244751 -28443.447266
v 4084.901123 1004.307556 -28447.347656
v 4088.983398 1001.660645 -28442.648438
v 4084.280273 1001.722534 -28446.546875
v 4088.234131 1001.197876 -28441.720703
v 4083.530273 1001.258850 -28445.621094
v 4088.468750 1000.770386 -28442.003906
v 4083.765381 1000.831787 -28445.904297
v 4086.792480 999.083984 -28439.919922
v 4082.087158 999.143372 -28443.820312
v 4086.969238 998.542358 -28440.128906
v 4082.264160 998.601868 -28444.029297
v 4086.557617 997.528442 -28439.609375
v 4081.852295 997.587463 -28443.509766
v 4084.857910 998.360535 -28437.535156
v 4080.151123 998.417847 -28441.435547
v 4084.601562 995.199951 -28437.175781
v 4079.894531 995.256775 -28441.074219
v 4085.230957 994.394043 -28437.935547
v 4080.524170 994.451477 -28441.835938
v 4084.767822 993.178894 -28437.349609
v 4080.061035 993.235657 -28441.250000
v 4085.102539 992.128967 -28437.746094
v 4080.395996 992.185852 -28441.644531
v 4089.336182 990.666443 -28442.921875
v 4084.633057 990.727661 -28446.820312
v 4090.720459 994.739746 -28444.681641
v 4086.018799 994.802734 -28448.580078
v 4091.437744 995.383362 -28445.572266
v 4086.736816 995.447144 -28449.470703
v 4090.082031 990.527161 -28443.835938
v 4085.379639 990.589050 -28447.734375
v 4092.102295 989.700378 -28446.306641
v 4087.402100 989.764282 -28450.203125
v 4094.017090 997.492371 -28448.771484
v 4089.319336 997.559082 -28452.669922
v 4093.956543 999.819336 -28448.732422
v 4089.258545 999.886292 -28452.630859
v 4093.015137 1002.403076 -28447.611328
v 4088.316162 1002.469177 -28451.511719
v 4093.724854 1004.500977 -28448.513672
v 4089.026855 1004.567993 -28452.414062
v 4094.844238 1005.239136 -28449.900391
v 4090.147461 1005.307434 -28453.800781
v 4095.244873 1004.303040 -28450.380859
v 4090.548584 1004.371643 -28454.279297
v 4097.250488 1007.782654 -28452.896484
v 4092.556641 1007.853882 -28456.794922
v 4097.075684 1009.028687 -28452.699219
v 4092.381592 1009.099792 -28456.597656
v 4096.585938 1009.267090 -28452.099609
v 4091.890869 1009.337646 -28455.998047
v 4096.409180 1009.935486 -28451.892578
v 4091.714355 1010.005737 -28455.791016
v 4095.425293 1010.365173 -28450.689453
v 4090.729492 1010.434448 -28454.587891
v 4094.693359 1012.646240 -28449.822266
v 4089.996582 1012.715149 -28453.720703
v 4114.633789 1004.061890 -28472.867188
v 4113.986328 1004.323486 -28472.074219
v 4109.538086 1004.417542 -28475.781250
v 4110.187012 1004.156677 -28476.574219
v 4113.672363 1005.371277 -28471.699219
v 4109.223633 1005.465149 -28475.406250
v 4112.918945 1005.401733 -28470.773438
v 4108.469238 1005.494751 -28474.482422
v 4113.101074 1005.841675 -28471.001953
v 4108.651367 1005.935181 -28474.710938
v 4112.066406 1006.231750 -28469.734375
v 4107.615234 1006.324036 -28473.443359
v 4111.816895 1007.205444 -28469.437500
v 4107.364746 1007.297791 -28473.148438
v 4111.357910 1006.540649 -28468.867188
v 4106.905273 1006.632385 -28472.576172
v 4110.713867 1007.829590 -28468.089844
v 4106.259766 1007.920593 -28471.798828
v 4110.221680 1005.718567 -28467.460938
v 4105.767090 1005.808838 -28471.169922
v 4109.506836 1004.014282 -28466.562500
v 4105.051270 1004.103577 -28470.273438
v 4109.625000 1002.828186 -28466.695312
v 4105.169434 1002.917542 -28470.404297
v 4108.399902 1002.038269 -28465.179688
v 4103.942871 1002.126343 -28468.890625
v 4108.544434 1001.422791 -28465.351562
v 4104.087891 1001.510864 -28469.060547
v 4107.892090 1000.275879 -28464.535156
v 4103.434082 1000.363037 -28468.246094
v 4106.954102 999.470276 -28463.373047
v 4102.494629 999.556458 -28467.083984
v 4107.283203 998.725647 -28463.769531
v 4102.824707 998.812134 -28467.480469
v 4107.028809 997.073181 -28463.439453
v 4102.569336 997.159241 -28467.150391
v 4106.029297 996.840881 -28462.208984
v 4101.568848 996.925842 -28465.919922
v 4106.103027 995.899963 -28462.287109
v 4101.642090 995.984985 -28465.998047
v 4103.948730 994.092285 -28459.621094
v 4099.484863 994.174744 -28463.332031
v 4103.464355 992.897339 -28459.011719
v 4099.000000 992.979248 -28462.724609
v 4104.463379 993.116394 -28460.242188
v 4100.000488 993.199341 -28463.953125
v 4103.313477 990.900940 -28458.804688
v 4098.849121 990.982544 -28462.517578
v 4103.743652 990.504578 -28459.328125
v 4099.279785 990.586365 -28463.041016
v 4102.906738 988.168884 -28458.273438
v 4098.441406 988.249634 -28461.986328
v 4103.530762 988.048889 -28459.039062
v 4099.066406 988.130249 -28462.751953
v 4103.403809 987.087646 -28458.873047
v 4098.939453 987.168884 -28462.583984
v 4102.051270 986.681763 -28457.207031
v 4097.584961 986.761536 -28460.919922
v 4105.653320 985.740967 -28461.621094
v 4101.191895 985.824280 -28465.332031
v 4105.799805 986.452942 -28461.808594
v 4101.338867 986.536438 -28465.519531
v 4108.402832 991.435791 -28465.064453
v 4103.945801 991.522461 -28468.773438
v 4108.800293 990.266479 -28465.539062
v 4104.343750 990.353577 -28469.248047
v 4107.886719 985.976990 -28464.367188
v 4103.428711 986.062439 -28468.076172
v 4109.747070 985.396484 -28466.648438
v 4105.291992 985.483765 -28470.355469
v 4111.628906 993.658447 -28469.054688
v 4107.176758 993.748779 -28472.761719
v 4111.047852 997.714050 -28468.386719
v 4106.594727 997.804138 -28472.095703
v 4112.479004 1000.749878 -28470.179688
v 4108.027832 1000.841980 -28473.886719
v 4112.804688 998.966370 -28470.560547
v 4108.354492 999.058777 -28474.267578
v 4113.496094 1000.207581 -28471.423828
v 4109.046875 1000.300781 -28475.130859
v 4113.842285 1002.208435 -28471.873047
v 4109.394043 1002.302063 -28475.580078
v 4114.566406 1002.311157 -28472.763672
v 4110.119141 1002.405640 -28476.470703
v 4154.104980 993.712585 -28523.515625
v 4153.823242 992.995239 -28523.162109
v 4151.555176 993.067383 -28525.066406
v 4151.837891 993.784668 -28525.417969
v 4153.806152 991.179993 -28523.121094
v 4151.538086 991.251770 -28525.023438
v 4153.281738 989.679871 -28522.460938
v 4151.013184 989.751038 -28524.365234
v 4153.070801 986.640076 -28522.167969
v 4150.802246 986.710876 -28524.072266
v 4152.732910 986.758484 -28521.755859
v 4150.463379 986.829163 -28523.660156
v 4151.861328 989.803345 -28520.720703
v 4149.590332 989.873779 -28522.626953
v 4151.440918 990.998352 -28520.218750
v 4149.169434 991.068542 -28522.125000
v 4150.084961 990.272949 -28518.548828
v 4147.811035 990.342346 -28520.455078
v 4149.610352 985.602661 -28517.916016
v 4147.336426 985.671387 -28519.822266
v 4149.927246 984.896057 -28518.296875
v 4147.653809 984.964783 -28520.203125
v 4149.224121 980.070068 -28517.380859
v 4146.949219 980.137878 -28519.287109
v 4149.567383 979.310181 -28517.792969
v 4147.293457 979.377991 -28519.699219
v 4157.242188 978.562866 -28527.185547
v 4154.980957 978.635071 -28529.083984
v 4157.710449 980.494080 -28527.781250
v 4155.449219 980.566772 -28529.679688
v 4157.493164 983.762756 -28527.554688
v 4155.231934 983.835876 -28529.453125
v 4158.272949 983.109436 -28528.501953
v 4156.013184 983.182861 -28530.398438
v 4158.499512 984.524658 -28528.794922
v 4156.240234 984.598450 -28530.693359
v 4159.155762 984.536377 -28529.599609
v 4156.896973 984.610352 -28531.494141
v 4159.097656 985.373535 -28529.537109
v 4156.839355 985.447876 -28531.433594
v 4158.050293 986.563171 -28528.269531
v 4155.789551 986.636780 -28530.166016
v 4158.272949 987.130554 -28528.548828
v 4156.013184 987.204590 -28530.445312
v 4158.142090 987.694275 -28528.394531
v 4155.881836 987.768188 -28530.292969
v 4157.801758 987.879150 -28527.980469
v 4155.541016 987.952942 -28529.878906
v 4157.581055 988.536743 -28527.716797
v 4155.319336 988.610352 -28529.615234
v 4157.245117 988.077881 -28527.300781
v 4154.983398 988.151245 -28529.199219
v 4156.687012 987.685242 -28526.611328
v 4154.424316 987.758362 -28528.511719
v 4156.382812 986.726685 -28526.228516
v 4154.119629 986.799255 -28528.128906
v 4155.799316 986.726074 -28525.513672
v 4153.535156 986.798584 -28527.414062
v 4155.375000 988.178589 -28525.009766
v 4153.109863 988.250793 -28526.912109
v 4155.503418 988.931274 -28525.175781
v 4153.238770 989.003784 -28527.076172
v 4155.124023 990.732239 -28524.732422
v 4152.858398 990.804749 -28526.632812
v 4155.486328 990.957947 -28525.177734
v 4153.221191 991.030640 -28527.080078
v 4155.539551 991.520142 -28525.250000
v 4153.274902 991.592957 -28527.150391
v 4155.810059 992.101990 -28525.587891
v 4153.545898 992.174988 -28527.488281
v 4155.753906 992.953552 -28525.529297
v 4153.489258 993.026855 -28527.429688
v 4155.340332 994.002747 -28525.033203
v 4153.075195 994.075745 -28526.935547
v 4155.501465 994.396973 -28525.236328
v 4153.236328 994.470154 -28527.136719
v 4155.225586 994.817749 -28524.902344
v 4152.959961 994.890747 -28526.804688
v 4154.448730 994.789490 -28523.949219
v 4152.182129 994.861938 -28525.851562
v 4153.889160 994.366150 -28523.257812
v 4151.621582 994.438477 -28525.162109
v 4060.218262 1020.265564 -28410.394531
v 4059.408936 1020.640137 -28409.410156
v 4054.474854 1020.683594 -28413.494141
v 4055.284424 1020.309753 -28414.478516
v 4058.938721 1021.598938 -28408.847656
v 4054.004395 1021.641846 -28412.933594
v 4057.074951 1021.902588 -28406.576172
v 4052.140625 1021.943542 -28410.660156
v 4056.389893 1022.351746 -28405.746094
v 4051.455322 1022.392090 -28409.830078
v 4053.697021 1019.049988 -28402.408203
v 4048.762695 1019.087585 -28406.492188
v 4052.169434 1013.772949 -28400.466797
v 4047.234375 1013.808655 -28404.550781
v 4048.679688 1008.730591 -28396.136719
v 4043.744385 1008.762451 -28400.216797
v 4047.458008 1009.729553 -28394.662109
v 4042.523193 1009.760437 -28398.742188
v 4047.049072 1008.370850 -28394.142578
v 4042.114502 1008.401245 -28398.224609
v 4047.515137 1004.937744 -28394.660156
v 4042.579834 1004.968445 -28398.742188
v 4047.253662 1003.601135 -28394.322266
v 4042.318115 1003.631592 -28398.402344
v 4047.758789 1001.783447 -28394.910156
v 4042.823486 1001.814392 -28398.992188
v 4051.556396 1000.361450 -28399.523438
v 4046.620361 1000.395752 -28403.605469
v 4052.452881 1001.897034 -28400.638672
v 4047.516846 1001.932373 -28404.722656
v 4052.654785 1004.780457 -28400.927734
v 4047.718994 1004.816040 -28405.009766
v 4053.765381 1005.946777 -28402.300781
v 4048.829590 1005.983582 -28406.382812
v 4052.959717 1001.632141 -28401.253906
v 4048.023438 1001.667786 -28405.335938
v 4052.266602 999.986389 -28400.384766
v 4047.330566 1000.021362 -28404.466797
v 4054.563721 999.257874 -28403.177734
v 4049.627441 999.295044 -28407.261719
v 4054.992188 1001.438843 -28403.734375
v 4050.056396 1001.476562 -28407.816406
v 4057.034180 1008.641357 -28406.333984
v 4052.098633 1008.681580 -28410.416016
v 4056.209473 1011.935791 -28405.373047
v 4051.274170 1011.975464 -28409.457031
v 4056.088623 1014.724792 -28405.267578
v 4051.153809 1014.764465 -28409.349609
v 4057.264160 1016.496155 -28406.728516
v 4052.329346 1016.537048 -28410.812500
v 4058.024170 1015.600952 -28407.644531
v 4053.089355 1015.642761 -28411.728516
v 4058.834961 1017.173767 -28408.658203
v 4053.900391 1017.216370 -28412.742188
v 4059.925781 1018.498169 -28410.009766
v 4054.991211 1018.541992 -28414.095703
v 4078.262207 1017.073486 -28430.548828
v 4076.484375 1016.870239 -28428.328125
v 4071.172852 1016.943481 -28432.654297
v 4072.952148 1017.148376 -28434.875000
v 4076.114014 1017.845947 -28427.876953
v 4070.802246 1017.918762 -28432.203125
v 4075.620361 1016.986145 -28427.251953
v 4070.308350 1017.058350 -28431.578125
v 4074.955566 1017.208862 -28426.425781
v 4069.643311 1017.280334 -28430.751953
v 4074.688965 1015.981445 -28426.080078
v 4069.376221 1016.052551 -28430.406250
v 4075.167725 1015.651550 -28426.673828
v 4069.855225 1015.723083 -28430.998047
v 4073.807373 1013.291443 -28424.951172
v 4068.494141 1013.361389 -28429.277344
v 4072.049805 1008.529785 -28422.708984
v 4066.735107 1008.597473 -28427.033203
v 4070.017090 1006.501343 -28420.154297
v 4064.701416 1006.566650 -28424.478516
v 4067.518066 1001.982849 -28416.992188
v 4062.201172 1002.045044 -28421.316406
v 4066.908447 1003.627991 -28416.251953
v 4061.591797 1003.689880 -28420.576172
v 4066.008789 1002.122986 -28415.115234
v 4060.691895 1002.183655 -28419.439453
v 4065.187256 998.349487 -28414.050781
v 4059.869629 998.408936 -28418.375000
v 4072.461426 995.778687 -28423.083984
v 4067.146484 995.845581 -28427.406250
v 4072.367920 996.972534 -28422.980469
v 4067.052979 997.039551 -28427.302734
v 4073.513428 999.136292 -28424.431641
v 4068.198975 999.204590 -28428.755859
v 4072.860352 995.554077 -28423.578125
v 4067.545654 995.621338 -28427.902344
v 4074.105713 995.172791 -28425.126953
v 4068.791748 995.241394 -28429.451172
v 4075.308105 999.379883 -28426.671875
v 4069.994873 999.450073 -28430.996094
v 4076.419434 1002.143494 -28428.087891
v 4071.107178 1002.215271 -28432.412109
v 4076.579102 1004.856445 -28428.316406
v 4071.266846 1004.928589 -28432.640625
v 4076.072754 1007.359985 -28427.712891
v 4070.760498 1007.431885 -28432.037109
v 4076.641602 1009.625549 -28428.447266
v 4071.329834 1009.698364 -28432.771484
v 4078.174316 1011.211792 -28430.376953
v 4072.863770 1011.286377 -28434.701172
v 4079.431152 1011.933777 -28431.953125
v 4074.121338 1012.009766 -28436.277344
v 4080.168213 1013.370178 -28432.888672
v 4074.859131 1013.446960 -28437.212891
v 4080.158203 1015.085938 -28432.894531
v 4074.849121 1015.163147 -28437.218750
v 4078.888428 1015.602539 -28431.314453
v 4073.578613 1015.678284 -28435.640625
v 4127.026367 1004.254883 -28489.193359
v 4125.951172 1002.483887 -28487.814453
v 4122.778320 1002.567383 -28490.371094
v 4123.855469 1004.339233 -28491.748047
v 4125.036133 1001.676392 -28486.646484
v 4121.862305 1001.759277 -28489.203125
v 4124.514160 999.001648 -28485.964844
v 4121.339844 999.083862 -28488.521484
v 4123.456055 995.062744 -28484.595703
v 4120.279785 995.143860 -28487.152344
v 4120.693848 992.005676 -28481.062500
v 4117.513672 992.084656 -28483.621094
v 4119.666504 993.875671 -28479.767578
v 4116.484863 993.954041 -28482.326172
v 4119.395508 993.568237 -28479.419922
v 4116.213379 993.646545 -28481.980469
v 4118.975586 990.646545 -28478.869141
v 4115.792969 990.724243 -28481.427734
v 4119.298828 986.119446 -28479.251953
v 4116.116699 986.196838 -28481.812500
v 4119.191895 984.405090 -28479.105469
v 4116.009766 984.482239 -28481.666016
v 4123.779785 983.385071 -28484.935547
v 4120.604492 983.465149 -28487.492188
v 4122.957520 985.376343 -28483.902344
v 4119.780762 985.456055 -28486.458984
v 4122.508301 985.749756 -28483.332031
v 4119.330566 985.829163 -28485.888672
v 4123.411133 988.821777 -28484.500000
v 4120.234863 988.902161 -28487.056641
v 4125.038574 989.138550 -28486.572266
v 4121.865234 989.220154 -28489.126953
v 4125.108398 988.964539 -28486.660156
v 4121.935547 989.046082 -28489.214844
v 4125.147461 988.470337 -28486.707031
v 4121.974121 988.551880 -28489.261719
v 4125.162598 987.774841 -28486.720703
v 4121.989258 987.856262 -28489.277344
v 4125.161133 986.996948 -28486.714844
v 4121.987793 987.078247 -28489.269531
v 4125.149414 986.255554 -28486.695312
v 4121.976562 986.336792 -28489.250000
v 4125.136230 985.669434 -28486.673828
v 4121.962891 985.750488 -28489.228516
v 4125.127441 985.357239 -28486.662109
v 4121.954102 985.438477 -28489.216797
v 4125.127441 985.180542 -28486.660156
v 4121.954102 985.261536 -28489.214844
v 4125.133789 984.929077 -28486.666016
v 4121.960449 985.010071 -28489.222656
v 4125.145508 984.615540 -28486.679688
v 4121.972656 984.696594 -28489.234375
v 4125.161621 984.252258 -28486.697266
v 4121.988281 984.333191 -28489.251953
v 4125.181152 983.851685 -28486.720703
v 4122.007812 983.932678 -28489.275391
v 4125.202637 983.426392 -28486.744141
v 4122.029785 983.507141 -28489.298828
v 4125.225586 982.988464 -28486.771484
v 4122.052246 983.069336 -28489.326172
v 4127.252930 982.561646 -28489.345703
v 4124.083008 982.643860 -28491.898438
v 4126.385742 986.085266 -28488.265625
v 4123.214355 986.167236 -28490.820312
v 4126.574707 988.636780 -28488.523438
v 4123.403809 988.719177 -28491.076172
v 4127.520508 991.848938 -28489.746094
v 4124.350586 991.932434 -28492.298828
v 4126.634766 995.000244 -28488.638672
v 4123.463867 995.083435 -28491.193359
v 4127.268555 997.169678 -28489.458984
v 4124.098145 997.253479 -28492.013672
v 4128.025391 995.648071 -28490.412109
v 4124.856445 995.732361 -28492.964844
v 4128.979492 998.539978 -28491.644531
v 4125.812012 998.625244 -28494.197266
v 4129.416504 998.767273 -28492.201172
v 4126.250000 998.852844 -28494.753906
v 4129.570312 1000.003967 -28492.404297
v 4126.404297 1000.089844 -28494.957031
v 4129.496582 1001.135376 -28492.318359
v 4126.330078 1001.221252 -28494.871094
v 4129.158203 1001.366577 -28491.888672
v 4125.990723 1001.452148 -28494.441406
v 4128.755859 1000.974792 -28491.375000
v 4125.587891 1001.060181 -28493.927734
v 4128.607910 1001.915039 -28491.191406
v 4125.439941 1002.000366 -28493.746094
v 4128.048828 1002.197144 -28490.482422
v 4124.879883 1002.282043 -28493.037109
v 4127.611816 1004.966858 -28489.943359
v 4124.442383 1005.051880 -28492.498047
v 4138.756836 996.688965 -28503.992188
v 4139.506836 993.890137 -28504.906250
v 4136.743164 993.970459 -28507.177734
v 4135.992188 996.769043 -28506.265625
v 4138.935059 992.752991 -28504.183594
v 4136.170898 992.832886 -28506.457031
v 4138.697266 991.846863 -28503.878906
v 4135.932617 991.926453 -28506.152344
v 4138.137207 991.549988 -28503.177734
v 4135.371094 991.629089 -28505.451172
v 4138.312500 990.223083 -28503.386719
v 4135.547363 990.302246 -28505.660156
v 4137.739258 989.102539 -28502.662109
v 4134.972656 989.181152 -28504.935547
v 4137.186523 987.277161 -28501.957031
v 4134.419434 987.355286 -28504.230469
v 4137.442383 986.278381 -28502.269531
v 4134.675781 986.356445 -28504.542969
v 4136.980957 984.282776 -28501.677734
v 4134.213379 984.360291 -28503.951172
v 4134.547852 981.314880 -28498.615234
v 4131.776855 981.390442 -28500.892578
v 4137.987793 980.784058 -28502.906250
v 4135.222168 980.861877 -28505.179688
v 4139.485352 986.406555 -28504.820312
v 4136.722168 986.485840 -28507.091797
v 4140.281738 986.371338 -28505.814453
v 4137.519531 986.451294 -28508.083984
v 4140.311035 983.253052 -28505.826172
v 4137.549316 983.332458 -28508.095703
v 4140.671387 981.247253 -28506.257812
v 4137.910156 981.326782 -28508.529297
v 4139.395996 980.663269 -28504.662109
v 4136.632812 980.741882 -28506.933594
v 4144.186523 979.958191 -28510.632812
v 4141.431641 980.039673 -28512.898438
v 4141.880371 981.190552 -28507.765625
v 4139.121094 981.270752 -28510.035156
v 4141.239258 984.339478 -28506.992188
v 4138.479004 984.419739 -28509.261719
v 4141.832031 988.181946 -28507.763672
v 4139.072754 988.262939 -28510.033203
v 4141.119629 992.006775 -28506.904297
v 4138.358398 992.087952 -28509.175781
v 4141.695801 992.768982 -28507.630859
v 4138.935547 992.850586 -28509.900391
v 4141.959473 991.516785 -28507.949219
v 4139.200195 991.598389 -28510.218750
v 4142.737305 992.985779 -28508.933594
v 4139.979492 993.068176 -28511.203125
v 4143.169434 992.272583 -28509.466797
v 4140.412598 992.354980 -28511.734375
v 4143.522949 993.149048 -28509.914062
v 4140.766602 993.231934 -28512.183594
v 4143.021973 994.794189 -28509.302734
v 4140.264160 994.876892 -28511.572266
v 4143.069336 995.291138 -28509.365234
v 4140.311523 995.373840 -28511.634766
v 4142.733887 996.555237 -28508.957031
v 4139.976074 996.637939 -28511.226562
v 4142.077637 996.738342 -28508.138672
v 4139.318359 996.820679 -28510.410156
v 4141.761230 996.487183 -28507.742188
v 4139.001465 996.569153 -28510.013672
v 4141.498047 997.075378 -28507.417969
v 4138.737793 997.157349 -28509.689453
v 4141.098633 996.862244 -28506.917969
v 4138.337402 996.943848 -28509.189453
v 4140.291992 997.593140 -28505.916016
v 4137.529297 997.674377 -28508.187500
v 4140.157715 997.152649 -28505.744141
v 4137.395020 997.233765 -28508.017578
v 4138.943359 997.738464 -28504.232422
v 4136.178711 997.818848 -28506.505859
v 4000.855957 1066.057617 -28331.300781
v 3997.861816 1067.646484 -28327.777344
v 3988.495850 1067.544189 -28335.707031
v 3991.490967 1065.957275 -28339.230469
v 3994.854248 1066.321045 -28324.191406
v 3985.487549 1066.217285 -28332.119141
v 3993.243652 1063.418213 -28322.236328
v 3983.876709 1063.313721 -28330.164062
v 3992.621826 1059.298218 -28321.429688
v 3983.254639 1059.193604 -28329.359375
v 3994.599609 1051.151978 -28323.640625
v 3985.232910 1051.048706 -28331.568359
v 3994.001465 1045.087402 -28322.832031
v 3984.634766 1044.984131 -28330.759766
v 3996.494873 1037.180420 -28325.656250
v 3987.129150 1037.078735 -28333.585938
v 3995.170166 1034.759644 -28324.046875
v 3985.804199 1034.657349 -28331.974609
v 3994.428711 1036.004272 -28323.187500
v 3985.062012 1035.901489 -28331.117188
v 3992.633789 1034.733643 -28321.041016
v 3983.266846 1034.630005 -28328.968750
v 3990.621094 1030.673950 -28318.587891
v 3981.253906 1030.569336 -28326.517578
v 3988.682373 1023.851746 -28316.177734
v 3979.314453 1023.746277 -28324.107422
v 3985.433594 1014.346680 -28312.171875
v 3976.064453 1014.239868 -28320.099609
v 4011.147705 1002.584473 -28342.451172
v 4001.786377 1002.493835 -28350.380859
v 4015.179199 1015.527161 -28347.443359
v 4005.819580 1015.439880 -28355.373047
v 4019.487549 1019.428894 -28352.611328
v 4010.129395 1019.345642 -28360.542969
v 4024.703369 1019.520691 -28358.791016
v 4015.347412 1019.442688 -28366.724609
v 4024.959717 1018.304871 -28359.076172
v 4015.604004 1018.227356 -28367.007812
v 4026.439697 1018.279541 -28360.828125
v 4017.084229 1018.203552 -28368.759766
v 4027.124512 1019.633484 -28361.660156
v 4017.769287 1019.558167 -28369.593750
v 4031.543701 1022.774353 -28366.945312
v 4022.190674 1022.704346 -28374.878906
v 4031.684814 1026.644531 -28367.177734
v 4022.332031 1026.574707 -28375.111328
v 4032.212402 1029.249268 -28367.845703
v 4022.859863 1029.179810 -28375.779297
v 4031.732666 1031.206299 -28367.310547
v 4022.379883 1031.136230 -28375.244141
v 4029.820801 1031.234375 -28365.046875
v 4020.467041 1031.161987 -28372.980469
v 4027.990967 1030.872925 -28362.875000
v 4018.636230 1030.798340 -28370.806641
v 4026.367676 1031.421143 -28360.960938
v 4017.012207 1031.344727 -28368.892578
v 4026.195068 1035.157104 -28360.818359
v 4016.839355 1035.080200 -28368.750000
v 4023.496826 1038.612061 -28365.669922
v 4021.813965 1038.598511 -28367.097656
v 4023.172363 1045.725830 -28365.404297
v 4021.489258 1045.712158 -28366.832031
v 4022.366455 1048.839600 -28364.501953
v 4020.683350 1048.825684 -28365.929688
v 4021.166260 1051.459961 -28363.123047
v 4019.482910 1051.445679 -28364.550781
v 4022.493164 1045.643799 -28364.599609
v 4020.809814 1045.629883 -28366.025391
v 4022.048828 1040.530518 -28363.988281
v 4020.365723 1040.516602 -28365.414062
v 4018.524170 1042.457642 -28359.845703
v 4016.840576 1042.442993 -28361.271484
v 4017.225098 1046.418701 -28358.371094
v 4015.541504 1046.403809 -28359.798828
v 4017.716064 1051.131104 -28359.031250
v 4016.032471 1051.116211 -28360.458984
v 4020.194092 1055.037842 -28362.031250
v 4018.510742 1055.023315 -28363.458984
v 4025.363037 1054.275146 -28368.140625
v 4023.679932 1054.261841 -28369.566406
v 4024.266846 1055.831055 -28366.869141
v 4022.583984 1055.817383 -28368.294922
v 4020.710449 1056.518188 -28362.667969
v 4019.027100 1056.503784 -28364.093750
v 4018.052979 1054.603149 -28359.488281
v 4016.369385 1054.588379 -28360.914062
v 4016.026855 1050.630127 -28357.021484
v 4014.343506 1050.615112 -28358.449219
v 4015.880859 1046.509644 -28356.781250
v 4014.197021 1046.494385 -28358.207031
v 4017.779785 1040.535645 -28358.931641
v 4016.096436 1040.520996 -28360.359375
v 4021.778564 1037.974609 -28355.632812
v 4012.421143 1037.892822 -28363.564453
v 4020.159668 1038.167969 -28353.718750
v 4010.801514 1038.084595 -28361.650391
v 4016.643555 1040.401978 -28349.589844
v 4007.284424 1040.315186 -28357.519531
v 4014.588379 1046.468994 -28347.253906
v 4005.228271 1046.380127 -28355.185547
v 4012.440186 1048.709351 -28344.746094
v 4003.079346 1048.618408 -28352.675781
v 4009.227051 1050.598633 -28340.968750
v 3999.864990 1050.505005 -28348.898438
v 4006.971924 1056.871338 -28338.398438
v 3997.609375 1056.775757 -28346.328125
v 4000.713867 1061.230835 -28331.052734
v 3991.349121 1061.130737 -28338.982422
vn 0.6202 0.2525 -0.7427
vn 0.6202 0.2528 -0.7426
vn 0.6203 0.2526 -0.7426
vn 0.6202 0.2524 -0.7427
vn -0.3289 0.8503 0.4109
vn -0.3290 0.8504 0.4105
vn -0.3289 0.8503 0.4110
vn -0.6069 0.2992 0.7363
vn -0.6069 0.2993 0.7363
vn -0.3768 0.7995 0.4678
vn -0.3767 0.7996 0.4677
vn -0.3769 0.7995 0.4676
vn -0.3772 0.7995 0.4675
vn -0.6241 -0.2239 0.7485
vn -0.6242 -0.2239 0.7484
vn -0.6243 -0.2238 0.7484
vn -0.6241 -0.2239 0.7486
vn -0.2077 0.9413 0.2661
vn -0.2077 0.9414 0.2658
vn -0.2077 0.9414 0.2659
vn -0.2077 0.9413 0.2662
vn -0.5658 -0.4745 0.6743
vn -0.5658 -0.4746 0.6743
vn -0.5659 -0.4744 0.6744
vn -0.3240 0.8550 0.4050
vn -0.3239 0.8551 0.4048
vn -0.3239 0.8551 0.4049
vn -0.5799 -0.4293 0.6924
vn -0.5802 -0.4289 0.6924
vn -0.5800 -0.4290 0.6925
vn -0.5798 -0.4294 0.6924
vn -0.5916 0.3645 0.7191
vn -0.5915 0.3645 0.7192
vn -0.5918 0.3644 0.7190
vn -0.5917 0.3645 0.7190
vn -0.2239 0.9321 0.2846
vn -0.2239 0.9322 0.2844
vn -0.2239 0.9322 0.2845
vn -0.2241 0.9320 0.2848
vn -0.4884 -0.6524 0.5795
vn -0.4893 -0.6515 0.5798
vn -0.4892 -0.6516 0.5798
vn -0.3344 0.8456 0.4160
vn -0.3340 0.8459 0.4158
vn -0.3342 0.8458 0.4159
vn -0.3346 0.8455 0.4161
vn -0.5728 -0.4516 0.6841
vn -0.5729 -0.4512 0.6842
vn -0.5729 -0.4513 0.6842
vn -0.5731 -0.4515 0.6839
vn -0.5301 0.5473 0.6477
vn -0.5301 0.5472 0.6478
vn -0.5299 0.5473 0.6479
vn -0.5301 0.5472 0.6477
vn 0.1959 0.9552 -0.2220
vn 0.1962 0.9550 -0.2225
vn 0.1960 0.9551 -0.2223
vn 0.1957 0.9552 -0.2219
vn -0.6307 0.1383 0.7636
vn -0.6308 0.1383 0.7635
vn -0.6309 0.1381 0.7634
vn -0.6309 0.1382 0.7635
vn -0.4089 -0.7748 0.4822
vn -0.4090 -0.7747 0.4823
vn -0.4092 -0.7745 0.4824
vn -0.4088 -0.7748 0.4822
vn -0.5400 0.5233 0.6593
vn -0.5398 0.5234 0.6593
vn -0.5397 0.5234 0.6593
vn -0.5751 -0.4428 0.6878
vn -0.5753 -0.4426 0.6879
vn -0.5753 -0.4425 0.6879
vn -0.5752 -0.4427 0.6878
vn -0.1437 -0.9769 0.1583
vn -0.1439 -0.9769 0.1583
vn -0.1433 -0.9769 0.1583
vn -0.1429 -0.9770 0.1583
vn 0.5556 -0.4816 -0.6778
vn 0.5555 -0.4816 -0.6778
vn 0.5556 -0.4816 -0.6777
vn 0.3064 -0.8712 -0.3835
vn 0.3060 -0.8715 -0.3831
vn 0.3061 -0.8715 -0.3832
vn 0.3065 -0.8712 -0.3836
vn -0.5777 0.4131 0.7040
vn -0.5778 0.4131 0.7039
vn -0.5781 0.4130 0.7037
vn -0.1674 -0.9681 0.1864
vn -0.1679 -0.9680 0.1867
vn -0.1677 -0.9680 0.1866
vn -0.1672 -0.9682 0.1863
vn 0.5898 -0.3717 -0.7169
vn 0.5895 -0.3720 -0.7171
vn 0.5896 -0.3719 -0.7170
vn 0.6387 0.0296 -0.7689
vn 0.6387 0.0295 -0.7689
vn 0.6386 0.0298 -0.7689
vn 0.6387 0.0297 -0.7689
vn 0.5596 0.4929 -0.6662
vn 0.5597 0.4928 -0.6663
vn 0.5598 0.4927 -0.6662
vn 0.5600 0.4930 -0.6659
vn 0.5564 -0.4801 -0.6782
vn 0.5561 -0.4801 -0.6784
vn 0.5562 -0.4801 -0.6784
vn 0.5562 -0.4801 -0.6783
vn 0.2368 -0.9237 -0.3012
vn 0.2362 -0.9239 -0.3009
vn 0.2364 -0.9239 -0.3010
vn -0.5360 -0.5551 0.6360
vn -0.5361 -0.5550 0.6361
vn 0.4632 -0.6787 -0.5699
vn 0.4631 -0.6788 -0.5698
vn 0.4632 -0.6788 -0.5699
vn 0.4633 -0.6787 -0.5699
vn 0.6268 0.2069 -0.7512
vn 0.6268 0.2068 -0.7512
vn 0.6269 0.2068 -0.7511
vn 0.1964 0.9558 -0.2188
vn 0.1965 0.9556 -0.2195
vn 0.1965 0.9556 -0.2194
vn 0.1964 0.9558 -0.2187
vn 0.5949 0.3773 -0.7098
vn 0.5948 0.3776 -0.7096
vn 0.5949 0.3775 -0.7096
vn 0.1784 0.9639 -0.1976
vn 0.1786 0.9638 -0.1981
vn 0.1786 0.9638 -0.1980
vn 0.1783 0.9639 -0.1975
vn 0.5757 0.4456 -0.6856
vn 0.5758 0.4455 -0.6855
vn 0.5758 0.4455 -0.6856
vn 0.5758 0.4456 -0.6855
vn -0.3265 0.8525 0.4083
vn -0.3264 0.8526 0.4081
vn -0.3267 0.8524 0.4083
vn 0.7755 0.0089 0.6313
vn 0.7752 0.0088 0.6317
vn 0.7754 0.0091 0.6314
vn 0.7758 0.0089 0.6309
vn 0.7757 0.0090 0.6311
vn 0.7759 0.0090 0.6308
vn 0.7756 0.0090 0.6312
vn 0.7757 0.0089 0.6311
vn 0.7752 0.0092 0.6316
vn 0.7753 0.0091 0.6316
vn 0.7755 0.0090 0.6313
vn 0.7753 0.0092 0.6315
vn 0.7755 0.0091 0.6313
vn 0.7755 0.0089 0.6312
vn 0.7757 0.0091 0.6310
vn 0.7757 0.0091 0.6311
vn 0.7756 0.0092 0.6312
vn 0.7756 0.0091 0.6311
vn 0.7757 0.0093 0.6311
vn 0.7754 0.0091 0.6313
vn 0.7757 0.0088 0.6310
vn 0.7758 0.0090 0.6309
vn 0.7754 0.0092 0.6313
vn 0.7753 0.0093 0.6315
vn 0.7754 0.0094 0.6314
vn 0.7755 0.0090 0.6312
vn 0.7758 0.0091 0.6309
vn -0.7751 -0.0086 -0.6318
vn -0.7751 -0.0091 -0.6318
vn -0.7749 -0.0089 -0.6320
vn -0.7751 -0.0090 -0.6318
vn -0.7753 -0.0091 -0.6316
vn -0.7752 -0.0094 -0.6316
vn -0.7753 -0.0091 -0.6315
vn -0.7754 -0.0093 -0.6314
vn -0.7749 -0.0091 -0.6320
vn -0.7752 -0.0090 -0.6317
vn -0.7747 -0.0091 -0.6322
vn -0.7752 -0.0090 -0.6316
vn -0.7752 -0.0091 -0.6317
vn -0.7751 -0.0092 -0.6317
vn -0.7752 -0.0092 -0.6316
vn -0.7750 -0.0092 -0.6319
vn -0.7752 -0.0092 -0.6317
vn -0.7752 -0.0091 -0.6316
vn -0.7748 -0.0092 -0.6321
vn -0.7751 -0.0093 -0.6318
vn -0.7749 -0.0093 -0.6320
vn -0.7755 -0.0091 -0.6312
vn -0.7754 -0.0090 -0.6314
vn -0.7753 -0.0090 -0.6315
vn 0.1701 0.9689 -0.1796
vn 0.1708 0.9687 -0.1802
vn 0.1707 0.9687 -0.1802
vn 0.1701 0.9690 -0.1795
vn 0.5854 0.4229 -0.6917
vn 0.5857 0.4225 -0.6917
vn 0.0285 0.9996 -0.0088
vn 0.0287 0.9995 -0.0094
vn 0.0287 0.9995 -0.0093
vn 0.0285 0.9996 -0.0091
vn 0.5265 -0.5532 -0.6456
vn 0.5264 -0.5532 -0.6456
vn 0.5265 -0.5531 -0.6456
vn 0.1600 0.9727 -0.1679
vn 0.1605 0.9726 -0.1683
vn 0.1604 0.9726 -0.1682
vn 0.1603 0.9727 -0.1676
vn 0.5994 0.3694 -0.7101
vn 0.5993 0.3697 -0.7100
vn 0.5994 0.3697 -0.7100
vn 0.5993 0.3695 -0.7101
vn -0.4210 0.7406 0.5237
vn -0.4209 0.7408 0.5235
vn -0.4210 0.7406 0.5236
vn -0.4212 0.7407 0.5234
vn 0.5111 0.6171 -0.5982
vn 0.5112 0.6168 -0.5985
vn 0.5113 0.6166 -0.5987
vn 0.5111 0.6173 -0.5981
vn -0.5941 0.3538 0.7224
vn -0.5943 0.3537 0.7223
vn -0.5245 0.5580 0.6431
vn -0.5242 0.5583 0.6430
vn -0.5243 0.5581 0.6431
vn -0.6347 -0.1471 0.7586
vn -0.6346 -0.1474 0.7586
vn -0.6347 -0.1472 0.7586
vn -0.2298 0.9265 0.2980
vn -0.2294 0.9267 0.2977
vn -0.2292 0.9268 0.2976
vn -0.2296 0.9265 0.2981
vn -0.6051 -0.3425 0.7187
vn -0.6053 -0.3419 0.7189
vn -0.6053 -0.3420 0.7188
vn -0.6051 -0.3424 0.7188
vn -0.4650 0.6733 0.5749
vn -0.4653 0.6734 0.5745
vn -0.4651 0.6732 0.5748
vn -0.4649 0.6733 0.5749
vn -0.2936 0.8800 0.3734
vn -0.2937 0.8800 0.3733
vn -0.2935 0.8800 0.3735
vn -0.5321 -0.5698 0.6263
vn -0.5324 -0.5693 0.6265
vn -0.5324 -0.5693 0.6264
vn -0.5322 -0.5698 0.6262
vn -0.6173 0.2454 0.7475
vn -0.6173 0.2449 0.7476
vn -0.6173 0.2451 0.7476
vn -0.6173 0.2452 0.7475
vn -0.0818 0.9893 0.1211
vn -0.0814 0.9894 0.1205
vn -0.0815 0.9893 0.1206
vn -0.0818 0.9892 0.1212
vn -0.6367 -0.1140 0.7626
vn -0.6366 -0.1143 0.7626
vn -0.6367 -0.1141 0.7626
vn -0.2884 0.8844 0.3669
vn -0.2886 0.8846 0.3664
vn -0.2884 0.8845 0.3668
vn -0.2885 0.8843 0.3670
vn -0.5299 0.5455 0.6494
vn -0.5297 0.5457 0.6494
vn 0.0770 -0.9904 -0.1146
vn 0.0765 -0.9905 -0.1143
vn 0.0766 -0.9905 -0.1143
vn 0.0772 -0.9904 -0.1147
vn -0.4849 0.6388 0.5973
vn -0.4849 0.6389 0.5972
vn -0.4847 0.6391 0.5972
vn -0.4850 0.6386 0.5974
vn -0.3319 -0.8633 0.3803
vn -0.3323 -0.8630 0.3805
vn -0.3324 -0.8630 0.3804
vn -0.3319 -0.8633 0.3802
vn -0.5485 0.4995 0.6705
vn -0.5488 0.4994 0.6704
vn -0.5487 0.4994 0.6704
vn -0.5484 0.4995 0.6706
vn -0.0874 -0.9927 0.0834
vn -0.0878 -0.9926 0.0840
vn -0.0877 -0.9926 0.0840
vn -0.0874 -0.9927 0.0833
vn -0.6223 0.2130 0.7532
vn -0.6223 0.2131 0.7532
vn -0.6223 0.2129 0.7533
vn -0.6223 0.2129 0.7532
vn -0.1085 0.9824 0.1519
vn -0.1086 0.9825 0.1515
vn -0.1085 0.9825 0.1516
vn -0.1084 0.9824 0.1520
vn -0.1146 -0.9866 0.1162
vn -0.1151 -0.9865 0.1163
vn -0.1141 -0.9866 0.1162
vn 0.6026 -0.3184 -0.7318
vn 0.6028 -0.3178 -0.7319
vn 0.6028 -0.3179 -0.7318
vn 0.4834 -0.6416 -0.5956
vn 0.4830 -0.6417 -0.5957
vn 0.4834 -0.6415 -0.5956
vn 0.4834 -0.6415 -0.5957
vn -0.5708 -0.4680 0.6747
vn -0.5705 -0.4681 0.6748
vn -0.5704 -0.4683 0.6748
vn -0.5705 -0.4683 0.6747
vn -0.6008 0.3271 0.7294
vn -0.6007 0.3272 0.7295
vn -0.6005 0.3273 0.7295
vn -0.1348 -0.9811 0.1392
vn -0.1352 -0.9810 0.1394
vn -0.1350 -0.9810 0.1393
vn -0.1346 -0.9811 0.1391
vn 0.5961 -0.3467 -0.7242
vn 0.5961 -0.3468 -0.7242
vn 0.5959 -0.3467 -0.7243
vn 0.5960 -0.3468 -0.7242
vn 0.6278 0.2134 -0.7486
vn 0.6277 0.2135 -0.7486
vn 0.6277 0.2134 -0.7486
vn 0.6279 0.2132 -0.7485
vn 0.5033 -0.6027 -0.6192
vn 0.5028 -0.6030 -0.6193
vn 0.5034 -0.6029 -0.6189
vn 0.5036 -0.6026 -0.6191
vn -0.6196 -0.2705 0.7368
vn -0.6194 -0.2703 0.7370
vn -0.6193 -0.2704 0.7371
vn -0.6195 -0.2704 0.7369
vn 0.4694 -0.6656 -0.5802
vn 0.4695 -0.6656 -0.5802
vn 0.4696 -0.6655 -0.5802
vn 0.6126 -0.2725 -0.7420
vn 0.6126 -0.2724 -0.7420
vn 0.6125 -0.2725 -0.7420
vn 0.6125 -0.2726 -0.7420
vn 0.0450 -0.9958 -0.0791
vn 0.0444 -0.9959 -0.0787
vn 0.0445 -0.9959 -0.0788
vn 0.0451 -0.9958 -0.0792
vn 0.6379 -0.0700 -0.7669
vn 0.6378 -0.0698 -0.7670
vn 0.6378 -0.0697 -0.7670
vn 0.6379 -0.0699 -0.7670
vn 0.7755 0.0070 0.6313
vn 0.7754 0.0071 0.6314
vn 0.7755 0.0074 0.6313
vn 0.7756 0.0071 0.6312
vn 0.7758 0.0070 0.6310
vn 0.7758 0.0071 0.6310
vn 0.7757 0.0071 0.6310
vn 0.7758 0.0071 0.6309
vn 0.7755 0.0071 0.6314
vn 0.7758 0.0072 0.6309
vn 0.7755 0.0071 0.6313
vn 0.7757 0.0070 0.6311
vn 0.7759 0.0069 0.6308
vn 0.7757 0.0072 0.6310
vn 0.7756 0.0072 0.6311
vn 0.7758 0.0073 0.6310
vn 0.7758 0.0073 0.6309
vn 0.7756 0.0071 0.6311
vn 0.7758 0.0069 0.6310
vn 0.7757 0.0070 0.6310
vn 0.7759 0.0071 0.6308
vn 0.7759 0.0071 0.6309
vn 0.7758 0.0072 0.6310
vn 0.7759 0.0072 0.6308
vn -0.7750 -0.0072 -0.6320
vn -0.7750 -0.0068 -0.6319
vn -0.7750 -0.0072 -0.6319
vn -0.7752 -0.0070 -0.6316
vn -0.7750 -0.0071 -0.6319
vn -0.7751 -0.0071 -0.6318
vn -0.7753 -0.0071 -0.6316
vn -0.7751 -0.0072 -0.6318
vn -0.7751 -0.0072 -0.6319
vn -0.7749 -0.0074 -0.6321
vn -0.7751 -0.0069 -0.6317
vn -0.7749 -0.0074 -0.6320
vn -0.7752 -0.0072 -0.6317
vn -0.7752 -0.0068 -0.6316
vn -0.7751 -0.0070 -0.6318
vn -0.7750 -0.0073 -0.6319
vn -0.7751 -0.0073 -0.6317
vn -0.7751 -0.0072 -0.6317
vn -0.7749 -0.0072 -0.6320
vn -0.7751 -0.0074 -0.6317
vn -0.7750 -0.0075 -0.6319
vn -0.7752 -0.0071 -0.6317
vn -0.7751 -0.0073 -0.6318
vn -0.5338 0.5333 0.6563
vn -0.5337 0.5335 0.6562
vn -0.5338 0.5333 0.6562
vn -0.6423 0.0240 0.7661
vn -0.6423 0.0235 0.7661
vn -0.6423 0.0238 0.7661
vn -0.6422 0.0237 0.7662
vn -0.5512 0.4894 0.6758
vn -0.5514 0.4895 0.6755
vn -0.5515 0.4893 0.6756
vn -0.5516 0.4892 0.6756
vn -0.6361 0.1176 0.7626
vn -0.6361 0.1177 0.7625
vn 0.1571 0.9760 -0.1509
vn 0.1573 0.9759 -0.1512
vn 0.1574 0.9759 -0.1512
vn 0.1570 0.9760 -0.1508
vn 0.5948 0.4059 -0.6939
vn 0.5947 0.4058 -0.6940
vn 0.5946 0.4061 -0.6939
vn 0.5948 0.4060 -0.6939
vn 0.5724 0.4805 -0.6644
vn 0.5723 0.4804 -0.6646
vn 0.5725 0.4804 -0.6645
vn -0.1881 0.9474 0.2589
vn -0.1882 0.9474 0.2588
vn -0.1883 0.9474 0.2589
vn -0.1879 0.9474 0.2590
vn -0.6306 0.1667 0.7580
vn -0.6305 0.1667 0.7580
vn -0.6306 0.1668 0.7580
vn -0.5362 -0.5740 0.6188
vn -0.5362 -0.5740 0.6189
vn -0.5363 -0.5739 0.6188
vn -0.5361 -0.5740 0.6190
vn -0.6208 0.2325 0.7487
vn -0.6209 0.2325 0.7487
vn -0.6207 0.2325 0.7488
vn -0.5347 -0.5771 0.6173
vn -0.5348 -0.5767 0.6176
vn -0.0582 -0.9978 0.0318
vn -0.0585 -0.9978 0.0317
vn -0.0572 -0.9978 0.0323
vn -0.0570 -0.9979 0.0324
vn 0.5917 -0.3650 -0.7188
vn 0.5917 -0.3651 -0.7188
vn 0.5917 -0.3652 -0.7187
vn 0.5918 -0.3650 -0.7188
vn 0.6419 0.0957 -0.7608
vn 0.6419 0.0958 -0.7608
vn 0.6416 0.0955 -0.7610
vn 0.6420 0.0957 -0.7608
vn -0.3189 -0.8824 0.3459
vn -0.3190 -0.8825 0.3456
vn -0.3190 -0.8824 0.3459
vn -0.3189 -0.8824 0.3458
vn 0.6173 -0.2536 -0.7448
vn 0.6173 -0.2532 -0.7449
vn 0.6176 -0.2534 -0.7446
vn 0.6173 -0.2536 -0.7447
vn -0.0120 -0.9996 -0.0246
vn -0.0122 -0.9996 -0.0246
vn 0.6419 0.0992 -0.7604
vn 0.6418 0.0995 -0.7604
vn 0.6418 0.0994 -0.7604
vn 0.6418 0.0992 -0.7604
vn 0.3924 0.8102 -0.4354
vn 0.3922 0.8102 -0.4356
vn 0.3922 0.8103 -0.4355
vn 0.3922 0.8104 -0.4353
vn 0.5337 -0.5333 -0.6563
vn 0.5338 -0.5332 -0.6563
vn 0.5336 -0.5331 -0.6566
vn 0.6118 0.3377 -0.7153
vn 0.6118 0.3372 -0.7155
vn 0.6118 0.3373 -0.7155
vn 0.6118 0.3378 -0.7153
vn 0.2276 0.9451 -0.2343
vn 0.2279 0.9449 -0.2348
vn 0.2279 0.9450 -0.2347
vn 0.2278 0.9451 -0.2345
vn 0.5785 0.4635 -0.6712
vn 0.5786 0.4632 -0.6713
vn 0.5786 0.4633 -0.6712
vn 0.5787 0.4636 -0.6710
vn -0.4041 0.7589 0.5107
vn -0.4037 0.7590 0.5108
vn -0.4038 0.7590 0.5108
vn -0.4042 0.7587 0.5108
vn -0.2429 0.9141 0.3248
vn -0.2430 0.9141 0.3247
vn -0.2431 0.9140 0.3249
vn -0.5640 0.4546 0.6894
vn -0.5640 0.4548 0.6892
vn -0.5640 0.4547 0.6893
vn -0.5640 0.4545 0.6894
vn 0.0186 0.9997 0.0162
vn 0.0186 0.9997 0.0159
vn 0.0186 0.9997 0.0160
vn 0.0186 0.9997 0.0163
vn 0.5934 0.4126 -0.6911
vn 0.5933 0.4124 -0.6913
vn 0.5934 0.4127 -0.6910
vn 0.6142 -0.2682 -0.7421
vn 0.6143 -0.2683 -0.7421
vn 0.6142 -0.2684 -0.7421
vn 0.6143 -0.2682 -0.7421
vn 0.6174 0.3086 -0.7236
vn 0.6173 0.3087 -0.7237
vn 0.6173 0.3086 -0.7237
vn 0.6172 0.3087 -0.7237
vn 0.2174 -0.9306 -0.2945
vn 0.2173 -0.9307 -0.2944
vn 0.2172 -0.9306 -0.2945
vn 0.6321 -0.1569 -0.7589
vn 0.6319 -0.1573 -0.7589
vn 0.6320 -0.1572 -0.7588
vn 0.6320 -0.1569 -0.7589
vn 0.5043 -0.5972 -0.6237
vn 0.5043 -0.5973 -0.6237
vn 0.5042 -0.5972 -0.6237
vn 0.6418 0.0956 -0.7609
vn 0.6418 0.0959 -0.7608
vn 0.6418 0.0958 -0.7609
vn 0.5578 0.5235 -0.6441
vn 0.5577 0.5235 -0.6442
vn 0.5576 0.5236 -0.6442
vn 0.5577 0.5235 -0.6441
vn 0.5275 -0.5478 -0.6494
vn 0.5271 -0.5484 -0.6491
vn 0.5272 -0.5484 -0.6491
vn 0.5275 -0.5477 -0.6494
vn 0.4615 0.7171 -0.5222
vn 0.4615 0.7171 -0.5224
vn 0.4615 0.7170 -0.5224
vn 0.4618 0.7168 -0.5225
vn 0.0041 0.9994 0.0334
vn 0.0042 0.9994 0.0330
vn 0.0041 0.9994 0.0331
vn 0.0040 0.9994 0.0335
vn -0.2594 0.9026 0.3434
vn -0.2592 0.9028 0.3430
vn -0.2592 0.9028 0.3431
vn -0.2594 0.9026 0.3435
vn -0.5804 -0.4568 0.6741
vn -0.5802 -0.4572 0.6740
vn -0.5803 -0.4571 0.6740
vn -0.5805 -0.4567 0.6741
vn 0.7744 0.0073 0.6326
vn 0.7745 0.0074 0.6325
vn 0.7744 0.0072 0.6326
vn 0.7747 0.0072 0.6323
vn 0.7748 0.0075 0.6322
vn 0.7747 0.0074 0.6323
vn 0.7746 0.0075 0.6324
vn 0.7747 0.0075 0.6323
vn 0.7749 0.0073 0.6321
vn 0.7750 0.0071 0.6319
vn 0.7750 0.0072 0.6320
vn 0.7745 0.0072 0.6325
vn 0.7746 0.0073 0.6324
vn 0.7749 0.0070 0.6320
vn 0.7750 0.0070 0.6319
vn 0.7749 0.0066 0.6320
vn 0.7748 0.0073 0.6322
vn 0.7749 0.0067 0.6321
vn 0.7749 0.0072 0.6320
vn 0.7748 0.0068 0.6321
vn 0.7749 0.0081 0.6320
vn 0.7748 0.0072 0.6322
vn 0.7749 0.0068 0.6321
vn 0.7749 0.0071 0.6320
vn 0.7748 0.0071 0.6322
vn 0.7749 0.0069 0.6321
vn 0.7749 0.0073 0.6320
vn 0.7746 0.0074 0.6324
vn 0.7747 0.0073 0.6323
vn 0.7745 0.0091 0.6325
vn 0.7747 0.0100 0.6323
vn 0.7746 0.0072 0.6325
vn -0.7738 -0.0075 -0.6334
vn -0.7737 -0.0074 -0.6335
vn -0.7741 -0.0074 -0.6330
vn -0.7740 -0.0074 -0.6332
vn -0.7739 -0.0076 -0.6333
vn -0.7739 -0.0076 -0.6332
vn -0.7737 -0.0075 -0.6335
vn -0.7741 -0.0072 -0.6330
vn -0.7742 -0.0072 -0.6329
vn -0.7739 -0.0075 -0.6333
vn -0.7738 -0.0074 -0.6334
vn -0.7738 -0.0069 -0.6333
vn -0.7742 -0.0070 -0.6329
vn -0.7744 -0.0070 -0.6326
vn -0.7738 -0.0073 -0.6334
vn -0.7739 -0.0069 -0.6333
vn -0.7741 -0.0073 -0.6330
vn -0.7739 -0.0070 -0.6333
vn -0.7742 -0.0085 -0.6329
vn -0.7740 -0.0073 -0.6331
vn -0.7740 -0.0071 -0.6332
vn -0.7742 -0.0072 -0.6330
vn -0.7740 -0.0072 -0.6331
vn -0.7739 -0.0071 -0.6332
vn -0.7740 -0.0073 -0.6332
vn -0.7739 -0.0094 -0.6332
vn -0.7739 -0.0107 -0.6332
vn -0.7738 -0.0075 -0.6333
vn 0.1846 0.9595 -0.2127
vn 0.1848 0.9594 -0.2132
vn 0.1848 0.9594 -0.2131
vn 0.1846 0.9595 -0.2126
vn 0.5097 0.6072 -0.6096
vn 0.5099 0.6069 -0.6097
vn 0.5099 0.6071 -0.6094
vn 0.5097 0.6071 -0.6095
vn 0.0702 0.9947 -0.0746
vn 0.0705 0.9947 -0.0751
vn 0.0704 0.9947 -0.0749
vn 0.0705 0.9947 -0.0744
vn 0.2497 0.9231 -0.2926
vn 0.2502 0.9228 -0.2930
vn 0.2501 0.9228 -0.2930
vn 0.2497 0.9231 -0.2925
vn -0.3854 0.7922 0.4732
vn -0.3853 0.7923 0.4730
vn -0.3853 0.7923 0.4732
vn -0.3854 0.7921 0.4734
vn -0.5756 0.4239 0.6993
vn -0.5754 0.4239 0.6994
vn -0.5758 0.4238 0.6992
vn -0.4253 0.7407 0.5201
vn -0.4252 0.7409 0.5199
vn -0.4252 0.7407 0.5201
vn -0.4248 0.7409 0.5202
vn 0.2978 0.8868 -0.3533
vn 0.2980 0.8866 -0.3537
vn 0.2981 0.8867 -0.3534
vn -0.5717 0.4370 0.6944
vn -0.5717 0.4374 0.6942
vn -0.5717 0.4373 0.6942
vn -0.5717 0.4366 0.6946
vn -0.6256 -0.1985 0.7544
vn -0.6253 -0.1986 0.7547
vn -0.6254 -0.1985 0.7546
vn -0.6059 0.3049 0.7348
vn -0.6057 0.3046 0.7351
vn -0.6058 0.3047 0.7350
vn -0.5875 -0.3927 0.7075
vn -0.5875 -0.3926 0.7076
vn -0.5874 -0.3926 0.7076
vn -0.5876 -0.3929 0.7074
vn -0.1512 -0.9729 0.1750
vn -0.1515 -0.9728 0.1751
vn -0.1512 -0.9729 0.1751
vn -0.1507 -0.9729 0.1752
vn 0.4635 -0.6818 -0.5661
vn 0.4633 -0.6820 -0.5659
vn 0.4633 -0.6819 -0.5660
vn 0.4634 -0.6818 -0.5661
vn 0.6320 -0.1209 -0.7654
vn 0.6318 -0.1212 -0.7656
vn 0.6320 -0.1210 -0.7654
vn 0.3477 -0.8342 -0.4280
vn 0.3474 -0.8346 -0.4276
vn 0.3476 -0.8344 -0.4277
vn 0.3475 -0.8343 -0.4280
vn -0.6082 0.2925 0.7380
vn -0.6082 0.2925 0.7379
vn -0.6081 0.2925 0.7380
vn -0.5257 0.5598 0.6405
vn -0.5257 0.5601 0.6403
vn -0.5254 0.5600 0.6406
vn -0.5256 0.5599 0.6405
vn -0.1297 -0.9804 0.1484
vn -0.1304 -0.9803 0.1485
vn -0.1301 -0.9803 0.1484
vn -0.1294 -0.9804 0.1483
vn 0.6055 -0.3059 -0.7347
vn 0.6054 -0.3061 -0.7347
vn 0.6054 -0.3060 -0.7347
vn 0.5772 -0.4170 -0.7021
vn 0.5770 -0.4171 -0.7022
vn 0.5774 -0.4169 -0.7020
vn 0.5971 0.3584 -0.7176
vn 0.5970 0.3587 -0.7176
vn 0.5971 0.3586 -0.7176
vn 0.5968 0.3585 -0.7179
vn 0.6366 0.0569 -0.7691
vn 0.6370 0.0573 -0.7688
vn 0.6369 0.0571 -0.7689
vn 0.6366 0.0570 -0.7691
vn 0.4344 -0.7268 -0.5321
vn 0.4342 -0.7270 -0.5319
vn 0.4346 -0.7268 -0.5318
vn -0.3868 -0.7994 0.4597
vn -0.3873 -0.7992 0.4597
vn -0.3869 -0.7993 0.4597
vn -0.3872 -0.7994 0.4595
vn 0.4885 -0.6365 -0.5969
vn 0.4887 -0.6364 -0.5969
vn 0.4885 -0.6364 -0.5969
vn 0.3823 -0.7952 -0.4706
vn 0.3823 -0.7954 -0.4704
vn 0.3823 -0.7955 -0.4702
vn 0.3826 -0.7951 -0.4706
vn 0.6137 -0.2634 -0.7444
vn 0.6138 -0.2631 -0.7443
vn 0.6139 -0.2631 -0.7443
vn 0.6136 -0.2634 -0.7444
vn 0.7737 0.0088 0.6334
vn 0.7739 0.0093 0.6332
vn 0.7736 0.0092 0.6336
vn 0.7737 0.0093 0.6335
vn 0.7738 0.0092 0.6334
vn 0.7737 0.0092 0.6335
vn 0.7728 0.0096 0.6345
vn 0.7731 0.0095 0.6342
vn 0.7733 0.0094 0.6339
vn 0.7731 0.0092 0.6342
vn 0.7738 0.0090 0.6333
vn 0.7738 0.0092 0.6333
vn 0.7740 0.0092 0.6332
vn 0.7741 0.0092 0.6330
vn 0.7740 0.0091 0.6331
vn 0.7737 0.0094 0.6335
vn 0.7734 0.0095 0.6339
vn 0.7734 0.0094 0.6339
vn 0.7731 0.0096 0.6342
vn 0.7735 0.0094 0.6338
vn 0.7733 0.0093 0.6340
vn 0.7736 0.0092 0.6335
vn 0.7736 0.0093 0.6336
vn 0.7739 0.0091 0.6333
vn 0.7739 0.0089 0.6333
vn -0.7737 -0.0088 -0.6335
vn -0.7738 -0.0088 -0.6334
vn -0.7737 -0.0090 -0.6334
vn -0.7738 -0.0090 -0.6334
vn -0.7737 -0.0093 -0.6334
vn -0.7738 -0.0092 -0.6334
vn -0.7733 -0.0091 -0.6340
vn -0.7734 -0.0090 -0.6338
vn -0.7734 -0.0091 -0.6338
vn -0.7733 -0.0095 -0.6340
vn -0.7739 -0.0092 -0.6332
vn -0.7738 -0.0093 -0.6333
vn -0.7737 -0.0092 -0.6335
vn -0.7740 -0.0091 -0.6331
vn -0.7740 -0.0089 -0.6332
vn -0.7741 -0.0089 -0.6330
vn -0.7737 -0.0092 -0.6334
vn -0.7735 -0.0093 -0.6338
vn -0.7735 -0.0094 -0.6338
vn -0.7735 -0.0095 -0.6338
vn -0.7735 -0.0092 -0.6337
vn -0.7736 -0.0092 -0.6336
vn -0.7737 -0.0091 -0.6335
vn -0.7738 -0.0092 -0.6333
vn -0.7741 -0.0092 -0.6330
vn -0.7739 -0.0093 -0.6332
vn -0.0368 0.9974 0.0623
vn -0.0367 0.9974 0.0619
vn -0.0368 0.9974 0.0621
vn -0.0369 0.9974 0.0625
vn 0.5461 0.5136 -0.6619
vn 0.5461 0.5135 -0.6619
vn 0.5463 0.5135 -0.6617
vn 0.5461 0.5136 -0.6618
vn -0.4580 0.6792 0.5736
vn -0.4579 0.6794 0.5734
vn -0.4576 0.6796 0.5734
vn -0.4581 0.6791 0.5736
vn 0.1374 0.9787 -0.1526
vn 0.1377 0.9786 -0.1530
vn 0.1377 0.9786 -0.1529
vn 0.1373 0.9788 -0.1522
vn -0.5922 0.3353 0.7327
vn -0.5919 0.3354 0.7329
vn -0.5922 0.3349 0.7329
vn -0.2579 -0.9178 0.3018
vn -0.2584 -0.9177 0.3018
vn -0.2581 -0.9177 0.3021
vn -0.2578 -0.9179 0.3016
vn -0.4569 0.6808 0.5725
vn -0.4571 0.6810 0.5721
vn -0.4569 0.6809 0.5724
vn -0.4570 0.6808 0.5724
vn -0.5375 0.5135 0.6689
vn -0.5376 0.5134 0.6689
vn -0.5374 0.5136 0.6688
vn -0.3267 0.8492 0.4148
vn -0.3268 0.8495 0.4142
vn -0.3267 0.8493 0.4146
vn -0.3268 0.8492 0.4149
vn -0.4661 0.6656 0.5829
vn -0.4659 0.6658 0.5828
vn -0.4663 0.6654 0.5829
vn 0.5483 0.5036 -0.6676
vn 0.5485 0.5038 -0.6673
vn 0.5487 0.5035 -0.6673
vn -0.4498 0.6935 0.5628
vn -0.4496 0.6937 0.5627
vn -0.4497 0.6937 0.5627
vn -0.4499 0.6935 0.5628
vn -0.5919 0.3357 0.7328
vn -0.5921 0.3355 0.7327
vn -0.5923 0.3355 0.7325
vn -0.5920 0.3356 0.7327
vn -0.1435 -0.9763 0.1620
vn -0.1438 -0.9763 0.1619
vn -0.1431 -0.9763 0.1621
vn -0.1428 -0.9764 0.1621
vn 0.6278 0.1158 -0.7697
vn 0.6277 0.1159 -0.7698
vn 0.6276 0.1160 -0.7699
vn 0.4748 -0.6497 -0.5937
vn 0.4747 -0.6497 -0.5938
vn 0.4748 -0.6496 -0.5938
vn 0.4749 -0.6496 -0.5937
vn -0.6022 0.2872 0.7449
vn -0.6025 0.2872 0.7447
vn -0.6024 0.2872 0.7447
vn -0.1261 -0.9821 0.1397
vn -0.1267 -0.9820 0.1400
vn -0.1265 -0.9820 0.1399
vn -0.1259 -0.9822 0.1396
vn 0.5690 -0.4218 -0.7059
vn 0.5690 -0.4219 -0.7059
vn 0.5688 -0.4220 -0.7060
vn 0.5687 -0.4220 -0.7061
vn 0.5244 -0.5458 -0.6536
vn 0.5246 -0.5458 -0.6534
vn 0.5247 -0.5457 -0.6534
vn 0.5245 -0.5457 -0.6535
vn 0.6274 -0.1019 -0.7720
vn 0.6272 -0.1019 -0.7722
vn 0.6271 -0.1019 -0.7722
vn 0.6273 -0.1020 -0.7721
vn 0.6046 0.3003 -0.7377
vn 0.6043 0.3003 -0.7380
vn 0.6045 0.3002 -0.7378
vn 0.6047 0.3003 -0.7377
vn 0.5811 -0.3793 -0.7200
vn 0.5810 -0.3791 -0.7202
vn 0.3346 -0.8408 -0.4256
vn 0.3348 -0.8408 -0.4254
vn 0.3347 -0.8408 -0.4255
vn 0.2050 -0.9413 -0.2682
vn 0.2051 -0.9414 -0.2679
vn 0.2051 -0.9413 -0.2680
vn 0.2054 -0.9412 -0.2682
vn 0.4808 -0.6381 -0.6014
vn 0.4806 -0.6383 -0.6013
vn 0.4810 -0.6380 -0.6013
vn 0.6313 0.0010 -0.7756
vn 0.6317 0.0012 -0.7752
vn 0.6316 0.0011 -0.7753
vn 0.6316 0.0010 -0.7753
vn 0.1643 0.9690 -0.1843
vn 0.1644 0.9689 -0.1849
vn 0.1641 0.9690 -0.1846
vn 0.1643 0.9691 -0.1842
vn 0.5291 0.5581 -0.6392
vn 0.5289 0.5580 -0.6394
vn 0.5288 0.5583 -0.6393
vn 0.7798 0.0068 0.6260
vn 0.7798 0.0069 0.6260
vn 0.7797 0.0068 0.6261
vn 0.7802 0.0067 0.6255
vn 0.7802 0.0067 0.6254
vn 0.7796 0.0068 0.6263
vn 0.7797 0.0069 0.6262
vn 0.7795 0.0065 0.6264
vn 0.7799 0.0068 0.6259
vn 0.7802 0.0068 0.6255
vn 0.7799 0.0069 0.6259
vn 0.7800 0.0068 0.6258
vn 0.7800 0.0069 0.6258
vn 0.7801 0.0067 0.6256
vn 0.7803 0.0067 0.6254
vn 0.7803 0.0068 0.6254
vn 0.7807 0.0066 0.6249
vn 0.7804 0.0067 0.6253
vn 0.7804 0.0067 0.6252
vn 0.7805 0.0068 0.6251
vn -0.7798 -0.0069 -0.6260
vn -0.7795 -0.0069 -0.6263
vn -0.7797 -0.0068 -0.6261
vn -0.7800 -0.0067 -0.6258
vn -0.7801 -0.0068 -0.6257
vn -0.7801 -0.0067 -0.6257
vn -0.7796 -0.0068 -0.6263
vn -0.7795 -0.0069 -0.6264
vn -0.7796 -0.0066 -0.6262
vn -0.7800 -0.0069 -0.6258
vn -0.7798 -0.0068 -0.6260
vn -0.7799 -0.0068 -0.6258
vn -0.7800 -0.0068 -0.6258
vn -0.7799 -0.0069 -0.6259
vn -0.7799 -0.0069 -0.6258
vn -0.7800 -0.0066 -0.6257
vn -0.7801 -0.0069 -0.6257
vn -0.7800 -0.0067 -0.6257
vn -0.7798 -0.0067 -0.6260
vn -0.7801 -0.0068 -0.6256
vn -0.7803 -0.0067 -0.6254
vn -0.7801 -0.0067 -0.6256
vn -0.7802 -0.0067 -0.6255
vn -0.7802 -0.0065 -0.6256
vn -0.4350 0.7024 0.5633
vn -0.4353 0.7025 0.5630
vn -0.4352 0.7025 0.5632
vn -0.2858 0.8783 0.3834
vn -0.2857 0.8784 0.3831
vn -0.2855 0.8784 0.3833
vn -0.2859 0.8782 0.3834
vn -0.5926 0.3052 0.7455
vn -0.5925 0.3052 0.7455
vn -0.5926 0.3053 0.7454
vn -0.5680 0.4024 0.7180
vn -0.5679 0.4024 0.7181
vn -0.5679 0.4024 0.7180
vn -0.3406 0.8262 0.4488
vn -0.3407 0.8262 0.4487
vn -0.3407 0.8261 0.4489
vn -0.3404 0.8261 0.4490
vn 0.4793 0.6625 -0.5757
vn 0.4795 0.6623 -0.5757
vn 0.4798 0.6622 -0.5756
vn 0.4795 0.6626 -0.5754
vn -0.3465 0.8198 0.4558
vn -0.3466 0.8199 0.4557
vn -0.3465 0.8199 0.4558
vn -0.6061 0.2310 0.7611
vn -0.6064 0.2308 0.7610
vn -0.6063 0.2308 0.7610
vn -0.6064 0.2312 0.7608
vn -0.6245 -0.1102 0.7732
vn -0.6243 -0.1102 0.7734
vn -0.6246 -0.1102 0.7732
vn -0.6248 -0.1102 0.7730
vn -0.6216 0.1051 0.7763
vn -0.6215 0.1052 0.7763
vn -0.1005 -0.9905 0.0941
vn -0.1005 -0.9905 0.0942
vn -0.1001 -0.9905 0.0941
vn -0.0997 -0.9906 0.0942
vn 0.5310 0.5529 -0.6421
vn 0.5308 0.5526 -0.6425
vn 0.5308 0.5527 -0.6425
vn 0.5308 0.5532 -0.6421
vn 0.3004 0.8890 -0.3456
vn 0.3007 0.8888 -0.3459
vn 0.3002 0.8890 -0.3456
vn 0.3004 0.8890 -0.3455
vn 0.5582 -0.4333 -0.7076
vn 0.5585 -0.4331 -0.7075
vn 0.5583 -0.4333 -0.7075
vn -0.2801 -0.9055 0.3188
vn -0.2805 -0.9051 0.3196
vn 0.0594 -0.9927 -0.1053
vn 0.0597 -0.9926 -0.1054
vn -0.5944 -0.3435 0.7271
vn -0.5954 -0.3383 0.7287
vn -0.6265 -0.0766 0.7756
vn -0.6265 -0.0752 0.7757
vn -0.6273 -0.0110 0.7787
vn -0.6272 -0.0105 0.7788
vn -0.6268 0.0188 0.7789
vn -0.6270 0.0190 0.7788
vn -0.6262 0.0358 0.7789
vn -0.6262 0.0358 0.7788
vn -0.6259 0.0454 0.7786
vn -0.6258 0.0458 0.7787
vn -0.6265 0.0279 0.7789
vn -0.6265 0.0281 0.7789
vn -0.6274 -0.0149 0.7785
vn -0.6273 -0.0151 0.7786
vn -0.6272 -0.0455 0.7775
vn -0.6273 -0.0464 0.7774
vn -0.6269 -0.0607 0.7767
vn -0.6269 -0.0614 0.7767
vn -0.6268 -0.0700 0.7761
vn -0.6267 -0.0697 0.7761
vn -0.6263 -0.0747 0.7760
vn -0.6265 -0.0753 0.7758
vn -0.6267 -0.0774 0.7754
vn -0.6263 -0.0779 0.7757
vn -0.6264 -0.0783 0.7756
vn -0.0965 -0.9914 0.0881
vn -0.0967 -0.9914 0.0882
vn -0.0963 -0.9915 0.0880
vn 0.5892 0.3659 -0.7204
vn 0.5895 0.3656 -0.7203
vn 0.5894 0.3658 -0.7203
vn 0.5893 0.3658 -0.7204
vn 0.6207 -0.1239 -0.7742
vn 0.6205 -0.1238 -0.7743
vn 0.6207 -0.1241 -0.7742
vn 0.6207 -0.1236 -0.7743
vn 0.5583 -0.4337 -0.7072
vn 0.5582 -0.4337 -0.7073
vn 0.5585 -0.4337 -0.7071
vn 0.5787 0.4103 -0.7049
vn 0.5785 0.4104 -0.7049
vn 0.5787 0.4102 -0.7049
vn 0.5787 0.4103 -0.7048
vn 0.5593 -0.4311 -0.7081
vn 0.5593 -0.4309 -0.7081
vn 0.5593 -0.4309 -0.7082
vn 0.5593 -0.4310 -0.7081
vn -0.4999 -0.6247 0.5998
vn -0.5000 -0.6246 0.5999
vn -0.4998 -0.6246 0.6000
vn -0.4998 -0.6248 0.5998
vn 0.5446 -0.4744 -0.6916
vn 0.5448 -0.4743 -0.6915
vn 0.1762 -0.9519 -0.2507
vn 0.1760 -0.9521 -0.2501
vn 0.1760 -0.9521 -0.2502
vn 0.6113 -0.2020 -0.7652
vn 0.6114 -0.2018 -0.7652
vn 0.6114 -0.2019 -0.7651
vn 0.6261 0.1001 -0.7733
vn 0.6262 0.1001 -0.7732
vn 0.2595 0.9209 -0.2907
vn 0.2596 0.9208 -0.2912
vn 0.2593 0.9209 -0.2910
vn -0.3088 0.8574 0.4118
vn -0.3088 0.8575 0.4116
vn -0.3085 0.8574 0.4119
vn -0.3087 0.8574 0.4118
vn 0.6128 0.2419 -0.7523
vn 0.6128 0.2422 -0.7522
vn 0.6129 0.2420 -0.7522
vn 0.6125 0.2418 -0.7525
vn 0.2025 0.9544 -0.2192
vn 0.2028 0.9543 -0.2196
vn 0.2023 0.9545 -0.2192
vn 0.6127 0.2429 -0.7521
vn 0.6129 0.2428 -0.7519
vn 0.6126 0.2430 -0.7521
vn 0.6126 0.2429 -0.7521
vn -0.3629 0.8006 0.4769
vn -0.3625 0.8008 0.4768
vn -0.3628 0.8007 0.4767
vn -0.3629 0.8005 0.4769
vn 0.7861 0.0041 0.6181
vn 0.7861 0.0039 0.6181
vn 0.7861 0.0037 0.6181
vn 0.7861 0.0038 0.6181
vn 0.7860 0.0040 0.6182
vn 0.7861 0.0040 0.6180
vn 0.7861 0.0038 0.6180
vn 0.7860 0.0042 0.6182
vn 0.7862 0.0039 0.6180
vn 0.7863 0.0039 0.6179
vn 0.7860 0.0038 0.6182
vn 0.7865 0.0037 0.6176
vn 0.7862 0.0038 0.6179
vn 0.7862 0.0037 0.6179
vn 0.7861 0.0036 0.6180
vn 0.7859 0.0041 0.6184
vn 0.7862 0.0036 0.6179
vn 0.7861 0.0039 0.6180
vn 0.7862 0.0036 0.6180
vn 0.7860 0.0037 0.6182
vn 0.7859 0.0037 0.6183
vn 0.7862 0.0037 0.6180
vn 0.7865 0.0038 0.6176
vn 0.7862 0.0038 0.6180
vn 0.7863 0.0039 0.6178
vn -0.7854 -0.0040 -0.6189
vn -0.7856 -0.0038 -0.6187
vn -0.7854 -0.0037 -0.6189
vn -0.7855 -0.0040 -0.6188
vn -0.7854 -0.0038 -0.6190
vn -0.7853 -0.0041 -0.6191
vn -0.7853 -0.0042 -0.6191
vn -0.7854 -0.0041 -0.6190
vn -0.7855 -0.0039 -0.6189
vn -0.7855 -0.0038 -0.6188
vn -0.7855 -0.0040 -0.6189
vn -0.7855 -0.0039 -0.6188
vn -0.7856 -0.0039 -0.6187
vn -0.7857 -0.0041 -0.6186
vn -0.7854 -0.0040 -0.6190
vn -0.7857 -0.0036 -0.6186
vn -0.7854 -0.0039 -0.6189
vn -0.7855 -0.0038 -0.6189
vn -0.7857 -0.0040 -0.6186
vn -0.7857 -0.0037 -0.6186
vn -0.7856 -0.0039 -0.6188
vn -0.7853 -0.0040 -0.6191
vn -0.7856 -0.0038 -0.6188
vn -0.7856 -0.0040 -0.6188
vn -0.7853 -0.0039 -0.6191
vn -0.7855 -0.0042 -0.6189
vn -0.5920 -0.3889 0.7059
vn -0.5920 -0.3891 0.7058
vn -0.5918 -0.3891 0.7060
vn -0.5916 -0.3893 0.7060
vn -0.4825 0.6294 0.6091
vn -0.4825 0.6296 0.6089
vn -0.4825 0.6295 0.6091
vn -0.5776 0.3916 0.7163
vn -0.5776 0.3919 0.7161
vn -0.5776 0.3917 0.7162
vn -0.1830 0.9493 0.2557
vn -0.1828 0.9494 0.2555
vn -0.1828 0.9492 0.2560
vn -0.6253 -0.2019 0.7538
vn -0.6255 -0.2014 0.7538
vn -0.6256 -0.2013 0.7537
vn -0.4788 0.6363 0.6049
vn -0.4789 0.6363 0.6047
vn -0.4791 0.6361 0.6048
vn -0.4786 0.6364 0.6050
vn -0.5623 0.4407 0.6998
vn -0.5623 0.4406 0.6998
vn -0.5625 0.4404 0.6997
vn -0.5626 0.4404 0.6997
vn -0.5950 -0.3744 0.7112
vn -0.5883 0.3522 0.7279
vn -0.5883 0.3521 0.7280
vn -0.3703 0.7965 0.4779
vn -0.3708 0.7966 0.4774
vn -0.3706 0.7964 0.4778
vn -0.3705 0.7963 0.4781
vn -0.0776 -0.9951 0.0607
vn -0.0779 -0.9951 0.0607
vn -0.0774 -0.9952 0.0607
vn -0.0771 -0.9952 0.0607
vn 0.5765 -0.3965 -0.7145
vn 0.5763 -0.3965 -0.7146
vn 0.5762 -0.3967 -0.7146
vn -0.0346 -0.9994 0.0073
vn -0.0350 -0.9994 0.0073
vn -0.0349 -0.9994 0.0073
vn -0.0346 -0.9994 0.0069
vn -0.6352 -0.0089 0.7723
vn -0.6350 -0.0089 0.7724
vn -0.6353 -0.0089 0.7722
vn -0.6161 -0.2702 0.7399
vn -0.6162 -0.2701 0.7399
vn -0.6158 -0.2704 0.7400
vn -0.1578 0.9613 0.2257
vn -0.1578 0.9614 0.2255
vn -0.1578 0.9614 0.2256
vn -0.1577 0.9613 0.2259
vn -0.0757 -0.9955 0.0567
vn -0.0759 -0.9955 0.0566
vn -0.0754 -0.9955 0.0568
vn -0.0751 -0.9956 0.0568
vn 0.2185 0.9479 -0.2317
vn 0.2186 0.9478 -0.2320
vn 0.2184 0.9480 -0.2314
vn 0.6104 0.3039 -0.7315
vn 0.6105 0.3040 -0.7314
vn 0.6104 0.3039 -0.7314
vn 0.6116 -0.2454 -0.7522
vn 0.6114 -0.2452 -0.7523
vn 0.6113 -0.2454 -0.7524
vn 0.6114 -0.2454 -0.7523
vn 0.6149 0.2800 -0.7372
vn 0.6147 0.2801 -0.7374
vn 0.6150 0.2800 -0.7372
vn 0.6147 0.2802 -0.7373
vn 0.3900 -0.7720 -0.5020
vn 0.3898 -0.7724 -0.5014
vn 0.3898 -0.7723 -0.5016
vn 0.3900 -0.7721 -0.5017
vn -0.6088 -0.3137 0.7286
vn -0.6089 -0.3138 0.7286
vn -0.6088 -0.3139 0.7286
vn -0.6083 -0.3145 0.7287
vn 0.4717 -0.6493 -0.5967
vn 0.4716 -0.6492 -0.5967
vn 0.4717 -0.6492 -0.5967
vn -0.4700 -0.6934 0.5462
vn -0.4702 -0.6933 0.5461
vn 0.5227 -0.5456 -0.6550
vn 0.5226 -0.5458 -0.6550
vn 0.5227 -0.5458 -0.6549
vn 0.5229 -0.5455 -0.6550
vn 0.5803 0.4335 -0.6894
vn 0.5804 0.4334 -0.6894
vn 0.5802 0.4336 -0.6895
vn 0.5803 0.4336 -0.6893
vn 0.6246 -0.1570 -0.7650
vn 0.6247 -0.1570 -0.7649
vn 0.5932 0.3854 -0.7069
vn 0.5932 0.3856 -0.7067
vn 0.5931 0.3856 -0.7068
vn 0.1270 0.9848 -0.1182
vn 0.1273 0.9848 -0.1186
vn 0.1272 0.9848 -0.1185
vn 0.1269 0.9849 -0.1182
vn -0.2657 0.8960 0.3557
vn -0.2659 0.8960 0.3555
vn 0.5282 0.5791 -0.6211
vn 0.5282 0.5790 -0.6211
vn 0.5283 0.5790 -0.6210
vn -0.1836 0.9487 0.2576
vn -0.1836 0.9487 0.2573
vn -0.1838 0.9486 0.2576
vn -0.1839 0.9486 0.2577
vn 0.3292 0.8692 -0.3689
vn 0.3291 0.8692 -0.3690
vn 0.3290 0.8693 -0.3690
vn 0.3290 0.8693 -0.3688
vn -0.5618 0.4426 0.6989
vn -0.5618 0.4428 0.6988
vn -0.5618 0.4425 0.6989
vn 0.2004 0.9570 -0.2095
vn 0.2004 0.9570 -0.2098
vn 0.2004 0.9570 -0.2097
vn 0.2004 0.9571 -0.2094
vn -0.6052 0.2785 0.7458
vn -0.6053 0.2782 0.7458
vn -0.6052 0.2786 0.7458
vn 0.7803 0.0056 0.6254
vn 0.7803 0.0054 0.6254
vn 0.7803 0.0055 0.6254
vn 0.7802 0.0053 0.6255
vn 0.7804 0.0050 0.6252
vn 0.7806 0.0049 0.6250
vn 0.7804 0.0050 0.6253
vn 0.7805 0.0050 0.6252
vn 0.7805 0.0051 0.6252
vn 0.7804 0.0051 0.6252
vn 0.7806 0.0050 0.6250
vn 0.7803 0.0051 0.6253
vn 0.7804 0.0051 0.6253
vn 0.7802 0.0050 0.6255
vn 0.7805 0.0052 0.6252
vn 0.7805 0.0049 0.6252
vn 0.7805 0.0049 0.6251
vn 0.7806 0.0050 0.6251
vn 0.7806 0.0048 0.6250
vn 0.7805 0.0050 0.6251
vn 0.7804 0.0046 0.6252
vn 0.7805 0.0053 0.6251
vn -0.7796 -0.0056 -0.6263
vn -0.7795 -0.0057 -0.6264
vn -0.7795 -0.0054 -0.6263
vn -0.7797 -0.0051 -0.6261
vn -0.7799 -0.0049 -0.6259
vn -0.7796 -0.0052 -0.6262
vn -0.7798 -0.0050 -0.6260
vn -0.7798 -0.0053 -0.6261
vn -0.7796 -0.0051 -0.6262
vn -0.7797 -0.0051 -0.6262
vn -0.7798 -0.0051 -0.6260
vn -0.7796 -0.0052 -0.6263
vn -0.7797 -0.0053 -0.6261
vn -0.7797 -0.0052 -0.6261
vn -0.7799 -0.0050 -0.6259
vn -0.7798 -0.0050 -0.6259
vn -0.7798 -0.0049 -0.6260
vn -0.7796 -0.0048 -0.6262
vn -0.7797 -0.0054 -0.6261
vn 0.2039 0.9458 -0.2528
vn 0.2039 0.9457 -0.2531
vn 0.2039 0.9457 -0.2530
vn 0.2034 0.9459 -0.2527
vn -0.1823 0.9621 0.2029
vn -0.1822 0.9621 0.2027
vn -0.1822 0.9621 0.2028
vn -0.1824 0.9621 0.2030
vn -0.4908 0.6575 0.5717
vn -0.4908 0.6576 0.5716
vn -0.4908 0.6575 0.5716
vn -0.6288 0.2395 0.7398
vn -0.6288 0.2397 0.7397
vn -0.6288 0.2396 0.7397
vn -0.6288 0.2394 0.7398
vn -0.6049 -0.3420 0.7191
vn -0.6050 -0.3420 0.7190
vn -0.6050 -0.3420 0.7191
vn -0.6385 0.1632 0.7521
vn -0.6386 0.1632 0.7520
vn -0.6386 0.1632 0.7521
vn -0.6384 0.1632 0.7522
vn -0.5805 -0.4302 0.6914
vn -0.5806 -0.4300 0.6913
vn -0.5803 -0.4304 0.6914
vn -0.4936 0.6527 0.5748
vn -0.4937 0.6526 0.5748
vn -0.4936 0.6527 0.5747
vn 0.4733 0.6736 -0.5677
vn 0.4734 0.6734 -0.5679
vn 0.4732 0.6735 -0.5678
vn 0.4731 0.6739 -0.5675
vn -0.2731 0.9105 0.3107
vn -0.2730 0.9105 0.3106
vn -0.5131 0.6155 0.5982
vn -0.5130 0.6158 0.5980
vn -0.5130 0.6157 0.5981
vn -0.5132 0.6154 0.5982
vn -0.5912 0.4128 0.6929
vn -0.5913 0.4127 0.6928
vn -0.5911 0.4128 0.6929
vn -0.5709 0.4769 0.6683
vn -0.5708 0.4769 0.6684
vn -0.5710 0.4769 0.6682
vn -0.1778 -0.9589 0.2213
vn -0.1780 -0.9588 0.2212
vn -0.1770 -0.9589 0.2217
vn -0.1767 -0.9589 0.2218
vn 0.5816 -0.4441 -0.6816
vn 0.5816 -0.4440 -0.6816
vn 0.5817 -0.4440 -0.6815
vn 0.3290 -0.8649 -0.3790
vn 0.3288 -0.8650 -0.3789
vn 0.3289 -0.8650 -0.3790
vn 0.3292 -0.8649 -0.3790
vn 0.0127 -0.9999 -0.0047
vn 0.0122 -0.9999 -0.0046
vn 0.0125 -0.9999 -0.0046
vn 0.0129 -0.9999 -0.0048
vn -0.6154 -0.3001 0.7289
vn -0.6152 -0.3002 0.7289
vn -0.6153 -0.3002 0.7289
vn -0.6155 -0.3001 0.7288
vn -0.0019 -0.9999 0.0120
vn -0.0024 -0.9999 0.0125
vn -0.0023 -0.9999 0.0124
vn -0.0019 -0.9999 0.0119
vn 0.5087 -0.6230 -0.5942
vn 0.5088 -0.6231 -0.5941
vn 0.5087 -0.6231 -0.5940
vn 0.5087 -0.6231 -0.5942
vn 0.2727 -0.9097 -0.3131
vn 0.2724 -0.9098 -0.3130
vn 0.2726 -0.9098 -0.3131
vn 0.2729 -0.9097 -0.3131
vn 0.6457 -0.0692 -0.7605
vn 0.6454 -0.0691 -0.7607
vn 0.6457 -0.0689 -0.7605
vn 0.6457 -0.0693 -0.7604
vn 0.6163 -0.3105 -0.7237
vn 0.6161 -0.3104 -0.7239
vn 0.6057 0.3449 -0.7171
vn 0.6056 0.3448 -0.7172
vn 0.6057 0.3447 -0.7172
vn 0.6060 0.3447 -0.7169
vn 0.0013 0.9999 -0.0104
vn 0.0016 0.9999 -0.0111
vn 0.0016 0.9999 -0.0110
vn 0.0013 0.9999 -0.0103
vn -0.0865 0.9919 0.0929
vn -0.0863 0.9920 0.0924
vn -0.0863 0.9920 0.0925
vn -0.0866 0.9919 0.0930
vn 0.1331 0.9771 -0.1662
vn 0.1335 0.9769 -0.1669
vn 0.1333 0.9770 -0.1666
vn 0.1331 0.9771 -0.1661
vn 0.6452 0.0589 -0.7618
vn 0.6454 0.0587 -0.7616
vn 0.6451 0.0589 -0.7618
vn 0.5665 -0.4894 -0.6630
vn 0.5665 -0.4891 -0.6632
vn 0.5662 -0.4892 -0.6634
vn 0.5664 -0.4892 -0.6632
vn 0.6453 0.0579 -0.7617
vn 0.6454 0.0580 -0.7616
vn 0.6455 0.0580 -0.7616
vn 0.6012 0.3621 -0.7124
vn 0.6011 0.3621 -0.7124
vn 0.6010 0.3622 -0.7124
vn 0.5278 0.5721 -0.6278
vn 0.5276 0.5720 -0.6281
vn 0.5275 0.5722 -0.6280
vn 0.5276 0.5721 -0.6279
vn -0.6106 -0.3227 0.7232
vn -0.6106 -0.3228 0.7232
vn -0.6106 -0.3226 0.7233
vn -0.6404 0.1458 0.7540
vn -0.6406 0.1458 0.7539
vn -0.6404 0.1457 0.7541
vn 0.2108 0.9426 -0.2588
vn 0.2112 0.9426 -0.2588
vn 0.2114 0.9425 -0.2587
vn 0.2113 0.9426 -0.2585
vn 0.5769 0.4443 -0.6855
vn 0.5765 0.4445 -0.6856
vn 0.5767 0.4443 -0.6856
vn 0.5767 0.4442 -0.6856
vn 0.6378 -0.1715 -0.7508
vn 0.6377 -0.1716 -0.7510
vn 0.6379 -0.1715 -0.7508
vn 0.4617 -0.7056 -0.5375
vn 0.4618 -0.7056 -0.5374
vn 0.4620 -0.7056 -0.5373
vn -0.0566 -0.9955 0.0763
vn -0.0566 -0.9955 0.0762
vn -0.0561 -0.9955 0.0763
vn -0.0564 -0.9955 0.0765
vn 0.4361 0.7335 -0.5213
vn 0.4360 0.7336 -0.5213
vn 0.0752 0.9923 -0.0985
vn 0.0750 0.9923 -0.0986
vn 0.0755 0.9923 -0.0985
vn 0.0753 0.9923 -0.0983
vn -0.2759 0.9077 0.3162
vn -0.2757 0.9078 0.3161
vn -0.2757 0.9077 0.3162
vn -0.5074 0.6262 0.5920
vn -0.5076 0.6261 0.5919
vn -0.5074 0.6261 0.5921
vn -0.5073 0.6261 0.5921
vn -0.6453 0.0675 0.7609
vn -0.6453 0.0674 0.7610
vn -0.6456 0.0676 0.7607
vn -0.5806 -0.4329 0.6896
vn -0.5807 -0.4328 0.6895
vn -0.5806 -0.4328 0.6896
vn -0.5804 -0.4329 0.6897
vn -0.6462 -0.0266 0.7627
vn -0.6461 -0.0266 0.7628
vn -0.6463 -0.0266 0.7627
vn 0.0443 0.9971 -0.0625
vn 0.0445 0.9970 -0.0630
vn 0.0445 0.9970 -0.0629
vn 0.0442 0.9971 -0.0624
vn 0.2412 0.9247 -0.2944
vn 0.2413 0.9246 -0.2948
vn 0.2413 0.9247 -0.2946
vn 0.2412 0.9248 -0.2942
vn 0.5728 0.4562 -0.6810
vn 0.5727 0.4563 -0.6810
vn 0.5729 0.4561 -0.6810
vn 0.3581 0.8278 -0.4319
vn 0.3581 0.8275 -0.4324
vn 0.3581 0.8276 -0.4323
vn 0.3580 0.8278 -0.4321
vn 0.2246 0.9346 -0.2759
vn 0.2247 0.9344 -0.2763
vn 0.2247 0.9345 -0.2761
vn 0.2245 0.9346 -0.2757
vn 0.5646 0.4786 -0.6724
vn 0.5647 0.4786 -0.6724
vn 0.5645 0.4787 -0.6724
vn 0.2604 0.9114 -0.3187
vn 0.2603 0.9113 -0.3190
vn 0.2604 0.9114 -0.3188
vn 0.2604 0.9115 -0.3184
vn 0.6454 -0.0581 -0.7616
vn 0.6456 -0.0581 -0.7615
vn 0.6455 -0.0581 -0.7615
vn 0.6453 -0.0581 -0.7617
vn 0.7640 0.0107 0.6451
vn 0.7642 0.0107 0.6449
vn 0.7641 0.0107 0.6450
vn 0.7639 0.0108 0.6452
vn 0.7639 0.0109 0.6452
vn 0.7643 0.0108 0.6448
vn 0.7643 0.0107 0.6448
vn 0.7640 0.0108 0.6451
vn 0.7641 0.0107 0.6451
vn 0.6772 0.4642 0.5709
vn 0.7642 0.0106 0.6449
vn 0.7642 0.0106 0.6448
vn 0.8618 0.4569 0.2203
vn 0.7920 0.4242 0.4390
vn 0.8165 0.3316 0.4727
vn 0.7554 0.3499 0.5540
vn 0.7644 0.0106 0.6446
vn 0.7645 0.0107 0.6445
vn 0.7643 0.0106 0.6448
vn 0.7640 0.0104 0.6452
vn 0.7641 0.0105 0.6450
vn 0.7642 0.0105 0.6449
vn 0.7645 0.0107 0.6446
vn 0.7644 0.0105 0.6447
vn 0.7644 0.0108 0.6446
vn 0.7640 0.0107 0.6452
vn 0.7641 0.0108 0.6450
vn 0.7638 0.0109 0.6454
vn 0.7637 0.0108 0.6454
vn -0.7640 -0.0107 -0.6451
vn -0.7640 -0.0107 -0.6452
vn -0.7639 -0.0107 -0.6452
vn -0.7639 -0.0108 -0.6452
vn -0.7640 -0.0108 -0.6451
vn -0.7640 -0.0105 -0.6451
vn -0.7642 -0.0106 -0.6449
vn -0.7641 -0.0104 -0.6450
vn -0.7640 -0.0106 -0.6451
vn -0.7642 -0.0107 -0.6449
vn -0.7641 -0.0107 -0.6450
vn -0.6863 0.4394 -0.5796
vn -0.7641 -0.0106 -0.6450
vn -0.3794 0.4318 -0.8183
vn -0.5784 0.3959 -0.7132
vn -0.6120 0.3046 -0.7298
vn -0.6812 0.3266 -0.6552
vn -0.7641 -0.0107 -0.6451
vn -0.7639 -0.0106 -0.6453
vn -0.7642 -0.0107 -0.6448
vn -0.7638 -0.0107 -0.6453
vn -0.7637 -0.0108 -0.6455
vn -0.7644 -0.0104 -0.6447
vn -0.7641 -0.0105 -0.6450
vn -0.7638 -0.0107 -0.6454
vn -0.7638 -0.0108 -0.6454
vn -0.7637 -0.0109 -0.6454
vn -0.7639 -0.0109 -0.6452
vt 0.014100 1.000000
vt 0.014100 0.000000
vt 0.000000 0.000000
vt 0.000000 1.000000
vt 0.036400 1.000000
vt 0.036400 0.000000
vt 0.054200 1.000000
vt 0.054200 0.000000
vt 0.084300 1.000000
vt 0.084300 0.000000
vt 0.104700 1.000000
vt 0.104700 0.000000
vt 0.126600 1.000000
vt 0.126600 0.000000
vt 0.135100 1.000000
vt 0.135100 0.000000
vt 0.161000 1.000000
vt 0.161000 0.000000
vt 0.170200 1.000000
vt 0.170200 0.000000
vt 0.201700 1.000000
vt 0.201700 0.000000
vt 0.216000 1.000000
vt 0.216000 0.000000
vt 0.222700 1.000000
vt 0.222700 0.000000
vt 0.258100 1.000000
vt 0.258100 0.000000
vt 0.265200 1.000000
vt 0.265200 0.000000
vt 0.278800 1.000000
vt 0.278800 0.000000
vt 0.311300 1.000000
vt 0.311300 0.000000
vt 0.347900 1.000000
vt 0.347900 0.000000
vt 0.362800 1.000000
vt 0.362800 0.000000
vt 0.378900 1.000000
vt 0.378900 0.000000
vt 0.392600 1.000000
vt 0.392600 0.000000
vt 0.471500 1.000000
vt 0.471500 0.000000
vt 0.523900 1.000000
vt 0.523900 0.000000
vt 0.538600 1.000000
vt 0.538600 0.000000
vt 0.598900 1.000000
vt 0.598900 0.000000
vt 0.636900 1.000000
vt 0.636900 0.000000
vt 0.731900 1.000000
vt 0.731900 0.000000
vt 0.758800 1.000000
vt 0.758800 0.000000
vt 0.793700 1.000000
vt 0.793700 0.000000
vt 0.820700 1.000000
vt 0.820700 0.000000
vt 0.842300 1.000000
vt 0.842300 0.000000
vt 0.855500 1.000000
vt 0.855500 0.000000
vt 0.908400 1.000000
vt 0.908400 0.000000
vt 0.923200 1.000000
vt 0.923200 0.000000
vt 0.932600 1.000000
vt 0.932600 0.000000
vt 0.941100 1.000000
vt 0.941100 0.000000
vt 0.959700 1.000000
vt 0.959700 0.000000
vt 0.989700 1.000000
vt 0.989700 0.000000
vt 1.000000 1.000000
vt 1.000000 0.000000
vt 0.268300 0.418600
vt 0.296500 0.404400
vt 0.330400 0.448400
vt 0.615000 1.000000
vt 0.532700 0.941600
vt 0.651200 0.954900
vt 0.868000 0.646300
vt 1.000000 0.817600
vt 0.816800 0.679200
vt 0.000000 0.252800
vt 0.024600 0.119000
vt 0.169600 0.243300
vt 0.094900 0.095100
vt 0.383000 0.680100
vt 0.413400 0.656900
vt 0.479100 0.723500
vt 0.601600 0.006200
vt 0.800800 0.001000
vt 0.652700 0.225400
vt 0.858700 0.348800
vt 0.689500 0.981800
vt 0.792000 0.898300
vt 0.167500 0.310700
vt 0.192100 0.291000
vt 0.317200 0.589800
vt 0.348200 0.563700
vt 0.529200 0.876100
vt 0.530700 0.001200
vt 0.596300 0.188600
vt 0.117600 0.000000
vt 0.070700 0.038300
vt 0.817600 0.443700
vt 0.691200 0.536600
vt 0.724700 0.633000
vt 0.964800 0.866400
vt 0.915900 0.869400
vt 0.429200 0.790000
vt 0.889400 0.894400
vt 0.011900 1.000000
vt 0.011900 0.000000
vt 0.025200 1.000000
vt 0.025200 0.000000
vt 0.038400 1.000000
vt 0.038400 0.000000
vt 0.044100 1.000000
vt 0.044100 0.000000
vt 0.063000 1.000000
vt 0.063000 0.000000
vt 0.075000 1.000000
vt 0.075000 0.000000
vt 0.085600 1.000000
vt 0.085600 0.000000
vt 0.104500 1.000000
vt 0.104500 0.000000
vt 0.129300 1.000000
vt 0.129300 0.000000
vt 0.151500 1.000000
vt 0.151500 0.000000
vt 0.165100 1.000000
vt 0.165100 0.000000
vt 0.187900 1.000000
vt 0.187900 0.000000
vt 0.195400 1.000000
vt 0.195400 0.000000
vt 0.212200 1.000000
vt 0.212200 0.000000
vt 0.230500 1.000000
vt 0.230500 0.000000
vt 0.240900 1.000000
vt 0.240900 0.000000
vt 0.259800 1.000000
vt 0.259800 0.000000
vt 0.277400 1.000000
vt 0.277400 0.000000
vt 0.288100 1.000000
vt 0.288100 0.000000
vt 0.330000 1.000000
vt 0.330000 0.000000
vt 0.345600 1.000000
vt 0.345600 0.000000
vt 0.363100 1.000000
vt 0.363100 0.000000
vt 0.394400 1.000000
vt 0.394400 0.000000
vt 0.403300 1.000000
vt 0.403300 0.000000
vt 0.432800 1.000000
vt 0.432800 0.000000
vt 0.443900 1.000000
vt 0.443900 0.000000
vt 0.454800 1.000000
vt 0.454800 0.000000
vt 0.478700 1.000000
vt 0.478700 0.000000
vt 0.543300 1.000000
vt 0.543300 0.000000
vt 0.551500 1.000000
vt 0.551500 0.000000
vt 0.621900 1.000000
vt 0.621900 0.000000
vt 0.637100 1.000000
vt 0.637100 0.000000
vt 0.687000 1.000000
vt 0.687000 0.000000
vt 0.720600 1.000000
vt 0.720600 0.000000
vt 0.817300 1.000000
vt 0.817300 0.000000
vt 0.864600 1.000000
vt 0.864600 0.000000
vt 0.905700 1.000000
vt 0.905700 0.000000
vt 0.926900 1.000000
vt 0.926900 0.000000
vt 0.944800 1.000000
vt 0.944800 0.000000
vt 0.967700 1.000000
vt 0.967700 0.000000
vt 0.980400 1.000000
vt 0.980400 0.000000
vt 0.000000 0.001900
vt 0.356900 0.000000
vt 0.124400 0.033800
vt 0.056600 0.283600
vt 0.149500 0.303700
vt 0.087800 0.340100
vt 0.561000 1.000000
vt 0.540700 0.904400
vt 0.639100 0.951300
vt 0.873800 0.641200
vt 0.924300 0.701400
vt 0.820000 0.714400
vt 0.063100 0.074900
vt 0.124400 0.076400
vt 0.113600 0.184000
vt 0.674600 0.984500
vt 0.710800 0.945300
vt 0.814800 0.939100
vt 0.803000 0.918400
vt 0.271100 0.440400
vt 0.067400 0.196400
vt 0.307300 0.602500
vt 0.348300 0.574000
vt 0.386900 0.646800
vt 0.932000 0.790700
vt 0.361900 0.032100
vt 0.567700 0.033600
vt 0.753200 0.028000
vt 0.600900 0.227100
vt 0.828700 0.401600
vt 0.548000 0.273100
vt 0.252200 0.480000
vt 0.344900 0.500500
vt 0.413100 0.727700
vt 0.434800 0.702800
vt 0.520400 0.774300
vt 1.000000 0.802400
vt 0.984200 0.878200
vt 0.918900 0.882900
vt 0.721600 0.569600
vt 0.875500 0.924700
vt 0.494000 0.823900
vt 0.123400 0.999500
vt 0.123400 0.000500
vt 0.077100 0.000500
vt 0.077100 0.999500
vt 0.235200 0.999500
vt 0.235200 0.000500
vt 0.331600 0.999500
vt 0.331600 0.000500
vt 0.520100 0.999500
vt 0.520100 0.000500
vt 0.687200 0.999500
vt 0.687200 0.000500
vt 0.651100 0.000500
vt 0.651100 0.999500
vt 0.664700 0.999500
vt 0.664700 0.000500
vt 0.484500 0.000500
vt 0.484500 0.999500
vt 0.734800 0.999500
vt 0.734800 0.000500
vt 0.999500 0.999500
vt 0.999500 0.000500
vt 0.868200 0.000500
vt 0.868200 0.999500
vt 0.612100 0.999500
vt 0.612100 0.000500
vt 0.320900 0.000500
vt 0.320900 0.999500
vt 0.652900 0.999500
vt 0.652900 0.000500
vt 0.955600 0.999500
vt 0.955600 0.000500
vt 0.869700 0.999500
vt 0.869700 0.000500
vt 0.071500 0.000500
vt 0.071500 0.999500
vt 0.137900 0.999500
vt 0.137900 0.000500
vt 0.015600 0.000500
vt 0.015600 0.999500
vt 0.337200 0.999500
vt 0.337200 0.000500
vt 0.924600 0.999500
vt 0.924600 0.000500
vt 0.836900 0.000500
vt 0.836900 0.999500
vt 0.391600 0.999500
vt 0.391600 0.000500
vt 0.302900 0.000500
vt 0.302900 0.999500
vt 0.932000 0.000500
vt 0.932000 0.999500
vt 0.448200 0.999500
vt 0.448200 0.000500
vt 0.397100 0.000500
vt 0.397100 0.999500
vt 0.137400 0.999500
vt 0.137400 0.000500
vt 0.015900 0.000500
vt 0.015900 0.999500
vt 0.550000 0.999500
vt 0.550000 0.000500
vt 0.513500 0.000500
vt 0.513500 0.999500
vt 0.583700 0.999500
vt 0.583700 0.000500
vt 0.177800 0.999500
vt 0.177800 0.000500
vt 0.140700 0.000500
vt 0.140700 0.999500
vt 0.631300 0.999500
vt 0.631300 0.000500
vt 0.592500 0.000500
vt 0.592500 0.999500
vt 0.399400 0.999500
vt 0.399400 0.000500
vt 0.368700 0.000500
vt 0.368700 0.999500
vt 0.290500 0.999500
vt 0.290500 0.000500
vt 0.237500 0.000500
vt 0.237500 0.999500
vt 0.489000 0.999500
vt 0.489000 0.000500
vt 0.427800 0.000500
vt 0.427800 0.999500
vt 0.371100 0.999500
vt 0.371100 0.000500
vt 0.311000 0.000500
vt 0.311000 0.999500
vt 0.506500 0.000500
vt 0.506500 0.999500
vt 0.639800 0.999500
vt 0.639800 0.000500
vt 0.747600 0.999500
vt 0.747600 0.000500
vt 0.548700 0.999500
vt 0.548700 0.000500
vt 0.513900 0.000500
vt 0.513900 0.999500
vt 0.799200 0.999500
vt 0.799200 0.000500
vt 0.764200 0.000500
vt 0.764200 0.999500
vt 0.837000 0.999500
vt 0.837000 0.000500
vt 0.889000 0.999500
vt 0.889000 0.000500
vt 0.950300 0.999500
vt 0.950300 0.000500
vt 0.975800 0.999500
vt 0.975800 0.000500
vt 0.522000 0.999500
vt 0.522000 0.000500
vt 0.488700 0.000500
vt 0.488700 0.999500
vt 0.601600 0.999500
vt 0.601600 0.000500
vt 0.654400 0.999500
vt 0.654400 0.000500
vt 0.038600 0.000500
vt 0.038600 0.999500
vt 0.925100 0.302700
vt 0.932500 0.391500
vt 0.837200 0.337000
vt 0.792200 0.631400
vt 0.762800 0.600700
vt 0.822500 0.592600
vt 1.000000 0.397000
vt 0.984600 0.448100
vt 0.863000 0.513500
vt 0.345400 0.961800
vt 0.375100 0.923300
vt 0.398300 0.992200
vt 0.870100 0.015100
vt 0.896500 0.137500
vt 0.071000 0.000000
vt 0.131400 0.735000
vt 0.000000 0.679300
vt 0.188300 0.664900
vt 0.004200 0.387800
vt 0.312600 0.484400
vt 0.044800 0.346900
vt 0.511300 0.976200
vt 0.478000 1.000000
vt 0.499200 0.950700
vt 0.027100 0.043900
vt 0.348800 0.479800
vt 0.548700 0.764500
vt 0.547900 0.799500
vt 0.514000 0.747800
vt 0.553700 0.889400
vt 0.354200 0.876900
vt 0.373000 0.765100
vt 0.569200 0.837400
vt 0.336000 0.668600
vt 0.573500 0.639900
vt 0.568800 0.592600
vt 0.629000 0.506500
vt 0.689200 0.511000
vt 0.709700 0.572300
vt 0.879600 0.550100
vt 0.859700 0.583800
vt 0.015600 1.000000
vt 0.015600 0.000000
vt 0.029900 1.000000
vt 0.029900 0.000000
vt 0.064300 1.000000
vt 0.064300 0.000000
vt 0.078000 1.000000
vt 0.078000 0.000000
vt 0.140200 1.000000
vt 0.140200 0.000000
vt 0.207600 1.000000
vt 0.207600 0.000000
vt 0.293900 1.000000
vt 0.293900 0.000000
vt 0.319300 1.000000
vt 0.319300 0.000000
vt 0.336800 1.000000
vt 0.336800 0.000000
vt 0.378000 1.000000
vt 0.378000 0.000000
vt 0.394300 1.000000
vt 0.394300 0.000000
vt 0.417700 1.000000
vt 0.417700 0.000000
vt 0.489500 1.000000
vt 0.489500 0.000000
vt 0.513700 1.000000
vt 0.513700 0.000000
vt 0.547600 1.000000
vt 0.547600 0.000000
vt 0.571900 1.000000
vt 0.571900 0.000000
vt 0.624300 1.000000
vt 0.624300 0.000000
vt 0.647200 1.000000
vt 0.647200 0.000000
vt 0.690300 1.000000
vt 0.690300 0.000000
vt 0.716900 1.000000
vt 0.716900 0.000000
vt 0.808500 1.000000
vt 0.808500 0.000000
vt 0.850200 1.000000
vt 0.850200 0.000000
vt 0.883000 1.000000
vt 0.883000 0.000000
vt 0.912600 1.000000
vt 0.912600 0.000000
vt 0.930300 1.000000
vt 0.930300 0.000000
vt 0.953700 1.000000
vt 0.953700 0.000000
vt 0.978700 1.000000
vt 0.978700 0.000000
vt 0.589500 0.000000
vt 0.805400 0.006000
vt 0.627000 0.079100
vt 0.811500 0.103000
vt 0.635200 0.270600
vt 0.887400 0.433400
vt 0.016400 0.327400
vt 0.000000 0.264600
vt 0.140100 0.305500
vt 0.092200 0.129800
vt 0.873000 0.737200
vt 0.922100 0.815000
vt 0.791800 0.762500
vt 1.000000 0.964600
vt 0.922100 0.967600
vt 1.000000 0.886800
vt 0.765000 0.557000
vt 0.520500 0.004300
vt 0.577900 0.082100
vt 0.160600 0.003000
vt 0.553300 0.204800
vt 0.088600 0.070200
vt 0.377000 0.569700
vt 0.713000 0.670700
vt 0.435400 0.812500
vt 0.627000 0.991500
vt 0.694900 0.983600
vt 0.865900 1.000000
vt 0.033500 1.000000
vt 0.033500 0.000000
vt 0.047200 1.000000
vt 0.047200 0.000000
vt 0.060800 1.000000
vt 0.060800 0.000000
vt 0.073700 1.000000
vt 0.073700 0.000000
vt 0.089000 1.000000
vt 0.089000 0.000000
vt 0.098900 1.000000
vt 0.098900 0.000000
vt 0.136400 1.000000
vt 0.136400 0.000000
vt 0.201100 1.000000
vt 0.201100 0.000000
vt 0.245800 1.000000
vt 0.245800 0.000000
vt 0.316300 1.000000
vt 0.316300 0.000000
vt 0.339200 1.000000
vt 0.339200 0.000000
vt 0.363600 1.000000
vt 0.363600 0.000000
vt 0.410700 1.000000
vt 0.410700 0.000000
vt 0.551900 1.000000
vt 0.551900 0.000000
vt 0.566300 1.000000
vt 0.566300 0.000000
vt 0.599400 1.000000
vt 0.599400 0.000000
vt 0.643400 1.000000
vt 0.643400 0.000000
vt 0.667400 1.000000
vt 0.667400 0.000000
vt 0.721700 1.000000
vt 0.721700 0.000000
vt 0.760100 1.000000
vt 0.760100 0.000000
vt 0.792500 1.000000
vt 0.792500 0.000000
vt 0.824100 1.000000
vt 0.824100 0.000000
vt 0.852700 1.000000
vt 0.852700 0.000000
vt 0.886700 1.000000
vt 0.886700 0.000000
vt 0.911600 1.000000
vt 0.911600 0.000000
vt 0.933200 1.000000
vt 0.933200 0.000000
vt 0.978600 1.000000
vt 0.978600 0.000000
vt 0.615900 0.006100
vt 0.592700 0.055300
vt 0.616000 0.999600
vt 0.587900 0.955400
vt 0.658600 0.963900
vt 0.067800 0.251500
vt 0.015800 0.173300
vt 0.138300 0.191400
vt 0.278400 0.422700
vt 0.655700 0.165100
vt 0.414200 0.540800
vt 0.650900 0.002800
vt 0.755600 0.006100
vt 0.796200 0.203400
vt 0.531800 0.954600
vt 0.526700 0.898300
vt 0.569400 0.891800
vt 0.848600 0.337900
vt 0.825400 0.455500
vt 0.751700 0.553900
vt 0.491800 0.770400
vt 0.767200 0.658900
vt 0.868900 0.749900
vt 0.798300 1.000000
vt 0.867900 0.947200
vt 0.960000 0.799800
vt 1.000000 0.872100
vt 0.976400 0.944800
vt 0.127100 0.999500
vt 0.127100 0.000500
vt 0.037900 0.000500
vt 0.037900 0.999500
vt 0.172100 0.999500
vt 0.172100 0.000500
vt 0.296100 0.999500
vt 0.296100 0.000500
vt 0.481500 0.999500
vt 0.481500 0.000500
vt 0.645500 0.999500
vt 0.645500 0.000500
vt 0.426800 0.999500
vt 0.426800 0.000500
vt 0.354500 0.000500
vt 0.354500 0.999500
vt 0.589600 0.999500
vt 0.589600 0.000500
vt 0.573200 0.000500
vt 0.573200 0.999500
vt 0.723700 0.999500
vt 0.723700 0.000500
vt 0.921200 0.999500
vt 0.921200 0.000500
vt 0.998400 0.999500
vt 0.998400 0.000500
vt 0.615400 0.999500
vt 0.615400 0.000500
vt 0.111700 0.000500
vt 0.111700 0.999500
vt 0.083500 0.999500
vt 0.083500 0.000500
vt 0.003500 0.000500
vt 0.003500 0.999500
vt 0.553500 0.999500
vt 0.553500 0.000500
vt 0.500300 0.000500
vt 0.500300 0.999500
vt 0.241100 0.999500
vt 0.241100 0.000500
vt 0.095500 0.000500
vt 0.095500 0.999500
vt 0.668600 0.999500
vt 0.668600 0.000500
vt 0.499500 0.000500
vt 0.499500 0.999500
vt 0.735500 0.999500
vt 0.735500 0.000500
vt 0.728400 0.000500
vt 0.728400 0.999500
vt 0.757000 0.999500
vt 0.757000 0.000500
vt 0.787700 0.999500
vt 0.787700 0.000500
vt 0.822300 0.999500
vt 0.822300 0.000500
vt 0.855300 0.999500
vt 0.855300 0.000500
vt 0.881400 0.999500
vt 0.881400 0.000500
vt 0.895400 0.999500
vt 0.895400 0.000500
vt 0.903200 0.999500
vt 0.903200 0.000500
vt 0.914300 0.999500
vt 0.914300 0.000500
vt 0.928100 0.999500
vt 0.928100 0.000500
vt 0.944100 0.999500
vt 0.944100 0.000500
vt 0.961600 0.999500
vt 0.961600 0.000500
vt 0.980300 0.999500
vt 0.980300 0.000500
vt 0.997300 0.999500
vt 0.997300 0.000500
vt 0.775100 0.000500
vt 0.775100 0.999500
vt 0.149500 0.999500
vt 0.149500 0.000500
vt 0.001800 0.000500
vt 0.001800 0.999500
vt 0.264600 0.999500
vt 0.264600 0.000500
vt 0.416500 0.999500
vt 0.416500 0.000500
vt 0.547600 0.999500
vt 0.547600 0.000500
vt 0.650100 0.999500
vt 0.650100 0.000500
vt 0.409900 0.999500
vt 0.409900 0.000500
vt 0.349900 0.000500
vt 0.349900 0.999500
vt 0.727700 0.999500
vt 0.727700 0.000500
vt 0.590100 0.000500
vt 0.590100 0.999500
vt 0.956100 0.000500
vt 0.956100 0.999500
vt 0.798400 0.999500
vt 0.798400 0.000500
vt 0.742100 0.000500
vt 0.742100 0.999500
vt 0.847900 0.999500
vt 0.847900 0.000500
vt 0.064800 0.999500
vt 0.064800 0.000500
vt 0.025500 0.000500
vt 0.025500 0.999500
vt 0.166400 0.999500
vt 0.166400 0.000500
vt 0.145100 0.000500
vt 0.145100 0.999500
vt 0.873800 0.999500
vt 0.873800 0.000500
vt 0.833600 0.000500
vt 0.833600 0.999500
vt 0.194900 0.999500
vt 0.194900 0.000500
vt 0.131300 0.000500
vt 0.131300 0.999500
vt 0.880900 0.000500
vt 0.880900 0.999500
vt 0.000500 0.000500
vt 0.000500 0.999500
vt 0.615500 0.003000
vt 0.499700 0.083100
vt 0.111300 0.001100
vt 0.446400 0.095100
vt 0.997800 0.001300
vt 0.855600 0.149200
vt 0.775400 0.000000
vt 0.766800 0.019200
vt 0.758500 0.037900
vt 0.750800 0.055500
vt 0.744000 0.071500
vt 0.738300 0.085300
vt 0.734100 0.096400
vt 0.895600 0.590200
vt 0.956500 0.727900
vt 0.793300 0.650300
vt 0.731600 0.104300
vt 0.719500 1.000000
vt 0.667000 0.962600
vt 0.805400 0.881300
vt 0.728100 0.118200
vt 0.098500 0.078400
vt 0.721300 0.144400
vt 0.577300 0.873200
vt 0.839800 0.264400
vt 0.712000 0.177400
vt 0.701200 0.212000
vt 0.689800 0.242700
vt 0.028100 0.426800
vt 0.003500 0.410300
vt 0.164300 0.354400
vt 0.000000 0.276100
vt 0.678700 0.264300
vt 0.895400 0.416400
vt 0.668700 0.271300
vt 0.756300 0.547600
vt 0.499500 0.240800
vt 0.416000 0.518500
vt 0.473300 0.704100
vt 0.491100 0.828200
vt 0.869100 0.874200
vt 0.898200 0.833900
vt 1.000000 0.742300
vt 0.998900 0.798700
vt 0.975000 0.848300
vt 0.935600 0.855200
vt 0.222900 0.999500
vt 0.222900 0.000500
vt 0.066400 0.000500
vt 0.066400 0.999500
vt 0.294100 0.999500
vt 0.294100 0.000500
vt 0.348900 0.999500
vt 0.348900 0.000500
vt 0.748600 0.999500
vt 0.748600 0.000500
vt 0.694700 0.000500
vt 0.694700 0.999500
vt 0.446900 0.999500
vt 0.446900 0.000500
vt 0.517200 0.999500
vt 0.517200 0.000500
vt 0.628400 0.999500
vt 0.628400 0.000500
vt 0.684300 0.999500
vt 0.684300 0.000500
vt 0.804600 0.999500
vt 0.804600 0.000500
vt 0.357600 0.999500
vt 0.357600 0.000500
vt 0.341100 0.999500
vt 0.341100 0.000500
vt 0.528800 0.999500
vt 0.528800 0.000500
vt 0.447100 0.000500
vt 0.447100 0.999500
vt 0.835400 0.999500
vt 0.835400 0.000500
vt 0.654100 0.000500
vt 0.654100 0.999500
vt 0.949200 0.999500
vt 0.949200 0.000500
vt 0.497300 0.999500
vt 0.497300 0.000500
vt 0.373800 0.000500
vt 0.373800 0.999500
vt 0.502700 0.000500
vt 0.502700 0.999500
vt 0.249700 0.999500
vt 0.249700 0.000500
vt 0.235800 0.999500
vt 0.235800 0.000500
vt 0.057900 0.000500
vt 0.057900 0.999500
vt 0.464600 0.999500
vt 0.464600 0.000500
vt 0.681300 0.999500
vt 0.681300 0.000500
vt 0.730500 0.999500
vt 0.730500 0.000500
vt 0.340200 0.999500
vt 0.340200 0.000500
vt 0.269500 0.000500
vt 0.269500 0.999500
vt 0.751900 0.999500
vt 0.751900 0.000500
vt 0.659800 0.000500
vt 0.659800 0.999500
vt 0.704800 0.000500
vt 0.704800 0.999500
vt 0.768000 0.999500
vt 0.768000 0.000500
vt 0.714000 0.000500
vt 0.714000 0.999500
vt 0.859600 0.999500
vt 0.859600 0.000500
vt 0.888900 0.999500
vt 0.888900 0.000500
vt 0.959700 0.999500
vt 0.959700 0.000500
vt 0.405000 0.999500
vt 0.405000 0.000500
vt 0.335900 0.000500
vt 0.335900 0.999500
vt 0.434400 0.999500
vt 0.434400 0.000500
vt 0.979600 0.999500
vt 0.979600 0.000500
vt 0.947600 0.000500
vt 0.947600 0.999500
vt 0.506400 0.999500
vt 0.506400 0.000500
vt 0.468000 0.000500
vt 0.468000 0.999500
vt 0.597000 0.999500
vt 0.597000 0.000500
vt 0.027300 0.999500
vt 0.027300 0.000500
vt 0.736300 0.999500
vt 0.736300 0.000500
vt 0.605700 0.000500
vt 0.605700 0.999500
vt 0.003700 0.000500
vt 0.003700 0.999500
vt 1.000000 0.004900
vt 0.750500 0.057400
vt 0.502700 0.005300
vt 0.626300 0.050400
vt 0.357400 0.000000
vt 0.215100 0.195100
vt 0.447000 0.340900
vt 0.239700 0.315500
vt 0.642100 0.660000
vt 0.705000 0.752200
vt 0.601000 0.730800
vt 0.649600 0.235500
vt 0.567000 0.164200
vt 0.528800 0.345800
vt 0.666800 0.464600
vt 0.757300 0.714200
vt 0.783500 0.768200
vt 0.713600 0.859900
vt 0.402900 1.000000
vt 0.394200 0.973200
vt 0.493600 0.964300
vt 0.263400 0.996800
vt 0.256300 0.934000
vt 0.364600 0.777400
vt 0.251100 0.629000
vt 0.284100 0.553200
vt 0.305100 0.651200
vt 0.550700 0.681400
vt 0.532100 0.980100
vt 0.565600 0.948000
vt 0.202300 0.371500
vt 0.238200 0.482800
vt 0.319100 0.706100
vt 0.712900 0.889300
vt 0.664300 0.960200
vt 0.595100 0.965300
vt 0.031100 1.000000
vt 0.031100 0.000000
vt 0.043400 1.000000
vt 0.043400 0.000000
vt 0.056900 1.000000
vt 0.056900 0.000000
vt 0.084500 1.000000
vt 0.084500 0.000000
vt 0.104100 1.000000
vt 0.104100 0.000000
vt 0.132000 1.000000
vt 0.132000 0.000000
vt 0.142200 1.000000
vt 0.142200 0.000000
vt 0.147600 1.000000
vt 0.147600 0.000000
vt 0.157400 1.000000
vt 0.157400 0.000000
vt 0.173800 1.000000
vt 0.173800 0.000000
vt 0.197700 1.000000
vt 0.197700 0.000000
vt 0.232200 1.000000
vt 0.232200 0.000000
vt 0.364300 1.000000
vt 0.364300 0.000000
vt 0.410400 1.000000
vt 0.410400 0.000000
vt 0.435200 1.000000
vt 0.435200 0.000000
vt 0.461000 1.000000
vt 0.461000 0.000000
vt 0.465000 1.000000
vt 0.465000 0.000000
vt 0.472300 1.000000
vt 0.472300 0.000000
vt 0.477900 1.000000
vt 0.477900 0.000000
vt 0.502000 1.000000
vt 0.502000 0.000000
vt 0.514400 1.000000
vt 0.514400 0.000000
vt 0.523100 1.000000
vt 0.523100 0.000000
vt 0.529700 1.000000
vt 0.529700 0.000000
vt 0.539200 1.000000
vt 0.539200 0.000000
vt 0.548300 1.000000
vt 0.548300 0.000000
vt 0.556500 1.000000
vt 0.556500 0.000000
vt 0.568400 1.000000
vt 0.568400 0.000000
vt 0.581200 1.000000
vt 0.581200 0.000000
vt 0.603900 1.000000
vt 0.603900 0.000000
vt 0.614500 1.000000
vt 0.614500 0.000000
vt 0.624700 1.000000
vt 0.624700 0.000000
vt 0.644300 1.000000
vt 0.644300 0.000000
vt 0.660800 1.000000
vt 0.660800 0.000000
vt 0.679200 1.000000
vt 0.679200 0.000000
vt 0.693300 1.000000
vt 0.693300 0.000000
vt 0.708500 1.000000
vt 0.708500 0.000000
vt 0.726100 1.000000
vt 0.726100 0.000000
vt 0.751700 1.000000
vt 0.751700 0.000000
vt 0.759000 1.000000
vt 0.759000 0.000000
vt 0.776700 1.000000
vt 0.776700 0.000000
vt 0.791300 1.000000
vt 0.791300 0.000000
vt 0.807500 1.000000
vt 0.807500 0.000000
vt 0.841800 1.000000
vt 0.841800 0.000000
vt 0.850100 1.000000
vt 0.850100 0.000000
vt 0.858100 1.000000
vt 0.858100 0.000000
vt 0.876800 1.000000
vt 0.876800 0.000000
vt 0.898500 1.000000
vt 0.898500 0.000000
vt 0.911200 1.000000
vt 0.911200 0.000000
vt 0.928100 1.000000
vt 0.928100 0.000000
vt 0.950900 1.000000
vt 0.950900 0.000000
vt 0.984600 1.000000
vt 0.984600 0.000000
vt 0.745600 0.905400
vt 0.797600 0.819900
vt 0.782200 0.871300
vt 0.812100 0.826200
vt 0.826500 0.982600
vt 0.796300 1.000000
vt 0.710200 0.956900
vt 0.715600 0.985000
vt 0.664900 0.933900
vt 0.671200 0.874500
vt 0.636200 0.853800
vt 0.679000 0.793600
vt 0.649200 0.785100
vt 0.714400 0.701300
vt 0.723100 0.738300
vt 0.022200 0.001300
vt 0.632400 0.000000
vt 0.056000 0.181300
vt 0.669800 0.242200
vt 0.071600 0.307600
vt 0.099700 0.389100
vt 0.847300 0.712000
vt 0.808000 0.732700
vt 0.834000 0.645700
vt 0.726100 0.659200
vt 0.156500 0.963800
vt 0.084600 0.967500
vt 0.172400 0.883700
vt 0.134100 0.423300
vt 0.155200 0.408500
vt 0.174700 0.458000
vt 0.873300 0.360200
vt 0.905800 0.370700
vt 0.862900 0.378300
vt 0.915500 0.398000
vt 0.023900 0.923400
vt 0.000000 0.863800
vt 0.002600 0.791700
vt 0.078100 0.672900
vt 0.326900 0.858900
vt 0.401100 0.772900
vt 0.088900 0.569000
vt 0.479000 0.765800
vt 0.534900 0.745100
vt 0.603900 0.660900
vt 0.748900 0.338100
vt 0.689800 0.650300
vt 0.852500 0.585700
vt 1.000000 0.482100
vt 0.890200 0.588700
vt 0.987800 0.546600
vt 0.928900 0.608200
vt 0.989100 0.593200
vt 0.970900 0.621800
s 1
usemtl 3d66_Standardmaterial_17342430_129
f 3/1/1 2/2/2 1/3/3
f 4/4/4 3/1/1 1/3/3
f 6/5/5 5/6/6 2/2/5
f 3/1/7 6/5/5 2/2/5
f 8/7/8 7/8/8 5/6/9
f 6/5/8 8/7/8 5/6/9
f 10/9/10 9/10/11 7/8/12
f 8/7/13 10/9/10 7/8/12
f 12/11/14 11/12/15 9/10/16
f 10/9/17 12/11/14 9/10/16
f 14/13/18 13/14/19 11/12/20
f 12/11/21 14/13/18 11/12/20
f 16/15/22 15/16/22 13/14/23
f 14/13/24 16/15/22 13/14/23
f 18/17/25 17/18/26 15/16/27
f 16/15/25 18/17/25 15/16/27
f 20/19/28 19/20/29 17/18/30
f 18/17/31 20/19/28 17/18/30
f 22/21/32 21/22/33 19/20/34
f 20/19/35 22/21/32 19/20/34
f 24/23/36 23/24/37 21/22/38
f 22/21/39 24/23/36 21/22/38
f 26/25/40 25/26/41 23/24/42
f 24/23/40 26/25/40 23/24/42
f 28/27/43 27/28/44 25/26/45
f 26/25/46 28/27/43 25/26/45
f 30/29/47 29/30/48 27/28/49
f 28/27/50 30/29/47 27/28/49
f 32/31/51 31/32/52 29/30/53
f 30/29/54 32/31/51 29/30/53
f 34/33/55 33/34/56 31/32/57
f 32/31/58 34/33/55 31/32/57
f 36/35/59 35/36/60 33/34/61
f 34/33/62 36/35/59 33/34/61
f 38/37/63 37/38/64 35/36/65
f 36/35/66 38/37/63 35/36/65
f 40/39/67 39/40/68 37/38/68
f 38/37/69 40/39/67 37/38/68
f 42/41/70 41/42/71 39/40/72
f 40/39/73 42/41/70 39/40/72
f 44/43/74 43/44/75 41/42/76
f 42/41/77 44/43/74 41/42/76
f 46/45/78 45/46/79 43/44/79
f 44/43/80 46/45/78 43/44/79
f 48/47/81 47/48/82 45/46/83
f 46/45/84 48/47/81 45/46/83
f 50/49/85 49/50/86 47/48/85
f 48/47/87 50/49/85 47/48/85
f 52/51/88 51/52/89 49/50/90
f 50/49/91 52/51/88 49/50/90
f 54/53/92 53/54/92 51/52/93
f 52/51/94 54/53/92 51/52/93
f 56/55/95 55/56/96 53/54/97
f 54/53/98 56/55/95 53/54/97
f 58/57/99 57/58/100 55/56/101
f 56/55/102 58/57/99 55/56/101
f 60/59/103 59/60/104 57/58/105
f 58/57/106 60/59/103 57/58/105
f 62/61/107 61/62/108 59/60/109
f 60/59/107 62/61/107 59/60/109
f 64/63/110 63/64/111 61/62/111
f 62/61/110 64/63/110 61/62/111
f 66/65/112 65/66/113 63/64/114
f 64/63/115 66/65/112 63/64/114
f 68/67/116 67/68/117 65/66/117
f 66/65/118 68/67/116 65/66/117
f 70/69/119 69/70/120 67/68/121
f 68/67/122 70/69/119 67/68/121
f 72/71/123 71/72/124 69/70/124
f 70/69/125 72/71/123 69/70/124
f 74/73/126 73/74/127 71/72/128
f 72/71/129 74/73/126 71/72/128
f 76/75/130 75/76/131 73/74/132
f 74/73/133 76/75/130 73/74/132
f 4/77/134 1/78/135 75/76/136
f 76/75/134 4/77/134 75/76/136
f 79/117/188 78/118/189 77/3/190
f 80/4/191 79/117/188 77/3/190
f 82/119/192 81/120/193 78/118/193
f 79/117/192 82/119/192 78/118/193
f 84/121/194 83/122/195 81/120/196
f 82/119/197 84/121/194 81/120/196
f 86/123/198 85/124/199 83/122/200
f 84/121/199 86/123/198 83/122/200
f 88/125/201 87/126/202 85/124/203
f 86/123/204 88/125/201 85/124/203
f 90/127/205 89/128/206 87/126/207
f 88/125/208 90/127/205 87/126/207
f 92/129/209 91/130/210 89/128/211
f 90/127/212 92/129/209 89/128/211
f 94/131/213 93/132/214 91/130/215
f 92/129/216 94/131/213 91/130/215
f 96/133/217 95/134/218 93/132/218
f 94/131/217 96/133/217 93/132/218
f 98/135/219 97/136/220 95/134/221
f 96/133/221 98/135/219 95/134/221
f 100/137/222 99/138/223 97/136/223
f 98/135/224 100/137/222 97/136/223
f 102/139/225 101/140/226 99/138/227
f 100/137/228 102/139/225 99/138/227
f 104/141/229 103/142/230 101/140/231
f 102/139/232 104/141/229 101/140/231
f 106/143/233 105/144/234 103/142/235
f 104/141/236 106/143/233 103/142/235
f 108/145/237 107/146/238 105/144/238
f 106/143/239 108/145/237 105/144/238
f 110/147/240 109/148/241 107/146/242
f 108/145/243 110/147/240 107/146/242
f 112/149/244 111/150/245 109/148/246
f 110/147/247 112/149/244 109/148/246
f 114/151/248 113/152/249 111/150/250
f 112/149/251 114/151/248 111/150/250
f 116/153/252 115/154/253 113/152/253
f 114/151/254 116/153/252 113/152/253
f 118/155/255 117/156/256 115/154/257
f 116/153/258 118/155/255 115/154/257
f 120/157/259 119/158/259 117/156/260
f 118/155/259 120/157/259 117/156/260
f 122/159/261 121/160/262 119/158/263
f 120/157/264 122/159/261 119/158/263
f 124/161/265 123/162/266 121/160/267
f 122/159/268 124/161/265 121/160/267
f 126/163/269 125/164/270 123/162/271
f 124/161/272 126/163/269 123/162/271
f 128/165/273 127/166/274 125/164/275
f 126/163/276 128/165/273 125/164/275
f 130/167/277 129/168/278 127/166/279
f 128/165/280 130/167/277 127/166/279
f 132/169/281 131/170/282 129/168/283
f 130/167/284 132/169/281 129/168/283
f 134/171/285 133/172/286 131/170/287
f 132/169/288 134/171/285 131/170/287
f 136/173/289 135/174/290 133/172/289
f 134/171/291 136/173/289 133/172/289
f 138/175/292 137/176/293 135/174/294
f 136/173/292 138/175/292 135/174/294
f 140/177/295 139/178/296 137/176/297
f 138/175/298 140/177/295 137/176/297
f 142/179/299 141/180/300 139/178/301
f 140/177/302 142/179/299 139/178/301
f 144/181/303 143/182/304 141/180/305
f 142/179/305 144/181/303 141/180/305
f 146/183/306 145/184/307 143/182/308
f 144/181/309 146/183/306 143/182/308
f 148/185/310 147/186/311 145/184/312
f 146/183/313 148/185/310 145/184/312
f 150/187/314 149/188/315 147/186/316
f 148/185/317 150/187/314 147/186/316
f 152/189/318 151/190/319 149/188/320
f 150/187/321 152/189/318 149/188/320
f 154/191/322 153/192/323 151/190/324
f 152/189/325 154/191/322 151/190/324
f 156/193/326 155/194/327 153/192/327
f 154/191/328 156/193/326 153/192/327
f 158/195/329 157/196/330 155/194/331
f 156/193/332 158/195/329 155/194/331
f 160/197/333 159/198/334 157/196/335
f 158/195/336 160/197/333 157/196/335
f 80/77/337 77/78/338 159/198/339
f 160/197/340 80/77/337 159/198/339
f 245/404/596 244/405/597 243/3/598
f 246/4/599 245/404/596 243/3/598
f 248/406/600 247/407/601 244/405/602
f 245/404/603 248/406/600 244/405/602
f 250/408/604 249/409/605 247/407/606
f 248/406/607 250/408/604 247/407/606
f 252/410/608 251/411/609 249/409/610
f 250/408/611 252/410/608 249/409/610
f 254/412/612 253/413/613 251/411/614
f 252/410/615 254/412/612 251/411/614
f 256/414/616 255/415/617 253/413/616
f 254/412/618 256/414/616 253/413/616
f 258/416/619 257/417/620 255/415/621
f 256/414/622 258/416/619 255/415/621
f 260/418/623 259/419/624 257/417/624
f 258/416/625 260/418/623 257/417/624
f 262/420/626 261/421/627 259/419/628
f 260/418/629 262/420/626 259/419/628
f 264/422/630 263/423/631 261/421/631
f 262/420/632 264/422/630 261/421/631
f 266/424/633 265/425/634 263/423/635
f 264/422/633 266/424/633 263/423/635
f 268/426/636 267/427/637 265/425/638
f 266/424/639 268/426/636 265/425/638
f 270/428/640 269/429/641 267/427/642
f 268/426/643 270/428/640 267/427/642
f 272/430/644 271/431/645 269/429/646
f 270/428/647 272/430/644 269/429/646
f 274/432/648 273/433/649 271/431/650
f 272/430/650 274/432/648 271/431/650
f 276/434/651 275/435/652 273/433/653
f 274/432/654 276/434/651 273/433/653
f 278/436/655 277/437/656 275/435/656
f 276/434/657 278/436/655 275/435/656
f 280/438/658 279/439/659 277/437/660
f 278/436/661 280/438/658 277/437/660
f 282/440/662 281/441/663 279/439/664
f 280/438/665 282/440/662 279/439/664
f 284/442/666 283/443/667 281/441/667
f 282/440/668 284/442/666 281/441/667
f 286/444/669 285/445/670 283/443/669
f 284/442/671 286/444/669 283/443/669
f 288/446/672 287/447/673 285/445/674
f 286/444/675 288/446/672 285/445/674
f 290/448/676 289/449/677 287/447/678
f 288/446/679 290/448/676 287/447/678
f 292/450/680 291/451/681 289/449/681
f 290/448/682 292/450/680 289/449/681
f 294/452/683 293/453/684 291/451/685
f 292/450/686 294/452/683 291/451/685
f 296/454/687 295/455/688 293/453/689
f 294/452/687 296/454/687 293/453/689
f 298/456/690 297/457/691 295/455/692
f 296/454/693 298/456/690 295/455/692
f 246/77/694 243/78/695 297/457/696
f 298/456/697 246/77/694 297/457/696
f 301/486/749 300/487/750 299/3/751
f 302/4/752 301/486/749 299/3/751
f 304/488/753 303/489/754 300/487/755
f 301/486/756 304/488/753 300/487/755
f 306/490/757 305/491/758 303/489/759
f 304/488/760 306/490/757 303/489/759
f 308/492/761 307/493/762 305/491/763
f 306/490/764 308/492/761 305/491/763
f 310/494/765 309/495/766 307/493/767
f 308/492/765 310/494/765 307/493/767
f 312/496/768 311/497/769 309/495/770
f 310/494/771 312/496/768 309/495/770
f 314/498/772 313/499/773 311/497/774
f 312/496/775 314/498/772 311/497/774
f 316/500/776 315/501/777 313/499/776
f 314/498/778 316/500/776 313/499/776
f 318/502/779 317/503/780 315/501/781
f 316/500/782 318/502/779 315/501/781
f 320/504/783 319/505/784 317/503/783
f 318/502/785 320/504/783 317/503/783
f 322/506/786 321/507/787 319/505/788
f 320/504/787 322/506/786 319/505/788
f 324/508/789 323/509/790 321/507/791
f 322/506/792 324/508/789 321/507/791
f 326/510/793 325/511/794 323/509/795
f 324/508/796 326/510/793 323/509/795
f 328/512/797 327/513/798 325/511/799
f 326/510/800 328/512/797 325/511/799
f 330/514/801 329/515/802 327/513/803
f 328/512/803 330/514/801 327/513/803
f 332/516/804 331/517/805 329/515/806
f 330/514/807 332/516/804 329/515/806
f 334/518/808 333/519/809 331/517/810
f 332/516/808 334/518/808 331/517/810
f 336/520/811 335/521/812 333/519/813
f 334/518/814 336/520/811 333/519/813
f 338/522/815 337/523/816 335/521/817
f 336/520/818 338/522/815 335/521/817
f 340/524/819 339/525/820 337/523/821
f 338/522/822 340/524/819 337/523/821
f 342/526/823 341/527/824 339/525/825
f 340/524/826 342/526/823 339/525/825
f 344/528/827 343/529/828 341/527/829
f 342/526/830 344/528/827 341/527/829
f 346/530/831 345/531/832 343/529/832
f 344/528/831 346/530/831 343/529/832
f 348/532/833 347/533/834 345/531/835
f 346/530/833 348/532/833 345/531/835
f 350/534/836 349/535/837 347/533/838
f 348/532/839 350/534/836 347/533/838
f 352/536/840 351/537/841 349/535/841
f 350/534/842 352/536/840 349/535/841
f 354/454/843 353/455/844 351/537/845
f 352/536/846 354/454/843 351/537/845
f 356/538/847 355/539/848 353/455/849
f 354/454/850 356/538/847 353/455/849
f 302/77/851 299/78/852 355/539/852
f 356/538/853 302/77/851 355/539/852
usemtl 3d66_Standardmaterial_17342430_128
f 23/79/137 25/80/138 21/81/139
f 2/82/140 5/83/141 1/84/142
f 63/85/143 65/86/140 61/87/144
f 33/88/145 35/89/146 31/90/147
f 35/89/146 37/91/148 31/90/147
f 13/92/149 15/93/149 11/94/150
f 49/95/151 51/96/152 47/97/153
f 51/96/152 53/98/153 47/97/153
f 75/99/154 1/84/142 73/100/155
f 27/101/139 29/102/156 25/80/138
f 17/103/147 19/104/157 15/93/149
f 5/83/141 7/105/158 1/84/142
f 43/106/148 45/107/159 41/108/160
f 41/108/160 45/107/159 39/109/161
f 39/109/161 45/107/159 37/91/148
f 37/91/148 45/107/159 31/90/147
f 31/90/147 45/107/159 29/102/156
f 29/102/156 45/107/159 25/80/138
f 45/107/159 47/97/153 25/80/138
f 25/80/138 47/97/153 21/81/139
f 47/97/153 53/98/153 21/81/139
f 53/98/153 55/110/159 21/81/139
f 55/110/159 57/111/162 21/81/139
f 21/81/139 57/111/162 19/104/157
f 19/104/157 57/111/162 15/93/149
f 57/111/162 59/112/149 15/93/149
f 15/93/149 59/112/149 11/94/150
f 1/84/142 7/105/158 73/100/155
f 65/86/140 67/113/158 61/87/144
f 67/113/158 69/114/158 61/87/144
f 9/115/152 11/94/150 7/105/158
f 11/94/150 59/112/149 7/105/158
f 7/105/158 59/112/149 73/100/155
f 59/112/149 61/87/144 73/100/155
f 61/87/144 69/114/158 73/100/155
f 73/100/155 69/114/158 71/116/163
f 26/80/164 24/79/165 22/81/166
f 6/83/167 3/82/168 4/84/169
f 66/86/170 64/85/171 62/87/168
f 36/89/172 34/88/165 32/90/173
f 38/91/174 36/89/172 32/90/173
f 16/93/175 14/92/176 12/94/177
f 52/96/178 50/95/179 48/97/180
f 54/98/178 52/96/178 48/97/180
f 4/84/169 76/99/168 74/100/181
f 30/102/182 28/101/179 26/80/164
f 20/104/175 18/103/176 16/93/175
f 8/105/167 6/83/167 4/84/169
f 46/107/183 44/106/184 42/108/179
f 46/107/183 42/108/179 40/109/179
f 46/107/183 40/109/179 38/91/174
f 46/107/183 38/91/174 32/90/173
f 46/107/183 32/90/173 30/102/182
f 46/107/183 30/102/182 26/80/164
f 48/97/180 46/107/183 26/80/164
f 48/97/180 26/80/164 22/81/166
f 54/98/178 48/97/180 22/81/166
f 56/110/180 54/98/178 22/81/166
f 58/111/180 56/110/180 22/81/166
f 58/111/180 22/81/166 20/104/175
f 58/111/180 20/104/175 16/93/175
f 60/112/185 58/111/180 16/93/175
f 60/112/185 16/93/175 12/94/177
f 8/105/167 4/84/169 74/100/181
f 68/113/170 66/86/170 62/87/168
f 70/114/186 68/113/170 62/87/168
f 12/94/177 10/115/170 8/105/167
f 60/112/185 12/94/177 8/105/167
f 60/112/185 8/105/167 74/100/181
f 62/87/168 60/112/185 74/100/181
f 70/114/186 62/87/168 74/100/181
f 70/114/186 74/100/181 72/116/187
usemtl 3d66_Standardmaterial_17342430_130
f 133/199/341 135/200/342 131/201/341
f 119/202/343 121/203/341 117/204/344
f 93/205/345 95/206/346 91/207/347
f 153/208/348 155/209/348 151/210/346
f 127/211/349 129/212/346 125/213/344
f 89/214/348 91/207/347 87/215/345
f 85/216/350 87/215/345 83/217/346
f 117/204/344 121/203/341 115/218/344
f 123/219/351 125/213/344 121/203/341
f 107/220/352 109/221/353 105/222/352
f 155/209/348 157/223/346 151/210/346
f 135/200/342 137/224/351 131/201/341
f 143/225/354 145/226/348 141/227/355
f 145/226/348 147/228/356 141/227/355
f 141/227/355 147/228/356 139/229/357
f 113/230/358 115/218/344 111/231/344
f 101/232/359 103/233/360 99/234/345
f 131/201/341 137/224/351 129/212/346
f 159/235/361 77/236/362 157/223/346
f 77/236/362 78/237/363 157/223/346
f 147/228/356 149/238/344 139/229/357
f 137/224/351 139/229/357 129/212/346
f 129/212/346 139/229/357 125/213/344
f 125/213/344 139/229/357 121/203/341
f 121/203/341 139/229/357 115/218/344
f 139/229/357 149/238/344 115/218/344
f 115/218/344 149/238/344 111/231/344
f 111/231/344 149/238/344 109/221/353
f 109/221/353 149/238/344 105/222/352
f 105/222/352 149/238/344 103/233/360
f 149/238/344 151/210/346 103/233/360
f 103/233/360 151/210/346 99/234/345
f 81/239/364 83/217/346 78/237/363
f 78/237/363 83/217/346 157/223/346
f 157/223/346 83/217/346 151/210/346
f 151/210/346 83/217/346 99/234/345
f 83/217/346 87/215/345 99/234/345
f 87/215/345 91/207/347 99/234/345
f 91/207/347 95/206/346 99/234/345
f 95/206/346 97/240/345 99/234/345
f 136/200/365 134/199/366 132/201/367
f 122/203/368 120/202/369 118/204/370
f 96/206/371 94/205/370 92/207/370
f 156/209/372 154/208/373 152/210/372
f 130/212/374 128/211/367 126/213/375
f 92/207/370 90/214/372 88/215/376
f 88/215/376 86/216/377 84/217/378
f 122/203/368 118/204/370 116/218/372
f 126/213/375 124/219/365 122/203/368
f 110/221/379 108/220/380 106/222/381
f 158/223/382 156/209/372 152/210/372
f 138/224/367 136/200/365 132/201/367
f 146/226/380 144/225/383 142/227/383
f 148/228/384 146/226/380 142/227/383
f 148/228/384 142/227/383 140/229/383
f 116/218/372 114/230/370 112/231/369
f 104/233/385 102/232/370 100/234/386
f 138/224/367 132/201/367 130/212/374
f 80/236/387 160/235/387 158/223/382
f 79/237/377 80/236/387 158/223/382
f 150/238/372 148/228/384 140/229/383
f 140/229/383 138/224/367 130/212/374
f 140/229/383 130/212/374 126/213/375
f 140/229/383 126/213/375 122/203/368
f 140/229/383 122/203/368 116/218/372
f 150/238/372 140/229/383 116/218/372
f 150/238/372 116/218/372 112/231/369
f 150/238/372 112/231/369 110/221/379
f 150/238/372 110/221/379 106/222/381
f 150/238/372 106/222/381 104/233/385
f 152/210/372 150/238/372 104/233/385
f 152/210/372 104/233/385 100/234/386
f 84/217/378 82/239/377 79/237/377
f 84/217/378 79/237/377 158/223/382
f 84/217/378 158/223/382 152/210/372
f 84/217/378 152/210/372 100/234/386
f 88/215/376 84/217/378 100/234/386
f 92/207/370 88/215/376 100/234/386
f 96/206/371 92/207/370 100/234/386
f 98/240/370 96/206/371 100/234/386
usemtl 3d66_Standardmaterial_17342430_132
f 163/241/388 162/242/389 161/243/389
f 164/244/390 163/241/388 161/243/389
f 166/245/391 165/246/392 162/242/393
f 163/241/394 166/245/391 162/242/393
f 168/247/395 167/248/396 165/246/397
f 166/245/398 168/247/395 165/246/397
f 170/249/399 169/250/400 167/248/399
f 168/247/399 170/249/399 167/248/399
f 172/251/401 171/252/402 169/253/403
f 170/254/404 172/251/401 169/253/403
f 174/255/405 173/256/406 171/257/407
f 172/258/408 174/255/405 171/257/407
f 176/259/409 175/260/410 173/256/410
f 174/255/411 176/259/409 173/256/410
f 178/261/412 177/262/413 175/263/414
f 176/264/415 178/261/412 175/263/414
f 180/265/416 179/266/417 177/267/418
f 178/268/418 180/265/416 177/267/418
f 182/269/419 181/270/420 179/266/421
f 180/265/422 182/269/419 179/266/421
f 184/271/423 183/272/423 181/270/424
f 182/269/425 184/271/423 181/270/424
f 186/261/426 185/262/427 183/272/427
f 184/271/426 186/261/426 183/272/427
f 188/273/428 187/274/429 185/275/430
f 186/276/431 188/273/428 185/275/430
f 190/277/432 189/278/433 187/279/434
f 188/280/435 190/277/432 187/279/434
f 192/281/436 191/282/437 189/278/438
f 190/277/439 192/281/436 189/278/438
f 194/283/440 193/284/441 191/285/442
f 192/286/443 194/283/440 191/285/442
f 196/287/444 195/288/445 193/289/446
f 194/290/447 196/287/444 193/289/446
f 198/261/448 197/262/449 195/291/449
f 196/292/448 198/261/448 195/291/449
f 200/293/450 199/294/451 197/295/452
f 198/296/453 200/293/450 197/295/452
f 202/297/454 201/298/455 199/299/456
f 200/300/457 202/297/454 199/299/456
f 204/301/458 203/302/459 201/303/460
f 202/304/458 204/301/458 201/303/460
f 206/305/461 205/306/462 203/302/463
f 204/301/464 206/305/461 203/302/463
f 208/307/465 207/308/466 205/309/467
f 206/310/468 208/307/465 205/309/467
f 210/311/469 209/312/470 207/313/471
f 208/314/472 210/311/469 207/313/471
f 212/315/473 211/316/474 209/317/475
f 210/318/476 212/315/473 209/317/475
f 214/319/477 213/320/478 211/321/478
f 212/322/479 214/319/477 211/321/478
f 216/323/480 215/324/481 213/325/482
f 214/326/483 216/323/480 213/325/482
f 218/327/484 217/328/485 215/329/486
f 216/330/487 218/327/484 215/329/486
f 220/314/488 219/313/489 217/331/488
f 218/332/490 220/314/488 217/331/488
f 222/333/491 221/334/492 219/313/493
f 220/314/494 222/333/491 219/313/493
f 224/335/495 223/336/496 221/334/497
f 222/333/498 224/335/495 221/334/497
f 226/337/499 225/338/500 223/339/501
f 224/340/499 226/337/499 223/339/501
f 228/341/502 227/342/503 225/343/504
f 226/344/505 228/341/502 225/343/504
f 230/345/506 229/346/507 227/342/507
f 228/341/508 230/345/506 227/342/507
f 232/347/509 231/348/510 229/346/511
f 230/345/509 232/347/509 229/346/511
f 234/349/512 233/350/513 231/348/514
f 232/347/515 234/349/512 231/348/514
f 236/351/516 235/352/517 233/350/518
f 234/349/519 236/351/516 233/350/518
f 238/353/520 237/354/521 235/355/522
f 236/356/523 238/353/520 235/355/522
f 240/357/524 239/358/525 237/354/526
f 238/353/527 240/357/524 237/354/526
f 242/359/528 241/360/529 239/358/530
f 240/357/531 242/359/528 239/358/530
f 164/244/532 161/243/533 241/361/534
f 242/362/535 164/244/532 241/361/534
f 359/568/898 358/569/899 357/570/900
f 360/571/900 359/568/898 357/570/900
f 362/572/901 361/573/902 358/569/903
f 359/568/904 362/572/901 358/569/903
f 364/574/905 363/575/906 361/573/907
f 362/572/907 364/574/905 361/573/907
f 366/576/908 365/577/909 363/575/910
f 364/574/910 366/576/908 363/575/910
f 368/578/911 367/579/912 365/577/913
f 366/576/914 368/578/911 365/577/913
f 370/580/915 369/581/916 367/582/917
f 368/583/918 370/580/915 367/582/917
f 372/584/919 371/585/920 369/586/921
f 370/587/921 372/584/919 369/586/921
f 374/588/922 373/589/923 371/585/924
f 372/584/925 374/588/922 371/585/924
f 376/590/926 375/591/927 373/589/928
f 374/588/929 376/590/926 373/589/928
f 378/592/930 377/593/930 375/591/930
f 376/590/931 378/592/930 375/591/930
f 380/594/932 379/595/933 377/596/934
f 378/597/935 380/594/932 377/596/934
f 382/598/936 381/599/937 379/600/938
f 380/601/939 382/598/936 379/600/938
f 384/602/940 383/603/941 381/604/942
f 382/605/943 384/602/940 381/604/942
f 386/606/944 385/607/945 383/608/946
f 384/609/945 386/606/944 383/608/946
f 388/610/947 387/611/948 385/612/949
f 386/613/950 388/610/947 385/612/949
f 390/614/951 389/615/952 387/616/948
f 388/617/947 390/614/951 387/616/948
f 392/618/953 391/619/954 389/615/952
f 390/614/951 392/618/953 389/615/952
f 394/620/955 393/621/956 391/619/954
f 392/618/953 394/620/955 391/619/954
f 396/622/957 395/623/958 393/621/956
f 394/620/955 396/622/957 393/621/956
f 398/624/959 397/625/960 395/623/958
f 396/622/957 398/624/959 395/623/958
f 400/626/961 399/627/962 397/625/960
f 398/624/959 400/626/961 397/625/960
f 402/628/963 401/629/964 399/627/962
f 400/626/961 402/628/963 399/627/962
f 404/630/965 403/631/966 401/629/964
f 402/628/963 404/630/965 401/629/964
f 406/632/967 405/633/968 403/631/966
f 404/630/965 406/632/967 403/631/966
f 408/634/969 407/635/970 405/633/968
f 406/632/967 408/634/969 405/633/968
f 410/636/971 409/637/972 407/635/970
f 408/634/969 410/636/971 407/635/970
f 412/638/973 411/639/974 409/637/972
f 410/636/971 412/638/973 409/637/972
f 414/640/975 413/641/976 411/639/974
f 412/638/973 414/640/975 411/639/974
f 416/261/977 415/262/977 413/641/976
f 414/640/975 416/261/977 413/641/976
f 418/642/978 417/643/979 415/644/978
f 416/645/980 418/642/978 415/644/978
f 420/646/981 419/647/982 417/648/983
f 418/649/984 420/646/981 417/648/983
f 422/650/985 421/651/986 419/647/987
f 420/646/988 422/650/985 419/647/987
f 424/652/989 423/653/989 421/651/990
f 422/650/991 424/652/989 421/651/990
f 426/654/992 425/655/993 423/653/994
f 424/652/995 426/654/992 423/653/994
f 428/656/996 427/657/997 425/655/998
f 426/654/999 428/656/996 425/655/998
f 430/658/1000 429/659/1001 427/660/1002
f 428/661/1003 430/658/1000 427/660/1002
f 432/662/1004 431/663/1004 429/664/1005
f 430/665/1004 432/662/1004 429/664/1005
f 434/261/1006 433/262/1007 431/666/1008
f 432/667/1006 434/261/1006 431/666/1008
f 436/668/1009 435/669/1010 433/670/1011
f 434/671/1011 436/668/1009 433/670/1011
f 438/672/1012 437/673/1013 435/669/1013
f 436/668/1013 438/672/1012 435/669/1013
f 440/674/1014 439/675/1015 437/676/1016
f 438/677/1014 440/674/1014 437/676/1016
f 442/678/1017 441/679/1018 439/680/1019
f 440/681/1020 442/678/1017 439/680/1019
f 444/682/1021 443/683/1022 441/684/1023
f 442/685/1024 444/682/1021 441/684/1023
f 446/686/1025 445/687/1026 443/688/1026
f 444/689/1027 446/686/1025 443/688/1026
f 448/261/1028 447/262/1029 445/690/1030
f 446/691/1031 448/261/1028 445/690/1030
f 360/571/1032 357/570/1033 447/692/1034
f 448/693/1035 360/571/1032 447/692/1034
f 451/740/1087 450/741/1088 449/742/1089
f 452/743/1090 451/740/1087 449/742/1089
f 454/744/1091 453/745/1092 450/741/1093
f 451/740/1091 454/744/1091 450/741/1093
f 456/746/1094 455/747/1095 453/745/1096
f 454/744/1094 456/746/1094 453/745/1096
f 458/748/1097 457/749/1098 455/750/1098
f 456/751/1099 458/748/1097 455/750/1098
f 460/752/1100 459/753/1101 457/328/1102
f 458/327/1101 460/752/1100 457/328/1102
f 462/754/1103 461/755/1104 459/753/1105
f 460/752/1106 462/754/1103 459/753/1105
f 464/756/1107 463/757/1108 461/755/1109
f 462/754/1110 464/756/1107 461/755/1109
f 466/758/1111 465/759/1111 463/757/1111
f 464/756/1111 466/758/1111 463/757/1111
f 468/760/1112 467/761/1113 465/759/1113
f 466/758/1112 468/760/1112 465/759/1113
f 470/261/1114 469/262/1115 467/761/1116
f 468/760/1117 470/261/1114 467/761/1116
f 472/762/1118 471/763/1119 469/692/1120
f 470/693/1121 472/762/1118 469/692/1120
f 474/764/1122 473/765/1123 471/692/1124
f 472/693/1124 474/764/1122 471/692/1124
f 476/766/1125 475/767/1126 473/768/1127
f 474/769/1128 476/766/1125 473/768/1127
f 478/770/1129 477/771/1130 475/772/1131
f 476/773/1129 478/770/1129 475/772/1131
f 480/774/1132 479/775/1133 477/771/1133
f 478/770/1134 480/774/1132 477/771/1133
f 482/776/1135 481/777/1136 479/778/1137
f 480/779/1138 482/776/1135 479/778/1137
f 484/261/1139 483/262/1140 481/780/1141
f 482/781/1142 484/261/1139 481/780/1141
f 486/782/1143 485/783/1144 483/692/1143
f 484/693/1145 486/782/1143 483/692/1143
f 488/784/1146 487/785/1147 485/786/1146
f 486/787/1148 488/784/1146 485/786/1146
f 490/788/1149 489/789/1150 487/785/1151
f 488/784/1152 490/788/1149 487/785/1151
f 492/790/1153 491/791/1154 489/789/1155
f 490/788/1156 492/790/1153 489/789/1155
f 494/792/1157 493/793/1158 491/791/1159
f 492/790/1160 494/792/1157 491/791/1159
f 496/794/1161 495/795/1162 493/796/1163
f 494/797/1164 496/794/1161 493/796/1163
f 498/798/1165 497/799/1166 495/800/1167
f 496/801/1167 498/798/1165 495/800/1167
f 500/618/1168 499/619/1169 497/802/1169
f 498/803/1168 500/618/1168 497/802/1169
f 502/804/1170 501/805/1171 499/806/1172
f 500/807/1173 502/804/1170 499/806/1172
f 504/808/1174 503/809/1175 501/805/1176
f 502/804/1177 504/808/1174 501/805/1176
f 506/810/1178 505/811/1178 503/809/1179
f 504/808/1178 506/810/1178 503/809/1179
f 508/812/1180 507/813/1181 505/811/1182
f 506/810/1182 508/812/1180 505/811/1182
f 510/814/1183 509/815/1184 507/816/1185
f 508/817/1186 510/814/1183 507/816/1185
f 512/818/1187 511/819/1188 509/815/1188
f 510/814/1187 512/818/1187 509/815/1188
f 514/820/1189 513/821/1190 511/822/1190
f 512/823/1191 514/820/1189 511/822/1190
f 516/824/1192 515/825/1193 513/826/1194
f 514/827/1195 516/824/1192 513/826/1194
f 518/828/1196 517/829/1197 515/825/1198
f 516/824/1199 518/828/1196 515/825/1198
f 520/830/1200 519/831/1201 517/692/1201
f 518/693/1202 520/830/1200 517/692/1201
f 522/832/1203 521/833/1204 519/834/1205
f 520/835/1206 522/832/1203 519/834/1205
f 452/743/1207 449/742/1208 521/836/1208
f 522/837/1209 452/743/1207 521/836/1208
usemtl 3d66_Standardmaterial_17342430_131
f 193/363/536 195/364/537 191/365/538
f 209/366/539 211/367/540 207/368/541
f 197/369/542 199/370/537 195/364/537
f 199/370/537 201/371/543 195/364/537
f 241/372/544 161/373/545 239/374/546
f 195/364/537 201/371/543 191/365/538
f 187/375/542 189/376/547 185/377/548
f 189/376/547 191/365/538 185/377/548
f 175/378/549 177/379/549 173/380/550
f 177/379/549 179/381/551 173/380/550
f 173/380/550 179/381/551 171/382/552
f 179/381/551 181/383/553 171/382/552
f 235/384/554 237/385/554 233/386/554
f 237/385/554 239/374/546 233/386/554
f 239/374/546 161/373/545 233/386/554
f 185/377/548 191/365/538 183/387/555
f 183/387/555 191/365/538 181/383/553
f 181/383/553 191/365/538 171/382/552
f 171/382/552 191/365/538 169/388/556
f 191/365/538 201/371/543 169/388/556
f 225/389/552 227/390/557 223/391/558
f 233/386/554 161/373/545 231/392/557
f 161/373/545 162/393/559 231/392/557
f 162/393/559 165/394/560 231/392/557
f 231/392/557 165/394/560 229/395/561
f 229/395/561 165/394/560 227/390/557
f 227/390/557 165/394/560 223/391/558
f 165/394/560 167/396/562 223/391/558
f 223/391/558 167/396/562 221/397/563
f 167/396/562 169/388/556 221/397/563
f 221/397/563 169/388/556 219/398/564
f 219/398/564 169/388/556 217/399/565
f 169/388/556 201/371/543 217/399/565
f 217/399/565 201/371/543 215/400/566
f 215/400/566 201/371/543 213/401/563
f 213/401/563 201/371/543 211/367/540
f 211/367/540 201/371/543 207/368/541
f 201/371/543 203/402/541 207/368/541
f 203/402/541 205/403/567 207/368/541
f 196/364/568 194/363/569 192/365/570
f 212/367/571 210/366/572 208/368/573
f 200/370/574 198/369/574 196/364/568
f 202/371/568 200/370/574 196/364/568
f 164/373/575 242/372/576 240/374/575
f 202/371/568 196/364/568 192/365/570
f 190/376/577 188/375/578 186/377/579
f 192/365/570 190/376/577 186/377/579
f 178/379/580 176/378/580 174/380/581
f 180/381/575 178/379/580 174/380/581
f 180/381/575 174/380/581 172/382/582
f 182/383/583 180/381/575 172/382/582
f 238/385/584 236/384/575 234/386/575
f 240/374/575 238/385/584 234/386/575
f 164/373/575 240/374/575 234/386/575
f 192/365/570 186/377/579 184/387/585
f 192/365/570 184/387/585 182/383/583
f 192/365/570 182/383/583 172/382/582
f 192/365/570 172/382/582 170/388/586
f 202/371/568 192/365/570 170/388/586
f 228/390/587 226/389/588 224/391/589
f 164/373/575 234/386/575 232/392/590
f 163/393/590 164/373/575 232/392/590
f 166/394/591 163/393/590 232/392/590
f 166/394/591 232/392/590 230/395/587
f 166/394/591 230/395/587 228/390/587
f 166/394/591 228/390/587 224/391/589
f 168/396/584 166/394/591 224/391/589
f 168/396/584 224/391/589 222/397/587
f 170/388/586 168/396/584 222/397/587
f 170/388/586 222/397/587 220/398/592
f 170/388/586 220/398/592 218/399/593
f 202/371/568 170/388/586 218/399/593
f 202/371/568 218/399/593 216/400/594
f 202/371/568 216/400/594 214/401/582
f 202/371/568 214/401/582 212/367/571
f 202/371/568 212/367/571 208/368/573
f 204/402/595 202/371/568 208/368/573
f 206/403/568 204/402/595 208/368/573
usemtl 3d66_Standardmaterial_17342430_133
f 279/458/698 281/459/699 277/460/700
f 281/459/699 283/461/701 277/460/700
f 277/460/700 283/461/701 275/462/702
f 283/461/701 285/463/703 275/462/702
f 259/464/704 261/465/705 257/466/706
f 261/465/705 263/467/707 257/466/706
f 293/468/708 295/469/709 291/470/710
f 243/471/711 244/472/712 297/473/699
f 285/463/703 287/474/713 275/462/702
f 297/473/699 244/472/712 295/469/709
f 269/475/714 271/476/715 267/477/716
f 271/476/715 273/478/717 267/477/716
f 267/477/716 273/478/717 265/479/718
f 265/479/718 273/478/717 263/467/707
f 263/467/707 273/478/717 257/466/706
f 257/466/706 273/478/717 255/480/719
f 273/478/717 275/462/702 255/480/719
f 275/462/702 287/474/713 255/480/719
f 287/474/713 289/481/720 255/480/719
f 255/480/719 289/481/720 253/482/702
f 253/482/702 289/481/720 251/483/703
f 289/481/720 291/470/710 251/483/703
f 251/483/703 291/470/710 249/484/721
f 291/470/710 295/469/709 249/484/721
f 295/469/709 244/472/712 249/484/721
f 249/484/721 244/472/712 247/485/722
f 282/459/723 280/458/724 278/460/725
f 284/461/726 282/459/723 278/460/725
f 284/461/726 278/460/725 276/462/727
f 286/463/728 284/461/726 276/462/727
f 262/465/729 260/464/730 258/466/731
f 264/467/732 262/465/729 258/466/731
f 296/469/733 294/468/734 292/470/735
f 245/472/736 246/471/737 298/473/738
f 288/474/739 286/463/728 276/462/727
f 245/472/736 298/473/738 296/469/733
f 272/476/740 270/475/741 268/477/742
f 274/478/743 272/476/740 268/477/742
f 274/478/743 268/477/742 266/479/741
f 274/478/743 266/479/741 264/467/732
f 274/478/743 264/467/732 258/466/731
f 274/478/743 258/466/731 256/480/744
f 276/462/727 274/478/743 256/480/744
f 288/474/739 276/462/727 256/480/744
f 290/481/745 288/474/739 256/480/744
f 290/481/745 256/480/744 254/482/735
f 290/481/745 254/482/735 252/483/746
f 292/470/735 290/481/745 252/483/746
f 292/470/735 252/483/746 250/484/747
f 296/469/733 292/470/735 250/484/747
f 245/472/736 296/469/733 250/484/747
f 245/472/736 250/484/747 248/485/748
usemtl 3d66_Standardmaterial_17342430_134
f 327/540/854 329/541/855 325/3/856
f 303/542/857 305/543/857 300/544/858
f 321/545/859 323/546/860 319/547/861
f 325/3/856 329/541/855 323/546/860
f 323/546/860 329/541/855 319/547/861
f 319/547/861 329/541/855 317/548/862
f 329/541/855 331/549/863 317/548/862
f 317/548/862 331/549/863 315/550/863
f 333/551/864 335/552/865 331/549/863
f 335/552/865 337/553/866 331/549/863
f 307/554/857 309/555/867 305/543/857
f 309/555/867 311/556/857 305/543/857
f 331/549/863 337/553/866 315/550/863
f 337/553/866 339/557/862 315/550/863
f 339/557/862 341/558/868 315/550/863
f 341/558/868 343/559/869 315/550/863
f 315/550/863 343/559/869 313/560/857
f 343/559/869 345/561/868 313/560/857
f 313/560/857 345/561/868 311/556/857
f 345/561/868 347/562/867 311/556/857
f 311/556/857 347/562/867 305/543/857
f 305/543/857 347/562/867 300/544/858
f 300/544/858 347/562/867 299/563/868
f 299/563/868 347/562/867 355/564/870
f 347/562/867 349/565/871 355/564/870
f 349/565/871 351/566/872 355/564/870
f 355/564/870 351/566/872 353/567/873
f 330/541/874 328/540/875 326/3/876
f 306/543/877 304/542/878 301/544/879
f 324/546/880 322/545/881 320/547/882
f 330/541/874 326/3/876 324/546/880
f 330/541/874 324/546/880 320/547/882
f 330/541/874 320/547/882 318/548/876
f 332/549/883 330/541/874 318/548/876
f 332/549/883 318/548/876 316/550/884
f 336/552/885 334/551/886 332/549/883
f 338/553/887 336/552/885 332/549/883
f 310/555/888 308/554/889 306/543/877
f 312/556/886 310/555/888 306/543/877
f 338/553/887 332/549/883 316/550/884
f 340/557/883 338/553/887 316/550/884
f 342/558/885 340/557/883 316/550/884
f 344/559/890 342/558/885 316/550/884
f 344/559/890 316/550/884 314/560/891
f 346/561/892 344/559/890 314/560/891
f 346/561/892 314/560/891 312/556/886
f 348/562/893 346/561/892 312/556/886
f 348/562/893 312/556/886 306/543/877
f 348/562/893 306/543/877 301/544/879
f 348/562/893 301/544/879 302/563/893
f 348/562/893 302/563/893 356/564/894
f 350/565/895 348/562/893 356/564/894
f 352/566/896 350/565/895 356/564/894
f 352/566/896 356/564/894 354/567/897
usemtl 3d66_Standardmaterial_17342430_135
f 379/694/1036 381/695/1037 377/696/1038
f 381/695/1037 383/697/1039 377/696/1038
f 417/698/1040 419/699/1041 415/700/1040
f 415/700/1040 419/699/1041 413/701/1040
f 413/701/1040 419/699/1041 411/702/1039
f 411/702/1039 419/699/1041 409/703/1040
f 409/703/1040 419/699/1041 407/704/1042
f 407/704/1042 419/699/1041 405/705/1040
f 405/705/1040 419/699/1041 403/706/1043
f 429/707/1044 431/708/1045 427/709/1046
f 403/706/1043 419/699/1041 401/710/1040
f 447/711/1047 357/712/1048 445/713/1049
f 401/710/1040 419/699/1041 399/714/1039
f 377/696/1038 383/697/1039 375/715/1050
f 399/714/1039 419/699/1041 397/716/1051
f 357/712/1048 358/717/1052 445/713/1049
f 419/699/1041 421/718/1053 397/716/1051
f 397/716/1051 421/718/1053 395/719/1053
f 395/719/1053 421/718/1053 393/720/1037
f 393/720/1037 421/718/1053 391/721/1037
f 369/722/1054 371/723/1054 367/724/1046
f 371/723/1054 373/725/1055 367/724/1046
f 391/721/1037 421/718/1053 389/726/1038
f 421/718/1053 423/727/1056 389/726/1038
f 389/726/1038 423/727/1056 387/728/1057
f 423/727/1056 425/729/1038 387/728/1057
f 375/715/1050 383/697/1039 373/725/1055
f 373/725/1055 383/697/1039 367/724/1046
f 383/697/1039 385/730/1058 367/724/1046
f 367/724/1046 385/730/1058 365/731/1059
f 385/730/1058 387/728/1057 365/731/1059
f 387/728/1057 425/729/1038 365/731/1059
f 365/731/1059 425/729/1038 363/732/1044
f 425/729/1038 427/709/1046 363/732/1044
f 363/732/1044 427/709/1046 361/733/1046
f 361/733/1046 427/709/1046 358/717/1052
f 358/717/1052 427/709/1046 445/713/1049
f 427/709/1046 431/708/1045 445/713/1049
f 445/713/1049 431/708/1045 443/734/1060
f 443/734/1060 431/708/1045 441/735/1046
f 431/708/1045 433/736/1044 441/735/1046
f 433/736/1044 435/737/1037 441/735/1046
f 435/737/1037 437/738/1039 441/735/1046
f 441/735/1046 437/738/1039 439/739/1044
f 382/695/1061 380/694/1062 378/696/1063
f 384/697/1064 382/695/1061 378/696/1063
f 420/699/1065 418/698/1066 416/700/1066
f 420/699/1065 416/700/1066 414/701/1067
f 420/699/1065 414/701/1067 412/702/1068
f 420/699/1065 412/702/1068 410/703/1069
f 420/699/1065 410/703/1069 408/704/1070
f 420/699/1065 408/704/1070 406/705/1067
f 420/699/1065 406/705/1067 404/706/1071
f 432/708/1072 430/707/1073 428/709/1074
f 420/699/1065 404/706/1071 402/710/1075
f 360/712/1062 448/711/1062 446/713/1076
f 420/699/1065 402/710/1075 400/714/1077
f 384/697/1064 378/696/1063 376/715/1078
f 420/699/1065 400/714/1077 398/716/1061
f 359/717/1079 360/712/1062 446/713/1076
f 422/718/1075 420/699/1065 398/716/1061
f 422/718/1075 398/716/1061 396/719/1071
f 422/718/1075 396/719/1071 394/720/1075
f 422/718/1075 394/720/1075 392/721/1075
f 372/723/1080 370/722/1080 368/724/1081
f 374/725/1078 372/723/1080 368/724/1081
f 422/718/1075 392/721/1075 390/726/1069
f 424/727/1082 422/718/1075 390/726/1069
f 424/727/1082 390/726/1069 388/728/1083
f 426/729/1064 424/727/1082 388/728/1083
f 384/697/1064 376/715/1078 374/725/1078
f 384/697/1064 374/725/1078 368/724/1081
f 386/730/1070 384/697/1064 368/724/1081
f 386/730/1070 368/724/1081 366/731/1062
f 388/728/1083 386/730/1070 366/731/1062
f 426/729/1064 388/728/1083 366/731/1062
f 426/729/1064 366/731/1062 364/732/1078
f 428/709/1074 426/729/1064 364/732/1078
f 428/709/1074 364/732/1078 362/733/1072
f 428/709/1074 362/733/1072 359/717/1079
f 428/709/1074 359/717/1079 446/713/1076
f 432/708/1072 428/709/1074 446/713/1076
f 432/708/1072 446/713/1076 444/734/1084
f 432/708/1072 444/734/1084 442/735/1085
f 434/736/1069 432/708/1072 442/735/1085
f 436/737/1064 434/736/1069 442/735/1085
f 438/738/1071 436/737/1064 442/735/1085
f 438/738/1071 442/735/1085 440/739/1086
usemtl 3d66_Standardmaterial_17342430_136
f 483/838/1210 485/839/1211 481/840/1212
f 481/840/1212 485/839/1211 479/841/1213
f 469/3/1214 471/842/1215 467/843/1216
f 471/842/1215 473/844/1214 467/843/1216
f 467/843/1216 473/844/1214 465/845/1217
f 495/846/1218 497/847/1219 493/848/1220
f 485/839/1211 487/849/1221 479/841/1213
f 479/841/1213 487/849/1221 477/850/1222
f 477/850/1222 487/849/1221 475/851/1218
f 487/849/1221 489/852/1223 475/851/1218
f 499/853/1224 501/854/1219 497/847/1219
f 501/854/1219 503/855/1225 497/847/1219
f 517/856/1220 519/857/1226 515/858/1227
f 521/859/1228 449/860/1215 519/857/1226
f 449/860/1215 450/861/1220 519/857/1226
f 519/857/1226 450/861/1220 515/858/1227
f 457/862/1215 459/863/1217 455/864/1215
f 497/847/1219 503/855/1225 493/848/1220
f 489/852/1223 491/865/1216 475/851/1218
f 475/851/1218 491/865/1216 473/844/1214
f 513/866/1229 515/858/1227 511/867/1230
f 515/858/1227 450/861/1220 511/867/1230
f 473/844/1214 491/865/1216 465/845/1217
f 465/845/1217 491/865/1216 463/868/1226
f 463/868/1226 491/865/1216 461/869/1226
f 461/869/1226 491/865/1216 459/863/1217
f 459/863/1217 491/865/1216 455/864/1215
f 455/864/1215 491/865/1216 453/870/1222
f 453/870/1222 491/865/1216 450/861/1220
f 450/861/1220 491/865/1216 511/867/1230
f 491/865/1216 493/848/1220 511/867/1230
f 493/848/1220 503/855/1225 511/867/1230
f 503/855/1225 505/871/1218 511/867/1230
f 505/871/1218 507/872/1229 511/867/1230
f 507/872/1229 509/873/1231 511/867/1230
f 486/839/1232 484/838/1233 482/840/1233
f 486/839/1232 482/840/1233 480/841/1234
f 472/842/1235 470/3/1235 468/843/1236
f 474/844/1237 472/842/1235 468/843/1236
f 474/844/1237 468/843/1236 466/845/1238
f 498/847/1239 496/846/1240 494/848/1241
f 488/849/1242 486/839/1232 480/841/1234
f 488/849/1242 480/841/1234 478/850/1243
f 488/849/1242 478/850/1243 476/851/1244
f 490/852/1237 488/849/1242 476/851/1244
f 502/854/1245 500/853/1245 498/847/1239
f 504/855/1241 502/854/1245 498/847/1239
f 520/857/1246 518/856/1238 516/858/1242
f 452/860/1247 522/859/1236 520/857/1246
f 451/861/1248 452/860/1247 520/857/1246
f 451/861/1248 520/857/1246 516/858/1242
f 460/863/1238 458/862/1238 456/864/1238
f 504/855/1241 498/847/1239 494/848/1241
f 492/865/1242 490/852/1237 476/851/1244
f 492/865/1242 476/851/1244 474/844/1237
f 516/858/1242 514/866/1238 512/867/1238
f 451/861/1248 516/858/1242 512/867/1238
f 492/865/1242 474/844/1237 466/845/1238
f 492/865/1242 466/845/1238 464/868/1238
f 492/865/1242 464/868/1238 462/869/1235
f 492/865/1242 462/869/1235 460/863/1238
f 492/865/1242 460/863/1238 456/864/1238
f 492/865/1242 456/864/1238 454/870/1249
f 492/865/1242 454/870/1249 451/861/1248
f 492/865/1242 451/861/1248 512/867/1238
f 494/848/1241 492/865/1242 512/867/1238
f 504/855/1241 494/848/1241 512/867/1238
f 506/871/1235 504/855/1241 512/867/1238
f 508/872/1245 506/871/1235 512/867/1238
f 510/873/1250 508/872/1245 512/867/1238
usemtl 3d66_Standardmaterial_17342430_138
f 525/404/1251 524/405/1252 523/3/1253
f 526/4/1254 525/404/1251 523/3/1253
f 528/874/1255 527/875/1256 524/405/1257
f 525/404/1258 528/874/1255 524/405/1257
f 530/876/1259 529/877/1260 527/875/1261
f 528/874/1259 530/876/1259 527/875/1261
f 532/878/1262 531/879/1263 529/877/1264
f 530/876/1265 532/878/1262 529/877/1264
f 534/880/1266 533/881/1267 531/879/1268
f 532/878/1266 534/880/1266 531/879/1268
f 536/882/1269 535/883/1270 533/881/1271
f 534/880/1272 536/882/1269 533/881/1271
f 538/884/1273 537/885/1274 535/883/1273
f 536/882/1275 538/884/1273 535/883/1273
f 540/886/1276 539/887/1277 537/885/1277
f 538/884/1278 540/886/1276 537/885/1277
f 542/888/1279 541/889/1280 539/887/1281
f 540/886/1282 542/888/1279 539/887/1281
f 544/890/1283 543/891/1284 541/889/1284
f 542/888/1283 544/890/1283 541/889/1284
f 546/892/1285 545/893/1286 543/891/1287
f 544/890/1288 546/892/1285 543/891/1287
f 548/894/1289 547/895/1290 545/893/1289
f 546/892/1291 548/894/1289 545/893/1289
f 550/896/1292 549/897/1293 547/895/1292
f 548/894/1294 550/896/1292 547/895/1292
f 552/898/1295 551/899/1296 549/897/1297
f 550/896/1298 552/898/1295 549/897/1297
f 554/900/1299 553/901/1299 551/899/1300
f 552/898/1301 554/900/1299 551/899/1300
f 556/902/1302 555/903/1303 553/901/1304
f 554/900/1305 556/902/1302 553/901/1304
f 558/904/1306 557/905/1307 555/903/1308
f 556/902/1309 558/904/1306 555/903/1308
f 560/906/1310 559/907/1311 557/905/1312
f 558/904/1313 560/906/1310 557/905/1312
f 562/908/1314 561/909/1315 559/907/1316
f 560/906/1317 562/908/1314 559/907/1316
f 564/910/1318 563/911/1319 561/909/1320
f 562/908/1321 564/910/1318 561/909/1320
f 566/912/1322 565/913/1323 563/911/1324
f 564/910/1325 566/912/1322 563/911/1324
f 568/914/1326 567/915/1327 565/913/1328
f 566/912/1329 568/914/1326 565/913/1328
f 570/916/1330 569/917/1331 567/915/1331
f 568/914/1330 570/916/1330 567/915/1331
f 572/918/1332 571/919/1333 569/917/1334
f 570/916/1335 572/918/1332 569/917/1334
f 574/920/1336 573/921/1337 571/919/1338
f 572/918/1339 574/920/1336 571/919/1338
f 576/922/1340 575/923/1341 573/921/1342
f 574/920/1343 576/922/1340 573/921/1342
f 578/924/1344 577/925/1345 575/923/1346
f 576/922/1347 578/924/1344 575/923/1346
f 580/926/1348 579/927/1349 577/925/1350
f 578/924/1348 580/926/1348 577/925/1350
f 582/928/1351 581/929/1352 579/927/1353
f 580/926/1354 582/928/1351 579/927/1353
f 584/930/1355 583/931/1355 581/929/1356
f 582/928/1357 584/930/1355 581/929/1356
f 586/932/1358 585/933/1359 583/931/1359
f 584/930/1360 586/932/1358 583/931/1359
f 588/934/1361 587/935/1362 585/933/1363
f 586/932/1364 588/934/1361 585/933/1363
f 590/936/1365 589/937/1366 587/935/1367
f 588/934/1367 590/936/1365 587/935/1367
f 592/938/1368 591/939/1369 589/937/1370
f 590/936/1370 592/938/1368 589/937/1370
f 594/940/1371 593/941/1372 591/939/1373
f 592/938/1374 594/940/1371 591/939/1373
f 596/942/1375 595/943/1376 593/941/1377
f 594/940/1378 596/942/1375 593/941/1377
f 598/944/1379 597/945/1380 595/943/1381
f 596/942/1381 598/944/1379 595/943/1381
f 600/946/1382 599/947/1383 597/945/1384
f 598/944/1384 600/946/1382 597/945/1384
f 602/948/1385 601/949/1386 599/947/1387
f 600/946/1388 602/948/1385 599/947/1387
f 604/950/1389 603/951/1389 601/949/1389
f 602/948/1390 604/950/1389 601/949/1389
f 606/952/1391 605/953/1392 603/951/1393
f 604/950/1394 606/952/1391 603/951/1393
f 608/954/1395 607/955/1396 605/953/1396
f 606/952/1397 608/954/1395 605/953/1396
f 610/956/1398 609/957/1399 607/955/1400
f 608/954/1401 610/956/1398 607/955/1400
f 612/59/1402 611/60/1403 609/957/1402
f 610/956/1404 612/59/1402 609/957/1402
f 614/958/1405 613/959/1406 611/60/1407
f 612/59/1408 614/958/1405 611/60/1407
f 616/960/1409 615/961/1410 613/959/1409
f 614/958/1411 616/960/1409 613/959/1409
f 618/962/1412 617/963/1413 615/961/1414
f 616/960/1415 618/962/1412 615/961/1414
f 620/964/1416 619/965/1417 617/963/1418
f 618/962/1419 620/964/1416 617/963/1418
f 622/966/1420 621/967/1421 619/965/1420
f 620/964/1422 622/966/1420 619/965/1420
f 624/968/1423 623/969/1424 621/967/1425
f 622/966/1426 624/968/1423 621/967/1425
f 626/970/1427 625/971/1428 623/969/1429
f 624/968/1430 626/970/1427 623/969/1429
f 628/972/1431 627/973/1432 625/971/1431
f 626/970/1433 628/972/1431 625/971/1431
f 630/974/1434 629/975/1435 627/973/1436
f 628/972/1437 630/974/1434 627/973/1436
f 526/77/1438 523/78/1439 629/975/1440
f 630/974/1441 526/77/1438 629/975/1440
usemtl 3d66_Standardmaterial_17342430_137
f 587/976/1442 589/977/1443 585/978/1442
f 585/978/1442 589/977/1443 583/979/1444
f 601/980/1445 603/981/1446 599/982/1442
f 603/981/1446 605/983/1442 599/982/1442
f 605/983/1442 607/984/1447 599/982/1442
f 599/982/1442 607/984/1447 597/985/1443
f 607/984/1447 609/986/1448 597/985/1443
f 597/985/1443 609/986/1448 595/987/1449
f 609/986/1448 611/988/1450 595/987/1449
f 611/988/1450 613/989/1451 595/987/1449
f 595/987/1449 613/989/1451 593/990/1442
f 549/991/1452 551/992/1448 547/993/1453
f 551/992/1448 553/994/1448 547/993/1453
f 547/993/1453 553/994/1448 545/995/1448
f 545/995/1448 553/994/1448 543/996/1452
f 583/979/1444 589/977/1443 581/997/1454
f 589/977/1443 591/998/1455 581/997/1454
f 581/997/1454 591/998/1455 579/999/1456
f 593/990/1442 613/989/1451 591/998/1455
f 613/989/1451 615/1000/1457 591/998/1455
f 591/998/1455 615/1000/1457 579/999/1456
f 523/1001/1458 524/1002/1459 629/1003/1460
f 541/1004/1452 543/996/1452 539/1005/1452
f 543/996/1452 553/994/1448 539/1005/1452
f 539/1005/1452 553/994/1448 537/1006/1448
f 559/1007/1442 561/1008/1442 557/1009/1461
f 561/1008/1442 563/1010/1462 557/1009/1461
f 524/1002/1459 527/1011/1463 629/1003/1460
f 527/1011/1463 529/1012/1444 629/1003/1460
f 529/1012/1444 531/1013/1464 629/1003/1460
f 531/1013/1464 533/1014/1465 629/1003/1460
f 629/1003/1460 533/1014/1465 627/1015/1460
f 627/1015/1460 533/1014/1465 625/1016/1452
f 533/1014/1465 535/1017/1452 625/1016/1452
f 535/1017/1452 537/1006/1448 625/1016/1452
f 537/1006/1448 553/994/1448 625/1016/1452
f 625/1016/1452 553/994/1448 623/1018/1448
f 623/1018/1448 553/994/1448 621/1019/1466
f 621/1019/1466 553/994/1448 619/1020/1443
f 553/994/1448 555/1021/1444 619/1020/1443
f 619/1020/1443 555/1021/1444 617/1022/1450
f 555/1021/1444 557/1009/1461 617/1022/1450
f 617/1022/1450 557/1009/1461 615/1000/1457
f 615/1000/1457 557/1009/1461 579/999/1456
f 579/999/1456 557/1009/1461 577/1023/1467
f 557/1009/1461 563/1010/1462 577/1023/1467
f 563/1010/1462 565/1024/1468 577/1023/1467
f 577/1023/1467 565/1024/1468 575/1025/1449
f 565/1024/1468 567/1026/1467 575/1025/1449
f 575/1025/1449 567/1026/1467 573/1027/1469
f 567/1026/1467 569/1028/1470 573/1027/1469
f 573/1027/1469 569/1028/1470 571/1029/1445
f 590/977/1471 588/976/1472 586/978/1471
f 590/977/1471 586/978/1471 584/979/1471
f 604/981/1473 602/980/1474 600/982/1475
f 606/983/1476 604/981/1473 600/982/1475
f 608/984/1477 606/983/1476 600/982/1475
f 608/984/1477 600/982/1475 598/985/1478
f 610/986/1479 608/984/1477 598/985/1478
f 610/986/1479 598/985/1478 596/987/1480
f 612/988/1481 610/986/1479 596/987/1480
f 614/989/1482 612/988/1481 596/987/1480
f 614/989/1482 596/987/1480 594/990/1481
f 552/992/1477 550/991/1483 548/993/1483
f 554/994/1471 552/992/1477 548/993/1483
f 554/994/1471 548/993/1483 546/995/1477
f 554/994/1471 546/995/1477 544/996/1483
f 590/977/1471 584/979/1471 582/997/1484
f 592/998/1485 590/977/1471 582/997/1484
f 592/998/1485 582/997/1484 580/999/1486
f 614/989/1482 594/990/1481 592/998/1485
f 616/1000/1487 614/989/1482 592/998/1485
f 616/1000/1487 592/998/1485 580/999/1486
f 525/1002/1488 526/1001/1483 630/1003/1481
f 544/996/1483 542/1004/1480 540/1005/1489
f 554/994/1471 544/996/1483 540/1005/1489
f 554/994/1471 540/1005/1489 538/1006/1490
f 562/1008/1473 560/1007/1473 558/1009/1491
f 564/1010/1492 562/1008/1473 558/1009/1491
f 528/1011/1493 525/1002/1488 630/1003/1481
f 530/1012/1488 528/1011/1493 630/1003/1481
f 532/1013/1481 530/1012/1488 630/1003/1481
f 534/1014/1477 532/1013/1481 630/1003/1481
f 534/1014/1477 630/1003/1481 628/1015/1494
f 534/1014/1477 628/1015/1494 626/1016/1483
f 536/1017/1477 534/1014/1477 626/1016/1483
f 538/1006/1490 536/1017/1477 626/1016/1483
f 554/994/1471 538/1006/1490 626/1016/1483
f 554/994/1471 626/1016/1483 624/1018/1471
f 554/994/1471 624/1018/1471 622/1019/1480
f 554/994/1471 622/1019/1480 620/1020/1471
f 556/1021/1480 554/994/1471 620/1020/1471
f 556/1021/1480 620/1020/1471 618/1022/1473
f 558/1009/1491 556/1021/1480 618/1022/1473
f 558/1009/1491 618/1022/1473 616/1000/1487
f 558/1009/1491 616/1000/1487 580/999/1486
f 558/1009/1491 580/999/1486 578/1023/1473
f 564/1010/1492 558/1009/1491 578/1023/1473
f 566/1024/1495 564/1010/1492 578/1023/1473
f 566/1024/1495 578/1023/1473 576/1025/1471
f 568/1026/1496 566/1024/1495 576/1025/1471
f 568/1026/1496 576/1025/1471 574/1027/1496
f 570/1028/1497 568/1026/1496 574/1027/1496
f 570/1028/1497 574/1027/1496 572/1029/1498
