# Blender 4.3.2
# www.blender.org
mtllib 兽5.mtl
o Obj3d66_17342430_40_666.002
v 1684.348633 754.349609 -27132.138672
v 1684.567871 755.514221 -27132.349609
v 1688.907715 755.582397 -27128.054688
v 1688.688477 754.417908 -27127.843750
v 1685.744141 754.462952 -27133.576172
v 1690.085449 754.529846 -27129.281250
v 1686.061035 752.967896 -27133.921875
v 1690.402344 753.034546 -27129.626953
v 1687.555908 751.344299 -27135.482422
v 1691.898682 751.409302 -27131.187500
v 1687.272217 749.639648 -27135.212891
v 1691.614990 749.704651 -27130.917969
v 1688.541748 748.984436 -27136.529297
v 1692.885498 749.048218 -27132.234375
v 1688.296631 748.342712 -27136.285156
v 1692.640381 748.406799 -27131.990234
v 1689.666992 747.142700 -27137.712891
v 1694.011963 747.205322 -27133.417969
v 1689.427490 746.432312 -27137.474609
v 1693.772217 746.495117 -27133.179688
v 1690.115234 743.848145 -27138.216797
v 1694.460693 743.910034 -27133.921875
v 1690.942383 743.385254 -27139.076172
v 1695.288330 743.446350 -27134.781250
v 1690.683838 742.957947 -27138.814453
v 1695.029785 743.019104 -27134.519531
v 1692.535645 741.271545 -27140.744141
v 1696.882812 741.330811 -27136.449219
v 1692.341309 740.729797 -27140.550781
v 1696.688232 740.789429 -27136.255859
v 1692.796387 739.716003 -27141.033203
v 1697.144043 739.774902 -27136.736328
v 1694.670654 740.548035 -27142.951172
v 1699.019775 740.605408 -27138.656250
v 1694.957275 737.387451 -27143.287109
v 1699.306641 737.444336 -27138.992188
v 1694.264160 736.581543 -27142.583984
v 1698.612793 736.638916 -27138.289062
v 1694.776367 735.366211 -27143.128906
v 1699.125488 735.423096 -27138.832031
v 1694.408691 734.316406 -27142.763672
v 1698.757324 734.373413 -27138.468750
v 1689.740234 732.854004 -27137.974609
v 1694.085449 732.915100 -27133.681641
v 1688.207520 736.927307 -27136.343750
v 1692.551270 736.990234 -27132.048828
v 1687.415527 737.570801 -27135.519531
v 1691.758545 737.634705 -27131.224609
v 1688.917480 732.714722 -27137.128906
v 1693.261963 732.776611 -27132.835938
v 1686.689209 731.887939 -27134.845703
v 1691.031982 731.951843 -27130.552734
v 1684.566895 739.679932 -27132.554688
v 1688.907227 739.746643 -27128.261719
v 1684.630615 742.006897 -27132.589844
v 1688.970947 742.073853 -27128.296875
v 1685.666016 744.590515 -27133.623047
v 1690.007568 744.656738 -27129.330078
v 1684.880371 746.688538 -27132.787109
v 1689.220947 746.755554 -27128.492188
v 1683.644287 747.426697 -27131.501953
v 1687.983643 747.494995 -27127.208984
v 1683.203369 746.490601 -27131.060547
v 1687.542480 746.559204 -27126.767578
v 1680.986328 749.970215 -27128.728516
v 1685.322754 750.041321 -27124.437500
v 1681.177734 751.216248 -27128.910156
v 1685.514160 751.287231 -27124.617188
v 1681.717773 751.454651 -27129.464844
v 1686.055176 751.525208 -27125.171875
v 1681.912109 752.122925 -27129.656250
v 1686.249023 752.193298 -27125.361328
v 1682.996826 752.552734 -27130.767578
v 1687.334961 752.622009 -27126.474609
v 1683.801758 754.833801 -27131.568359
v 1688.140869 754.902710 -27127.273438
v 1661.928223 746.249451 -27110.347656
v 1662.642578 746.511047 -27111.082031
v 1666.750732 746.605103 -27107.001953
v 1666.035400 746.344238 -27106.267578
v 1662.988037 747.558838 -27111.427734
v 1667.096924 747.652710 -27107.347656
v 1663.819580 747.589294 -27112.285156
v 1667.929199 747.682434 -27108.203125
v 1663.618408 748.029236 -27112.072266
v 1667.727539 748.122742 -27107.992188
v 1664.759277 748.419312 -27113.246094
v 1668.870361 748.511841 -27109.164062
v 1665.033691 749.393005 -27113.519531
v 1669.145508 749.485352 -27109.435547
v 1665.540771 748.728455 -27114.048828
v 1669.652832 748.820007 -27109.964844
v 1666.250244 750.017151 -27114.767578
v 1670.363770 750.108215 -27110.683594
v 1666.795410 747.906128 -27115.351562
v 1670.909668 747.996399 -27111.267578
v 1667.585449 746.201843 -27116.181641
v 1671.700439 746.291199 -27112.097656
v 1667.456299 745.015747 -27116.060547
v 1671.571533 745.105103 -27111.976562
v 1668.808594 744.225952 -27117.462891
v 1672.925781 744.313904 -27113.378906
v 1668.649658 743.610352 -27117.306641
v 1672.766357 743.698547 -27113.220703
v 1669.371094 742.463440 -27118.060547
v 1673.488281 742.550720 -27113.976562
v 1670.406494 741.657837 -27119.136719
v 1674.525879 741.744141 -27115.050781
v 1670.043945 740.913208 -27118.769531
v 1674.162109 740.999817 -27114.685547
v 1670.326172 739.260803 -27119.078125
v 1674.445312 739.346802 -27114.992188
v 1671.429199 739.028442 -27120.216797
v 1675.549561 739.113403 -27116.130859
v 1671.349121 738.087646 -27120.144531
v 1675.469482 738.172546 -27116.058594
v 1673.727539 736.279907 -27122.613281
v 1677.850830 736.362305 -27118.527344
v 1674.262939 735.084900 -27123.177734
v 1678.386963 735.166809 -27119.089844
v 1673.160645 735.303955 -27122.039062
v 1677.283203 735.387024 -27117.953125
v 1674.431396 733.088501 -27123.371094
v 1678.555420 733.170105 -27119.283203
v 1673.957031 732.692139 -27122.886719
v 1678.080566 732.773926 -27118.800781
v 1674.882812 730.356506 -27123.863281
v 1679.007812 730.437195 -27119.777344
v 1674.194336 730.236450 -27123.156250
v 1678.318359 730.317810 -27119.070312
v 1674.335449 729.275208 -27123.310547
v 1678.459229 729.356506 -27119.224609
v 1675.827881 728.869324 -27124.853516
v 1679.953857 728.949097 -27120.765625
v 1671.855225 727.928650 -27120.769531
v 1675.976074 728.011841 -27116.683594
v 1671.692383 728.640503 -27120.593750
v 1675.813232 728.723999 -27116.509766
v 1668.815918 733.623352 -27117.578125
v 1672.932861 733.710022 -27113.496094
v 1668.378662 732.454102 -27117.140625
v 1672.495117 732.541138 -27113.056641
v 1669.390625 728.164551 -27118.226562
v 1673.508789 728.250000 -27114.144531
v 1667.338623 727.584106 -27116.119141
v 1671.453613 727.671326 -27112.037109
v 1665.254150 735.846008 -27113.884766
v 1669.366211 735.936340 -27109.802734
v 1665.891602 739.901611 -27114.500000
v 1670.004150 739.991699 -27110.417969
v 1664.309570 742.937500 -27112.837891
v 1668.420410 743.029602 -27108.755859
v 1663.952148 741.154053 -27112.488281
v 1668.062256 741.246338 -27108.406250
v 1663.187744 742.395203 -27111.687500
v 1667.296631 742.488403 -27107.605469
v 1662.803467 744.395996 -27111.269531
v 1666.911865 744.489746 -27107.189453
v 1662.004883 744.498840 -27110.445312
v 1666.112061 744.593201 -27106.365234
v 1618.193115 735.900391 -27063.332031
v 1618.504883 735.183167 -27063.660156
v 1620.598145 735.255188 -27061.566406
v 1620.285889 735.972473 -27061.240234
v 1618.525635 733.367798 -27063.701172
v 1620.619141 733.439697 -27061.607422
v 1619.104980 731.867798 -27064.312500
v 1621.198975 731.938965 -27062.216797
v 1619.341064 728.827881 -27064.583984
v 1621.435059 728.898682 -27062.490234
v 1619.713623 728.946411 -27064.966797
v 1621.808350 729.016968 -27062.873047
v 1620.672119 731.991211 -27065.921875
v 1622.768555 732.061584 -27063.826172
v 1621.134277 733.186157 -27066.384766
v 1623.231445 733.256409 -27064.289062
v 1622.631104 732.460815 -27067.931641
v 1624.729736 732.530212 -27065.833984
v 1623.158691 727.790466 -27068.519531
v 1625.258057 727.859192 -27066.421875
v 1622.809814 727.083862 -27068.167969
v 1624.908691 727.152588 -27066.070312
v 1623.590576 722.257874 -27069.019531
v 1625.690186 722.325684 -27066.921875
v 1623.212402 721.497986 -27068.638672
v 1625.311523 721.565857 -27066.541016
v 1614.748047 720.750671 -27059.951172
v 1616.835449 720.822998 -27057.861328
v 1614.229980 722.681885 -27059.398438
v 1616.316895 722.754700 -27057.310547
v 1614.466064 725.950684 -27059.605469
v 1616.553467 726.023682 -27057.517578
v 1613.606445 725.297363 -27058.730469
v 1615.692383 725.370667 -27056.642578
v 1613.354980 726.712585 -27058.457031
v 1615.440430 726.786316 -27056.369141
v 1612.631836 726.724304 -27057.712891
v 1614.716309 726.798401 -27055.626953
v 1612.694580 727.561401 -27057.769531
v 1614.779297 727.635559 -27055.683594
v 1613.848877 728.750977 -27058.941406
v 1615.935303 728.824707 -27056.853516
v 1613.602539 729.318359 -27058.683594
v 1615.688477 729.392395 -27056.595703
v 1613.746338 729.882202 -27058.824219
v 1615.832764 729.955994 -27056.736328
v 1614.121338 730.066956 -27059.207031
v 1616.208008 730.140808 -27057.119141
v 1614.364746 730.724609 -27059.451172
v 1616.451904 730.798401 -27057.363281
v 1614.735596 730.265808 -27059.835938
v 1616.822998 730.339111 -27057.748047
v 1615.351074 729.873108 -27060.472656
v 1617.439941 729.946106 -27058.384766
v 1615.687500 728.914368 -27060.830078
v 1617.776367 728.987061 -27058.738281
v 1616.331543 728.914001 -27061.490234
v 1618.421143 728.986389 -27059.400391
v 1616.797607 730.366272 -27061.955078
v 1618.888428 730.438660 -27059.863281
v 1616.655273 731.119202 -27061.800781
v 1618.746094 731.191711 -27059.710938
v 1617.072021 732.920166 -27062.210938
v 1619.163330 732.992615 -27060.119141
v 1616.672607 733.145813 -27061.796875
v 1618.763184 733.218567 -27059.707031
v 1616.613037 733.708008 -27061.730469
v 1618.703369 733.780762 -27059.638672
v 1616.313965 734.289856 -27061.417969
v 1618.404053 734.362915 -27059.326172
v 1616.375488 735.141357 -27061.472656
v 1618.465576 735.214661 -27059.380859
v 1616.830078 736.190613 -27061.927734
v 1618.921143 736.263672 -27059.835938
v 1616.652100 736.584900 -27061.740234
v 1618.742676 736.658081 -27059.650391
v 1616.956055 737.005676 -27062.048828
v 1619.047119 737.078613 -27059.957031
v 1617.813232 736.977356 -27062.931641
v 1619.905518 737.049866 -27060.837891
v 1618.430908 736.554077 -27063.570312
v 1620.523438 736.626160 -27061.476562
v 1721.582031 762.453003 -27167.841797
v 1722.474121 762.827515 -27168.751953
v 1727.033203 762.870911 -27164.251953
v 1726.141113 762.497131 -27163.341797
v 1722.991211 763.786438 -27169.269531
v 1727.550781 763.829346 -27164.769531
v 1725.046387 764.089905 -27171.371094
v 1729.605713 764.131042 -27166.873047
v 1725.801025 764.539001 -27172.138672
v 1730.360840 764.579407 -27167.640625
v 1728.774414 761.237305 -27175.228516
v 1733.333984 761.274902 -27170.730469
v 1730.465576 755.960327 -27177.029297
v 1735.025879 755.995911 -27172.531250
v 1734.319336 750.917908 -27181.039062
v 1738.880127 750.949951 -27176.542969
v 1735.665039 751.916931 -27182.402344
v 1740.225098 751.947815 -27177.906250
v 1736.117432 750.558228 -27182.882812
v 1740.677490 750.588623 -27178.386719
v 1735.608154 747.125122 -27182.408203
v 1740.168945 747.155701 -27177.912109
v 1735.898193 745.788513 -27182.722656
v 1740.458984 745.818848 -27178.226562
v 1735.343506 743.970825 -27182.179688
v 1739.904053 744.001648 -27177.683594
v 1731.158447 742.548950 -27177.916016
v 1735.719971 742.583252 -27173.419922
v 1730.167969 744.084412 -27176.882812
v 1734.729248 744.119751 -27172.384766
v 1729.941650 746.967834 -27176.613281
v 1734.502930 747.003540 -27172.115234
v 1728.715576 748.134155 -27175.341797
v 1733.276855 748.170837 -27170.843750
v 1729.609375 743.819397 -27176.314453
v 1734.171143 743.855103 -27171.816406
v 1730.375732 742.173828 -27177.121094
v 1734.937256 742.208740 -27172.623047
v 1727.843994 741.445312 -27174.537109
v 1732.405518 741.482544 -27170.039062
v 1727.368652 743.626221 -27174.021484
v 1731.929688 743.664001 -27169.523438
v 1725.107910 750.828796 -27171.609375
v 1729.668945 750.868896 -27167.111328
v 1726.013184 754.123108 -27172.494141
v 1730.573730 754.162842 -27167.996094
v 1726.142578 756.912109 -27172.589844
v 1730.702637 756.951904 -27168.091797
v 1724.844482 758.683655 -27171.236328
v 1729.404297 758.724548 -27166.738281
v 1724.007324 757.788452 -27170.390625
v 1728.567383 757.830139 -27165.890625
v 1723.111328 759.361206 -27169.451172
v 1727.671387 759.403748 -27164.951172
v 1721.906494 760.685608 -27168.197266
v 1726.466309 760.729309 -27163.699219
v 1701.849854 759.260803 -27149.335938
v 1703.814697 759.057800 -27151.392578
v 1708.729004 759.130920 -27146.621094
v 1706.762939 759.335938 -27144.564453
v 1704.222900 760.033447 -27151.810547
v 1709.137451 760.106201 -27147.039062
v 1704.769043 759.173706 -27152.390625
v 1709.683838 759.245911 -27147.617188
v 1705.503418 759.396301 -27153.156250
v 1710.418457 759.467834 -27148.382812
v 1705.799072 758.169006 -27153.476562
v 1710.714600 758.240051 -27148.705078
v 1705.270508 757.839050 -27152.927734
v 1710.185791 757.910645 -27148.156250
v 1706.775879 755.478943 -27154.523438
v 1711.692139 755.548828 -27149.751953
v 1708.722168 750.717224 -27156.605469
v 1713.639648 750.784912 -27151.833984
v 1710.969971 748.688843 -27158.972656
v 1715.888428 748.754150 -27154.201172
v 1713.735107 744.170349 -27161.904297
v 1718.654541 744.232605 -27157.134766
v 1714.406738 745.815308 -27162.589844
v 1719.326172 745.877197 -27157.818359
v 1715.402100 744.310303 -27163.642578
v 1720.321777 744.371155 -27158.873047
v 1716.312988 740.536804 -27164.632812
v 1721.233643 740.596436 -27159.861328
v 1708.279541 737.966003 -27156.267578
v 1713.197266 738.033020 -27151.498047
v 1708.381836 739.160095 -27156.363281
v 1713.299805 739.226929 -27151.591797
v 1707.114014 741.323730 -27155.015625
v 1712.031250 741.392151 -27150.246094
v 1707.838867 737.741516 -27155.810547
v 1712.756592 737.808838 -27151.039062
v 1706.463379 737.360107 -27154.375000
v 1711.380371 737.428711 -27149.605469
v 1705.130859 741.567200 -27152.941406
v 1710.047119 741.637512 -27148.169922
v 1703.900391 744.330933 -27151.626953
v 1708.815430 744.402710 -27146.855469
v 1703.721436 747.043945 -27151.414062
v 1708.636230 747.116028 -27146.642578
v 1704.278564 749.547424 -27151.970703
v 1709.193359 749.619446 -27147.199219
v 1703.647705 751.813110 -27151.289062
v 1708.562500 751.885803 -27146.517578
v 1701.952637 753.399353 -27149.500000
v 1706.866211 753.473755 -27144.728516
v 1700.563232 754.121338 -27148.039062
v 1705.475830 754.197205 -27143.269531
v 1699.747314 755.557739 -27147.171875
v 1704.659180 755.634521 -27142.400391
v 1699.757080 757.273499 -27147.166016
v 1704.668701 757.350647 -27142.394531
v 1701.159424 757.790100 -27148.628906
v 1706.072021 757.865845 -27143.855469
v 1648.160400 746.442505 -27095.164062
v 1649.351562 744.671448 -27096.445312
v 1652.289307 744.755005 -27093.621094
v 1651.096680 746.527039 -27092.343750
v 1650.364746 743.864014 -27097.529297
v 1653.303955 743.946838 -27094.705078
v 1650.944336 741.189209 -27098.162109
v 1653.883789 741.271545 -27095.337891
v 1652.117676 737.250427 -27099.433594
v 1655.058838 737.331543 -27096.609375
v 1655.177490 734.193298 -27102.712891
v 1658.122314 734.272339 -27099.886719
v 1656.313721 736.063354 -27103.914062
v 1659.260010 736.141846 -27101.085938
v 1656.614014 735.756042 -27104.236328
v 1659.560791 735.834106 -27101.408203
v 1657.080566 732.834229 -27104.748047
v 1660.027588 732.911804 -27101.921875
v 1656.724854 728.307007 -27104.394531
v 1659.671631 728.384399 -27101.566406
v 1656.844238 726.592712 -27104.531250
v 1659.791016 726.669800 -27101.703125
v 1651.765625 725.572754 -27099.125000
v 1654.706055 725.652710 -27096.300781
v 1652.674805 727.564026 -27100.082031
v 1655.616699 727.643738 -27097.257812
v 1653.172363 727.937439 -27100.609375
v 1656.114502 728.016846 -27097.785156
v 1652.170898 731.009399 -27099.525391
v 1655.112061 731.089844 -27096.701172
v 1650.368652 731.326355 -27097.603516
v 1653.307617 731.407837 -27094.781250
v 1650.291504 731.152100 -27097.521484
v 1653.229980 731.233704 -27094.699219
v 1650.248535 730.658020 -27097.478516
v 1653.187256 730.739502 -27094.656250
v 1650.232422 729.962646 -27097.464844
v 1653.170898 730.043945 -27094.642578
v 1650.234863 729.184753 -27097.472656
v 1653.173340 729.265930 -27094.650391
v 1650.247803 728.443237 -27097.490234
v 1653.185791 728.524536 -27094.667969
v 1650.262695 727.857117 -27097.509766
v 1653.201172 727.938110 -27094.687500
v 1650.272461 727.545044 -27097.521484
v 1653.210938 727.626221 -27094.699219
v 1650.272949 727.368225 -27097.523438
v 1653.211182 727.449219 -27094.701172
v 1650.265625 727.116699 -27097.517578
v 1653.204590 727.197754 -27094.695312
v 1650.252930 726.803345 -27097.503906
v 1653.191406 726.884155 -27094.683594
v 1650.235352 726.440002 -27097.488281
v 1653.174072 726.520813 -27094.666016
v 1650.213867 726.039429 -27097.468750
v 1653.152344 726.120300 -27094.646484
v 1650.190186 725.614014 -27097.445312
v 1653.128906 725.694946 -27094.623047
v 1650.165527 725.176147 -27097.421875
v 1653.103760 725.257019 -27094.599609
v 1647.921387 724.749451 -27095.033203
v 1650.856934 724.831543 -27092.212891
v 1648.879395 728.272949 -27096.033203
v 1651.815918 728.354919 -27093.210938
v 1648.668701 730.824402 -27095.792969
v 1651.605225 730.906738 -27092.972656
v 1647.620117 734.036499 -27094.658203
v 1650.554932 734.120117 -27091.837891
v 1648.598633 737.187927 -27095.683594
v 1651.535156 737.271118 -27092.861328
v 1647.895996 739.357300 -27094.921875
v 1650.831543 739.441101 -27092.101562
v 1647.059082 737.835754 -27094.039062
v 1649.993408 737.920044 -27091.218750
v 1646.001221 740.727600 -27092.894531
v 1648.934082 740.812927 -27090.074219
v 1645.517090 740.954895 -27092.376953
v 1648.448975 741.040527 -27089.556641
v 1645.346191 742.191711 -27092.187500
v 1648.277832 742.277527 -27089.367188
v 1645.426758 743.322998 -27092.267578
v 1648.358887 743.408936 -27089.447266
v 1645.801758 743.554199 -27092.666016
v 1648.734375 743.639954 -27089.845703
v 1646.247070 743.162537 -27093.142578
v 1649.180908 743.247742 -27090.322266
v 1646.410645 744.102722 -27093.310547
v 1649.343994 744.188110 -27090.490234
v 1647.029541 744.384827 -27093.970703
v 1649.963867 744.469849 -27091.148438
v 1647.511475 747.154541 -27094.468750
v 1650.446533 747.239502 -27091.646484
v 1635.184326 738.876770 -27081.445312
v 1634.357910 736.078003 -27080.599609
v 1636.913086 736.158264 -27078.093750
v 1637.740723 738.956909 -27078.939453
v 1634.989990 734.940857 -27081.269531
v 1637.546143 735.020569 -27078.763672
v 1635.253662 734.034668 -27081.550781
v 1637.809570 734.114197 -27079.046875
v 1635.873047 733.737671 -27082.203125
v 1638.430176 733.816895 -27079.695312
v 1635.679932 732.411011 -27082.009766
v 1638.236816 732.489990 -27079.503906
v 1636.314453 731.290344 -27082.681641
v 1638.872070 731.368958 -27080.175781
v 1636.926270 729.464905 -27083.335938
v 1639.484863 729.543091 -27080.828125
v 1636.644287 728.466125 -27083.046875
v 1639.202393 728.544189 -27080.541016
v 1637.155762 726.470398 -27083.595703
v 1639.714355 726.547974 -27081.089844
v 1639.846191 723.502502 -27086.433594
v 1642.408447 723.578247 -27083.925781
v 1636.045166 722.971863 -27082.458984
v 1638.602295 723.049561 -27079.955078
v 1634.386719 728.594299 -27080.683594
v 1636.941650 728.673706 -27078.179688
v 1633.506836 728.559204 -27079.763672
v 1636.060547 728.639099 -27077.259766
v 1633.476562 725.440857 -27079.753906
v 1636.030029 725.520264 -27077.251953
v 1633.080078 723.435059 -27079.353516
v 1635.633057 723.514465 -27076.851562
v 1634.489502 722.851013 -27080.832031
v 1637.044189 722.929688 -27078.328125
v 1629.197021 722.145874 -27075.302734
v 1631.743652 722.227600 -27072.804688
v 1631.744385 723.378357 -27077.957031
v 1634.294922 723.458557 -27075.457031
v 1632.450195 726.527161 -27078.671875
v 1635.001953 726.607605 -27076.169922
v 1631.792236 730.369812 -27077.955078
v 1634.343262 730.450867 -27075.453125
v 1632.577148 734.194580 -27078.748047
v 1635.129639 734.275696 -27076.246094
v 1631.939941 734.956665 -27078.076172
v 1634.491455 735.038391 -27075.574219
v 1631.649414 733.704468 -27077.781250
v 1634.200195 733.786316 -27075.279297
v 1630.788574 735.173706 -27076.869141
v 1633.338135 735.255859 -27074.369141
v 1630.311523 734.460266 -27076.375000
v 1632.860352 734.542664 -27073.875000
v 1629.920654 735.336914 -27075.960938
v 1632.468750 735.419800 -27073.460938
v 1630.472900 736.981873 -27076.525391
v 1633.022461 737.064697 -27074.025391
v 1630.420410 737.479004 -27076.466797
v 1632.969727 737.561707 -27073.966797
v 1630.789795 738.742981 -27076.845703
v 1633.339355 738.825806 -27074.343750
v 1631.515137 738.926208 -27077.603516
v 1634.065918 739.008362 -27075.101562
v 1631.864502 738.674866 -27077.970703
v 1634.416016 738.756958 -27075.468750
v 1632.155273 739.263184 -27078.269531
v 1634.707031 739.345215 -27075.767578
v 1632.596924 739.050110 -27078.734375
v 1635.149414 739.131714 -27076.230469
v 1633.487793 739.781006 -27079.662109
v 1636.041504 739.862061 -27077.158203
v 1633.636230 739.340515 -27079.820312
v 1636.190186 739.421570 -27077.316406
v 1634.978027 739.926208 -27081.222656
v 1637.533936 740.006714 -27078.714844
v 1787.611816 816.012817 -27241.460938
v 1790.901855 817.601624 -27244.708984
v 1799.540527 817.499451 -27235.994141
v 1796.250244 815.912537 -27232.746094
v 1794.210205 816.276123 -27248.019531
v 1802.850342 816.172302 -27239.304688
v 1795.985107 813.373413 -27249.828125
v 1804.625488 813.268799 -27241.113281
v 1796.674805 809.253418 -27250.576172
v 1805.315430 809.148743 -27241.861328
v 1794.511719 801.107117 -27248.546875
v 1803.151855 801.003845 -27239.832031
v 1795.178223 795.042542 -27249.298828
v 1803.818359 794.939209 -27240.583984
v 1792.447998 787.135498 -27246.703125
v 1801.087402 787.033813 -27237.988281
v 1793.908203 784.714844 -27248.191406
v 1802.547852 784.612549 -27239.476562
v 1794.721924 785.959412 -27248.982422
v 1803.361572 785.856628 -27240.267578
v 1796.697266 784.688843 -27250.964844
v 1805.337158 784.585144 -27242.250000
v 1798.915527 780.629028 -27253.232422
v 1807.556396 780.524414 -27244.517578
v 1801.057129 773.806702 -27255.464844
v 1809.698242 773.701355 -27246.750000
v 1804.642578 764.301636 -27259.171875
v 1813.285156 764.194946 -27250.457031
v 1776.387695 752.539612 -27231.250000
v 1785.021973 752.449036 -27222.533203
v 1771.936279 765.482300 -27226.628906
v 1780.569092 765.395020 -27217.912109
v 1767.193848 769.384155 -27221.853516
v 1775.824951 769.300842 -27213.136719
v 1761.459229 769.475952 -27216.152344
v 1770.088135 769.397949 -27207.435547
v 1761.178955 768.260132 -27215.892578
v 1769.808105 768.182495 -27207.173828
v 1759.552002 768.234741 -27214.275391
v 1768.180420 768.158752 -27205.558594
v 1758.797363 769.588623 -27213.503906
v 1767.425537 769.513306 -27204.787109
v 1753.934082 772.729614 -27208.625000
v 1762.560303 772.659607 -27199.908203
v 1753.773438 776.599854 -27208.406250
v 1762.399414 776.529907 -27199.689453
v 1753.189453 779.204529 -27207.787109
v 1761.815186 779.135132 -27199.070312
v 1753.714111 781.161499 -27208.279297
v 1762.339844 781.091553 -27199.560547
v 1755.816162 781.189697 -27210.367188
v 1764.442871 781.117310 -27201.648438
v 1757.828369 780.828125 -27212.371094
v 1766.456055 780.753601 -27203.654297
v 1759.612305 781.376343 -27214.136719
v 1768.240723 781.299927 -27205.419922
v 1759.796387 785.112305 -27214.263672
v 1768.425293 785.035400 -27205.546875
v 1762.061523 788.567322 -27209.193359
v 1763.613770 788.553711 -27207.625000
v 1762.407715 795.681152 -27209.431641
v 1763.960205 795.667419 -27207.863281
v 1763.289551 798.795044 -27210.259766
v 1764.841797 798.780945 -27208.691406
v 1764.604980 801.415100 -27211.527344
v 1766.157715 801.401001 -27209.960938
v 1763.154785 795.598999 -27210.173828
v 1764.707275 795.585144 -27208.605469
v 1763.650635 790.485840 -27210.744141
v 1765.203125 790.471802 -27209.175781
v 1767.523193 792.412903 -27214.564453
v 1769.075928 792.398254 -27212.996094
v 1768.945557 796.374023 -27215.917969
v 1770.498291 796.359009 -27214.351562
v 1768.398926 801.086304 -27215.304688
v 1769.951904 801.071411 -27213.736328
v 1765.668945 804.993042 -27212.531250
v 1767.221191 804.978516 -27210.962891
v 1759.987305 804.230408 -27206.896484
v 1761.539307 804.217102 -27205.328125
v 1761.189941 805.786438 -27208.068359
v 1762.742188 805.772705 -27206.500000
v 1765.098877 806.473450 -27211.943359
v 1766.651611 806.459106 -27210.375000
v 1768.023438 804.558350 -27214.878906
v 1769.576172 804.543640 -27213.310547
v 1770.256836 800.585449 -27217.158203
v 1771.809082 800.570312 -27215.589844
v 1770.423340 796.464844 -27217.386719
v 1771.976562 796.449646 -27215.818359
v 1768.344238 790.490845 -27215.410156
v 1769.896729 790.476196 -27213.841797
v 1764.647949 787.929810 -27219.042969
v 1773.278564 787.848145 -27210.326172
v 1766.427979 788.123108 -27220.810547
v 1775.058838 788.039917 -27212.093750
v 1770.290283 790.357117 -27224.617188
v 1778.922607 790.270447 -27215.900391
v 1772.541260 796.424194 -27226.763672
v 1781.174316 796.335205 -27218.048828
v 1774.899902 798.664551 -27229.076172
v 1783.533936 798.573608 -27220.361328
v 1778.430176 800.553711 -27232.558594
v 1787.065186 800.460205 -27223.843750
v 1780.900391 806.826538 -27234.921875
v 1789.536377 806.730896 -27226.207031
v 1787.775146 811.186035 -27241.695312
v 1796.413086 811.085938 -27232.980469
v 1948.588013 827.131653 -27348.718750
v 1905.885620 827.273499 -27395.974609
v 1954.033936 827.275635 -27347.828125
v 1906.617676 827.129700 -27390.687500
v 1905.075928 825.562134 -27400.630859
v 1958.833008 825.564148 -27346.875000
v 1904.709229 823.252319 -27402.509766
v 1960.770386 823.253845 -27346.449219
v 1904.751221 820.454895 -27402.302734
v 1960.557373 820.455811 -27346.496094
v 1905.845581 815.850830 -27396.427734
v 1954.506592 815.850708 -27347.767578
v 1906.015381 811.824707 -27395.574219
v 1953.634155 811.823730 -27347.957031
v 1907.004028 807.521240 -27389.148438
v 1947.047119 807.519653 -27349.105469
v 1906.866821 805.600037 -27390.521484
v 1948.462891 805.598145 -27348.925781
v 1906.631470 806.176636 -27392.097656
v 1950.077148 806.174744 -27348.652344
v 1906.245605 804.850403 -27394.658203
v 1952.709229 804.848206 -27348.195312
v 1905.903809 801.689148 -27396.781250
v 1954.894897 801.686340 -27347.791016
v 1905.724121 796.793396 -27397.951172
v 1956.103149 796.790100 -27347.572266
v 1905.172607 789.814636 -27400.640625
v 1958.862793 789.810913 -27346.949219
v 1907.366455 789.764404 -27359.802734
v 1929.839600 789.780640 -27351.179688
v 1908.924438 789.782837 -27372.490234
v 1917.427979 789.763550 -27349.740234
v 1905.900635 799.153015 -27358.898438
v 1916.309937 799.152100 -27348.490234
v 1904.210815 802.872803 -27355.580078
v 1912.889648 802.872131 -27346.902344
v 1901.534180 804.428711 -27351.039062
v 1908.290894 804.428345 -27344.281250
v 1901.317505 803.729431 -27350.595703
v 1907.860840 803.729004 -27344.052734
v 1900.419678 804.137512 -27349.431641
v 1906.688232 804.137024 -27343.164062
v 1900.078491 805.194336 -27349.160156
v 1906.395020 805.193909 -27342.845703
v 1897.344482 808.455139 -27346.542969
v 1903.722168 808.454712 -27340.167969
v 1897.602539 810.955811 -27347.054688
v 1904.190674 810.955750 -27340.468750
v 1897.480225 812.762512 -27347.095703
v 1904.203613 812.762207 -27340.375000
v 1897.998291 813.869751 -27347.730469
v 1904.824585 813.869507 -27340.906250
v 1899.256958 813.341003 -27349.132812
v 1906.235596 813.340942 -27342.156250
v 1900.353516 812.587646 -27350.486328
v 1907.604492 812.587341 -27343.238281
v 1901.326416 812.470947 -27351.904297
v 1909.031982 812.470825 -27344.201172
v 1901.677246 814.796204 -27352.726562
v 1909.832764 814.796204 -27344.572266
v 1905.937988 816.095520 -27349.566406
v 1908.333740 816.324402 -27351.267578
v 1903.945068 815.319397 -27357.292969
v 1914.447388 815.319336 -27346.791016
v 1904.600098 814.976746 -27358.933594
v 1916.116089 814.976746 -27347.419922
v 1905.853149 815.384705 -27363.121094
v 1920.369995 815.384521 -27348.605469
v 1906.520020 818.648254 -27366.822266
v 1924.123047 818.648499 -27349.220703
v 1906.955688 819.452454 -27369.929688
v 1927.026611 819.386414 -27349.568359
v 1907.333862 819.725708 -27374.486328
v 1931.956665 819.726196 -27349.865234
v 1907.388672 823.060425 -27379.128906
v 1936.709106 823.061340 -27349.810547
v 1906.753174 824.022095 -27389.544922
v 1947.412720 824.023438 -27348.886719
v 1929.619263 792.350403 -27350.990234
v 1928.903076 800.126404 -27350.462891
v 1928.721313 801.974915 -27350.349609
v 1927.405518 814.068604 -27349.734375
v 1908.204834 798.222595 -27371.921875
v 1907.956665 801.492615 -27371.669922
v 1907.845581 803.046814 -27371.544922
vn -0.6826 0.2528 0.6857
vn -0.6825 0.2528 0.6858
vn 0.3634 0.8503 -0.3807
vn 0.3634 0.8504 -0.3805
vn 0.6687 0.2992 -0.6806
vn 0.6688 0.2992 -0.6806
vn 0.6688 0.2991 -0.6806
vn 0.4163 0.7994 -0.4332
vn 0.4165 0.7994 -0.4330
vn 0.4161 0.7996 -0.4330
vn 0.4163 0.7994 -0.4333
vn 0.6870 -0.2237 -0.6914
vn 0.6873 -0.2236 -0.6911
vn 0.6872 -0.2236 -0.6912
vn 0.6869 -0.2237 -0.6915
vn 0.2303 0.9412 -0.2470
vn 0.2301 0.9414 -0.2467
vn 0.2301 0.9414 -0.2468
vn 0.2303 0.9412 -0.2471
vn 0.6223 -0.4746 -0.6225
vn 0.6221 -0.4748 -0.6226
vn 0.3584 0.8549 -0.3751
vn 0.3583 0.8550 -0.3749
vn 0.3584 0.8550 -0.3750
vn 0.3585 0.8548 -0.3752
vn 0.6381 -0.4291 -0.6393
vn 0.6382 -0.4290 -0.6393
vn 0.6382 -0.4291 -0.6392
vn 0.6521 0.3645 -0.6648
vn 0.6518 0.3646 -0.6650
vn 0.6519 0.3645 -0.6649
vn 0.6522 0.3644 -0.6647
vn 0.2481 0.9320 -0.2642
vn 0.2474 0.9323 -0.2638
vn 0.2478 0.9322 -0.2640
vn 0.2482 0.9320 -0.2642
vn 0.5376 -0.6520 -0.5347
vn 0.5377 -0.6518 -0.5347
vn 0.5378 -0.6518 -0.5348
vn 0.3691 0.8457 -0.3854
vn 0.3692 0.8458 -0.3852
vn 0.3691 0.8458 -0.3853
vn 0.3691 0.8457 -0.3855
vn 0.6302 -0.4516 -0.6315
vn 0.6305 -0.4511 -0.6316
vn 0.6304 -0.4512 -0.6317
vn 0.6304 -0.4518 -0.6313
vn 0.5845 0.5471 -0.5991
vn 0.5845 0.5471 -0.5992
vn 0.5846 0.5473 -0.5989
vn 0.5845 0.5470 -0.5992
vn -0.2144 0.9552 0.2040
vn -0.2145 0.9551 0.2045
vn -0.2147 0.9551 0.2043
vn -0.2143 0.9553 0.2038
vn 0.6950 0.1380 -0.7056
vn 0.6951 0.1382 -0.7055
vn 0.6949 0.1381 -0.7057
vn 0.6950 0.1385 -0.7055
vn 0.4492 -0.7750 -0.4446
vn 0.4497 -0.7746 -0.4447
vn 0.4492 -0.7750 -0.4445
vn 0.5950 0.5236 -0.6098
vn 0.5953 0.5235 -0.6096
vn 0.5952 0.5235 -0.6097
vn 0.5950 0.5235 -0.6098
vn 0.6330 -0.4426 -0.6351
vn 0.6332 -0.4425 -0.6351
vn 0.6329 -0.4427 -0.6352
vn 0.6330 -0.4427 -0.6351
vn 0.1567 -0.9769 -0.1451
vn 0.1573 -0.9768 -0.1451
vn 0.1566 -0.9769 -0.1452
vn 0.1564 -0.9770 -0.1452
vn -0.6125 -0.4816 0.6268
vn -0.6127 -0.4815 0.6267
vn -0.6126 -0.4816 0.6267
vn -0.3389 -0.8711 0.3554
vn -0.3386 -0.8713 0.3551
vn -0.3384 -0.8714 0.3552
vn -0.3391 -0.8711 0.3554
vn 0.6372 0.4129 -0.6508
vn 0.6373 0.4128 -0.6508
vn 0.6371 0.4131 -0.6508
vn 0.1831 -0.9681 -0.1712
vn 0.1838 -0.9679 -0.1713
vn 0.1835 -0.9680 -0.1712
vn 0.1828 -0.9682 -0.1711
vn -0.6497 -0.3720 0.6629
vn -0.6500 -0.3717 0.6628
vn -0.6498 -0.3720 0.6629
vn -0.7031 0.0300 0.7105
vn -0.7031 0.0300 0.7104
vn -0.7032 0.0300 0.7104
vn -0.7031 0.0299 0.7104
vn -0.6156 0.4929 0.6149
vn -0.6159 0.4926 0.6148
vn -0.6157 0.4927 0.6149
vn -0.6156 0.4929 0.6148
vn -0.6133 -0.4800 0.6272
vn -0.6133 -0.4797 0.6275
vn -0.6133 -0.4798 0.6274
vn -0.6133 -0.4801 0.6272
vn -0.2621 -0.9237 0.2794
vn -0.2618 -0.9238 0.2793
vn -0.2618 -0.9238 0.2794
vn -0.2622 -0.9237 0.2794
vn 0.5894 -0.5551 -0.5869
vn 0.5895 -0.5550 -0.5869
vn 0.5895 -0.5549 -0.5870
vn -0.5111 -0.6787 0.5274
vn -0.5108 -0.6789 0.5274
vn -0.5110 -0.6788 0.5274
vn -0.5113 -0.6786 0.5273
vn -0.6899 0.2067 0.6938
vn -0.6900 0.2068 0.6936
vn -0.6902 0.2070 0.6934
vn -0.2148 0.9558 0.2009
vn -0.2149 0.9556 0.2015
vn -0.2149 0.9556 0.2014
vn -0.6545 0.3775 0.6551
vn -0.6544 0.3781 0.6548
vn -0.6545 0.3779 0.6548
vn -0.1950 0.9639 0.1812
vn -0.1952 0.9638 0.1817
vn -0.1953 0.9637 0.1818
vn -0.1950 0.9639 0.1814
vn -0.6333 0.4455 0.6329
vn -0.6333 0.4453 0.6329
vn -0.6333 0.4456 0.6328
vn -0.6332 0.4455 0.6329
vn 0.3611 0.8524 -0.3782
vn 0.3605 0.8527 -0.3781
vn 0.3609 0.8525 -0.3782
vn -0.7175 0.0090 -0.6965
vn -0.7174 0.0091 -0.6966
vn -0.7175 0.0091 -0.6965
vn -0.7177 0.0090 -0.6963
vn -0.7178 0.0089 -0.6962
vn -0.7180 0.0089 -0.6960
vn -0.7178 0.0091 -0.6962
vn -0.7173 0.0091 -0.6967
vn -0.7174 0.0090 -0.6966
vn -0.7175 0.0092 -0.6965
vn -0.7176 0.0092 -0.6964
vn -0.7177 0.0093 -0.6963
vn -0.7178 0.0094 -0.6962
vn -0.7178 0.0090 -0.6962
vn -0.7174 0.0092 -0.6966
vn -0.7176 0.0091 -0.6964
vn -0.7176 0.0090 -0.6964
vn -0.7179 0.0090 -0.6961
vn -0.7173 0.0093 -0.6967
vn -0.7179 0.0092 -0.6961
vn -0.7180 0.0087 -0.6960
vn 0.7173 -0.0090 0.6967
vn 0.7171 -0.0091 0.6969
vn 0.7173 -0.0091 0.6967
vn 0.7172 -0.0092 0.6968
vn 0.7171 -0.0090 0.6969
vn 0.7174 -0.0093 0.6966
vn 0.7173 -0.0092 0.6967
vn 0.7174 -0.0091 0.6966
vn 0.7169 -0.0092 0.6972
vn 0.7170 -0.0092 0.6970
vn 0.7171 -0.0089 0.6969
vn 0.7168 -0.0091 0.6973
vn 0.7172 -0.0090 0.6968
vn 0.7171 -0.0092 0.6969
vn 0.7172 -0.0093 0.6968
vn 0.7172 -0.0094 0.6968
vn 0.7172 -0.0090 0.6969
vn 0.7170 -0.0089 0.6970
vn 0.7168 -0.0093 0.6972
vn 0.7170 -0.0094 0.6970
vn 0.7171 -0.0094 0.6969
vn 0.7172 -0.0091 0.6968
vn 0.7176 -0.0091 0.6964
vn -0.1853 0.9689 0.1639
vn -0.1858 0.9687 0.1646
vn -0.1855 0.9688 0.1646
vn -0.1853 0.9689 0.1637
vn -0.6435 0.4229 0.6380
vn -0.6432 0.4228 0.6384
vn -0.6435 0.4226 0.6381
vn -0.0293 0.9996 0.0064
vn -0.0294 0.9995 0.0069
vn -0.0292 0.9996 0.0063
vn -0.5806 -0.5534 0.5972
vn -0.5807 -0.5534 0.5972
vn -0.1741 0.9727 0.1532
vn -0.1747 0.9726 0.1537
vn -0.1746 0.9726 0.1536
vn -0.1740 0.9728 0.1531
vn -0.6589 0.3697 0.6552
vn -0.6588 0.3695 0.6553
vn -0.6591 0.3695 0.6550
vn -0.6589 0.3697 0.6551
vn 0.4652 0.7405 -0.4851
vn 0.4651 0.7407 -0.4849
vn 0.4650 0.7407 -0.4849
vn 0.4651 0.7405 -0.4851
vn -0.5613 0.6172 0.5514
vn -0.5614 0.6168 0.5517
vn -0.5613 0.6169 0.5517
vn -0.5612 0.6173 0.5514
vn 0.6550 0.3538 -0.6677
vn 0.6549 0.3537 -0.6678
vn 0.6551 0.3536 -0.6677
vn 0.6551 0.3537 -0.6677
vn 0.5783 0.5582 -0.5949
vn 0.5783 0.5583 -0.5949
vn 0.5783 0.5580 -0.5951
vn 0.5784 0.5581 -0.5950
vn 0.6982 -0.1475 -0.7006
vn 0.6984 -0.1475 -0.7003
vn 0.6986 -0.1475 -0.7001
vn 0.6984 -0.1472 -0.7004
vn 0.2546 0.9266 -0.2768
vn 0.2547 0.9266 -0.2765
vn 0.2547 0.9266 -0.2766
vn 0.2546 0.9266 -0.2769
vn 0.6655 -0.3422 -0.6634
vn 0.6656 -0.3419 -0.6634
vn 0.6656 -0.3418 -0.6634
vn 0.6653 -0.3427 -0.6633
vn 0.5138 0.6731 -0.5319
vn 0.5136 0.6732 -0.5320
vn 0.5138 0.6729 -0.5321
vn 0.5137 0.6732 -0.5319
vn 0.3250 0.8799 -0.3465
vn 0.3246 0.8802 -0.3462
vn 0.3250 0.8800 -0.3463
vn 0.3251 0.8800 -0.3463
vn 0.5847 -0.5699 -0.5774
vn 0.5850 -0.5695 -0.5775
vn 0.5850 -0.5694 -0.5775
vn 0.5846 -0.5700 -0.5774
vn 0.6802 0.2452 -0.6908
vn 0.6801 0.2450 -0.6910
vn 0.6802 0.2451 -0.6909
vn 0.6802 0.2453 -0.6908
vn 0.0919 0.9893 -0.1135
vn 0.0918 0.9893 -0.1131
vn 0.0920 0.9893 -0.1135
vn 0.7007 -0.1141 -0.7042
vn 0.7007 -0.1144 -0.7042
vn 0.7008 -0.1140 -0.7042
vn 0.3194 0.8844 -0.3403
vn 0.3195 0.8845 -0.3401
vn 0.3195 0.8844 -0.3402
vn 0.3194 0.8844 -0.3404
vn 0.5846 0.5453 -0.6008
vn 0.5846 0.5453 -0.6007
vn 0.5844 0.5455 -0.6008
vn 0.5845 0.5453 -0.6008
vn -0.0868 -0.9904 0.1074
vn -0.0863 -0.9905 0.1070
vn -0.0864 -0.9905 0.1071
vn -0.0868 -0.9904 0.1075
vn 0.5349 0.6391 -0.5526
vn 0.5353 0.6390 -0.5524
vn 0.5352 0.6389 -0.5526
vn 0.5350 0.6388 -0.5529
vn 0.3638 -0.8633 -0.3498
vn 0.3640 -0.8631 -0.3500
vn 0.3637 -0.8633 -0.3500
vn 0.3641 -0.8630 -0.3501
vn 0.6050 0.4992 -0.6203
vn 0.6047 0.4992 -0.6206
vn 0.6048 0.4992 -0.6205
vn 0.6048 0.4995 -0.6203
vn 0.0944 -0.9927 -0.0756
vn 0.0949 -0.9926 -0.0761
vn 0.6856 0.2123 -0.6964
vn 0.6856 0.2130 -0.6961
vn 0.6856 0.2126 -0.6962
vn 0.1213 0.9824 -0.1419
vn 0.1211 0.9825 -0.1414
vn 0.1212 0.9825 -0.1415
vn 0.1213 0.9824 -0.1420
vn 0.1244 -0.9866 -0.1058
vn 0.1249 -0.9865 -0.1058
vn 0.1239 -0.9866 -0.1058
vn -0.6642 -0.3180 0.6765
vn -0.6642 -0.3179 0.6766
vn -0.6641 -0.3181 0.6766
vn -0.6641 -0.3182 0.6765
vn -0.5334 -0.6415 0.5513
vn -0.5333 -0.6416 0.5513
vn -0.5330 -0.6416 0.5515
vn 0.6273 -0.4681 -0.6224
vn 0.6275 -0.4679 -0.6224
vn 0.6274 -0.4680 -0.6224
vn 0.6271 -0.4684 -0.6224
vn 0.6619 0.3272 -0.6744
vn 0.6619 0.3271 -0.6745
vn 0.6621 0.3271 -0.6742
vn 0.1464 -0.9810 -0.1269
vn 0.1468 -0.9810 -0.1272
vn 0.1466 -0.9810 -0.1271
vn 0.1463 -0.9811 -0.1269
vn -0.6567 -0.3469 0.6696
vn -0.6567 -0.3469 0.6697
vn -0.6567 -0.3470 0.6696
vn -0.6906 0.2134 0.6910
vn -0.6906 0.2134 0.6911
vn -0.6906 0.2135 0.6910
vn -0.5552 -0.6029 0.5728
vn -0.5551 -0.6031 0.5729
vn -0.5552 -0.6030 0.5728
vn -0.5553 -0.6029 0.5728
vn 0.6816 -0.2701 -0.6800
vn 0.6815 -0.2702 -0.6801
vn 0.6816 -0.2702 -0.6801
vn -0.5185 -0.6656 0.5369
vn -0.5178 -0.6659 0.5371
vn -0.5179 -0.6658 0.5371
vn -0.5186 -0.6655 0.5368
vn -0.6748 -0.2725 0.6859
vn -0.6749 -0.2725 0.6858
vn -0.6749 -0.2723 0.6858
vn -0.6747 -0.2724 0.6859
vn -0.0516 -0.9959 0.0749
vn -0.0511 -0.9959 0.0746
vn -0.7022 -0.0700 0.7085
vn -0.7023 -0.0700 0.7085
vn -0.7022 -0.0698 0.7086
vn -0.7022 -0.0699 0.7085
vn -0.7175 0.0070 -0.6965
vn -0.7175 0.0071 -0.6965
vn -0.7176 0.0071 -0.6964
vn -0.7179 0.0071 -0.6961
vn -0.7177 0.0071 -0.6964
vn -0.7177 0.0070 -0.6964
vn -0.7180 0.0069 -0.6961
vn -0.7178 0.0070 -0.6962
vn -0.7180 0.0075 -0.6960
vn -0.7181 0.0072 -0.6959
vn -0.7178 0.0071 -0.6962
vn -0.7179 0.0072 -0.6961
vn -0.7176 0.0073 -0.6964
vn -0.7179 0.0070 -0.6961
vn -0.7177 0.0070 -0.6963
vn -0.7180 0.0073 -0.6960
vn -0.7177 0.0072 -0.6963
vn -0.7178 0.0072 -0.6963
vn -0.7176 0.0072 -0.6964
vn -0.7180 0.0072 -0.6960
vn -0.7177 0.0073 -0.6963
vn -0.7177 0.0072 -0.6964
vn -0.7179 0.0069 -0.6961
vn 0.7169 -0.0072 0.6971
vn 0.7169 -0.0068 0.6971
vn 0.7171 -0.0068 0.6969
vn 0.7167 -0.0072 0.6974
vn 0.7169 -0.0071 0.6971
vn 0.7168 -0.0069 0.6973
vn 0.7172 -0.0071 0.6968
vn 0.7171 -0.0071 0.6969
vn 0.7172 -0.0070 0.6968
vn 0.7168 -0.0072 0.6973
vn 0.7171 -0.0072 0.6969
vn 0.7170 -0.0072 0.6971
vn 0.7172 -0.0072 0.6969
vn 0.7170 -0.0073 0.6970
vn 0.7167 -0.0070 0.6974
vn 0.7170 -0.0072 0.6970
vn 0.7166 -0.0074 0.6974
vn 0.7170 -0.0070 0.6970
vn 0.7171 -0.0074 0.6970
vn 0.7169 -0.0071 0.6972
vn 0.7171 -0.0071 0.6970
vn 0.7171 -0.0069 0.6970
vn 0.7174 -0.0073 0.6966
vn 0.7172 -0.0073 0.6968
vn 0.5889 0.5334 -0.6072
vn 0.5888 0.5336 -0.6071
vn 0.5885 0.5337 -0.6073
vn 0.5889 0.5333 -0.6073
vn 0.7066 0.0236 -0.7072
vn 0.7065 0.0238 -0.7073
vn 0.7065 0.0235 -0.7073
vn 0.7064 0.0241 -0.7074
vn 0.6084 0.4893 -0.6249
vn 0.6082 0.4895 -0.6249
vn 0.6083 0.4894 -0.6249
vn 0.6082 0.4893 -0.6250
vn 0.7002 0.1177 -0.7042
vn 0.7003 0.1177 -0.7041
vn -0.1697 0.9760 0.1367
vn -0.1701 0.9759 0.1369
vn -0.1696 0.9760 0.1369
vn -0.1696 0.9760 0.1366
vn -0.6528 0.4061 0.6395
vn -0.6527 0.4061 0.6396
vn -0.6529 0.4060 0.6394
vn -0.6528 0.4061 0.6394
vn -0.6280 0.4804 0.6123
vn -0.6280 0.4804 0.6122
vn -0.6279 0.4805 0.6123
vn 0.2096 0.9475 -0.2415
vn 0.2098 0.9475 -0.2413
vn 0.2101 0.9474 -0.2415
vn 0.2101 0.9473 -0.2418
vn 0.6945 0.1665 -0.6999
vn 0.6943 0.1667 -0.7001
vn 0.6940 0.1667 -0.7004
vn 0.6942 0.1668 -0.7002
vn 0.5884 -0.5739 -0.5696
vn 0.5881 -0.5741 -0.5697
vn 0.5882 -0.5740 -0.5697
vn 0.5884 -0.5739 -0.5695
vn 0.6833 0.2328 -0.6920
vn 0.6837 0.2326 -0.6917
vn 0.6837 0.2327 -0.6917
vn 0.6839 0.2325 -0.6916
vn 0.5866 -0.5769 -0.5683
vn 0.5864 -0.5771 -0.5684
vn 0.5862 -0.5771 -0.5686
vn 0.5868 -0.5769 -0.5682
vn 0.0608 -0.9978 -0.0265
vn 0.0610 -0.9978 -0.0264
vn 0.0598 -0.9978 -0.0272
vn 0.0596 -0.9979 -0.0273
vn -0.6521 -0.3650 0.6645
vn -0.6520 -0.3651 0.6645
vn -0.6522 -0.3648 0.6645
vn -0.7059 0.0955 0.7019
vn -0.7058 0.0954 0.7019
vn -0.7056 0.0956 0.7021
vn 0.3479 -0.8825 -0.3166
vn 0.3480 -0.8824 -0.3167
vn 0.3479 -0.8824 -0.3167
vn 0.3477 -0.8825 -0.3166
vn -0.6798 -0.2536 0.6881
vn -0.6797 -0.2536 0.6882
vn -0.6798 -0.2536 0.6882
vn 0.0097 -0.9996 0.0256
vn 0.0101 -0.9996 0.0255
vn 0.0100 -0.9996 0.0255
vn 0.0096 -0.9996 0.0256
vn -0.7057 0.0994 0.7015
vn -0.4287 0.8103 0.3996
vn -0.4286 0.8102 0.3997
vn -0.4287 0.8103 0.3995
vn -0.5890 -0.5331 0.6074
vn -0.5888 -0.5334 0.6073
vn -0.5888 -0.5333 0.6073
vn -0.6718 0.3374 0.6594
vn -0.6718 0.3373 0.6595
vn -0.2474 0.9450 0.2138
vn -0.2472 0.9451 0.2137
vn -0.2470 0.9451 0.2138
vn -0.2473 0.9451 0.2138
vn -0.6349 0.4636 0.6181
vn -0.6350 0.4634 0.6181
vn -0.6348 0.4636 0.6181
vn -0.6349 0.4636 0.6180
vn 0.4471 0.7588 -0.4736
vn 0.4469 0.7592 -0.4732
vn 0.4468 0.7592 -0.4732
vn 0.2703 0.9141 -0.3023
vn 0.2705 0.9140 -0.3023
vn 0.2704 0.9141 -0.3023
vn 0.6220 0.4545 -0.6377
vn 0.6220 0.4548 -0.6375
vn 0.6221 0.4547 -0.6374
vn 0.6219 0.4543 -0.6378
vn -0.0171 0.9997 -0.0177
vn -0.0172 0.9997 -0.0174
vn -0.0172 0.9997 -0.0175
vn -0.0171 0.9997 -0.0178
vn -0.6513 0.4126 0.6368
vn -0.6513 0.4126 0.6369
vn -0.6510 0.4129 0.6370
vn -0.6514 0.4127 0.6367
vn -0.6766 -0.2680 0.6858
vn -0.6766 -0.2684 0.6857
vn -0.6766 -0.2683 0.6858
vn -0.6767 -0.2680 0.6858
vn -0.6780 0.3086 0.6671
vn -0.6779 0.3088 0.6672
vn -0.6778 0.3086 0.6673
vn -0.6779 0.3086 0.6672
vn -0.2423 -0.9306 0.2744
vn -0.2420 -0.9307 0.2743
vn -0.2418 -0.9308 0.2742
vn -0.2425 -0.9305 0.2747
vn -0.6957 -0.1572 0.7009
vn -0.6957 -0.1572 0.7010
vn -0.5568 -0.5971 0.5774
vn -0.5567 -0.5973 0.5773
vn -0.5569 -0.5970 0.5774
vn -0.7057 0.0960 0.7020
vn -0.7058 0.0961 0.7019
vn -0.7057 0.0959 0.7020
vn -0.6117 0.5234 0.5931
vn -0.6117 0.5233 0.5933
vn -0.6117 0.5234 0.5932
vn -0.6118 0.5235 0.5930
vn -0.5820 -0.5479 0.6009
vn -0.5818 -0.5481 0.6010
vn -0.5819 -0.5479 0.6010
vn -0.5053 0.7171 0.4800
vn -0.5055 0.7169 0.4801
vn -0.0011 0.9994 -0.0336
vn -0.0014 0.9994 -0.0333
vn -0.0013 0.9994 -0.0334
vn -0.0011 0.9994 -0.0337
vn 0.2886 0.9025 -0.3196
vn 0.2882 0.9028 -0.3192
vn 0.2879 0.9028 -0.3194
vn 0.2885 0.9025 -0.3197
vn 0.6370 -0.4568 -0.6209
vn 0.6367 -0.4574 -0.6208
vn 0.6369 -0.4574 -0.6206
vn 0.6370 -0.4567 -0.6210
vn -0.7164 0.0075 -0.6976
vn -0.7164 0.0074 -0.6976
vn -0.7164 0.0075 -0.6977
vn -0.7166 0.0073 -0.6975
vn -0.7166 0.0074 -0.6974
vn -0.7166 0.0074 -0.6975
vn -0.7165 0.0075 -0.6975
vn -0.7168 0.0072 -0.6972
vn -0.7168 0.0071 -0.6972
vn -0.7168 0.0071 -0.6973
vn -0.7165 0.0075 -0.6976
vn -0.7167 0.0071 -0.6973
vn -0.7169 0.0070 -0.6971
vn -0.7169 0.0070 -0.6972
vn -0.7172 0.0070 -0.6968
vn -0.7168 0.0068 -0.6973
vn -0.7167 0.0073 -0.6973
vn -0.7165 0.0070 -0.6975
vn -0.7169 0.0072 -0.6971
vn -0.7169 0.0071 -0.6972
vn -0.7169 0.0072 -0.6972
vn -0.7170 0.0071 -0.6971
vn -0.7170 0.0086 -0.6970
vn -0.7168 0.0072 -0.6973
vn -0.7170 0.0075 -0.6970
vn -0.7165 0.0071 -0.6975
vn -0.7166 0.0072 -0.6974
vn -0.7165 0.0086 -0.6975
vn -0.7167 0.0107 -0.6973
vn -0.7167 0.0075 -0.6974
vn 0.7154 -0.0074 0.6987
vn 0.7158 -0.0075 0.6983
vn 0.7158 -0.0076 0.6983
vn 0.7157 -0.0075 0.6983
vn 0.7158 -0.0077 0.6983
vn 0.7155 -0.0075 0.6985
vn 0.7155 -0.0076 0.6986
vn 0.7155 -0.0073 0.6985
vn 0.7162 -0.0071 0.6979
vn 0.7160 -0.0071 0.6980
vn 0.7162 -0.0074 0.6979
vn 0.7157 -0.0076 0.6984
vn 0.7157 -0.0075 0.6984
vn 0.7158 -0.0070 0.6983
vn 0.7162 -0.0069 0.6979
vn 0.7161 -0.0070 0.6979
vn 0.7161 -0.0068 0.6980
vn 0.7162 -0.0076 0.6979
vn 0.7159 -0.0069 0.6982
vn 0.7159 -0.0071 0.6981
vn 0.7159 -0.0075 0.6981
vn 0.7157 -0.0070 0.6984
vn 0.7161 -0.0086 0.6979
vn 0.7159 -0.0073 0.6982
vn 0.7158 -0.0071 0.6983
vn 0.7159 -0.0072 0.6982
vn 0.7160 -0.0072 0.6981
vn 0.7159 -0.0072 0.6981
vn 0.7157 -0.0072 0.6983
vn 0.7158 -0.0073 0.6982
vn 0.7158 -0.0092 0.6983
vn 0.7157 -0.0097 0.6983
vn 0.7157 -0.0073 0.6984
vn 0.7157 -0.0074 0.6984
vn -0.2025 0.9595 0.1957
vn -0.2027 0.9593 0.1964
vn -0.2026 0.9594 0.1960
vn -0.5612 0.6070 0.5627
vn -0.5612 0.6067 0.5630
vn -0.5610 0.6071 0.5627
vn -0.5612 0.6070 0.5626
vn -0.0765 0.9947 0.0682
vn -0.0767 0.9947 0.0686
vn -0.0766 0.9947 0.0685
vn -0.0764 0.9948 0.0680
vn -0.2742 0.9231 0.2695
vn -0.2743 0.9230 0.2701
vn -0.2743 0.9230 0.2700
vn 0.4253 0.7922 -0.4377
vn 0.4255 0.7922 -0.4375
vn 0.4251 0.7922 -0.4378
vn 0.4251 0.7921 -0.4381
vn 0.6345 0.4238 -0.6464
vn 0.6344 0.4239 -0.6464
vn 0.6346 0.4238 -0.6463
vn 0.6340 0.4240 -0.6468
vn 0.4689 0.7408 -0.4811
vn 0.4688 0.7409 -0.4809
vn 0.4688 0.7408 -0.4811
vn 0.4688 0.7407 -0.4813
vn -0.3276 0.8868 0.3260
vn -0.3275 0.8867 0.3263
vn -0.3276 0.8867 0.3262
vn -0.3276 0.8868 0.3259
vn 0.6300 0.4367 -0.6421
vn 0.6300 0.4370 -0.6419
vn 0.6302 0.4369 -0.6418
vn 0.6889 -0.1985 -0.6972
vn 0.6887 -0.1987 -0.6973
vn 0.6887 -0.1986 -0.6973
vn 0.6889 -0.1984 -0.6972
vn 0.6677 0.3046 -0.6793
vn 0.6676 0.3048 -0.6793
vn 0.6676 0.3048 -0.6792
vn 0.6676 0.3046 -0.6794
vn 0.6469 -0.3929 -0.6536
vn 0.6469 -0.3927 -0.6537
vn 0.6469 -0.3928 -0.6537
vn 0.6466 -0.3929 -0.6538
vn 0.1660 -0.9729 -0.1612
vn 0.1662 -0.9728 -0.1612
vn 0.1654 -0.9730 -0.1612
vn -0.5109 -0.6819 0.5234
vn -0.5108 -0.6819 0.5235
vn -0.6965 -0.1209 0.7073
vn -0.6963 -0.1208 0.7075
vn -0.3836 -0.8344 0.3957
vn -0.3835 -0.8345 0.3957
vn -0.3835 -0.8343 0.3960
vn -0.3836 -0.8344 0.3958
vn 0.6702 0.2926 -0.6821
vn 0.6701 0.2926 -0.6822
vn 0.6703 0.2926 -0.6820
vn 0.5798 0.5597 -0.5921
vn 0.5796 0.5601 -0.5920
vn 0.5796 0.5600 -0.5920
vn 0.5799 0.5596 -0.5921
vn 0.1422 -0.9804 -0.1365
vn 0.1426 -0.9803 -0.1366
vn 0.1424 -0.9804 -0.1365
vn 0.1420 -0.9804 -0.1364
vn -0.6673 -0.3060 0.6790
vn -0.6672 -0.3060 0.6792
vn -0.6672 -0.3060 0.6791
vn -0.6366 -0.4169 0.6488
vn -0.6365 -0.4170 0.6489
vn -0.6364 -0.4169 0.6489
vn -0.6571 0.3586 0.6630
vn -0.6569 0.3587 0.6632
vn -0.6570 0.3587 0.6631
vn -0.6572 0.3585 0.6629
vn -0.7013 0.0568 0.7106
vn -0.7013 0.0570 0.7106
vn -0.7014 0.0569 0.7105
vn -0.7014 0.0568 0.7105
vn -0.4792 -0.7267 0.4922
vn -0.4787 -0.7271 0.4921
vn -0.4791 -0.7268 0.4921
vn -0.4793 -0.7267 0.4922
vn 0.4256 -0.7993 -0.4242
vn 0.4259 -0.7991 -0.4243
vn 0.4258 -0.7992 -0.4242
vn 0.4256 -0.7993 -0.4241
vn -0.5391 -0.6363 0.5518
vn -0.5388 -0.6365 0.5519
vn -0.5389 -0.6364 0.5519
vn -0.5387 -0.6364 0.5521
vn -0.4219 -0.7953 0.4354
vn -0.4218 -0.7953 0.4354
vn -0.4219 -0.7954 0.4352
vn -0.4219 -0.7952 0.4355
vn -0.6765 -0.2633 0.6878
vn -0.6762 -0.2626 0.6883
vn -0.6762 -0.2628 0.6882
vn -0.6764 -0.2633 0.6879
vn -0.7153 0.0092 -0.6988
vn -0.7155 0.0092 -0.6985
vn -0.7156 0.0092 -0.6984
vn -0.7157 0.0092 -0.6983
vn -0.7154 0.0093 -0.6986
vn -0.7158 0.0092 -0.6983
vn -0.7149 0.0094 -0.6992
vn -0.7149 0.0093 -0.6991
vn -0.7151 0.0093 -0.6990
vn -0.7151 0.0093 -0.6989
vn -0.7156 0.0093 -0.6984
vn -0.7161 0.0089 -0.6980
vn -0.7158 0.0091 -0.6983
vn -0.7160 0.0092 -0.6981
vn -0.7154 0.0093 -0.6987
vn -0.7151 0.0092 -0.6989
vn -0.7151 0.0095 -0.6989
vn -0.7151 0.0094 -0.6990
vn -0.7153 0.0093 -0.6988
vn -0.7155 0.0092 -0.6986
vn -0.7157 0.0091 -0.6983
vn -0.7158 0.0089 -0.6982
vn 0.7154 -0.0091 0.6986
vn 0.7153 -0.0092 0.6988
vn 0.7156 -0.0092 0.6985
vn 0.7155 -0.0092 0.6986
vn 0.7157 -0.0092 0.6984
vn 0.7155 -0.0091 0.6985
vn 0.7151 -0.0093 0.6989
vn 0.7151 -0.0090 0.6989
vn 0.7159 -0.0093 0.6981
vn 0.7156 -0.0092 0.6984
vn 0.7158 -0.0091 0.6982
vn 0.7159 -0.0091 0.6981
vn 0.7156 -0.0091 0.6985
vn 0.7150 -0.0093 0.6991
vn 0.7154 -0.0092 0.6987
vn 0.7155 -0.0096 0.6985
vn 0.7154 -0.0093 0.6987
vn 0.7152 -0.0094 0.6988
vn 0.7154 -0.0092 0.6986
vn 0.7157 -0.0091 0.6984
vn 0.7157 -0.0093 0.6983
vn 0.7160 -0.0092 0.6980
vn 0.7158 -0.0092 0.6982
vn 0.0421 0.9974 -0.0590
vn 0.0419 0.9974 -0.0584
vn 0.0420 0.9974 -0.0586
vn 0.0422 0.9974 -0.0591
vn -0.6015 0.5138 0.6117
vn -0.6017 0.5137 0.6116
vn -0.6016 0.5137 0.6116
vn 0.5062 0.6790 -0.5317
vn 0.5060 0.6793 -0.5316
vn 0.5060 0.6793 -0.5315
vn 0.5061 0.6793 -0.5315
vn -0.1501 0.9787 0.1398
vn -0.1506 0.9786 0.1401
vn -0.1505 0.9786 0.1401
vn -0.1500 0.9788 0.1398
vn 0.6538 0.3352 -0.6784
vn 0.6538 0.3351 -0.6784
vn 0.6538 0.3354 -0.6782
vn 0.2833 -0.9178 -0.2781
vn 0.2834 -0.9177 -0.2783
vn 0.2835 -0.9177 -0.2783
vn 0.5053 0.6806 -0.5305
vn 0.5051 0.6808 -0.5304
vn 0.5052 0.6807 -0.5304
vn 0.5049 0.6809 -0.5305
vn 0.5939 0.5135 -0.6193
vn 0.5939 0.5136 -0.6194
vn 0.5940 0.5134 -0.6193
vn 0.3617 0.8492 -0.3847
vn 0.3616 0.8494 -0.3844
vn 0.3617 0.8493 -0.3846
vn 0.3618 0.8491 -0.3848
vn 0.5151 0.6656 -0.5401
vn 0.5153 0.6656 -0.5399
vn 0.5152 0.6655 -0.5401
vn -0.6046 0.5038 0.6170
vn -0.6046 0.5038 0.6169
vn -0.6047 0.5038 0.6169
vn 0.4969 0.6937 -0.5214
vn 0.4972 0.6935 -0.5214
vn 0.4974 0.6934 -0.5214
vn 0.4971 0.6935 -0.5215
vn 0.6537 0.3356 -0.6783
vn 0.6535 0.3358 -0.6784
vn 0.6536 0.3357 -0.6784
vn 0.6535 0.3358 -0.6783
vn 0.1571 -0.9763 -0.1488
vn 0.1574 -0.9763 -0.1487
vn 0.1567 -0.9763 -0.1489
vn 0.1564 -0.9764 -0.1490
vn -0.6924 0.1160 0.7121
vn -0.6924 0.1159 0.7122
vn -0.6924 0.1162 0.7121
vn -0.6924 0.1161 0.7121
vn -0.5246 -0.6498 0.5501
vn -0.5244 -0.6500 0.5500
vn -0.5246 -0.6498 0.5500
vn -0.5250 -0.6494 0.5502
vn 0.6651 0.2872 -0.6893
vn 0.6651 0.2874 -0.6892
vn 0.6649 0.2872 -0.6895
vn 0.6651 0.2871 -0.6894
vn 0.1378 -0.9821 -0.1282
vn 0.1382 -0.9820 -0.1286
vn 0.1383 -0.9820 -0.1284
vn 0.1377 -0.9822 -0.1282
vn -0.6282 -0.4219 0.6538
vn -0.6283 -0.4218 0.6537
vn -0.6281 -0.4220 0.6538
vn -0.5795 -0.5458 0.6052
vn -0.5795 -0.5458 0.6053
vn -0.5794 -0.5458 0.6053
vn -0.5793 -0.5459 0.6053
vn -0.6921 -0.1020 0.7146
vn -0.6922 -0.1020 0.7144
vn -0.6919 -0.1017 0.7148
vn -0.6921 -0.1021 0.7146
vn -0.6666 0.3001 0.6823
vn -0.6665 0.3004 0.6823
vn -0.6666 0.3004 0.6822
vn -0.6417 -0.3792 0.6667
vn -0.6415 -0.3793 0.6668
vn -0.6416 -0.3792 0.6668
vn -0.3706 -0.8408 0.3947
vn -0.3705 -0.8409 0.3946
vn -0.3706 -0.8408 0.3946
vn -0.3707 -0.8407 0.3947
vn -0.2279 -0.9412 0.2494
vn -0.2272 -0.9414 0.2491
vn -0.2274 -0.9414 0.2492
vn -0.2280 -0.9412 0.2495
vn -0.5313 -0.6382 0.5571
vn -0.5311 -0.6384 0.5571
vn -0.5313 -0.6383 0.5571
vn -0.5309 -0.6386 0.5570
vn -0.6968 0.0011 0.7173
vn -0.6968 0.0012 0.7173
vn -0.6967 0.0013 0.7174
vn -0.6967 0.0012 0.7174
vn -0.1796 0.9690 0.1693
vn -0.1800 0.9689 0.1697
vn -0.1799 0.9689 0.1696
vn -0.1796 0.9691 0.1693
vn -0.5825 0.5581 0.5909
vn -0.5826 0.5577 0.5912
vn -0.5826 0.5579 0.5911
vn -0.5824 0.5586 0.5905
vn -0.7223 0.0069 -0.6916
vn -0.7223 0.0067 -0.6916
vn -0.7222 0.0066 -0.6916
vn -0.7227 0.0068 -0.6911
vn -0.7227 0.0067 -0.6911
vn -0.7221 0.0068 -0.6918
vn -0.7222 0.0067 -0.6917
vn -0.7221 0.0064 -0.6918
vn -0.7221 0.0067 -0.6917
vn -0.7227 0.0068 -0.6912
vn -0.7226 0.0068 -0.6912
vn -0.7226 0.0068 -0.6913
vn -0.7227 0.0066 -0.6911
vn -0.7226 0.0067 -0.6912
vn -0.7228 0.0067 -0.6910
vn -0.7225 0.0068 -0.6913
vn -0.7229 0.0070 -0.6909
vn -0.7225 0.0067 -0.6913
vn -0.7229 0.0068 -0.6909
vn -0.7229 0.0067 -0.6909
vn -0.7230 0.0067 -0.6908
vn -0.7231 0.0065 -0.6907
vn -0.7230 0.0068 -0.6908
vn 0.7222 -0.0068 0.6917
vn 0.7221 -0.0068 0.6918
vn 0.7221 -0.0067 0.6918
vn 0.7225 -0.0067 0.6914
vn 0.7226 -0.0067 0.6913
vn 0.7224 -0.0064 0.6915
vn 0.7218 -0.0067 0.6921
vn 0.7220 -0.0068 0.6919
vn 0.7220 -0.0065 0.6919
vn 0.7222 -0.0068 0.6916
vn 0.7224 -0.0069 0.6914
vn 0.7226 -0.0069 0.6912
vn 0.7225 -0.0069 0.6913
vn 0.7224 -0.0068 0.6914
vn 0.7224 -0.0069 0.6915
vn 0.7225 -0.0070 0.6913
vn 0.7228 -0.0068 0.6910
vn 0.7225 -0.0068 0.6914
vn 0.7226 -0.0070 0.6913
vn 0.7227 -0.0068 0.6912
vn 0.7227 -0.0069 0.6911
vn 0.4825 0.7025 -0.5231
vn 0.4826 0.7025 -0.5230
vn 0.4826 0.7025 -0.5231
vn 0.3178 0.8784 -0.3570
vn 0.3182 0.8783 -0.3569
vn 0.3181 0.8783 -0.3569
vn 0.3180 0.8783 -0.3571
vn 0.6554 0.3054 -0.6908
vn 0.6552 0.3053 -0.6910
vn 0.6553 0.3053 -0.6910
vn 0.6551 0.3055 -0.6910
vn 0.6284 0.4022 -0.6658
vn 0.6283 0.4024 -0.6658
vn 0.6285 0.4022 -0.6658
vn 0.6284 0.4024 -0.6658
vn 0.3781 0.8262 -0.4176
vn 0.3784 0.8262 -0.4173
vn 0.3781 0.8263 -0.4175
vn 0.3783 0.8261 -0.4176
vn -0.5278 0.6624 0.5317
vn -0.5279 0.6623 0.5316
vn -0.5279 0.6623 0.5317
vn -0.5278 0.6626 0.5314
vn 0.3847 0.8200 -0.4238
vn 0.3847 0.8200 -0.4237
vn 0.3849 0.8199 -0.4238
vn 0.6706 0.2305 -0.7051
vn 0.6704 0.2306 -0.7053
vn 0.6703 0.2308 -0.7053
vn 0.6703 0.2311 -0.7052
vn 0.6896 -0.1102 -0.7157
vn 0.6897 -0.1101 -0.7157
vn 0.6896 -0.1103 -0.7157
vn 0.6896 -0.1104 -0.7158
vn 0.6869 0.1050 -0.7191
vn 0.6870 0.1051 -0.7190
vn 0.6870 0.1051 -0.7191
vn 0.6869 0.1053 -0.7190
vn 0.1082 -0.9905 -0.0850
vn 0.1085 -0.9905 -0.0849
vn 0.1079 -0.9905 -0.0851
vn 0.1076 -0.9905 -0.0851
vn -0.5850 0.5527 0.5935
vn -0.5847 0.5526 0.5939
vn -0.5849 0.5527 0.5937
vn -0.5850 0.5528 0.5935
vn -0.3294 0.8890 0.3180
vn -0.3295 0.8889 0.3182
vn -0.3296 0.8889 0.3180
vn -0.3294 0.8891 0.3179
vn -0.6180 -0.4331 0.6561
vn -0.6182 -0.4330 0.6560
vn -0.6181 -0.4331 0.6561
vn 0.3068 -0.9054 -0.2934
vn 0.3075 -0.9050 -0.2939
vn -0.0684 -0.9927 0.0998
vn -0.0686 -0.9926 0.0998
vn 0.6557 -0.3437 -0.6722
vn 0.6566 -0.3386 -0.6740
vn 0.6918 -0.0764 -0.7181
vn 0.6917 -0.0757 -0.7182
vn 0.6928 -0.0108 -0.7210
vn 0.6928 -0.0102 -0.7210
vn 0.6922 0.0187 -0.7215
vn 0.6923 0.0195 -0.7214
vn 0.6918 0.0356 -0.7213
vn 0.6918 0.0355 -0.7212
vn 0.6913 0.0454 -0.7211
vn 0.6913 0.0458 -0.7211
vn 0.6920 0.0280 -0.7214
vn 0.6919 0.0288 -0.7214
vn 0.6928 -0.0143 -0.7209
vn 0.6928 -0.0155 -0.7209
vn 0.6927 -0.0453 -0.7198
vn 0.6925 -0.0466 -0.7199
vn 0.6922 -0.0608 -0.7191
vn 0.6922 -0.0610 -0.7191
vn 0.6918 -0.0702 -0.7187
vn 0.6919 -0.0700 -0.7186
vn 0.6917 -0.0751 -0.7182
vn 0.6917 -0.0753 -0.7182
vn 0.6919 -0.0778 -0.7178
vn 0.6915 -0.0780 -0.7181
vn 0.6916 -0.0783 -0.7180
vn 0.6916 -0.0782 -0.7180
vn 0.1036 -0.9914 -0.0793
vn 0.1039 -0.9914 -0.0794
vn 0.1040 -0.9914 -0.0795
vn 0.1034 -0.9915 -0.0793
vn -0.6502 0.3657 0.6660
vn -0.6501 0.3657 0.6661
vn -0.6500 0.3657 0.6662
vn -0.6855 -0.1238 0.7174
vn -0.6856 -0.1238 0.7174
vn -0.6858 -0.1237 0.7172
vn -0.6180 -0.4335 0.6559
vn -0.6178 -0.4337 0.6559
vn -0.6179 -0.4339 0.6557
vn -0.6178 -0.4338 0.6558
vn -0.6383 0.4100 0.6515
vn -0.6379 0.4102 0.6518
vn -0.6380 0.4103 0.6517
vn -0.6378 0.4102 0.6519
vn -0.6191 -0.4307 0.6566
vn -0.6188 -0.4309 0.6568
vn -0.6187 -0.4310 0.6569
vn -0.6190 -0.4307 0.6567
vn 0.5503 -0.6246 -0.5541
vn 0.5500 -0.6246 -0.5544
vn 0.5501 -0.6246 -0.5543
vn 0.5505 -0.6246 -0.5540
vn -0.6029 -0.4743 0.6416
vn -0.6028 -0.4743 0.6416
vn -0.6028 -0.4742 0.6417
vn -0.6029 -0.4743 0.6415
vn -0.1973 -0.9520 0.2341
vn -0.1971 -0.9521 0.2338
vn -0.1972 -0.9521 0.2338
vn -0.6762 -0.2020 0.7085
vn -0.6758 -0.2018 0.7089
vn -0.6757 -0.2021 0.7089
vn -0.6758 -0.2019 0.7089
vn -0.6912 0.1001 0.7157
vn -0.6912 0.1000 0.7157
vn -0.6913 0.1000 0.7156
vn -0.6911 0.1001 0.7158
vn -0.2836 0.9211 0.2668
vn -0.2840 0.9208 0.2672
vn -0.2840 0.9209 0.2672
vn -0.2835 0.9211 0.2668
vn 0.3434 0.8574 -0.3832
vn 0.3435 0.8575 -0.3831
vn 0.3433 0.8575 -0.3832
vn -0.6762 0.2418 0.6959
vn -0.6761 0.2424 0.6958
vn -0.6761 0.2422 0.6959
vn -0.6759 0.2416 0.6963
vn -0.2205 0.9545 0.2007
vn -0.2210 0.9543 0.2012
vn -0.2208 0.9544 0.2009
vn -0.2204 0.9545 0.2007
vn -0.6761 0.2428 0.6957
vn -0.6758 0.2430 0.6959
vn -0.6761 0.2429 0.6956
vn 0.4029 0.8007 -0.4434
vn 0.4030 0.8006 -0.4433
vn 0.4031 0.8006 -0.4433
vn 0.4030 0.8006 -0.4434
vn -0.7294 0.0041 -0.6841
vn -0.7292 0.0038 -0.6843
vn -0.7294 0.0039 -0.6841
vn -0.7293 0.0039 -0.6842
vn -0.7292 0.0040 -0.6843
vn -0.7291 0.0041 -0.6844
vn -0.7291 0.0040 -0.6844
vn -0.7292 0.0039 -0.6843
vn -0.7293 0.0037 -0.6842
vn -0.7294 0.0038 -0.6841
vn -0.7292 0.0041 -0.6843
vn -0.7295 0.0038 -0.6840
vn -0.7292 0.0037 -0.6843
vn -0.7293 0.0037 -0.6841
vn -0.7293 0.0036 -0.6842
vn -0.7294 0.0036 -0.6841
vn -0.7294 0.0037 -0.6840
vn -0.7292 0.0036 -0.6843
vn -0.7293 0.0038 -0.6842
vn -0.7288 0.0038 -0.6847
vn -0.7294 0.0042 -0.6841
vn 0.7286 -0.0040 0.6849
vn 0.7285 -0.0039 0.6850
vn 0.7287 -0.0039 0.6848
vn 0.7287 -0.0039 0.6849
vn 0.7284 -0.0041 0.6851
vn 0.7284 -0.0041 0.6852
vn 0.7283 -0.0042 0.6852
vn 0.7283 -0.0041 0.6852
vn 0.7285 -0.0039 0.6851
vn 0.7286 -0.0040 0.6850
vn 0.7288 -0.0039 0.6848
vn 0.7286 -0.0036 0.6849
vn 0.7286 -0.0039 0.6850
vn 0.7285 -0.0040 0.6850
vn 0.7286 -0.0037 0.6849
vn 0.7283 -0.0039 0.6852
vn 0.7289 -0.0038 0.6847
vn 0.7283 -0.0042 0.6853
vn 0.7288 -0.0037 0.6847
vn 0.7288 -0.0038 0.6847
vn 0.7287 -0.0038 0.6848
vn 0.7284 -0.0040 0.6851
vn 0.7286 -0.0038 0.6849
vn 0.7286 -0.0039 0.6849
vn 0.7285 -0.0038 0.6850
vn 0.7283 -0.0040 0.6852
vn 0.7285 -0.0042 0.6850
vn 0.6510 -0.3892 -0.6517
vn 0.6513 -0.3892 -0.6514
vn 0.6512 -0.3892 -0.6516
vn 0.5337 0.6296 -0.5646
vn 0.5335 0.6297 -0.5648
vn 0.5335 0.6296 -0.5647
vn 0.5336 0.6295 -0.5648
vn 0.6378 0.3916 -0.6633
vn 0.6378 0.3919 -0.6631
vn 0.6377 0.3918 -0.6631
vn 0.6378 0.3914 -0.6633
vn 0.2048 0.9492 -0.2390
vn 0.2044 0.9494 -0.2383
vn 0.2044 0.9494 -0.2385
vn 0.2046 0.9493 -0.2388
vn 0.6890 -0.2011 -0.6963
vn 0.6886 -0.2017 -0.6965
vn 0.6885 -0.2017 -0.6966
vn 0.6889 -0.2013 -0.6964
vn 0.5300 0.6362 -0.5607
vn 0.5297 0.6364 -0.5608
vn 0.5298 0.6363 -0.5607
vn 0.5296 0.6364 -0.5608
vn 0.6216 0.4401 -0.6480
vn 0.6212 0.4407 -0.6480
vn 0.6213 0.4405 -0.6480
vn 0.6214 0.4401 -0.6481
vn 0.6546 -0.3743 -0.6568
vn 0.6549 -0.3746 -0.6564
vn 0.6547 -0.3743 -0.6567
vn 0.6497 0.3518 -0.6739
vn 0.6497 0.3517 -0.6740
vn 0.4111 0.7963 -0.4437
vn 0.4107 0.7966 -0.4436
vn 0.4109 0.7963 -0.4439
vn 0.0824 -0.9951 -0.0538
vn 0.0827 -0.9951 -0.0537
vn 0.0822 -0.9952 -0.0538
vn 0.0820 -0.9952 -0.0539
vn -0.6361 -0.3967 0.6618
vn -0.6362 -0.3966 0.6617
vn -0.6360 -0.3968 0.6619
vn -0.6362 -0.3967 0.6617
vn 0.0351 -0.9994 -0.0040
vn 0.0354 -0.9994 -0.0042
vn 0.0353 -0.9994 -0.0042
vn 0.0350 -0.9994 -0.0040
vn 0.6999 -0.0088 -0.7142
vn 0.7000 -0.0089 -0.7141
vn 0.7000 -0.0088 -0.7141
vn 0.6782 -0.2703 -0.6833
vn 0.6781 -0.2703 -0.6834
vn 0.6781 -0.2702 -0.6834
vn 0.1772 0.9612 -0.2112
vn 0.1770 0.9614 -0.2109
vn 0.1773 0.9613 -0.2111
vn 0.1772 0.9612 -0.2113
vn 0.0804 -0.9955 -0.0498
vn 0.0806 -0.9955 -0.0497
vn 0.0799 -0.9955 -0.0500
vn 0.0797 -0.9956 -0.0500
vn -0.2377 0.9480 0.2117
vn -0.2375 0.9480 0.2119
vn -0.2375 0.9481 0.2113
vn -0.6720 0.3038 0.6754
vn -0.6719 0.3039 0.6754
vn -0.6717 0.3041 0.6755
vn -0.6717 0.3040 0.6756
vn -0.6747 -0.2454 0.6961
vn -0.6745 -0.2455 0.6963
vn -0.6765 0.2802 0.6810
vn -0.6765 0.2801 0.6811
vn -0.6766 0.2802 0.6810
vn -0.6769 0.2802 0.6806
vn -0.4320 -0.7722 0.4660
vn -0.4322 -0.7722 0.4658
vn -0.4323 -0.7722 0.4657
vn 0.6699 -0.3139 -0.6728
vn 0.6701 -0.3138 -0.6727
vn 0.6700 -0.3141 -0.6727
vn -0.5220 -0.6490 0.5534
vn -0.5221 -0.6490 0.5533
vn -0.5218 -0.6493 0.5533
vn 0.5157 -0.6935 -0.5030
vn 0.5162 -0.6931 -0.5031
vn 0.5156 -0.6936 -0.5031
vn 0.5158 -0.6935 -0.5030
vn -0.5779 -0.5455 0.6070
vn -0.5777 -0.5457 0.6070
vn -0.5778 -0.5457 0.6069
vn -0.5780 -0.5454 0.6070
vn -0.6382 0.4335 0.6362
vn -0.6382 0.4332 0.6365
vn -0.6382 0.4334 0.6363
vn -0.6382 0.4336 0.6362
vn -0.6888 -0.1568 0.7078
vn -0.6891 -0.1566 0.7076
vn -0.6891 -0.1565 0.7076
vn -0.6889 -0.1569 0.7076
vn -0.6525 0.3854 0.6525
vn -0.6525 0.3858 0.6522
vn -0.6525 0.3860 0.6521
vn -0.6525 0.3853 0.6526
vn -0.1364 0.9849 0.1067
vn -0.1370 0.9848 0.1071
vn -0.1369 0.9848 0.1070
vn -0.1365 0.9849 0.1066
vn 0.2959 0.8960 -0.3311
vn 0.2959 0.8960 -0.3312
vn 0.2960 0.8959 -0.3314
vn -0.5803 0.5790 0.5727
vn 0.2056 0.9486 -0.2408
vn 0.2055 0.9487 -0.2404
vn 0.2055 0.9487 -0.2405
vn 0.2057 0.9485 -0.2409
vn -0.3601 0.8692 0.3388
vn -0.3602 0.8691 0.3390
vn -0.3600 0.8692 0.3389
vn -0.3599 0.8694 0.3387
vn 0.6206 0.4425 -0.6473
vn 0.6206 0.4427 -0.6472
vn 0.6206 0.4426 -0.6472
vn -0.2178 0.9571 0.1912
vn -0.2179 0.9570 0.1913
vn -0.2178 0.9571 0.1913
vn 0.6679 0.2785 -0.6902
vn 0.6679 0.2782 -0.6904
vn 0.6679 0.2782 -0.6903
vn 0.6679 0.2787 -0.6901
vn -0.7227 0.0054 -0.6911
vn -0.7228 0.0053 -0.6910
vn -0.7229 0.0054 -0.6909
vn -0.7229 0.0053 -0.6909
vn -0.7231 0.0050 -0.6907
vn -0.7231 0.0050 -0.6908
vn -0.7233 0.0050 -0.6905
vn -0.7231 0.0049 -0.6907
vn -0.7230 0.0051 -0.6908
vn -0.7232 0.0050 -0.6906
vn -0.7228 0.0050 -0.6910
vn -0.7231 0.0049 -0.6908
vn -0.7229 0.0051 -0.6910
vn -0.7229 0.0051 -0.6909
vn -0.7230 0.0053 -0.6908
vn -0.7230 0.0052 -0.6908
vn -0.7232 0.0051 -0.6906
vn -0.7232 0.0049 -0.6906
vn -0.7233 0.0050 -0.6906
vn -0.7232 0.0050 -0.6907
vn -0.7228 0.0049 -0.6911
vn -0.7232 0.0049 -0.6907
vn -0.7233 0.0046 -0.6905
vn -0.7231 0.0051 -0.6907
vn -0.7231 0.0053 -0.6907
vn 0.7220 -0.0055 0.6919
vn 0.7219 -0.0059 0.6919
vn 0.7220 -0.0058 0.6919
vn 0.7219 -0.0055 0.6920
vn 0.7221 -0.0051 0.6918
vn 0.7220 -0.0053 0.6919
vn 0.7224 -0.0052 0.6914
vn 0.7223 -0.0051 0.6915
vn 0.7222 -0.0051 0.6917
vn 0.7222 -0.0052 0.6916
vn 0.7223 -0.0051 0.6916
vn 0.7219 -0.0050 0.6920
vn 0.7220 -0.0052 0.6919
vn 0.7219 -0.0052 0.6920
vn 0.7221 -0.0052 0.6917
vn 0.7221 -0.0052 0.6918
vn 0.7222 -0.0052 0.6917
vn 0.7223 -0.0050 0.6915
vn 0.7223 -0.0049 0.6915
vn 0.7224 -0.0050 0.6914
vn 0.7221 -0.0051 0.6917
vn 0.7219 -0.0051 0.6920
vn 0.7223 -0.0050 0.6916
vn 0.7219 -0.0051 0.6919
vn 0.7220 -0.0051 0.6919
vn 0.7223 -0.0049 0.6916
vn 0.7222 -0.0051 0.6916
vn 0.7221 -0.0050 0.6917
vn 0.7222 -0.0055 0.6917
vn -0.2251 0.9458 0.2341
vn -0.2252 0.9457 0.2344
vn -0.2254 0.9457 0.2343
vn -0.2250 0.9458 0.2340
vn 0.1994 0.9620 -0.1863
vn 0.1991 0.9622 -0.1861
vn 0.1992 0.9621 -0.1862
vn 0.1995 0.9620 -0.1863
vn 0.5389 0.6575 -0.5266
vn 0.5389 0.6576 -0.5265
vn 0.6908 0.2396 -0.6822
vn 0.6910 0.2394 -0.6820
vn 0.6910 0.2395 -0.6821
vn 0.6653 -0.3420 -0.6637
vn 0.6654 -0.3419 -0.6635
vn 0.6653 -0.3420 -0.6636
vn 0.6651 -0.3421 -0.6637
vn 0.7016 0.1631 -0.6937
vn 0.7017 0.1634 -0.6935
vn 0.7015 0.1631 -0.6937
vn 0.7017 0.1631 -0.6936
vn 0.6386 -0.4301 -0.6381
vn 0.6387 -0.4302 -0.6380
vn 0.6387 -0.4301 -0.6380
vn 0.5419 0.6525 -0.5297
vn 0.5420 0.6525 -0.5296
vn -0.5210 0.6737 0.5241
vn -0.5209 0.6736 0.5244
vn -0.5208 0.6736 0.5244
vn -0.5208 0.6738 0.5242
vn 0.2993 0.9104 -0.2858
vn 0.2990 0.9105 -0.2856
vn 0.2988 0.9105 -0.2857
vn 0.2989 0.9105 -0.2858
vn 0.5634 0.6156 -0.5511
vn 0.5630 0.6158 -0.5512
vn 0.5631 0.6157 -0.5512
vn 0.5635 0.6155 -0.5510
vn 0.6493 0.4128 -0.6388
vn 0.6492 0.4129 -0.6388
vn 0.6494 0.4127 -0.6387
vn 0.6271 0.4768 -0.6160
vn 0.6270 0.4768 -0.6161
vn 0.1965 -0.9588 -0.2050
vn 0.1967 -0.9588 -0.2048
vn 0.1960 -0.9589 -0.2053
vn 0.1953 -0.9590 -0.2056
vn -0.6388 -0.4441 0.6283
vn -0.6387 -0.4441 0.6283
vn -0.6388 -0.4440 0.6283
vn -0.3609 -0.8649 0.3488
vn -0.3605 -0.8651 0.3488
vn -0.3608 -0.8650 0.3488
vn -0.3608 -0.8649 0.3488
vn -0.0130 -0.9999 0.0036
vn -0.0126 -0.9999 0.0035
vn -0.0128 -0.9999 0.0035
vn -0.0133 -0.9999 0.0036
vn 0.6766 -0.2999 -0.6725
vn 0.6767 -0.2997 -0.6725
vn 0.6767 -0.2998 -0.6725
vn 0.6766 -0.3000 -0.6725
vn 0.0030 -0.9999 -0.0118
vn 0.0035 -0.9999 -0.0122
vn 0.0034 -0.9999 -0.0121
vn 0.0029 -0.9999 -0.0118
vn -0.5586 -0.6229 0.5476
vn -0.5585 -0.6232 0.5475
vn -0.5585 -0.6232 0.5474
vn -0.5588 -0.6230 0.5473
vn -0.2989 -0.9097 0.2882
vn -0.2984 -0.9099 0.2882
vn -0.2987 -0.9098 0.2882
vn -0.2992 -0.9096 0.2883
vn -0.7094 -0.0691 0.7014
vn -0.7095 -0.0691 0.7013
vn -0.7093 -0.0691 0.7015
vn -0.6769 -0.3104 0.6674
vn -0.6770 -0.3104 0.6673
vn -0.6770 -0.3104 0.6674
vn -0.6659 0.3447 0.6616
vn -0.6659 0.3445 0.6617
vn -0.6660 0.3449 0.6615
vn -0.6659 0.3449 0.6616
vn -0.0022 0.9999 0.0103
vn -0.0026 0.9999 0.0109
vn -0.0025 0.9999 0.0108
vn -0.0022 0.9999 0.0102
vn 0.0943 0.9919 -0.0851
vn 0.0940 0.9920 -0.0846
vn 0.0940 0.9920 -0.0847
vn 0.0944 0.9919 -0.0851
vn -0.1470 0.9771 0.1539
vn -0.1474 0.9769 0.1544
vn -0.1473 0.9770 0.1544
vn -0.1469 0.9771 0.1538
vn -0.7091 0.0589 0.7026
vn -0.7091 0.0588 0.7027
vn -0.7091 0.0588 0.7026
vn -0.7092 0.0589 0.7026
vn -0.6219 -0.4894 0.6113
vn -0.6220 -0.4892 0.6114
vn -0.6219 -0.4892 0.6115
vn -0.7093 0.0581 0.7025
vn -0.7092 0.0578 0.7026
vn -0.7093 0.0578 0.7026
vn -0.7094 0.0581 0.7024
vn -0.6608 0.3622 0.6574
vn -0.6607 0.3623 0.6575
vn -0.6607 0.3621 0.6575
vn -0.6609 0.3621 0.6573
vn -0.5803 0.5720 0.5797
vn -0.5804 0.5719 0.5798
vn -0.5802 0.5722 0.5796
vn -0.5802 0.5721 0.5797
vn 0.6712 -0.3227 -0.6674
vn 0.6712 -0.3227 -0.6673
vn 0.6711 -0.3227 -0.6674
vn 0.6708 -0.3229 -0.6677
vn 0.7038 0.1457 -0.6953
vn 0.7037 0.1458 -0.6953
vn 0.7036 0.1458 -0.6955
vn 0.7039 0.1457 -0.6952
vn -0.2328 0.9426 0.2393
vn -0.2328 0.9426 0.2395
vn -0.2331 0.9426 0.2391
vn -0.2330 0.9426 0.2391
vn -0.6346 0.4442 0.6325
vn -0.6346 0.4441 0.6325
vn -0.6345 0.4442 0.6326
vn -0.7009 -0.1715 0.6924
vn -0.7007 -0.1716 0.6925
vn -0.7008 -0.1715 0.6924
vn -0.5071 -0.7056 0.4950
vn -0.5070 -0.7056 0.4950
vn -0.5067 -0.7057 0.4952
vn 0.0632 -0.9955 -0.0710
vn 0.0630 -0.9955 -0.0713
vn -0.4798 0.7335 0.4813
vn -0.4795 0.7337 0.4815
vn -0.4801 0.7334 0.4812
vn -0.4800 0.7335 0.4812
vn -0.0836 0.9923 0.0916
vn -0.0836 0.9923 0.0917
vn -0.0836 0.9923 0.0915
vn -0.0836 0.9923 0.0912
vn 0.3022 0.9077 -0.2910
vn 0.3024 0.9077 -0.2909
vn 0.3019 0.9078 -0.2910
vn 0.3025 0.9076 -0.2911
vn 0.5574 0.6260 -0.5454
vn 0.5572 0.6261 -0.5454
vn 0.5570 0.6261 -0.5456
vn 0.7093 0.0675 -0.7017
vn 0.7092 0.0674 -0.7018
vn 0.7094 0.0676 -0.7016
vn 0.7096 0.0677 -0.7014
vn 0.6388 -0.4327 -0.6362
vn 0.6385 -0.4329 -0.6363
vn 0.6386 -0.4328 -0.6363
vn 0.6384 -0.4329 -0.6364
vn 0.7103 -0.0271 -0.7034
vn 0.7102 -0.0268 -0.7035
vn 0.7103 -0.0267 -0.7034
vn 0.7103 -0.0265 -0.7034
vn -0.0495 0.9971 0.0584
vn -0.0498 0.9970 0.0589
vn -0.0498 0.9970 0.0588
vn -0.0495 0.9971 0.0583
vn -0.2659 0.9248 0.2722
vn -0.2658 0.9246 0.2728
vn -0.2660 0.9246 0.2725
vn -0.2658 0.9248 0.2721
vn -0.6299 0.4564 0.6285
vn -0.6299 0.4562 0.6286
vn -0.6300 0.4562 0.6285
vn -0.6298 0.4565 0.6285
vn -0.3943 0.8278 0.3991
vn -0.3946 0.8275 0.3994
vn -0.3945 0.8276 0.3993
vn -0.3942 0.8279 0.3991
vn -0.2479 0.9345 0.2553
vn -0.2478 0.9345 0.2556
vn -0.2478 0.9345 0.2555
vn -0.2476 0.9347 0.2551
vn -0.6212 0.4786 0.6206
vn -0.6211 0.4785 0.6207
vn -0.6212 0.4786 0.6205
vn -0.2872 0.9114 0.2948
vn -0.2873 0.9113 0.2951
vn -0.2872 0.9115 0.2945
vn -0.7094 -0.0581 0.7024
vn -0.7050 0.0106 -0.7092
vn -0.7050 0.0107 -0.7091
vn -0.7050 0.0106 -0.7091
vn -0.7050 0.0108 -0.7092
vn -0.7050 0.0109 -0.7092
vn -0.7050 0.0103 -0.7091
vn -0.7049 0.0102 -0.7092
vn -0.7051 0.0106 -0.7090
vn -0.7051 0.0107 -0.7090
vn -0.7048 0.0108 -0.7093
vn -0.7050 0.0105 -0.7091
vn -0.7050 0.0107 -0.7092
vn -0.6244 0.4643 -0.6282
vn -0.7049 0.0107 -0.7092
vn -0.7052 0.0106 -0.7090
vn -0.7049 0.0106 -0.7092
vn -0.8393 0.4568 -0.2949
vn -0.7505 0.4242 -0.5067
vn -0.7720 0.3315 -0.5424
vn -0.7044 0.3500 -0.6176
vn -0.7052 0.0106 -0.7089
vn -0.7049 0.0107 -0.7093
vn -0.7049 0.0108 -0.7092
vn -0.7053 0.0107 -0.7088
vn -0.7052 0.0105 -0.7089
vn -0.7052 0.0107 -0.7089
vn -0.7046 0.0107 -0.7095
vn -0.7049 0.0108 -0.7093
vn -0.7047 0.0107 -0.7094
vn -0.7049 0.0110 -0.7093
vn -0.7048 0.0106 -0.7093
vn 0.7047 -0.0107 0.7094
vn 0.7048 -0.0107 0.7094
vn 0.7050 -0.0107 0.7091
vn 0.7048 -0.0107 0.7093
vn 0.7047 -0.0108 0.7094
vn 0.7050 -0.0107 0.7092
vn 0.7049 -0.0107 0.7092
vn 0.7050 -0.0106 0.7091
vn 0.7051 -0.0107 0.7090
vn 0.6331 0.4393 0.6374
vn 0.7050 -0.0106 0.7092
vn 0.7051 -0.0105 0.7090
vn 0.7051 -0.0106 0.7090
vn 0.7051 -0.0106 0.7091
vn 0.7049 -0.0106 0.7093
vn 0.3063 0.4318 0.8484
vn 0.5143 0.3959 0.7608
vn 0.5463 0.3046 0.7803
vn 0.6216 0.3265 0.7120
vn 0.7054 -0.0106 0.7088
vn 0.7048 -0.0105 0.7093
vn 0.7048 -0.0105 0.7094
vn 0.7051 -0.0105 0.7091
vn 0.7052 -0.0106 0.7090
vn 0.7052 -0.0107 0.7089
vn 0.7051 -0.0107 0.7091
vn 0.7049 -0.0107 0.7093
vn 0.7049 -0.0111 0.7093
vn 0.7047 -0.0110 0.7095
vn 0.7046 -0.0107 0.7095
vn 0.7046 -0.0108 0.7095
vn -0.0316 0.9990 0.0315
vn -0.0316 0.9990 0.0316
vn 0.3766 0.8463 -0.3767
vn 0.3765 0.8464 -0.3766
vn 0.6418 0.4199 -0.6418
vn 0.6417 0.4201 -0.6417
vn 0.7065 -0.0419 -0.7065
vn 0.7065 -0.0417 -0.7065
vn 0.5700 -0.5917 -0.5701
vn 0.5700 -0.5918 -0.5700
vn 0.7020 -0.1191 -0.7021
vn 0.7020 -0.1192 -0.7021
vn 0.5273 -0.6663 -0.5273
vn 0.6437 0.4137 -0.6438
vn 0.6437 0.4140 -0.6436
vn -0.3677 0.8542 0.3676
vn -0.3674 0.8544 0.3674
vn -0.3676 0.8543 0.3676
vn 0.4618 0.7573 -0.4618
vn 0.6569 0.3701 -0.6569
vn 0.7000 0.1414 -0.7000
vn 0.7000 0.1416 -0.7000
vn 0.6911 0.2116 -0.6911
vn 0.6911 0.2117 -0.6910
vn 0.0012 -1.0000 -0.0014
vn 0.0012 -1.0000 -0.0013
vn -0.6961 -0.1756 0.6961
vn -0.6961 -0.1757 0.6961
vn -0.5123 -0.6894 0.5121
vn -0.5121 -0.6895 0.5121
vn -0.5120 -0.6896 0.5121
vn -0.2062 -0.9566 0.2061
vn -0.2062 -0.9565 0.2062
vn -0.2063 -0.9565 0.2062
vn 0.5882 -0.5548 -0.5884
vn 0.5883 -0.5547 -0.5884
vn 0.5884 -0.5545 -0.5885
vn 0.5882 -0.5549 -0.5883
vn -0.1910 -0.9629 0.1906
vn -0.1906 -0.9630 0.1905
vn -0.1907 -0.9630 0.1905
vn -0.6542 -0.3793 0.6543
vn -0.6544 -0.3793 0.6541
vn -0.6540 -0.3795 0.6543
vn -0.4617 -0.7574 0.4617
vn -0.4615 -0.7575 0.4617
vn -0.4616 -0.7575 0.4617
vn -0.4617 -0.7575 0.4615
vn -0.6908 0.2126 0.6911
vn -0.6908 0.2127 0.6910
vn -0.6908 0.2130 0.6910
vn -0.7066 -0.0321 0.7069
vn -0.7066 -0.0324 0.7068
vn -0.7066 -0.0323 0.7069
vn -0.7066 -0.0325 0.7068
vn -0.5691 0.5933 0.5693
vn -0.5691 0.5934 0.5693
vn -0.5692 0.5931 0.5694
vn 0.1912 0.9627 -0.1912
vn 0.1912 0.9627 -0.1913
vn 0.2819 0.9171 -0.2820
vn 0.2821 0.9169 -0.2822
vn 0.2819 0.9170 -0.2820
vn 0.0486 0.9976 -0.0487
vn 0.0487 0.9976 -0.0487
vn -0.6662 0.3356 0.6660
vn -0.6659 0.3360 0.6661
vn -0.6661 0.3356 0.6660
vn -0.6066 0.5138 0.6067
vn 0.4636 0.7550 -0.4637
vn 0.1459 0.9785 -0.1459
vn 0.1460 0.9784 -0.1460
vn 0.1459 0.9785 -0.1460
vn -0.0746 0.9944 0.0746
vn -0.5136 0.6873 0.5136
vn -0.5136 0.6874 0.5136
vn -0.2161 0.9522 0.2161
vn -0.0647 0.9958 0.0647
vn -0.0545 0.9969 0.0567
vn -0.0642 0.9959 0.0643
vn -0.5010 0.7057 0.5010
vn -0.5011 0.7057 0.5010
vn -0.0974 0.9905 0.0974
vn -0.6892 0.2234 0.6893
vn -0.6893 0.2232 0.6892
vn -0.6892 0.2237 0.6892
vn 0.0008 -0.0722 0.9974
vn -0.1344 0.0267 0.9906
vn -0.1210 0.0195 0.9925
vn 0.2009 -0.0699 0.9771
vn 0.1242 -0.1100 0.9861
vn 0.0302 -0.0560 0.9980
vn -0.1042 0.0319 0.9940
vn -0.1132 0.0695 0.9911
vn 0.3383 0.3265 0.8826
vn -0.0461 0.9965 0.0693
vn -0.0949 0.9934 0.0648
vn 0.3185 0.5539 0.7692
vn -0.1765 0.0395 0.9835
vn -0.1615 0.0080 0.9868
vn -0.1315 0.0319 0.9908
vn -0.1688 0.0045 0.9856
vn -0.1148 0.1783 0.9773
vn 0.0439 -0.0461 0.9980
vn -0.0861 -0.0233 0.9960
vn 0.5804 -0.0856 0.8098
vn 0.5808 -0.0917 0.8089
vn 0.5343 -0.0729 0.8421
vn 0.6059 -0.0781 0.7917
vn -0.1779 0.0346 0.9834
vn -0.1791 0.0092 0.9838
vn -0.1822 -0.0123 0.9832
vn -0.1333 -0.0096 0.9910
vn -0.0790 0.0862 0.9931
vn -0.0258 0.0213 0.9994
vn -0.1049 -0.0485 0.9933
vn 0.0669 -0.0181 0.9976
vn 0.0935 -0.0216 0.9954
vn 0.1352 -0.0171 0.9907
vn 0.2283 -0.0428 0.9726
vn 0.3941 -0.0798 0.9156
vn 0.3232 -0.0237 0.9460
vn 0.5743 -0.0451 0.8174
vn 0.6380 -0.0589 0.7678
vn 0.5838 0.0580 0.8098
vn 0.6433 -0.0263 0.7651
vn 0.6381 0.0012 0.7700
vn 0.6644 -0.0339 0.7466
vn 0.6609 -0.0094 0.7504
vn -0.9909 0.0273 0.1321
vn -0.9972 -0.0744 -0.0037
vn -0.9934 0.0105 0.1141
vn -0.9823 -0.1150 -0.1482
vn -0.9710 -0.0930 -0.2204
vn -0.9961 -0.0822 -0.0310
vn -0.9957 0.0232 0.0891
vn -0.9966 -0.0629 -0.0532
vn -0.8801 0.3111 -0.3587
vn -0.7811 0.5232 -0.3408
vn -0.9905 0.0074 0.1375
vn -0.9875 0.0383 0.1526
vn -0.9937 0.0304 0.1075
vn -0.9890 0.0014 0.1481
vn -0.9934 0.0685 0.0923
vn -0.9845 0.1462 0.0974
vn -0.9966 -0.0481 -0.0671
vn -0.8057 -0.1183 -0.5804
vn -0.8067 -0.1125 -0.5801
vn -0.8370 -0.0949 -0.5389
vn -0.7885 -0.1012 -0.6067
vn -0.9875 0.0340 0.1541
vn -0.9878 0.0089 0.1552
vn -0.9873 -0.0129 0.1586
vn -0.9940 -0.0103 0.1085
vn -0.9951 0.0824 0.0545
vn -0.9999 -0.0132 0.0044
vn -0.9954 -0.0507 0.0812
vn -0.9973 -0.0257 0.0682
vn -0.9922 -0.0390 -0.1181
vn -0.9864 -0.0340 -0.1607
vn -0.9646 -0.0625 -0.2563
vn -0.9082 -0.0968 -0.4072
vn -0.9396 -0.0429 -0.3395
vn -0.8036 -0.0691 -0.5911
vn -0.7647 -0.0819 -0.6392
vn -0.8075 0.0315 -0.5891
vn -0.7624 -0.0502 -0.6451
vn -0.7683 -0.0202 -0.6398
vn -0.7451 -0.0544 -0.6647
vn -0.7494 -0.0294 -0.6614
vn -0.0529 0.9971 0.0554
vn -0.0213 -0.0753 0.9969
vt 0.014100 1.000000
vt 0.014100 0.000000
vt 0.000000 0.000000
vt 0.000000 1.000000
vt 0.036400 1.000000
vt 0.036400 0.000000
vt 0.054200 1.000000
vt 0.054200 0.000000
vt 0.084300 1.000000
vt 0.084300 0.000000
vt 0.104700 1.000000
vt 0.104700 0.000000
vt 0.126600 1.000000
vt 0.126600 0.000000
vt 0.135100 1.000000
vt 0.135100 0.000000
vt 0.161000 1.000000
vt 0.161000 0.000000
vt 0.170200 1.000000
vt 0.170200 0.000000
vt 0.201700 1.000000
vt 0.201700 0.000000
vt 0.216000 1.000000
vt 0.216000 0.000000
vt 0.222700 1.000000
vt 0.222700 0.000000
vt 0.258100 1.000000
vt 0.258100 0.000000
vt 0.265200 1.000000
vt 0.265200 0.000000
vt 0.278800 1.000000
vt 0.278800 0.000000
vt 0.311300 1.000000
vt 0.311300 0.000000
vt 0.347900 1.000000
vt 0.347900 0.000000
vt 0.362800 1.000000
vt 0.362800 0.000000
vt 0.378900 1.000000
vt 0.378900 0.000000
vt 0.392600 1.000000
vt 0.392600 0.000000
vt 0.471500 1.000000
vt 0.471500 0.000000
vt 0.523900 1.000000
vt 0.523900 0.000000
vt 0.538600 1.000000
vt 0.538600 0.000000
vt 0.598900 1.000000
vt 0.598900 0.000000
vt 0.636900 1.000000
vt 0.636900 0.000000
vt 0.731900 1.000000
vt 0.731900 0.000000
vt 0.758800 1.000000
vt 0.758800 0.000000
vt 0.793700 1.000000
vt 0.793700 0.000000
vt 0.820700 1.000000
vt 0.820700 0.000000
vt 0.842300 1.000000
vt 0.842300 0.000000
vt 0.855500 1.000000
vt 0.855500 0.000000
vt 0.908400 1.000000
vt 0.908400 0.000000
vt 0.923200 1.000000
vt 0.923200 0.000000
vt 0.932600 1.000000
vt 0.932600 0.000000
vt 0.941100 1.000000
vt 0.941100 0.000000
vt 0.959700 1.000000
vt 0.959700 0.000000
vt 0.989700 1.000000
vt 0.989700 0.000000
vt 1.000000 1.000000
vt 1.000000 0.000000
vt 0.268300 0.418600
vt 0.296500 0.404400
vt 0.330400 0.448400
vt 0.615000 1.000000
vt 0.532700 0.941600
vt 0.651200 0.954900
vt 0.868000 0.646300
vt 1.000000 0.817600
vt 0.816800 0.679200
vt 0.000000 0.252800
vt 0.024600 0.119000
vt 0.169600 0.243300
vt 0.094900 0.095100
vt 0.383000 0.680100
vt 0.413400 0.656900
vt 0.479100 0.723500
vt 0.601600 0.006200
vt 0.800800 0.001000
vt 0.652700 0.225400
vt 0.858700 0.348800
vt 0.689500 0.981800
vt 0.792000 0.898300
vt 0.167500 0.310700
vt 0.192100 0.291000
vt 0.317200 0.589800
vt 0.348200 0.563700
vt 0.529200 0.876100
vt 0.530700 0.001200
vt 0.596300 0.188600
vt 0.117600 0.000000
vt 0.070700 0.038300
vt 0.817600 0.443700
vt 0.691200 0.536600
vt 0.724700 0.633000
vt 0.964800 0.866400
vt 0.915900 0.869400
vt 0.429200 0.790000
vt 0.889400 0.894400
vt 0.011900 1.000000
vt 0.011900 0.000000
vt 0.025200 1.000000
vt 0.025200 0.000000
vt 0.038400 1.000000
vt 0.038400 0.000000
vt 0.044100 1.000000
vt 0.044100 0.000000
vt 0.063000 1.000000
vt 0.063000 0.000000
vt 0.075000 1.000000
vt 0.075000 0.000000
vt 0.085600 1.000000
vt 0.085600 0.000000
vt 0.104500 1.000000
vt 0.104500 0.000000
vt 0.129300 1.000000
vt 0.129300 0.000000
vt 0.151500 1.000000
vt 0.151500 0.000000
vt 0.165100 1.000000
vt 0.165100 0.000000
vt 0.187900 1.000000
vt 0.187900 0.000000
vt 0.195400 1.000000
vt 0.195400 0.000000
vt 0.212200 1.000000
vt 0.212200 0.000000
vt 0.230500 1.000000
vt 0.230500 0.000000
vt 0.240900 1.000000
vt 0.240900 0.000000
vt 0.259800 1.000000
vt 0.259800 0.000000
vt 0.277400 1.000000
vt 0.277400 0.000000
vt 0.288100 1.000000
vt 0.288100 0.000000
vt 0.330000 1.000000
vt 0.330000 0.000000
vt 0.345600 1.000000
vt 0.345600 0.000000
vt 0.363100 1.000000
vt 0.363100 0.000000
vt 0.394400 1.000000
vt 0.394400 0.000000
vt 0.403300 1.000000
vt 0.403300 0.000000
vt 0.432800 1.000000
vt 0.432800 0.000000
vt 0.443900 1.000000
vt 0.443900 0.000000
vt 0.454800 1.000000
vt 0.454800 0.000000
vt 0.478700 1.000000
vt 0.478700 0.000000
vt 0.543300 1.000000
vt 0.543300 0.000000
vt 0.551500 1.000000
vt 0.551500 0.000000
vt 0.621900 1.000000
vt 0.621900 0.000000
vt 0.637100 1.000000
vt 0.637100 0.000000
vt 0.687000 1.000000
vt 0.687000 0.000000
vt 0.720600 1.000000
vt 0.720600 0.000000
vt 0.817300 1.000000
vt 0.817300 0.000000
vt 0.864600 1.000000
vt 0.864600 0.000000
vt 0.905700 1.000000
vt 0.905700 0.000000
vt 0.926900 1.000000
vt 0.926900 0.000000
vt 0.944800 1.000000
vt 0.944800 0.000000
vt 0.967700 1.000000
vt 0.967700 0.000000
vt 0.980400 1.000000
vt 0.980400 0.000000
vt 0.000000 0.001900
vt 0.356900 0.000000
vt 0.124400 0.033800
vt 0.056600 0.283600
vt 0.149500 0.303700
vt 0.087800 0.340100
vt 0.561000 1.000000
vt 0.540700 0.904400
vt 0.639100 0.951300
vt 0.873800 0.641200
vt 0.924300 0.701400
vt 0.820000 0.714400
vt 0.063100 0.074900
vt 0.124400 0.076400
vt 0.113600 0.184000
vt 0.674600 0.984500
vt 0.710800 0.945300
vt 0.814800 0.939100
vt 0.803000 0.918400
vt 0.271100 0.440400
vt 0.067400 0.196400
vt 0.307300 0.602500
vt 0.348300 0.574000
vt 0.386900 0.646800
vt 0.932000 0.790700
vt 0.361900 0.032100
vt 0.567700 0.033600
vt 0.753200 0.028000
vt 0.600900 0.227100
vt 0.828700 0.401600
vt 0.548000 0.273100
vt 0.252200 0.480000
vt 0.344900 0.500500
vt 0.413100 0.727700
vt 0.434800 0.702800
vt 0.520400 0.774300
vt 1.000000 0.802400
vt 0.984200 0.878200
vt 0.918900 0.882900
vt 0.721600 0.569600
vt 0.875500 0.924700
vt 0.494000 0.823900
vt 0.123400 0.999500
vt 0.123400 0.000500
vt 0.077100 0.000500
vt 0.077100 0.999500
vt 0.235200 0.999500
vt 0.235200 0.000500
vt 0.331600 0.999500
vt 0.331600 0.000500
vt 0.520100 0.999500
vt 0.520100 0.000500
vt 0.687200 0.999500
vt 0.687200 0.000500
vt 0.651100 0.000500
vt 0.651100 0.999500
vt 0.664700 0.999500
vt 0.664700 0.000500
vt 0.484500 0.000500
vt 0.484500 0.999500
vt 0.734800 0.999500
vt 0.734800 0.000500
vt 0.999500 0.999500
vt 0.999500 0.000500
vt 0.868200 0.000500
vt 0.868200 0.999500
vt 0.612100 0.999500
vt 0.612100 0.000500
vt 0.320900 0.000500
vt 0.320900 0.999500
vt 0.652900 0.999500
vt 0.652900 0.000500
vt 0.955600 0.999500
vt 0.955600 0.000500
vt 0.869700 0.999500
vt 0.869700 0.000500
vt 0.071500 0.000500
vt 0.071500 0.999500
vt 0.137900 0.999500
vt 0.137900 0.000500
vt 0.015600 0.000500
vt 0.015600 0.999500
vt 0.337200 0.999500
vt 0.337200 0.000500
vt 0.924600 0.999500
vt 0.924600 0.000500
vt 0.836900 0.000500
vt 0.836900 0.999500
vt 0.391600 0.999500
vt 0.391600 0.000500
vt 0.302900 0.000500
vt 0.302900 0.999500
vt 0.932000 0.000500
vt 0.932000 0.999500
vt 0.448200 0.999500
vt 0.448200 0.000500
vt 0.397100 0.000500
vt 0.397100 0.999500
vt 0.137400 0.999500
vt 0.137400 0.000500
vt 0.015900 0.000500
vt 0.015900 0.999500
vt 0.550000 0.999500
vt 0.550000 0.000500
vt 0.513500 0.000500
vt 0.513500 0.999500
vt 0.583700 0.999500
vt 0.583700 0.000500
vt 0.177800 0.999500
vt 0.177800 0.000500
vt 0.140700 0.000500
vt 0.140700 0.999500
vt 0.631300 0.999500
vt 0.631300 0.000500
vt 0.592500 0.000500
vt 0.592500 0.999500
vt 0.399400 0.999500
vt 0.399400 0.000500
vt 0.368700 0.000500
vt 0.368700 0.999500
vt 0.290500 0.999500
vt 0.290500 0.000500
vt 0.237500 0.000500
vt 0.237500 0.999500
vt 0.489000 0.999500
vt 0.489000 0.000500
vt 0.427800 0.000500
vt 0.427800 0.999500
vt 0.371100 0.999500
vt 0.371100 0.000500
vt 0.311000 0.000500
vt 0.311000 0.999500
vt 0.506500 0.000500
vt 0.506500 0.999500
vt 0.639800 0.999500
vt 0.639800 0.000500
vt 0.747600 0.999500
vt 0.747600 0.000500
vt 0.548700 0.999500
vt 0.548700 0.000500
vt 0.513900 0.000500
vt 0.513900 0.999500
vt 0.799200 0.999500
vt 0.799200 0.000500
vt 0.764200 0.000500
vt 0.764200 0.999500
vt 0.837000 0.999500
vt 0.837000 0.000500
vt 0.889000 0.999500
vt 0.889000 0.000500
vt 0.950300 0.999500
vt 0.950300 0.000500
vt 0.975800 0.999500
vt 0.975800 0.000500
vt 0.522000 0.999500
vt 0.522000 0.000500
vt 0.488700 0.000500
vt 0.488700 0.999500
vt 0.601600 0.999500
vt 0.601600 0.000500
vt 0.654400 0.999500
vt 0.654400 0.000500
vt 0.038600 0.000500
vt 0.038600 0.999500
vt 0.925100 0.302700
vt 0.932500 0.391500
vt 0.837200 0.337000
vt 0.792200 0.631400
vt 0.762800 0.600700
vt 0.822500 0.592600
vt 1.000000 0.397000
vt 0.984600 0.448100
vt 0.863000 0.513500
vt 0.345400 0.961800
vt 0.375100 0.923300
vt 0.398300 0.992200
vt 0.870100 0.015100
vt 0.896500 0.137500
vt 0.071000 0.000000
vt 0.131400 0.735000
vt 0.000000 0.679300
vt 0.188300 0.664900
vt 0.004200 0.387800
vt 0.312600 0.484400
vt 0.044800 0.346900
vt 0.511300 0.976200
vt 0.478000 1.000000
vt 0.499200 0.950700
vt 0.027100 0.043900
vt 0.348800 0.479800
vt 0.548700 0.764500
vt 0.547900 0.799500
vt 0.514000 0.747800
vt 0.553700 0.889400
vt 0.354200 0.876900
vt 0.373000 0.765100
vt 0.569200 0.837400
vt 0.336000 0.668600
vt 0.573500 0.639900
vt 0.568800 0.592600
vt 0.629000 0.506500
vt 0.689200 0.511000
vt 0.709700 0.572300
vt 0.879600 0.550100
vt 0.859700 0.583800
vt 0.015600 1.000000
vt 0.015600 0.000000
vt 0.029900 1.000000
vt 0.029900 0.000000
vt 0.064300 1.000000
vt 0.064300 0.000000
vt 0.078000 1.000000
vt 0.078000 0.000000
vt 0.140200 1.000000
vt 0.140200 0.000000
vt 0.207600 1.000000
vt 0.207600 0.000000
vt 0.293900 1.000000
vt 0.293900 0.000000
vt 0.319300 1.000000
vt 0.319300 0.000000
vt 0.336800 1.000000
vt 0.336800 0.000000
vt 0.378000 1.000000
vt 0.378000 0.000000
vt 0.394300 1.000000
vt 0.394300 0.000000
vt 0.417700 1.000000
vt 0.417700 0.000000
vt 0.489500 1.000000
vt 0.489500 0.000000
vt 0.513700 1.000000
vt 0.513700 0.000000
vt 0.547600 1.000000
vt 0.547600 0.000000
vt 0.571900 1.000000
vt 0.571900 0.000000
vt 0.624300 1.000000
vt 0.624300 0.000000
vt 0.647200 1.000000
vt 0.647200 0.000000
vt 0.690300 1.000000
vt 0.690300 0.000000
vt 0.716900 1.000000
vt 0.716900 0.000000
vt 0.808500 1.000000
vt 0.808500 0.000000
vt 0.850200 1.000000
vt 0.850200 0.000000
vt 0.883000 1.000000
vt 0.883000 0.000000
vt 0.912600 1.000000
vt 0.912600 0.000000
vt 0.930300 1.000000
vt 0.930300 0.000000
vt 0.953700 1.000000
vt 0.953700 0.000000
vt 0.978700 1.000000
vt 0.978700 0.000000
vt 0.589500 0.000000
vt 0.805400 0.006000
vt 0.627000 0.079100
vt 0.811500 0.103000
vt 0.635200 0.270600
vt 0.887400 0.433400
vt 0.016400 0.327400
vt 0.000000 0.264600
vt 0.140100 0.305500
vt 0.092200 0.129800
vt 0.873000 0.737200
vt 0.922100 0.815000
vt 0.791800 0.762500
vt 1.000000 0.964600
vt 0.922100 0.967600
vt 1.000000 0.886800
vt 0.765000 0.557000
vt 0.520500 0.004300
vt 0.577900 0.082100
vt 0.160600 0.003000
vt 0.553300 0.204800
vt 0.088600 0.070200
vt 0.377000 0.569700
vt 0.713000 0.670700
vt 0.435400 0.812500
vt 0.627000 0.991500
vt 0.694900 0.983600
vt 0.865900 1.000000
vt 0.033500 1.000000
vt 0.033500 0.000000
vt 0.047200 1.000000
vt 0.047200 0.000000
vt 0.060800 1.000000
vt 0.060800 0.000000
vt 0.073700 1.000000
vt 0.073700 0.000000
vt 0.089000 1.000000
vt 0.089000 0.000000
vt 0.098900 1.000000
vt 0.098900 0.000000
vt 0.136400 1.000000
vt 0.136400 0.000000
vt 0.201100 1.000000
vt 0.201100 0.000000
vt 0.245800 1.000000
vt 0.245800 0.000000
vt 0.316300 1.000000
vt 0.316300 0.000000
vt 0.339200 1.000000
vt 0.339200 0.000000
vt 0.363600 1.000000
vt 0.363600 0.000000
vt 0.410700 1.000000
vt 0.410700 0.000000
vt 0.551900 1.000000
vt 0.551900 0.000000
vt 0.566300 1.000000
vt 0.566300 0.000000
vt 0.599400 1.000000
vt 0.599400 0.000000
vt 0.643400 1.000000
vt 0.643400 0.000000
vt 0.667400 1.000000
vt 0.667400 0.000000
vt 0.721700 1.000000
vt 0.721700 0.000000
vt 0.760100 1.000000
vt 0.760100 0.000000
vt 0.792500 1.000000
vt 0.792500 0.000000
vt 0.824100 1.000000
vt 0.824100 0.000000
vt 0.852700 1.000000
vt 0.852700 0.000000
vt 0.886700 1.000000
vt 0.886700 0.000000
vt 0.911600 1.000000
vt 0.911600 0.000000
vt 0.933200 1.000000
vt 0.933200 0.000000
vt 0.978600 1.000000
vt 0.978600 0.000000
vt 0.615900 0.006100
vt 0.592700 0.055300
vt 0.616000 0.999600
vt 0.587900 0.955400
vt 0.658600 0.963900
vt 0.067800 0.251500
vt 0.015800 0.173300
vt 0.138300 0.191400
vt 0.278400 0.422700
vt 0.655700 0.165100
vt 0.414200 0.540800
vt 0.650900 0.002800
vt 0.755600 0.006100
vt 0.796200 0.203400
vt 0.531800 0.954600
vt 0.526700 0.898300
vt 0.569400 0.891800
vt 0.848600 0.337900
vt 0.825400 0.455500
vt 0.751700 0.553900
vt 0.491800 0.770400
vt 0.767200 0.658900
vt 0.868900 0.749900
vt 0.798300 1.000000
vt 0.867900 0.947200
vt 0.960000 0.799800
vt 1.000000 0.872100
vt 0.976400 0.944800
vt 0.127100 0.999500
vt 0.127100 0.000500
vt 0.037900 0.000500
vt 0.037900 0.999500
vt 0.172100 0.999500
vt 0.172100 0.000500
vt 0.296100 0.999500
vt 0.296100 0.000500
vt 0.481500 0.999500
vt 0.481500 0.000500
vt 0.645500 0.999500
vt 0.645500 0.000500
vt 0.426800 0.999500
vt 0.426800 0.000500
vt 0.354500 0.000500
vt 0.354500 0.999500
vt 0.589600 0.999500
vt 0.589600 0.000500
vt 0.573200 0.000500
vt 0.573200 0.999500
vt 0.723700 0.999500
vt 0.723700 0.000500
vt 0.921200 0.999500
vt 0.921200 0.000500
vt 0.998400 0.999500
vt 0.998400 0.000500
vt 0.615400 0.999500
vt 0.615400 0.000500
vt 0.111700 0.000500
vt 0.111700 0.999500
vt 0.083500 0.999500
vt 0.083500 0.000500
vt 0.003500 0.000500
vt 0.003500 0.999500
vt 0.553500 0.999500
vt 0.553500 0.000500
vt 0.500300 0.000500
vt 0.500300 0.999500
vt 0.241100 0.999500
vt 0.241100 0.000500
vt 0.095500 0.000500
vt 0.095500 0.999500
vt 0.668600 0.999500
vt 0.668600 0.000500
vt 0.499500 0.000500
vt 0.499500 0.999500
vt 0.735500 0.999500
vt 0.735500 0.000500
vt 0.728400 0.000500
vt 0.728400 0.999500
vt 0.757000 0.999500
vt 0.757000 0.000500
vt 0.787700 0.999500
vt 0.787700 0.000500
vt 0.822300 0.999500
vt 0.822300 0.000500
vt 0.855300 0.999500
vt 0.855300 0.000500
vt 0.881400 0.999500
vt 0.881400 0.000500
vt 0.895400 0.999500
vt 0.895400 0.000500
vt 0.903200 0.999500
vt 0.903200 0.000500
vt 0.914300 0.999500
vt 0.914300 0.000500
vt 0.928100 0.999500
vt 0.928100 0.000500
vt 0.944100 0.999500
vt 0.944100 0.000500
vt 0.961600 0.999500
vt 0.961600 0.000500
vt 0.980300 0.999500
vt 0.980300 0.000500
vt 0.997300 0.999500
vt 0.997300 0.000500
vt 0.775100 0.000500
vt 0.775100 0.999500
vt 0.149500 0.999500
vt 0.149500 0.000500
vt 0.001800 0.000500
vt 0.001800 0.999500
vt 0.264600 0.999500
vt 0.264600 0.000500
vt 0.416500 0.999500
vt 0.416500 0.000500
vt 0.547600 0.999500
vt 0.547600 0.000500
vt 0.650100 0.999500
vt 0.650100 0.000500
vt 0.409900 0.999500
vt 0.409900 0.000500
vt 0.349900 0.000500
vt 0.349900 0.999500
vt 0.727700 0.999500
vt 0.727700 0.000500
vt 0.590100 0.000500
vt 0.590100 0.999500
vt 0.956100 0.000500
vt 0.956100 0.999500
vt 0.798400 0.999500
vt 0.798400 0.000500
vt 0.742100 0.000500
vt 0.742100 0.999500
vt 0.847900 0.999500
vt 0.847900 0.000500
vt 0.064800 0.999500
vt 0.064800 0.000500
vt 0.025500 0.000500
vt 0.025500 0.999500
vt 0.166400 0.999500
vt 0.166400 0.000500
vt 0.145100 0.000500
vt 0.145100 0.999500
vt 0.873800 0.999500
vt 0.873800 0.000500
vt 0.833600 0.000500
vt 0.833600 0.999500
vt 0.194900 0.999500
vt 0.194900 0.000500
vt 0.131300 0.000500
vt 0.131300 0.999500
vt 0.880900 0.000500
vt 0.880900 0.999500
vt 0.000500 0.000500
vt 0.000500 0.999500
vt 0.615500 0.003000
vt 0.499700 0.083100
vt 0.111300 0.001100
vt 0.446400 0.095100
vt 0.997800 0.001300
vt 0.855600 0.149200
vt 0.775400 0.000000
vt 0.766800 0.019200
vt 0.758500 0.037900
vt 0.750800 0.055500
vt 0.744000 0.071500
vt 0.738300 0.085300
vt 0.734100 0.096400
vt 0.895600 0.590200
vt 0.956500 0.727900
vt 0.793300 0.650300
vt 0.731600 0.104300
vt 0.719500 1.000000
vt 0.667000 0.962600
vt 0.805400 0.881300
vt 0.728100 0.118200
vt 0.098500 0.078400
vt 0.721300 0.144400
vt 0.577300 0.873200
vt 0.839800 0.264400
vt 0.712000 0.177400
vt 0.701200 0.212000
vt 0.689800 0.242700
vt 0.028100 0.426800
vt 0.003500 0.410300
vt 0.164300 0.354400
vt 0.000000 0.276100
vt 0.678700 0.264300
vt 0.895400 0.416400
vt 0.668700 0.271300
vt 0.756300 0.547600
vt 0.499500 0.240800
vt 0.416000 0.518500
vt 0.473300 0.704100
vt 0.491100 0.828200
vt 0.869100 0.874200
vt 0.898200 0.833900
vt 1.000000 0.742300
vt 0.998900 0.798700
vt 0.975000 0.848300
vt 0.935600 0.855200
vt 0.222900 0.999500
vt 0.222900 0.000500
vt 0.066400 0.000500
vt 0.066400 0.999500
vt 0.294100 0.999500
vt 0.294100 0.000500
vt 0.348900 0.999500
vt 0.348900 0.000500
vt 0.748600 0.999500
vt 0.748600 0.000500
vt 0.694700 0.000500
vt 0.694700 0.999500
vt 0.446900 0.999500
vt 0.446900 0.000500
vt 0.517200 0.999500
vt 0.517200 0.000500
vt 0.628400 0.999500
vt 0.628400 0.000500
vt 0.684300 0.999500
vt 0.684300 0.000500
vt 0.804600 0.999500
vt 0.804600 0.000500
vt 0.357600 0.999500
vt 0.357600 0.000500
vt 0.341100 0.999500
vt 0.341100 0.000500
vt 0.528800 0.999500
vt 0.528800 0.000500
vt 0.447100 0.000500
vt 0.447100 0.999500
vt 0.835400 0.999500
vt 0.835400 0.000500
vt 0.654100 0.000500
vt 0.654100 0.999500
vt 0.949200 0.999500
vt 0.949200 0.000500
vt 0.497300 0.999500
vt 0.497300 0.000500
vt 0.373800 0.000500
vt 0.373800 0.999500
vt 0.502700 0.000500
vt 0.502700 0.999500
vt 0.249700 0.999500
vt 0.249700 0.000500
vt 0.235800 0.999500
vt 0.235800 0.000500
vt 0.057900 0.000500
vt 0.057900 0.999500
vt 0.464600 0.999500
vt 0.464600 0.000500
vt 0.681300 0.999500
vt 0.681300 0.000500
vt 0.730500 0.999500
vt 0.730500 0.000500
vt 0.340200 0.999500
vt 0.340200 0.000500
vt 0.269500 0.000500
vt 0.269500 0.999500
vt 0.751900 0.999500
vt 0.751900 0.000500
vt 0.659800 0.000500
vt 0.659800 0.999500
vt 0.704800 0.000500
vt 0.704800 0.999500
vt 0.768000 0.999500
vt 0.768000 0.000500
vt 0.714000 0.000500
vt 0.714000 0.999500
vt 0.859600 0.999500
vt 0.859600 0.000500
vt 0.888900 0.999500
vt 0.888900 0.000500
vt 0.959700 0.999500
vt 0.959700 0.000500
vt 0.405000 0.999500
vt 0.405000 0.000500
vt 0.335900 0.000500
vt 0.335900 0.999500
vt 0.434400 0.999500
vt 0.434400 0.000500
vt 0.979600 0.999500
vt 0.979600 0.000500
vt 0.947600 0.000500
vt 0.947600 0.999500
vt 0.506400 0.999500
vt 0.506400 0.000500
vt 0.468000 0.000500
vt 0.468000 0.999500
vt 0.597000 0.999500
vt 0.597000 0.000500
vt 0.027300 0.999500
vt 0.027300 0.000500
vt 0.736300 0.999500
vt 0.736300 0.000500
vt 0.605700 0.000500
vt 0.605700 0.999500
vt 0.003700 0.000500
vt 0.003700 0.999500
vt 1.000000 0.004900
vt 0.750500 0.057400
vt 0.502700 0.005300
vt 0.626300 0.050400
vt 0.357400 0.000000
vt 0.215100 0.195100
vt 0.447000 0.340900
vt 0.239700 0.315500
vt 0.642100 0.660000
vt 0.705000 0.752200
vt 0.601000 0.730800
vt 0.649600 0.235500
vt 0.567000 0.164200
vt 0.528800 0.345800
vt 0.666800 0.464600
vt 0.757300 0.714200
vt 0.783500 0.768200
vt 0.713600 0.859900
vt 0.402900 1.000000
vt 0.394200 0.973200
vt 0.493600 0.964300
vt 0.263400 0.996800
vt 0.256300 0.934000
vt 0.364600 0.777400
vt 0.251100 0.629000
vt 0.284100 0.553200
vt 0.305100 0.651200
vt 0.550700 0.681400
vt 0.532100 0.980100
vt 0.565600 0.948000
vt 0.202300 0.371500
vt 0.238200 0.482800
vt 0.319100 0.706100
vt 0.712900 0.889300
vt 0.664300 0.960200
vt 0.595100 0.965300
vt 0.031100 1.000000
vt 0.031100 0.000000
vt 0.043400 1.000000
vt 0.043400 0.000000
vt 0.056900 1.000000
vt 0.056900 0.000000
vt 0.084500 1.000000
vt 0.084500 0.000000
vt 0.104100 1.000000
vt 0.104100 0.000000
vt 0.132000 1.000000
vt 0.132000 0.000000
vt 0.142200 1.000000
vt 0.142200 0.000000
vt 0.147600 1.000000
vt 0.147600 0.000000
vt 0.157400 1.000000
vt 0.157400 0.000000
vt 0.173800 1.000000
vt 0.173800 0.000000
vt 0.197700 1.000000
vt 0.197700 0.000000
vt 0.232200 1.000000
vt 0.232200 0.000000
vt 0.364300 1.000000
vt 0.364300 0.000000
vt 0.410400 1.000000
vt 0.410400 0.000000
vt 0.435200 1.000000
vt 0.435200 0.000000
vt 0.461000 1.000000
vt 0.461000 0.000000
vt 0.465000 1.000000
vt 0.465000 0.000000
vt 0.472300 1.000000
vt 0.472300 0.000000
vt 0.477900 1.000000
vt 0.477900 0.000000
vt 0.502000 1.000000
vt 0.502000 0.000000
vt 0.514400 1.000000
vt 0.514400 0.000000
vt 0.523100 1.000000
vt 0.523100 0.000000
vt 0.529700 1.000000
vt 0.529700 0.000000
vt 0.539200 1.000000
vt 0.539200 0.000000
vt 0.548300 1.000000
vt 0.548300 0.000000
vt 0.556500 1.000000
vt 0.556500 0.000000
vt 0.568400 1.000000
vt 0.568400 0.000000
vt 0.581200 1.000000
vt 0.581200 0.000000
vt 0.603900 1.000000
vt 0.603900 0.000000
vt 0.614500 1.000000
vt 0.614500 0.000000
vt 0.624700 1.000000
vt 0.624700 0.000000
vt 0.644300 1.000000
vt 0.644300 0.000000
vt 0.660800 1.000000
vt 0.660800 0.000000
vt 0.679200 1.000000
vt 0.679200 0.000000
vt 0.693300 1.000000
vt 0.693300 0.000000
vt 0.708500 1.000000
vt 0.708500 0.000000
vt 0.726100 1.000000
vt 0.726100 0.000000
vt 0.751700 1.000000
vt 0.751700 0.000000
vt 0.759000 1.000000
vt 0.759000 0.000000
vt 0.776700 1.000000
vt 0.776700 0.000000
vt 0.791300 1.000000
vt 0.791300 0.000000
vt 0.807500 1.000000
vt 0.807500 0.000000
vt 0.841800 1.000000
vt 0.841800 0.000000
vt 0.850100 1.000000
vt 0.850100 0.000000
vt 0.858100 1.000000
vt 0.858100 0.000000
vt 0.876800 1.000000
vt 0.876800 0.000000
vt 0.898500 1.000000
vt 0.898500 0.000000
vt 0.911200 1.000000
vt 0.911200 0.000000
vt 0.928100 1.000000
vt 0.928100 0.000000
vt 0.950900 1.000000
vt 0.950900 0.000000
vt 0.984600 1.000000
vt 0.984600 0.000000
vt 0.745600 0.905400
vt 0.797600 0.819900
vt 0.782200 0.871300
vt 0.812100 0.826200
vt 0.826500 0.982600
vt 0.796300 1.000000
vt 0.710200 0.956900
vt 0.715600 0.985000
vt 0.664900 0.933900
vt 0.671200 0.874500
vt 0.636200 0.853800
vt 0.679000 0.793600
vt 0.649200 0.785100
vt 0.714400 0.701300
vt 0.723100 0.738300
vt 0.022200 0.001300
vt 0.632400 0.000000
vt 0.056000 0.181300
vt 0.669800 0.242200
vt 0.071600 0.307600
vt 0.099700 0.389100
vt 0.847300 0.712000
vt 0.808000 0.732700
vt 0.834000 0.645700
vt 0.726100 0.659200
vt 0.156500 0.963800
vt 0.084600 0.967500
vt 0.172400 0.883700
vt 0.134100 0.423300
vt 0.155200 0.408500
vt 0.174700 0.458000
vt 0.873300 0.360200
vt 0.905800 0.370700
vt 0.862900 0.378300
vt 0.915500 0.398000
vt 0.023900 0.923400
vt 0.000000 0.863800
vt 0.002600 0.791700
vt 0.078100 0.672900
vt 0.326900 0.858900
vt 0.401100 0.772900
vt 0.088900 0.569000
vt 0.479000 0.765800
vt 0.534900 0.745100
vt 0.603900 0.660900
vt 0.748900 0.338100
vt 0.689800 0.650300
vt 0.852500 0.585700
vt 1.000000 0.482100
vt 0.890200 0.588700
vt 0.987800 0.546600
vt 0.928900 0.608200
vt 0.989100 0.593200
vt 0.970900 0.621800
vt 0.317000 0.000000
vt 0.315600 1.000000
vt 0.420200 0.066800
vt 0.439800 0.267300
vt 0.444500 0.315000
vt 0.475000 0.626900
vt 0.407500 0.000500
vt 0.427800 0.218200
vt 0.435700 0.302500
vt 0.439400 0.342600
vt 0.911200 0.072900
vt 0.488200 0.762400
vt 0.413700 0.000500
s 1
usemtl 3d66_Standardmaterial_17342430_129
f 3/1/1 2/2/2 1/3/2
f 4/4/1 3/1/1 1/3/2
f 6/5/3 5/6/3 2/2/4
f 3/1/3 6/5/3 2/2/4
f 8/7/5 7/8/6 5/6/7
f 6/5/7 8/7/5 5/6/7
f 10/9/8 9/10/9 7/8/10
f 8/7/11 10/9/8 7/8/10
f 12/11/12 11/12/13 9/10/14
f 10/9/15 12/11/12 9/10/14
f 14/13/16 13/14/17 11/12/18
f 12/11/19 14/13/16 11/12/18
f 16/15/20 15/16/21 13/14/21
f 14/13/20 16/15/20 13/14/21
f 18/17/22 17/18/23 15/16/24
f 16/15/25 18/17/22 15/16/24
f 20/19/26 19/20/27 17/18/28
f 18/17/26 20/19/26 17/18/28
f 22/21/29 21/22/30 19/20/31
f 20/19/32 22/21/29 19/20/31
f 24/23/33 23/24/34 21/22/35
f 22/21/36 24/23/33 21/22/35
f 26/25/37 25/26/38 23/24/39
f 24/23/37 26/25/37 23/24/39
f 28/27/40 27/28/41 25/26/42
f 26/25/43 28/27/40 25/26/42
f 30/29/44 29/30/45 27/28/46
f 28/27/47 30/29/44 27/28/46
f 32/31/48 31/32/49 29/30/50
f 30/29/51 32/31/48 29/30/50
f 34/33/52 33/34/53 31/32/54
f 32/31/55 34/33/52 31/32/54
f 36/35/56 35/36/57 33/34/58
f 34/33/59 36/35/56 33/34/58
f 38/37/60 37/38/61 35/36/61
f 36/35/62 38/37/60 35/36/61
f 40/39/63 39/40/64 37/38/65
f 38/37/66 40/39/63 37/38/65
f 42/41/67 41/42/68 39/40/69
f 40/39/70 42/41/67 39/40/69
f 44/43/71 43/44/72 41/42/73
f 42/41/74 44/43/71 41/42/73
f 46/45/75 45/46/76 43/44/75
f 44/43/77 46/45/75 43/44/75
f 48/47/78 47/48/79 45/46/80
f 46/45/81 48/47/78 45/46/80
f 50/49/82 49/50/83 47/48/82
f 48/47/84 50/49/82 47/48/82
f 52/51/85 51/52/86 49/50/87
f 50/49/88 52/51/85 49/50/87
f 54/53/89 53/54/90 51/52/89
f 52/51/91 54/53/89 51/52/89
f 56/55/92 55/56/93 53/54/94
f 54/53/95 56/55/92 53/54/94
f 58/57/96 57/58/97 55/56/98
f 56/55/99 58/57/96 55/56/98
f 60/59/100 59/60/101 57/58/102
f 58/57/103 60/59/100 57/58/102
f 62/61/104 61/62/105 59/60/106
f 60/59/107 62/61/104 59/60/106
f 64/63/108 63/64/109 61/62/110
f 62/61/109 64/63/108 61/62/110
f 66/65/111 65/66/112 63/64/113
f 64/63/114 66/65/111 63/64/113
f 68/67/115 67/68/116 65/66/117
f 66/65/116 68/67/115 65/66/117
f 70/69/118 69/70/119 67/68/120
f 68/67/118 70/69/118 67/68/120
f 72/71/121 71/72/122 69/70/123
f 70/69/121 72/71/121 69/70/123
f 74/73/124 73/74/125 71/72/126
f 72/71/127 74/73/124 71/72/126
f 76/75/128 75/76/129 73/74/130
f 74/73/131 76/75/128 73/74/130
f 4/77/132 1/78/133 75/76/133
f 76/75/134 4/77/132 75/76/133
f 79/117/179 78/118/180 77/3/181
f 80/4/182 79/117/179 77/3/181
f 82/119/183 81/120/184 78/118/185
f 79/117/183 82/119/183 78/118/185
f 84/121/186 83/122/187 81/120/187
f 82/119/188 84/121/186 81/120/187
f 86/123/189 85/124/189 83/122/190
f 84/121/189 86/123/189 83/122/190
f 88/125/191 87/126/192 85/124/193
f 86/123/194 88/125/191 85/124/193
f 90/127/195 89/128/196 87/126/197
f 88/125/198 90/127/195 87/126/197
f 92/129/199 91/130/200 89/128/201
f 90/127/202 92/129/199 89/128/201
f 94/131/203 93/132/204 91/130/205
f 92/129/206 94/131/203 91/130/205
f 96/133/207 95/134/208 93/132/209
f 94/131/210 96/133/207 93/132/209
f 98/135/211 97/136/212 95/134/213
f 96/133/214 98/135/211 95/134/213
f 100/137/215 99/138/216 97/136/217
f 98/135/218 100/137/215 97/136/217
f 102/139/219 101/140/220 99/138/221
f 100/137/222 102/139/219 99/138/221
f 104/141/223 103/142/224 101/140/225
f 102/139/226 104/141/223 101/140/225
f 106/143/227 105/144/228 103/142/229
f 104/141/230 106/143/227 103/142/229
f 108/145/231 107/146/232 105/144/233
f 106/143/234 108/145/231 105/144/233
f 110/147/235 109/148/236 107/146/237
f 108/145/238 110/147/235 107/146/237
f 112/149/239 111/150/240 109/148/241
f 110/147/242 112/149/239 109/148/241
f 114/151/243 113/152/244 111/150/244
f 112/149/245 114/151/243 111/150/244
f 116/153/246 115/154/247 113/152/247
f 114/151/248 116/153/246 113/152/247
f 118/155/249 117/156/250 115/154/251
f 116/153/252 118/155/249 115/154/251
f 120/157/253 119/158/254 117/156/255
f 118/155/256 120/157/253 117/156/255
f 122/159/257 121/160/258 119/158/259
f 120/157/260 122/159/257 119/158/259
f 124/161/261 123/162/262 121/160/263
f 122/159/264 124/161/261 121/160/263
f 126/163/265 125/164/266 123/162/267
f 124/161/268 126/163/265 123/162/267
f 128/165/269 127/166/270 125/164/271
f 126/163/272 128/165/269 125/164/271
f 130/167/273 129/168/274 127/166/274
f 128/165/273 130/167/273 127/166/274
f 132/169/275 131/170/276 129/168/276
f 130/167/277 132/169/275 129/168/276
f 134/171/278 133/172/279 131/170/280
f 132/169/281 134/171/278 131/170/280
f 136/173/282 135/174/283 133/172/282
f 134/171/284 136/173/282 133/172/282
f 138/175/285 137/176/286 135/174/287
f 136/173/288 138/175/285 135/174/287
f 140/177/289 139/178/290 137/176/291
f 138/175/289 140/177/289 137/176/291
f 142/179/292 141/180/293 139/178/294
f 140/177/295 142/179/292 139/178/294
f 144/181/296 143/182/296 141/180/297
f 142/179/298 144/181/296 141/180/297
f 146/183/299 145/184/300 143/182/301
f 144/181/302 146/183/299 143/182/301
f 148/185/303 147/186/304 145/184/303
f 146/183/305 148/185/303 145/184/303
f 150/187/306 149/188/307 147/186/306
f 148/185/308 150/187/306 147/186/306
f 152/189/309 151/190/310 149/188/311
f 150/187/312 152/189/309 149/188/311
f 154/191/313 153/192/314 151/190/315
f 152/189/314 154/191/313 151/190/315
f 156/193/316 155/194/317 153/192/318
f 154/191/319 156/193/316 153/192/318
f 158/195/320 157/196/321 155/194/322
f 156/193/323 158/195/320 155/194/322
f 160/197/324 159/198/325 157/196/325
f 158/195/324 160/197/324 157/196/325
f 80/77/326 77/78/327 159/198/328
f 160/197/329 80/77/326 159/198/328
f 245/404/583 244/405/584 243/3/585
f 246/4/583 245/404/583 243/3/585
f 248/406/586 247/407/587 244/405/588
f 245/404/589 248/406/586 244/405/588
f 250/408/590 249/409/591 247/407/592
f 248/406/593 250/408/590 247/407/592
f 252/410/594 251/411/595 249/409/596
f 250/408/594 252/410/594 249/409/596
f 254/412/597 253/413/598 251/411/599
f 252/410/600 254/412/597 251/411/599
f 256/414/601 255/415/602 253/413/603
f 254/412/604 256/414/601 253/413/603
f 258/416/605 257/417/606 255/415/607
f 256/414/608 258/416/605 255/415/607
f 260/418/609 259/419/610 257/417/611
f 258/416/612 260/418/609 257/417/611
f 262/420/613 261/421/614 259/419/614
f 260/418/615 262/420/613 259/419/614
f 264/422/616 263/423/617 261/421/618
f 262/420/619 264/422/616 261/421/618
f 266/424/620 265/425/621 263/423/622
f 264/422/623 266/424/620 263/423/622
f 268/426/624 267/427/625 265/425/626
f 266/424/627 268/426/624 265/425/626
f 270/428/628 269/429/629 267/427/628
f 268/426/630 270/428/628 267/427/628
f 272/430/631 271/431/632 269/429/632
f 270/428/631 272/430/631 269/429/632
f 274/432/633 273/433/634 271/431/634
f 272/430/634 274/432/633 271/431/634
f 276/434/635 275/435/636 273/433/637
f 274/432/638 276/434/635 273/433/637
f 278/436/639 277/437/640 275/435/641
f 276/434/639 278/436/639 275/435/641
f 280/438/642 279/439/643 277/437/644
f 278/436/645 280/438/642 277/437/644
f 282/440/646 281/441/647 279/439/648
f 280/438/649 282/440/646 279/439/648
f 284/442/650 283/443/651 281/441/652
f 282/440/650 284/442/650 281/441/652
f 286/444/653 285/445/654 283/443/653
f 284/442/655 286/444/653 283/443/653
f 288/446/656 287/447/657 285/445/658
f 286/444/659 288/446/656 285/445/658
f 290/448/660 289/449/661 287/447/662
f 288/446/663 290/448/660 287/447/662
f 292/450/664 291/451/665 289/449/666
f 290/448/667 292/450/664 289/449/666
f 294/452/668 293/453/669 291/451/670
f 292/450/671 294/452/668 291/451/670
f 296/454/672 295/455/673 293/453/674
f 294/452/675 296/454/672 293/453/674
f 298/456/676 297/457/677 295/455/678
f 296/454/679 298/456/676 295/455/678
f 246/77/680 243/78/681 297/457/682
f 298/456/683 246/77/680 297/457/682
f 301/486/729 300/487/730 299/3/731
f 302/4/732 301/486/729 299/3/731
f 304/488/733 303/489/734 300/487/735
f 301/486/733 304/488/733 300/487/735
f 306/490/736 305/491/737 303/489/738
f 304/488/739 306/490/736 303/489/738
f 308/492/740 307/493/741 305/491/742
f 306/490/743 308/492/740 305/491/742
f 310/494/744 309/495/745 307/493/745
f 308/492/746 310/494/744 307/493/745
f 312/496/747 311/497/748 309/495/749
f 310/494/747 312/496/747 309/495/749
f 314/498/750 313/499/751 311/497/752
f 312/496/753 314/498/750 311/497/752
f 316/500/754 315/501/755 313/499/754
f 314/498/756 316/500/754 313/499/754
f 318/502/757 317/503/758 315/501/759
f 316/500/760 318/502/757 315/501/759
f 320/504/761 319/505/762 317/503/761
f 318/502/763 320/504/761 317/503/761
f 322/506/764 321/507/765 319/505/766
f 320/504/766 322/506/764 319/505/766
f 324/508/767 323/509/768 321/507/769
f 322/506/770 324/508/767 321/507/769
f 326/510/771 325/511/772 323/509/773
f 324/508/774 326/510/771 323/509/773
f 328/512/775 327/513/776 325/511/777
f 326/510/778 328/512/775 325/511/777
f 330/514/779 329/515/780 327/513/781
f 328/512/782 330/514/779 327/513/781
f 332/516/783 331/517/784 329/515/785
f 330/514/786 332/516/783 329/515/785
f 334/518/787 333/519/788 331/517/789
f 332/516/790 334/518/787 331/517/789
f 336/520/791 335/521/792 333/519/793
f 334/518/794 336/520/791 333/519/793
f 338/522/795 337/523/796 335/521/797
f 336/520/795 338/522/795 335/521/797
f 340/524/798 339/525/799 337/523/800
f 338/522/801 340/524/798 337/523/800
f 342/526/802 341/527/803 339/525/804
f 340/524/805 342/526/802 339/525/804
f 344/528/806 343/529/807 341/527/808
f 342/526/808 344/528/806 341/527/808
f 346/530/809 345/531/810 343/529/811
f 344/528/809 346/530/809 343/529/811
f 348/532/812 347/533/813 345/531/814
f 346/530/815 348/532/812 345/531/814
f 350/534/816 349/535/817 347/533/818
f 348/532/819 350/534/816 347/533/818
f 352/536/820 351/537/821 349/535/822
f 350/534/823 352/536/820 349/535/822
f 354/454/824 353/455/825 351/537/826
f 352/536/827 354/454/824 351/537/826
f 356/538/828 355/539/829 353/455/830
f 354/454/831 356/538/828 353/455/830
f 302/77/832 299/78/833 355/539/834
f 356/538/835 302/77/832 355/539/834
usemtl 3d66_Standardmaterial_17342430_128
f 23/79/135 25/80/136 21/81/137
f 2/82/138 5/83/139 1/84/140
f 63/85/141 65/86/141 61/87/141
f 33/88/142 35/89/142 31/90/143
f 35/89/142 37/91/137 31/90/143
f 13/92/144 15/93/137 11/94/143
f 49/95/144 51/96/145 47/97/144
f 51/96/145 53/98/146 47/97/144
f 75/99/147 1/84/140 73/100/148
f 27/101/149 29/102/150 25/80/136
f 17/103/151 19/104/138 15/93/137
f 5/83/139 7/105/152 1/84/140
f 43/106/143 45/107/142 41/108/153
f 41/108/153 45/107/142 39/109/136
f 39/109/136 45/107/142 37/91/137
f 37/91/137 45/107/142 31/90/143
f 31/90/143 45/107/142 29/102/150
f 29/102/150 45/107/142 25/80/136
f 45/107/142 47/97/144 25/80/136
f 25/80/136 47/97/144 21/81/137
f 47/97/144 53/98/146 21/81/137
f 53/98/146 55/110/154 21/81/137
f 55/110/154 57/111/143 21/81/137
f 21/81/137 57/111/143 19/104/138
f 19/104/138 57/111/143 15/93/137
f 57/111/143 59/112/150 15/93/137
f 15/93/137 59/112/150 11/94/143
f 1/84/140 7/105/152 73/100/148
f 65/86/141 67/113/140 61/87/141
f 67/113/140 69/114/155 61/87/141
f 9/115/150 11/94/143 7/105/152
f 11/94/143 59/112/150 7/105/152
f 7/105/152 59/112/150 73/100/148
f 59/112/150 61/87/141 73/100/148
f 61/87/141 69/114/155 73/100/148
f 73/100/148 69/114/155 71/116/141
f 26/80/156 24/79/157 22/81/158
f 6/83/159 3/82/160 4/84/161
f 66/86/162 64/85/162 62/87/163
f 36/89/164 34/88/165 32/90/166
f 38/91/167 36/89/164 32/90/166
f 16/93/157 14/92/157 12/94/168
f 52/96/169 50/95/169 48/97/170
f 54/98/162 52/96/169 48/97/170
f 4/84/161 76/99/171 74/100/170
f 30/102/172 28/101/165 26/80/156
f 20/104/173 18/103/160 16/93/157
f 8/105/157 6/83/159 4/84/161
f 46/107/165 44/106/174 42/108/175
f 46/107/165 42/108/175 40/109/176
f 46/107/165 40/109/176 38/91/167
f 46/107/165 38/91/167 32/90/166
f 46/107/165 32/90/166 30/102/172
f 46/107/165 30/102/172 26/80/156
f 48/97/170 46/107/165 26/80/156
f 48/97/170 26/80/156 22/81/158
f 54/98/162 48/97/170 22/81/158
f 56/110/177 54/98/162 22/81/158
f 58/111/162 56/110/177 22/81/158
f 58/111/162 22/81/158 20/104/173
f 58/111/162 20/104/173 16/93/157
f 60/112/178 58/111/162 16/93/157
f 60/112/178 16/93/157 12/94/168
f 8/105/157 4/84/161 74/100/170
f 68/113/158 66/86/162 62/87/163
f 70/114/178 68/113/158 62/87/163
f 12/94/168 10/115/177 8/105/157
f 60/112/178 12/94/168 8/105/157
f 60/112/178 8/105/157 74/100/170
f 62/87/163 60/112/178 74/100/170
f 70/114/178 62/87/163 74/100/170
f 70/114/178 74/100/170 72/116/158
usemtl 3d66_Standardmaterial_17342430_130
f 133/199/330 135/200/331 131/201/330
f 119/202/332 121/203/333 117/204/334
f 93/205/335 95/206/336 91/207/337
f 153/208/333 155/209/338 151/210/339
f 127/211/331 129/212/332 125/213/332
f 89/214/340 91/207/337 87/215/333
f 85/216/341 87/215/333 83/217/342
f 117/204/334 121/203/333 115/218/340
f 123/219/331 125/213/332 121/203/333
f 107/220/343 109/221/337 105/222/344
f 155/209/338 157/223/345 151/210/339
f 135/200/331 137/224/331 131/201/330
f 143/225/346 145/226/347 141/227/348
f 145/226/347 147/228/349 141/227/348
f 141/227/348 147/228/349 139/229/348
f 113/230/350 115/218/340 111/231/351
f 101/232/352 103/233/343 99/234/350
f 131/201/330 137/224/331 129/212/332
f 159/235/333 77/236/348 157/223/345
f 77/236/348 78/237/341 157/223/345
f 147/228/349 149/238/337 139/229/348
f 137/224/331 139/229/348 129/212/332
f 129/212/332 139/229/348 125/213/332
f 125/213/332 139/229/348 121/203/333
f 121/203/333 139/229/348 115/218/340
f 139/229/348 149/238/337 115/218/340
f 115/218/340 149/238/337 111/231/351
f 111/231/351 149/238/337 109/221/337
f 109/221/337 149/238/337 105/222/344
f 105/222/344 149/238/337 103/233/343
f 149/238/337 151/210/339 103/233/343
f 103/233/343 151/210/339 99/234/350
f 81/239/333 83/217/342 78/237/341
f 78/237/341 83/217/342 157/223/345
f 157/223/345 83/217/342 151/210/339
f 151/210/339 83/217/342 99/234/350
f 83/217/342 87/215/333 99/234/350
f 87/215/333 91/207/337 99/234/350
f 91/207/337 95/206/336 99/234/350
f 95/206/336 97/240/340 99/234/350
f 136/200/353 134/199/354 132/201/355
f 122/203/356 120/202/357 118/204/358
f 96/206/359 94/205/360 92/207/361
f 156/209/362 154/208/363 152/210/363
f 130/212/364 128/211/353 126/213/353
f 92/207/361 90/214/363 88/215/360
f 88/215/360 86/216/365 84/217/360
f 122/203/356 118/204/358 116/218/366
f 126/213/353 124/219/353 122/203/356
f 110/221/367 108/220/368 106/222/369
f 158/223/353 156/209/362 152/210/363
f 138/224/370 136/200/353 132/201/355
f 146/226/371 144/225/366 142/227/372
f 148/228/373 146/226/371 142/227/372
f 148/228/373 142/227/372 140/229/373
f 116/218/366 114/230/363 112/231/374
f 104/233/375 102/232/360 100/234/357
f 138/224/370 132/201/355 130/212/364
f 80/236/368 160/235/366 158/223/353
f 79/237/360 80/236/368 158/223/353
f 150/238/376 148/228/373 140/229/373
f 140/229/373 138/224/370 130/212/364
f 140/229/373 130/212/364 126/213/353
f 140/229/373 126/213/353 122/203/356
f 140/229/373 122/203/356 116/218/366
f 150/238/376 140/229/373 116/218/366
f 150/238/376 116/218/366 112/231/374
f 150/238/376 112/231/374 110/221/367
f 150/238/376 110/221/367 106/222/369
f 150/238/376 106/222/369 104/233/375
f 152/210/363 150/238/376 104/233/375
f 152/210/363 104/233/375 100/234/357
f 84/217/360 82/239/361 79/237/360
f 84/217/360 79/237/360 158/223/353
f 84/217/360 158/223/353 152/210/363
f 84/217/360 152/210/363 100/234/357
f 88/215/360 84/217/360 100/234/357
f 92/207/361 88/215/360 100/234/357
f 96/206/359 92/207/361 100/234/357
f 98/240/360 96/206/359 100/234/357
usemtl 3d66_Standardmaterial_17342430_132
f 163/241/377 162/242/378 161/243/379
f 164/244/380 163/241/377 161/243/379
f 166/245/381 165/246/382 162/242/383
f 163/241/384 166/245/381 162/242/383
f 168/247/385 167/248/386 165/246/387
f 166/245/388 168/247/385 165/246/387
f 170/249/389 169/250/389 167/248/389
f 168/247/390 170/249/389 167/248/389
f 172/251/391 171/252/392 169/253/393
f 170/254/394 172/251/391 169/253/393
f 174/255/395 173/256/396 171/257/397
f 172/258/398 174/255/395 171/257/397
f 176/259/399 175/260/399 173/256/400
f 174/255/401 176/259/399 173/256/400
f 178/261/402 177/262/403 175/263/404
f 176/264/405 178/261/402 175/263/404
f 180/265/406 179/266/407 177/267/408
f 178/268/409 180/265/406 177/267/408
f 182/269/410 181/270/411 179/266/412
f 180/265/413 182/269/410 179/266/412
f 184/271/414 183/272/415 181/270/416
f 182/269/417 184/271/414 181/270/416
f 186/261/418 185/262/419 183/272/420
f 184/271/421 186/261/418 183/272/420
f 188/273/422 187/274/423 185/275/424
f 186/276/425 188/273/422 185/275/424
f 190/277/426 189/278/427 187/279/426
f 188/280/428 190/277/426 187/279/426
f 192/281/429 191/282/430 189/278/429
f 190/277/431 192/281/429 189/278/429
f 194/283/432 193/284/433 191/285/434
f 192/286/435 194/283/432 191/285/434
f 196/287/436 195/288/437 193/289/436
f 194/290/438 196/287/436 193/289/436
f 198/261/439 197/262/440 195/291/441
f 196/292/442 198/261/439 195/291/441
f 200/293/443 199/294/443 197/295/443
f 198/296/443 200/293/443 197/295/443
f 202/297/444 201/298/445 199/299/444
f 200/300/446 202/297/444 199/299/444
f 204/301/447 203/302/448 201/303/449
f 202/304/447 204/301/447 201/303/449
f 206/305/450 205/306/451 203/302/451
f 204/301/450 206/305/450 203/302/451
f 208/307/452 207/308/453 205/309/454
f 206/310/455 208/307/452 205/309/454
f 210/311/456 209/312/457 207/313/458
f 208/314/459 210/311/456 207/313/458
f 212/315/460 211/316/461 209/317/462
f 210/318/460 212/315/460 209/317/462
f 214/319/463 213/320/464 211/321/465
f 212/322/464 214/319/463 211/321/465
f 216/323/466 215/324/467 213/325/468
f 214/326/469 216/323/466 213/325/468
f 218/327/470 217/328/471 215/329/472
f 216/330/473 218/327/470 215/329/472
f 220/314/474 219/313/475 217/331/476
f 218/332/477 220/314/474 217/331/476
f 222/333/478 221/334/479 219/313/480
f 220/314/481 222/333/478 219/313/480
f 224/335/482 223/336/483 221/334/484
f 222/333/485 224/335/482 221/334/484
f 226/337/486 225/338/487 223/339/488
f 224/340/489 226/337/486 223/339/488
f 228/341/490 227/342/490 225/343/491
f 226/344/490 228/341/490 225/343/491
f 230/345/492 229/346/493 227/342/493
f 228/341/494 230/345/492 227/342/493
f 232/347/495 231/348/496 229/346/496
f 230/345/497 232/347/495 229/346/496
f 234/349/498 233/350/499 231/348/500
f 232/347/501 234/349/498 231/348/500
f 236/351/502 235/352/503 233/350/504
f 234/349/502 236/351/502 233/350/504
f 238/353/505 237/354/506 235/355/506
f 236/356/505 238/353/505 235/355/506
f 240/357/507 239/358/508 237/354/509
f 238/353/510 240/357/507 237/354/509
f 242/359/511 241/360/512 239/358/513
f 240/357/514 242/359/511 239/358/513
f 164/244/515 161/243/516 241/361/517
f 242/362/518 164/244/515 241/361/517
f 359/568/880 358/569/881 357/570/881
f 360/571/882 359/568/880 357/570/881
f 362/572/883 361/573/884 358/569/885
f 359/568/886 362/572/883 358/569/885
f 364/574/887 363/575/888 361/573/889
f 362/572/890 364/574/887 361/573/889
f 366/576/891 365/577/892 363/575/893
f 364/574/894 366/576/891 363/575/893
f 368/578/895 367/579/896 365/577/897
f 366/576/898 368/578/895 365/577/897
f 370/580/899 369/581/900 367/582/901
f 368/583/902 370/580/899 367/582/901
f 372/584/903 371/585/903 369/586/904
f 370/587/905 372/584/903 369/586/904
f 374/588/906 373/589/907 371/585/908
f 372/584/909 374/588/906 371/585/908
f 376/590/910 375/591/911 373/589/912
f 374/588/913 376/590/910 373/589/912
f 378/592/914 377/593/915 375/591/916
f 376/590/917 378/592/914 375/591/916
f 380/594/918 379/595/919 377/596/920
f 378/597/921 380/594/918 377/596/920
f 382/598/922 381/599/923 379/600/924
f 380/601/925 382/598/922 379/600/924
f 384/602/926 383/603/927 381/604/928
f 382/605/929 384/602/926 381/604/928
f 386/606/930 385/607/930 383/608/931
f 384/609/932 386/606/930 383/608/931
f 388/610/933 387/611/934 385/612/935
f 386/613/936 388/610/933 385/612/935
f 390/614/937 389/615/938 387/616/934
f 388/617/933 390/614/937 387/616/934
f 392/618/939 391/619/940 389/615/938
f 390/614/937 392/618/939 389/615/938
f 394/620/941 393/621/942 391/619/940
f 392/618/939 394/620/941 391/619/940
f 396/622/943 395/623/944 393/621/942
f 394/620/941 396/622/943 393/621/942
f 398/624/945 397/625/946 395/623/944
f 396/622/943 398/624/945 395/623/944
f 400/626/947 399/627/948 397/625/946
f 398/624/945 400/626/947 397/625/946
f 402/628/949 401/629/950 399/627/948
f 400/626/947 402/628/949 399/627/948
f 404/630/951 403/631/952 401/629/950
f 402/628/949 404/630/951 401/629/950
f 406/632/953 405/633/954 403/631/952
f 404/630/951 406/632/953 403/631/952
f 408/634/955 407/635/956 405/633/954
f 406/632/953 408/634/955 405/633/954
f 410/636/957 409/637/958 407/635/956
f 408/634/955 410/636/957 407/635/956
f 412/638/959 411/639/960 409/637/958
f 410/636/957 412/638/959 409/637/958
f 414/640/961 413/641/962 411/639/960
f 412/638/959 414/640/961 411/639/960
f 416/261/963 415/262/964 413/641/962
f 414/640/961 416/261/963 413/641/962
f 418/642/965 417/643/966 415/644/967
f 416/645/968 418/642/965 415/644/967
f 420/646/969 419/647/970 417/648/969
f 418/649/971 420/646/969 417/648/969
f 422/650/972 421/651/973 419/647/973
f 420/646/974 422/650/972 419/647/973
f 424/652/975 423/653/976 421/651/977
f 422/650/978 424/652/975 421/651/977
f 426/654/979 425/655/980 423/653/981
f 424/652/982 426/654/979 423/653/981
f 428/656/983 427/657/984 425/655/985
f 426/654/986 428/656/983 425/655/985
f 430/658/987 429/659/988 427/660/989
f 428/661/990 430/658/987 427/660/989
f 432/662/991 431/663/992 429/664/993
f 430/665/994 432/662/991 429/664/993
f 434/261/995 433/262/996 431/666/996
f 432/667/997 434/261/995 431/666/996
f 436/668/998 435/669/999 433/670/1000
f 434/671/1001 436/668/998 433/670/1000
f 438/672/1002 437/673/1003 435/669/1004
f 436/668/1005 438/672/1002 435/669/1004
f 440/674/1006 439/675/1007 437/676/1008
f 438/677/1009 440/674/1006 437/676/1008
f 442/678/1010 441/679/1011 439/680/1011
f 440/681/1012 442/678/1010 439/680/1011
f 444/682/1013 443/683/1014 441/684/1015
f 442/685/1016 444/682/1013 441/684/1015
f 446/686/1017 445/687/1018 443/688/1019
f 444/689/1020 446/686/1017 443/688/1019
f 448/261/1021 447/262/1022 445/690/1021
f 446/691/1023 448/261/1021 445/690/1021
f 360/571/1024 357/570/1025 447/692/1026
f 448/693/1027 360/571/1024 447/692/1026
f 451/740/1076 450/741/1076 449/742/1077
f 452/743/1078 451/740/1076 449/742/1077
f 454/744/1079 453/745/1080 450/741/1081
f 451/740/1082 454/744/1079 450/741/1081
f 456/746/1083 455/747/1084 453/745/1085
f 454/744/1086 456/746/1083 453/745/1085
f 458/748/1087 457/749/1088 455/750/1089
f 456/751/1090 458/748/1087 455/750/1089
f 460/752/1091 459/753/1092 457/328/1093
f 458/327/1094 460/752/1091 457/328/1093
f 462/754/1095 461/755/1096 459/753/1097
f 460/752/1098 462/754/1095 459/753/1097
f 464/756/1099 463/757/1100 461/755/1101
f 462/754/1102 464/756/1099 461/755/1101
f 466/758/1103 465/759/1104 463/757/1105
f 464/756/1105 466/758/1103 463/757/1105
f 468/760/1106 467/761/1106 465/759/1106
f 466/758/1107 468/760/1106 465/759/1106
f 470/261/1108 469/262/1109 467/761/1108
f 468/760/1110 470/261/1108 467/761/1108
f 472/762/1111 471/763/1112 469/692/1113
f 470/693/1114 472/762/1111 469/692/1113
f 474/764/1115 473/765/1116 471/692/1117
f 472/693/1118 474/764/1115 471/692/1117
f 476/766/1119 475/767/1120 473/768/1121
f 474/769/1122 476/766/1119 473/768/1121
f 478/770/1123 477/771/1124 475/772/1125
f 476/773/1125 478/770/1123 475/772/1125
f 480/774/1126 479/775/1127 477/771/1127
f 478/770/1128 480/774/1126 477/771/1127
f 482/776/1129 481/777/1130 479/778/1131
f 480/779/1132 482/776/1129 479/778/1131
f 484/261/1133 483/262/1134 481/780/1135
f 482/781/1136 484/261/1133 481/780/1135
f 486/782/1137 485/783/1138 483/692/1137
f 484/693/1139 486/782/1137 483/692/1137
f 488/784/1140 487/785/1141 485/786/1142
f 486/787/1143 488/784/1140 485/786/1142
f 490/788/1144 489/789/1145 487/785/1144
f 488/784/1144 490/788/1144 487/785/1144
f 492/790/1146 491/791/1147 489/789/1148
f 490/788/1149 492/790/1146 489/789/1148
f 494/792/1150 493/793/1151 491/791/1151
f 492/790/1152 494/792/1150 491/791/1151
f 496/794/1153 495/795/1154 493/796/1153
f 494/797/1155 496/794/1153 493/796/1153
f 498/798/1156 497/799/1157 495/800/1158
f 496/801/1156 498/798/1156 495/800/1158
f 500/618/1159 499/619/1160 497/802/1161
f 498/803/1162 500/618/1159 497/802/1161
f 502/804/1163 501/805/1164 499/806/1165
f 500/807/1166 502/804/1163 499/806/1165
f 504/808/1167 503/809/1168 501/805/1169
f 502/804/1170 504/808/1167 501/805/1169
f 506/810/1171 505/811/1172 503/809/1173
f 504/808/1174 506/810/1171 503/809/1173
f 508/812/1175 507/813/1176 505/811/1177
f 506/810/1178 508/812/1175 505/811/1177
f 510/814/1179 509/815/1180 507/816/1181
f 508/817/1182 510/814/1179 507/816/1181
f 512/818/1183 511/819/1183 509/815/1184
f 510/814/1185 512/818/1183 509/815/1184
f 514/820/1186 513/821/1186 511/822/1186
f 512/823/1186 514/820/1186 511/822/1186
f 516/824/1187 515/825/1188 513/826/1189
f 514/827/1190 516/824/1187 513/826/1189
f 518/828/1191 517/829/1192 515/825/1193
f 516/824/1194 518/828/1191 515/825/1193
f 520/830/1195 519/831/1196 517/692/1197
f 518/693/1195 520/830/1195 517/692/1197
f 522/832/1198 521/833/1199 519/834/1200
f 520/835/1198 522/832/1198 519/834/1200
f 452/743/1201 449/742/1202 521/836/1203
f 522/837/1204 452/743/1201 521/836/1203
usemtl 3d66_Standardmaterial_17342430_131
f 193/363/519 195/364/520 191/365/521
f 209/366/522 211/367/523 207/368/524
f 197/369/525 199/370/519 195/364/520
f 199/370/519 201/371/520 195/364/520
f 241/372/526 161/373/527 239/374/528
f 195/364/520 201/371/520 191/365/521
f 187/375/524 189/376/529 185/377/530
f 189/376/529 191/365/521 185/377/530
f 175/378/531 177/379/532 173/380/533
f 177/379/532 179/381/534 173/380/533
f 173/380/533 179/381/534 171/382/535
f 179/381/534 181/383/536 171/382/535
f 235/384/537 237/385/538 233/386/539
f 237/385/538 239/374/528 233/386/539
f 239/374/528 161/373/527 233/386/539
f 185/377/530 191/365/521 183/387/540
f 183/387/540 191/365/521 181/383/536
f 181/383/536 191/365/521 171/382/535
f 171/382/535 191/365/521 169/388/541
f 191/365/521 201/371/520 169/388/541
f 225/389/535 227/390/528 223/391/542
f 233/386/539 161/373/527 231/392/543
f 161/373/527 162/393/542 231/392/543
f 162/393/542 165/394/535 231/392/543
f 231/392/543 165/394/535 229/395/526
f 229/395/526 165/394/535 227/390/528
f 227/390/528 165/394/535 223/391/542
f 165/394/535 167/396/532 223/391/542
f 223/391/542 167/396/532 221/397/544
f 167/396/532 169/388/541 221/397/544
f 221/397/544 169/388/541 219/398/545
f 219/398/545 169/388/541 217/399/546
f 169/388/541 201/371/520 217/399/546
f 217/399/546 201/371/520 215/400/547
f 215/400/547 201/371/520 213/401/524
f 213/401/524 201/371/520 211/367/523
f 211/367/523 201/371/520 207/368/524
f 201/371/520 203/402/548 207/368/524
f 203/402/548 205/403/522 207/368/524
f 196/364/549 194/363/550 192/365/551
f 212/367/552 210/366/553 208/368/552
f 200/370/554 198/369/555 196/364/549
f 202/371/556 200/370/554 196/364/549
f 164/373/557 242/372/558 240/374/559
f 202/371/556 196/364/549 192/365/551
f 190/376/560 188/375/561 186/377/562
f 192/365/551 190/376/560 186/377/562
f 178/379/563 176/378/558 174/380/564
f 180/381/565 178/379/563 174/380/564
f 180/381/565 174/380/564 172/382/566
f 182/383/567 180/381/565 172/382/566
f 238/385/568 236/384/568 234/386/569
f 240/374/559 238/385/568 234/386/569
f 164/373/557 240/374/559 234/386/569
f 192/365/551 186/377/562 184/387/570
f 192/365/551 184/387/570 182/383/567
f 192/365/551 182/383/567 172/382/566
f 192/365/551 172/382/566 170/388/571
f 202/371/556 192/365/551 170/388/571
f 228/390/572 226/389/573 224/391/574
f 164/373/557 234/386/569 232/392/572
f 163/393/570 164/373/557 232/392/572
f 166/394/575 163/393/570 232/392/572
f 166/394/575 232/392/572 230/395/576
f 166/394/575 230/395/576 228/390/572
f 166/394/575 228/390/572 224/391/574
f 168/396/577 166/394/575 224/391/574
f 168/396/577 224/391/574 222/397/572
f 170/388/571 168/396/577 222/397/572
f 170/388/571 222/397/572 220/398/578
f 170/388/571 220/398/578 218/399/579
f 202/371/556 170/388/571 218/399/579
f 202/371/556 218/399/579 216/400/580
f 202/371/556 216/400/580 214/401/581
f 202/371/556 214/401/581 212/367/552
f 202/371/556 212/367/552 208/368/552
f 204/402/552 202/371/556 208/368/552
f 206/403/582 204/402/552 208/368/552
usemtl 3d66_Standardmaterial_17342430_133
f 279/458/684 281/459/685 277/460/686
f 281/459/685 283/461/687 277/460/686
f 277/460/686 283/461/687 275/462/688
f 283/461/687 285/463/689 275/462/688
f 259/464/690 261/465/691 257/466/692
f 261/465/691 263/467/693 257/466/692
f 293/468/689 295/469/694 291/470/687
f 243/471/695 244/472/696 297/473/697
f 285/463/689 287/474/698 275/462/688
f 297/473/697 244/472/696 295/469/694
f 269/475/699 271/476/700 267/477/691
f 271/476/700 273/478/693 267/477/691
f 267/477/691 273/478/693 265/479/701
f 265/479/701 273/478/693 263/467/693
f 263/467/693 273/478/693 257/466/692
f 257/466/692 273/478/693 255/480/702
f 273/478/693 275/462/688 255/480/702
f 275/462/688 287/474/698 255/480/702
f 287/474/698 289/481/684 255/480/702
f 255/480/702 289/481/684 253/482/703
f 253/482/703 289/481/684 251/483/686
f 289/481/684 291/470/687 251/483/686
f 251/483/686 291/470/687 249/484/704
f 291/470/687 295/469/694 249/484/704
f 295/469/694 244/472/696 249/484/704
f 249/484/704 244/472/696 247/485/705
f 282/459/706 280/458/707 278/460/708
f 284/461/709 282/459/706 278/460/708
f 284/461/709 278/460/708 276/462/710
f 286/463/711 284/461/709 276/462/710
f 262/465/712 260/464/713 258/466/707
f 264/467/707 262/465/712 258/466/707
f 296/469/714 294/468/579 292/470/715
f 245/472/716 246/471/717 298/473/716
f 288/474/718 286/463/711 276/462/710
f 245/472/716 298/473/716 296/469/714
f 272/476/719 270/475/720 268/477/721
f 274/478/722 272/476/719 268/477/721
f 274/478/722 268/477/721 266/479/723
f 274/478/722 266/479/723 264/467/707
f 274/478/722 264/467/707 258/466/707
f 274/478/722 258/466/707 256/480/724
f 276/462/710 274/478/722 256/480/724
f 288/474/718 276/462/710 256/480/724
f 290/481/725 288/474/718 256/480/724
f 290/481/725 256/480/724 254/482/726
f 290/481/725 254/482/726 252/483/726
f 292/470/715 290/481/725 252/483/726
f 292/470/715 252/483/726 250/484/727
f 296/469/714 292/470/715 250/484/727
f 245/472/716 296/469/714 250/484/727
f 245/472/716 250/484/727 248/485/728
usemtl 3d66_Standardmaterial_17342430_134
f 327/540/836 329/541/837 325/3/838
f 303/542/839 305/543/840 300/544/840
f 321/545/841 323/546/842 319/547/843
f 325/3/838 329/541/837 323/546/842
f 323/546/842 329/541/837 319/547/843
f 319/547/843 329/541/837 317/548/844
f 329/541/837 331/549/845 317/548/844
f 317/548/844 331/549/845 315/550/846
f 333/551/846 335/552/846 331/549/845
f 335/552/846 337/553/847 331/549/845
f 307/554/848 309/555/849 305/543/840
f 309/555/849 311/556/850 305/543/840
f 331/549/845 337/553/847 315/550/846
f 337/553/847 339/557/851 315/550/846
f 339/557/851 341/558/846 315/550/846
f 341/558/846 343/559/852 315/550/846
f 315/550/846 343/559/852 313/560/853
f 343/559/852 345/561/854 313/560/853
f 313/560/853 345/561/854 311/556/850
f 345/561/854 347/562/855 311/556/850
f 311/556/850 347/562/855 305/543/840
f 305/543/840 347/562/855 300/544/840
f 300/544/840 347/562/855 299/563/856
f 299/563/856 347/562/855 355/564/855
f 347/562/855 349/565/855 355/564/855
f 349/565/855 351/566/857 355/564/855
f 355/564/855 351/566/857 353/567/858
f 330/541/859 328/540/860 326/3/861
f 306/543/862 304/542/863 301/544/864
f 324/546/865 322/545/866 320/547/867
f 330/541/859 326/3/861 324/546/865
f 330/541/859 324/546/865 320/547/867
f 330/541/859 320/547/867 318/548/868
f 332/549/869 330/541/859 318/548/868
f 332/549/869 318/548/868 316/550/860
f 336/552/870 334/551/868 332/549/869
f 338/553/871 336/552/870 332/549/869
f 310/555/872 308/554/872 306/543/862
f 312/556/872 310/555/872 306/543/862
f 338/553/871 332/549/869 316/550/860
f 340/557/873 338/553/871 316/550/860
f 342/558/872 340/557/873 316/550/860
f 344/559/874 342/558/872 316/550/860
f 344/559/874 316/550/860 314/560/862
f 346/561/875 344/559/874 314/560/862
f 346/561/875 314/560/862 312/556/872
f 348/562/876 346/561/875 312/556/872
f 348/562/876 312/556/872 306/543/862
f 348/562/876 306/543/862 301/544/864
f 348/562/876 301/544/864 302/563/877
f 348/562/876 302/563/877 356/564/878
f 350/565/863 348/562/876 356/564/878
f 352/566/878 350/565/863 356/564/878
f 352/566/878 356/564/878 354/567/879
usemtl 3d66_Standardmaterial_17342430_135
f 379/694/1028 381/695/1029 377/696/1030
f 381/695/1029 383/697/1031 377/696/1030
f 417/698/1032 419/699/1033 415/700/1034
f 415/700/1034 419/699/1033 413/701/1035
f 413/701/1035 419/699/1033 411/702/1031
f 411/702/1031 419/699/1033 409/703/1033
f 409/703/1033 419/699/1033 407/704/1036
f 407/704/1036 419/699/1033 405/705/1035
f 405/705/1035 419/699/1033 403/706/1033
f 429/707/1031 431/708/1030 427/709/1037
f 403/706/1033 419/699/1033 401/710/1038
f 447/711/1039 357/712/1037 445/713/1037
f 401/710/1038 419/699/1033 399/714/1029
f 377/696/1030 383/697/1031 375/715/1040
f 399/714/1029 419/699/1033 397/716/1035
f 357/712/1037 358/717/1037 445/713/1037
f 419/699/1033 421/718/1034 397/716/1035
f 397/716/1035 421/718/1034 395/719/1035
f 395/719/1035 421/718/1034 393/720/1041
f 393/720/1041 421/718/1034 391/721/1035
f 369/722/1042 371/723/1043 367/724/1044
f 371/723/1043 373/725/1045 367/724/1044
f 391/721/1035 421/718/1034 389/726/1046
f 421/718/1034 423/727/1037 389/726/1046
f 389/726/1046 423/727/1037 387/728/1042
f 423/727/1037 425/729/1046 387/728/1042
f 375/715/1040 383/697/1031 373/725/1045
f 373/725/1045 383/697/1031 367/724/1044
f 383/697/1031 385/730/1029 367/724/1044
f 367/724/1044 385/730/1029 365/731/1029
f 385/730/1029 387/728/1042 365/731/1029
f 387/728/1042 425/729/1046 365/731/1029
f 365/731/1029 425/729/1046 363/732/1036
f 425/729/1046 427/709/1037 363/732/1036
f 363/732/1036 427/709/1037 361/733/1031
f 361/733/1031 427/709/1037 358/717/1037
f 358/717/1037 427/709/1037 445/713/1037
f 427/709/1037 431/708/1030 445/713/1037
f 445/713/1037 431/708/1030 443/734/1030
f 443/734/1030 431/708/1030 441/735/1047
f 431/708/1030 433/736/1039 441/735/1047
f 433/736/1039 435/737/1037 441/735/1047
f 435/737/1037 437/738/1030 441/735/1047
f 441/735/1047 437/738/1030 439/739/1048
f 382/695/1049 380/694/1050 378/696/1051
f 384/697/1049 382/695/1049 378/696/1051
f 420/699/1052 418/698/1053 416/700/1054
f 420/699/1052 416/700/1054 414/701/1055
f 420/699/1052 414/701/1055 412/702/1056
f 420/699/1052 412/702/1056 410/703/1050
f 420/699/1052 410/703/1050 408/704/1050
f 420/699/1052 408/704/1050 406/705/1053
f 420/699/1052 406/705/1053 404/706/1050
f 432/708/1057 430/707/1049 428/709/1058
f 420/699/1052 404/706/1050 402/710/1053
f 360/712/1059 448/711/1060 446/713/1061
f 420/699/1052 402/710/1053 400/714/1062
f 384/697/1049 378/696/1051 376/715/1063
f 420/699/1052 400/714/1062 398/716/1062
f 359/717/1064 360/712/1059 446/713/1061
f 422/718/1065 420/699/1052 398/716/1062
f 422/718/1065 398/716/1062 396/719/1050
f 422/718/1065 396/719/1050 394/720/1066
f 422/718/1065 394/720/1066 392/721/1062
f 372/723/1067 370/722/1068 368/724/1050
f 374/725/1069 372/723/1067 368/724/1050
f 422/718/1065 392/721/1062 390/726/1050
f 424/727/1070 422/718/1065 390/726/1050
f 424/727/1070 390/726/1050 388/728/1071
f 426/729/1072 424/727/1070 388/728/1071
f 384/697/1049 376/715/1063 374/725/1069
f 384/697/1049 374/725/1069 368/724/1050
f 386/730/1073 384/697/1049 368/724/1050
f 386/730/1073 368/724/1050 366/731/1061
f 388/728/1071 386/730/1073 366/731/1061
f 426/729/1072 388/728/1071 366/731/1061
f 426/729/1072 366/731/1061 364/732/1051
f 428/709/1058 426/729/1072 364/732/1051
f 428/709/1058 364/732/1051 362/733/1074
f 428/709/1058 362/733/1074 359/717/1064
f 428/709/1058 359/717/1064 446/713/1061
f 432/708/1057 428/709/1058 446/713/1061
f 432/708/1057 446/713/1061 444/734/1072
f 432/708/1057 444/734/1072 442/735/1050
f 434/736/1050 432/708/1057 442/735/1050
f 436/737/1062 434/736/1050 442/735/1050
f 438/738/1062 436/737/1062 442/735/1050
f 438/738/1062 442/735/1050 440/739/1075
usemtl 3d66_Standardmaterial_17342430_136
f 483/838/1205 485/839/1206 481/840/1207
f 481/840/1207 485/839/1206 479/841/1208
f 469/3/1209 471/842/1210 467/843/1211
f 471/842/1210 473/844/1210 467/843/1211
f 467/843/1211 473/844/1210 465/845/1212
f 495/846/1213 497/847/1214 493/848/1209
f 485/839/1206 487/849/1215 479/841/1208
f 479/841/1208 487/849/1215 477/850/1216
f 477/850/1216 487/849/1215 475/851/1217
f 487/849/1215 489/852/1218 475/851/1217
f 499/853/1219 501/854/1220 497/847/1214
f 501/854/1220 503/855/1213 497/847/1214
f 517/856/1221 519/857/1222 515/858/1213
f 521/859/1222 449/860/1223 519/857/1222
f 449/860/1223 450/861/1224 519/857/1222
f 519/857/1222 450/861/1224 515/858/1213
f 457/862/1222 459/863/1212 455/864/1225
f 497/847/1214 503/855/1213 493/848/1209
f 489/852/1218 491/865/1226 475/851/1217
f 475/851/1217 491/865/1226 473/844/1210
f 513/866/1210 515/858/1213 511/867/1218
f 515/858/1213 450/861/1224 511/867/1218
f 473/844/1210 491/865/1226 465/845/1212
f 465/845/1212 491/865/1226 463/868/1227
f 463/868/1227 491/865/1226 461/869/1226
f 461/869/1226 491/865/1226 459/863/1212
f 459/863/1212 491/865/1226 455/864/1225
f 455/864/1225 491/865/1226 453/870/1209
f 453/870/1209 491/865/1226 450/861/1224
f 450/861/1224 491/865/1226 511/867/1218
f 491/865/1226 493/848/1209 511/867/1218
f 493/848/1209 503/855/1213 511/867/1218
f 503/855/1213 505/871/1228 511/867/1218
f 505/871/1228 507/872/1228 511/867/1218
f 507/872/1228 509/873/1229 511/867/1218
f 486/839/1230 484/838/1231 482/840/1232
f 486/839/1230 482/840/1232 480/841/1233
f 472/842/1234 470/3/1235 468/843/1236
f 474/844/1237 472/842/1234 468/843/1236
f 474/844/1237 468/843/1236 466/845/1238
f 498/847/1239 496/846/1240 494/848/1241
f 488/849/1242 486/839/1230 480/841/1233
f 488/849/1242 480/841/1233 478/850/1243
f 488/849/1242 478/850/1243 476/851/1244
f 490/852/1244 488/849/1242 476/851/1244
f 502/854/1245 500/853/1246 498/847/1239
f 504/855/1234 502/854/1245 498/847/1239
f 520/857/1247 518/856/1248 516/858/1234
f 452/860/1248 522/859/1249 520/857/1247
f 451/861/1250 452/860/1248 520/857/1247
f 451/861/1250 520/857/1247 516/858/1234
f 460/863/1251 458/862/1252 456/864/1252
f 504/855/1234 498/847/1239 494/848/1241
f 492/865/1253 490/852/1244 476/851/1244
f 492/865/1253 476/851/1244 474/844/1237
f 516/858/1234 514/866/1238 512/867/1254
f 451/861/1250 516/858/1234 512/867/1254
f 492/865/1253 474/844/1237 466/845/1238
f 492/865/1253 466/845/1238 464/868/1255
f 492/865/1253 464/868/1255 462/869/1237
f 492/865/1253 462/869/1237 460/863/1251
f 492/865/1253 460/863/1251 456/864/1252
f 492/865/1253 456/864/1252 454/870/1256
f 492/865/1253 454/870/1256 451/861/1250
f 492/865/1253 451/861/1250 512/867/1254
f 494/848/1241 492/865/1253 512/867/1254
f 504/855/1234 494/848/1241 512/867/1254
f 506/871/1257 504/855/1234 512/867/1254
f 508/872/1246 506/871/1257 512/867/1254
f 510/873/1258 508/872/1246 512/867/1254
usemtl 3d66_Standardmaterial_17342430_138
f 525/404/1259 524/405/1260 523/3/1261
f 526/4/1262 525/404/1259 523/3/1261
f 528/874/1263 527/875/1264 524/405/1265
f 525/404/1266 528/874/1263 524/405/1265
f 530/876/1267 529/877/1268 527/875/1268
f 528/874/1267 530/876/1267 527/875/1268
f 532/878/1269 531/879/1270 529/877/1271
f 530/876/1269 532/878/1269 529/877/1271
f 534/880/1272 533/881/1273 531/879/1274
f 532/878/1275 534/880/1272 531/879/1274
f 536/882/1276 535/883/1277 533/881/1278
f 534/880/1279 536/882/1276 533/881/1278
f 538/884/1280 537/885/1281 535/883/1280
f 536/882/1282 538/884/1280 535/883/1280
f 540/886/1283 539/887/1284 537/885/1284
f 538/884/1283 540/886/1283 537/885/1284
f 542/888/1285 541/889/1286 539/887/1287
f 540/886/1288 542/888/1285 539/887/1287
f 544/890/1289 543/891/1290 541/889/1291
f 542/888/1292 544/890/1289 541/889/1291
f 546/892/1293 545/893/1294 543/891/1295
f 544/890/1296 546/892/1293 543/891/1295
f 548/894/1297 547/895/1297 545/893/1298
f 546/892/1299 548/894/1297 545/893/1298
f 550/896/1300 549/897/1301 547/895/1300
f 548/894/1300 550/896/1300 547/895/1300
f 552/898/1302 551/899/1303 549/897/1304
f 550/896/1305 552/898/1302 549/897/1304
f 554/900/1306 553/901/1307 551/899/1306
f 552/898/1308 554/900/1306 551/899/1306
f 556/902/1309 555/903/1310 553/901/1311
f 554/900/1312 556/902/1309 553/901/1311
f 558/904/1313 557/905/1314 555/903/1315
f 556/902/1316 558/904/1313 555/903/1315
f 560/906/1317 559/907/1318 557/905/1319
f 558/904/1320 560/906/1317 557/905/1319
f 562/908/1321 561/909/1322 559/907/1323
f 560/906/1324 562/908/1321 559/907/1323
f 564/910/1325 563/911/1326 561/909/1327
f 562/908/1328 564/910/1325 561/909/1327
f 566/912/1329 565/913/1330 563/911/1331
f 564/910/1332 566/912/1329 563/911/1331
f 568/914/1333 567/915/1334 565/913/1334
f 566/912/1335 568/914/1333 565/913/1334
f 570/916/1336 569/917/1337 567/915/1338
f 568/914/1336 570/916/1336 567/915/1338
f 572/918/1339 571/919/1340 569/917/1341
f 570/916/1342 572/918/1339 569/917/1341
f 574/920/1343 573/921/1344 571/919/1345
f 572/918/1346 574/920/1343 571/919/1345
f 576/922/1347 575/923/1348 573/921/1349
f 574/920/1350 576/922/1347 573/921/1349
f 578/924/1351 577/925/1352 575/923/1353
f 576/922/1354 578/924/1351 575/923/1353
f 580/926/1355 579/927/1356 577/925/1357
f 578/924/1358 580/926/1355 577/925/1357
f 582/928/1359 581/929/1360 579/927/1359
f 580/926/1361 582/928/1359 579/927/1359
f 584/930/1362 583/931/1363 581/929/1364
f 582/928/1365 584/930/1362 581/929/1364
f 586/932/1366 585/933/1367 583/931/1368
f 584/930/1369 586/932/1366 583/931/1368
f 588/934/1370 587/935/1371 585/933/1372
f 586/932/1373 588/934/1370 585/933/1372
f 590/936/1374 589/937/1375 587/935/1376
f 588/934/1377 590/936/1374 587/935/1376
f 592/938/1378 591/939/1379 589/937/1380
f 590/936/1381 592/938/1378 589/937/1380
f 594/940/1382 593/941/1383 591/939/1384
f 592/938/1385 594/940/1382 591/939/1384
f 596/942/1386 595/943/1387 593/941/1386
f 594/940/1388 596/942/1386 593/941/1386
f 598/944/1389 597/945/1390 595/943/1391
f 596/942/1389 598/944/1389 595/943/1391
f 600/946/1392 599/947/1392 597/945/1393
f 598/944/1394 600/946/1392 597/945/1393
f 602/948/1395 601/949/1395 599/947/1396
f 600/946/1396 602/948/1395 599/947/1396
f 604/950/1397 603/951/1398 601/949/1399
f 602/948/1400 604/950/1397 601/949/1399
f 606/952/1401 605/953/1402 603/951/1403
f 604/950/1404 606/952/1401 603/951/1403
f 608/954/1405 607/955/1406 605/953/1407
f 606/952/1408 608/954/1405 605/953/1407
f 610/956/1409 609/957/1410 607/955/1411
f 608/954/1411 610/956/1409 607/955/1411
f 612/59/1412 611/60/1413 609/957/1414
f 610/956/1415 612/59/1412 609/957/1414
f 614/958/1416 613/959/1417 611/60/1418
f 612/59/1419 614/958/1416 611/60/1418
f 616/960/1420 615/961/1421 613/959/1422
f 614/958/1423 616/960/1420 613/959/1422
f 618/962/1424 617/963/1425 615/961/1426
f 616/960/1427 618/962/1424 615/961/1426
f 620/964/1428 619/965/1429 617/963/1430
f 618/962/1431 620/964/1428 617/963/1430
f 622/966/1432 621/967/1433 619/965/1434
f 620/964/1435 622/966/1432 619/965/1434
f 624/968/1436 623/969/1437 621/967/1438
f 622/966/1439 624/968/1436 621/967/1438
f 626/970/1440 625/971/1441 623/969/1442
f 624/968/1443 626/970/1440 623/969/1442
f 628/972/1444 627/973/1445 625/971/1445
f 626/970/1446 628/972/1444 625/971/1445
f 630/974/1447 629/975/1448 627/973/1447
f 628/972/1449 630/974/1447 627/973/1447
f 526/77/1450 523/78/1450 629/975/1450
f 630/974/1450 526/77/1450 629/975/1450
usemtl 3d66_Standardmaterial_17342430_137
f 587/976/1451 589/977/1452 585/978/1453
f 585/978/1453 589/977/1452 583/979/1452
f 601/980/1454 603/981/1455 599/982/1456
f 603/981/1455 605/983/1457 599/982/1456
f 605/983/1457 607/984/1458 599/982/1456
f 599/982/1456 607/984/1458 597/985/1459
f 607/984/1458 609/986/1460 597/985/1459
f 597/985/1459 609/986/1460 595/987/1461
f 609/986/1460 611/988/1462 595/987/1461
f 611/988/1462 613/989/1463 595/987/1461
f 595/987/1461 613/989/1463 593/990/1464
f 549/991/1458 551/992/1458 547/993/1465
f 551/992/1458 553/994/1459 547/993/1465
f 547/993/1465 553/994/1459 545/995/1459
f 545/995/1459 553/994/1459 543/996/1466
f 583/979/1452 589/977/1452 581/997/1467
f 589/977/1452 591/998/1468 581/997/1467
f 581/997/1467 591/998/1468 579/999/1469
f 593/990/1464 613/989/1463 591/998/1468
f 613/989/1463 615/1000/1470 591/998/1468
f 591/998/1468 615/1000/1470 579/999/1469
f 523/1001/1458 524/1002/1471 629/1003/1458
f 541/1004/1461 543/996/1466 539/1005/1458
f 543/996/1466 553/994/1459 539/1005/1458
f 539/1005/1458 553/994/1459 537/1006/1452
f 559/1007/1472 561/1008/1473 557/1009/1473
f 561/1008/1473 563/1010/1464 557/1009/1473
f 524/1002/1471 527/1011/1453 629/1003/1458
f 527/1011/1453 529/1012/1459 629/1003/1458
f 529/1012/1459 531/1013/1474 629/1003/1458
f 531/1013/1474 533/1014/1475 629/1003/1458
f 629/1003/1458 533/1014/1475 627/1015/1465
f 627/1015/1465 533/1014/1475 625/1016/1476
f 533/1014/1475 535/1017/1465 625/1016/1476
f 535/1017/1465 537/1006/1452 625/1016/1476
f 537/1006/1452 553/994/1459 625/1016/1476
f 625/1016/1476 553/994/1459 623/1018/1459
f 623/1018/1459 553/994/1459 621/1019/1452
f 621/1019/1452 553/994/1459 619/1020/1459
f 553/994/1459 555/1021/1462 619/1020/1459
f 619/1020/1459 555/1021/1462 617/1022/1464
f 555/1021/1462 557/1009/1473 617/1022/1464
f 617/1022/1464 557/1009/1473 615/1000/1470
f 615/1000/1470 557/1009/1473 579/999/1469
f 579/999/1469 557/1009/1473 577/1023/1464
f 557/1009/1473 563/1010/1464 577/1023/1464
f 563/1010/1464 565/1024/1477 577/1023/1464
f 577/1023/1464 565/1024/1477 575/1025/1478
f 565/1024/1477 567/1026/1479 575/1025/1478
f 575/1025/1478 567/1026/1479 573/1027/1480
f 567/1026/1479 569/1028/1481 573/1027/1480
f 573/1027/1480 569/1028/1481 571/1029/1460
f 590/977/1482 588/976/1483 586/978/1484
f 590/977/1482 586/978/1484 584/979/1485
f 604/981/1486 602/980/1486 600/982/1487
f 606/983/1488 604/981/1486 600/982/1487
f 608/984/1489 606/983/1488 600/982/1487
f 608/984/1489 600/982/1487 598/985/1490
f 610/986/1487 608/984/1489 598/985/1490
f 610/986/1487 598/985/1490 596/987/1484
f 612/988/1484 610/986/1487 596/987/1484
f 614/989/1491 612/988/1484 596/987/1484
f 614/989/1491 596/987/1484 594/990/1487
f 552/992/1492 550/991/1493 548/993/1494
f 554/994/1495 552/992/1492 548/993/1494
f 554/994/1495 548/993/1494 546/995/1484
f 554/994/1495 546/995/1484 544/996/1496
f 590/977/1482 584/979/1485 582/997/1497
f 592/998/1498 590/977/1482 582/997/1497
f 592/998/1498 582/997/1497 580/999/1499
f 614/989/1491 594/990/1487 592/998/1498
f 616/1000/1500 614/989/1491 592/998/1498
f 616/1000/1500 592/998/1498 580/999/1499
f 525/1002/1492 526/1001/1501 630/1003/1494
f 544/996/1496 542/1004/1489 540/1005/1492
f 554/994/1495 544/996/1496 540/1005/1492
f 554/994/1495 540/1005/1492 538/1006/1490
f 562/1008/1485 560/1007/1502 558/1009/1503
f 564/1010/1482 562/1008/1485 558/1009/1503
f 528/1011/1489 525/1002/1492 630/1003/1494
f 530/1012/1490 528/1011/1489 630/1003/1494
f 532/1013/1495 530/1012/1490 630/1003/1494
f 534/1014/1504 532/1013/1495 630/1003/1494
f 534/1014/1504 630/1003/1494 628/1015/1505
f 534/1014/1504 628/1015/1505 626/1016/1494
f 536/1017/1489 534/1014/1504 626/1016/1494
f 538/1006/1490 536/1017/1489 626/1016/1494
f 554/994/1495 538/1006/1490 626/1016/1494
f 554/994/1495 626/1016/1494 624/1018/1506
f 554/994/1495 624/1018/1506 622/1019/1490
f 554/994/1495 622/1019/1490 620/1020/1507
f 556/1021/1487 554/994/1495 620/1020/1507
f 556/1021/1487 620/1020/1507 618/1022/1490
f 558/1009/1503 556/1021/1487 618/1022/1490
f 558/1009/1503 618/1022/1490 616/1000/1500
f 558/1009/1503 616/1000/1500 580/999/1499
f 558/1009/1503 580/999/1499 578/1023/1508
f 564/1010/1482 558/1009/1503 578/1023/1508
f 566/1024/1482 564/1010/1482 578/1023/1508
f 566/1024/1482 578/1023/1508 576/1025/1509
f 568/1026/1486 566/1024/1482 576/1025/1509
f 568/1026/1486 576/1025/1509 574/1027/1510
f 570/1028/1511 568/1026/1486 574/1027/1510
f 570/1028/1511 574/1027/1510 572/1029/1512
usemtl 3d66_Standardmaterial_17342430_127
f 633/405/1513 632/404/1514 631/3/1513
f 632/404/1514 634/4/1514 631/3/1513
f 636/875/1515 635/874/1516 633/405/1515
f 635/874/1516 632/404/1516 633/405/1515
f 638/877/1517 637/876/1518 636/875/1517
f 637/876/1518 635/874/1518 636/875/1517
f 640/879/1519 639/878/1520 638/877/1519
f 639/878/1520 637/876/1520 638/877/1519
f 642/881/1521 641/880/1522 640/879/1521
f 641/880/1522 639/878/1522 640/879/1521
f 644/883/1523 643/882/1524 642/881/1523
f 643/882/1524 641/880/1524 642/881/1523
f 646/885/1525 645/884/1525 644/883/1525
f 645/884/1525 643/882/1525 644/883/1525
f 648/887/1526 647/886/1527 646/885/1527
f 647/886/1527 645/884/1527 646/885/1527
f 650/889/1528 649/888/1529 648/887/1530
f 649/888/1529 647/886/1529 648/887/1530
f 652/891/1531 651/890/1531 650/889/1531
f 651/890/1531 649/888/1531 650/889/1531
f 654/893/1532 653/892/1532 652/891/1532
f 653/892/1532 651/890/1532 652/891/1532
f 656/895/1533 655/894/1534 654/893/1533
f 655/894/1534 653/892/1534 654/893/1533
f 658/897/1535 657/896/1536 656/895/1535
f 657/896/1536 655/894/1536 656/895/1535
f 660/1030/1537 659/898/1538 658/897/1538
f 659/898/1538 661/1031/1538 658/897/1538
f 664/901/1539 663/900/1540 662/899/1539
f 663/900/1540 659/898/1540 662/899/1539
f 666/903/1541 665/902/1542 664/901/1541
f 665/902/1542 663/900/1543 664/901/1541
f 668/905/1544 667/904/1545 666/903/1545
f 667/904/1545 665/902/1546 666/903/1545
f 670/907/1547 669/906/1548 668/905/1549
f 669/906/1548 667/904/1550 668/905/1549
f 672/909/1551 671/908/1552 670/907/1551
f 671/908/1552 669/906/1553 670/907/1551
f 674/911/1554 673/910/1555 672/909/1554
f 673/910/1555 671/908/1556 672/909/1554
f 676/913/1557 675/912/1558 674/911/1559
f 675/912/1558 673/910/1560 674/911/1559
f 678/915/1561 677/914/1562 676/913/1561
f 677/914/1562 675/912/1563 676/913/1561
f 680/917/1564 679/916/1565 678/915/1566
f 679/916/1565 677/914/1567 678/915/1566
f 682/919/1568 681/918/1569 680/917/1570
f 681/918/1569 679/916/1569 680/917/1570
f 684/921/1571 683/920/1572 682/919/1572
f 683/920/1572 681/918/1572 682/919/1572
f 686/923/1573 685/922/1573 684/921/1574
f 685/922/1573 683/920/1575 684/921/1574
f 688/925/1576 687/924/1577 686/923/1576
f 687/924/1577 685/922/1577 686/923/1576
f 690/927/1578 689/926/1579 688/925/1580
f 689/926/1579 687/924/1579 688/925/1580
f 691/928/1581 689/926/1581 690/927/1581
f 694/961/1582 693/960/1582 692/959/1582
f 696/963/1583 695/962/1584 694/961/1585
f 695/962/1584 693/960/1584 694/961/1585
f 698/965/1586 697/964/1586 696/963/1586
f 697/964/1586 695/962/1586 696/963/1586
f 700/967/1587 699/966/1588 698/965/1587
f 699/966/1588 697/964/1588 698/965/1587
f 701/968/1589 699/966/1589 700/967/1589
f 704/971/1590 703/970/1591 702/969/1592
f 706/973/1593 705/972/1594 704/971/1593
f 705/972/1594 703/970/1594 704/971/1593
f 708/975/1595 707/974/1595 706/973/1595
f 707/974/1595 705/972/1595 706/973/1595
f 631/78/1596 634/77/1597 708/975/1596
f 634/77/1597 707/974/1598 708/975/1596
f 702/1040/1589 701/968/1589 700/967/1589
f 703/970/1591 701/968/1683 702/1040/1592
f 662/899/1538 659/898/1538 660/1030/1537
f 661/1031/1538 657/896/1538 658/897/1538
usemtl 3d66_Standardmaterial_17342430_126
f 709/1032/1599 658/991/1600 656/993/1601
f 664/994/1602 662/992/1603 709/1032/1599
f 710/1033/1604 656/993/1601 654/995/1605
f 710/1033/1604 654/995/1605 652/996/1606
f 694/1000/1607 692/989/1608 691/998/1609
f 694/1000/1607 691/998/1609 690/999/1610
f 633/1002/1611 631/1001/1612 708/1003/1613
f 652/996/1606 650/1004/1614 648/1005/1615
f 711/1034/1616 652/996/1606 648/1005/1615
f 711/1034/1616 648/1005/1615 646/1006/1617
f 672/1008/1618 670/1007/1619 668/1009/1620
f 674/1010/1621 672/1008/1618 668/1009/1620
f 636/1011/1622 633/1002/1611 708/1003/1613
f 638/1012/1623 636/1011/1622 708/1003/1613
f 640/1013/1624 638/1012/1623 708/1003/1613
f 642/1014/1625 640/1013/1624 708/1003/1613
f 642/1014/1625 708/1003/1613 706/1015/1626
f 642/1014/1625 706/1015/1626 704/1016/1627
f 644/1017/1628 642/1014/1625 704/1016/1627
f 646/1006/1617 644/1017/1628 704/1016/1627
f 712/1035/1629 646/1006/1617 704/1016/1627
f 712/1035/1629 704/1016/1627 702/1018/1630
f 664/994/1602 700/1019/1631 698/1020/1632
f 666/1021/1633 664/994/1602 698/1020/1632
f 666/1021/1633 698/1020/1632 696/1022/1634
f 668/1009/1620 666/1021/1633 696/1022/1634
f 668/1009/1620 696/1022/1634 694/1000/1607
f 668/1009/1620 694/1000/1607 690/999/1610
f 668/1009/1620 690/999/1610 688/1023/1635
f 674/1010/1621 668/1009/1620 688/1023/1635
f 676/1024/1636 674/1010/1621 688/1023/1635
f 676/1024/1636 688/1023/1635 686/1025/1637
f 678/1026/1638 676/1024/1636 686/1025/1637
f 678/1026/1638 686/1025/1637 684/1027/1639
f 680/1028/1640 678/1026/1638 684/1027/1639
f 680/1028/1640 684/1027/1639 682/1029/1641
f 657/991/1642 661/1036/1643 655/993/1644
f 659/992/1645 663/994/1646 713/1037/1647
f 655/993/1644 713/1037/1647 653/995/1648
f 713/1037/1647 663/994/1646 714/1038/1649
f 692/989/1608 693/1000/1650 691/998/1609
f 691/998/1609 693/1000/1650 689/999/1651
f 634/1001/1652 632/1002/1653 707/1003/1654
f 649/1004/1655 651/996/1656 647/1005/1657
f 651/996/1656 714/1038/1649 647/1005/1657
f 714/1038/1649 663/994/1646 715/1039/1658
f 669/1007/1659 671/1008/1660 667/1009/1661
f 671/1008/1660 673/1010/1662 667/1009/1661
f 632/1002/1653 635/1011/1663 707/1003/1654
f 635/1011/1663 637/1012/1664 707/1003/1654
f 637/1012/1664 639/1013/1665 707/1003/1654
f 639/1013/1665 641/1014/1666 707/1003/1654
f 707/1003/1654 641/1014/1666 705/1015/1667
f 705/1015/1667 641/1014/1666 703/1016/1668
f 641/1014/1666 643/1017/1669 703/1016/1668
f 643/1017/1669 645/1006/1670 703/1016/1668
f 645/1006/1670 715/1039/1658 703/1016/1668
f 715/1039/1658 663/994/1646 701/1018/1671
f 701/1018/1671 663/994/1646 699/1019/1672
f 699/1019/1672 663/994/1646 697/1020/1673
f 663/994/1646 665/1021/1674 697/1020/1673
f 697/1020/1673 665/1021/1674 695/1022/1675
f 665/1021/1674 667/1009/1661 695/1022/1675
f 695/1022/1675 667/1009/1661 693/1000/1650
f 693/1000/1650 667/1009/1661 689/999/1651
f 689/999/1651 667/1009/1661 687/1023/1676
f 667/1009/1661 673/1010/1662 687/1023/1676
f 673/1010/1662 675/1024/1677 687/1023/1676
f 687/1023/1676 675/1024/1677 685/1025/1678
f 675/1024/1677 677/1026/1679 685/1025/1678
f 685/1025/1678 677/1026/1679 683/1027/1680
f 677/1026/1679 679/1028/1681 683/1027/1680
f 683/1027/1680 679/1028/1681 681/1029/1682
f 664/994/1602 702/1041/1630 700/1019/1631
f 664/994/1602 712/1035/1629 702/1041/1630
f 711/1034/1616 646/1006/1617 712/1035/1629
f 664/994/1602 711/1034/1616 712/1035/1629
f 710/1033/1604 652/996/1606 711/1034/1616
f 664/994/1602 710/1033/1604 711/1034/1616
f 709/1032/1599 656/993/1601 710/1033/1604
f 664/994/1602 709/1032/1599 710/1033/1604
f 660/1042/1684 658/991/1600 709/1032/1599
f 662/992/1603 660/1042/1684 709/1032/1599
f 703/1016/1668 715/1039/1658 701/1018/1671
f 647/1005/1657 715/1039/1658 645/1006/1670
f 647/1005/1657 714/1038/1649 715/1039/1658
f 653/995/1648 714/1038/1649 651/996/1656
f 653/995/1648 713/1037/1647 714/1038/1649
f 659/992/1645 713/1037/1647 661/1036/1643
f 661/1036/1643 713/1037/1647 655/993/1644
