# Blender 4.3.2
# www.blender.org
mtllib 兽6.mtl
o Obj3d66_17342430_40_666.003
v 1948.588867 827.135437 -28308.570312
v 1954.034668 827.279480 -28309.460938
v 1905.886230 827.277344 -28261.312500
v 1906.618652 827.133545 -28266.599609
v 1958.833862 825.567871 -28310.414062
v 1905.076660 825.565979 -28256.658203
v 1960.770996 823.257690 -28310.839844
v 1904.709961 823.256165 -28254.779297
v 1960.558105 820.459778 -28310.792969
v 1904.751709 820.458740 -28254.986328
v 1954.507080 815.854675 -28309.521484
v 1905.846191 815.854736 -28260.861328
v 1953.635010 811.827576 -28309.332031
v 1906.016113 811.828552 -28261.714844
v 1947.047852 807.523438 -28308.181641
v 1907.004639 807.525085 -28268.138672
v 1948.463623 805.602051 -28308.363281
v 1906.867432 805.603882 -28266.767578
v 1950.077759 806.178589 -28308.636719
v 1906.632324 806.180481 -28265.191406
v 1952.709961 804.852051 -28309.093750
v 1906.246582 804.854248 -28262.628906
v 1954.895508 801.690186 -28309.498047
v 1905.904419 801.692993 -28260.507812
v 1956.103760 796.793945 -28309.716797
v 1905.724731 796.797485 -28259.337891
v 1958.863647 789.814758 -28310.339844
v 1905.173340 789.818481 -28256.648438
v 1929.840576 789.784485 -28306.109375
v 1907.367065 789.768372 -28297.486328
v 1908.924805 789.786682 -28284.798828
v 1917.428711 789.767456 -28307.546875
v 1916.310669 799.155945 -28308.798828
v 1905.901611 799.156860 -28298.390625
v 1912.890259 802.876038 -28310.386719
v 1904.211670 802.876648 -28301.708984
v 1908.291748 804.432190 -28313.005859
v 1901.534668 804.432678 -28306.250000
v 1907.861572 803.732971 -28313.236328
v 1901.317993 803.733337 -28306.693359
v 1906.689209 804.140991 -28314.125000
v 1900.420166 804.141357 -28307.857422
v 1906.395874 805.197876 -28314.443359
v 1900.079102 805.198242 -28308.128906
v 1903.723145 808.458679 -28317.121094
v 1897.345215 808.459045 -28310.746094
v 1904.191528 810.959534 -28316.820312
v 1897.603027 810.959839 -28310.232422
v 1904.204346 812.766235 -28316.914062
v 1897.481079 812.766479 -28310.193359
v 1904.825195 813.873352 -28316.380859
v 1897.999023 813.873657 -28309.558594
v 1906.236450 813.344849 -28315.132812
v 1899.257812 813.344849 -28308.154297
v 1907.605225 812.591248 -28314.050781
v 1900.354004 812.591492 -28306.800781
v 1909.032715 812.474792 -28313.087891
v 1901.327271 812.474854 -28305.384766
v 1909.833496 814.800049 -28312.716797
v 1901.677856 814.800049 -28304.562500
v 1905.938599 816.099487 -28307.722656
v 1908.334473 816.328369 -28306.019531
v 1914.448242 815.323242 -28310.498047
v 1903.945801 815.323242 -28299.996094
v 1916.116699 814.980591 -28309.869141
v 1904.600830 814.980652 -28298.353516
v 1920.370728 815.388489 -28308.683594
v 1905.853760 815.388550 -28294.167969
v 1924.123779 818.652344 -28308.068359
v 1906.520752 818.652161 -28290.464844
v 1906.956299 819.456360 -28287.359375
v 1927.027100 819.390381 -28307.720703
v 1931.957275 819.730042 -28307.423828
v 1907.334473 819.729736 -28282.802734
v 1936.709717 823.065186 -28307.478516
v 1907.389160 823.064270 -28278.158203
v 1947.413452 824.027283 -28308.402344
v 1906.753662 824.025940 -28267.744141
v 1929.619873 792.354248 -28306.298828
v 1928.904053 800.130371 -28306.824219
v 1928.722168 801.978760 -28306.937500
v 1927.406250 814.072449 -28307.552734
v 1908.205566 798.226440 -28285.367188
v 1907.957397 801.496460 -28285.619141
v 1907.846191 803.050659 -28285.744141
v 1684.353516 754.347534 -28526.773438
v 1688.912598 755.580383 -28530.857422
v 1684.572754 755.512146 -28526.562500
v 1688.693359 754.415771 -28531.068359
v 1690.089844 754.527649 -28529.630859
v 1685.748779 754.460754 -28525.335938
v 1690.407227 753.032349 -28529.285156
v 1686.065918 752.965942 -28524.990234
v 1691.903320 751.407288 -28527.724609
v 1687.560547 751.342285 -28523.429688
v 1691.619629 749.702576 -28527.994141
v 1687.276855 749.637451 -28523.699219
v 1692.890137 749.046143 -28526.677734
v 1688.546387 748.982361 -28522.382812
v 1692.645020 748.404785 -28526.921875
v 1688.301270 748.340637 -28522.626953
v 1694.016602 747.203247 -28525.494141
v 1689.671875 747.140686 -28521.199219
v 1693.777100 746.492981 -28525.732422
v 1689.432129 746.430237 -28521.437500
v 1694.465332 743.907959 -28524.990234
v 1690.119873 743.846069 -28520.695312
v 1695.292969 743.444336 -28524.132812
v 1690.947021 743.383240 -28519.835938
v 1695.034180 743.017151 -28524.392578
v 1690.688477 742.955872 -28520.097656
v 1696.887695 741.328735 -28522.464844
v 1692.540039 741.269348 -28518.167969
v 1696.692871 740.787292 -28522.656250
v 1692.345947 740.727783 -28518.361328
v 1697.148682 739.772888 -28522.175781
v 1692.801025 739.713989 -28517.878906
v 1699.024170 740.603394 -28520.255859
v 1694.675293 740.545959 -28515.960938
v 1699.311279 737.442261 -28519.919922
v 1694.961914 737.385437 -28515.625000
v 1698.617676 736.636841 -28520.623047
v 1694.268555 736.579468 -28516.328125
v 1699.130127 735.421082 -28520.080078
v 1694.781250 735.364136 -28515.785156
v 1698.762207 734.371338 -28520.445312
v 1694.413086 734.314392 -28516.148438
v 1694.089844 732.913086 -28525.230469
v 1689.744629 732.851990 -28520.937500
v 1692.556152 736.988159 -28526.863281
v 1688.211914 736.925293 -28522.570312
v 1691.763184 737.632690 -28527.687500
v 1687.419922 737.568848 -28523.394531
v 1693.266602 732.774536 -28526.076172
v 1688.921875 732.712646 -28521.783203
v 1691.036621 731.949646 -28528.359375
v 1686.694092 731.885742 -28524.066406
v 1688.911865 739.744568 -28530.650391
v 1684.571777 739.677734 -28526.357422
v 1688.975586 742.071777 -28530.615234
v 1684.635254 742.004883 -28526.322266
v 1690.012207 744.654663 -28529.582031
v 1685.670654 744.588440 -28525.289062
v 1689.225586 746.753479 -28530.419922
v 1684.885254 746.686340 -28526.125000
v 1687.988281 747.492981 -28531.703125
v 1683.649414 747.424683 -28527.410156
v 1687.546875 746.557190 -28532.144531
v 1683.208252 746.488464 -28527.851562
v 1685.327148 750.039246 -28534.476562
v 1680.990967 749.968140 -28530.183594
v 1685.518799 751.285156 -28534.294922
v 1681.182617 751.214172 -28530.001953
v 1686.059570 751.523193 -28533.740234
v 1681.722656 751.452576 -28529.449219
v 1686.253906 752.191345 -28533.550781
v 1681.916504 752.120850 -28529.257812
v 1687.339600 752.620056 -28532.437500
v 1683.001465 752.550659 -28528.144531
v 1688.145264 754.900635 -28531.638672
v 1683.806396 754.831787 -28527.343750
v 1661.933105 746.247375 -28548.564453
v 1666.755371 746.603149 -28551.910156
v 1662.647217 746.508850 -28547.830078
v 1666.040039 746.342285 -28552.644531
v 1667.101562 747.650635 -28551.564453
v 1662.992676 747.556885 -28547.484375
v 1667.933594 747.680359 -28550.708984
v 1663.823975 747.587280 -28546.626953
v 1667.732178 748.120667 -28550.921875
v 1663.623047 748.027283 -28546.839844
v 1668.875244 748.509644 -28549.748047
v 1664.763916 748.417236 -28545.666016
v 1669.149902 749.483337 -28549.476562
v 1665.038574 749.391052 -28545.392578
v 1669.657715 748.817993 -28548.947266
v 1665.545410 748.726379 -28544.863281
v 1670.368652 750.106140 -28548.228516
v 1666.254883 750.015076 -28544.144531
v 1670.914062 747.994385 -28547.646484
v 1666.799805 747.904053 -28543.562500
v 1671.705322 746.289062 -28546.814453
v 1667.589844 746.199768 -28542.730469
v 1671.576172 745.103149 -28546.935547
v 1667.461182 745.013794 -28542.851562
v 1672.930176 744.311951 -28545.533203
v 1668.813477 744.223877 -28541.449219
v 1672.770752 743.696350 -28545.691406
v 1668.654297 743.608276 -28541.605469
v 1673.493164 742.548645 -28544.935547
v 1669.375977 742.461243 -28540.851562
v 1674.530273 741.741943 -28543.861328
v 1670.411133 741.655640 -28539.775391
v 1674.166992 740.997742 -28544.226562
v 1670.048340 740.911194 -28540.142578
v 1674.450195 739.344788 -28543.919922
v 1670.331055 739.258789 -28539.833984
v 1675.554199 739.111389 -28542.781250
v 1671.434082 739.026367 -28538.695312
v 1675.474121 738.170471 -28542.853516
v 1671.353760 738.085449 -28538.767578
v 1677.855469 736.360352 -28540.384766
v 1673.732422 736.277771 -28536.298828
v 1678.391846 735.164734 -28539.822266
v 1674.267822 735.082886 -28535.734375
v 1677.288086 735.384888 -28540.958984
v 1673.165283 735.301941 -28536.873047
v 1678.560059 733.168091 -28539.628906
v 1674.436035 733.086548 -28535.541016
v 1678.085449 732.771851 -28540.111328
v 1673.961914 732.689941 -28536.025391
v 1679.012451 730.435181 -28539.134766
v 1674.887695 730.354370 -28535.048828
v 1678.322998 730.315735 -28539.843750
v 1674.199219 730.234375 -28535.755859
v 1678.464111 729.354492 -28539.687500
v 1674.340088 729.273254 -28535.601562
v 1679.958496 728.947083 -28538.146484
v 1675.832520 728.867188 -28534.058594
v 1675.980957 728.009644 -28542.226562
v 1671.859863 727.926453 -28538.142578
v 1675.817871 728.721985 -28542.402344
v 1671.697266 728.638489 -28538.318359
v 1672.937500 733.707947 -28545.417969
v 1668.820312 733.621277 -28541.333984
v 1672.499512 732.539185 -28545.855469
v 1668.383301 732.451965 -28541.771484
v 1673.513184 728.247986 -28544.767578
v 1669.395264 728.162537 -28540.685547
v 1671.458496 727.669250 -28546.875000
v 1667.343262 727.582092 -28542.792969
v 1669.371094 735.934143 -28549.109375
v 1665.258789 735.843994 -28545.027344
v 1670.008789 739.989746 -28548.494141
v 1665.895996 739.899475 -28544.412109
v 1668.425049 743.027588 -28550.156250
v 1664.314453 742.935486 -28546.074219
v 1668.066895 741.244141 -28550.505859
v 1663.956543 741.151978 -28546.423828
v 1667.301270 742.486267 -28551.306641
v 1663.192383 742.393188 -28547.224609
v 1666.916504 744.487549 -28551.722656
v 1662.808105 744.393982 -28547.642578
v 1666.116455 744.591248 -28552.546875
v 1662.009766 744.496765 -28548.466797
v 1618.197754 735.898254 -28595.580078
v 1620.603027 735.253052 -28597.345703
v 1618.509521 735.181091 -28595.251953
v 1620.290527 735.970459 -28597.671875
v 1620.623779 733.437439 -28597.304688
v 1618.530273 733.365784 -28595.212891
v 1621.203613 731.936890 -28596.695312
v 1619.109863 731.865540 -28594.601562
v 1621.439697 728.896545 -28596.421875
v 1619.345459 728.825745 -28594.328125
v 1621.813232 729.014893 -28596.039062
v 1619.718262 728.944275 -28593.945312
v 1622.773193 732.059448 -28595.085938
v 1620.676514 731.989075 -28592.990234
v 1623.235840 733.254272 -28594.623047
v 1621.139160 733.184082 -28592.527344
v 1624.734375 732.528076 -28593.078125
v 1622.635742 732.458679 -28590.980469
v 1625.262695 727.857056 -28592.490234
v 1623.163086 727.788391 -28590.392578
v 1624.913574 727.150452 -28592.841797
v 1622.814453 727.081787 -28590.744141
v 1625.694824 722.323547 -28591.990234
v 1623.595215 722.255676 -28589.892578
v 1625.315918 721.563782 -28592.371094
v 1623.216797 721.495789 -28590.273438
v 1616.840088 720.820740 -28601.050781
v 1614.752686 720.748535 -28598.960938
v 1616.321777 722.752441 -28601.601562
v 1614.234863 722.679749 -28599.513672
v 1616.558105 726.021545 -28601.394531
v 1614.470947 725.948547 -28599.306641
v 1615.697021 725.368591 -28602.269531
v 1613.611328 725.295288 -28600.181641
v 1615.445312 726.784180 -28602.542969
v 1613.359863 726.710388 -28600.455078
v 1614.721191 726.796143 -28603.285156
v 1612.636475 726.722046 -28601.199219
v 1614.783691 727.633484 -28603.230469
v 1612.699219 727.559265 -28601.142578
v 1615.939941 728.822449 -28602.058594
v 1613.853516 728.748840 -28599.970703
v 1615.692871 729.390259 -28602.316406
v 1613.606934 729.316284 -28600.230469
v 1615.837402 729.953857 -28602.175781
v 1613.750977 729.879944 -28600.087891
v 1616.212891 730.138672 -28601.792969
v 1614.125977 730.064880 -28599.703125
v 1616.456543 730.796143 -28601.548828
v 1614.369141 730.722351 -28599.460938
v 1616.827637 730.336975 -28601.164062
v 1614.740234 730.263550 -28599.074219
v 1617.444580 729.944092 -28600.527344
v 1615.355957 729.870972 -28598.439453
v 1617.781250 728.984985 -28600.173828
v 1615.692383 728.912292 -28598.082031
v 1618.426025 728.984253 -28599.511719
v 1616.336426 728.911743 -28597.421875
v 1618.893066 730.436584 -28599.048828
v 1616.802246 730.364136 -28596.957031
v 1618.750488 731.189575 -28599.203125
v 1616.660156 731.116943 -28597.111328
v 1619.168213 732.990479 -28598.792969
v 1617.076660 732.918091 -28596.701172
v 1618.767578 733.216492 -28599.207031
v 1616.677246 733.143677 -28597.115234
v 1618.708252 733.778687 -28599.273438
v 1616.617676 733.705872 -28597.181641
v 1618.408691 734.360779 -28599.585938
v 1616.318359 734.287781 -28597.496094
v 1618.470215 735.212585 -28599.531250
v 1616.379883 735.139343 -28597.441406
v 1618.925781 736.261536 -28599.076172
v 1616.834961 736.188477 -28596.984375
v 1618.747559 736.655884 -28599.261719
v 1616.656738 736.582642 -28597.171875
v 1619.051758 737.076538 -28598.955078
v 1616.960938 737.003479 -28596.863281
v 1619.910156 737.047791 -28598.074219
v 1617.817871 736.975159 -28595.980469
v 1620.528320 736.624146 -28597.435547
v 1618.435547 736.551941 -28595.341797
v 1721.586426 762.450989 -28491.070312
v 1727.038086 762.868835 -28494.660156
v 1722.478516 762.825439 -28490.160156
v 1726.145752 762.495056 -28495.570312
v 1727.555664 763.827148 -28494.142578
v 1722.996094 763.784241 -28489.642578
v 1729.610352 764.128845 -28492.039062
v 1725.050781 764.087891 -28487.541016
v 1730.365234 764.577393 -28491.271484
v 1725.805420 764.536987 -28486.773438
v 1733.338867 761.272888 -28488.181641
v 1728.779053 761.235291 -28483.683594
v 1735.030518 755.993958 -28486.380859
v 1730.470215 755.958252 -28481.882812
v 1738.884766 750.947876 -28482.369141
v 1734.323730 750.915894 -28477.873047
v 1740.229980 751.945679 -28481.005859
v 1735.669678 751.914856 -28476.509766
v 1740.682129 750.586548 -28480.525391
v 1736.122070 750.556152 -28476.029297
v 1740.173340 747.153687 -28481.000000
v 1735.612793 747.123047 -28476.503906
v 1740.463867 745.816650 -28480.685547
v 1735.902832 745.786438 -28476.189453
v 1739.908936 743.999573 -28481.228516
v 1735.348145 743.968750 -28476.732422
v 1735.724609 742.581177 -28485.492188
v 1731.163086 742.546875 -28480.996094
v 1734.734375 744.117676 -28486.527344
v 1730.172607 744.082336 -28482.029297
v 1734.507324 747.001343 -28486.796875
v 1729.946289 746.965759 -28482.300781
v 1733.281738 748.168762 -28488.068359
v 1728.720215 748.132080 -28483.570312
v 1734.175781 743.853088 -28487.095703
v 1729.614014 743.817444 -28482.597656
v 1734.941895 742.206665 -28486.289062
v 1730.380371 742.171692 -28481.791016
v 1732.409912 741.480469 -28488.873047
v 1727.848633 741.443237 -28484.375000
v 1731.934570 743.661865 -28489.388672
v 1727.373291 743.624146 -28484.890625
v 1729.673584 750.866943 -28491.800781
v 1725.112793 750.826782 -28487.302734
v 1730.578125 754.160767 -28490.916016
v 1726.017822 754.121094 -28486.417969
v 1730.707520 756.949890 -28490.820312
v 1726.147461 756.910034 -28486.322266
v 1729.409180 758.722351 -28492.173828
v 1724.849121 758.681458 -28487.675781
v 1728.572266 757.828064 -28493.021484
v 1724.011963 757.786438 -28488.523438
v 1727.675781 759.401672 -28493.960938
v 1723.116211 759.359192 -28489.460938
v 1726.471191 760.727234 -28495.212891
v 1721.911377 760.683472 -28490.714844
v 1701.854492 759.258789 -28509.576172
v 1708.733643 759.128845 -28512.291016
v 1703.819336 759.055786 -28507.519531
v 1706.767578 759.333740 -28514.347656
v 1709.142090 760.104187 -28511.873047
v 1704.227539 760.031494 -28507.101562
v 1709.688477 759.243835 -28511.294922
v 1704.773926 759.171570 -28506.521484
v 1710.423340 759.465759 -28510.529297
v 1705.508057 759.394287 -28505.755859
v 1710.719238 758.237976 -28510.207031
v 1705.803711 758.166992 -28505.435547
v 1710.190430 757.908447 -28510.755859
v 1705.275391 757.836975 -28505.984375
v 1711.696777 755.546875 -28509.160156
v 1706.780273 755.476868 -28504.388672
v 1713.644531 750.782776 -28507.078125
v 1708.727051 750.715149 -28502.306641
v 1715.893066 748.752075 -28504.710938
v 1710.974365 748.686646 -28499.939453
v 1718.659180 744.230469 -28501.779297
v 1713.739746 744.168152 -28497.007812
v 1719.331055 745.875183 -28501.093750
v 1714.411377 745.813354 -28496.322266
v 1720.326660 744.368958 -28500.039062
v 1715.406738 744.308289 -28495.269531
v 1721.238281 740.594482 -28499.050781
v 1716.317871 740.534790 -28494.281250
v 1713.202148 738.030945 -28507.414062
v 1708.284180 737.963989 -28502.644531
v 1713.304199 739.224976 -28507.320312
v 1708.386230 739.158081 -28502.548828
v 1712.035889 741.390076 -28508.666016
v 1707.118652 741.321594 -28503.896484
v 1712.761230 737.806641 -28507.873047
v 1707.843262 737.739441 -28503.103516
v 1711.384766 737.426758 -28509.306641
v 1706.468018 737.358093 -28504.537109
v 1710.051270 741.635437 -28510.742188
v 1705.135254 741.565186 -28505.972656
v 1708.820068 744.400635 -28512.056641
v 1703.904785 744.328857 -28507.285156
v 1708.641113 747.113953 -28512.269531
v 1703.726074 747.041748 -28507.500000
v 1709.198242 749.617249 -28511.712891
v 1704.282959 749.545349 -28506.941406
v 1708.567139 751.883789 -28512.394531
v 1703.652588 751.810974 -28507.623047
v 1706.870605 753.471741 -28514.183594
v 1701.957520 753.397156 -28509.412109
v 1705.480469 754.195190 -28515.644531
v 1700.567871 754.119263 -28510.873047
v 1704.664062 755.632446 -28516.511719
v 1699.751953 755.555542 -28511.740234
v 1704.673340 757.348450 -28516.519531
v 1699.761719 757.271484 -28511.746094
v 1706.076660 757.863647 -28515.056641
v 1701.164062 757.788086 -28510.283203
v 1648.165039 746.440491 -28563.748047
v 1652.293945 744.752991 -28565.291016
v 1649.356445 744.669373 -28562.466797
v 1651.101074 746.524963 -28566.570312
v 1653.308594 743.944885 -28564.207031
v 1650.369629 743.861938 -28561.382812
v 1653.888672 741.269470 -28563.574219
v 1650.948730 741.187134 -28560.750000
v 1655.063721 737.329346 -28562.302734
v 1652.122559 737.248352 -28559.478516
v 1658.126953 734.270264 -28559.025391
v 1655.182129 734.191284 -28556.199219
v 1659.264648 736.139648 -28557.826172
v 1656.318359 736.061279 -28554.998047
v 1659.565430 735.832153 -28557.503906
v 1656.618896 735.753845 -28554.675781
v 1660.032227 732.909851 -28556.990234
v 1657.085449 732.832092 -28554.164062
v 1659.676270 728.382385 -28557.343750
v 1656.729736 728.304993 -28554.517578
v 1659.795654 726.667786 -28557.208984
v 1656.848877 726.590576 -28554.380859
v 1654.710693 725.650635 -28562.611328
v 1651.770508 725.570679 -28559.789062
v 1655.621094 727.641663 -28561.654297
v 1652.679443 727.561951 -28558.830078
v 1656.119385 728.014771 -28561.126953
v 1653.176758 727.935486 -28558.302734
v 1655.116699 731.087646 -28562.210938
v 1652.175293 731.007385 -28559.386719
v 1653.312500 731.405640 -28564.132812
v 1650.373535 731.324280 -28561.308594
v 1653.234863 731.231689 -28564.212891
v 1650.295898 731.150085 -28561.390625
v 1653.191895 730.737366 -28564.255859
v 1650.253418 730.655945 -28561.433594
v 1653.175537 730.041870 -28564.269531
v 1650.237305 729.960449 -28561.447266
v 1653.177979 729.263855 -28564.261719
v 1650.239258 729.182678 -28561.439453
v 1653.190918 728.522339 -28564.244141
v 1650.252441 728.441040 -28561.421875
v 1653.206055 727.936035 -28564.224609
v 1650.267334 727.855042 -28561.402344
v 1653.215820 727.624084 -28564.212891
v 1650.277100 727.542847 -28561.390625
v 1653.215820 727.447144 -28564.210938
v 1650.277588 727.366089 -28561.388672
v 1653.208984 727.195679 -28564.216797
v 1650.270508 727.114685 -28561.394531
v 1653.196289 726.882141 -28564.228516
v 1650.257568 726.801147 -28561.406250
v 1653.178711 726.518738 -28564.246094
v 1650.239990 726.437866 -28561.423828
v 1653.157227 726.118286 -28564.265625
v 1650.218750 726.037292 -28561.443359
v 1653.133545 725.692749 -28564.289062
v 1650.194824 725.611938 -28561.466797
v 1653.108398 725.254944 -28564.312500
v 1650.170166 725.174072 -28561.490234
v 1650.861328 724.829346 -28566.699219
v 1647.926270 724.747375 -28563.878906
v 1651.820801 728.352844 -28565.701172
v 1648.883789 728.270935 -28562.878906
v 1651.609863 730.904785 -28565.939453
v 1648.673340 730.822388 -28563.119141
v 1650.559570 734.118042 -28567.074219
v 1647.624512 734.034546 -28564.253906
v 1651.539551 737.269043 -28566.050781
v 1648.603271 737.185852 -28563.228516
v 1650.836182 739.439087 -28566.810547
v 1647.900879 739.355286 -28563.990234
v 1649.998047 737.918091 -28567.695312
v 1647.063477 737.833740 -28564.875000
v 1648.938477 740.810852 -28568.837891
v 1646.005371 740.725586 -28566.017578
v 1648.453613 741.038452 -28569.355469
v 1645.521484 740.952881 -28566.535156
v 1648.282471 742.275452 -28569.544922
v 1645.350586 742.189636 -28566.724609
v 1648.363770 743.406738 -28569.464844
v 1645.431641 743.320984 -28566.644531
v 1648.739014 743.637878 -28569.066406
v 1645.806396 743.552185 -28566.246094
v 1649.185059 743.245789 -28568.589844
v 1646.251953 743.160339 -28565.769531
v 1649.348633 744.185974 -28568.421875
v 1646.415039 744.100647 -28565.601562
v 1649.968262 744.467651 -28567.763672
v 1647.034180 744.382751 -28564.941406
v 1650.451172 747.237488 -28567.265625
v 1647.516113 747.152466 -28564.443359
v 1635.188965 738.874634 -28577.466797
v 1636.917480 736.156189 -28580.818359
v 1634.362549 736.075867 -28578.312500
v 1637.745117 738.954773 -28579.972656
v 1637.550781 735.018494 -28580.148438
v 1634.994873 734.938660 -28577.642578
v 1637.814209 734.112061 -28579.865234
v 1635.258301 734.032593 -28577.361328
v 1638.435059 733.814636 -28579.214844
v 1635.877686 733.735535 -28576.710938
v 1638.241211 732.487976 -28579.408203
v 1635.684570 732.408752 -28576.902344
v 1638.876709 731.366882 -28578.736328
v 1636.319336 731.288147 -28576.230469
v 1639.489258 729.540955 -28578.083984
v 1636.931152 729.462891 -28575.578125
v 1639.207031 728.542175 -28578.371094
v 1636.648682 728.464050 -28575.865234
v 1639.719238 726.545837 -28577.822266
v 1637.160156 726.468384 -28575.316406
v 1642.413330 723.576050 -28574.986328
v 1639.851074 723.500488 -28572.478516
v 1638.606934 723.047485 -28578.957031
v 1636.049805 722.969788 -28576.453125
v 1636.946289 728.671448 -28580.732422
v 1634.391602 728.592163 -28578.228516
v 1636.064941 728.636963 -28581.652344
v 1633.511719 728.557068 -28579.148438
v 1636.034668 725.518188 -28581.662109
v 1633.480957 725.438782 -28579.158203
v 1635.637451 723.512390 -28582.060547
v 1633.084961 723.432983 -28579.558594
v 1637.048828 722.927551 -28580.582031
v 1634.494141 722.848877 -28578.078125
v 1631.748535 722.225342 -28586.107422
v 1629.201660 722.143860 -28583.609375
v 1634.299805 723.456482 -28583.455078
v 1631.749023 723.376160 -28580.955078
v 1635.006836 726.605347 -28582.742188
v 1632.454834 726.525146 -28580.240234
v 1634.347900 730.448669 -28583.458984
v 1631.796875 730.367676 -28580.957031
v 1635.134277 734.273560 -28582.666016
v 1632.582031 734.192444 -28580.164062
v 1634.496094 735.036255 -28583.337891
v 1631.944580 734.954590 -28580.835938
v 1634.204834 733.784058 -28583.632812
v 1631.653809 733.702393 -28581.130859
v 1633.342773 735.253845 -28584.542969
v 1630.793457 735.171448 -28582.042969
v 1632.864990 734.540588 -28585.037109
v 1630.316406 734.458191 -28582.535156
v 1632.473389 735.417542 -28585.453125
v 1629.925049 735.334778 -28582.953125
v 1633.027100 737.062439 -28584.886719
v 1630.477539 736.979736 -28582.386719
v 1632.974121 737.559448 -28584.945312
v 1630.424805 737.476746 -28582.445312
v 1633.344238 738.823547 -28584.568359
v 1630.794434 738.740845 -28582.066406
v 1634.070801 739.006287 -28583.810547
v 1631.519531 738.923950 -28581.308594
v 1634.420654 738.754883 -28583.443359
v 1631.869629 738.672791 -28580.941406
v 1634.711914 739.343079 -28583.144531
v 1632.159912 739.261047 -28580.640625
v 1635.154297 739.129639 -28582.681641
v 1632.601562 739.047852 -28580.177734
v 1636.046387 739.859985 -28581.753906
v 1633.492432 739.778748 -28579.250000
v 1636.194824 739.419434 -28581.595703
v 1633.641113 739.338379 -28579.091797
v 1637.538574 740.004456 -28580.197266
v 1634.982910 739.924072 -28577.691406
v 1787.616455 816.010681 -28417.451172
v 1799.545410 817.497375 -28422.917969
v 1790.906250 817.599548 -28414.203125
v 1796.254639 815.910339 -28426.166016
v 1802.854980 816.170288 -28419.607422
v 1794.215088 816.274048 -28410.892578
v 1804.630371 813.266785 -28417.798828
v 1795.989746 813.371277 -28409.083984
v 1805.320068 809.146545 -28417.050781
v 1796.679688 809.251282 -28408.337891
v 1803.156738 801.001770 -28419.080078
v 1794.516602 801.105042 -28410.367188
v 1803.822998 794.937134 -28418.328125
v 1795.182861 795.040344 -28409.613281
v 1801.092041 787.031860 -28420.923828
v 1792.452881 787.133484 -28412.208984
v 1802.552246 784.610352 -28419.435547
v 1793.913086 784.712646 -28410.720703
v 1803.366211 785.854553 -28418.644531
v 1794.726318 785.957336 -28409.931641
v 1805.341797 784.583069 -28416.662109
v 1796.701660 784.686646 -28407.947266
v 1807.560791 780.522278 -28414.394531
v 1798.920410 780.626953 -28405.679688
v 1809.702881 773.699280 -28412.162109
v 1801.061768 773.804688 -28403.449219
v 1813.289795 764.192871 -28408.455078
v 1804.647461 764.299561 -28399.740234
v 1785.026855 752.446960 -28436.378906
v 1776.392090 752.537476 -28427.662109
v 1780.573730 765.392944 -28441.000000
v 1771.940674 765.480286 -28432.283203
v 1775.829590 769.298645 -28445.775391
v 1767.198486 769.382080 -28437.058594
v 1770.092773 769.395752 -28451.476562
v 1761.463867 769.473877 -28442.759766
v 1769.812500 768.180481 -28451.738281
v 1761.183594 768.258057 -28443.019531
v 1768.185059 768.156677 -28453.353516
v 1759.556641 768.232666 -28444.636719
v 1767.430176 769.511292 -28454.125000
v 1758.801758 769.586548 -28445.408203
v 1762.564941 772.657593 -28459.005859
v 1753.938721 772.727539 -28450.287109
v 1762.403809 776.527954 -28459.222656
v 1753.778076 776.597778 -28450.505859
v 1761.819824 779.133057 -28459.843750
v 1753.194092 779.202393 -28451.125000
v 1762.344727 781.089478 -28459.351562
v 1753.718750 781.159485 -28450.632812
v 1764.447510 781.115234 -28457.263672
v 1755.820801 781.187561 -28448.544922
v 1766.460938 780.751587 -28455.257812
v 1757.833008 780.826050 -28446.541016
v 1768.245361 781.297852 -28453.492188
v 1759.616699 781.374390 -28444.775391
v 1768.429932 785.033386 -28453.365234
v 1759.801270 785.110291 -28444.648438
v 1763.618164 788.551636 -28451.287109
v 1762.066162 788.565247 -28449.718750
v 1763.964844 795.665344 -28451.048828
v 1762.412354 795.679077 -28449.480469
v 1764.846191 798.778992 -28450.220703
v 1763.294189 798.792847 -28448.652344
v 1766.162598 801.398865 -28448.951172
v 1764.609863 801.413086 -28447.384766
v 1764.711914 795.583069 -28450.306641
v 1763.159424 795.596985 -28448.738281
v 1765.207520 790.469788 -28449.736328
v 1763.655518 790.483643 -28448.167969
v 1769.080566 792.396179 -28445.916016
v 1767.527588 792.410889 -28444.347656
v 1770.502930 796.356934 -28444.562500
v 1768.950195 796.371887 -28442.994141
v 1769.956543 801.069336 -28445.175781
v 1768.403809 801.084290 -28443.607422
v 1767.226074 804.976440 -28447.949219
v 1765.673340 804.990845 -28446.380859
v 1761.544189 804.214966 -28453.583984
v 1759.991943 804.228455 -28452.015625
v 1762.746826 805.770691 -28452.412109
v 1761.194824 805.784241 -28450.843750
v 1766.656250 806.457092 -28448.537109
v 1765.103516 806.471436 -28446.968750
v 1769.581055 804.541443 -28445.601562
v 1768.028320 804.556274 -28444.033203
v 1771.813965 800.568237 -28443.322266
v 1770.261230 800.583374 -28441.753906
v 1771.980957 796.447571 -28443.093750
v 1770.427979 796.462769 -28441.525391
v 1769.901367 790.474182 -28445.070312
v 1768.348877 790.488770 -28443.501953
v 1773.283203 787.845947 -28448.585938
v 1764.652832 787.927734 -28439.869141
v 1775.063477 788.037781 -28446.818359
v 1766.432373 788.121155 -28438.101562
v 1778.927246 790.268250 -28443.011719
v 1770.294922 790.355042 -28434.294922
v 1781.179199 796.333191 -28440.863281
v 1772.545898 796.422241 -28432.148438
v 1783.538574 798.571472 -28438.550781
v 1774.904541 798.662476 -28429.835938
v 1787.069824 800.458069 -28435.068359
v 1778.434814 800.551636 -28426.353516
v 1789.541016 806.728943 -28432.705078
v 1780.905273 806.824585 -28423.990234
v 1796.417725 811.083862 -28425.933594
v 1787.779541 811.183960 -28417.216797
vn -0.0316 0.9990 -0.0316
vn -0.0316 0.9990 -0.0315
vn 0.3766 0.8463 0.3767
vn 0.3766 0.8463 0.3766
vn 0.3765 0.8465 0.3765
vn 0.6417 0.4201 0.6417
vn 0.6418 0.4198 0.6418
vn 0.7065 -0.0417 0.7065
vn 0.7065 -0.0415 0.7065
vn 0.7065 -0.0419 0.7065
vn 0.5700 -0.5918 0.5700
vn 0.5700 -0.5917 0.5701
vn 0.7021 -0.1192 0.7021
vn 0.7020 -0.1190 0.7021
vn 0.5274 -0.6661 0.5274
vn 0.6437 0.4139 0.6437
vn 0.6438 0.4136 0.6438
vn 0.6436 0.4140 0.6437
vn 0.6437 0.4138 0.6437
vn -0.3673 0.8545 -0.3674
vn -0.3675 0.8544 -0.3673
vn -0.3675 0.8543 -0.3676
vn -0.3675 0.8542 -0.3677
vn 0.4615 0.7576 0.4615
vn 0.4619 0.7573 0.4617
vn 0.4617 0.7574 0.4617
vn 0.6569 0.3702 0.6569
vn 0.6569 0.3701 0.6569
vn 0.6569 0.3700 0.6569
vn 0.6570 0.3697 0.6570
vn 0.7000 0.1416 0.7000
vn 0.7000 0.1415 0.7000
vn 0.6911 0.2117 0.6911
vn 0.6911 0.2116 0.6911
vn 0.0012 -1.0000 0.0013
vn 0.0012 -1.0000 0.0014
vn -0.6961 -0.1757 -0.6961
vn -0.6960 -0.1757 -0.6962
vn -0.6962 -0.1757 -0.6960
vn -0.5120 -0.6896 -0.5122
vn -0.5121 -0.6895 -0.5121
vn -0.5121 -0.6895 -0.5122
vn -0.5122 -0.6896 -0.5120
vn -0.2062 -0.9565 -0.2062
vn -0.2063 -0.9565 -0.2062
vn -0.2061 -0.9566 -0.2062
vn 0.5880 -0.5552 0.5883
vn 0.5881 -0.5551 0.5882
vn 0.5881 -0.5551 0.5883
vn 0.5880 -0.5551 0.5883
vn -0.1907 -0.9630 -0.1905
vn -0.1909 -0.9629 -0.1908
vn -0.1909 -0.9629 -0.1906
vn -0.6545 -0.3791 -0.6542
vn -0.6541 -0.3795 -0.6543
vn -0.6542 -0.3794 -0.6543
vn -0.4616 -0.7575 -0.4617
vn -0.4614 -0.7575 -0.4618
vn -0.4617 -0.7574 -0.4617
vn -0.6907 0.2131 -0.6911
vn -0.6908 0.2127 -0.6910
vn -0.6910 0.2126 -0.6908
vn -0.6908 0.2128 -0.6910
vn -0.7068 -0.0324 -0.7067
vn -0.7066 -0.0322 -0.7068
vn -0.7067 -0.0322 -0.7068
vn -0.7068 -0.0325 -0.7066
vn -0.5691 0.5933 -0.5693
vn -0.5692 0.5932 -0.5693
vn 0.1912 0.9627 0.1912
vn 0.1914 0.9627 0.1913
vn 0.2822 0.9170 0.2820
vn 0.2818 0.9171 0.2820
vn 0.2819 0.9171 0.2820
vn 0.2823 0.9170 0.2820
vn 0.0487 0.9976 0.0487
vn 0.0486 0.9976 0.0487
vn -0.6661 0.3358 -0.6659
vn -0.6659 0.3358 -0.6662
vn -0.6662 0.3356 -0.6660
vn -0.6659 0.3356 -0.6663
vn -0.6066 0.5136 -0.6068
vn 0.4639 0.7547 0.4640
vn 0.1461 0.9784 0.1460
vn 0.1460 0.9785 0.1459
vn 0.1458 0.9785 0.1459
vn -0.0746 0.9944 -0.0746
vn -0.5135 0.6875 -0.5135
vn -0.5136 0.6874 -0.5136
vn -0.5134 0.6875 -0.5135
vn -0.2162 0.9521 -0.2162
vn -0.0545 0.9969 -0.0567
vn -0.0647 0.9958 -0.0647
vn -0.0641 0.9959 -0.0643
vn -0.5010 0.7056 -0.5010
vn -0.5010 0.7057 -0.5010
vn -0.5008 0.7059 -0.5009
vn -0.0974 0.9905 -0.0974
vn -0.6891 0.2239 -0.6892
vn -0.6892 0.2234 -0.6892
vn -0.1344 0.0267 -0.9906
vn 0.0007 -0.0725 -0.9974
vn -0.1210 0.0195 -0.9925
vn 0.1243 -0.1100 -0.9861
vn 0.2008 -0.0699 -0.9771
vn 0.0300 -0.0559 -0.9980
vn -0.1043 0.0318 -0.9940
vn -0.1134 0.0695 -0.9911
vn -0.0460 0.9965 -0.0692
vn 0.3382 0.3265 -0.8826
vn -0.0949 0.9934 -0.0648
vn 0.3185 0.5539 -0.7692
vn -0.1617 0.0080 -0.9868
vn -0.1766 0.0392 -0.9835
vn -0.1316 0.0319 -0.9908
vn -0.1686 0.0046 -0.9857
vn -0.1147 0.1783 -0.9773
vn 0.0439 -0.0461 -0.9980
vn -0.0860 -0.0233 -0.9960
vn 0.5808 -0.0916 -0.8089
vn 0.5803 -0.0855 -0.8099
vn 0.5343 -0.0730 -0.8421
vn 0.6059 -0.0781 -0.7917
vn -0.1781 0.0346 -0.9834
vn -0.1791 0.0092 -0.9838
vn -0.1821 -0.0126 -0.9832
vn -0.1331 -0.0096 -0.9911
vn -0.0788 0.0862 -0.9932
vn -0.0258 0.0211 -0.9994
vn -0.1050 -0.0487 -0.9933
vn 0.0674 -0.0183 -0.9976
vn 0.0934 -0.0217 -0.9954
vn 0.1351 -0.0171 -0.9907
vn 0.2285 -0.0429 -0.9726
vn 0.3940 -0.0797 -0.9156
vn 0.3227 -0.0237 -0.9462
vn 0.5744 -0.0451 -0.8173
vn 0.6380 -0.0589 -0.7678
vn 0.5838 0.0581 -0.8098
vn 0.6437 -0.0264 -0.7648
vn 0.6385 0.0015 -0.7696
vn 0.6644 -0.0337 -0.7466
vn 0.6609 -0.0092 -0.7504
vn -0.9972 -0.0744 0.0037
vn -0.9909 0.0274 -0.1321
vn -0.9934 0.0105 -0.1141
vn -0.9710 -0.0929 0.2203
vn -0.9823 -0.1150 0.1482
vn -0.9961 -0.0821 0.0310
vn -0.9957 0.0233 -0.0892
vn -0.9966 -0.0628 0.0531
vn -0.8799 0.3112 0.3589
vn -0.7810 0.5234 0.3407
vn -0.9876 0.0382 -0.1526
vn -0.9905 0.0076 -0.1374
vn -0.9937 0.0305 -0.1075
vn -0.9934 0.0686 -0.0922
vn -0.9890 0.0015 -0.1479
vn -0.9845 0.1458 -0.0973
vn -0.9966 -0.0480 0.0671
vn -0.8067 -0.1126 0.5802
vn -0.8057 -0.1178 0.5805
vn -0.8369 -0.0946 0.5392
vn -0.7888 -0.1011 0.6063
vn -0.9875 0.0339 -0.1541
vn -0.9878 0.0088 -0.1552
vn -0.9873 -0.0129 -0.1585
vn -0.9940 -0.0103 -0.1085
vn -0.9951 0.0823 -0.0545
vn -0.9999 -0.0132 -0.0044
vn -0.9954 -0.0507 -0.0812
vn -0.9973 -0.0257 -0.0682
vn -0.9922 -0.0391 0.1182
vn -0.9864 -0.0341 0.1608
vn -0.9645 -0.0625 0.2564
vn -0.9083 -0.0968 0.4070
vn -0.9397 -0.0428 0.3392
vn -0.8036 -0.0691 0.5911
vn -0.7647 -0.0822 0.6392
vn -0.8075 0.0314 0.5890
vn -0.7625 -0.0504 0.6450
vn -0.7683 -0.0202 0.6398
vn -0.7451 -0.0544 0.6647
vn -0.7494 -0.0295 0.6614
vn -0.0529 0.9971 -0.0554
vn -0.0215 -0.0753 -0.9969
vn -0.6825 0.2528 -0.6858
vn -0.6825 0.2524 -0.6859
vn -0.6826 0.2525 -0.6858
vn -0.6826 0.2521 -0.6859
vn 0.3634 0.8504 0.3805
vn 0.3635 0.8502 0.3808
vn 0.3634 0.8503 0.3806
vn 0.3636 0.8502 0.3808
vn 0.6684 0.2995 0.6809
vn 0.6686 0.2994 0.6807
vn 0.6684 0.2994 0.6809
vn 0.4162 0.7996 0.4329
vn 0.4163 0.7995 0.4330
vn 0.4162 0.7994 0.4333
vn 0.6870 -0.2239 0.6913
vn 0.6871 -0.2236 0.6913
vn 0.6869 -0.2236 0.6915
vn 0.6871 -0.2239 0.6912
vn 0.2301 0.9414 0.2466
vn 0.2304 0.9412 0.2470
vn 0.2301 0.9414 0.2467
vn 0.2304 0.9412 0.2471
vn 0.6225 -0.4744 0.6225
vn 0.6224 -0.4744 0.6225
vn 0.6225 -0.4744 0.6224
vn 0.6221 -0.4749 0.6225
vn 0.3583 0.8550 0.3749
vn 0.3583 0.8549 0.3752
vn 0.3581 0.8551 0.3749
vn 0.3583 0.8549 0.3753
vn 0.6381 -0.4292 0.6393
vn 0.6382 -0.4288 0.6394
vn 0.6381 -0.4291 0.6393
vn 0.6518 0.3645 0.6651
vn 0.6521 0.3644 0.6648
vn 0.6519 0.3645 0.6650
vn 0.6522 0.3644 0.6647
vn 0.2478 0.9322 0.2637
vn 0.2481 0.9320 0.2644
vn 0.2478 0.9322 0.2638
vn 0.2482 0.9319 0.2644
vn 0.5379 -0.6516 0.5349
vn 0.5375 -0.6522 0.5346
vn 0.5378 -0.6516 0.5349
vn 0.3691 0.8458 0.3851
vn 0.3692 0.8456 0.3855
vn 0.3691 0.8457 0.3853
vn 0.3692 0.8455 0.3856
vn 0.6303 -0.4513 0.6317
vn 0.6301 -0.4517 0.6315
vn 0.6300 -0.4514 0.6319
vn 0.6301 -0.4519 0.6315
vn 0.5846 0.5474 0.5988
vn 0.5844 0.5473 0.5991
vn 0.5846 0.5473 0.5989
vn 0.5844 0.5474 0.5991
vn -0.2144 0.9551 -0.2045
vn -0.2146 0.9551 -0.2042
vn -0.2147 0.9551 -0.2043
vn -0.2143 0.9553 -0.2038
vn 0.6952 0.1380 0.7054
vn 0.6950 0.1381 0.7056
vn 0.6951 0.1381 0.7055
vn 0.6949 0.1382 0.7057
vn 0.4497 -0.7746 0.4448
vn 0.4489 -0.7751 0.4447
vn 0.4496 -0.7746 0.4447
vn 0.4494 -0.7748 0.4447
vn 0.5951 0.5234 0.6098
vn 0.5955 0.5232 0.6096
vn 0.5952 0.5234 0.6097
vn 0.5953 0.5233 0.6097
vn 0.6330 -0.4427 0.6351
vn 0.6328 -0.4428 0.6352
vn 0.6329 -0.4429 0.6351
vn 0.6328 -0.4429 0.6352
vn 0.1571 -0.9769 0.1451
vn 0.1567 -0.9769 0.1451
vn 0.1566 -0.9769 0.1452
vn 0.1562 -0.9770 0.1452
vn -0.6126 -0.4817 -0.6267
vn -0.6124 -0.4817 -0.6269
vn -0.6124 -0.4817 -0.6268
vn -0.6126 -0.4816 -0.6268
vn -0.3384 -0.8714 -0.3552
vn -0.3387 -0.8712 -0.3554
vn -0.3381 -0.8715 -0.3554
vn -0.3388 -0.8712 -0.3554
vn 0.6372 0.4130 0.6507
vn 0.6373 0.4129 0.6507
vn 0.6373 0.4129 0.6506
vn 0.1834 -0.9680 0.1714
vn 0.1832 -0.9680 0.1712
vn 0.1833 -0.9680 0.1713
vn 0.1831 -0.9681 0.1711
vn -0.6502 -0.3718 -0.6626
vn -0.6500 -0.3719 -0.6628
vn -0.6498 -0.3720 -0.6629
vn -0.6496 -0.3720 -0.6631
vn -0.7031 0.0300 -0.7105
vn -0.7032 0.0300 -0.7104
vn -0.7033 0.0299 -0.7102
vn -0.6155 0.4927 -0.6151
vn -0.6156 0.4929 -0.6149
vn -0.6158 0.4928 -0.6148
vn -0.6158 0.4927 -0.6148
vn -0.6134 -0.4797 -0.6274
vn -0.6128 -0.4802 -0.6275
vn -0.6132 -0.4799 -0.6275
vn -0.6132 -0.4800 -0.6274
vn -0.2619 -0.9237 -0.2795
vn -0.2622 -0.9237 -0.2794
vn -0.2618 -0.9239 -0.2792
vn -0.2620 -0.9237 -0.2794
vn 0.5894 -0.5551 0.5869
vn 0.5895 -0.5549 0.5871
vn 0.5895 -0.5549 0.5870
vn -0.5107 -0.6790 -0.5274
vn -0.5110 -0.6789 -0.5273
vn -0.5109 -0.6789 -0.5273
vn -0.5111 -0.6788 -0.5272
vn -0.6900 0.2067 -0.6936
vn -0.6901 0.2069 -0.6935
vn -0.2149 0.9556 -0.2015
vn -0.2147 0.9558 -0.2010
vn -0.2150 0.9556 -0.2015
vn -0.2146 0.9558 -0.2009
vn -0.6546 0.3774 -0.6550
vn -0.6545 0.3771 -0.6553
vn -0.6546 0.3774 -0.6551
vn -0.6546 0.3772 -0.6552
vn -0.1952 0.9637 -0.1819
vn -0.1949 0.9639 -0.1812
vn -0.1952 0.9638 -0.1817
vn -0.1948 0.9640 -0.1811
vn -0.6333 0.4455 -0.6328
vn -0.6335 0.4454 -0.6327
vn -0.6332 0.4456 -0.6328
vn -0.6335 0.4455 -0.6327
vn 0.3607 0.8527 0.3780
vn 0.3606 0.8526 0.3781
vn -0.7175 0.0090 0.6965
vn -0.7176 0.0089 0.6964
vn -0.7176 0.0091 0.6964
vn -0.7177 0.0090 0.6962
vn -0.7177 0.0090 0.6963
vn -0.7178 0.0092 0.6962
vn -0.7178 0.0091 0.6962
vn -0.7177 0.0092 0.6963
vn -0.7172 0.0090 0.6968
vn -0.7173 0.0090 0.6967
vn -0.7174 0.0088 0.6966
vn -0.7175 0.0092 0.6965
vn -0.7176 0.0092 0.6964
vn -0.7179 0.0090 0.6961
vn -0.7174 0.0089 0.6966
vn -0.7176 0.0090 0.6964
vn -0.7174 0.0091 0.6966
vn -0.7174 0.0092 0.6966
vn -0.7175 0.0091 0.6965
vn -0.7181 0.0092 0.6959
vn -0.7179 0.0091 0.6961
vn 0.7171 -0.0089 -0.6969
vn 0.7169 -0.0092 -0.6971
vn 0.7169 -0.0094 -0.6971
vn 0.7170 -0.0089 -0.6970
vn 0.7172 -0.0092 -0.6968
vn 0.7173 -0.0091 -0.6967
vn 0.7175 -0.0092 -0.6965
vn 0.7171 -0.0091 -0.6969
vn 0.7168 -0.0090 -0.6972
vn 0.7172 -0.0091 -0.6968
vn 0.7171 -0.0092 -0.6969
vn 0.7170 -0.0092 -0.6970
vn 0.7175 -0.0093 -0.6965
vn 0.7170 -0.0091 -0.6970
vn 0.7174 -0.0089 -0.6966
vn 0.7175 -0.0091 -0.6965
vn 0.7170 -0.0093 -0.6970
vn 0.7169 -0.0091 -0.6971
vn 0.7174 -0.0091 -0.6966
vn 0.7174 -0.0092 -0.6966
vn -0.1857 0.9687 -0.1645
vn -0.1850 0.9690 -0.1638
vn -0.1856 0.9688 -0.1644
vn -0.1852 0.9689 -0.1640
vn -0.6434 0.4227 -0.6383
vn -0.6434 0.4230 -0.6380
vn -0.6433 0.4229 -0.6382
vn -0.6434 0.4231 -0.6380
vn -0.0295 0.9995 -0.0070
vn -0.0292 0.9996 -0.0064
vn -0.0294 0.9995 -0.0069
vn -0.0291 0.9996 -0.0064
vn -0.5807 -0.5532 -0.5973
vn -0.1741 0.9727 -0.1536
vn -0.1743 0.9727 -0.1530
vn -0.1741 0.9727 -0.1534
vn -0.1743 0.9727 -0.1529
vn -0.6589 0.3699 -0.6550
vn -0.6589 0.3695 -0.6552
vn -0.6588 0.3698 -0.6551
vn 0.4650 0.7406 0.4850
vn 0.4649 0.7408 0.4849
vn -0.5613 0.6169 -0.5518
vn -0.5613 0.6170 -0.5515
vn -0.5615 0.6168 -0.5516
vn -0.5613 0.6171 -0.5514
vn 0.6550 0.3535 0.6678
vn 0.6551 0.3536 0.6677
vn 0.6550 0.3537 0.6677
vn 0.5780 0.5585 0.5949
vn 0.5782 0.5585 0.5948
vn 0.5781 0.5585 0.5949
vn 0.6982 -0.1474 0.7006
vn 0.6985 -0.1474 0.7003
vn 0.6982 -0.1474 0.7005
vn 0.2544 0.9267 0.2766
vn 0.2551 0.9264 0.2769
vn 0.2545 0.9267 0.2767
vn 0.2547 0.9266 0.2768
vn 0.6657 -0.3416 0.6635
vn 0.6654 -0.3424 0.6633
vn 0.6656 -0.3418 0.6634
vn 0.6655 -0.3423 0.6633
vn 0.5135 0.6731 0.5322
vn 0.5133 0.6735 0.5319
vn 0.3250 0.8801 0.3462
vn 0.3252 0.8799 0.3465
vn 0.3251 0.8800 0.3463
vn 0.3256 0.8797 0.3466
vn 0.5848 -0.5694 0.5777
vn 0.5848 -0.5696 0.5776
vn 0.5849 -0.5694 0.5777
vn 0.6802 0.2454 0.6907
vn 0.6801 0.2452 0.6909
vn 0.6802 0.2453 0.6908
vn 0.0918 0.9893 0.1131
vn 0.0919 0.9893 0.1135
vn 0.0918 0.9893 0.1132
vn 0.0920 0.9893 0.1136
vn 0.7007 -0.1144 0.7043
vn 0.7008 -0.1137 0.7042
vn 0.7007 -0.1143 0.7043
vn 0.3192 0.8846 0.3401
vn 0.3194 0.8844 0.3403
vn 0.3193 0.8845 0.3402
vn 0.3195 0.8843 0.3404
vn 0.5843 0.5457 0.6006
vn 0.5844 0.5455 0.6007
vn 0.5843 0.5456 0.6007
vn 0.5845 0.5455 0.6007
vn -0.0862 -0.9905 -0.1071
vn -0.0867 -0.9904 -0.1074
vn -0.0863 -0.9905 -0.1072
vn -0.0868 -0.9904 -0.1074
vn 0.5349 0.6392 0.5526
vn 0.5350 0.6389 0.5528
vn 0.5349 0.6391 0.5527
vn 0.5350 0.6390 0.5527
vn 0.3641 -0.8630 0.3501
vn 0.3639 -0.8632 0.3499
vn 0.3641 -0.8630 0.3502
vn 0.3638 -0.8632 0.3499
vn 0.6047 0.4992 0.6205
vn 0.6049 0.4992 0.6204
vn 0.6048 0.4992 0.6205
vn 0.6050 0.4992 0.6203
vn 0.0949 -0.9926 0.0759
vn 0.0944 -0.9927 0.0757
vn 0.0949 -0.9926 0.0758
vn 0.0943 -0.9927 0.0757
vn 0.6856 0.2126 0.6962
vn 0.6856 0.2132 0.6961
vn 0.6856 0.2125 0.6962
vn 0.6856 0.2130 0.6961
vn 0.1211 0.9825 0.1415
vn 0.1214 0.9824 0.1419
vn 0.1212 0.9825 0.1416
vn 0.1215 0.9824 0.1420
vn 0.1247 -0.9865 0.1058
vn 0.1244 -0.9866 0.1058
vn 0.1240 -0.9866 0.1058
vn -0.6643 -0.3178 -0.6766
vn -0.6641 -0.3185 -0.6765
vn -0.6643 -0.3179 -0.6765
vn -0.6639 -0.3187 -0.6765
vn -0.5332 -0.6416 -0.5513
vn -0.5331 -0.6417 -0.5514
vn -0.5335 -0.6414 -0.5513
vn -0.5334 -0.6416 -0.5513
vn 0.6274 -0.4679 0.6225
vn 0.6273 -0.4681 0.6223
vn 0.6275 -0.4678 0.6224
vn 0.6272 -0.4683 0.6224
vn 0.6619 0.3272 0.6744
vn 0.6621 0.3271 0.6743
vn 0.6621 0.3270 0.6743
vn 0.6622 0.3272 0.6741
vn 0.1470 -0.9809 0.1272
vn 0.1466 -0.9810 0.1270
vn 0.1467 -0.9810 0.1271
vn 0.1463 -0.9811 0.1269
vn -0.6570 -0.3468 -0.6694
vn -0.6569 -0.3468 -0.6694
vn -0.6569 -0.3468 -0.6695
vn -0.6909 0.2133 -0.6908
vn -0.6905 0.2134 -0.6911
vn -0.6908 0.2133 -0.6909
vn -0.6905 0.2133 -0.6911
vn -0.5552 -0.6030 -0.5729
vn -0.5554 -0.6029 -0.5728
vn 0.6811 -0.2703 0.6805
vn 0.6814 -0.2704 0.6801
vn 0.6815 -0.2705 0.6800
vn -0.5183 -0.6655 -0.5370
vn -0.5184 -0.6654 -0.5371
vn -0.5183 -0.6655 -0.5371
vn -0.5185 -0.6654 -0.5371
vn -0.6748 -0.2725 -0.6858
vn -0.6751 -0.2724 -0.6856
vn -0.6746 -0.2729 -0.6859
vn -0.6750 -0.2725 -0.6857
vn -0.0511 -0.9959 -0.0747
vn -0.0517 -0.9958 -0.0749
vn -0.0512 -0.9959 -0.0747
vn -0.0515 -0.9958 -0.0751
vn -0.7022 -0.0703 -0.7085
vn -0.7023 -0.0702 -0.7084
vn -0.7023 -0.0698 -0.7084
vn -0.7176 0.0070 0.6965
vn -0.7175 0.0070 0.6966
vn -0.7173 0.0070 0.6967
vn -0.7178 0.0071 0.6962
vn -0.7176 0.0072 0.6964
vn -0.7175 0.0072 0.6965
vn -0.7175 0.0070 0.6965
vn -0.7177 0.0069 0.6963
vn -0.7179 0.0070 0.6961
vn -0.7176 0.0073 0.6964
vn -0.7175 0.0071 0.6965
vn -0.7174 0.0072 0.6967
vn -0.7176 0.0071 0.6964
vn -0.7180 0.0070 0.6960
vn -0.7179 0.0071 0.6961
vn -0.7180 0.0071 0.6960
vn -0.7178 0.0069 0.6962
vn -0.7176 0.0070 0.6964
vn -0.7176 0.0068 0.6965
vn -0.7177 0.0072 0.6964
vn -0.7174 0.0072 0.6966
vn -0.7179 0.0073 0.6961
vn -0.7177 0.0072 0.6963
vn -0.7180 0.0073 0.6960
vn -0.7179 0.0072 0.6961
vn -0.7181 0.0072 0.6959
vn -0.7180 0.0072 0.6960
vn -0.7177 0.0071 0.6963
vn -0.7181 0.0070 0.6960
vn 0.7169 -0.0071 -0.6971
vn 0.7169 -0.0072 -0.6971
vn 0.7169 -0.0072 -0.6972
vn 0.7170 -0.0071 -0.6970
vn 0.7170 -0.0070 -0.6971
vn 0.7169 -0.0067 -0.6972
vn 0.7168 -0.0070 -0.6973
vn 0.7171 -0.0071 -0.6969
vn 0.7172 -0.0070 -0.6969
vn 0.7170 -0.0072 -0.6970
vn 0.7171 -0.0072 -0.6970
vn 0.7168 -0.0072 -0.6972
vn 0.7170 -0.0071 -0.6971
vn 0.7171 -0.0070 -0.6969
vn 0.7171 -0.0073 -0.6969
vn 0.7172 -0.0071 -0.6968
vn 0.7170 -0.0073 -0.6970
vn 0.7172 -0.0072 -0.6968
vn 0.7169 -0.0074 -0.6971
vn 0.7166 -0.0072 -0.6975
vn 0.7172 -0.0075 -0.6969
vn 0.7173 -0.0072 -0.6967
vn 0.7170 -0.0073 -0.6971
vn 0.7172 -0.0073 -0.6969
vn 0.5889 0.5334 0.6072
vn 0.5888 0.5336 0.6071
vn 0.5893 0.5334 0.6068
vn 0.7065 0.0236 0.7073
vn 0.7064 0.0238 0.7074
vn 0.7064 0.0236 0.7074
vn 0.6081 0.4895 0.6249
vn 0.6082 0.4895 0.6249
vn 0.6082 0.4895 0.6248
vn 0.6082 0.4892 0.6251
vn 0.7003 0.1177 0.7041
vn 0.7002 0.1177 0.7042
vn -0.1698 0.9759 -0.1367
vn -0.1697 0.9760 -0.1366
vn -0.6529 0.4059 -0.6395
vn -0.6529 0.4060 -0.6395
vn -0.6530 0.4060 -0.6394
vn -0.6283 0.4802 -0.6120
vn -0.6280 0.4805 -0.6122
vn -0.6280 0.4806 -0.6121
vn -0.6278 0.4805 -0.6123
vn 0.2100 0.9474 0.2413
vn 0.2100 0.9474 0.2416
vn 0.2101 0.9474 0.2415
vn 0.2100 0.9474 0.2417
vn 0.6942 0.1667 0.7002
vn 0.6943 0.1667 0.7001
vn 0.6945 0.1665 0.7000
vn 0.6943 0.1668 0.7001
vn 0.5882 -0.5738 0.5699
vn 0.5883 -0.5738 0.5698
vn 0.5881 -0.5739 0.5698
vn 0.6835 0.2327 0.6919
vn 0.6837 0.2326 0.6917
vn 0.6838 0.2326 0.6916
vn 0.6840 0.2325 0.6914
vn 0.5869 -0.5768 0.5682
vn 0.5865 -0.5770 0.5684
vn 0.5867 -0.5770 0.5682
vn 0.0609 -0.9978 0.0264
vn 0.0607 -0.9978 0.0266
vn 0.0597 -0.9978 0.0271
vn 0.0595 -0.9979 0.0273
vn -0.6520 -0.3651 -0.6646
vn -0.6523 -0.3647 -0.6644
vn -0.6522 -0.3651 -0.6644
vn -0.6521 -0.3648 -0.6645
vn -0.7058 0.0956 -0.7019
vn -0.7057 0.0956 -0.7020
vn -0.7056 0.0955 -0.7022
vn -0.7057 0.0955 -0.7020
vn 0.3480 -0.8824 0.3167
vn 0.3475 -0.8826 0.3167
vn 0.3481 -0.8824 0.3166
vn 0.3472 -0.8827 0.3167
vn -0.6798 -0.2537 -0.6882
vn -0.6801 -0.2538 -0.6878
vn -0.6797 -0.2537 -0.6882
vn -0.6798 -0.2536 -0.6882
vn 0.0100 -0.9996 -0.0254
vn 0.0098 -0.9996 -0.0256
vn 0.0100 -0.9996 -0.0255
vn 0.0097 -0.9996 -0.0256
vn -0.7057 0.0996 -0.7015
vn -0.7057 0.0993 -0.7016
vn -0.7057 0.0992 -0.7016
vn -0.4287 0.8101 -0.3999
vn -0.4287 0.8103 -0.3996
vn -0.4287 0.8102 -0.3997
vn -0.4284 0.8106 -0.3993
vn -0.5888 -0.5333 -0.6073
vn -0.5888 -0.5334 -0.6073
vn -0.6717 0.3377 -0.6593
vn -0.6718 0.3378 -0.6593
vn -0.6718 0.3377 -0.6593
vn -0.2475 0.9450 -0.2138
vn -0.2470 0.9452 -0.2135
vn -0.2477 0.9450 -0.2134
vn -0.2469 0.9452 -0.2136
vn -0.6349 0.4631 -0.6183
vn -0.6349 0.4636 -0.6180
vn -0.6351 0.4630 -0.6183
vn -0.6349 0.4637 -0.6180
vn 0.4467 0.7594 0.4731
vn 0.4472 0.7586 0.4738
vn 0.4468 0.7592 0.4732
vn 0.2705 0.9140 0.3024
vn 0.2704 0.9141 0.3022
vn 0.2704 0.9140 0.3023
vn 0.2703 0.9142 0.3020
vn 0.6220 0.4548 0.6375
vn 0.6220 0.4544 0.6376
vn 0.6219 0.4548 0.6375
vn 0.6220 0.4545 0.6376
vn -0.0170 0.9997 0.0176
vn -0.0171 0.9997 0.0177
vn -0.0170 0.9997 0.0177
vn -0.0172 0.9997 0.0177
vn -0.6514 0.4123 -0.6370
vn -0.6515 0.4125 -0.6368
vn -0.6513 0.4124 -0.6369
vn -0.6515 0.4124 -0.6367
vn -0.6765 -0.2685 -0.6857
vn -0.6766 -0.2682 -0.6858
vn -0.6767 -0.2682 -0.6857
vn -0.6766 -0.2682 -0.6857
vn -0.6779 0.3087 -0.6672
vn -0.6780 0.3090 -0.6670
vn -0.6779 0.3089 -0.6671
vn -0.6780 0.3088 -0.6671
vn -0.2418 -0.9308 -0.2742
vn -0.2421 -0.9307 -0.2741
vn -0.2421 -0.9307 -0.2743
vn -0.2423 -0.9305 -0.2745
vn -0.6956 -0.1574 -0.7010
vn -0.6958 -0.1565 -0.7010
vn -0.6956 -0.1573 -0.7010
vn -0.6957 -0.1564 -0.7011
vn -0.5567 -0.5973 -0.5774
vn -0.5567 -0.5974 -0.5773
vn -0.5565 -0.5975 -0.5773
vn -0.7057 0.0959 -0.7020
vn -0.7057 0.0958 -0.7020
vn -0.7056 0.0959 -0.7020
vn -0.7055 0.0958 -0.7022
vn -0.6116 0.5237 -0.5931
vn -0.6117 0.5235 -0.5931
vn -0.6118 0.5236 -0.5930
vn -0.5816 -0.5486 -0.6007
vn -0.5821 -0.5478 -0.6009
vn -0.5817 -0.5484 -0.6007
vn -0.5822 -0.5477 -0.6009
vn -0.5053 0.7172 -0.4799
vn -0.5054 0.7169 -0.4802
vn -0.5052 0.7172 -0.4800
vn -0.5054 0.7169 -0.4803
vn -0.0013 0.9994 0.0334
vn -0.0012 0.9994 0.0336
vn -0.0013 0.9994 0.0335
vn -0.0012 0.9994 0.0337
vn 0.2884 0.9027 0.3193
vn 0.2883 0.9027 0.3195
vn 0.2883 0.9027 0.3193
vn 0.2882 0.9027 0.3196
vn 0.6368 -0.4572 0.6209
vn 0.6369 -0.4569 0.6209
vn 0.6368 -0.4572 0.6208
vn 0.6370 -0.4568 0.6209
vn -0.7162 0.0074 0.6978
vn -0.7164 0.0074 0.6977
vn -0.7164 0.0075 0.6977
vn -0.7166 0.0074 0.6975
vn -0.7165 0.0072 0.6975
vn -0.7166 0.0073 0.6975
vn -0.7166 0.0075 0.6974
vn -0.7165 0.0075 0.6975
vn -0.7167 0.0073 0.6973
vn -0.7168 0.0072 0.6972
vn -0.7168 0.0073 0.6972
vn -0.7169 0.0072 0.6972
vn -0.7167 0.0075 0.6974
vn -0.7165 0.0075 0.6976
vn -0.7166 0.0070 0.6974
vn -0.7169 0.0070 0.6972
vn -0.7169 0.0071 0.6971
vn -0.7170 0.0071 0.6971
vn -0.7166 0.0068 0.6974
vn -0.7169 0.0074 0.6972
vn -0.7165 0.0069 0.6975
vn -0.7169 0.0072 0.6971
vn -0.7172 0.0072 0.6969
vn -0.7170 0.0072 0.6971
vn -0.7166 0.0071 0.6975
vn -0.7167 0.0074 0.6973
vn -0.7168 0.0073 0.6973
vn -0.7167 0.0074 0.6974
vn -0.7167 0.0072 0.6973
vn -0.7167 0.0071 0.6974
vn -0.7168 0.0071 0.6972
vn -0.7167 0.0071 0.6973
vn -0.7168 0.0072 0.6973
vn -0.7167 0.0095 0.6973
vn -0.7166 0.0106 0.6974
vn -0.7166 0.0073 0.6974
vn 0.7158 -0.0076 -0.6983
vn 0.7156 -0.0077 -0.6984
vn 0.7158 -0.0071 -0.6983
vn 0.7158 -0.0076 -0.6982
vn 0.7157 -0.0075 -0.6983
vn 0.7161 -0.0076 -0.6979
vn 0.7156 -0.0074 -0.6985
vn 0.7156 -0.0075 -0.6985
vn 0.7160 -0.0073 -0.6981
vn 0.7158 -0.0070 -0.6982
vn 0.7160 -0.0073 -0.6980
vn 0.7157 -0.0076 -0.6984
vn 0.7157 -0.0073 -0.6984
vn 0.7158 -0.0070 -0.6983
vn 0.7161 -0.0069 -0.6980
vn 0.7162 -0.0069 -0.6979
vn 0.7160 -0.0070 -0.6981
vn 0.7159 -0.0075 -0.6981
vn 0.7159 -0.0071 -0.6982
vn 0.7161 -0.0071 -0.6980
vn 0.7160 -0.0076 -0.6980
vn 0.7163 -0.0091 -0.6978
vn 0.7159 -0.0073 -0.6982
vn 0.7160 -0.0071 -0.6981
vn 0.7162 -0.0071 -0.6979
vn 0.7159 -0.0074 -0.6982
vn 0.7160 -0.0076 -0.6981
vn 0.7158 -0.0091 -0.6983
vn 0.7158 -0.0116 -0.6982
vn 0.7157 -0.0072 -0.6984
vn 0.7156 -0.0076 -0.6985
vn 0.7156 -0.0075 -0.6984
vn -0.2027 0.9594 -0.1960
vn -0.2023 0.9596 -0.1957
vn -0.2028 0.9594 -0.1962
vn -0.5612 0.6069 -0.5628
vn -0.5612 0.6070 -0.5628
vn -0.5610 0.6070 -0.5628
vn -0.5608 0.6074 -0.5626
vn -0.0767 0.9947 -0.0687
vn -0.0765 0.9947 -0.0682
vn -0.0766 0.9947 -0.0685
vn -0.0765 0.9948 -0.0680
vn -0.2748 0.9228 -0.2700
vn -0.2744 0.9230 -0.2697
vn -0.2747 0.9228 -0.2700
vn 0.4251 0.7924 0.4375
vn 0.4249 0.7923 0.4379
vn 0.4253 0.7922 0.4377
vn 0.4252 0.7921 0.4380
vn 0.6341 0.4240 0.6467
vn 0.6342 0.4239 0.6466
vn 0.6343 0.4238 0.6466
vn 0.4687 0.7409 0.4810
vn 0.4689 0.7407 0.4811
vn 0.4691 0.7406 0.4811
vn -0.3278 0.8867 -0.3262
vn -0.3276 0.8868 -0.3260
vn -0.3277 0.8867 -0.3262
vn 0.6302 0.4368 0.6419
vn 0.6300 0.4368 0.6422
vn 0.6301 0.4369 0.6420
vn 0.6302 0.4367 0.6420
vn 0.6888 -0.1986 0.6973
vn 0.6887 -0.1986 0.6974
vn 0.6889 -0.1985 0.6971
vn 0.6887 -0.1985 0.6974
vn 0.6676 0.3047 0.6793
vn 0.6675 0.3048 0.6794
vn 0.6677 0.3047 0.6792
vn 0.6676 0.3048 0.6793
vn 0.6470 -0.3926 0.6537
vn 0.6470 -0.3928 0.6536
vn 0.6470 -0.3927 0.6537
vn 0.1662 -0.9728 0.1612
vn 0.1659 -0.9729 0.1612
vn 0.1655 -0.9729 0.1612
vn -0.5108 -0.6820 -0.5234
vn -0.5109 -0.6819 -0.5235
vn -0.5108 -0.6819 -0.5236
vn -0.6965 -0.1209 -0.7073
vn -0.6964 -0.1211 -0.7074
vn -0.6964 -0.1209 -0.7074
vn -0.6962 -0.1210 -0.7076
vn -0.3834 -0.8343 -0.3960
vn -0.3838 -0.8342 -0.3959
vn -0.3835 -0.8345 -0.3958
vn -0.3839 -0.8342 -0.3959
vn 0.6700 0.2927 0.6823
vn 0.6701 0.2926 0.6821
vn 0.6701 0.2926 0.6822
vn 0.6702 0.2926 0.6820
vn 0.5791 0.5602 0.5922
vn 0.5793 0.5599 0.5923
vn 0.5792 0.5602 0.5922
vn 0.5794 0.5599 0.5923
vn 0.1426 -0.9803 0.1365
vn 0.1422 -0.9804 0.1364
vn 0.1424 -0.9804 0.1365
vn 0.1421 -0.9804 0.1364
vn -0.6672 -0.3059 -0.6792
vn -0.6671 -0.3060 -0.6792
vn -0.6361 -0.4171 -0.6491
vn -0.6362 -0.4171 -0.6491
vn -0.6363 -0.4170 -0.6490
vn -0.6570 0.3586 -0.6631
vn -0.6573 0.3585 -0.6629
vn -0.6573 0.3584 -0.6629
vn -0.7013 0.0570 -0.7106
vn -0.7016 0.0568 -0.7103
vn -0.7013 0.0569 -0.7106
vn -0.4790 -0.7269 -0.4921
vn -0.4792 -0.7268 -0.4921
vn -0.4789 -0.7270 -0.4921
vn -0.4791 -0.7268 -0.4922
vn 0.4258 -0.7992 0.4241
vn 0.4255 -0.7995 0.4240
vn 0.4256 -0.7993 0.4241
vn -0.5387 -0.6365 -0.5520
vn -0.5388 -0.6363 -0.5521
vn -0.5388 -0.6364 -0.5520
vn -0.5386 -0.6364 -0.5521
vn -0.4217 -0.7955 -0.4353
vn -0.4224 -0.7951 -0.4353
vn -0.4219 -0.7953 -0.4353
vn -0.4222 -0.7951 -0.4354
vn -0.6764 -0.2631 -0.6880
vn -0.6760 -0.2635 -0.6881
vn -0.6763 -0.2632 -0.6880
vn -0.6759 -0.2637 -0.6882
vn -0.7156 0.0093 0.6984
vn -0.7152 0.0091 0.6988
vn -0.7155 0.0092 0.6985
vn -0.7158 0.0092 0.6982
vn -0.7155 0.0092 0.6986
vn -0.7159 0.0091 0.6982
vn -0.7151 0.0093 0.6990
vn -0.7149 0.0093 0.6991
vn -0.7152 0.0093 0.6988
vn -0.7152 0.0092 0.6989
vn -0.7157 0.0092 0.6983
vn -0.7157 0.0092 0.6984
vn -0.7158 0.0091 0.6982
vn -0.7160 0.0092 0.6981
vn -0.7159 0.0091 0.6981
vn -0.7151 0.0094 0.6989
vn -0.7152 0.0095 0.6989
vn -0.7152 0.0093 0.6989
vn -0.7152 0.0094 0.6989
vn -0.7154 0.0092 0.6987
vn -0.7154 0.0092 0.6986
vn -0.7158 0.0092 0.6983
vn -0.7157 0.0091 0.6983
vn -0.7157 0.0090 0.6984
vn 0.7156 -0.0092 -0.6985
vn 0.7158 -0.0092 -0.6982
vn 0.7155 -0.0092 -0.6985
vn 0.7158 -0.0092 -0.6983
vn 0.7155 -0.0093 -0.6986
vn 0.7157 -0.0090 -0.6983
vn 0.7154 -0.0091 -0.6986
vn 0.7152 -0.0093 -0.6989
vn 0.7152 -0.0091 -0.6989
vn 0.7158 -0.0093 -0.6983
vn 0.7160 -0.0091 -0.6980
vn 0.7159 -0.0091 -0.6981
vn 0.7154 -0.0091 -0.6987
vn 0.7153 -0.0093 -0.6988
vn 0.7154 -0.0093 -0.6987
vn 0.7154 -0.0095 -0.6986
vn 0.7152 -0.0092 -0.6988
vn 0.7154 -0.0092 -0.6987
vn 0.7153 -0.0092 -0.6987
vn 0.7155 -0.0092 -0.6986
vn 0.7157 -0.0092 -0.6984
vn 0.7159 -0.0093 -0.6982
vn 0.0419 0.9974 0.0584
vn 0.0421 0.9974 0.0589
vn 0.0420 0.9974 0.0586
vn 0.0422 0.9974 0.0591
vn -0.6017 0.5137 -0.6116
vn -0.6016 0.5139 -0.6115
vn -0.6016 0.5135 -0.6118
vn 0.5060 0.6794 0.5314
vn 0.5060 0.6793 0.5314
vn 0.5059 0.6797 0.5311
vn 0.5061 0.6792 0.5315
vn -0.1504 0.9786 -0.1402
vn -0.1502 0.9787 -0.1398
vn -0.1504 0.9786 -0.1401
vn -0.1502 0.9787 -0.1397
vn 0.6537 0.3351 0.6785
vn 0.6537 0.3354 0.6783
vn 0.6538 0.3351 0.6784
vn 0.2837 -0.9176 0.2785
vn 0.2831 -0.9179 0.2782
vn 0.2836 -0.9176 0.2785
vn 0.2830 -0.9179 0.2781
vn 0.5051 0.6808 0.5305
vn 0.5050 0.6808 0.5306
vn 0.5052 0.6808 0.5304
vn 0.5939 0.5135 0.6194
vn 0.5938 0.5136 0.6194
vn 0.5939 0.5135 0.6193
vn 0.5936 0.5136 0.6196
vn 0.3617 0.8494 0.3845
vn 0.3616 0.8493 0.3845
vn 0.3615 0.8494 0.3844
vn 0.3616 0.8492 0.3848
vn 0.5151 0.6657 0.5400
vn 0.5154 0.6654 0.5400
vn 0.5153 0.6654 0.5401
vn -0.6049 0.5038 -0.6167
vn -0.6047 0.5038 -0.6169
vn -0.6047 0.5037 -0.6170
vn 0.4968 0.6936 0.5216
vn 0.4970 0.6936 0.5215
vn 0.4971 0.6935 0.5214
vn 0.6536 0.3355 0.6785
vn 0.6537 0.3356 0.6783
vn 0.6538 0.3357 0.6781
vn 0.6538 0.3356 0.6782
vn 0.1576 -0.9762 0.1487
vn 0.1569 -0.9764 0.1487
vn 0.1568 -0.9763 0.1490
vn 0.1564 -0.9764 0.1491
vn -0.6924 0.1162 -0.7121
vn -0.6924 0.1159 -0.7122
vn -0.6924 0.1161 -0.7121
vn -0.5245 -0.6499 -0.5501
vn -0.5246 -0.6496 -0.5502
vn -0.5249 -0.6495 -0.5501
vn -0.5248 -0.6496 -0.5500
vn 0.6648 0.2871 0.6896
vn 0.6649 0.2871 0.6895
vn 0.6649 0.2871 0.6896
vn 0.6650 0.2871 0.6895
vn 0.1384 -0.9820 0.1285
vn 0.1377 -0.9821 0.1282
vn 0.1383 -0.9820 0.1284
vn 0.1379 -0.9821 0.1281
vn -0.6285 -0.4219 -0.6534
vn -0.6281 -0.4221 -0.6537
vn -0.6283 -0.4220 -0.6536
vn -0.6282 -0.4220 -0.6537
vn -0.5793 -0.5459 -0.6053
vn -0.5797 -0.5456 -0.6052
vn -0.5795 -0.5456 -0.6053
vn -0.5795 -0.5457 -0.6053
vn -0.6922 -0.1018 -0.7145
vn -0.6921 -0.1019 -0.7146
vn -0.6920 -0.1021 -0.7147
vn -0.6921 -0.1021 -0.7146
vn -0.6664 0.3005 -0.6823
vn -0.6668 0.3001 -0.6821
vn -0.6663 0.3005 -0.6825
vn -0.6667 0.3003 -0.6821
vn -0.6419 -0.3790 -0.6666
vn -0.6417 -0.3792 -0.6667
vn -0.6416 -0.3793 -0.6668
vn -0.6416 -0.3792 -0.6667
vn -0.3702 -0.8410 -0.3946
vn -0.3705 -0.8407 -0.3948
vn -0.3704 -0.8409 -0.3946
vn -0.3707 -0.8407 -0.3947
vn -0.2272 -0.9415 -0.2490
vn -0.2278 -0.9413 -0.2493
vn -0.2273 -0.9414 -0.2491
vn -0.2280 -0.9412 -0.2493
vn -0.5309 -0.6384 -0.5573
vn -0.5314 -0.6381 -0.5573
vn -0.5310 -0.6383 -0.5573
vn -0.5314 -0.6380 -0.5573
vn -0.6968 0.0012 -0.7172
vn -0.6968 0.0011 -0.7173
vn -0.6968 0.0014 -0.7173
vn -0.6968 0.0009 -0.7173
vn -0.1800 0.9689 -0.1697
vn -0.1796 0.9691 -0.1692
vn -0.1799 0.9690 -0.1696
vn -0.1795 0.9691 -0.1691
vn -0.5826 0.5578 -0.5912
vn -0.5824 0.5584 -0.5907
vn -0.5826 0.5579 -0.5911
vn -0.5825 0.5582 -0.5908
vn -0.7225 0.0066 0.6913
vn -0.7222 0.0068 0.6916
vn -0.7222 0.0067 0.6916
vn -0.7226 0.0067 0.6913
vn -0.7228 0.0066 0.6910
vn -0.7227 0.0067 0.6912
vn -0.7221 0.0067 0.6918
vn -0.7220 0.0067 0.6918
vn -0.7219 0.0065 0.6920
vn -0.7228 0.0069 0.6910
vn -0.7225 0.0067 0.6913
vn -0.7227 0.0068 0.6911
vn -0.7225 0.0068 0.6913
vn -0.7226 0.0071 0.6912
vn -0.7227 0.0067 0.6911
vn -0.7228 0.0066 0.6911
vn -0.7228 0.0068 0.6911
vn -0.7227 0.0068 0.6912
vn -0.7230 0.0068 0.6908
vn -0.7229 0.0067 0.6909
vn -0.7230 0.0067 0.6908
vn -0.7231 0.0066 0.6908
vn 0.7221 -0.0068 -0.6918
vn 0.7222 -0.0067 -0.6916
vn 0.7225 -0.0068 -0.6913
vn 0.7225 -0.0067 -0.6914
vn 0.7225 -0.0067 -0.6913
vn 0.7220 -0.0068 -0.6918
vn 0.7221 -0.0067 -0.6917
vn 0.7221 -0.0066 -0.6917
vn 0.7222 -0.0068 -0.6916
vn 0.7221 -0.0068 -0.6917
vn 0.7224 -0.0068 -0.6914
vn 0.7222 -0.0068 -0.6917
vn 0.7221 -0.0069 -0.6917
vn 0.7224 -0.0069 -0.6914
vn 0.7225 -0.0066 -0.6913
vn 0.7226 -0.0068 -0.6912
vn 0.7224 -0.0067 -0.6914
vn 0.7223 -0.0066 -0.6916
vn 0.7226 -0.0067 -0.6912
vn 0.7226 -0.0067 -0.6913
vn 0.7227 -0.0068 -0.6911
vn 0.4828 0.7027 0.5226
vn 0.4827 0.7025 0.5229
vn 0.4825 0.7025 0.5231
vn 0.4827 0.7024 0.5231
vn 0.3179 0.8784 0.3568
vn 0.3179 0.8783 0.3570
vn 0.3176 0.8785 0.3570
vn 0.3181 0.8783 0.3570
vn 0.6554 0.3050 0.6910
vn 0.6553 0.3054 0.6909
vn 0.6552 0.3054 0.6909
vn 0.6554 0.3054 0.6907
vn 0.6284 0.4024 0.6658
vn 0.6283 0.4023 0.6659
vn 0.6281 0.4024 0.6659
vn 0.3785 0.8262 0.4173
vn 0.3786 0.8260 0.4175
vn 0.3782 0.8262 0.4175
vn 0.3782 0.8262 0.4176
vn -0.5280 0.6623 -0.5317
vn -0.5279 0.6625 -0.5315
vn -0.5281 0.6622 -0.5316
vn -0.5278 0.6626 -0.5314
vn 0.3848 0.8200 0.4237
vn 0.3848 0.8200 0.4238
vn 0.3847 0.8200 0.4237
vn 0.6703 0.2308 0.7053
vn 0.6704 0.2309 0.7052
vn 0.6702 0.2308 0.7054
vn 0.6705 0.2307 0.7052
vn 0.6894 -0.1104 0.7159
vn 0.6896 -0.1101 0.7158
vn 0.6895 -0.1101 0.7158
vn 0.6870 0.1052 0.7190
vn 0.6870 0.1051 0.7190
vn 0.6871 0.1049 0.7189
vn 0.6870 0.1050 0.7190
vn 0.1084 -0.9905 0.0849
vn 0.1082 -0.9905 0.0850
vn 0.1079 -0.9905 0.0851
vn 0.1074 -0.9905 0.0853
vn -0.5850 0.5525 -0.5938
vn -0.5848 0.5528 -0.5937
vn -0.5848 0.5526 -0.5938
vn -0.5848 0.5529 -0.5936
vn -0.3295 0.8888 -0.3185
vn -0.3295 0.8890 -0.3180
vn -0.3296 0.8889 -0.3181
vn -0.3291 0.8892 -0.3180
vn -0.6183 -0.4329 -0.6560
vn -0.6179 -0.4332 -0.6562
vn -0.6177 -0.4332 -0.6563
vn -0.6179 -0.4331 -0.6562
vn 0.3073 -0.9051 0.2939
vn 0.3071 -0.9052 0.2938
vn -0.0684 -0.9927 -0.0997
vn -0.0687 -0.9926 -0.0997
vn 0.6567 -0.3384 0.6740
vn 0.6555 -0.3433 0.6727
vn 0.6917 -0.0753 0.7183
vn 0.6918 -0.0765 0.7180
vn 0.6929 -0.0104 0.7209
vn 0.6926 -0.0107 0.7212
vn 0.6924 0.0192 0.7212
vn 0.6923 0.0189 0.7213
vn 0.6920 0.0357 0.7211
vn 0.6918 0.0358 0.7212
vn 0.6912 0.0457 0.7212
vn 0.6913 0.0461 0.7211
vn 0.6920 0.0281 0.7213
vn 0.6920 0.0276 0.7214
vn 0.6928 -0.0153 0.7210
vn 0.6928 -0.0151 0.7210
vn 0.6926 -0.0465 0.7199
vn 0.6927 -0.0454 0.7198
vn 0.6922 -0.0612 0.7191
vn 0.6922 -0.0610 0.7191
vn 0.6920 -0.0699 0.7185
vn 0.6920 -0.0703 0.7184
vn 0.6920 -0.0751 0.7180
vn 0.6918 -0.0751 0.7182
vn 0.6919 -0.0781 0.7177
vn 0.6915 -0.0778 0.7181
vn 0.6917 -0.0782 0.7180
vn 0.6916 -0.0784 0.7181
vn 0.1039 -0.9914 0.0794
vn 0.1038 -0.9914 0.0794
vn 0.1036 -0.9914 0.0794
vn -0.6498 0.3658 -0.6663
vn -0.6500 0.3657 -0.6661
vn -0.6503 0.3656 -0.6659
vn -0.6856 -0.1238 -0.7174
vn -0.6855 -0.1239 -0.7175
vn -0.6858 -0.1236 -0.7172
vn -0.6175 -0.4337 -0.6562
vn -0.6178 -0.4337 -0.6559
vn -0.6177 -0.4337 -0.6560
vn -0.6179 -0.4337 -0.6558
vn -0.6379 0.4102 -0.6518
vn -0.6378 0.4102 -0.6518
vn -0.6382 0.4100 -0.6516
vn -0.6188 -0.4309 -0.6568
vn -0.6189 -0.4308 -0.6568
vn -0.6187 -0.4309 -0.6569
vn -0.6188 -0.4308 -0.6568
vn 0.5504 -0.6248 0.5538
vn 0.5501 -0.6250 0.5539
vn 0.5504 -0.6246 0.5540
vn 0.5502 -0.6249 0.5539
vn -0.6032 -0.4741 -0.6414
vn -0.6029 -0.4742 -0.6416
vn -0.6030 -0.4742 -0.6415
vn -0.6027 -0.4744 -0.6417
vn -0.1970 -0.9521 -0.2338
vn -0.1972 -0.9521 -0.2339
vn -0.1974 -0.9520 -0.2338
vn -0.1974 -0.9520 -0.2341
vn -0.6756 -0.2022 -0.7090
vn -0.6759 -0.2021 -0.7088
vn -0.6759 -0.2018 -0.7088
vn -0.6759 -0.2020 -0.7087
vn -0.6910 0.1003 -0.7158
vn -0.6912 0.1003 -0.7157
vn -0.6911 0.1003 -0.7158
vn -0.6912 0.1003 -0.7156
vn -0.2839 0.9208 -0.2674
vn -0.2837 0.9209 -0.2672
vn -0.2837 0.9210 -0.2671
vn 0.3433 0.8574 0.3833
vn 0.3437 0.8572 0.3835
vn 0.3434 0.8574 0.3833
vn 0.3435 0.8573 0.3834
vn -0.6761 0.2420 -0.6959
vn -0.6761 0.2418 -0.6960
vn -0.6761 0.2417 -0.6960
vn -0.2211 0.9543 -0.2009
vn -0.2207 0.9545 -0.2006
vn -0.2210 0.9544 -0.2008
vn -0.2206 0.9545 -0.2006
vn -0.6760 0.2427 -0.6958
vn -0.6760 0.2429 -0.6957
vn -0.6760 0.2428 -0.6957
vn -0.6761 0.2430 -0.6956
vn 0.4031 0.8007 0.4431
vn 0.4031 0.8005 0.4434
vn 0.4030 0.8006 0.4434
vn 0.4032 0.8005 0.4434
vn -0.7293 0.0036 0.6842
vn -0.7292 0.0038 0.6843
vn -0.7293 0.0039 0.6842
vn -0.7293 0.0038 0.6842
vn -0.7293 0.0041 0.6842
vn -0.7291 0.0041 0.6844
vn -0.7292 0.0040 0.6843
vn -0.7291 0.0040 0.6844
vn -0.7292 0.0039 0.6843
vn -0.7293 0.0039 0.6841
vn -0.7292 0.0038 0.6842
vn -0.7295 0.0039 0.6840
vn -0.7294 0.0038 0.6841
vn -0.7292 0.0037 0.6843
vn -0.7294 0.0039 0.6841
vn -0.7292 0.0039 0.6842
vn -0.7294 0.0036 0.6841
vn -0.7293 0.0036 0.6841
vn -0.7291 0.0037 0.6844
vn -0.7294 0.0037 0.6841
vn -0.7295 0.0038 0.6840
vn -0.7293 0.0037 0.6842
vn -0.7287 0.0038 0.6848
vn -0.7294 0.0040 0.6841
vn 0.7287 -0.0039 -0.6849
vn 0.7284 -0.0040 -0.6852
vn 0.7286 -0.0038 -0.6849
vn 0.7284 -0.0042 -0.6851
vn 0.7284 -0.0041 -0.6851
vn 0.7287 -0.0040 -0.6848
vn 0.7283 -0.0043 -0.6853
vn 0.7281 -0.0044 -0.6854
vn 0.7285 -0.0040 -0.6851
vn 0.7286 -0.0037 -0.6850
vn 0.7287 -0.0038 -0.6848
vn 0.7287 -0.0040 -0.6849
vn 0.7285 -0.0038 -0.6850
vn 0.7287 -0.0038 -0.6849
vn 0.7286 -0.0039 -0.6849
vn 0.7289 -0.0040 -0.6846
vn 0.7285 -0.0042 -0.6850
vn 0.7286 -0.0035 -0.6850
vn 0.7288 -0.0040 -0.6847
vn 0.7283 -0.0038 -0.6853
vn 0.7284 -0.0040 -0.6851
vn 0.7283 -0.0043 -0.6852
vn 0.7285 -0.0039 -0.6850
vn 0.7288 -0.0040 -0.6848
vn 0.7287 -0.0039 -0.6848
vn 0.7288 -0.0039 -0.6847
vn 0.7285 -0.0040 -0.6850
vn 0.7284 -0.0039 -0.6852
vn 0.7286 -0.0040 -0.6849
vn 0.7282 -0.0038 -0.6854
vn 0.7284 -0.0039 -0.6851
vn 0.7285 -0.0041 -0.6851
vn 0.7285 -0.0046 -0.6850
vn 0.6511 -0.3892 0.6516
vn 0.6509 -0.3894 0.6517
vn 0.6507 -0.3896 0.6517
vn 0.5339 0.6294 0.5646
vn 0.5341 0.6294 0.5645
vn 0.5340 0.6294 0.5646
vn 0.5339 0.6294 0.5647
vn 0.6378 0.3918 0.6631
vn 0.6378 0.3917 0.6632
vn 0.6377 0.3916 0.6633
vn 0.2045 0.9493 0.2386
vn 0.2046 0.9493 0.2388
vn 0.2047 0.9493 0.2388
vn 0.2042 0.9493 0.2388
vn 0.6888 -0.2013 0.6964
vn 0.6887 -0.2016 0.6965
vn 0.6887 -0.2010 0.6967
vn 0.5302 0.6361 0.5605
vn 0.5295 0.6364 0.5608
vn 0.5297 0.6364 0.5608
vn 0.5298 0.6363 0.5607
vn 0.6214 0.4402 0.6481
vn 0.6217 0.4400 0.6480
vn 0.6213 0.4402 0.6483
vn 0.6215 0.4402 0.6480
vn 0.6548 -0.3743 0.6566
vn 0.6548 -0.3744 0.6566
vn 0.6496 0.3518 0.6740
vn 0.6495 0.3522 0.6739
vn 0.6497 0.3518 0.6739
vn 0.6496 0.3521 0.6739
vn 0.4110 0.7964 0.4436
vn 0.4108 0.7964 0.4437
vn 0.4107 0.7965 0.4438
vn 0.4105 0.7965 0.4440
vn 0.0830 -0.9951 0.0537
vn 0.0826 -0.9951 0.0538
vn 0.0823 -0.9952 0.0538
vn 0.0820 -0.9952 0.0538
vn -0.6363 -0.3966 -0.6617
vn -0.6362 -0.3967 -0.6618
vn -0.6361 -0.3967 -0.6619
vn -0.6363 -0.3967 -0.6616
vn 0.0355 -0.9994 0.0043
vn 0.0350 -0.9994 0.0040
vn 0.0354 -0.9994 0.0042
vn 0.0349 -0.9994 0.0039
vn 0.7004 -0.0091 0.7137
vn 0.7001 -0.0089 0.7139
vn 0.7000 -0.0091 0.7141
vn 0.7001 -0.0089 0.7140
vn 0.6783 -0.2702 0.6833
vn 0.6782 -0.2702 0.6834
vn 0.6784 -0.2702 0.6832
vn 0.6782 -0.2703 0.6833
vn 0.1770 0.9614 0.2108
vn 0.1769 0.9613 0.2111
vn 0.1772 0.9613 0.2111
vn 0.1768 0.9613 0.2112
vn 0.0807 -0.9955 0.0497
vn 0.0804 -0.9955 0.0498
vn 0.0799 -0.9955 0.0500
vn 0.0796 -0.9956 0.0500
vn -0.2378 0.9479 -0.2120
vn -0.2375 0.9480 -0.2117
vn -0.2378 0.9480 -0.2117
vn -0.2377 0.9481 -0.2114
vn -0.6715 0.3041 -0.6757
vn -0.6715 0.3040 -0.6758
vn -0.6716 0.3040 -0.6757
vn -0.6717 0.3040 -0.6756
vn -0.6751 -0.2453 -0.6958
vn -0.6749 -0.2454 -0.6959
vn -0.6748 -0.2454 -0.6960
vn -0.6747 -0.2455 -0.6961
vn -0.6768 0.2800 -0.6809
vn -0.6766 0.2801 -0.6810
vn -0.6766 0.2802 -0.6810
vn -0.6764 0.2804 -0.6811
vn -0.4320 -0.7723 -0.4658
vn -0.4322 -0.7721 -0.4659
vn -0.4324 -0.7720 -0.4659
vn 0.6699 -0.3139 0.6728
vn 0.6699 -0.3141 0.6728
vn 0.6699 -0.3140 0.6728
vn 0.6695 -0.3143 0.6731
vn -0.5218 -0.6492 -0.5534
vn -0.5223 -0.6489 -0.5534
vn -0.5220 -0.6490 -0.5534
vn 0.5161 -0.6932 0.5031
vn 0.5159 -0.6935 0.5029
vn 0.5160 -0.6932 0.5032
vn 0.5160 -0.6935 0.5028
vn -0.5777 -0.5459 -0.6069
vn -0.5778 -0.5458 -0.6069
vn -0.5776 -0.5459 -0.6069
vn -0.6385 0.4332 -0.6361
vn -0.6379 0.4338 -0.6363
vn -0.6381 0.4333 -0.6365
vn -0.6382 0.4337 -0.6361
vn -0.6889 -0.1570 -0.7076
vn -0.6890 -0.1570 -0.7075
vn -0.6890 -0.1569 -0.7076
vn -0.6525 0.3857 -0.6523
vn -0.6526 0.3857 -0.6522
vn -0.6523 0.3857 -0.6525
vn -0.1365 0.9848 -0.1070
vn -0.1367 0.9848 -0.1068
vn -0.1369 0.9848 -0.1070
vn -0.1367 0.9849 -0.1067
vn 0.2955 0.8962 0.3310
vn 0.2960 0.8959 0.3313
vn 0.2959 0.8961 0.3309
vn 0.2961 0.8959 0.3313
vn -0.5805 0.5788 -0.5727
vn -0.5802 0.5790 -0.5728
vn -0.5803 0.5791 -0.5726
vn 0.2053 0.9487 0.2406
vn 0.2058 0.9485 0.2408
vn 0.2054 0.9486 0.2406
vn -0.3601 0.8691 -0.3390
vn -0.3600 0.8693 -0.3388
vn -0.3597 0.8693 -0.3389
vn -0.3598 0.8693 -0.3388
vn 0.6204 0.4428 0.6473
vn 0.6207 0.4423 0.6474
vn 0.6206 0.4429 0.6471
vn 0.6207 0.4422 0.6474
vn -0.2178 0.9570 -0.1915
vn -0.2180 0.9570 -0.1913
vn -0.2177 0.9571 -0.1914
vn -0.2176 0.9572 -0.1908
vn 0.6679 0.2783 0.6903
vn 0.6679 0.2786 0.6901
vn 0.6678 0.2785 0.6903
vn 0.6680 0.2786 0.6901
vn -0.7229 0.0055 0.6909
vn -0.7230 0.0057 0.6909
vn -0.7228 0.0054 0.6910
vn -0.7228 0.0052 0.6910
vn -0.7230 0.0050 0.6909
vn -0.7233 0.0050 0.6905
vn -0.7227 0.0049 0.6911
vn -0.7227 0.0051 0.6911
vn -0.7231 0.0050 0.6907
vn -0.7230 0.0051 0.6909
vn -0.7230 0.0052 0.6908
vn -0.7231 0.0051 0.6908
vn -0.7229 0.0051 0.6910
vn -0.7228 0.0051 0.6911
vn -0.7229 0.0051 0.6909
vn -0.7229 0.0052 0.6909
vn -0.7232 0.0049 0.6907
vn -0.7232 0.0047 0.6907
vn -0.7232 0.0050 0.6906
vn -0.7232 0.0049 0.6906
vn -0.7231 0.0052 0.6907
vn -0.7231 0.0049 0.6907
vn -0.7232 0.0048 0.6906
vn -0.7230 0.0049 0.6908
vn -0.7231 0.0051 0.6907
vn -0.7231 0.0048 0.6907
vn -0.7231 0.0049 0.6908
vn -0.7231 0.0050 0.6908
vn 0.7221 -0.0056 -0.6917
vn 0.7219 -0.0056 -0.6920
vn 0.7220 -0.0057 -0.6919
vn 0.7220 -0.0052 -0.6919
vn 0.7224 -0.0053 -0.6915
vn 0.7221 -0.0052 -0.6918
vn 0.7219 -0.0052 -0.6920
vn 0.7219 -0.0051 -0.6920
vn 0.7221 -0.0050 -0.6917
vn 0.7220 -0.0053 -0.6919
vn 0.7222 -0.0051 -0.6917
vn 0.7221 -0.0052 -0.6917
vn 0.7221 -0.0053 -0.6918
vn 0.7220 -0.0053 -0.6918
vn 0.7223 -0.0051 -0.6915
vn 0.7223 -0.0050 -0.6916
vn 0.7223 -0.0052 -0.6915
vn 0.7225 -0.0051 -0.6914
vn 0.7221 -0.0051 -0.6917
vn 0.7223 -0.0050 -0.6915
vn 0.7221 -0.0051 -0.6918
vn 0.7223 -0.0053 -0.6915
vn 0.7222 -0.0052 -0.6917
vn 0.7222 -0.0051 -0.6916
vn 0.7222 -0.0053 -0.6917
vn -0.2255 0.9456 -0.2343
vn -0.2253 0.9458 -0.2341
vn -0.2252 0.9457 -0.2343
vn -0.2253 0.9458 -0.2340
vn 0.1994 0.9621 0.1861
vn 0.1993 0.9621 0.1863
vn 0.5389 0.6575 0.5265
vn 0.5391 0.6575 0.5264
vn 0.5390 0.6575 0.5265
vn 0.6910 0.2396 0.6820
vn 0.6910 0.2394 0.6821
vn 0.6909 0.2393 0.6822
vn 0.6910 0.2395 0.6820
vn 0.6651 -0.3420 0.6638
vn 0.6652 -0.3420 0.6637
vn 0.6653 -0.3420 0.6636
vn 0.7016 0.1633 0.6936
vn 0.7015 0.1632 0.6937
vn 0.7017 0.1633 0.6935
vn 0.6387 -0.4301 0.6381
vn 0.6385 -0.4301 0.6382
vn 0.6387 -0.4300 0.6381
vn 0.6383 -0.4302 0.6383
vn 0.5420 0.6525 0.5296
vn 0.5420 0.6524 0.5297
vn -0.5210 0.6734 -0.5245
vn -0.5207 0.6739 -0.5242
vn -0.5209 0.6735 -0.5244
vn -0.5206 0.6740 -0.5242
vn 0.2990 0.9105 0.2856
vn 0.2991 0.9104 0.2858
vn 0.5634 0.6156 0.5510
vn 0.5632 0.6156 0.5512
vn 0.5633 0.6156 0.5511
vn 0.5631 0.6156 0.5512
vn 0.6493 0.4126 0.6389
vn 0.6491 0.4128 0.6389
vn 0.6492 0.4127 0.6389
vn 0.6490 0.4130 0.6389
vn 0.6270 0.4768 0.6160
vn 0.6271 0.4768 0.6160
vn 0.6271 0.4768 0.6159
vn 0.6268 0.4769 0.6162
vn 0.1969 -0.9588 0.2048
vn 0.1964 -0.9589 0.2050
vn 0.1958 -0.9589 0.2054
vn 0.1956 -0.9589 0.2056
vn -0.6387 -0.4441 -0.6283
vn -0.6388 -0.4441 -0.6283
vn -0.6388 -0.4440 -0.6283
vn -0.3605 -0.8651 -0.3488
vn -0.3607 -0.8650 -0.3488
vn -0.3606 -0.8650 -0.3488
vn -0.3611 -0.8649 -0.3488
vn -0.0126 -0.9999 -0.0035
vn -0.0130 -0.9999 -0.0036
vn -0.0128 -0.9999 -0.0035
vn -0.0133 -0.9999 -0.0036
vn 0.6766 -0.3001 0.6724
vn 0.6766 -0.3002 0.6724
vn 0.6767 -0.2997 0.6725
vn 0.0035 -0.9999 0.0122
vn 0.0030 -0.9999 0.0119
vn 0.0034 -0.9999 0.0122
vn 0.0029 -0.9999 0.0118
vn -0.5584 -0.6234 -0.5473
vn -0.5586 -0.6230 -0.5475
vn -0.5586 -0.6231 -0.5475
vn -0.5589 -0.6226 -0.5477
vn -0.2987 -0.9098 -0.2881
vn -0.2990 -0.9097 -0.2882
vn -0.2988 -0.9098 -0.2882
vn -0.2991 -0.9096 -0.2882
vn -0.7092 -0.0691 -0.7016
vn -0.7095 -0.0689 -0.7014
vn -0.7093 -0.0691 -0.7015
vn -0.7095 -0.0688 -0.7013
vn -0.6770 -0.3105 -0.6673
vn -0.6770 -0.3104 -0.6673
vn -0.6771 -0.3102 -0.6673
vn -0.6767 -0.3108 -0.6674
vn -0.6660 0.3448 -0.6615
vn -0.6659 0.3450 -0.6615
vn -0.6659 0.3448 -0.6615
vn -0.6659 0.3451 -0.6615
vn -0.0026 0.9999 -0.0109
vn -0.0022 0.9999 -0.0103
vn -0.0025 0.9999 -0.0108
vn -0.0022 0.9999 -0.0102
vn 0.0940 0.9920 0.0846
vn 0.0943 0.9919 0.0851
vn 0.0941 0.9920 0.0846
vn 0.0943 0.9919 0.0852
vn -0.1474 0.9769 -0.1545
vn -0.1470 0.9771 -0.1539
vn -0.1473 0.9770 -0.1544
vn -0.1471 0.9771 -0.1541
vn -0.7091 0.0588 -0.7026
vn -0.7092 0.0589 -0.7025
vn -0.7094 0.0589 -0.7023
vn -0.6222 -0.4891 -0.6113
vn -0.6220 -0.4894 -0.6112
vn -0.6221 -0.4894 -0.6112
vn -0.6221 -0.4891 -0.6114
vn -0.7093 0.0581 -0.7025
vn -0.7094 0.0581 -0.7024
vn -0.6609 0.3622 -0.6573
vn -0.6611 0.3619 -0.6572
vn -0.6610 0.3619 -0.6573
vn -0.6609 0.3619 -0.6575
vn -0.5803 0.5720 -0.5797
vn -0.5805 0.5719 -0.5795
vn -0.5803 0.5721 -0.5796
vn -0.5804 0.5721 -0.5795
vn 0.6712 -0.3227 0.6673
vn 0.6712 -0.3227 0.6674
vn 0.7038 0.1458 0.6953
vn 0.7038 0.1457 0.6953
vn 0.7037 0.1458 0.6954
vn -0.2330 0.9425 -0.2395
vn -0.2331 0.9425 -0.2394
vn -0.2329 0.9427 -0.2391
vn -0.2332 0.9426 -0.2391
vn -0.6345 0.4442 -0.6325
vn -0.6346 0.4442 -0.6324
vn -0.6341 0.4443 -0.6329
vn -0.6345 0.4441 -0.6326
vn -0.7009 -0.1716 -0.6924
vn -0.7010 -0.1713 -0.6923
vn -0.7009 -0.1715 -0.6923
vn -0.7008 -0.1715 -0.6924
vn -0.5068 -0.7057 -0.4952
vn -0.5065 -0.7058 -0.4953
vn -0.5069 -0.7056 -0.4952
vn 0.0632 -0.9955 0.0711
vn 0.0631 -0.9955 0.0711
vn 0.0630 -0.9955 0.0712
vn 0.0625 -0.9955 0.0712
vn -0.4800 0.7335 -0.4813
vn -0.4797 0.7336 -0.4814
vn -0.4801 0.7334 -0.4812
vn -0.4795 0.7337 -0.4814
vn -0.0836 0.9923 -0.0917
vn -0.0836 0.9923 -0.0915
vn -0.0836 0.9923 -0.0914
vn 0.3024 0.9077 0.2909
vn 0.3024 0.9077 0.2910
vn 0.5571 0.6261 0.5455
vn 0.5571 0.6261 0.5456
vn 0.7092 0.0674 0.7018
vn 0.7091 0.0675 0.7019
vn 0.7092 0.0675 0.7018
vn 0.7093 0.0676 0.7016
vn 0.6388 -0.4328 0.6361
vn 0.6387 -0.4328 0.6362
vn 0.6384 -0.4329 0.6364
vn 0.6383 -0.4329 0.6365
vn 0.7101 -0.0271 0.7036
vn 0.7102 -0.0271 0.7034
vn 0.7103 -0.0267 0.7034
vn 0.7103 -0.0266 0.7034
vn -0.0499 0.9970 -0.0589
vn -0.0495 0.9971 -0.0584
vn -0.0498 0.9970 -0.0588
vn -0.0495 0.9971 -0.0583
vn -0.2660 0.9246 -0.2727
vn -0.2658 0.9248 -0.2722
vn -0.2659 0.9247 -0.2725
vn -0.2658 0.9248 -0.2721
vn -0.6297 0.4562 -0.6288
vn -0.6299 0.4563 -0.6285
vn -0.6298 0.4563 -0.6286
vn -0.6300 0.4564 -0.6283
vn -0.3944 0.8276 -0.3994
vn -0.3943 0.8278 -0.3991
vn -0.3944 0.8276 -0.3993
vn -0.3943 0.8279 -0.3990
vn -0.2479 0.9344 -0.2557
vn -0.2477 0.9346 -0.2553
vn -0.2478 0.9345 -0.2555
vn -0.2476 0.9347 -0.2551
vn -0.6210 0.4785 -0.6207
vn -0.6212 0.4785 -0.6206
vn -0.6213 0.4785 -0.6206
vn -0.6212 0.4786 -0.6206
vn -0.2870 0.9114 -0.2951
vn -0.2872 0.9114 -0.2948
vn -0.2871 0.9114 -0.2948
vn -0.2870 0.9116 -0.2944
vn -0.7094 -0.0581 -0.7024
vn -0.7095 -0.0578 -0.7023
vn -0.7094 -0.0580 -0.7024
vn -0.7094 -0.0582 -0.7024
vn -0.7048 0.0107 0.7093
vn -0.7050 0.0107 0.7091
vn -0.7049 0.0107 0.7093
vn -0.7048 0.0108 0.7093
vn -0.7050 0.0106 0.7091
vn -0.7049 0.0107 0.7092
vn -0.7052 0.0107 0.7089
vn -0.6249 0.4642 0.6277
vn -0.7052 0.0107 0.7090
vn -0.7051 0.0107 0.7091
vn -0.7051 0.0107 0.7090
vn -0.8393 0.4568 0.2948
vn -0.7508 0.4242 0.5063
vn -0.7720 0.3315 0.5423
vn -0.7040 0.3500 0.6179
vn -0.7052 0.0106 0.7089
vn -0.7051 0.0106 0.7091
vn -0.7051 0.0105 0.7090
vn -0.7049 0.0109 0.7092
vn -0.7052 0.0105 0.7089
vn -0.7050 0.0107 0.7092
vn -0.7051 0.0108 0.7091
vn -0.7051 0.0110 0.7090
vn -0.7048 0.0105 0.7094
vn -0.7047 0.0106 0.7094
vn 0.7048 -0.0107 -0.7093
vn 0.7051 -0.0106 -0.7091
vn 0.7048 -0.0106 -0.7093
vn 0.7049 -0.0108 -0.7092
vn 0.7050 -0.0107 -0.7091
vn 0.7050 -0.0107 -0.7092
vn 0.7047 -0.0108 -0.7094
vn 0.6331 0.4391 -0.6375
vn 0.7049 -0.0106 -0.7092
vn 0.7049 -0.0105 -0.7093
vn 0.7050 -0.0106 -0.7091
vn 0.7048 -0.0108 -0.7093
vn 0.7051 -0.0107 -0.7090
vn 0.3065 0.4318 -0.8483
vn 0.5142 0.3960 -0.7608
vn 0.5461 0.3046 -0.7804
vn 0.6212 0.3265 -0.7124
vn 0.7052 -0.0104 -0.7090
vn 0.7052 -0.0106 -0.7089
vn 0.7051 -0.0109 -0.7090
vn 0.7050 -0.0105 -0.7091
vn 0.7049 -0.0107 -0.7092
vn 0.7049 -0.0105 -0.7092
vn 0.7052 -0.0107 -0.7089
vn 0.7051 -0.0106 -0.7090
vn 0.7052 -0.0107 -0.7090
vn 0.7047 -0.0107 -0.7094
vn 0.7048 -0.0106 -0.7094
vn 0.7048 -0.0110 -0.7093
vn 0.7043 -0.0110 -0.7098
vn 0.7048 -0.0108 -0.7094
vn 0.7047 -0.0108 -0.7095
vt 0.015600 1.000000
vt 0.015600 0.000000
vt 0.000000 0.000000
vt 0.000000 1.000000
vt 0.031100 1.000000
vt 0.031100 0.000000
vt 0.043400 1.000000
vt 0.043400 0.000000
vt 0.056900 1.000000
vt 0.056900 0.000000
vt 0.084500 1.000000
vt 0.084500 0.000000
vt 0.104100 1.000000
vt 0.104100 0.000000
vt 0.132000 1.000000
vt 0.132000 0.000000
vt 0.142200 1.000000
vt 0.142200 0.000000
vt 0.147600 1.000000
vt 0.147600 0.000000
vt 0.157400 1.000000
vt 0.157400 0.000000
vt 0.173800 1.000000
vt 0.173800 0.000000
vt 0.197700 1.000000
vt 0.197700 0.000000
vt 0.232200 1.000000
vt 0.232200 0.000000
vt 0.364300 1.000000
vt 0.317000 0.000000
vt 0.315600 1.000000
vt 0.410400 1.000000
vt 0.410400 0.000000
vt 0.364300 0.000000
vt 0.435200 1.000000
vt 0.435200 0.000000
vt 0.461000 1.000000
vt 0.461000 0.000000
vt 0.465000 1.000000
vt 0.465000 0.000000
vt 0.472300 1.000000
vt 0.472300 0.000000
vt 0.477900 1.000000
vt 0.477900 0.000000
vt 0.502000 1.000000
vt 0.502000 0.000000
vt 0.514400 1.000000
vt 0.514400 0.000000
vt 0.523100 1.000000
vt 0.523100 0.000000
vt 0.529700 1.000000
vt 0.529700 0.000000
vt 0.539200 1.000000
vt 0.539200 0.000000
vt 0.548300 1.000000
vt 0.548300 0.000000
vt 0.556500 1.000000
vt 0.556500 0.000000
vt 0.568400 1.000000
vt 0.568400 0.000000
vt 0.581200 1.000000
vt 0.850100 1.000000
vt 0.850100 0.000000
vt 0.841800 0.000000
vt 0.858100 1.000000
vt 0.858100 0.000000
vt 0.876800 1.000000
vt 0.876800 0.000000
vt 0.898500 1.000000
vt 0.898500 0.000000
vt 0.911200 1.000000
vt 0.928100 1.000000
vt 0.928100 0.000000
vt 0.911200 0.000000
vt 0.950900 1.000000
vt 0.950900 0.000000
vt 0.984600 1.000000
vt 0.984600 0.000000
vt 1.000000 1.000000
vt 1.000000 0.000000
vt 0.022200 0.001300
vt 0.420200 0.066800
vt 0.056000 0.181300
vt 0.632400 0.000000
vt 0.669800 0.242200
vt 0.439800 0.267300
vt 0.071600 0.307600
vt 0.099700 0.389100
vt 0.714400 0.701300
vt 0.726100 0.659200
vt 0.808000 0.732700
vt 0.834000 0.645700
vt 0.156500 0.963800
vt 0.084600 0.967500
vt 0.172400 0.883700
vt 0.134100 0.423300
vt 0.155200 0.408500
vt 0.444500 0.315000
vt 0.174700 0.458000
vt 0.873300 0.360200
vt 0.905800 0.370700
vt 0.862900 0.378300
vt 0.915500 0.398000
vt 0.023900 0.923400
vt 0.000000 0.863800
vt 0.002600 0.791700
vt 0.078100 0.672900
vt 0.326900 0.858900
vt 0.401100 0.772900
vt 0.088900 0.569000
vt 0.475000 0.626900
vt 0.479000 0.765800
vt 0.534900 0.745100
vt 0.603900 0.660900
vt 0.748900 0.338100
vt 0.689800 0.650300
vt 0.852500 0.585700
vt 1.000000 0.482100
vt 0.890200 0.588700
vt 0.987800 0.546600
vt 0.928900 0.608200
vt 0.989100 0.593200
vt 0.970900 0.621800
vt 0.407500 0.000500
vt 0.427800 0.218200
vt 0.435700 0.302500
vt 0.439400 0.342600
vt 0.911200 0.072900
vt 0.488200 0.762400
vt 0.413700 0.000500
vt 0.014100 0.000000
vt 0.014100 1.000000
vt 0.036400 0.000000
vt 0.036400 1.000000
vt 0.054200 0.000000
vt 0.054200 1.000000
vt 0.084300 0.000000
vt 0.084300 1.000000
vt 0.104700 0.000000
vt 0.104700 1.000000
vt 0.126600 0.000000
vt 0.126600 1.000000
vt 0.135100 0.000000
vt 0.135100 1.000000
vt 0.161000 0.000000
vt 0.161000 1.000000
vt 0.170200 0.000000
vt 0.170200 1.000000
vt 0.201700 0.000000
vt 0.201700 1.000000
vt 0.216000 0.000000
vt 0.216000 1.000000
vt 0.222700 0.000000
vt 0.222700 1.000000
vt 0.258100 0.000000
vt 0.258100 1.000000
vt 0.265200 0.000000
vt 0.265200 1.000000
vt 0.278800 0.000000
vt 0.278800 1.000000
vt 0.311300 0.000000
vt 0.311300 1.000000
vt 0.347900 0.000000
vt 0.347900 1.000000
vt 0.362800 0.000000
vt 0.362800 1.000000
vt 0.378900 0.000000
vt 0.378900 1.000000
vt 0.392600 0.000000
vt 0.392600 1.000000
vt 0.471500 0.000000
vt 0.471500 1.000000
vt 0.523900 0.000000
vt 0.523900 1.000000
vt 0.538600 0.000000
vt 0.538600 1.000000
vt 0.598900 0.000000
vt 0.598900 1.000000
vt 0.636900 0.000000
vt 0.636900 1.000000
vt 0.731900 0.000000
vt 0.731900 1.000000
vt 0.758800 0.000000
vt 0.758800 1.000000
vt 0.793700 0.000000
vt 0.793700 1.000000
vt 0.820700 0.000000
vt 0.820700 1.000000
vt 0.842300 0.000000
vt 0.842300 1.000000
vt 0.855500 0.000000
vt 0.855500 1.000000
vt 0.908400 0.000000
vt 0.908400 1.000000
vt 0.923200 0.000000
vt 0.923200 1.000000
vt 0.932600 0.000000
vt 0.932600 1.000000
vt 0.941100 0.000000
vt 0.941100 1.000000
vt 0.959700 0.000000
vt 0.959700 1.000000
vt 0.989700 0.000000
vt 0.989700 1.000000
vt 0.296500 0.404400
vt 0.268300 0.418600
vt 0.330400 0.448400
vt 0.532700 0.941600
vt 0.615000 1.000000
vt 0.651200 0.954900
vt 1.000000 0.817600
vt 0.868000 0.646300
vt 0.816800 0.679200
vt 0.024600 0.119000
vt 0.000000 0.252800
vt 0.169600 0.243300
vt 0.094900 0.095100
vt 0.413400 0.656900
vt 0.383000 0.680100
vt 0.479100 0.723500
vt 0.800800 0.001000
vt 0.601600 0.006200
vt 0.652700 0.225400
vt 0.858700 0.348800
vt 0.689500 0.981800
vt 0.792000 0.898300
vt 0.192100 0.291000
vt 0.167500 0.310700
vt 0.348200 0.563700
vt 0.317200 0.589800
vt 0.529200 0.876100
vt 0.596300 0.188600
vt 0.530700 0.001200
vt 0.117600 0.000000
vt 0.070700 0.038300
vt 0.817600 0.443700
vt 0.691200 0.536600
vt 0.724700 0.633000
vt 0.964800 0.866400
vt 0.915900 0.869400
vt 0.429200 0.790000
vt 0.889400 0.894400
vt 0.011900 0.000000
vt 0.011900 1.000000
vt 0.025200 0.000000
vt 0.025200 1.000000
vt 0.038400 0.000000
vt 0.038400 1.000000
vt 0.044100 0.000000
vt 0.044100 1.000000
vt 0.063000 0.000000
vt 0.063000 1.000000
vt 0.075000 0.000000
vt 0.075000 1.000000
vt 0.085600 0.000000
vt 0.085600 1.000000
vt 0.104500 0.000000
vt 0.104500 1.000000
vt 0.129300 0.000000
vt 0.129300 1.000000
vt 0.151500 0.000000
vt 0.151500 1.000000
vt 0.165100 0.000000
vt 0.165100 1.000000
vt 0.187900 0.000000
vt 0.187900 1.000000
vt 0.195400 0.000000
vt 0.195400 1.000000
vt 0.212200 0.000000
vt 0.212200 1.000000
vt 0.230500 0.000000
vt 0.230500 1.000000
vt 0.240900 0.000000
vt 0.240900 1.000000
vt 0.259800 0.000000
vt 0.259800 1.000000
vt 0.277400 0.000000
vt 0.277400 1.000000
vt 0.288100 0.000000
vt 0.288100 1.000000
vt 0.330000 0.000000
vt 0.330000 1.000000
vt 0.345600 0.000000
vt 0.345600 1.000000
vt 0.363100 0.000000
vt 0.363100 1.000000
vt 0.394400 0.000000
vt 0.394400 1.000000
vt 0.403300 0.000000
vt 0.403300 1.000000
vt 0.432800 0.000000
vt 0.432800 1.000000
vt 0.443900 0.000000
vt 0.443900 1.000000
vt 0.454800 0.000000
vt 0.454800 1.000000
vt 0.478700 0.000000
vt 0.478700 1.000000
vt 0.543300 0.000000
vt 0.543300 1.000000
vt 0.551500 0.000000
vt 0.551500 1.000000
vt 0.621900 0.000000
vt 0.621900 1.000000
vt 0.637100 0.000000
vt 0.637100 1.000000
vt 0.687000 0.000000
vt 0.687000 1.000000
vt 0.720600 0.000000
vt 0.720600 1.000000
vt 0.817300 0.000000
vt 0.817300 1.000000
vt 0.864600 0.000000
vt 0.864600 1.000000
vt 0.905700 0.000000
vt 0.905700 1.000000
vt 0.926900 0.000000
vt 0.926900 1.000000
vt 0.944800 0.000000
vt 0.944800 1.000000
vt 0.967700 0.000000
vt 0.967700 1.000000
vt 0.980400 0.000000
vt 0.980400 1.000000
vt 0.356900 0.000000
vt 0.000000 0.001900
vt 0.124400 0.033800
vt 0.149500 0.303700
vt 0.056600 0.283600
vt 0.087800 0.340100
vt 0.540700 0.904400
vt 0.561000 1.000000
vt 0.639100 0.951300
vt 0.924300 0.701400
vt 0.873800 0.641200
vt 0.820000 0.714400
vt 0.124400 0.076400
vt 0.063100 0.074900
vt 0.113600 0.184000
vt 0.674600 0.984500
vt 0.710800 0.945300
vt 0.814800 0.939100
vt 0.803000 0.918400
vt 0.271100 0.440400
vt 0.067400 0.196400
vt 0.348300 0.574000
vt 0.307300 0.602500
vt 0.386900 0.646800
vt 0.932000 0.790700
vt 0.361900 0.032100
vt 0.753200 0.028000
vt 0.567700 0.033600
vt 0.600900 0.227100
vt 0.828700 0.401600
vt 0.548000 0.273100
vt 0.252200 0.480000
vt 0.344900 0.500500
vt 0.434800 0.702800
vt 0.413100 0.727700
vt 0.520400 0.774300
vt 0.984200 0.878200
vt 1.000000 0.802400
vt 0.918900 0.882900
vt 0.721600 0.569600
vt 0.875500 0.924700
vt 0.494000 0.823900
vt 0.123400 0.000500
vt 0.123400 0.999500
vt 0.077100 0.000500
vt 0.077100 0.999500
vt 0.235200 0.000500
vt 0.235200 0.999500
vt 0.331600 0.000500
vt 0.331600 0.999500
vt 0.520100 0.000500
vt 0.520100 0.999500
vt 0.687200 0.000500
vt 0.687200 0.999500
vt 0.651100 0.000500
vt 0.651100 0.999500
vt 0.664700 0.000500
vt 0.664700 0.999500
vt 0.484500 0.000500
vt 0.484500 0.999500
vt 0.734800 0.000500
vt 0.734800 0.999500
vt 0.999500 0.000500
vt 0.999500 0.999500
vt 0.868200 0.000500
vt 0.868200 0.999500
vt 0.612100 0.000500
vt 0.612100 0.999500
vt 0.320900 0.000500
vt 0.320900 0.999500
vt 0.652900 0.000500
vt 0.652900 0.999500
vt 0.955600 0.000500
vt 0.955600 0.999500
vt 0.869700 0.000500
vt 0.869700 0.999500
vt 0.071500 0.000500
vt 0.071500 0.999500
vt 0.137900 0.000500
vt 0.137900 0.999500
vt 0.015600 0.000500
vt 0.015600 0.999500
vt 0.337200 0.000500
vt 0.337200 0.999500
vt 0.924600 0.000500
vt 0.924600 0.999500
vt 0.836900 0.000500
vt 0.836900 0.999500
vt 0.391600 0.000500
vt 0.391600 0.999500
vt 0.302900 0.000500
vt 0.302900 0.999500
vt 0.932000 0.000500
vt 0.932000 0.999500
vt 0.448200 0.000500
vt 0.448200 0.999500
vt 0.397100 0.000500
vt 0.397100 0.999500
vt 0.137400 0.000500
vt 0.137400 0.999500
vt 0.015900 0.000500
vt 0.015900 0.999500
vt 0.550000 0.000500
vt 0.550000 0.999500
vt 0.513500 0.000500
vt 0.513500 0.999500
vt 0.583700 0.000500
vt 0.583700 0.999500
vt 0.177800 0.000500
vt 0.177800 0.999500
vt 0.140700 0.000500
vt 0.140700 0.999500
vt 0.631300 0.000500
vt 0.631300 0.999500
vt 0.592500 0.000500
vt 0.592500 0.999500
vt 0.399400 0.000500
vt 0.399400 0.999500
vt 0.368700 0.000500
vt 0.368700 0.999500
vt 0.290500 0.000500
vt 0.290500 0.999500
vt 0.237500 0.000500
vt 0.237500 0.999500
vt 0.489000 0.000500
vt 0.489000 0.999500
vt 0.427800 0.000500
vt 0.427800 0.999500
vt 0.371100 0.000500
vt 0.371100 0.999500
vt 0.311000 0.000500
vt 0.311000 0.999500
vt 0.506500 0.000500
vt 0.506500 0.999500
vt 0.639800 0.000500
vt 0.639800 0.999500
vt 0.747600 0.000500
vt 0.747600 0.999500
vt 0.548700 0.000500
vt 0.548700 0.999500
vt 0.513900 0.000500
vt 0.513900 0.999500
vt 0.799200 0.000500
vt 0.799200 0.999500
vt 0.764200 0.000500
vt 0.764200 0.999500
vt 0.837000 0.000500
vt 0.837000 0.999500
vt 0.889000 0.000500
vt 0.889000 0.999500
vt 0.950300 0.000500
vt 0.950300 0.999500
vt 0.975800 0.000500
vt 0.975800 0.999500
vt 0.522000 0.000500
vt 0.522000 0.999500
vt 0.488700 0.000500
vt 0.488700 0.999500
vt 0.601600 0.000500
vt 0.601600 0.999500
vt 0.654400 0.000500
vt 0.654400 0.999500
vt 0.038600 0.000500
vt 0.038600 0.999500
vt 0.932500 0.391500
vt 0.925100 0.302700
vt 0.837200 0.337000
vt 0.762800 0.600700
vt 0.792200 0.631400
vt 0.822500 0.592600
vt 0.984600 0.448100
vt 1.000000 0.397000
vt 0.863000 0.513500
vt 0.375100 0.923300
vt 0.345400 0.961800
vt 0.398300 0.992200
vt 0.896500 0.137500
vt 0.870100 0.015100
vt 0.071000 0.000000
vt 0.000000 0.679300
vt 0.131400 0.735000
vt 0.188300 0.664900
vt 0.004200 0.387800
vt 0.312600 0.484400
vt 0.044800 0.346900
vt 0.478000 1.000000
vt 0.511300 0.976200
vt 0.499200 0.950700
vt 0.027100 0.043900
vt 0.348800 0.479800
vt 0.547900 0.799500
vt 0.548700 0.764500
vt 0.514000 0.747800
vt 0.553700 0.889400
vt 0.354200 0.876900
vt 0.373000 0.765100
vt 0.569200 0.837400
vt 0.336000 0.668600
vt 0.573500 0.639900
vt 0.568800 0.592600
vt 0.629000 0.506500
vt 0.689200 0.511000
vt 0.709700 0.572300
vt 0.879600 0.550100
vt 0.859700 0.583800
vt 0.029900 0.000000
vt 0.029900 1.000000
vt 0.064300 0.000000
vt 0.064300 1.000000
vt 0.078000 0.000000
vt 0.078000 1.000000
vt 0.140200 0.000000
vt 0.140200 1.000000
vt 0.207600 0.000000
vt 0.207600 1.000000
vt 0.293900 0.000000
vt 0.293900 1.000000
vt 0.319300 0.000000
vt 0.319300 1.000000
vt 0.336800 0.000000
vt 0.336800 1.000000
vt 0.378000 0.000000
vt 0.378000 1.000000
vt 0.394300 0.000000
vt 0.394300 1.000000
vt 0.417700 0.000000
vt 0.417700 1.000000
vt 0.489500 0.000000
vt 0.489500 1.000000
vt 0.513700 0.000000
vt 0.513700 1.000000
vt 0.547600 0.000000
vt 0.547600 1.000000
vt 0.571900 0.000000
vt 0.571900 1.000000
vt 0.624300 0.000000
vt 0.624300 1.000000
vt 0.647200 0.000000
vt 0.647200 1.000000
vt 0.690300 0.000000
vt 0.690300 1.000000
vt 0.716900 0.000000
vt 0.716900 1.000000
vt 0.808500 0.000000
vt 0.808500 1.000000
vt 0.850200 0.000000
vt 0.850200 1.000000
vt 0.883000 0.000000
vt 0.883000 1.000000
vt 0.912600 0.000000
vt 0.912600 1.000000
vt 0.930300 0.000000
vt 0.930300 1.000000
vt 0.953700 0.000000
vt 0.953700 1.000000
vt 0.978700 0.000000
vt 0.978700 1.000000
vt 0.805400 0.006000
vt 0.589500 0.000000
vt 0.627000 0.079100
vt 0.811500 0.103000
vt 0.635200 0.270600
vt 0.887400 0.433400
vt 0.000000 0.264600
vt 0.016400 0.327400
vt 0.140100 0.305500
vt 0.092200 0.129800
vt 0.922100 0.815000
vt 0.873000 0.737200
vt 0.791800 0.762500
vt 0.922100 0.967600
vt 1.000000 0.964600
vt 1.000000 0.886800
vt 0.765000 0.557000
vt 0.577900 0.082100
vt 0.520500 0.004300
vt 0.160600 0.003000
vt 0.553300 0.204800
vt 0.088600 0.070200
vt 0.377000 0.569700
vt 0.713000 0.670700
vt 0.435400 0.812500
vt 0.627000 0.991500
vt 0.694900 0.983600
vt 0.865900 1.000000
vt 0.033500 0.000000
vt 0.033500 1.000000
vt 0.047200 0.000000
vt 0.047200 1.000000
vt 0.060800 0.000000
vt 0.060800 1.000000
vt 0.073700 0.000000
vt 0.073700 1.000000
vt 0.089000 0.000000
vt 0.089000 1.000000
vt 0.098900 0.000000
vt 0.098900 1.000000
vt 0.136400 0.000000
vt 0.136400 1.000000
vt 0.201100 0.000000
vt 0.201100 1.000000
vt 0.245800 0.000000
vt 0.245800 1.000000
vt 0.316300 0.000000
vt 0.316300 1.000000
vt 0.339200 0.000000
vt 0.339200 1.000000
vt 0.363600 0.000000
vt 0.363600 1.000000
vt 0.410700 0.000000
vt 0.410700 1.000000
vt 0.551900 0.000000
vt 0.551900 1.000000
vt 0.566300 0.000000
vt 0.566300 1.000000
vt 0.599400 0.000000
vt 0.599400 1.000000
vt 0.643400 0.000000
vt 0.643400 1.000000
vt 0.667400 0.000000
vt 0.667400 1.000000
vt 0.721700 0.000000
vt 0.721700 1.000000
vt 0.760100 0.000000
vt 0.760100 1.000000
vt 0.792500 0.000000
vt 0.792500 1.000000
vt 0.824100 0.000000
vt 0.824100 1.000000
vt 0.852700 0.000000
vt 0.852700 1.000000
vt 0.886700 0.000000
vt 0.886700 1.000000
vt 0.911600 0.000000
vt 0.911600 1.000000
vt 0.933200 0.000000
vt 0.933200 1.000000
vt 0.978600 0.000000
vt 0.978600 1.000000
vt 0.592700 0.055300
vt 0.615900 0.006100
vt 0.587900 0.955400
vt 0.616000 0.999600
vt 0.658600 0.963900
vt 0.015800 0.173300
vt 0.067800 0.251500
vt 0.138300 0.191400
vt 0.278400 0.422700
vt 0.655700 0.165100
vt 0.414200 0.540800
vt 0.755600 0.006100
vt 0.650900 0.002800
vt 0.796200 0.203400
vt 0.526700 0.898300
vt 0.531800 0.954600
vt 0.569400 0.891800
vt 0.848600 0.337900
vt 0.825400 0.455500
vt 0.751700 0.553900
vt 0.491800 0.770400
vt 0.767200 0.658900
vt 0.868900 0.749900
vt 0.798300 1.000000
vt 0.867900 0.947200
vt 0.960000 0.799800
vt 1.000000 0.872100
vt 0.976400 0.944800
vt 0.127100 0.000500
vt 0.127100 0.999500
vt 0.037900 0.000500
vt 0.037900 0.999500
vt 0.172100 0.000500
vt 0.172100 0.999500
vt 0.296100 0.000500
vt 0.296100 0.999500
vt 0.481500 0.000500
vt 0.481500 0.999500
vt 0.645500 0.000500
vt 0.645500 0.999500
vt 0.426800 0.000500
vt 0.426800 0.999500
vt 0.354500 0.000500
vt 0.354500 0.999500
vt 0.589600 0.000500
vt 0.589600 0.999500
vt 0.573200 0.000500
vt 0.573200 0.999500
vt 0.723700 0.000500
vt 0.723700 0.999500
vt 0.921200 0.000500
vt 0.921200 0.999500
vt 0.998400 0.000500
vt 0.998400 0.999500
vt 0.615400 0.000500
vt 0.615400 0.999500
vt 0.111700 0.000500
vt 0.111700 0.999500
vt 0.083500 0.000500
vt 0.083500 0.999500
vt 0.003500 0.000500
vt 0.003500 0.999500
vt 0.553500 0.000500
vt 0.553500 0.999500
vt 0.500300 0.000500
vt 0.500300 0.999500
vt 0.241100 0.000500
vt 0.241100 0.999500
vt 0.095500 0.000500
vt 0.095500 0.999500
vt 0.668600 0.000500
vt 0.668600 0.999500
vt 0.499500 0.000500
vt 0.499500 0.999500
vt 0.735500 0.000500
vt 0.735500 0.999500
vt 0.728400 0.000500
vt 0.728400 0.999500
vt 0.757000 0.000500
vt 0.757000 0.999500
vt 0.787700 0.000500
vt 0.787700 0.999500
vt 0.822300 0.000500
vt 0.822300 0.999500
vt 0.855300 0.000500
vt 0.855300 0.999500
vt 0.881400 0.000500
vt 0.881400 0.999500
vt 0.895400 0.000500
vt 0.895400 0.999500
vt 0.903200 0.000500
vt 0.903200 0.999500
vt 0.914300 0.000500
vt 0.914300 0.999500
vt 0.928100 0.000500
vt 0.928100 0.999500
vt 0.944100 0.000500
vt 0.944100 0.999500
vt 0.961600 0.000500
vt 0.961600 0.999500
vt 0.980300 0.000500
vt 0.980300 0.999500
vt 0.997300 0.000500
vt 0.997300 0.999500
vt 0.775100 0.000500
vt 0.775100 0.999500
vt 0.149500 0.000500
vt 0.149500 0.999500
vt 0.001800 0.000500
vt 0.001800 0.999500
vt 0.264600 0.000500
vt 0.264600 0.999500
vt 0.416500 0.000500
vt 0.416500 0.999500
vt 0.547600 0.000500
vt 0.547600 0.999500
vt 0.650100 0.000500
vt 0.650100 0.999500
vt 0.409900 0.000500
vt 0.409900 0.999500
vt 0.349900 0.000500
vt 0.349900 0.999500
vt 0.727700 0.000500
vt 0.727700 0.999500
vt 0.590100 0.000500
vt 0.590100 0.999500
vt 0.956100 0.000500
vt 0.956100 0.999500
vt 0.798400 0.000500
vt 0.798400 0.999500
vt 0.742100 0.000500
vt 0.742100 0.999500
vt 0.847900 0.000500
vt 0.847900 0.999500
vt 0.064800 0.000500
vt 0.064800 0.999500
vt 0.025500 0.000500
vt 0.025500 0.999500
vt 0.166400 0.000500
vt 0.166400 0.999500
vt 0.145100 0.000500
vt 0.145100 0.999500
vt 0.873800 0.000500
vt 0.873800 0.999500
vt 0.833600 0.000500
vt 0.833600 0.999500
vt 0.194900 0.000500
vt 0.194900 0.999500
vt 0.131300 0.000500
vt 0.131300 0.999500
vt 0.880900 0.000500
vt 0.880900 0.999500
vt 0.000500 0.000500
vt 0.000500 0.999500
vt 0.499700 0.083100
vt 0.615500 0.003000
vt 0.111300 0.001100
vt 0.446400 0.095100
vt 0.855600 0.149200
vt 0.997800 0.001300
vt 0.775400 0.000000
vt 0.766800 0.019200
vt 0.758500 0.037900
vt 0.750800 0.055500
vt 0.744000 0.071500
vt 0.738300 0.085300
vt 0.734100 0.096400
vt 0.956500 0.727900
vt 0.895600 0.590200
vt 0.793300 0.650300
vt 0.731600 0.104300
vt 0.667000 0.962600
vt 0.719500 1.000000
vt 0.805400 0.881300
vt 0.728100 0.118200
vt 0.098500 0.078400
vt 0.721300 0.144400
vt 0.577300 0.873200
vt 0.839800 0.264400
vt 0.712000 0.177400
vt 0.701200 0.212000
vt 0.689800 0.242700
vt 0.003500 0.410300
vt 0.028100 0.426800
vt 0.164300 0.354400
vt 0.000000 0.276100
vt 0.678700 0.264300
vt 0.895400 0.416400
vt 0.668700 0.271300
vt 0.756300 0.547600
vt 0.499500 0.240800
vt 0.416000 0.518500
vt 0.473300 0.704100
vt 0.491100 0.828200
vt 0.869100 0.874200
vt 0.898200 0.833900
vt 1.000000 0.742300
vt 0.998900 0.798700
vt 0.975000 0.848300
vt 0.935600 0.855200
vt 0.222900 0.000500
vt 0.222900 0.999500
vt 0.066400 0.000500
vt 0.066400 0.999500
vt 0.294100 0.000500
vt 0.294100 0.999500
vt 0.348900 0.000500
vt 0.348900 0.999500
vt 0.748600 0.000500
vt 0.748600 0.999500
vt 0.694700 0.000500
vt 0.694700 0.999500
vt 0.446900 0.000500
vt 0.446900 0.999500
vt 0.517200 0.000500
vt 0.517200 0.999500
vt 0.628400 0.000500
vt 0.628400 0.999500
vt 0.684300 0.000500
vt 0.684300 0.999500
vt 0.804600 0.000500
vt 0.804600 0.999500
vt 0.357600 0.000500
vt 0.357600 0.999500
vt 0.341100 0.000500
vt 0.341100 0.999500
vt 0.528800 0.000500
vt 0.528800 0.999500
vt 0.447100 0.000500
vt 0.447100 0.999500
vt 0.835400 0.000500
vt 0.835400 0.999500
vt 0.654100 0.000500
vt 0.654100 0.999500
vt 0.949200 0.000500
vt 0.949200 0.999500
vt 0.497300 0.000500
vt 0.497300 0.999500
vt 0.373800 0.000500
vt 0.373800 0.999500
vt 0.502700 0.000500
vt 0.502700 0.999500
vt 0.249700 0.000500
vt 0.249700 0.999500
vt 0.235800 0.000500
vt 0.235800 0.999500
vt 0.057900 0.000500
vt 0.057900 0.999500
vt 0.464600 0.000500
vt 0.464600 0.999500
vt 0.681300 0.000500
vt 0.681300 0.999500
vt 0.730500 0.000500
vt 0.730500 0.999500
vt 0.340200 0.000500
vt 0.340200 0.999500
vt 0.269500 0.000500
vt 0.269500 0.999500
vt 0.751900 0.000500
vt 0.751900 0.999500
vt 0.659800 0.000500
vt 0.659800 0.999500
vt 0.704800 0.000500
vt 0.704800 0.999500
vt 0.768000 0.000500
vt 0.768000 0.999500
vt 0.714000 0.000500
vt 0.714000 0.999500
vt 0.859600 0.000500
vt 0.859600 0.999500
vt 0.888900 0.000500
vt 0.888900 0.999500
vt 0.959700 0.000500
vt 0.959700 0.999500
vt 0.405000 0.000500
vt 0.405000 0.999500
vt 0.335900 0.000500
vt 0.335900 0.999500
vt 0.434400 0.000500
vt 0.434400 0.999500
vt 0.979600 0.000500
vt 0.979600 0.999500
vt 0.947600 0.000500
vt 0.947600 0.999500
vt 0.506400 0.000500
vt 0.506400 0.999500
vt 0.468000 0.000500
vt 0.468000 0.999500
vt 0.597000 0.000500
vt 0.597000 0.999500
vt 0.027300 0.000500
vt 0.027300 0.999500
vt 0.736300 0.000500
vt 0.736300 0.999500
vt 0.605700 0.000500
vt 0.605700 0.999500
vt 0.003700 0.000500
vt 0.003700 0.999500
vt 0.750500 0.057400
vt 1.000000 0.004900
vt 0.502700 0.005300
vt 0.626300 0.050400
vt 0.357400 0.000000
vt 0.215100 0.195100
vt 0.447000 0.340900
vt 0.239700 0.315500
vt 0.705000 0.752200
vt 0.642100 0.660000
vt 0.601000 0.730800
vt 0.649600 0.235500
vt 0.567000 0.164200
vt 0.528800 0.345800
vt 0.666800 0.464600
vt 0.783500 0.768200
vt 0.757300 0.714200
vt 0.713600 0.859900
vt 0.394200 0.973200
vt 0.402900 1.000000
vt 0.493600 0.964300
vt 0.256300 0.934000
vt 0.263400 0.996800
vt 0.364600 0.777400
vt 0.284100 0.553200
vt 0.251100 0.629000
vt 0.305100 0.651200
vt 0.550700 0.681400
vt 0.532100 0.980100
vt 0.565600 0.948000
vt 0.202300 0.371500
vt 0.238200 0.482800
vt 0.319100 0.706100
vt 0.712900 0.889300
vt 0.664300 0.960200
vt 0.595100 0.965300
vt 0.581200 0.000000
vt 0.603900 0.000000
vt 0.603900 1.000000
vt 0.614500 0.000000
vt 0.614500 1.000000
vt 0.624700 0.000000
vt 0.624700 1.000000
vt 0.644300 0.000000
vt 0.644300 1.000000
vt 0.660800 0.000000
vt 0.660800 1.000000
vt 0.679200 0.000000
vt 0.679200 1.000000
vt 0.693300 0.000000
vt 0.693300 1.000000
vt 0.708500 0.000000
vt 0.708500 1.000000
vt 0.726100 0.000000
vt 0.726100 1.000000
vt 0.751700 0.000000
vt 0.751700 1.000000
vt 0.759000 0.000000
vt 0.759000 1.000000
vt 0.776700 0.000000
vt 0.776700 1.000000
vt 0.791300 0.000000
vt 0.791300 1.000000
vt 0.807500 0.000000
vt 0.807500 1.000000
vt 0.841800 1.000000
vt 0.797600 0.819900
vt 0.745600 0.905400
vt 0.782200 0.871300
vt 0.812100 0.826200
vt 0.796300 1.000000
vt 0.826500 0.982600
vt 0.710200 0.956900
vt 0.715600 0.985000
vt 0.664900 0.933900
vt 0.671200 0.874500
vt 0.636200 0.853800
vt 0.679000 0.793600
vt 0.649200 0.785100
vt 0.723100 0.738300
vt 0.847300 0.712000
s 1
usemtl 3d66_Standardmaterial_17342430_129
f 88/131/187 87/132/188 86/3/189
f 87/132/188 89/4/190 86/3/189
f 91/133/191 90/134/192 88/131/193
f 90/134/192 87/132/194 88/131/193
f 93/135/195 92/136/196 91/133/197
f 92/136/196 90/134/196 91/133/197
f 95/137/198 94/138/199 93/135/199
f 94/138/199 92/136/200 93/135/199
f 97/139/201 96/140/202 95/137/203
f 96/140/202 94/138/204 95/137/203
f 99/141/205 98/142/206 97/139/207
f 98/142/206 96/140/208 97/139/207
f 101/143/209 100/144/210 99/141/211
f 100/144/210 98/142/212 99/141/211
f 103/145/213 102/146/214 101/143/215
f 102/146/214 100/144/216 101/143/215
f 105/147/217 104/148/218 103/145/219
f 104/148/218 102/146/218 103/145/219
f 107/149/220 106/150/221 105/147/222
f 106/150/221 104/148/223 105/147/222
f 109/151/224 108/152/225 107/149/226
f 108/152/225 106/150/227 107/149/226
f 111/153/228 110/154/229 109/151/230
f 110/154/229 108/152/229 109/151/230
f 113/155/231 112/156/232 111/153/233
f 112/156/232 110/154/234 111/153/233
f 115/157/235 114/158/236 113/155/237
f 114/158/236 112/156/238 113/155/237
f 117/159/239 116/160/240 115/157/241
f 116/160/240 114/158/242 115/157/241
f 119/161/243 118/162/244 117/159/245
f 118/162/244 116/160/246 117/159/245
f 121/163/247 120/164/248 119/161/249
f 120/164/248 118/162/250 119/161/249
f 123/165/251 122/166/252 121/163/253
f 122/166/252 120/164/254 121/163/253
f 125/167/255 124/168/256 123/165/257
f 124/168/256 122/166/258 123/165/257
f 127/169/259 126/170/260 125/167/261
f 126/170/260 124/168/262 125/167/261
f 129/171/263 128/172/264 127/169/265
f 128/172/264 126/170/266 127/169/265
f 131/173/267 130/174/268 129/171/269
f 130/174/268 128/172/270 129/171/269
f 133/175/271 132/176/272 131/173/273
f 132/176/272 130/174/274 131/173/273
f 135/177/275 134/178/276 133/175/275
f 134/178/276 132/176/277 133/175/275
f 137/179/278 136/180/279 135/177/280
f 136/180/279 134/178/281 135/177/280
f 139/181/282 138/182/283 137/179/284
f 138/182/283 136/180/285 137/179/284
f 141/183/286 140/184/287 139/181/288
f 140/184/287 138/182/286 139/181/288
f 143/185/289 142/186/290 141/183/291
f 142/186/290 140/184/292 141/183/291
f 145/187/293 144/188/294 143/185/295
f 144/188/294 142/186/296 143/185/295
f 147/189/297 146/190/298 145/187/299
f 146/190/298 144/188/300 145/187/299
f 149/191/301 148/192/302 147/189/301
f 148/192/302 146/190/303 147/189/301
f 151/193/304 150/194/305 149/191/306
f 150/194/305 148/192/307 149/191/306
f 153/195/308 152/196/309 151/193/308
f 152/196/309 150/194/309 151/193/308
f 155/197/310 154/198/311 153/195/312
f 154/198/311 152/196/313 153/195/312
f 157/199/314 156/200/315 155/197/316
f 156/200/315 154/198/317 155/197/316
f 159/201/318 158/202/319 157/199/320
f 158/202/319 156/200/321 157/199/320
f 161/203/322 160/204/323 159/201/324
f 160/204/323 158/202/325 159/201/324
f 86/80/326 89/79/327 161/203/326
f 89/79/327 160/204/327 161/203/326
f 164/243/369 163/244/370 162/3/371
f 163/244/370 165/4/372 162/3/371
f 167/245/373 166/246/374 164/243/375
f 166/246/374 163/244/376 164/243/375
f 169/247/377 168/248/378 167/245/379
f 168/248/378 166/246/380 167/245/379
f 171/249/381 170/250/381 169/247/381
f 170/250/381 168/248/381 169/247/381
f 173/251/382 172/252/383 171/249/384
f 172/252/383 170/250/385 171/249/384
f 175/253/386 174/254/387 173/251/388
f 174/254/387 172/252/387 173/251/388
f 177/255/389 176/256/390 175/253/389
f 176/256/390 174/254/390 175/253/389
f 179/257/391 178/258/392 177/255/393
f 178/258/392 176/256/394 177/255/393
f 181/259/395 180/260/396 179/257/397
f 180/260/396 178/258/396 179/257/397
f 183/261/398 182/262/399 181/259/400
f 182/262/399 180/260/399 181/259/400
f 185/263/401 184/264/402 183/261/403
f 184/264/402 182/262/402 183/261/403
f 187/265/404 186/266/405 185/263/406
f 186/266/405 184/264/407 185/263/406
f 189/267/408 188/268/409 187/265/410
f 188/268/409 186/266/411 187/265/410
f 191/269/412 190/270/413 189/267/412
f 190/270/413 188/268/413 189/267/412
f 193/271/414 192/272/415 191/269/416
f 192/272/415 190/270/417 191/269/416
f 195/273/418 194/274/419 193/271/420
f 194/274/419 192/272/419 193/271/420
f 197/275/421 196/276/422 195/273/423
f 196/276/422 194/274/422 195/273/423
f 199/277/424 198/278/425 197/275/426
f 198/278/425 196/276/427 197/275/426
f 201/279/428 200/280/429 199/277/430
f 200/280/429 198/278/429 199/277/430
f 203/281/431 202/282/432 201/279/433
f 202/282/432 200/280/434 201/279/433
f 205/283/435 204/284/436 203/281/437
f 204/284/436 202/282/438 203/281/437
f 207/285/439 206/286/440 205/283/441
f 206/286/440 204/284/442 205/283/441
f 209/287/443 208/288/444 207/285/445
f 208/288/444 206/286/446 207/285/445
f 211/289/447 210/290/448 209/287/449
f 210/290/448 208/288/450 209/287/449
f 213/291/451 212/292/452 211/289/453
f 212/292/452 210/290/454 211/289/453
f 215/293/455 214/294/456 213/291/457
f 214/294/456 212/292/458 213/291/457
f 217/295/459 216/296/460 215/293/461
f 216/296/460 214/294/462 215/293/461
f 219/297/463 218/298/464 217/295/465
f 218/298/464 216/296/466 217/295/465
f 221/299/467 220/300/468 219/297/468
f 220/300/468 218/298/469 219/297/468
f 223/301/470 222/302/471 221/299/472
f 222/302/471 220/300/473 221/299/472
f 225/303/474 224/304/475 223/301/476
f 224/304/475 222/302/477 223/301/476
f 227/305/478 226/306/479 225/303/480
f 226/306/479 224/304/481 225/303/480
f 229/307/482 228/308/483 227/305/484
f 228/308/483 226/306/485 227/305/484
f 231/309/486 230/310/487 229/307/488
f 230/310/487 228/308/489 229/307/488
f 233/311/490 232/312/490 231/309/491
f 232/312/490 230/310/492 231/309/491
f 235/313/493 234/314/494 233/311/495
f 234/314/494 232/312/496 233/311/495
f 237/315/497 236/316/497 235/313/498
f 236/316/497 234/314/498 235/313/498
f 239/317/499 238/318/500 237/315/501
f 238/318/500 236/316/500 237/315/501
f 241/319/502 240/320/503 239/317/504
f 240/320/503 238/318/505 239/317/504
f 243/321/506 242/322/507 241/319/508
f 242/322/507 240/320/509 241/319/508
f 245/323/510 244/324/511 243/321/512
f 244/324/511 242/322/513 243/321/512
f 162/80/514 165/79/515 245/323/514
f 165/79/515 244/324/516 245/323/514
f 330/2/786 329/1/787 328/3/788
f 329/1/787 331/4/787 328/3/788
f 333/530/789 332/531/790 330/2/791
f 332/531/790 329/1/792 330/2/791
f 335/532/793 334/533/794 333/530/795
f 334/533/794 332/531/796 333/530/795
f 337/534/797 336/535/798 335/532/799
f 336/535/798 334/533/798 335/532/799
f 339/536/800 338/537/801 337/534/802
f 338/537/801 336/535/803 337/534/802
f 341/538/804 340/539/805 339/536/805
f 340/539/805 338/537/806 339/536/805
f 343/540/807 342/541/808 341/538/808
f 342/541/808 340/539/809 341/538/808
f 345/542/810 344/543/811 343/540/812
f 344/543/811 342/541/811 343/540/812
f 347/544/813 346/545/814 345/542/815
f 346/545/814 344/543/816 345/542/815
f 349/546/817 348/547/818 347/544/819
f 348/547/818 346/545/820 347/544/819
f 351/548/821 350/549/822 349/546/823
f 350/549/822 348/547/824 349/546/823
f 353/550/825 352/551/826 351/548/827
f 352/551/826 350/549/826 351/548/827
f 355/552/828 354/553/829 353/550/829
f 354/553/829 352/551/830 353/550/829
f 357/554/831 356/555/832 355/552/831
f 356/555/832 354/553/833 355/552/831
f 359/556/834 358/557/835 357/554/836
f 358/557/835 356/555/837 357/554/836
f 361/558/838 360/559/839 359/556/840
f 360/559/839 358/557/841 359/556/840
f 363/560/842 362/561/843 361/558/844
f 362/561/843 360/559/845 361/558/844
f 365/562/846 364/563/847 363/560/848
f 364/563/847 362/561/849 363/560/848
f 367/564/850 366/565/851 365/562/852
f 366/565/851 364/563/853 365/562/852
f 369/566/854 368/567/855 367/564/854
f 368/567/855 366/565/855 367/564/854
f 371/568/856 370/569/857 369/566/857
f 370/569/857 368/567/858 369/566/857
f 373/570/859 372/571/860 371/568/860
f 372/571/860 370/569/861 371/568/860
f 375/572/862 374/573/863 373/570/862
f 374/573/863 372/571/864 373/570/862
f 377/574/865 376/575/866 375/572/867
f 376/575/866 374/573/868 375/572/867
f 379/576/869 378/577/870 377/574/869
f 378/577/870 376/575/871 377/574/869
f 381/578/872 380/579/873 379/576/874
f 380/579/873 378/577/875 379/576/874
f 383/580/876 382/581/877 381/578/878
f 382/581/877 380/579/879 381/578/878
f 328/80/880 331/79/881 383/580/882
f 331/79/881 382/581/883 383/580/882
f 386/610/930 385/611/931 384/3/932
f 385/611/931 387/4/933 384/3/932
f 389/612/934 388/613/935 386/610/936
f 388/613/935 385/611/935 386/610/936
f 391/614/937 390/615/938 389/612/939
f 390/615/938 388/613/940 389/612/939
f 393/616/941 392/617/942 391/614/943
f 392/617/942 390/615/944 391/614/943
f 395/618/945 394/619/946 393/616/945
f 394/619/946 392/617/947 393/616/945
f 397/620/948 396/621/949 395/618/950
f 396/621/949 394/619/951 395/618/950
f 399/622/952 398/623/952 397/620/953
f 398/623/952 396/621/954 397/620/953
f 401/624/955 400/625/956 399/622/957
f 400/625/956 398/623/958 399/622/957
f 403/626/959 402/627/960 401/624/961
f 402/627/960 400/625/962 401/624/961
f 405/628/963 404/629/964 403/626/964
f 404/629/964 402/627/965 403/626/964
f 407/630/966 406/631/967 405/628/968
f 406/631/967 404/629/968 405/628/968
f 409/632/969 408/633/970 407/630/969
f 408/633/970 406/631/971 407/630/969
f 411/634/972 410/635/973 409/632/974
f 410/635/973 408/633/975 409/632/974
f 413/636/976 412/637/977 411/634/978
f 412/637/977 410/635/979 411/634/978
f 415/638/980 414/639/981 413/636/982
f 414/639/981 412/637/981 413/636/982
f 417/640/983 416/641/984 415/638/985
f 416/641/984 414/639/986 415/638/985
f 419/642/987 418/643/988 417/640/989
f 418/643/988 416/641/990 417/640/989
f 421/644/991 420/645/992 419/642/993
f 420/645/992 418/643/994 419/642/993
f 423/646/995 422/647/996 421/644/997
f 422/647/996 420/645/998 421/644/997
f 425/648/999 424/649/1000 423/646/1001
f 424/649/1000 422/647/1002 423/646/1001
f 427/650/1003 426/651/1004 425/648/1005
f 426/651/1004 424/649/1006 425/648/1005
f 429/652/1007 428/653/1008 427/650/1009
f 428/653/1008 426/651/1010 427/650/1009
f 431/654/1011 430/655/1012 429/652/1013
f 430/655/1012 428/653/1014 429/652/1013
f 433/656/1015 432/657/1016 431/654/1017
f 432/657/1016 430/655/1018 431/654/1017
f 435/658/1019 434/659/1020 433/656/1021
f 434/659/1020 432/657/1022 433/656/1021
f 437/660/1023 436/661/1024 435/658/1025
f 436/661/1024 434/659/1026 435/658/1025
f 439/578/1027 438/579/1028 437/660/1029
f 438/579/1028 436/661/1030 437/660/1029
f 441/662/1031 440/663/1032 439/578/1033
f 440/663/1032 438/579/1034 439/578/1033
f 384/80/1035 387/79/1036 441/662/1037
f 387/79/1036 440/663/1038 441/662/1037
usemtl 3d66_Standardmaterial_17342430_128
f 111/205/328 109/206/329 107/207/330
f 91/208/331 88/209/332 86/210/332
f 151/211/333 149/212/334 147/213/335
f 121/214/336 119/215/328 117/216/337
f 123/217/338 121/214/336 117/216/337
f 101/218/330 99/219/339 97/220/334
f 137/221/340 135/222/340 133/223/339
f 139/224/339 137/221/340 133/223/339
f 86/210/332 161/225/329 159/226/341
f 115/227/328 113/228/328 111/205/328
f 105/229/342 103/230/343 101/218/330
f 93/231/332 91/208/331 86/210/332
f 131/232/344 129/233/345 127/234/345
f 131/232/344 127/234/345 125/235/344
f 131/232/344 125/235/344 123/217/338
f 131/232/344 123/217/338 117/216/337
f 131/232/344 117/216/337 115/227/328
f 131/232/344 115/227/328 111/205/328
f 133/223/339 131/232/344 111/205/328
f 133/223/339 111/205/328 107/207/330
f 139/224/339 133/223/339 107/207/330
f 141/236/346 139/224/339 107/207/330
f 143/237/328 141/236/346 107/207/330
f 143/237/328 107/207/330 105/229/342
f 143/237/328 105/229/342 101/218/330
f 145/238/328 143/237/328 101/218/330
f 145/238/328 101/218/330 97/220/334
f 93/231/332 86/210/332 159/226/341
f 153/239/334 151/211/333 147/213/335
f 155/240/347 153/239/334 147/213/335
f 97/220/334 95/241/330 93/231/332
f 145/238/328 97/220/334 93/231/332
f 145/238/328 93/231/332 159/226/341
f 147/213/335 145/238/328 159/226/341
f 155/240/347 147/213/335 159/226/341
f 155/240/347 159/226/341 157/242/348
f 108/206/349 110/205/350 106/207/351
f 87/209/352 90/208/353 89/210/354
f 148/212/353 150/211/354 146/213/355
f 118/215/352 120/214/350 116/216/349
f 120/214/350 122/217/350 116/216/349
f 98/219/356 100/218/357 96/220/358
f 134/222/359 136/221/353 132/223/360
f 136/221/353 138/224/350 132/223/360
f 160/225/354 89/210/354 158/226/361
f 112/228/362 114/227/350 110/205/350
f 102/230/359 104/229/363 100/218/357
f 90/208/353 92/231/364 89/210/354
f 128/233/365 130/232/360 126/234/349
f 126/234/349 130/232/360 124/235/349
f 124/235/349 130/232/360 122/217/350
f 122/217/350 130/232/360 116/216/349
f 116/216/349 130/232/360 114/227/350
f 114/227/350 130/232/360 110/205/350
f 130/232/360 132/223/360 110/205/350
f 110/205/350 132/223/360 106/207/351
f 132/223/360 138/224/350 106/207/351
f 138/224/350 140/236/366 106/207/351
f 140/236/366 142/237/362 106/207/351
f 106/207/351 142/237/362 104/229/363
f 104/229/363 142/237/362 100/218/357
f 142/237/362 144/238/359 100/218/357
f 100/218/357 144/238/359 96/220/358
f 89/210/354 92/231/364 158/226/361
f 150/211/354 152/239/354 146/213/355
f 152/239/354 154/240/367 146/213/355
f 94/241/358 96/220/358 92/231/364
f 96/220/358 144/238/359 92/231/364
f 92/231/364 144/238/359 158/226/361
f 144/238/359 146/213/355 158/226/361
f 146/213/355 154/240/367 158/226/361
f 158/226/361 154/240/367 156/242/368
usemtl 3d66_Standardmaterial_17342430_130
f 221/325/517 219/326/518 217/327/519
f 207/328/520 205/329/521 203/330/522
f 181/331/523 179/332/524 177/333/525
f 241/334/520 239/335/520 237/336/526
f 215/337/527 213/338/528 211/339/529
f 177/333/525 175/340/530 173/341/529
f 173/341/529 171/342/531 169/343/532
f 207/328/520 203/330/522 201/344/533
f 211/339/529 209/345/534 207/328/520
f 195/346/532 193/347/525 191/348/535
f 243/349/536 241/334/520 237/336/526
f 223/350/529 221/325/517 217/327/519
f 231/351/537 229/352/521 227/353/538
f 233/354/536 231/351/537 227/353/538
f 233/354/536 227/353/538 225/355/539
f 201/344/533 199/356/539 197/357/540
f 189/358/539 187/359/520 185/360/541
f 223/350/529 217/327/519 215/337/527
f 162/361/542 245/362/531 243/349/536
f 164/363/543 162/361/542 243/349/536
f 235/364/544 233/354/536 225/355/539
f 225/355/539 223/350/529 215/337/527
f 225/355/539 215/337/527 211/339/529
f 225/355/539 211/339/529 207/328/520
f 225/355/539 207/328/520 201/344/533
f 235/364/544 225/355/539 201/344/533
f 235/364/544 201/344/533 197/357/540
f 235/364/544 197/357/540 195/346/532
f 235/364/544 195/346/532 191/348/535
f 235/364/544 191/348/535 189/358/539
f 237/336/526 235/364/544 189/358/539
f 237/336/526 189/358/539 185/360/541
f 169/343/532 167/365/541 164/363/543
f 169/343/532 164/363/543 243/349/536
f 169/343/532 243/349/536 237/336/526
f 169/343/532 237/336/526 185/360/541
f 173/341/529 169/343/532 185/360/541
f 177/333/525 173/341/529 185/360/541
f 181/331/523 177/333/525 185/360/541
f 183/366/545 181/331/523 185/360/541
f 218/326/546 220/325/547 216/327/548
f 204/329/549 206/328/550 202/330/551
f 178/332/552 180/331/553 176/333/554
f 238/335/555 240/334/556 236/336/557
f 212/338/546 214/337/547 210/339/558
f 174/340/559 176/333/554 172/341/560
f 170/342/553 172/341/560 168/343/560
f 202/330/551 206/328/550 200/344/561
f 208/345/547 210/339/558 206/328/550
f 192/347/562 194/346/556 190/348/556
f 240/334/556 242/349/563 236/336/557
f 220/325/547 222/350/547 216/327/548
f 228/352/555 230/351/562 226/353/564
f 230/351/562 232/354/565 226/353/564
f 226/353/564 232/354/565 224/355/557
f 198/356/549 200/344/561 196/357/566
f 186/359/553 188/358/553 184/360/567
f 216/327/548 222/350/547 214/337/547
f 244/362/568 165/361/569 242/349/563
f 165/361/569 163/363/563 242/349/563
f 232/354/565 234/364/557 224/355/557
f 222/350/547 224/355/557 214/337/547
f 214/337/547 224/355/557 210/339/558
f 210/339/558 224/355/557 206/328/550
f 206/328/550 224/355/557 200/344/561
f 224/355/557 234/364/557 200/344/561
f 200/344/561 234/364/557 196/357/566
f 196/357/566 234/364/557 194/346/556
f 194/346/556 234/364/557 190/348/556
f 190/348/556 234/364/557 188/358/553
f 234/364/557 236/336/557 188/358/553
f 188/358/553 236/336/557 184/360/567
f 166/365/569 168/343/560 163/363/563
f 163/363/563 168/343/560 242/349/563
f 242/349/563 168/343/560 236/336/557
f 236/336/557 168/343/560 184/360/567
f 168/343/560 172/341/560 184/360/567
f 172/341/560 176/333/554 184/360/567
f 176/333/554 180/331/553 184/360/567
f 180/331/553 182/366/561 184/360/567
usemtl 3d66_Standardmaterial_17342430_132
f 248/367/570 247/368/571 246/369/572
f 247/368/571 249/370/571 246/369/572
f 251/371/573 250/372/574 248/367/575
f 250/372/574 247/368/573 248/367/575
f 253/373/576 252/374/577 251/371/578
f 252/374/577 250/372/579 251/371/578
f 255/375/580 254/376/581 253/373/581
f 254/376/581 252/374/580 253/373/581
f 257/377/582 256/378/583 255/379/582
f 256/378/583 254/380/583 255/379/582
f 259/381/584 258/382/585 257/383/585
f 258/382/585 256/384/586 257/383/585
f 261/385/587 260/386/588 259/381/589
f 260/386/588 258/382/590 259/381/589
f 263/387/591 262/388/592 261/389/593
f 262/388/592 260/390/594 261/389/593
f 265/391/595 264/392/596 263/393/597
f 264/392/596 262/394/598 263/393/597
f 267/395/599 266/396/600 265/391/600
f 266/396/600 264/392/601 265/391/600
f 269/397/602 268/398/603 267/395/604
f 268/398/603 266/396/605 267/395/604
f 271/387/606 270/388/607 269/397/608
f 270/388/607 268/398/607 269/397/608
f 273/399/609 272/400/610 271/401/611
f 272/400/610 270/402/612 271/401/611
f 275/403/613 274/404/614 273/405/615
f 274/404/614 272/406/616 273/405/615
f 277/407/617 276/408/618 275/403/619
f 276/408/618 274/404/620 275/403/619
f 279/409/621 278/410/622 277/411/623
f 278/410/622 276/412/624 277/411/623
f 281/413/625 280/414/626 279/415/627
f 280/414/626 278/416/628 279/415/627
f 283/387/629 282/388/630 281/417/631
f 282/388/630 280/418/632 281/417/631
f 285/419/633 284/420/634 283/421/633
f 284/420/634 282/422/635 283/421/633
f 287/423/636 286/424/637 285/425/638
f 286/424/637 284/426/639 285/425/638
f 289/427/640 288/428/641 287/429/640
f 288/428/641 286/430/641 287/429/640
f 291/431/642 290/432/643 289/427/644
f 290/432/643 288/428/644 289/427/644
f 293/433/645 292/434/646 291/435/647
f 292/434/646 290/436/648 291/435/647
f 295/437/649 294/438/650 293/439/651
f 294/438/650 292/440/652 293/439/651
f 297/441/653 296/442/654 295/443/655
f 296/442/654 294/444/654 295/443/655
f 299/445/656 298/446/657 297/447/658
f 298/446/657 296/448/659 297/447/658
f 301/449/660 300/450/661 299/451/662
f 300/450/661 298/452/663 299/451/662
f 303/453/664 302/454/665 301/455/666
f 302/454/665 300/456/667 301/455/666
f 305/439/668 304/440/669 303/457/670
f 304/440/669 302/458/671 303/457/670
f 307/459/672 306/460/673 305/439/674
f 306/460/673 304/440/675 305/439/674
f 309/461/676 308/462/677 307/459/678
f 308/462/677 306/460/679 307/459/678
f 311/463/680 310/464/681 309/465/682
f 310/464/681 308/466/683 309/465/682
f 313/467/684 312/468/685 311/469/686
f 312/468/685 310/470/687 311/469/686
f 315/471/688 314/472/689 313/467/688
f 314/472/689 312/468/690 313/467/688
f 317/473/691 316/474/692 315/471/693
f 316/474/692 314/472/694 315/471/693
f 319/475/695 318/476/696 317/473/697
f 318/476/696 316/474/696 317/473/697
f 321/477/698 320/478/699 319/475/700
f 320/478/699 318/476/701 319/475/700
f 323/479/702 322/480/703 321/481/704
f 322/480/703 320/482/705 321/481/704
f 325/483/706 324/484/707 323/479/708
f 324/484/707 322/480/709 323/479/708
f 327/485/710 326/486/711 325/483/712
f 326/486/711 324/484/713 325/483/712
f 246/369/714 249/370/715 327/487/716
f 249/370/715 326/488/717 327/487/716
f 444/692/1082 443/693/1083 442/694/1084
f 443/693/1083 445/695/1085 442/694/1084
f 447/696/1086 446/697/1087 444/692/1088
f 446/697/1087 443/693/1089 444/692/1088
f 449/698/1090 448/699/1091 447/696/1092
f 448/699/1091 446/697/1093 447/696/1092
f 451/700/1094 450/701/1095 449/698/1095
f 450/701/1095 448/699/1096 449/698/1095
f 453/702/1097 452/703/1098 451/700/1099
f 452/703/1098 450/701/1100 451/700/1099
f 455/704/1101 454/705/1102 453/706/1103
f 454/705/1102 452/707/1104 453/706/1103
f 457/708/1105 456/709/1106 455/710/1105
f 456/709/1106 454/711/1107 455/710/1105
f 459/712/1108 458/713/1109 457/708/1110
f 458/713/1109 456/709/1111 457/708/1110
f 461/714/1112 460/715/1113 459/712/1113
f 460/715/1113 458/713/1114 459/712/1113
f 463/716/1115 462/717/1116 461/714/1117
f 462/717/1116 460/715/1118 461/714/1117
f 465/718/1119 464/719/1120 463/720/1121
f 464/719/1120 462/721/1122 463/720/1121
f 467/722/1123 466/723/1124 465/724/1125
f 466/723/1124 464/725/1126 465/724/1125
f 469/726/1127 468/727/1128 467/728/1129
f 468/727/1128 466/729/1130 467/728/1129
f 471/730/1131 470/731/1132 469/732/1133
f 470/731/1132 468/733/1134 469/732/1133
f 473/734/1135 472/735/1136 471/736/1137
f 472/735/1136 470/737/1138 471/736/1137
f 475/738/1139 474/739/1140 473/740/1135
f 474/739/1140 472/741/1136 473/740/1135
f 477/742/1141 476/743/1142 475/738/1139
f 476/743/1142 474/739/1140 475/738/1139
f 479/744/1143 478/745/1144 477/742/1141
f 478/745/1144 476/743/1142 477/742/1141
f 481/746/1145 480/747/1146 479/744/1143
f 480/747/1146 478/745/1144 479/744/1143
f 483/748/1147 482/749/1148 481/746/1145
f 482/749/1148 480/747/1146 481/746/1145
f 485/750/1149 484/751/1150 483/748/1147
f 484/751/1150 482/749/1148 483/748/1147
f 487/752/1151 486/753/1152 485/750/1149
f 486/753/1152 484/751/1150 485/750/1149
f 489/754/1153 488/755/1154 487/752/1151
f 488/755/1154 486/753/1152 487/752/1151
f 491/756/1155 490/757/1156 489/754/1153
f 490/757/1156 488/755/1154 489/754/1153
f 493/758/1157 492/759/1158 491/756/1155
f 492/759/1158 490/757/1156 491/756/1155
f 495/760/1159 494/761/1160 493/758/1157
f 494/761/1160 492/759/1158 493/758/1157
f 497/762/1161 496/763/1162 495/760/1159
f 496/763/1162 494/761/1160 495/760/1159
f 499/764/1163 498/765/1164 497/762/1161
f 498/765/1164 496/763/1162 497/762/1161
f 501/387/1165 500/388/1166 499/764/1163
f 500/388/1166 498/765/1164 499/764/1163
f 503/766/1167 502/767/1168 501/768/1168
f 502/767/1168 500/769/1169 501/768/1168
f 505/770/1170 504/771/1171 503/772/1171
f 504/771/1171 502/773/1172 503/772/1171
f 507/774/1173 506/775/1173 505/770/1174
f 506/775/1173 504/771/1175 505/770/1174
f 509/776/1176 508/777/1177 507/774/1178
f 508/777/1177 506/775/1179 507/774/1178
f 511/778/1180 510/779/1180 509/776/1181
f 510/779/1180 508/777/1182 509/776/1181
f 513/780/1183 512/781/1184 511/778/1185
f 512/781/1184 510/779/1186 511/778/1185
f 515/782/1187 514/783/1188 513/784/1189
f 514/783/1188 512/785/1190 513/784/1189
f 517/786/1191 516/787/1192 515/788/1193
f 516/787/1192 514/789/1194 515/788/1193
f 519/387/1195 518/388/1196 517/790/1197
f 518/388/1196 516/791/1198 517/790/1197
f 521/792/1199 520/793/1200 519/794/1201
f 520/793/1200 518/795/1202 519/794/1201
f 523/796/1203 522/797/1204 521/792/1205
f 522/797/1204 520/793/1206 521/792/1205
f 525/798/1207 524/799/1208 523/800/1209
f 524/799/1208 522/801/1208 523/800/1209
f 527/802/1210 526/803/1211 525/804/1212
f 526/803/1211 524/805/1213 525/804/1212
f 529/806/1214 528/807/1215 527/808/1214
f 528/807/1215 526/809/1216 527/808/1214
f 531/810/1217 530/811/1218 529/812/1219
f 530/811/1218 528/813/1220 529/812/1219
f 533/387/1221 532/388/1222 531/814/1223
f 532/388/1222 530/815/1224 531/814/1223
f 442/694/1225 445/695/1226 533/816/1227
f 445/695/1226 532/817/1228 533/816/1227
f 536/864/1286 535/865/1287 534/866/1287
f 535/865/1287 537/867/1288 534/866/1287
f 539/868/1289 538/869/1290 536/864/1291
f 538/869/1290 535/865/1292 536/864/1291
f 541/870/1293 540/871/1294 539/868/1295
f 540/871/1294 538/869/1294 539/868/1295
f 543/872/1296 542/873/1297 541/874/1298
f 542/873/1297 540/875/1299 541/874/1298
f 545/876/1300 544/877/1301 543/453/1302
f 544/877/1301 542/454/1301 543/453/1302
f 547/878/1303 546/879/1304 545/876/1305
f 546/879/1304 544/877/1306 545/876/1305
f 549/880/1307 548/881/1308 547/878/1309
f 548/881/1308 546/879/1310 547/878/1309
f 551/882/1311 550/883/1312 549/880/1311
f 550/883/1312 548/881/1312 549/880/1311
f 553/884/1313 552/885/1314 551/882/1315
f 552/885/1314 550/883/1316 551/882/1315
f 555/387/1317 554/388/1318 553/884/1319
f 554/388/1318 552/885/1320 553/884/1319
f 557/886/1321 556/887/1322 555/816/1323
f 556/887/1322 554/817/1324 555/816/1323
f 559/888/1325 558/889/1326 557/816/1327
f 558/889/1326 556/817/1328 557/816/1327
f 561/890/1329 560/891/1330 559/892/1331
f 560/891/1330 558/893/1332 559/892/1331
f 563/894/1333 562/895/1334 561/896/1335
f 562/895/1334 560/897/1336 561/896/1335
f 565/898/1337 564/899/1338 563/894/1339
f 564/899/1338 562/895/1340 563/894/1339
f 567/900/1341 566/901/1342 565/902/1343
f 566/901/1342 564/903/1344 565/902/1343
f 569/387/1345 568/388/1346 567/904/1347
f 568/388/1346 566/905/1348 567/904/1347
f 571/906/1349 570/907/1350 569/816/1351
f 570/907/1350 568/817/1352 569/816/1351
f 573/908/1353 572/909/1354 571/910/1355
f 572/909/1354 570/911/1356 571/910/1355
f 575/912/1357 574/913/1358 573/908/1359
f 574/913/1358 572/909/1360 573/908/1359
f 577/914/1361 576/915/1362 575/912/1363
f 576/915/1362 574/913/1364 575/912/1363
f 579/916/1365 578/917/1366 577/914/1365
f 578/917/1366 576/915/1367 577/914/1365
f 581/918/1368 580/919/1369 579/920/1370
f 580/919/1369 578/921/1371 579/920/1370
f 583/922/1372 582/923/1373 581/924/1372
f 582/923/1373 580/925/1374 581/924/1372
f 585/742/1375 584/743/1376 583/926/1377
f 584/743/1376 582/927/1378 583/926/1377
f 587/928/1379 586/929/1380 585/930/1379
f 586/929/1380 584/931/1381 585/930/1379
f 589/932/1382 588/933/1383 587/928/1384
f 588/933/1383 586/929/1385 587/928/1384
f 591/934/1386 590/935/1387 589/932/1388
f 590/935/1387 588/933/1387 589/932/1388
f 593/936/1389 592/937/1390 591/934/1389
f 592/937/1390 590/935/1391 591/934/1389
f 595/938/1392 594/939/1393 593/940/1394
f 594/939/1393 592/941/1395 593/940/1394
f 597/942/1396 596/943/1397 595/938/1398
f 596/943/1397 594/939/1399 595/938/1398
f 599/944/1400 598/945/1401 597/946/1400
f 598/945/1401 596/947/1402 597/946/1400
f 601/948/1403 600/949/1404 599/950/1405
f 600/949/1404 598/951/1404 599/950/1405
f 603/952/1406 602/953/1407 601/948/1408
f 602/953/1407 600/949/1409 601/948/1408
f 605/954/1410 604/955/1411 603/816/1412
f 604/955/1411 602/817/1413 603/816/1412
f 607/956/1414 606/957/1415 605/958/1416
f 606/957/1415 604/959/1417 605/958/1416
f 534/866/1418 537/867/1419 607/960/1420
f 537/867/1419 606/961/1421 607/960/1420
usemtl 3d66_Standardmaterial_17342430_131
f 281/489/718 279/490/719 277/491/720
f 297/492/721 295/493/722 293/494/723
f 285/495/724 283/496/725 281/489/718
f 287/497/726 285/495/724 281/489/718
f 246/498/727 327/499/728 325/500/729
f 287/497/726 281/489/718 277/491/720
f 275/501/730 273/502/731 271/503/732
f 277/491/720 275/501/730 271/503/732
f 263/504/733 261/505/734 259/506/735
f 265/507/736 263/504/733 259/506/735
f 265/507/736 259/506/735 257/508/737
f 267/509/738 265/507/736 257/508/737
f 323/510/739 321/511/740 319/512/741
f 325/500/729 323/510/739 319/512/741
f 246/498/727 325/500/729 319/512/741
f 277/491/720 271/503/732 269/513/742
f 277/491/720 269/513/742 267/509/738
f 277/491/720 267/509/738 257/508/737
f 277/491/720 257/508/737 255/514/743
f 287/497/726 277/491/720 255/514/743
f 313/515/744 311/516/745 309/517/746
f 246/498/727 319/512/741 317/518/747
f 248/519/748 246/498/727 317/518/747
f 251/520/729 248/519/748 317/518/747
f 251/520/729 317/518/747 315/521/727
f 251/520/729 315/521/727 313/515/744
f 251/520/729 313/515/744 309/517/746
f 253/522/749 251/520/729 309/517/746
f 253/522/749 309/517/746 307/523/750
f 255/514/743 253/522/749 307/523/750
f 255/514/743 307/523/750 305/524/726
f 255/514/743 305/524/726 303/525/751
f 287/497/726 255/514/743 303/525/751
f 287/497/726 303/525/751 301/526/752
f 287/497/726 301/526/752 299/527/753
f 287/497/726 299/527/753 297/492/721
f 287/497/726 297/492/721 293/494/723
f 289/528/745 287/497/726 293/494/723
f 291/529/723 289/528/745 293/494/723
f 278/490/754 280/489/755 276/491/756
f 294/493/757 296/492/758 292/494/759
f 282/496/760 284/495/760 280/489/755
f 284/495/760 286/497/761 280/489/755
f 326/499/762 249/498/763 324/500/764
f 280/489/755 286/497/761 276/491/756
f 272/502/765 274/501/766 270/503/767
f 274/501/766 276/491/756 270/503/767
f 260/505/768 262/504/769 258/506/770
f 262/504/769 264/507/770 258/506/770
f 258/506/770 264/507/770 256/508/771
f 264/507/770 266/509/772 256/508/771
f 320/511/773 322/510/769 318/512/774
f 322/510/769 324/500/764 318/512/774
f 324/500/764 249/498/763 318/512/774
f 270/503/767 276/491/756 268/513/763
f 268/513/763 276/491/756 266/509/772
f 266/509/772 276/491/756 256/508/771
f 256/508/771 276/491/756 254/514/775
f 276/491/756 286/497/761 254/514/775
f 310/516/763 312/515/776 308/517/772
f 318/512/774 249/498/763 316/518/766
f 249/498/763 247/519/777 316/518/766
f 247/519/777 250/520/778 316/518/766
f 316/518/766 250/520/778 314/521/779
f 314/521/779 250/520/778 312/515/776
f 312/515/776 250/520/778 308/517/772
f 250/520/778 252/522/770 308/517/772
f 308/517/772 252/522/770 306/523/762
f 252/522/770 254/514/775 306/523/762
f 306/523/762 254/514/775 304/524/780
f 304/524/780 254/514/775 302/525/781
f 254/514/775 286/497/761 302/525/781
f 302/525/781 286/497/761 300/526/782
f 300/526/782 286/497/761 298/527/783
f 298/527/783 286/497/761 296/492/758
f 296/492/758 286/497/761 292/494/759
f 286/497/761 288/528/784 292/494/759
f 288/528/784 290/529/785 292/494/759
usemtl 3d66_Standardmaterial_17342430_133
f 367/582/884 365/583/885 363/584/886
f 369/585/887 367/582/884 363/584/886
f 369/585/887 363/584/886 361/586/888
f 371/587/889 369/585/887 361/586/888
f 347/588/890 345/589/891 343/590/892
f 349/591/893 347/588/890 343/590/892
f 381/592/894 379/593/894 377/594/895
f 330/595/896 328/596/897 383/597/898
f 373/598/888 371/587/889 361/586/888
f 330/595/896 383/597/898 381/592/894
f 357/599/899 355/600/900 353/601/900
f 359/602/901 357/599/899 353/601/900
f 359/602/901 353/601/900 351/603/902
f 359/602/901 351/603/902 349/591/893
f 359/602/901 349/591/893 343/590/892
f 359/602/901 343/590/892 341/604/903
f 361/586/888 359/602/901 341/604/903
f 373/598/888 361/586/888 341/604/903
f 375/605/888 373/598/888 341/604/903
f 375/605/888 341/604/903 339/606/904
f 375/605/888 339/606/904 337/607/905
f 377/594/895 375/605/888 337/607/905
f 377/594/895 337/607/905 335/608/906
f 381/592/894 377/594/895 335/608/906
f 330/595/896 381/592/894 335/608/906
f 330/595/896 335/608/906 333/609/907
f 364/583/908 366/582/909 362/584/910
f 366/582/909 368/585/911 362/584/910
f 362/584/910 368/585/911 360/586/912
f 368/585/911 370/587/913 360/586/912
f 344/589/914 346/588/915 342/590/915
f 346/588/915 348/591/916 342/590/915
f 378/593/917 380/592/911 376/594/781
f 331/596/918 329/595/909 382/597/919
f 370/587/913 372/598/920 360/586/912
f 382/597/919 329/595/909 380/592/911
f 354/600/921 356/599/922 352/601/923
f 356/599/922 358/602/924 352/601/923
f 352/601/923 358/602/924 350/603/922
f 350/603/922 358/602/924 348/591/916
f 348/591/916 358/602/924 342/590/915
f 342/590/915 358/602/924 340/604/925
f 358/602/924 360/586/912 340/604/925
f 360/586/912 372/598/920 340/604/925
f 372/598/920 374/605/926 340/604/925
f 340/604/925 374/605/926 338/606/927
f 338/606/927 374/605/926 336/607/911
f 374/605/926 376/594/781 336/607/911
f 336/607/911 376/594/781 334/608/928
f 376/594/781 380/592/911 334/608/928
f 380/592/911 329/595/909 334/608/928
f 334/608/928 329/595/909 332/609/929
usemtl 3d66_Standardmaterial_17342430_134
f 415/664/1039 413/665/1040 411/3/1041
f 391/666/1042 389/667/1043 386/668/1044
f 409/669/1045 407/670/1046 405/671/1047
f 415/664/1039 411/3/1041 409/669/1045
f 415/664/1039 409/669/1045 405/671/1047
f 415/664/1039 405/671/1047 403/672/1041
f 417/673/1048 415/664/1039 403/672/1041
f 417/673/1048 403/672/1041 401/674/1049
f 421/675/1050 419/676/1051 417/673/1048
f 423/677/1052 421/675/1050 417/673/1048
f 395/678/1053 393/679/1053 391/666/1042
f 397/680/1054 395/678/1053 391/666/1042
f 423/677/1052 417/673/1048 401/674/1049
f 425/681/1055 423/677/1052 401/674/1049
f 427/682/1056 425/681/1055 401/674/1049
f 429/683/1053 427/682/1056 401/674/1049
f 429/683/1053 401/674/1049 399/684/1053
f 431/685/1057 429/683/1053 399/684/1053
f 431/685/1057 399/684/1053 397/680/1054
f 433/686/1053 431/685/1057 397/680/1054
f 433/686/1053 397/680/1054 391/666/1042
f 433/686/1053 391/666/1042 386/668/1044
f 433/686/1053 386/668/1044 384/687/1058
f 433/686/1053 384/687/1058 441/688/1058
f 435/689/1058 433/686/1053 441/688/1058
f 437/690/1059 435/689/1058 441/688/1058
f 437/690/1059 441/688/1058 439/691/1060
f 412/665/1061 414/664/1062 410/3/1061
f 388/667/1063 390/666/1064 385/668/1065
f 406/670/1066 408/669/1067 404/671/1068
f 410/3/1061 414/664/1062 408/669/1067
f 408/669/1067 414/664/1062 404/671/1068
f 404/671/1068 414/664/1062 402/672/1069
f 414/664/1062 416/673/1070 402/672/1069
f 402/672/1069 416/673/1070 400/674/1071
f 418/676/1072 420/675/1073 416/673/1070
f 420/675/1073 422/677/1074 416/673/1070
f 392/679/1075 394/678/1064 390/666/1064
f 394/678/1064 396/680/1071 390/666/1064
f 416/673/1070 422/677/1074 400/674/1071
f 422/677/1074 424/681/1063 400/674/1071
f 424/681/1063 426/682/1076 400/674/1071
f 426/682/1076 428/683/1077 400/674/1071
f 400/674/1071 428/683/1077 398/684/1078
f 428/683/1077 430/685/1063 398/684/1078
f 398/684/1078 430/685/1063 396/680/1071
f 430/685/1063 432/686/1063 396/680/1071
f 396/680/1071 432/686/1063 390/666/1064
f 390/666/1064 432/686/1063 385/668/1065
f 385/668/1065 432/686/1063 387/687/1079
f 387/687/1079 432/686/1063 440/688/1079
f 432/686/1063 434/689/1080 440/688/1079
f 434/689/1080 436/690/1081 440/688/1079
f 440/688/1079 436/690/1081 438/691/1079
usemtl 3d66_Standardmaterial_17342430_135
f 467/818/1229 465/819/1230 463/820/1231
f 469/821/1232 467/818/1229 463/820/1231
f 505/822/1233 503/823/1231 501/824/1234
f 505/822/1233 501/824/1234 499/825/1234
f 505/822/1233 499/825/1234 497/826/1235
f 505/822/1233 497/826/1235 495/827/1236
f 505/822/1233 495/827/1236 493/828/1232
f 505/822/1233 493/828/1232 491/829/1234
f 505/822/1233 491/829/1234 489/830/1237
f 517/831/1238 515/832/1239 513/833/1230
f 505/822/1233 489/830/1237 487/834/1240
f 442/835/1238 533/836/1239 531/837/1241
f 505/822/1233 487/834/1240 485/838/1242
f 469/821/1232 463/820/1231 461/839/1243
f 505/822/1233 485/838/1242 483/840/1231
f 444/841/1241 442/835/1238 531/837/1241
f 507/842/1237 505/822/1233 483/840/1231
f 507/842/1237 483/840/1231 481/843/1244
f 507/842/1237 481/843/1244 479/844/1235
f 507/842/1237 479/844/1235 477/845/1230
f 457/846/1245 455/847/1246 453/848/1247
f 459/849/1248 457/846/1245 453/848/1247
f 507/842/1237 477/845/1230 475/850/1237
f 509/851/1244 507/842/1237 475/850/1237
f 509/851/1244 475/850/1237 473/852/1231
f 511/853/1237 509/851/1244 473/852/1231
f 469/821/1232 461/839/1243 459/849/1248
f 469/821/1232 459/849/1248 453/848/1247
f 471/854/1232 469/821/1232 453/848/1247
f 471/854/1232 453/848/1247 451/855/1232
f 473/852/1231 471/854/1232 451/855/1232
f 511/853/1237 473/852/1231 451/855/1232
f 511/853/1237 451/855/1232 449/856/1249
f 513/833/1230 511/853/1237 449/856/1249
f 513/833/1230 449/856/1249 447/857/1250
f 513/833/1230 447/857/1250 444/841/1241
f 513/833/1230 444/841/1241 531/837/1241
f 517/831/1238 513/833/1230 531/837/1241
f 517/831/1238 531/837/1241 529/858/1238
f 517/831/1238 529/858/1238 527/859/1251
f 519/860/1240 517/831/1238 527/859/1251
f 521/861/1238 519/860/1240 527/859/1251
f 523/862/1243 521/861/1238 527/859/1251
f 523/862/1243 527/859/1251 525/863/1252
f 464/819/1253 466/818/1254 462/820/1255
f 466/818/1254 468/821/1256 462/820/1255
f 502/823/1257 504/822/1258 500/824/1259
f 500/824/1259 504/822/1258 498/825/1260
f 498/825/1260 504/822/1258 496/826/1257
f 496/826/1257 504/822/1258 494/827/1261
f 494/827/1261 504/822/1258 492/828/1255
f 492/828/1255 504/822/1258 490/829/1256
f 490/829/1256 504/822/1258 488/830/1262
f 514/832/1263 516/831/1264 512/833/1265
f 488/830/1262 504/822/1258 486/834/1262
f 532/836/1266 445/835/1267 530/837/1268
f 486/834/1262 504/822/1258 484/838/1269
f 462/820/1255 468/821/1256 460/839/1270
f 484/838/1269 504/822/1258 482/840/1253
f 445/835/1267 443/841/1271 530/837/1268
f 504/822/1258 506/842/1272 482/840/1253
f 482/840/1253 506/842/1272 480/843/1273
f 480/843/1273 506/842/1272 478/844/1274
f 478/844/1274 506/842/1272 476/845/1275
f 454/847/1276 456/846/1277 452/848/1277
f 456/846/1277 458/849/1278 452/848/1277
f 476/845/1275 506/842/1272 474/850/1279
f 506/842/1272 508/851/1280 474/850/1279
f 474/850/1279 508/851/1280 472/852/1275
f 508/851/1280 510/853/1267 472/852/1275
f 460/839/1270 468/821/1256 458/849/1278
f 458/849/1278 468/821/1256 452/848/1277
f 468/821/1256 470/854/1267 452/848/1277
f 452/848/1277 470/854/1267 450/855/1263
f 470/854/1267 472/852/1275 450/855/1263
f 472/852/1275 510/853/1267 450/855/1263
f 450/855/1263 510/853/1267 448/856/1255
f 510/853/1267 512/833/1265 448/856/1255
f 448/856/1255 512/833/1265 446/857/1281
f 446/857/1281 512/833/1265 443/841/1271
f 443/841/1271 512/833/1265 530/837/1268
f 512/833/1265 516/831/1264 530/837/1268
f 530/837/1268 516/831/1264 528/858/1275
f 528/858/1275 516/831/1264 526/859/1282
f 516/831/1264 518/860/1283 526/859/1282
f 518/860/1283 520/861/1267 526/859/1282
f 520/861/1267 522/862/1284 526/859/1282
f 526/859/1282 522/862/1284 524/863/1285
usemtl 3d66_Standardmaterial_17342430_136
f 571/962/1422 569/963/1423 567/964/1424
f 571/962/1422 567/964/1424 565/965/1425
f 557/966/1426 555/3/1427 553/967/1428
f 559/968/1429 557/966/1426 553/967/1428
f 559/968/1429 553/967/1428 551/969/1430
f 583/970/1431 581/971/1432 579/972/1433
f 573/973/1432 571/962/1422 565/965/1425
f 573/973/1432 565/965/1425 563/974/1434
f 573/973/1432 563/974/1434 561/975/1435
f 575/976/1436 573/973/1432 561/975/1435
f 587/977/1436 585/978/1437 583/970/1431
f 589/979/1430 587/977/1436 583/970/1431
f 605/980/1438 603/981/1430 601/982/1439
f 534/983/1440 607/984/1441 605/980/1438
f 536/985/1442 534/983/1440 605/980/1438
f 536/985/1442 605/980/1438 601/982/1439
f 545/986/1443 543/987/1444 541/988/1443
f 589/979/1430 583/970/1431 579/972/1433
f 577/989/1445 575/976/1436 561/975/1435
f 577/989/1445 561/975/1435 559/968/1429
f 601/982/1439 599/990/1443 597/991/1443
f 536/985/1442 601/982/1439 597/991/1443
f 577/989/1445 559/968/1429 551/969/1430
f 577/989/1445 551/969/1430 549/992/1446
f 577/989/1445 549/992/1446 547/993/1447
f 577/989/1445 547/993/1447 545/986/1443
f 577/989/1445 545/986/1443 541/988/1443
f 577/989/1445 541/988/1443 539/994/1448
f 577/989/1445 539/994/1448 536/985/1442
f 577/989/1445 536/985/1442 597/991/1443
f 579/972/1433 577/989/1445 597/991/1443
f 589/979/1430 579/972/1433 597/991/1443
f 591/995/1430 589/979/1430 597/991/1443
f 593/996/1449 591/995/1430 597/991/1443
f 595/997/1449 593/996/1449 597/991/1443
f 568/963/1450 570/962/1451 566/964/1452
f 566/964/1452 570/962/1451 564/965/1453
f 554/3/1454 556/966/1455 552/967/1456
f 556/966/1455 558/968/1457 552/967/1456
f 552/967/1456 558/968/1457 550/969/1458
f 580/971/1455 582/970/1459 578/972/1460
f 570/962/1451 572/973/1461 564/965/1453
f 564/965/1453 572/973/1461 562/974/1453
f 562/974/1453 572/973/1461 560/975/1461
f 572/973/1461 574/976/1461 560/975/1461
f 584/978/1462 586/977/1463 582/970/1459
f 586/977/1463 588/979/1460 582/970/1459
f 602/981/1454 604/980/1464 600/982/1465
f 606/984/1466 537/983/1467 604/980/1464
f 537/983/1467 535/985/1468 604/980/1464
f 604/980/1464 535/985/1468 600/982/1465
f 542/987/1465 544/986/1469 540/988/1468
f 582/970/1459 588/979/1460 578/972/1460
f 574/976/1461 576/989/1470 560/975/1461
f 560/975/1461 576/989/1470 558/968/1457
f 598/990/1471 600/982/1465 596/991/1472
f 600/982/1465 535/985/1468 596/991/1472
f 558/968/1457 576/989/1470 550/969/1458
f 550/969/1458 576/989/1470 548/992/1464
f 548/992/1464 576/989/1470 546/993/1465
f 546/993/1465 576/989/1470 544/986/1469
f 544/986/1469 576/989/1470 540/988/1468
f 540/988/1468 576/989/1470 538/994/1473
f 538/994/1473 576/989/1470 535/985/1468
f 535/985/1468 576/989/1470 596/991/1472
f 576/989/1470 578/972/1460 596/991/1472
f 578/972/1460 588/979/1460 596/991/1472
f 588/979/1460 590/995/1460 596/991/1472
f 590/995/1460 592/996/1472 596/991/1472
f 592/996/1472 594/997/1474 596/991/1472
usemtl 3d66_Standardmaterial_17342430_138
f 610/2/1475 609/1/1476 608/3/1477
f 609/1/1476 611/4/1478 608/3/1477
f 613/6/1479 612/5/1480 610/2/1479
f 612/5/1480 609/1/1480 610/2/1479
f 615/8/1481 614/7/1482 613/6/1483
f 614/7/1482 612/5/1482 613/6/1483
f 617/10/1484 616/9/1485 615/8/1486
f 616/9/1485 614/7/1487 615/8/1486
f 619/12/1488 618/11/1489 617/10/1489
f 618/11/1489 616/9/1490 617/10/1489
f 621/14/1491 620/13/1491 619/12/1492
f 620/13/1491 618/11/1493 619/12/1492
f 623/16/1494 622/15/1495 621/14/1496
f 622/15/1495 620/13/1497 621/14/1496
f 625/18/1498 624/17/1499 623/16/1498
f 624/17/1499 622/15/1499 623/16/1498
f 627/20/1500 626/19/1501 625/18/1502
f 626/19/1501 624/17/1503 625/18/1502
f 629/22/1504 628/21/1505 627/20/1504
f 628/21/1505 626/19/1505 627/20/1504
f 631/24/1506 630/23/1507 629/22/1508
f 630/23/1507 628/21/1509 629/22/1508
f 633/26/1510 632/25/1511 631/24/1512
f 632/25/1511 630/23/1513 631/24/1512
f 635/28/1514 634/27/1515 633/26/1516
f 634/27/1515 632/25/1517 633/26/1516
f 637/34/1518 636/29/1519 635/28/1520
f 636/29/1519 634/27/1521 635/28/1520
f 639/33/1522 638/32/1523 637/34/1523
f 638/32/1523 636/29/1524 637/34/1523
f 641/36/1525 640/35/1526 639/33/1527
f 640/35/1526 638/32/1528 639/33/1527
f 643/38/1529 642/37/1530 641/36/1531
f 642/37/1530 640/35/1532 641/36/1531
f 645/40/1533 644/39/1534 643/38/1535
f 644/39/1534 642/37/1533 643/38/1535
f 647/42/1536 646/41/1537 645/40/1538
f 646/41/1537 644/39/1539 645/40/1538
f 649/44/1540 648/43/1541 647/42/1542
f 648/43/1541 646/41/1543 647/42/1542
f 651/46/1544 650/45/1545 649/44/1546
f 650/45/1545 648/43/1547 649/44/1546
f 653/48/1548 652/47/1549 651/46/1550
f 652/47/1549 650/45/1551 651/46/1550
f 655/50/1552 654/49/1553 653/48/1554
f 654/49/1553 652/47/1555 653/48/1554
f 657/52/1556 656/51/1557 655/50/1558
f 656/51/1557 654/49/1559 655/50/1558
f 659/54/1560 658/53/1561 657/52/1562
f 658/53/1561 656/51/1563 657/52/1562
f 661/56/1564 660/55/1565 659/54/1566
f 660/55/1565 658/53/1567 659/54/1566
f 663/58/1568 662/57/1569 661/56/1570
f 662/57/1569 660/55/1571 661/56/1570
f 665/60/1572 664/59/1573 663/58/1574
f 664/59/1573 662/57/1573 663/58/1574
f 667/998/1575 666/61/1576 665/60/1577
f 666/61/1576 664/59/1578 665/60/1577
f 669/999/1579 668/1000/1579 667/998/1580
f 668/1000/1579 666/61/1580 667/998/1580
f 671/1001/1581 670/1002/1582 669/999/1583
f 670/1002/1582 668/1000/1584 669/999/1583
f 673/1003/1585 672/1004/1586 671/1001/1587
f 672/1004/1586 670/1002/1588 671/1001/1587
f 675/1005/1589 674/1006/1589 673/1003/1590
f 674/1006/1589 672/1004/1590 673/1003/1590
f 677/1007/1591 676/1008/1592 675/1005/1592
f 676/1008/1592 674/1006/1593 675/1005/1592
f 679/1009/1594 678/1010/1595 677/1007/1596
f 678/1010/1595 676/1008/1597 677/1007/1596
f 681/1011/1598 680/1012/1599 679/1009/1600
f 680/1012/1599 678/1010/1601 679/1009/1600
f 683/1013/1602 682/1014/1603 681/1011/1604
f 682/1014/1603 680/1012/1605 681/1011/1604
f 685/1015/1606 684/1016/1607 683/1013/1608
f 684/1016/1607 682/1014/1608 683/1013/1608
f 687/1017/1609 686/1018/1610 685/1015/1611
f 686/1018/1610 684/1016/1612 685/1015/1611
f 689/1019/1613 688/1020/1614 687/1017/1615
f 688/1020/1614 686/1018/1616 687/1017/1615
f 691/1021/1617 690/1022/1617 689/1019/1618
f 690/1022/1617 688/1020/1619 689/1019/1618
f 693/1023/1620 692/1024/1620 691/1021/1621
f 692/1024/1620 690/1022/1621 691/1021/1621
f 695/1025/1622 694/1026/1623 693/1023/1623
f 694/1026/1623 692/1024/1623 693/1023/1623
f 697/187/1624 696/188/1625 695/1025/1626
f 696/188/1625 694/1026/1627 695/1025/1626
f 699/64/1628 698/1027/1629 697/187/1630
f 698/1027/1629 696/188/1631 697/187/1630
f 701/63/1632 700/62/1633 699/64/1634
f 700/62/1633 698/1027/1635 699/64/1634
f 703/66/1636 702/65/1637 701/63/1638
f 702/65/1637 700/62/1639 701/63/1638
f 705/68/1640 704/67/1641 703/66/1642
f 704/67/1641 702/65/1643 703/66/1642
f 707/70/1644 706/69/1645 705/68/1646
f 706/69/1645 704/67/1647 705/68/1646
f 709/74/1648 708/71/1649 707/70/1650
f 708/71/1649 706/69/1651 707/70/1650
f 711/73/1652 710/72/1653 709/74/1654
f 710/72/1653 708/71/1655 709/74/1654
f 713/76/1656 712/75/1657 711/73/1658
f 712/75/1657 710/72/1659 711/73/1658
f 715/78/1660 714/77/1661 713/76/1662
f 714/77/1661 712/75/1663 713/76/1662
f 608/80/1664 611/79/1665 715/78/1666
f 611/79/1665 714/77/1667 715/78/1666
usemtl 3d66_Standardmaterial_17342430_137
f 675/1028/1668 673/1029/1669 671/1030/1669
f 675/1028/1668 671/1030/1669 669/1031/1670
f 689/1032/1671 687/1033/1671 685/1034/1672
f 691/1035/1673 689/1032/1671 685/1034/1672
f 693/1036/1668 691/1035/1673 685/1034/1672
f 693/1036/1668 685/1034/1672 683/1037/1668
f 695/1038/1674 693/1036/1668 683/1037/1668
f 695/1038/1674 683/1037/1668 681/1039/1673
f 697/1040/1673 695/1038/1674 681/1039/1673
f 699/89/1675 697/1040/1673 681/1039/1673
f 699/89/1675 681/1039/1673 679/1041/1669
f 637/84/1676 635/81/1677 633/83/1672
f 639/85/1678 637/84/1676 633/83/1672
f 639/85/1678 633/83/1672 631/87/1672
f 639/85/1678 631/87/1672 629/88/1676
f 675/1028/1668 669/1031/1670 667/1042/1679
f 677/91/1680 675/1028/1668 667/1042/1679
f 677/91/1680 667/1042/1679 665/92/1681
f 699/89/1675 679/1041/1669 677/91/1680
f 701/90/1682 699/89/1675 677/91/1680
f 701/90/1682 677/91/1680 665/92/1681
f 610/94/1683 608/93/1684 715/95/1685
f 629/88/1676 627/96/1676 625/97/1678
f 639/85/1678 629/88/1676 625/97/1678
f 639/85/1678 625/97/1678 623/99/1678
f 647/101/1686 645/100/1673 643/102/1671
f 649/103/1677 647/101/1686 643/102/1671
f 613/104/1674 610/94/1683 715/95/1685
f 615/105/1685 613/104/1674 715/95/1685
f 617/106/1687 615/105/1685 715/95/1685
f 619/107/1683 617/106/1687 715/95/1685
f 619/107/1683 715/95/1685 713/108/1672
f 619/107/1683 713/108/1672 711/109/1678
f 621/110/1676 619/107/1683 711/109/1678
f 623/99/1678 621/110/1676 711/109/1678
f 639/85/1678 623/99/1678 711/109/1678
f 639/85/1678 711/109/1678 709/112/1677
f 639/85/1678 709/112/1677 707/113/1688
f 639/85/1678 707/113/1688 705/114/1674
f 641/115/1669 639/85/1678 705/114/1674
f 641/115/1669 705/114/1674 703/116/1669
f 643/102/1671 641/115/1669 703/116/1669
f 643/102/1671 703/116/1669 701/90/1682
f 643/102/1671 701/90/1682 665/92/1681
f 643/102/1671 665/92/1681 663/117/1689
f 649/103/1677 643/102/1671 663/117/1689
f 651/118/1673 649/103/1677 663/117/1689
f 651/118/1673 663/117/1689 661/119/1690
f 653/120/1669 651/118/1673 661/119/1690
f 653/120/1669 661/119/1690 659/121/1691
f 655/122/1692 653/120/1669 659/121/1691
f 655/122/1692 659/121/1691 657/123/1671
f 672/1029/1693 674/1028/1693 670/1030/1693
f 670/1030/1693 674/1028/1693 668/1031/1693
f 686/1033/1694 688/1032/1694 684/1034/1695
f 688/1032/1694 690/1035/1696 684/1034/1695
f 690/1035/1696 692/1036/1694 684/1034/1695
f 684/1034/1695 692/1036/1694 682/1037/1697
f 692/1036/1694 694/1038/1698 682/1037/1697
f 682/1037/1697 694/1038/1698 680/1039/1699
f 694/1038/1698 696/1040/1696 680/1039/1699
f 696/1040/1696 698/89/1700 680/1039/1699
f 680/1039/1699 698/89/1700 678/1041/1701
f 634/81/1702 636/84/1694 632/83/1703
f 636/84/1694 638/85/1704 632/83/1703
f 632/83/1703 638/85/1704 630/87/1705
f 630/87/1705 638/85/1704 628/88/1703
f 668/1031/1693 674/1028/1693 666/1042/1706
f 674/1028/1693 676/91/1707 666/1042/1706
f 666/1042/1706 676/91/1707 664/92/1708
f 678/1041/1701 698/89/1700 676/91/1707
f 698/89/1700 700/90/1709 676/91/1707
f 676/91/1707 700/90/1709 664/92/1708
f 611/93/1703 609/94/1710 714/95/1711
f 626/96/1712 628/88/1703 624/97/1713
f 628/88/1703 638/85/1704 624/97/1713
f 624/97/1713 638/85/1704 622/99/1705
f 644/100/1693 646/101/1704 642/102/1702
f 646/101/1704 648/103/1714 642/102/1702
f 609/94/1710 612/104/1715 714/95/1711
f 612/104/1715 614/105/1703 714/95/1711
f 614/105/1703 616/106/1716 714/95/1711
f 616/106/1716 618/107/1717 714/95/1711
f 714/95/1711 618/107/1717 712/108/1705
f 712/108/1705 618/107/1717 710/109/1697
f 618/107/1717 620/110/1703 710/109/1697
f 620/110/1703 622/99/1705 710/109/1697
f 622/99/1705 638/85/1704 710/109/1697
f 710/109/1697 638/85/1704 708/112/1718
f 708/112/1718 638/85/1704 706/113/1705
f 706/113/1705 638/85/1704 704/114/1698
f 638/85/1704 640/115/1716 704/114/1698
f 704/114/1698 640/115/1716 702/116/1719
f 640/115/1716 642/102/1702 702/116/1719
f 702/116/1719 642/102/1702 700/90/1709
f 700/90/1709 642/102/1702 664/92/1708
f 664/92/1708 642/102/1702 662/117/1693
f 642/102/1702 648/103/1714 662/117/1693
f 648/103/1714 650/118/1720 662/117/1693
f 662/117/1693 650/118/1720 660/119/1721
f 650/118/1720 652/120/1719 660/119/1721
f 660/119/1721 652/120/1719 658/121/1722
f 652/120/1719 654/122/1723 658/121/1722
f 658/121/1722 654/122/1723 656/123/1724
usemtl 3d66_Standardmaterial_17342430_127
f 3/1/1 2/2/2 1/3/2
f 4/4/1 3/1/1 1/3/2
f 6/5/3 5/6/4 2/2/4
f 3/1/5 6/5/3 2/2/4
f 8/7/6 7/8/7 5/6/7
f 6/5/6 8/7/6 5/6/7
f 10/9/8 9/10/9 7/8/10
f 8/7/8 10/9/8 7/8/10
f 12/11/11 11/12/12 9/10/12
f 10/9/11 12/11/11 9/10/12
f 14/13/13 13/14/14 11/12/14
f 12/11/13 14/13/13 11/12/14
f 16/15/15 15/16/15 13/14/15
f 14/13/15 16/15/15 13/14/15
f 18/17/16 17/18/17 15/16/18
f 16/15/19 18/17/16 15/16/18
f 20/19/20 19/20/21 17/18/22
f 18/17/23 20/19/20 17/18/22
f 22/21/24 21/22/25 19/20/25
f 20/19/26 22/21/24 19/20/25
f 24/23/27 23/24/28 21/22/29
f 22/21/30 24/23/27 21/22/29
f 26/25/31 25/26/32 23/24/32
f 24/23/31 26/25/31 23/24/32
f 28/27/33 27/28/34 25/26/34
f 26/25/33 28/27/33 25/26/34
f 30/29/35 29/30/36 27/28/35
f 31/31/35 30/29/35 27/28/35
f 34/32/37 33/33/38 32/34/37
f 30/29/39 34/32/37 32/34/37
f 36/35/40 35/36/41 33/33/42
f 34/32/43 36/35/40 33/33/42
f 38/37/44 37/38/45 35/36/44
f 36/35/46 38/37/44 35/36/44
f 40/39/47 39/40/48 37/38/49
f 38/37/50 40/39/47 37/38/49
f 42/41/51 41/42/52 39/40/53
f 40/39/51 42/41/51 39/40/53
f 44/43/54 43/44/55 41/42/56
f 42/41/54 44/43/54 41/42/56
f 46/45/57 45/46/58 43/44/59
f 44/43/57 46/45/57 43/44/59
f 48/47/60 47/48/61 45/46/62
f 46/45/63 48/47/60 45/46/62
f 50/49/64 49/50/65 47/48/66
f 48/47/67 50/49/64 47/48/66
f 52/51/68 51/52/68 49/50/69
f 50/49/69 52/51/68 49/50/69
f 54/53/70 53/54/71 51/52/71
f 52/51/70 54/53/70 51/52/71
f 56/55/72 55/56/73 53/54/74
f 54/53/75 56/55/72 53/54/74
f 58/57/76 57/58/77 55/56/77
f 56/55/76 58/57/76 55/56/77
f 60/59/78 59/60/79 57/58/80
f 58/57/81 60/59/78 57/58/80
f 60/59/82 61/61/82 59/60/82
f 64/62/83 63/63/83 62/64/83
f 66/65/84 65/66/85 63/63/85
f 64/62/86 66/65/84 63/63/85
f 68/67/87 67/68/87 65/66/87
f 66/65/87 68/67/87 65/66/87
f 70/69/88 69/70/89 67/68/89
f 68/67/90 70/69/88 67/68/89
f 70/69/91 71/71/91 69/70/91
f 74/72/92 73/73/93 72/74/94
f 76/75/95 75/76/96 73/73/96
f 74/72/97 76/75/95 73/73/96
f 78/77/98 77/78/98 75/76/98
f 76/75/98 78/77/98 75/76/98
f 4/79/99 1/80/100 77/78/100
f 78/77/99 4/79/99 77/78/100
f 71/71/91 72/128/91 69/70/91
f 71/71/185 74/72/92 72/128/94
f 30/29/35 32/34/35 29/30/36
f 28/27/35 31/31/35 27/28/35
usemtl 3d66_Standardmaterial_17342430_126
f 27/81/101 79/82/102 25/83/103
f 32/84/104 33/85/105 79/82/102
f 25/83/103 80/86/106 23/87/107
f 23/87/107 80/86/106 21/88/108
f 62/89/109 63/90/110 61/91/111
f 61/91/111 63/90/110 59/92/112
f 1/93/113 2/94/114 77/95/115
f 19/96/116 21/88/108 17/97/117
f 21/88/108 81/98/118 17/97/117
f 17/97/117 81/98/118 15/99/119
f 39/100/120 41/101/121 37/102/122
f 41/101/121 43/103/123 37/102/122
f 2/94/114 5/104/124 77/95/115
f 5/104/124 7/105/125 77/95/115
f 7/105/125 9/106/126 77/95/115
f 9/106/126 11/107/127 77/95/115
f 77/95/115 11/107/127 75/108/128
f 75/108/128 11/107/127 73/109/129
f 11/107/127 13/110/130 73/109/129
f 13/110/130 15/99/119 73/109/129
f 15/99/119 82/111/131 73/109/129
f 73/109/129 82/111/131 72/112/132
f 69/113/133 33/85/105 67/114/134
f 33/85/105 35/115/135 67/114/134
f 67/114/134 35/115/135 65/116/136
f 35/115/135 37/102/122 65/116/136
f 65/116/136 37/102/122 63/90/110
f 63/90/110 37/102/122 59/92/112
f 59/92/112 37/102/122 57/117/137
f 37/102/122 43/103/123 57/117/137
f 43/103/123 45/118/138 57/117/137
f 57/117/137 45/118/138 55/119/139
f 45/118/138 47/120/140 55/119/139
f 55/119/139 47/120/140 53/121/141
f 47/120/140 49/122/142 53/121/141
f 53/121/141 49/122/142 51/123/143
f 31/124/144 28/81/145 26/83/146
f 34/85/147 30/84/148 83/125/149
f 83/125/149 26/83/146 24/87/150
f 34/85/147 83/125/149 84/126/151
f 64/90/152 62/89/109 61/91/111
f 64/90/152 61/91/111 60/92/153
f 3/94/154 4/93/155 78/95/156
f 22/88/157 20/96/158 18/97/159
f 84/126/151 22/88/157 18/97/159
f 34/85/147 84/126/151 85/127/160
f 42/101/161 40/100/162 38/102/163
f 44/103/164 42/101/161 38/102/163
f 6/104/165 3/94/154 78/95/156
f 8/105/166 6/104/165 78/95/156
f 10/106/167 8/105/166 78/95/156
f 12/107/168 10/106/167 78/95/156
f 12/107/168 78/95/156 76/108/169
f 12/107/168 76/108/169 74/109/170
f 14/110/171 12/107/168 74/109/170
f 16/99/172 14/110/171 74/109/170
f 85/127/160 16/99/172 74/109/170
f 34/85/147 85/127/160 71/112/173
f 34/85/147 71/112/173 70/113/174
f 34/85/147 70/113/174 68/114/175
f 36/115/176 34/85/147 68/114/175
f 36/115/176 68/114/175 66/116/177
f 38/102/163 36/115/176 66/116/177
f 38/102/163 66/116/177 64/90/152
f 38/102/163 64/90/152 60/92/153
f 38/102/163 60/92/153 58/117/178
f 44/103/164 38/102/163 58/117/178
f 46/118/179 44/103/164 58/117/178
f 46/118/179 58/117/178 56/119/180
f 48/120/181 46/118/179 56/119/180
f 48/120/181 56/119/180 54/121/182
f 50/122/183 48/120/181 54/121/182
f 50/122/183 54/121/182 52/123/184
f 72/129/132 33/85/105 69/113/133
f 82/111/131 33/85/105 72/129/132
f 15/99/119 81/98/118 82/111/131
f 81/98/118 33/85/105 82/111/131
f 21/88/108 80/86/106 81/98/118
f 80/86/106 33/85/105 81/98/118
f 25/83/103 79/82/102 80/86/106
f 79/82/102 33/85/105 80/86/106
f 27/81/101 29/130/186 79/82/102
f 29/130/186 32/84/104 79/82/102
f 85/127/160 74/109/170 71/112/173
f 85/127/160 18/97/159 16/99/172
f 84/126/151 18/97/159 85/127/160
f 84/126/151 24/87/150 22/88/157
f 83/125/149 24/87/150 84/126/151
f 83/125/149 30/84/148 31/124/144
f 83/125/149 31/124/144 26/83/146
