# Blender 4.3.2
# www.blender.org
mtllib 兽7.mtl
o Obj3d66_17342430_40_666
v 3929.773193 827.130981 -28308.568359
v 3972.476074 827.272949 -28261.312500
v 3924.327637 827.275085 -28309.458984
v 3971.743652 827.129150 -28266.599609
v 3973.285400 825.561462 -28256.656250
v 3919.528320 825.563477 -28310.414062
v 3973.652344 823.251648 -28254.779297
v 3917.591309 823.253235 -28310.839844
v 3973.610596 820.454346 -28254.984375
v 3917.804199 820.455261 -28310.791016
v 3972.516113 815.850281 -28260.859375
v 3923.854980 815.850159 -28309.519531
v 3972.346191 811.824036 -28261.712891
v 3924.727295 811.823059 -28309.332031
v 3971.357422 807.520569 -28268.138672
v 3931.314209 807.518982 -28308.181641
v 3971.494629 805.599365 -28266.765625
v 3929.898682 805.597534 -28308.361328
v 3971.729980 806.175964 -28265.189453
v 3928.284424 806.174072 -28308.634766
v 3972.115723 804.849792 -28262.628906
v 3925.652344 804.847534 -28309.091797
v 3972.457764 801.688477 -28260.505859
v 3923.466553 801.685791 -28309.496094
v 3972.637451 796.792847 -28259.337891
v 3922.258301 796.789551 -28309.716797
v 3973.188721 789.814087 -28256.646484
v 3919.498535 789.810242 -28310.337891
v 3970.995117 789.763794 -28297.486328
v 3948.521729 789.779968 -28306.107422
v 3969.437256 789.782043 -28284.798828
v 3960.933594 789.762939 -28307.546875
v 3972.460693 799.152344 -28298.388672
v 3962.051514 799.151489 -28308.796875
v 3974.150635 802.872192 -28301.707031
v 3965.471924 802.871460 -28310.384766
v 3976.827637 804.428162 -28306.250000
v 3970.070557 804.427551 -28313.005859
v 3977.044189 803.728882 -28306.691406
v 3970.500488 803.728394 -28313.234375
v 3977.941895 804.136841 -28307.855469
v 3971.673096 804.136353 -28314.123047
v 3978.283203 805.193665 -28308.126953
v 3971.966309 805.193237 -28314.443359
v 3981.016846 808.454346 -28310.744141
v 3974.639160 808.454041 -28317.119141
v 3980.759033 810.955261 -28310.232422
v 3974.170654 810.955078 -28316.818359
v 3980.881104 812.761841 -28310.193359
v 3974.157959 812.761536 -28316.914062
v 3980.363037 813.869080 -28309.556641
v 3973.536865 813.868835 -28316.380859
v 3979.104492 813.340393 -28308.154297
v 3972.125732 813.340271 -28315.130859
v 3978.008301 812.586975 -28306.800781
v 3970.757080 812.586670 -28314.050781
v 3977.034912 812.470276 -28305.382812
v 3969.329346 812.470154 -28313.087891
v 3976.684326 814.795593 -28304.562500
v 3968.528809 814.795593 -28312.716797
v 3972.423584 816.094849 -28307.722656
v 3970.027832 816.323792 -28306.019531
v 3974.416260 815.318787 -28299.994141
v 3963.913818 815.318665 -28310.496094
v 3973.761475 814.976135 -28298.353516
v 3962.245605 814.975952 -28309.867188
v 3972.508301 815.384094 -28294.166016
v 3957.991455 815.383850 -28308.681641
v 3971.841553 818.647644 -28290.464844
v 3954.238281 818.647888 -28308.066406
v 3971.406006 819.451843 -28287.357422
v 3951.334961 819.385742 -28307.720703
v 3971.027832 819.725159 -28282.800781
v 3946.404785 819.725586 -28307.423828
v 3970.972900 823.059753 -28278.158203
v 3941.652588 823.060669 -28307.478516
v 3971.608398 824.021484 -28267.742188
v 3930.948730 824.022766 -28308.402344
v 3948.742432 792.349792 -28306.298828
v 3949.458252 800.125854 -28306.824219
v 3949.639893 801.974243 -28306.937500
v 3950.955811 814.067993 -28307.552734
v 3970.156494 798.221985 -28285.367188
v 3970.404785 801.491943 -28285.617188
v 3970.516113 803.046143 -28285.744141
v 4192.985840 754.347839 -28526.773438
v 4192.766602 755.512451 -28526.562500
v 4188.426758 755.580688 -28530.857422
v 4188.645996 754.416077 -28531.068359
v 4191.590332 754.461060 -28525.337891
v 4187.249023 754.528076 -28529.632812
v 4191.273438 752.966248 -28524.990234
v 4186.932129 753.032654 -28529.285156
v 4189.778320 751.342590 -28523.429688
v 4185.436035 751.407593 -28527.724609
v 4190.062012 749.637878 -28523.699219
v 4185.719727 749.702881 -28527.994141
v 4188.792969 748.982666 -28522.382812
v 4184.449219 749.046448 -28526.677734
v 4189.038086 748.340942 -28522.626953
v 4184.694336 748.405090 -28526.921875
v 4187.667480 747.140991 -28521.199219
v 4183.322266 747.203491 -28525.494141
v 4187.907227 746.430542 -28521.437500
v 4183.562012 746.493286 -28525.732422
v 4187.219238 743.846375 -28520.695312
v 4182.874023 743.908264 -28524.990234
v 4186.392090 743.383545 -28519.837891
v 4182.045898 743.444580 -28524.132812
v 4186.650391 742.956177 -28520.097656
v 4182.305176 743.017334 -28524.392578
v 4184.798828 741.269653 -28518.169922
v 4180.451660 741.329041 -28522.464844
v 4184.993164 740.728088 -28518.361328
v 4180.645996 740.787537 -28522.658203
v 4184.538086 739.714233 -28517.880859
v 4180.190430 739.773193 -28522.175781
v 4182.664062 740.546265 -28515.960938
v 4178.314941 740.603638 -28520.257812
v 4182.377441 737.385681 -28515.625000
v 4178.027832 737.442444 -28519.919922
v 4183.070312 736.579773 -28516.328125
v 4178.721680 736.637146 -28520.623047
v 4182.558105 735.364441 -28515.785156
v 4178.208984 735.421387 -28520.080078
v 4182.925781 734.314636 -28516.150391
v 4178.577148 734.371643 -28520.445312
v 4187.594727 732.852234 -28520.937500
v 4183.249023 732.913391 -28525.230469
v 4189.126953 736.925537 -28522.570312
v 4184.783203 736.988464 -28526.863281
v 4189.918945 737.569092 -28523.394531
v 4185.576172 737.632935 -28527.687500
v 4188.417480 732.712952 -28521.783203
v 4184.072754 732.774841 -28526.076172
v 4190.645020 731.886047 -28524.068359
v 4186.302734 731.949951 -28528.359375
v 4192.767578 739.678040 -28526.357422
v 4188.427246 739.744751 -28530.650391
v 4192.703613 742.005188 -28526.322266
v 4188.363281 742.072083 -28530.615234
v 4191.668457 744.588745 -28525.289062
v 4187.327148 744.654968 -28529.582031
v 4192.454102 746.686646 -28526.126953
v 4188.113770 746.753784 -28530.419922
v 4193.689941 747.424988 -28527.410156
v 4189.351074 747.493286 -28531.703125
v 4194.130859 746.488892 -28527.851562
v 4189.791992 746.557434 -28532.144531
v 4196.348145 749.968445 -28530.183594
v 4192.011719 750.039551 -28534.476562
v 4196.156738 751.214478 -28530.001953
v 4191.820312 751.285461 -28534.294922
v 4195.616699 751.452881 -28529.449219
v 4191.279297 751.523438 -28533.742188
v 4195.422363 752.121277 -28529.257812
v 4191.085449 752.191589 -28533.550781
v 4194.337891 752.550964 -28528.144531
v 4189.999512 752.620361 -28532.437500
v 4193.532715 754.832092 -28527.343750
v 4189.193848 754.900940 -28531.638672
v 4215.406250 746.247681 -28548.564453
v 4214.691895 746.509277 -28547.830078
v 4210.583984 746.603455 -28551.912109
v 4211.299316 746.342468 -28552.644531
v 4214.346191 747.557068 -28547.484375
v 4210.237793 747.650940 -28551.566406
v 4213.515137 747.587585 -28546.626953
v 4209.405273 747.680664 -28550.708984
v 4213.716309 748.027466 -28546.839844
v 4209.606934 748.120972 -28550.921875
v 4212.575195 748.417542 -28545.666016
v 4208.463867 748.509949 -28549.750000
v 4212.300781 749.391357 -28545.394531
v 4208.188965 749.483582 -28549.476562
v 4211.793945 748.726562 -28544.863281
v 4207.681641 748.818237 -28548.947266
v 4211.084473 750.015381 -28544.144531
v 4206.970703 750.106445 -28548.228516
v 4210.539062 747.904358 -28543.562500
v 4206.424805 747.994690 -28547.646484
v 4209.749023 746.199951 -28542.730469
v 4205.633789 746.289368 -28546.814453
v 4209.877930 745.013977 -28542.851562
v 4205.763184 745.103455 -28546.935547
v 4208.525879 744.224182 -28541.449219
v 4204.408691 744.312256 -28545.533203
v 4208.685059 743.608582 -28541.607422
v 4204.568359 743.696777 -28545.691406
v 4207.963379 742.461548 -28540.851562
v 4203.845703 742.548950 -28544.937500
v 4206.927734 741.656067 -28539.775391
v 4202.808594 741.742249 -28543.861328
v 4207.290527 740.911438 -28540.142578
v 4203.172363 740.997986 -28544.228516
v 4207.008301 739.259094 -28539.833984
v 4202.889160 739.345093 -28543.919922
v 4205.905273 739.026672 -28538.695312
v 4201.785156 739.111633 -28542.781250
v 4205.985352 738.085876 -28538.767578
v 4201.865234 738.170776 -28542.853516
v 4203.606934 736.278076 -28536.298828
v 4199.483887 736.360535 -28540.386719
v 4203.071289 735.083191 -28535.734375
v 4198.947266 735.165039 -28539.822266
v 4204.173828 735.302246 -28536.873047
v 4200.051270 735.385193 -28540.958984
v 4202.903320 733.086792 -28535.541016
v 4198.779297 733.168335 -28539.628906
v 4203.377441 732.690247 -28536.025391
v 4199.253906 732.772156 -28540.113281
v 4202.451660 730.354675 -28535.048828
v 4198.326660 730.435486 -28539.134766
v 4203.140137 730.234680 -28535.755859
v 4199.016113 730.316040 -28539.843750
v 4202.999023 729.273438 -28535.601562
v 4198.875000 729.354675 -28539.687500
v 4201.506348 728.867493 -28534.060547
v 4197.380859 728.947388 -28538.146484
v 4205.479492 727.926880 -28538.142578
v 4201.358398 728.009949 -28542.228516
v 4205.642090 728.638794 -28538.318359
v 4201.521484 728.722290 -28542.402344
v 4208.518555 733.621582 -28541.333984
v 4204.401855 733.708252 -28545.417969
v 4208.956055 732.452393 -28541.771484
v 4204.839355 732.539368 -28545.855469
v 4207.943848 728.162842 -28540.685547
v 4203.825684 728.248291 -28544.769531
v 4209.996094 727.582336 -28542.794922
v 4205.880859 727.669556 -28546.876953
v 4212.080566 735.844238 -28545.027344
v 4207.968262 735.934448 -28549.109375
v 4211.442871 739.899841 -28544.412109
v 4207.330078 739.989990 -28548.496094
v 4213.024902 742.935791 -28546.074219
v 4208.914062 743.027771 -28550.156250
v 4213.382324 741.152283 -28546.425781
v 4209.272461 741.244446 -28550.505859
v 4214.146973 742.393494 -28547.226562
v 4210.037598 742.486572 -28551.306641
v 4214.531250 744.394287 -28547.642578
v 4210.422852 744.487976 -28551.722656
v 4215.329590 744.496948 -28548.466797
v 4211.222656 744.591553 -28552.546875
v 4259.141602 735.898560 -28595.580078
v 4258.829590 735.181335 -28595.251953
v 4256.736328 735.253235 -28597.345703
v 4257.048340 735.970642 -28597.673828
v 4258.809082 733.366089 -28595.212891
v 4256.715332 733.437744 -28597.306641
v 4258.229492 731.865845 -28594.601562
v 4256.135254 731.937134 -28596.695312
v 4257.993652 728.826050 -28594.328125
v 4255.899414 728.896851 -28596.421875
v 4257.621094 728.944580 -28593.945312
v 4255.525879 729.015137 -28596.041016
v 4256.662598 731.989380 -28592.992188
v 4254.565918 732.059875 -28595.087891
v 4256.200195 733.184387 -28592.527344
v 4254.103027 733.254639 -28594.625000
v 4254.703613 732.458984 -28590.982422
v 4252.604492 732.528381 -28593.080078
v 4254.175781 727.788635 -28590.392578
v 4252.076660 727.857361 -28592.490234
v 4254.524414 727.082092 -28590.744141
v 4252.425781 727.150757 -28592.841797
v 4253.744141 722.256042 -28589.894531
v 4251.644531 722.323853 -28591.992188
v 4254.122070 721.496155 -28590.275391
v 4252.022949 721.564087 -28592.373047
v 4262.586426 720.748840 -28598.962891
v 4260.499023 720.821045 -28601.050781
v 4263.104492 722.680054 -28599.515625
v 4261.017578 722.752747 -28601.603516
v 4262.868164 725.948853 -28599.306641
v 4260.781250 726.021851 -28601.394531
v 4263.728027 725.295593 -28600.183594
v 4261.642090 725.368835 -28602.269531
v 4263.979492 726.710754 -28600.457031
v 4261.894043 726.784485 -28602.542969
v 4264.702637 726.722351 -28601.199219
v 4262.618164 726.796448 -28603.285156
v 4264.639648 727.559570 -28601.144531
v 4262.555176 727.633789 -28603.230469
v 4263.485352 728.749146 -28599.970703
v 4261.399414 728.822876 -28602.058594
v 4263.731934 729.316589 -28600.230469
v 4261.645996 729.390686 -28602.318359
v 4263.588379 729.880249 -28600.087891
v 4261.501953 729.954163 -28602.175781
v 4263.212891 730.065186 -28599.705078
v 4261.126465 730.138977 -28601.792969
v 4262.969727 730.722778 -28599.460938
v 4260.882812 730.796448 -28601.550781
v 4262.599121 730.263977 -28599.076172
v 4260.511230 730.337280 -28601.164062
v 4261.983398 729.871277 -28598.439453
v 4259.894531 729.944336 -28600.529297
v 4261.646973 728.912537 -28598.083984
v 4259.558105 728.985291 -28600.173828
v 4261.002930 728.912048 -28597.421875
v 4258.913086 728.984558 -28599.511719
v 4260.537109 730.364563 -28596.957031
v 4258.445801 730.436890 -28599.048828
v 4260.679199 731.117249 -28597.111328
v 4258.588379 731.189880 -28599.203125
v 4260.262207 732.918335 -28596.701172
v 4258.170898 732.990784 -28598.792969
v 4260.662109 733.143982 -28597.115234
v 4258.571289 733.216736 -28599.207031
v 4260.721680 733.706177 -28597.181641
v 4258.630859 733.778992 -28599.273438
v 4261.020508 734.288086 -28597.496094
v 4258.930664 734.361084 -28599.585938
v 4260.958984 735.139648 -28597.441406
v 4258.869141 735.212891 -28599.533203
v 4260.504395 736.188782 -28596.984375
v 4258.413574 736.261841 -28599.076172
v 4260.682617 736.582947 -28597.171875
v 4258.591797 736.656189 -28599.263672
v 4260.378418 737.003845 -28596.863281
v 4258.287109 737.076843 -28598.955078
v 4259.521484 736.975586 -28595.982422
v 4257.429199 737.048035 -28598.074219
v 4258.903809 736.552246 -28595.341797
v 4256.811035 736.624451 -28597.435547
v 4155.752441 762.451294 -28491.070312
v 4154.860840 762.825745 -28490.162109
v 4150.301270 762.869141 -28494.660156
v 4151.193359 762.495361 -28495.570312
v 4154.343262 763.784546 -28489.642578
v 4149.783691 763.827576 -28494.142578
v 4152.288086 764.088135 -28487.541016
v 4147.729004 764.129150 -28492.039062
v 4151.533691 764.537354 -28486.773438
v 4146.973633 764.577637 -28491.271484
v 4148.560059 761.235535 -28483.683594
v 4144.000488 761.273193 -28488.183594
v 4146.869141 755.958557 -28481.882812
v 4142.308594 755.994263 -28486.380859
v 4143.015137 750.916138 -28477.873047
v 4138.454590 750.948181 -28482.369141
v 4141.669434 751.915039 -28476.509766
v 4137.109375 751.945984 -28481.005859
v 4141.217285 750.556458 -28476.029297
v 4136.656738 750.586853 -28480.525391
v 4141.726562 747.123352 -28476.503906
v 4137.165527 747.153992 -28481.000000
v 4141.436523 745.786743 -28476.189453
v 4136.875488 745.817078 -28480.685547
v 4141.991211 743.969177 -28476.732422
v 4137.430176 743.999878 -28481.228516
v 4146.176270 742.547180 -28480.996094
v 4141.614746 742.581482 -28485.492188
v 4147.166504 744.082642 -28482.031250
v 4142.604980 744.117981 -28486.527344
v 4147.392578 746.966064 -28482.300781
v 4142.831543 747.001648 -28486.796875
v 4148.619141 748.132385 -28483.572266
v 4144.057617 748.169067 -28488.068359
v 4147.725098 743.817688 -28482.599609
v 4143.163574 743.853394 -28487.095703
v 4146.958496 742.171936 -28481.792969
v 4142.396973 742.206970 -28486.289062
v 4149.490723 741.443542 -28484.375000
v 4144.929199 741.480652 -28488.873047
v 4149.965820 743.624451 -28484.892578
v 4145.404785 743.662170 -28489.388672
v 4152.226562 750.827087 -28487.302734
v 4147.665527 750.867249 -28491.800781
v 4151.321289 754.121338 -28486.419922
v 4146.760742 754.160950 -28490.917969
v 4151.191895 756.910339 -28486.322266
v 4146.631836 756.950134 -28490.822266
v 4152.490234 758.681763 -28487.675781
v 4147.930176 758.722778 -28492.175781
v 4153.327148 757.786682 -28488.523438
v 4148.767090 757.828369 -28493.021484
v 4154.223145 759.359436 -28489.462891
v 4149.663086 759.401978 -28493.960938
v 4155.427734 760.683777 -28490.714844
v 4150.868164 760.727539 -28495.212891
v 4175.484375 759.259094 -28509.576172
v 4173.519531 759.055969 -28507.519531
v 4168.605469 759.129089 -28512.291016
v 4170.571777 759.334045 -28514.349609
v 4173.111328 760.031677 -28507.101562
v 4168.197266 760.104492 -28511.875000
v 4172.565430 759.171875 -28506.523438
v 4167.650391 759.244141 -28511.294922
v 4171.831055 759.394592 -28505.757812
v 4166.916016 759.466064 -28510.529297
v 4171.535645 758.167236 -28505.435547
v 4166.619629 758.238281 -28510.208984
v 4172.063965 757.837280 -28505.984375
v 4167.148926 757.908752 -28510.757812
v 4170.558594 755.477051 -28504.388672
v 4165.642578 755.547058 -28509.160156
v 4168.612305 750.715454 -28502.308594
v 4163.694824 750.783081 -28507.080078
v 4166.364746 748.686951 -28499.939453
v 4161.446289 748.752380 -28504.710938
v 4163.599609 744.168457 -28497.007812
v 4158.679688 744.230774 -28501.779297
v 4162.927734 745.813538 -28496.322266
v 4158.008301 745.875488 -28501.093750
v 4161.932617 744.308594 -28495.269531
v 4157.012695 744.369263 -28500.041016
v 4161.021484 740.535034 -28494.281250
v 4156.100586 740.594666 -28499.050781
v 4169.055176 737.964233 -28502.644531
v 4164.137207 738.031250 -28507.416016
v 4168.953125 739.158264 -28502.550781
v 4164.034668 739.225281 -28507.320312
v 4170.220215 741.321960 -28503.896484
v 4165.303223 741.390259 -28508.666016
v 4169.495605 737.739685 -28503.103516
v 4164.578125 737.807068 -28507.873047
v 4170.871094 737.358337 -28504.537109
v 4165.954102 737.426941 -28509.308594
v 4172.203613 741.565491 -28505.972656
v 4167.287598 741.635742 -28510.742188
v 4173.434570 744.329041 -28507.287109
v 4168.519043 744.400940 -28512.056641
v 4173.613281 747.042175 -28507.500000
v 4168.698242 747.114258 -28512.271484
v 4173.056152 749.545654 -28506.941406
v 4168.141113 749.617554 -28511.712891
v 4173.687012 751.811279 -28507.623047
v 4168.771973 751.884094 -28512.394531
v 4175.381836 753.397583 -28509.412109
v 4170.468262 753.471985 -28514.183594
v 4176.771484 754.119446 -28510.873047
v 4171.858887 754.195435 -28515.644531
v 4177.587402 755.555847 -28511.740234
v 4172.675293 755.632751 -28516.511719
v 4177.577637 757.271790 -28511.748047
v 4172.665527 757.348877 -28516.519531
v 4176.175293 757.788391 -28510.285156
v 4171.262695 757.863953 -28515.056641
v 4229.174316 746.440735 -28563.748047
v 4227.982910 744.669678 -28562.468750
v 4225.045410 744.753235 -28565.291016
v 4226.237793 746.525146 -28566.570312
v 4226.969727 743.862244 -28561.382812
v 4224.030762 743.945190 -28564.207031
v 4226.390137 741.187439 -28560.751953
v 4223.450684 741.269775 -28563.574219
v 4225.216797 737.248535 -28559.478516
v 4222.275391 737.329651 -28562.302734
v 4222.157227 734.191589 -28556.199219
v 4219.212402 734.270569 -28559.027344
v 4221.020996 736.061584 -28554.998047
v 4218.074219 736.139954 -28557.826172
v 4220.720703 735.754150 -28554.677734
v 4217.773438 735.832458 -28557.503906
v 4220.253906 732.832458 -28554.164062
v 4217.307129 732.910034 -28556.992188
v 4220.609375 728.305237 -28554.519531
v 4217.663086 728.382690 -28557.345703
v 4220.490234 726.590881 -28554.382812
v 4217.543457 726.668091 -28557.208984
v 4225.568848 725.570984 -28559.789062
v 4222.628418 725.650940 -28562.611328
v 4224.659668 727.562256 -28558.832031
v 4221.717773 727.641846 -28561.654297
v 4224.162109 727.935669 -28558.302734
v 4221.219727 728.015076 -28561.126953
v 4225.163574 731.007690 -28559.386719
v 4222.222656 731.087952 -28562.210938
v 4226.965820 731.324585 -28561.310547
v 4224.026855 731.406067 -28564.132812
v 4227.042969 731.150391 -28561.390625
v 4224.104492 731.231934 -28564.214844
v 4227.085938 730.656250 -28561.433594
v 4224.147461 730.737671 -28564.255859
v 4227.102051 729.960754 -28561.447266
v 4224.163574 730.042175 -28564.269531
v 4227.099609 729.182983 -28561.441406
v 4224.161133 729.264160 -28564.263672
v 4227.086914 728.441345 -28561.421875
v 4224.148438 728.522644 -28564.244141
v 4227.071777 727.855347 -28561.404297
v 4224.133301 727.936340 -28564.224609
v 4227.062012 727.543152 -28561.390625
v 4224.123535 727.624390 -28564.212891
v 4227.061523 727.366394 -28561.390625
v 4224.123047 727.447449 -28564.212891
v 4227.068848 727.114990 -28561.396484
v 4224.130371 727.196045 -28564.218750
v 4227.081543 726.801453 -28561.408203
v 4224.143066 726.882446 -28564.230469
v 4227.099121 726.438171 -28561.423828
v 4224.160645 726.519043 -28564.246094
v 4227.120605 726.037537 -28561.445312
v 4224.182129 726.118591 -28564.267578
v 4227.144043 725.612244 -28561.466797
v 4224.205566 725.693176 -28564.289062
v 4227.168945 725.174377 -28561.492188
v 4224.230469 725.255249 -28564.312500
v 4229.413086 724.747681 -28563.878906
v 4226.477539 724.829773 -28566.699219
v 4228.455078 728.271179 -28562.880859
v 4225.518555 728.353149 -28565.701172
v 4228.665527 730.822693 -28563.119141
v 4225.729492 730.905090 -28565.939453
v 4229.714844 734.034851 -28564.255859
v 4226.779785 734.118286 -28567.076172
v 4228.735840 737.186157 -28563.230469
v 4225.799316 737.269348 -28566.050781
v 4229.438477 739.355591 -28563.990234
v 4226.502930 739.439392 -28566.812500
v 4230.275391 737.833984 -28564.875000
v 4227.341309 737.918274 -28567.695312
v 4231.333496 740.725891 -28566.019531
v 4228.400391 740.811279 -28568.837891
v 4231.817871 740.953186 -28566.537109
v 4228.885742 741.038757 -28569.355469
v 4231.988770 742.189941 -28566.724609
v 4229.056641 742.275879 -28569.544922
v 4231.907715 743.321289 -28566.644531
v 4228.975586 743.407166 -28569.464844
v 4231.532715 743.552490 -28566.248047
v 4228.600098 743.638184 -28569.066406
v 4231.087402 743.160645 -28565.769531
v 4228.153809 743.246094 -28568.589844
v 4230.923828 744.100952 -28565.601562
v 4227.990723 744.186279 -28568.421875
v 4230.305176 744.383057 -28564.943359
v 4227.370605 744.467957 -28567.763672
v 4229.823242 747.152771 -28564.443359
v 4226.888184 747.237793 -28567.265625
v 4242.149902 738.874939 -28577.468750
v 4242.976562 736.076050 -28578.312500
v 4240.421387 736.156494 -28580.818359
v 4239.593750 738.955078 -28579.972656
v 4242.344238 734.938965 -28577.642578
v 4239.788086 735.018738 -28580.148438
v 4242.081055 734.032837 -28577.361328
v 4239.524902 734.112366 -28579.867188
v 4241.461426 733.735840 -28576.710938
v 4238.904297 733.815063 -28579.216797
v 4241.654297 732.409180 -28576.902344
v 4239.097656 732.488281 -28579.408203
v 4241.020020 731.288452 -28576.230469
v 4238.462402 731.367188 -28578.736328
v 4240.408203 729.463135 -28575.578125
v 4237.849609 729.541260 -28578.083984
v 4240.690430 728.464355 -28575.865234
v 4238.132324 728.542480 -28578.371094
v 4240.178711 726.468689 -28575.316406
v 4237.620117 726.546265 -28577.822266
v 4237.488281 723.500793 -28572.478516
v 4234.925781 723.576477 -28574.988281
v 4241.289062 722.970093 -28576.453125
v 4238.731934 723.047791 -28578.958984
v 4242.947754 728.592468 -28578.228516
v 4240.393066 728.671875 -28580.734375
v 4243.827637 728.557373 -28579.150391
v 4241.273926 728.637268 -28581.652344
v 4243.857910 725.439087 -28579.158203
v 4241.304688 725.518494 -28581.662109
v 4244.254395 723.433289 -28579.558594
v 4241.701660 723.512634 -28582.060547
v 4242.845215 722.849182 -28578.080078
v 4240.290039 722.927856 -28580.583984
v 4248.137695 722.144043 -28583.609375
v 4245.590820 722.225647 -28586.107422
v 4245.590332 723.376465 -28580.955078
v 4243.039551 723.456787 -28583.457031
v 4244.884277 726.525391 -28580.240234
v 4242.332520 726.605652 -28582.742188
v 4245.542480 730.367981 -28580.957031
v 4242.991211 730.448975 -28583.458984
v 4244.757324 734.192749 -28580.164062
v 4242.205078 734.273865 -28582.666016
v 4245.394531 734.954834 -28580.835938
v 4242.843262 735.036560 -28583.337891
v 4245.685059 733.702637 -28581.130859
v 4243.134277 733.784363 -28583.632812
v 4246.545898 735.171875 -28582.042969
v 4243.996094 735.254089 -28584.544922
v 4247.022949 734.458435 -28582.537109
v 4244.474121 734.540894 -28585.037109
v 4247.414062 735.335083 -28582.953125
v 4244.865723 735.417847 -28585.453125
v 4246.861328 736.980042 -28582.386719
v 4244.312012 737.062744 -28584.886719
v 4246.914062 737.477051 -28582.445312
v 4244.364746 737.559875 -28584.945312
v 4246.544922 738.741150 -28582.068359
v 4243.995117 738.823853 -28584.568359
v 4245.819336 738.924377 -28581.310547
v 4243.268555 739.006653 -28583.812500
v 4245.469727 738.673035 -28580.941406
v 4242.918457 738.755188 -28583.445312
v 4245.179199 739.261353 -28580.642578
v 4242.627441 739.343384 -28583.144531
v 4244.737305 739.048279 -28580.177734
v 4242.185059 739.129944 -28582.681641
v 4243.846680 739.779175 -28579.250000
v 4241.292969 739.860291 -28581.755859
v 4243.698242 739.338562 -28579.091797
v 4241.144043 739.419739 -28581.595703
v 4242.356445 739.924438 -28577.691406
v 4239.800781 740.004883 -28580.197266
v 4089.722656 816.010986 -28417.453125
v 4086.432861 817.599854 -28414.203125
v 4077.793701 817.497681 -28422.919922
v 4081.084473 815.910645 -28426.167969
v 4083.124268 816.274353 -28410.894531
v 4074.484131 816.170593 -28419.607422
v 4081.349365 813.371582 -28409.085938
v 4072.708984 813.267090 -28417.798828
v 4080.659668 809.251587 -28408.337891
v 4072.019043 809.146851 -28417.052734
v 4082.822754 801.105347 -28410.367188
v 4074.182617 801.002075 -28419.082031
v 4082.156250 795.040649 -28409.613281
v 4073.516113 794.937378 -28418.328125
v 4084.886475 787.133789 -28412.210938
v 4076.247070 787.032043 -28420.923828
v 4083.426270 784.712952 -28410.720703
v 4074.786865 784.610657 -28419.435547
v 4082.612793 785.957642 -28409.931641
v 4073.972900 785.854736 -28418.646484
v 4080.637451 784.686951 -28407.947266
v 4071.997314 784.583252 -28416.662109
v 4078.418945 780.627258 -28405.679688
v 4069.778320 780.522583 -28414.394531
v 4076.277344 773.804993 -28403.449219
v 4067.636230 773.699585 -28412.164062
v 4072.691895 764.299744 -28399.740234
v 4064.049316 764.193176 -28408.455078
v 4100.946777 752.537842 -28427.664062
v 4092.312500 752.447266 -28436.378906
v 4105.398438 765.480591 -28432.285156
v 4096.765625 765.393250 -28441.000000
v 4110.140625 769.382263 -28437.058594
v 4101.509766 769.298950 -28445.775391
v 4115.875488 769.474060 -28442.759766
v 4107.246094 769.396179 -28451.478516
v 4116.155273 768.258240 -28443.021484
v 4107.526855 768.180786 -28451.738281
v 4117.782715 768.232971 -28444.636719
v 4109.153809 768.156982 -28453.355469
v 4118.537109 769.586853 -28445.408203
v 4109.909180 769.511536 -28454.125000
v 4123.400391 772.727783 -28450.287109
v 4114.774414 772.657837 -28459.005859
v 4123.561035 776.598083 -28450.505859
v 4114.935059 776.528137 -28459.224609
v 4124.145020 779.202637 -28451.125000
v 4115.519531 779.133240 -28459.843750
v 4123.620605 781.159790 -28450.634766
v 4114.994629 781.089783 -28459.351562
v 4121.518555 781.187988 -28448.544922
v 4112.891602 781.115479 -28457.263672
v 4119.506348 780.826355 -28446.541016
v 4110.878418 780.751892 -28455.257812
v 4117.722168 781.374573 -28444.775391
v 4109.093750 781.298035 -28453.494141
v 4117.538086 785.110535 -28444.650391
v 4108.909180 785.033691 -28453.367188
v 4115.272949 788.565552 -28449.718750
v 4113.720703 788.551941 -28451.287109
v 4114.926758 795.679382 -28449.482422
v 4113.374512 795.665588 -28451.050781
v 4114.044922 798.793152 -28448.652344
v 4112.492676 798.779175 -28450.220703
v 4112.729492 801.413391 -28447.384766
v 4111.176758 801.399170 -28448.953125
v 4114.179688 795.597290 -28448.738281
v 4112.626953 795.583252 -28450.306641
v 4113.683594 790.483948 -28448.167969
v 4112.131348 790.470093 -28449.736328
v 4109.811523 792.411072 -28444.347656
v 4108.258789 792.396484 -28445.916016
v 4108.388672 796.372192 -28442.994141
v 4106.836426 796.357361 -28444.562500
v 4108.935547 801.084534 -28443.607422
v 4107.382812 801.069641 -28445.175781
v 4111.665527 804.991150 -28446.380859
v 4110.113281 804.976746 -28447.949219
v 4117.347168 804.228638 -28452.015625
v 4115.794922 804.215271 -28453.583984
v 4116.144531 805.784546 -28450.843750
v 4114.592285 805.770935 -28452.412109
v 4112.235352 806.471680 -28446.968750
v 4110.683105 806.457336 -28448.537109
v 4109.311035 804.556580 -28444.033203
v 4107.758301 804.541748 -28445.601562
v 4107.077637 800.583679 -28441.753906
v 4105.525391 800.568542 -28443.322266
v 4106.911133 796.463074 -28441.525391
v 4105.357910 796.447876 -28443.093750
v 4108.990234 790.489075 -28443.503906
v 4107.437988 790.474487 -28445.072266
v 4112.686523 787.928040 -28439.869141
v 4104.056152 787.846252 -28448.585938
v 4110.906738 788.121338 -28438.103516
v 4102.275391 788.038086 -28446.818359
v 4107.044434 790.355347 -28434.294922
v 4098.411621 790.268555 -28443.011719
v 4104.793457 796.422485 -28432.148438
v 4096.160156 796.333435 -28440.865234
v 4102.434570 798.662781 -28429.835938
v 4093.800537 798.571777 -28438.552734
v 4098.904297 800.551941 -28426.353516
v 4090.269287 800.458435 -28435.068359
v 4096.434082 806.824768 -28423.990234
v 4087.798096 806.729187 -28432.705078
v 4089.559570 811.184265 -28417.218750
v 4080.921631 811.084045 -28425.933594
vn 0.0316 0.9990 -0.0315
vn 0.0316 0.9990 -0.0316
vn -0.3767 0.8462 0.3768
vn -0.3765 0.8464 0.3766
vn -0.3765 0.8464 0.3765
vn -0.6418 0.4198 0.6418
vn -0.6417 0.4201 0.6417
vn -0.6417 0.4200 0.6417
vn -0.7065 -0.0416 0.7065
vn -0.7065 -0.0413 0.7065
vn -0.5701 -0.5916 0.5701
vn -0.5700 -0.5918 0.5700
vn -0.7020 -0.1193 0.7021
vn -0.7021 -0.1192 0.7020
vn -0.7021 -0.1191 0.7020
vn -0.5274 -0.6661 0.5274
vn -0.5273 -0.6662 0.5273
vn -0.5274 -0.6662 0.5274
vn -0.5273 -0.6663 0.5273
vn -0.6437 0.4138 0.6437
vn -0.6436 0.4141 0.6436
vn -0.6438 0.4137 0.6438
vn 0.3674 0.8544 -0.3674
vn -0.4619 0.7572 0.4619
vn -0.4619 0.7572 0.4618
vn -0.4617 0.7574 0.4617
vn -0.4617 0.7574 0.4616
vn -0.6568 0.3702 0.6569
vn -0.6570 0.3699 0.6569
vn -0.7000 0.1412 0.7000
vn -0.7000 0.1414 0.7000
vn -0.7000 0.1415 0.7000
vn -0.6911 0.2117 0.6910
vn -0.6911 0.2118 0.6910
vn -0.0012 -1.0000 0.0014
vn -0.0012 -1.0000 0.0013
vn 0.6960 -0.1756 -0.6963
vn 0.6962 -0.1756 -0.6961
vn 0.6961 -0.1756 -0.6962
vn 0.6963 -0.1756 -0.6960
vn 0.5121 -0.6895 -0.5121
vn 0.5122 -0.6895 -0.5121
vn 0.2062 -0.9566 -0.2061
vn 0.2061 -0.9566 -0.2061
vn -0.5883 -0.5549 0.5883
vn -0.5882 -0.5547 0.5884
vn -0.5883 -0.5548 0.5883
vn -0.5882 -0.5548 0.5884
vn 0.1909 -0.9629 -0.1909
vn 0.1906 -0.9630 -0.1906
vn 0.1906 -0.9630 -0.1905
vn 0.6542 -0.3794 -0.6543
vn 0.6541 -0.3794 -0.6544
vn 0.6541 -0.3795 -0.6543
vn 0.6542 -0.3793 -0.6544
vn 0.4615 -0.7574 -0.4618
vn 0.4617 -0.7575 -0.4616
vn 0.4616 -0.7574 -0.4617
vn 0.4618 -0.7575 -0.4616
vn 0.6909 0.2127 -0.6910
vn 0.6907 0.2127 -0.6911
vn 0.6910 0.2126 -0.6909
vn 0.7068 -0.0325 -0.7066
vn 0.7066 -0.0322 -0.7068
vn 0.7066 -0.0322 -0.7069
vn 0.5691 0.5933 -0.5693
vn 0.5691 0.5934 -0.5693
vn -0.1912 0.9627 0.1913
vn -0.1913 0.9627 0.1913
vn -0.2823 0.9169 0.2822
vn -0.2819 0.9171 0.2820
vn -0.2822 0.9169 0.2822
vn -0.2818 0.9171 0.2820
vn -0.0486 0.9976 0.0486
vn -0.0487 0.9976 0.0487
vn 0.6662 0.3356 -0.6660
vn 0.6658 0.3356 -0.6664
vn 0.6661 0.3356 -0.6661
vn 0.6066 0.5136 -0.6068
vn -0.4635 0.7552 0.4636
vn -0.1459 0.9785 0.1460
vn -0.1461 0.9784 0.1460
vn -0.1461 0.9784 0.1461
vn 0.0746 0.9944 -0.0746
vn 0.0745 0.9944 -0.0746
vn 0.5137 0.6873 -0.5136
vn 0.5135 0.6874 -0.5136
vn 0.2161 0.9521 -0.2162
vn 0.2161 0.9521 -0.2161
vn 0.2163 0.9521 -0.2162
vn 0.0647 0.9958 -0.0647
vn 0.0545 0.9969 -0.0567
vn 0.0642 0.9959 -0.0643
vn 0.5010 0.7057 -0.5010
vn 0.0974 0.9905 -0.0974
vn 0.6892 0.2235 -0.6892
vn 0.6892 0.2239 -0.6891
vn -0.0006 -0.0725 -0.9974
vn 0.1346 0.0264 -0.9906
vn 0.1210 0.0196 -0.9925
vn -0.2011 -0.0699 -0.9771
vn -0.1242 -0.1099 -0.9861
vn -0.0299 -0.0559 -0.9980
vn 0.1040 0.0321 -0.9941
vn 0.1132 0.0695 -0.9911
vn -0.3382 0.3265 -0.8826
vn 0.0461 0.9965 -0.0692
vn 0.0949 0.9934 -0.0648
vn -0.3189 0.5540 -0.7691
vn 0.1765 0.0394 -0.9835
vn 0.1616 0.0080 -0.9868
vn 0.1314 0.0320 -0.9908
vn 0.1686 0.0046 -0.9857
vn 0.1145 0.1782 -0.9773
vn -0.0440 -0.0461 -0.9980
vn 0.0863 -0.0235 -0.9960
vn -0.5803 -0.0855 -0.8099
vn -0.5808 -0.0917 -0.8089
vn -0.5347 -0.0731 -0.8419
vn -0.6059 -0.0781 -0.7917
vn 0.1778 0.0347 -0.9835
vn 0.1789 0.0088 -0.9838
vn 0.1821 -0.0128 -0.9832
vn 0.1333 -0.0095 -0.9910
vn 0.0790 0.0861 -0.9931
vn 0.0258 0.0211 -0.9994
vn 0.1051 -0.0487 -0.9933
vn -0.0670 -0.0183 -0.9976
vn -0.0935 -0.0216 -0.9954
vn -0.1352 -0.0171 -0.9907
vn -0.2283 -0.0429 -0.9726
vn -0.3943 -0.0798 -0.9155
vn -0.3230 -0.0237 -0.9461
vn -0.5743 -0.0451 -0.8174
vn -0.6378 -0.0587 -0.7679
vn -0.5840 0.0581 -0.8097
vn -0.6433 -0.0264 -0.7652
vn -0.6386 0.0016 -0.7696
vn -0.6645 -0.0339 -0.7465
vn -0.6611 -0.0093 -0.7503
vn 0.9909 0.0273 -0.1321
vn 0.9972 -0.0743 0.0037
vn 0.9934 0.0105 -0.1141
vn 0.9823 -0.1149 0.1482
vn 0.9710 -0.0930 0.2203
vn 0.9961 -0.0822 0.0310
vn 0.9957 0.0233 -0.0892
vn 0.9966 -0.0629 0.0531
vn 0.8800 0.3110 0.3589
vn 0.7812 0.5230 0.3408
vn 0.9905 0.0074 -0.1374
vn 0.9875 0.0382 -0.1526
vn 0.9937 0.0305 -0.1075
vn 0.9890 0.0017 -0.1482
vn 0.9934 0.0685 -0.0923
vn 0.9845 0.1458 -0.0974
vn 0.9966 -0.0481 0.0671
vn 0.8057 -0.1179 0.5805
vn 0.8066 -0.1126 0.5802
vn 0.8370 -0.0945 0.5390
vn 0.7885 -0.1011 0.6066
vn 0.9875 0.0341 -0.1541
vn 0.9878 0.0088 -0.1552
vn 0.9873 -0.0130 -0.1585
vn 0.9941 -0.0103 -0.1084
vn 0.9951 0.0823 -0.0545
vn 0.9999 -0.0132 -0.0044
vn 0.9954 -0.0508 -0.0812
vn 0.9973 -0.0257 -0.0682
vn 0.9922 -0.0390 0.1182
vn 0.9864 -0.0340 0.1609
vn 0.9646 -0.0623 0.2561
vn 0.9082 -0.0968 0.4071
vn 0.9396 -0.0429 0.3395
vn 0.8036 -0.0691 0.5911
vn 0.7646 -0.0820 0.6393
vn 0.8075 0.0314 0.5890
vn 0.7623 -0.0500 0.6453
vn 0.7684 -0.0201 0.6397
vn 0.7452 -0.0544 0.6646
vn 0.7494 -0.0294 0.6614
vn 0.0530 0.9971 -0.0555
vn 0.0213 -0.0756 -0.9969
vn 0.6826 0.2525 -0.6858
vn 0.6826 0.2523 -0.6858
vn 0.6826 0.2524 -0.6858
vn -0.3636 0.8502 0.3808
vn -0.3635 0.8502 0.3807
vn -0.3634 0.8504 0.3806
vn -0.3639 0.8500 0.3809
vn -0.6687 0.2994 0.6806
vn -0.6687 0.2993 0.6806
vn -0.4162 0.7994 0.4333
vn -0.4161 0.7996 0.4330
vn -0.4159 0.7996 0.4333
vn -0.4164 0.7993 0.4333
vn -0.6871 -0.2236 0.6913
vn -0.6870 -0.2235 0.6915
vn -0.6870 -0.2234 0.6914
vn -0.2303 0.9412 0.2471
vn -0.2298 0.9414 0.2467
vn -0.2299 0.9414 0.2468
vn -0.2300 0.9413 0.2470
vn -0.6223 -0.4748 0.6224
vn -0.6225 -0.4745 0.6224
vn -0.6222 -0.4748 0.6224
vn -0.3584 0.8549 0.3750
vn -0.3582 0.8551 0.3749
vn -0.3586 0.8549 0.3749
vn -0.3584 0.8549 0.3751
vn -0.6381 -0.4292 0.6392
vn -0.6383 -0.4288 0.6393
vn -0.6380 -0.4291 0.6394
vn -0.6519 0.3646 0.6649
vn -0.6521 0.3644 0.6649
vn -0.6519 0.3645 0.6650
vn -0.6520 0.3645 0.6649
vn -0.2482 0.9319 0.2644
vn -0.2480 0.9321 0.2639
vn -0.2482 0.9319 0.2645
vn -0.5377 -0.6521 0.5346
vn -0.5380 -0.6515 0.5350
vn -0.5379 -0.6515 0.5349
vn -0.5373 -0.6523 0.5346
vn -0.3692 0.8456 0.3855
vn -0.3693 0.8457 0.3853
vn -0.3693 0.8457 0.3854
vn -0.3692 0.8456 0.3856
vn -0.6302 -0.4516 0.6316
vn -0.6303 -0.4513 0.6317
vn -0.6303 -0.4514 0.6316
vn -0.6302 -0.4517 0.6316
vn -0.5847 0.5472 0.5989
vn -0.5845 0.5473 0.5991
vn -0.5844 0.5473 0.5990
vn -0.5847 0.5473 0.5988
vn 0.2148 0.9551 -0.2041
vn 0.2147 0.9551 -0.2044
vn 0.2147 0.9550 -0.2046
vn 0.2142 0.9552 -0.2040
vn -0.6950 0.1382 0.7056
vn -0.6949 0.1381 0.7058
vn -0.6951 0.1383 0.7055
vn -0.4493 -0.7748 0.4447
vn -0.4496 -0.7745 0.4451
vn -0.4495 -0.7746 0.4450
vn -0.4492 -0.7749 0.4447
vn -0.5954 0.5232 0.6097
vn -0.5953 0.5233 0.6098
vn -0.5953 0.5232 0.6098
vn -0.5954 0.5233 0.6097
vn -0.6329 -0.4424 0.6353
vn -0.6331 -0.4425 0.6351
vn -0.6329 -0.4427 0.6352
vn -0.6330 -0.4427 0.6351
vn -0.1567 -0.9769 0.1452
vn -0.1570 -0.9769 0.1450
vn -0.1561 -0.9770 0.1452
vn 0.6126 -0.4815 -0.6268
vn 0.6126 -0.4816 -0.6267
vn 0.6124 -0.4817 -0.6268
vn 0.6127 -0.4815 -0.6267
vn 0.3386 -0.8712 -0.3554
vn 0.3386 -0.8714 -0.3551
vn 0.3384 -0.8714 -0.3552
vn -0.6372 0.4130 0.6508
vn -0.6372 0.4129 0.6508
vn -0.6371 0.4130 0.6508
vn -0.1832 -0.9681 0.1712
vn -0.1834 -0.9680 0.1714
vn -0.1833 -0.9680 0.1713
vn -0.1831 -0.9681 0.1711
vn 0.6498 -0.3719 -0.6629
vn 0.6497 -0.3719 -0.6630
vn 0.6495 -0.3721 -0.6631
vn 0.7034 0.0302 -0.7102
vn 0.7034 0.0303 -0.7102
vn 0.6157 0.4928 -0.6149
vn 0.6156 0.4926 -0.6151
vn 0.6156 0.4927 -0.6150
vn 0.6131 -0.4801 -0.6274
vn 0.6132 -0.4800 -0.6274
vn 0.6130 -0.4803 -0.6273
vn 0.2623 -0.9236 -0.2796
vn 0.2618 -0.9238 -0.2793
vn 0.2619 -0.9238 -0.2793
vn 0.2624 -0.9235 -0.2797
vn -0.5897 -0.5549 0.5868
vn -0.5895 -0.5550 0.5869
vn -0.5893 -0.5551 0.5870
vn 0.5110 -0.6789 -0.5273
vn 0.5108 -0.6789 -0.5274
vn 0.5109 -0.6789 -0.5273
vn 0.5112 -0.6788 -0.5272
vn 0.6900 0.2068 -0.6936
vn 0.6901 0.2068 -0.6936
vn 0.2148 0.9557 -0.2014
vn 0.2150 0.9556 -0.2017
vn 0.2150 0.9556 -0.2015
vn 0.2146 0.9558 -0.2009
vn 0.6545 0.3776 -0.6550
vn 0.6544 0.3776 -0.6551
vn 0.6544 0.3777 -0.6551
vn 0.6546 0.3778 -0.6548
vn 0.1950 0.9639 -0.1812
vn 0.1954 0.9637 -0.1818
vn 0.1951 0.9638 -0.1817
vn 0.1950 0.9639 -0.1811
vn 0.6337 0.4454 -0.6325
vn 0.6333 0.4455 -0.6327
vn 0.6335 0.4455 -0.6327
vn 0.6334 0.4456 -0.6327
vn -0.3607 0.8526 0.3781
vn -0.3607 0.8527 0.3779
vn -0.3607 0.8526 0.3782
vn 0.7175 0.0089 0.6965
vn 0.7177 0.0093 0.6963
vn 0.7177 0.0091 0.6963
vn 0.7177 0.0090 0.6963
vn 0.7175 0.0090 0.6965
vn 0.7178 0.0091 0.6962
vn 0.7175 0.0091 0.6965
vn 0.7173 0.0093 0.6967
vn 0.7173 0.0091 0.6967
vn 0.7173 0.0090 0.6967
vn 0.7175 0.0092 0.6965
vn 0.7176 0.0091 0.6964
vn 0.7175 0.0089 0.6966
vn 0.7174 0.0092 0.6966
vn 0.7173 0.0092 0.6967
vn 0.7178 0.0093 0.6962
vn 0.7176 0.0087 0.6964
vn 0.7178 0.0091 0.6961
vn 0.7174 0.0091 0.6966
vn 0.7176 0.0093 0.6964
vn 0.7174 0.0088 0.6966
vn 0.7176 0.0092 0.6964
vn 0.7174 0.0095 0.6966
vn 0.7174 0.0093 0.6966
vn 0.7177 0.0092 0.6963
vn 0.7179 0.0091 0.6961
vn -0.7170 -0.0091 -0.6970
vn -0.7171 -0.0091 -0.6969
vn -0.7171 -0.0095 -0.6969
vn -0.7171 -0.0092 -0.6969
vn -0.7172 -0.0091 -0.6968
vn -0.7173 -0.0093 -0.6967
vn -0.7173 -0.0092 -0.6967
vn -0.7174 -0.0091 -0.6966
vn -0.7169 -0.0092 -0.6971
vn -0.7170 -0.0091 -0.6971
vn -0.7171 -0.0093 -0.6969
vn -0.7170 -0.0090 -0.6970
vn -0.7173 -0.0090 -0.6967
vn -0.7169 -0.0093 -0.6971
vn -0.7170 -0.0093 -0.6970
vn -0.7172 -0.0090 -0.6968
vn -0.7170 -0.0092 -0.6970
vn -0.7174 -0.0094 -0.6966
vn -0.7168 -0.0093 -0.6972
vn -0.7170 -0.0090 -0.6971
vn -0.7173 -0.0091 -0.6967
vn 0.1853 0.9688 -0.1643
vn 0.1858 0.9687 -0.1644
vn 0.1857 0.9688 -0.1644
vn 0.1853 0.9689 -0.1643
vn 0.6433 0.4231 -0.6381
vn 0.6435 0.4228 -0.6381
vn 0.6434 0.4228 -0.6382
vn 0.6432 0.4232 -0.6382
vn 0.0292 0.9996 -0.0064
vn 0.0296 0.9995 -0.0069
vn 0.0295 0.9995 -0.0069
vn 0.0291 0.9996 -0.0063
vn 0.5807 -0.5532 -0.5973
vn 0.5806 -0.5534 -0.5972
vn 0.1741 0.9727 -0.1531
vn 0.1744 0.9726 -0.1535
vn 0.1744 0.9727 -0.1534
vn 0.1741 0.9728 -0.1530
vn 0.6589 0.3697 -0.6551
vn 0.6589 0.3698 -0.6551
vn -0.4648 0.7407 0.4850
vn -0.4650 0.7408 0.4848
vn -0.4650 0.7407 0.4849
vn -0.4648 0.7407 0.4851
vn 0.5613 0.6171 -0.5515
vn 0.5615 0.6168 -0.5517
vn 0.5613 0.6168 -0.5518
vn 0.5612 0.6173 -0.5514
vn -0.6550 0.3537 0.6677
vn -0.6548 0.3535 0.6680
vn -0.6550 0.3534 0.6679
vn -0.6550 0.3538 0.6677
vn -0.5782 0.5584 0.5948
vn -0.5780 0.5585 0.5949
vn -0.5781 0.5585 0.5949
vn -0.5784 0.5580 0.5950
vn -0.6984 -0.1473 0.7004
vn -0.6982 -0.1475 0.7005
vn -0.6983 -0.1473 0.7004
vn -0.2546 0.9266 0.2768
vn -0.2544 0.9267 0.2765
vn -0.2548 0.9266 0.2766
vn -0.2547 0.9265 0.2769
vn -0.6652 -0.3425 0.6634
vn -0.6656 -0.3420 0.6634
vn -0.6653 -0.3424 0.6635
vn -0.5133 0.6732 0.5323
vn -0.5136 0.6732 0.5319
vn -0.5134 0.6734 0.5320
vn -0.5133 0.6731 0.5324
vn -0.3251 0.8800 0.3464
vn -0.3250 0.8801 0.3461
vn -0.3250 0.8799 0.3466
vn -0.3251 0.8799 0.3464
vn -0.5847 -0.5698 0.5775
vn -0.5850 -0.5693 0.5777
vn -0.5850 -0.5694 0.5776
vn -0.5846 -0.5699 0.5774
vn -0.6802 0.2452 0.6908
vn -0.6801 0.2453 0.6909
vn -0.0920 0.9893 0.1134
vn -0.0918 0.9893 0.1130
vn -0.0915 0.9894 0.1131
vn -0.0921 0.9893 0.1135
vn -0.7007 -0.1141 0.7042
vn -0.7007 -0.1144 0.7042
vn -0.7008 -0.1140 0.7042
vn -0.3193 0.8845 0.3403
vn -0.3193 0.8846 0.3400
vn -0.3192 0.8845 0.3402
vn -0.3195 0.8843 0.3405
vn -0.5846 0.5457 0.6004
vn -0.5846 0.5454 0.6007
vn -0.5845 0.5455 0.6007
vn -0.5847 0.5456 0.6004
vn 0.0867 -0.9904 -0.1074
vn 0.0863 -0.9905 -0.1072
vn 0.0868 -0.9904 -0.1074
vn -0.5350 0.6388 0.5529
vn -0.5350 0.6391 0.5526
vn -0.5350 0.6390 0.5527
vn -0.5351 0.6387 0.5530
vn -0.3637 -0.8633 0.3498
vn -0.3641 -0.8630 0.3501
vn -0.3642 -0.8630 0.3501
vn -0.3636 -0.8634 0.3498
vn -0.6048 0.4995 0.6203
vn -0.6050 0.4991 0.6204
vn -0.6049 0.4992 0.6203
vn -0.6049 0.4992 0.6204
vn -0.0944 -0.9927 0.0755
vn -0.0949 -0.9926 0.0761
vn -0.0948 -0.9926 0.0760
vn -0.0943 -0.9927 0.0755
vn -0.6856 0.2129 0.6961
vn -0.6855 0.2130 0.6962
vn -0.6858 0.2130 0.6959
vn -0.6856 0.2130 0.6961
vn -0.1213 0.9824 0.1419
vn -0.1211 0.9825 0.1415
vn -0.1211 0.9825 0.1416
vn -0.1214 0.9824 0.1420
vn -0.1244 -0.9866 0.1058
vn -0.1249 -0.9865 0.1058
vn -0.1239 -0.9866 0.1058
vn 0.6641 -0.3183 -0.6765
vn 0.6643 -0.3178 -0.6765
vn 0.6642 -0.3181 -0.6765
vn 0.6642 -0.3182 -0.6764
vn 0.5333 -0.6416 -0.5514
vn 0.5333 -0.6416 -0.5513
vn 0.5333 -0.6415 -0.5513
vn 0.5337 -0.6414 -0.5512
vn -0.6272 -0.4683 0.6224
vn -0.6274 -0.4679 0.6225
vn -0.6273 -0.4682 0.6224
vn -0.6621 0.3270 0.6743
vn -0.6620 0.3269 0.6745
vn -0.6621 0.3270 0.6744
vn -0.6622 0.3270 0.6742
vn -0.1466 -0.9810 0.1270
vn -0.1469 -0.9810 0.1271
vn -0.1467 -0.9810 0.1270
vn -0.1464 -0.9810 0.1269
vn 0.6570 -0.3466 -0.6695
vn 0.6571 -0.3467 -0.6694
vn 0.6567 -0.3468 -0.6697
vn 0.6568 -0.3468 -0.6696
vn 0.6907 0.2132 -0.6910
vn 0.6907 0.2134 -0.6909
vn 0.6906 0.2134 -0.6910
vn 0.6903 0.2134 -0.6914
vn 0.5555 -0.6028 -0.5728
vn 0.5552 -0.6030 -0.5729
vn 0.5554 -0.6028 -0.5729
vn -0.6814 -0.2704 0.6801
vn -0.6811 -0.2705 0.6804
vn -0.6813 -0.2703 0.6803
vn 0.5183 -0.6655 -0.5371
vn 0.5185 -0.6655 -0.5369
vn 0.5186 -0.6655 -0.5368
vn 0.5184 -0.6654 -0.5371
vn 0.6750 -0.2723 -0.6857
vn 0.6749 -0.2723 -0.6858
vn 0.6750 -0.2723 -0.6858
vn 0.6750 -0.2724 -0.6857
vn 0.0517 -0.9959 -0.0749
vn 0.0510 -0.9959 -0.0745
vn 0.0514 -0.9959 -0.0746
vn 0.0518 -0.9958 -0.0750
vn 0.7025 -0.0702 -0.7083
vn 0.7022 -0.0698 -0.7086
vn 0.7023 -0.0699 -0.7085
vn 0.7024 -0.0701 -0.7084
vn 0.7176 0.0072 0.6964
vn 0.7176 0.0071 0.6965
vn 0.7173 0.0069 0.6967
vn 0.7176 0.0071 0.6964
vn 0.7179 0.0072 0.6961
vn 0.7177 0.0070 0.6963
vn 0.7178 0.0070 0.6963
vn 0.7179 0.0071 0.6961
vn 0.7177 0.0069 0.6963
vn 0.7174 0.0071 0.6966
vn 0.7175 0.0071 0.6965
vn 0.7177 0.0068 0.6963
vn 0.7178 0.0070 0.6962
vn 0.7177 0.0072 0.6963
vn 0.7177 0.0073 0.6964
vn 0.7177 0.0072 0.6964
vn 0.7175 0.0072 0.6965
vn 0.7177 0.0071 0.6963
vn 0.7179 0.0069 0.6961
vn 0.7178 0.0069 0.6962
vn 0.7179 0.0070 0.6961
vn 0.7180 0.0071 0.6960
vn 0.7180 0.0072 0.6960
vn 0.7182 0.0073 0.6958
vn -0.7169 -0.0071 -0.6971
vn -0.7169 -0.0071 -0.6972
vn -0.7166 -0.0075 -0.6975
vn -0.7167 -0.0070 -0.6974
vn -0.7170 -0.0070 -0.6970
vn -0.7170 -0.0071 -0.6970
vn -0.7171 -0.0071 -0.6969
vn -0.7170 -0.0072 -0.6970
vn -0.7170 -0.0072 -0.6971
vn -0.7169 -0.0072 -0.6971
vn -0.7171 -0.0072 -0.6969
vn -0.7171 -0.0071 -0.6970
vn -0.7172 -0.0072 -0.6969
vn -0.7171 -0.0074 -0.6969
vn -0.7169 -0.0073 -0.6972
vn -0.7170 -0.0071 -0.6971
vn -0.7170 -0.0068 -0.6971
vn -0.7173 -0.0073 -0.6968
vn -0.7168 -0.0071 -0.6972
vn -0.7169 -0.0075 -0.6971
vn -0.7168 -0.0072 -0.6972
vn -0.7168 -0.0073 -0.6973
vn -0.7170 -0.0073 -0.6970
vn -0.7172 -0.0073 -0.6968
vn -0.7171 -0.0073 -0.6970
vn -0.5893 0.5332 0.6071
vn -0.5888 0.5335 0.6072
vn -0.5887 0.5336 0.6072
vn -0.5890 0.5333 0.6071
vn -0.7065 0.0238 0.7073
vn -0.7064 0.0232 0.7074
vn -0.7064 0.0236 0.7074
vn -0.6082 0.4894 0.6250
vn -0.6083 0.4894 0.6248
vn -0.6083 0.4894 0.6249
vn -0.6080 0.4895 0.6251
vn -0.7004 0.1177 0.7039
vn -0.7000 0.1177 0.7043
vn -0.7003 0.1176 0.7041
vn 0.1696 0.9760 -0.1367
vn 0.1699 0.9759 -0.1368
vn 0.6528 0.4059 -0.6396
vn 0.6528 0.4060 -0.6395
vn 0.6529 0.4059 -0.6395
vn 0.6530 0.4060 -0.6394
vn 0.6281 0.4803 -0.6122
vn 0.6280 0.4804 -0.6122
vn 0.6281 0.4804 -0.6122
vn -0.2101 0.9474 0.2416
vn -0.2104 0.9474 0.2413
vn -0.2097 0.9475 0.2415
vn -0.2099 0.9474 0.2418
vn -0.6942 0.1668 0.7002
vn -0.6940 0.1670 0.7004
vn -0.6943 0.1668 0.7001
vn -0.5883 -0.5741 0.5696
vn -0.5882 -0.5739 0.5698
vn -0.5881 -0.5740 0.5698
vn -0.5884 -0.5740 0.5695
vn -0.6837 0.2325 0.6918
vn -0.6835 0.2325 0.6919
vn -0.6836 0.2325 0.6918
vn -0.5865 -0.5772 0.5682
vn -0.5865 -0.5770 0.5684
vn -0.5865 -0.5771 0.5683
vn -0.0607 -0.9978 0.0266
vn -0.0609 -0.9978 0.0264
vn -0.0597 -0.9978 0.0272
vn -0.0594 -0.9979 0.0273
vn 0.6520 -0.3650 -0.6645
vn 0.6521 -0.3648 -0.6646
vn 0.6523 -0.3650 -0.6643
vn 0.6524 -0.3648 -0.6643
vn 0.7057 0.0956 -0.7020
vn 0.7057 0.0955 -0.7021
vn 0.7058 0.0958 -0.7019
vn -0.3477 -0.8825 0.3167
vn -0.3481 -0.8824 0.3165
vn -0.3479 -0.8824 0.3166
vn -0.3476 -0.8826 0.3165
vn 0.6798 -0.2536 -0.6881
vn 0.6797 -0.2536 -0.6883
vn 0.6795 -0.2536 -0.6884
vn 0.6798 -0.2537 -0.6882
vn -0.0098 -0.9996 -0.0255
vn -0.0101 -0.9996 -0.0254
vn -0.0100 -0.9996 -0.0255
vn -0.0097 -0.9996 -0.0256
vn 0.7056 0.0993 -0.7016
vn 0.7057 0.0994 -0.7015
vn 0.7056 0.0995 -0.7015
vn 0.7056 0.0992 -0.7016
vn 0.4285 0.8104 -0.3997
vn 0.4287 0.8102 -0.3997
vn 0.4285 0.8103 -0.3997
vn 0.4287 0.8104 -0.3994
vn 0.5889 -0.5332 -0.6073
vn 0.5889 -0.5333 -0.6073
vn 0.5888 -0.5334 -0.6073
vn 0.6717 0.3382 -0.6591
vn 0.6718 0.3373 -0.6595
vn 0.6717 0.3374 -0.6595
vn 0.6718 0.3378 -0.6593
vn 0.2474 0.9450 -0.2137
vn 0.2474 0.9450 -0.2138
vn 0.2474 0.9451 -0.2137
vn 0.6351 0.4634 -0.6180
vn 0.6349 0.4633 -0.6183
vn 0.6349 0.4633 -0.6182
vn 0.6350 0.4633 -0.6182
vn -0.4470 0.7590 0.4735
vn -0.4469 0.7591 0.4733
vn -0.4469 0.7591 0.4734
vn -0.4471 0.7589 0.4735
vn -0.2704 0.9140 0.3023
vn -0.2707 0.9140 0.3023
vn -0.2705 0.9140 0.3023
vn -0.2704 0.9140 0.3024
vn -0.6217 0.4547 0.6378
vn -0.6217 0.4548 0.6377
vn -0.6217 0.4546 0.6378
vn 0.0170 0.9997 0.0177
vn 0.0174 0.9997 0.0175
vn 0.0171 0.9997 0.0175
vn 0.6513 0.4126 -0.6368
vn 0.6512 0.4125 -0.6370
vn 0.6513 0.4124 -0.6369
vn 0.6514 0.4128 -0.6367
vn 0.6765 -0.2683 -0.6858
vn 0.6766 -0.2682 -0.6858
vn 0.6780 0.3088 -0.6671
vn 0.6780 0.3087 -0.6671
vn 0.6779 0.3089 -0.6670
vn 0.2423 -0.9306 -0.2744
vn 0.2421 -0.9307 -0.2743
vn 0.2419 -0.9308 -0.2742
vn 0.2423 -0.9306 -0.2745
vn 0.6958 -0.1570 -0.7009
vn 0.6957 -0.1573 -0.7009
vn 0.6957 -0.1572 -0.7009
vn 0.6960 -0.1566 -0.7008
vn 0.5568 -0.5972 -0.5774
vn 0.5567 -0.5974 -0.5773
vn 0.5567 -0.5973 -0.5773
vn 0.7056 0.0957 -0.7021
vn 0.7057 0.0958 -0.7020
vn 0.6117 0.5235 -0.5931
vn 0.6114 0.5237 -0.5932
vn 0.6118 0.5234 -0.5931
vn 0.6117 0.5236 -0.5931
vn 0.5821 -0.5478 -0.6009
vn 0.5816 -0.5485 -0.6007
vn 0.5818 -0.5485 -0.6006
vn 0.5052 0.7172 -0.4800
vn 0.5052 0.7171 -0.4800
vn 0.0011 0.9994 0.0337
vn 0.0013 0.9994 0.0333
vn 0.0013 0.9994 0.0335
vn 0.0012 0.9994 0.0335
vn -0.2880 0.9028 0.3193
vn -0.2879 0.9030 0.3189
vn -0.2884 0.9027 0.3194
vn -0.2881 0.9028 0.3194
vn -0.6369 -0.4568 0.6210
vn -0.6368 -0.4572 0.6208
vn -0.6369 -0.4573 0.6207
vn 0.7165 0.0074 0.6976
vn 0.7166 0.0074 0.6975
vn 0.7167 0.0072 0.6973
vn 0.7166 0.0072 0.6974
vn 0.7167 0.0073 0.6974
vn 0.7166 0.0073 0.6974
vn 0.7165 0.0075 0.6976
vn 0.7164 0.0075 0.6977
vn 0.7167 0.0074 0.6974
vn 0.7169 0.0072 0.6972
vn 0.7168 0.0071 0.6972
vn 0.7170 0.0073 0.6971
vn 0.7165 0.0073 0.6975
vn 0.7166 0.0070 0.6974
vn 0.7169 0.0069 0.6971
vn 0.7169 0.0070 0.6971
vn 0.7167 0.0068 0.6973
vn 0.7167 0.0068 0.6974
vn 0.7168 0.0074 0.6972
vn 0.7165 0.0067 0.6975
vn 0.7169 0.0072 0.6971
vn 0.7169 0.0081 0.6971
vn 0.7167 0.0073 0.6973
vn 0.7168 0.0073 0.6972
vn 0.7168 0.0071 0.6973
vn 0.7169 0.0071 0.6972
vn 0.7168 0.0072 0.6972
vn 0.7165 0.0072 0.6975
vn 0.7165 0.0088 0.6975
vn 0.7166 0.0100 0.6974
vn 0.7165 0.0076 0.6975
vn 0.7166 0.0074 0.6974
vn 0.7165 0.0072 0.6976
vn -0.7156 -0.0077 -0.6985
vn -0.7155 -0.0074 -0.6986
vn -0.7157 -0.0075 -0.6983
vn -0.7157 -0.0076 -0.6984
vn -0.7158 -0.0076 -0.6983
vn -0.7155 -0.0075 -0.6985
vn -0.7154 -0.0076 -0.6987
vn -0.7157 -0.0077 -0.6983
vn -0.7160 -0.0071 -0.6980
vn -0.7161 -0.0072 -0.6980
vn -0.7157 -0.0075 -0.6984
vn -0.7156 -0.0075 -0.6984
vn -0.7158 -0.0071 -0.6982
vn -0.7163 -0.0072 -0.6978
vn -0.7162 -0.0071 -0.6979
vn -0.7160 -0.0072 -0.6980
vn -0.7160 -0.0070 -0.6981
vn -0.7159 -0.0074 -0.6981
vn -0.7161 -0.0073 -0.6980
vn -0.7157 -0.0072 -0.6983
vn -0.7161 -0.0085 -0.6979
vn -0.7159 -0.0073 -0.6982
vn -0.7159 -0.0073 -0.6981
vn -0.7160 -0.0072 -0.6981
vn -0.7159 -0.0071 -0.6981
vn -0.7157 -0.0073 -0.6984
vn -0.7158 -0.0072 -0.6982
vn -0.7161 -0.0076 -0.6980
vn -0.7158 -0.0094 -0.6983
vn -0.7158 -0.0106 -0.6983
vn -0.7155 -0.0073 -0.6985
vn -0.7157 -0.0074 -0.6984
vn 0.2024 0.9595 -0.1958
vn 0.2029 0.9593 -0.1963
vn 0.2026 0.9594 -0.1960
vn 0.2023 0.9596 -0.1957
vn 0.5611 0.6070 -0.5627
vn 0.5611 0.6070 -0.5628
vn 0.5611 0.6071 -0.5628
vn 0.5610 0.6072 -0.5627
vn 0.0765 0.9947 -0.0681
vn 0.0767 0.9947 -0.0687
vn 0.0766 0.9947 -0.0685
vn 0.0764 0.9948 -0.0679
vn 0.2743 0.9231 -0.2696
vn 0.2749 0.9227 -0.2702
vn 0.2748 0.9228 -0.2701
vn 0.2742 0.9232 -0.2695
vn -0.4254 0.7921 0.4377
vn -0.4254 0.7922 0.4375
vn -0.4251 0.7922 0.4378
vn -0.4252 0.7920 0.4381
vn -0.6342 0.4241 0.6465
vn -0.6346 0.4238 0.6463
vn -0.6342 0.4240 0.6465
vn -0.4686 0.7409 0.4812
vn -0.4689 0.7409 0.4809
vn -0.4690 0.7406 0.4812
vn 0.3275 0.8867 -0.3263
vn 0.3276 0.8867 -0.3262
vn 0.3276 0.8868 -0.3259
vn -0.6299 0.4372 0.6420
vn -0.6301 0.4367 0.6421
vn -0.6300 0.4370 0.6419
vn -0.6300 0.4368 0.6421
vn -0.6887 -0.1986 0.6973
vn -0.6888 -0.1986 0.6972
vn -0.6889 -0.1985 0.6971
vn -0.6885 -0.1986 0.6975
vn -0.6676 0.3048 0.6793
vn -0.6677 0.3045 0.6794
vn -0.6678 0.3042 0.6794
vn -0.6469 -0.3929 0.6536
vn -0.6469 -0.3927 0.6536
vn -0.6469 -0.3928 0.6536
vn -0.1659 -0.9729 0.1613
vn -0.1662 -0.9728 0.1612
vn -0.1655 -0.9729 0.1613
vn 0.5105 -0.6821 -0.5235
vn 0.5106 -0.6822 -0.5234
vn 0.6964 -0.1209 -0.7074
vn 0.6966 -0.1209 -0.7072
vn 0.6963 -0.1209 -0.7075
vn 0.3840 -0.8342 -0.3959
vn 0.3834 -0.8345 -0.3957
vn 0.3835 -0.8344 -0.3958
vn 0.3843 -0.8340 -0.3959
vn -0.6701 0.2926 0.6822
vn -0.6703 0.2926 0.6820
vn -0.6701 0.2926 0.6821
vn -0.5791 0.5601 0.5923
vn -0.5795 0.5601 0.5920
vn -0.5794 0.5601 0.5921
vn -0.5794 0.5599 0.5922
vn -0.1424 -0.9804 0.1365
vn -0.1426 -0.9803 0.1366
vn -0.1425 -0.9803 0.1365
vn -0.1423 -0.9804 0.1364
vn 0.6671 -0.3060 -0.6792
vn 0.6671 -0.3063 -0.6791
vn 0.6670 -0.3065 -0.6791
vn 0.6671 -0.3059 -0.6793
vn 0.6363 -0.4169 -0.6490
vn 0.6365 -0.4169 -0.6489
vn 0.6363 -0.4169 -0.6491
vn 0.6361 -0.4170 -0.6492
vn 0.6572 0.3583 -0.6631
vn 0.6569 0.3585 -0.6633
vn 0.6571 0.3584 -0.6632
vn 0.6574 0.3582 -0.6630
vn 0.7013 0.0569 -0.7106
vn 0.7013 0.0572 -0.7106
vn 0.7013 0.0571 -0.7106
vn 0.7013 0.0568 -0.7106
vn 0.4793 -0.7266 -0.4922
vn 0.4793 -0.7269 -0.4919
vn 0.4793 -0.7268 -0.4920
vn 0.4790 -0.7269 -0.4921
vn -0.4255 -0.7994 0.4241
vn -0.4257 -0.7993 0.4242
vn -0.4254 -0.7994 0.4242
vn 0.5387 -0.6365 -0.5519
vn 0.5387 -0.6367 -0.5517
vn 0.5387 -0.6367 -0.5518
vn 0.5387 -0.6365 -0.5520
vn 0.4223 -0.7950 -0.4354
vn 0.4217 -0.7953 -0.4354
vn 0.4218 -0.7953 -0.4354
vn 0.4220 -0.7952 -0.4354
vn 0.6764 -0.2633 -0.6879
vn 0.6763 -0.2631 -0.6880
vn 0.6759 -0.2634 -0.6883
vn 0.7156 0.0093 0.6985
vn 0.7155 0.0096 0.6986
vn 0.7155 0.0095 0.6985
vn 0.7154 0.0094 0.6986
vn 0.7157 0.0092 0.6984
vn 0.7156 0.0092 0.6985
vn 0.7147 0.0093 0.6994
vn 0.7149 0.0095 0.6992
vn 0.7151 0.0093 0.6990
vn 0.7151 0.0091 0.6989
vn 0.7158 0.0092 0.6983
vn 0.7159 0.0093 0.6981
vn 0.7156 0.0092 0.6984
vn 0.7160 0.0092 0.6980
vn 0.7161 0.0089 0.6980
vn 0.7157 0.0091 0.6984
vn 0.7155 0.0091 0.6986
vn 0.7152 0.0095 0.6989
vn 0.7154 0.0095 0.6987
vn 0.7153 0.0097 0.6988
vn 0.7154 0.0092 0.6986
vn 0.7152 0.0094 0.6989
vn 0.7153 0.0093 0.6988
vn 0.7155 0.0093 0.6986
vn 0.7155 0.0092 0.6985
vn 0.7155 0.0092 0.6986
vn 0.7157 0.0091 0.6983
vn 0.7157 0.0089 0.6983
vn -0.7154 -0.0092 -0.6986
vn -0.7155 -0.0092 -0.6986
vn -0.7154 -0.0092 -0.6987
vn -0.7159 -0.0092 -0.6982
vn -0.7154 -0.0093 -0.6986
vn -0.7155 -0.0094 -0.6986
vn -0.7150 -0.0094 -0.6990
vn -0.7151 -0.0092 -0.6990
vn -0.7152 -0.0091 -0.6989
vn -0.7152 -0.0092 -0.6989
vn -0.7159 -0.0093 -0.6981
vn -0.7158 -0.0092 -0.6982
vn -0.7158 -0.0092 -0.6983
vn -0.7158 -0.0091 -0.6983
vn -0.7159 -0.0091 -0.6981
vn -0.7156 -0.0093 -0.6985
vn -0.7154 -0.0094 -0.6987
vn -0.7155 -0.0098 -0.6986
vn -0.7151 -0.0094 -0.6989
vn -0.7153 -0.0093 -0.6987
vn -0.7156 -0.0092 -0.6985
vn -0.7155 -0.0091 -0.6985
vn -0.7156 -0.0091 -0.6984
vn -0.7157 -0.0092 -0.6984
vn -0.7157 -0.0092 -0.6983
vn -0.0421 0.9974 0.0589
vn -0.0419 0.9974 0.0585
vn -0.0420 0.9974 0.0586
vn -0.0421 0.9974 0.0590
vn 0.6017 0.5134 -0.6118
vn 0.6017 0.5135 -0.6118
vn 0.6020 0.5135 -0.6115
vn 0.6017 0.5135 -0.6117
vn -0.5060 0.6794 0.5314
vn -0.5060 0.6795 0.5313
vn -0.5061 0.6796 0.5311
vn 0.1500 0.9788 -0.1397
vn 0.1504 0.9786 -0.1402
vn 0.1505 0.9786 -0.1404
vn 0.1502 0.9787 -0.1398
vn -0.6538 0.3353 0.6783
vn -0.6538 0.3351 0.6784
vn -0.6538 0.3350 0.6785
vn -0.6537 0.3353 0.6784
vn -0.2834 -0.9179 0.2779
vn -0.2837 -0.9175 0.2787
vn -0.2837 -0.9176 0.2786
vn -0.2833 -0.9179 0.2778
vn -0.5053 0.6808 0.5303
vn -0.5053 0.6807 0.5303
vn -0.5051 0.6808 0.5305
vn -0.5939 0.5134 0.6195
vn -0.5937 0.5135 0.6195
vn -0.5939 0.5135 0.6194
vn -0.3615 0.8494 0.3846
vn -0.3615 0.8495 0.3844
vn -0.3615 0.8494 0.3845
vn -0.3617 0.8492 0.3848
vn -0.5154 0.6654 0.5400
vn -0.5154 0.6655 0.5398
vn -0.5153 0.6654 0.5401
vn 0.6046 0.5040 -0.6168
vn 0.6046 0.5039 -0.6169
vn -0.4970 0.6934 0.5218
vn -0.4972 0.6936 0.5213
vn -0.4968 0.6936 0.5216
vn -0.4970 0.6933 0.5218
vn -0.6538 0.3357 0.6781
vn -0.6535 0.3355 0.6785
vn -0.6537 0.3356 0.6783
vn -0.6536 0.3355 0.6784
vn -0.1572 -0.9763 0.1488
vn -0.1576 -0.9762 0.1487
vn -0.1565 -0.9764 0.1488
vn -0.1564 -0.9764 0.1491
vn 0.6923 0.1159 -0.7122
vn 0.6924 0.1160 -0.7122
vn 0.6924 0.1159 -0.7122
vn 0.6922 0.1160 -0.7123
vn 0.5249 -0.6497 -0.5500
vn 0.5248 -0.6496 -0.5501
vn 0.5250 -0.6494 -0.5501
vn 0.5245 -0.6495 -0.5505
vn -0.6649 0.2870 0.6895
vn -0.6652 0.2869 0.6893
vn -0.6651 0.2870 0.6894
vn -0.6648 0.2871 0.6896
vn -0.1378 -0.9821 0.1282
vn -0.1383 -0.9820 0.1284
vn -0.1382 -0.9820 0.1284
vn -0.1377 -0.9822 0.1281
vn 0.6283 -0.4218 -0.6537
vn 0.6282 -0.4219 -0.6538
vn 0.6284 -0.4219 -0.6536
vn 0.6282 -0.4217 -0.6539
vn 0.5795 -0.5457 -0.6053
vn 0.5796 -0.5458 -0.6052
vn 0.5794 -0.5458 -0.6053
vn 0.6919 -0.1022 -0.7148
vn 0.6919 -0.1019 -0.7147
vn 0.6922 -0.1018 -0.7144
vn 0.6920 -0.1020 -0.7146
vn 0.6666 0.3007 -0.6821
vn 0.6666 0.3006 -0.6821
vn 0.6417 -0.3792 -0.6666
vn 0.6415 -0.3792 -0.6668
vn 0.6416 -0.3792 -0.6667
vn 0.6416 -0.3793 -0.6667
vn 0.3706 -0.8408 -0.3947
vn 0.3703 -0.8409 -0.3947
vn 0.3704 -0.8408 -0.3947
vn 0.3707 -0.8407 -0.3947
vn 0.2276 -0.9413 -0.2492
vn 0.2269 -0.9416 -0.2489
vn 0.2270 -0.9415 -0.2490
vn 0.2278 -0.9413 -0.2492
vn 0.5312 -0.6383 -0.5572
vn 0.5313 -0.6383 -0.5570
vn 0.5312 -0.6383 -0.5571
vn 0.5313 -0.6382 -0.5572
vn 0.6967 0.0009 -0.7174
vn 0.6967 0.0010 -0.7173
vn 0.6967 0.0010 -0.7174
vn 0.6968 0.0010 -0.7173
vn 0.1795 0.9691 -0.1692
vn 0.1799 0.9689 -0.1698
vn 0.1798 0.9690 -0.1696
vn 0.1795 0.9691 -0.1691
vn 0.5824 0.5584 -0.5908
vn 0.5825 0.5579 -0.5910
vn 0.5826 0.5579 -0.5911
vn 0.5825 0.5583 -0.5908
vn 0.7222 0.0068 0.6916
vn 0.7223 0.0071 0.6916
vn 0.7222 0.0067 0.6916
vn 0.7227 0.0069 0.6911
vn 0.7225 0.0071 0.6913
vn 0.7228 0.0067 0.6910
vn 0.7220 0.0068 0.6919
vn 0.7219 0.0066 0.6920
vn 0.7221 0.0063 0.6918
vn 0.7226 0.0068 0.6912
vn 0.7224 0.0069 0.6915
vn 0.7225 0.0068 0.6913
vn 0.7225 0.0070 0.6914
vn 0.7226 0.0070 0.6913
vn 0.7226 0.0069 0.6912
vn 0.7227 0.0067 0.6912
vn 0.7226 0.0067 0.6912
vn 0.7227 0.0067 0.6911
vn 0.7228 0.0069 0.6910
vn 0.7225 0.0067 0.6914
vn 0.7227 0.0066 0.6912
vn 0.7228 0.0068 0.6911
vn 0.7229 0.0068 0.6909
vn 0.7229 0.0067 0.6910
vn 0.7229 0.0067 0.6909
vn 0.7229 0.0068 0.6910
vn 0.7231 0.0068 0.6907
vn 0.7230 0.0068 0.6908
vn -0.7222 -0.0068 -0.6917
vn -0.7221 -0.0068 -0.6917
vn -0.7227 -0.0067 -0.6911
vn -0.7225 -0.0068 -0.6913
vn -0.7224 -0.0067 -0.6914
vn -0.7221 -0.0067 -0.6917
vn -0.7220 -0.0068 -0.6919
vn -0.7221 -0.0066 -0.6918
vn -0.7221 -0.0069 -0.6918
vn -0.7222 -0.0068 -0.6916
vn -0.7224 -0.0068 -0.6915
vn -0.7224 -0.0069 -0.6914
vn -0.7226 -0.0069 -0.6912
vn -0.7224 -0.0067 -0.6915
vn -0.7225 -0.0066 -0.6913
vn -0.7224 -0.0068 -0.6914
vn -0.7225 -0.0069 -0.6913
vn -0.7223 -0.0066 -0.6915
vn -0.7223 -0.0068 -0.6915
vn -0.7225 -0.0068 -0.6914
vn -0.7226 -0.0067 -0.6913
vn -0.7226 -0.0067 -0.6912
vn -0.7227 -0.0067 -0.6912
vn -0.7227 -0.0066 -0.6911
vn -0.4826 0.7024 0.5232
vn -0.4825 0.7026 0.5231
vn -0.4823 0.7026 0.5232
vn -0.3180 0.8783 0.3569
vn -0.3180 0.8784 0.3567
vn -0.3177 0.8786 0.3567
vn -0.3182 0.8782 0.3570
vn -0.6552 0.3052 0.6911
vn -0.6553 0.3052 0.6910
vn -0.6552 0.3051 0.6911
vn -0.6551 0.3055 0.6910
vn -0.6281 0.4024 0.6660
vn -0.6280 0.4025 0.6660
vn -0.6282 0.4022 0.6660
vn -0.3781 0.8262 0.4176
vn -0.3784 0.8262 0.4174
vn -0.3785 0.8261 0.4175
vn -0.3784 0.8260 0.4177
vn 0.5277 0.6625 -0.5316
vn 0.5280 0.6622 -0.5318
vn 0.5280 0.6623 -0.5316
vn 0.5280 0.6626 -0.5312
vn -0.3848 0.8199 0.4239
vn -0.3848 0.8200 0.4238
vn -0.3848 0.8200 0.4237
vn -0.3849 0.8198 0.4239
vn -0.6703 0.2308 0.7053
vn -0.6704 0.2310 0.7052
vn -0.6703 0.2309 0.7053
vn -0.6703 0.2306 0.7054
vn -0.6894 -0.1102 0.7159
vn -0.6892 -0.1103 0.7161
vn -0.6897 -0.1102 0.7157
vn -0.6896 -0.1101 0.7157
vn -0.6870 0.1051 0.7190
vn -0.6869 0.1051 0.7191
vn -0.1082 -0.9905 0.0850
vn -0.1084 -0.9905 0.0850
vn -0.1080 -0.9905 0.0851
vn -0.1075 -0.9905 0.0852
vn 0.5848 0.5527 -0.5937
vn 0.5847 0.5526 -0.5940
vn 0.5847 0.5527 -0.5938
vn 0.5848 0.5528 -0.5936
vn 0.3292 0.8890 -0.3181
vn 0.3294 0.8890 -0.3179
vn 0.3293 0.8891 -0.3180
vn 0.3295 0.8890 -0.3180
vn 0.6182 -0.4330 -0.6560
vn 0.6181 -0.4331 -0.6560
vn 0.6179 -0.4332 -0.6561
vn -0.3069 -0.9053 0.2936
vn -0.3073 -0.9051 0.2938
vn 0.0684 -0.9927 -0.0997
vn 0.0688 -0.9926 -0.0998
vn -0.6553 -0.3435 0.6727
vn -0.6567 -0.3384 0.6740
vn -0.6917 -0.0761 0.7182
vn -0.6916 -0.0755 0.7184
vn -0.6928 -0.0111 0.7210
vn -0.6927 -0.0104 0.7211
vn -0.6922 0.0191 0.7215
vn -0.6922 0.0195 0.7215
vn -0.6915 0.0359 0.7214
vn -0.6915 0.0358 0.7215
vn -0.6913 0.0457 0.7211
vn -0.6912 0.0459 0.7212
vn -0.6920 0.0280 0.7214
vn -0.6920 0.0282 0.7213
vn -0.6928 -0.0148 0.7210
vn -0.6928 -0.0150 0.7210
vn -0.6926 -0.0455 0.7199
vn -0.6925 -0.0467 0.7199
vn -0.6922 -0.0609 0.7191
vn -0.6922 -0.0613 0.7191
vn -0.6919 -0.0698 0.7186
vn -0.6919 -0.0699 0.7186
vn -0.6918 -0.0751 0.7182
vn -0.6918 -0.0752 0.7182
vn -0.6917 -0.0774 0.7180
vn -0.6914 -0.0775 0.7183
vn -0.6917 -0.0784 0.7179
vn -0.6916 -0.0783 0.7180
vn -0.1037 -0.9914 0.0794
vn -0.1040 -0.9914 0.0794
vn -0.1038 -0.9914 0.0794
vn -0.1036 -0.9915 0.0793
vn 0.6503 0.3655 -0.6660
vn 0.6502 0.3657 -0.6660
vn 0.6502 0.3656 -0.6660
vn 0.6856 -0.1238 -0.7174
vn 0.6857 -0.1237 -0.7173
vn 0.6857 -0.1236 -0.7174
vn 0.6179 -0.4339 -0.6557
vn 0.6178 -0.4338 -0.6559
vn 0.6178 -0.4340 -0.6558
vn 0.6376 0.4105 -0.6519
vn 0.6376 0.4103 -0.6520
vn 0.6376 0.4104 -0.6519
vn 0.6377 0.4106 -0.6517
vn 0.6188 -0.4308 -0.6569
vn 0.6191 -0.4307 -0.6567
vn 0.6189 -0.4308 -0.6568
vn -0.5502 -0.6249 0.5539
vn -0.5503 -0.6247 0.5540
vn -0.5502 -0.6248 0.5540
vn -0.5504 -0.6247 0.5539
vn 0.6027 -0.4744 -0.6416
vn 0.6028 -0.4743 -0.6415
vn 0.6027 -0.4744 -0.6417
vn 0.6030 -0.4742 -0.6415
vn 0.1974 -0.9520 -0.2339
vn 0.1974 -0.9521 -0.2338
vn 0.1971 -0.9521 -0.2339
vn 0.1972 -0.9520 -0.2342
vn 0.6759 -0.2018 -0.7088
vn 0.6758 -0.2018 -0.7089
vn 0.6758 -0.2020 -0.7089
vn 0.6911 0.0999 -0.7158
vn 0.6912 0.1002 -0.7157
vn 0.6912 0.1000 -0.7158
vn 0.2837 0.9210 -0.2669
vn 0.2840 0.9208 -0.2675
vn 0.2840 0.9207 -0.2675
vn 0.2836 0.9211 -0.2668
vn -0.3434 0.8576 0.3830
vn -0.3434 0.8575 0.3832
vn -0.3433 0.8575 0.3832
vn -0.3436 0.8573 0.3834
vn 0.6761 0.2418 -0.6960
vn 0.6763 0.2421 -0.6957
vn 0.6760 0.2421 -0.6960
vn 0.6762 0.2417 -0.6960
vn 0.2206 0.9545 -0.2008
vn 0.2213 0.9542 -0.2012
vn 0.2212 0.9543 -0.2012
vn 0.2205 0.9545 -0.2007
vn 0.6760 0.2430 -0.6957
vn 0.6759 0.2429 -0.6958
vn 0.6759 0.2428 -0.6959
vn 0.6761 0.2428 -0.6957
vn -0.4034 0.8004 0.4434
vn -0.4030 0.8007 0.4433
vn -0.4035 0.8004 0.4433
vn -0.4031 0.8005 0.4434
vn 0.7293 0.0038 0.6841
vn 0.7292 0.0038 0.6843
vn 0.7293 0.0040 0.6842
vn 0.7293 0.0037 0.6842
vn 0.7289 0.0043 0.6846
vn 0.7292 0.0039 0.6842
vn 0.7291 0.0040 0.6844
vn 0.7293 0.0038 0.6842
vn 0.7291 0.0040 0.6843
vn 0.7292 0.0040 0.6843
vn 0.7291 0.0042 0.6844
vn 0.7294 0.0040 0.6841
vn 0.7294 0.0039 0.6841
vn 0.7294 0.0038 0.6840
vn 0.7295 0.0038 0.6840
vn 0.7294 0.0038 0.6841
vn 0.7292 0.0039 0.6843
vn 0.7292 0.0038 0.6842
vn 0.7294 0.0036 0.6841
vn 0.7292 0.0037 0.6843
vn 0.7293 0.0039 0.6842
vn 0.7291 0.0037 0.6844
vn 0.7293 0.0036 0.6841
vn -0.7286 -0.0041 -0.6849
vn -0.7287 -0.0040 -0.6848
vn -0.7287 -0.0037 -0.6848
vn -0.7286 -0.0039 -0.6850
vn -0.7283 -0.0041 -0.6853
vn -0.7284 -0.0041 -0.6852
vn -0.7284 -0.0041 -0.6851
vn -0.7285 -0.0039 -0.6850
vn -0.7286 -0.0038 -0.6849
vn -0.7284 -0.0042 -0.6852
vn -0.7285 -0.0040 -0.6851
vn -0.7283 -0.0041 -0.6852
vn -0.7286 -0.0039 -0.6849
vn -0.7287 -0.0039 -0.6848
vn -0.7285 -0.0036 -0.6851
vn -0.7287 -0.0039 -0.6849
vn -0.7285 -0.0039 -0.6851
vn -0.7286 -0.0041 -0.6850
vn -0.7285 -0.0038 -0.6851
vn -0.7283 -0.0042 -0.6852
vn -0.7285 -0.0040 -0.6850
vn -0.7285 -0.0041 -0.6850
vn -0.7288 -0.0037 -0.6848
vn -0.7288 -0.0037 -0.6847
vn -0.7287 -0.0038 -0.6848
vn -0.7288 -0.0038 -0.6847
vn -0.7282 -0.0039 -0.6854
vn -0.7286 -0.0038 -0.6850
vn -0.7283 -0.0039 -0.6852
vn -0.7284 -0.0039 -0.6851
vn -0.7286 -0.0040 -0.6849
vn -0.6509 -0.3892 0.6518
vn -0.6511 -0.3889 0.6517
vn -0.6507 -0.3892 0.6520
vn -0.6510 -0.3892 0.6517
vn -0.5338 0.6295 0.5646
vn -0.5340 0.6294 0.5646
vn -0.5339 0.6294 0.5646
vn -0.5338 0.6296 0.5645
vn -0.6378 0.3916 0.6632
vn -0.6377 0.3918 0.6631
vn -0.6378 0.3919 0.6631
vn -0.6379 0.3915 0.6632
vn -0.2048 0.9492 0.2387
vn -0.2043 0.9494 0.2386
vn -0.2047 0.9493 0.2386
vn -0.2049 0.9492 0.2387
vn -0.6889 -0.2013 0.6964
vn -0.6888 -0.2014 0.6965
vn -0.6886 -0.2011 0.6967
vn -0.6889 -0.2014 0.6964
vn -0.5298 0.6362 0.5608
vn -0.5298 0.6363 0.5607
vn -0.5301 0.6361 0.5607
vn -0.5296 0.6363 0.5609
vn -0.6214 0.4404 0.6480
vn -0.6215 0.4402 0.6480
vn -0.6214 0.4403 0.6481
vn -0.6548 -0.3743 0.6566
vn -0.6547 -0.3744 0.6566
vn -0.6548 -0.3742 0.6567
vn -0.6548 -0.3741 0.6567
vn -0.6497 0.3519 0.6738
vn -0.6497 0.3518 0.6739
vn -0.6495 0.3520 0.6740
vn -0.6496 0.3520 0.6739
vn -0.4111 0.7964 0.4437
vn -0.4109 0.7965 0.4435
vn -0.4107 0.7965 0.4438
vn -0.4108 0.7964 0.4439
vn -0.0826 -0.9951 0.0537
vn -0.0829 -0.9951 0.0536
vn -0.0823 -0.9952 0.0538
vn -0.0820 -0.9952 0.0538
vn 0.6363 -0.3967 -0.6617
vn 0.6364 -0.3967 -0.6616
vn 0.6363 -0.3967 -0.6616
vn 0.6362 -0.3968 -0.6617
vn -0.0352 -0.9994 0.0041
vn -0.0352 -0.9994 0.0042
vn -0.0354 -0.9994 0.0041
vn -0.0350 -0.9994 0.0040
vn -0.7002 -0.0089 0.7139
vn -0.7001 -0.0089 0.7140
vn -0.7000 -0.0089 0.7141
vn -0.7002 -0.0088 0.7139
vn -0.6784 -0.2703 0.6831
vn -0.6785 -0.2703 0.6831
vn -0.6781 -0.2702 0.6835
vn -0.6782 -0.2702 0.6834
vn -0.1771 0.9613 0.2110
vn -0.1773 0.9613 0.2109
vn -0.1773 0.9613 0.2111
vn -0.1774 0.9612 0.2113
vn -0.0804 -0.9955 0.0498
vn -0.0806 -0.9955 0.0497
vn -0.0800 -0.9955 0.0500
vn -0.0798 -0.9956 0.0501
vn 0.2377 0.9480 -0.2117
vn 0.2378 0.9479 -0.2119
vn 0.2376 0.9481 -0.2115
vn 0.6720 0.3041 -0.6753
vn 0.6719 0.3039 -0.6754
vn 0.6718 0.3038 -0.6755
vn 0.6718 0.3039 -0.6755
vn 0.6750 -0.2453 -0.6959
vn 0.6748 -0.2454 -0.6960
vn 0.6747 -0.2454 -0.6961
vn 0.6749 -0.2452 -0.6959
vn 0.6766 0.2801 -0.6810
vn 0.6768 0.2800 -0.6808
vn 0.6767 0.2802 -0.6809
vn 0.4321 -0.7723 -0.4657
vn 0.4320 -0.7723 -0.4658
vn 0.4320 -0.7722 -0.4658
vn 0.4322 -0.7721 -0.4658
vn -0.6699 -0.3140 0.6728
vn -0.6699 -0.3139 0.6729
vn -0.6700 -0.3139 0.6727
vn -0.6698 -0.3141 0.6728
vn 0.5219 -0.6491 -0.5534
vn 0.5222 -0.6489 -0.5534
vn 0.5218 -0.6492 -0.5534
vn 0.5221 -0.6491 -0.5533
vn -0.5161 -0.6932 0.5031
vn -0.5161 -0.6933 0.5031
vn -0.5159 -0.6934 0.5031
vn -0.5159 -0.6933 0.5032
vn 0.5779 -0.5456 -0.6070
vn 0.5776 -0.5458 -0.6071
vn 0.5775 -0.5459 -0.6070
vn 0.5779 -0.5455 -0.6070
vn 0.6381 0.4336 -0.6362
vn 0.6382 0.4334 -0.6363
vn 0.6383 0.4334 -0.6361
vn 0.6382 0.4336 -0.6362
vn 0.6890 -0.1570 -0.7076
vn 0.6890 -0.1568 -0.7076
vn 0.6890 -0.1569 -0.7076
vn 0.6524 0.3856 -0.6524
vn 0.6525 0.3856 -0.6523
vn 0.6526 0.3852 -0.6524
vn 0.6524 0.3855 -0.6525
vn 0.1367 0.9848 -0.1068
vn 0.1368 0.9848 -0.1072
vn 0.1368 0.9848 -0.1071
vn -0.2959 0.8960 0.3311
vn -0.2958 0.8961 0.3310
vn -0.2958 0.8962 0.3308
vn -0.2959 0.8960 0.3312
vn 0.5803 0.5790 -0.5727
vn 0.5801 0.5791 -0.5729
vn 0.5801 0.5791 -0.5728
vn 0.5803 0.5791 -0.5727
vn -0.2054 0.9486 0.2407
vn -0.2054 0.9487 0.2405
vn -0.2054 0.9487 0.2404
vn -0.2054 0.9486 0.2408
vn 0.3599 0.8693 -0.3389
vn 0.3601 0.8692 -0.3390
vn 0.3600 0.8692 -0.3389
vn 0.3599 0.8693 -0.3388
vn -0.6206 0.4425 0.6473
vn -0.6205 0.4429 0.6471
vn -0.6206 0.4424 0.6473
vn 0.2179 0.9570 -0.1914
vn 0.2181 0.9569 -0.1916
vn 0.2177 0.9571 -0.1914
vn 0.2179 0.9571 -0.1912
vn -0.6679 0.2785 0.6902
vn -0.6680 0.2781 0.6903
vn -0.6679 0.2783 0.6902
vn -0.6679 0.2786 0.6902
vn 0.7228 0.0055 0.6910
vn 0.7228 0.0051 0.6910
vn 0.7228 0.0053 0.6910
vn 0.7231 0.0050 0.6907
vn 0.7227 0.0050 0.6911
vn 0.7228 0.0049 0.6910
vn 0.7228 0.0051 0.6911
vn 0.7231 0.0049 0.6907
vn 0.7231 0.0051 0.6908
vn 0.7229 0.0051 0.6910
vn 0.7230 0.0051 0.6909
vn 0.7229 0.0051 0.6909
vn 0.7230 0.0051 0.6908
vn 0.7226 0.0051 0.6912
vn 0.7230 0.0052 0.6908
vn 0.7231 0.0051 0.6907
vn 0.7232 0.0049 0.6906
vn 0.7231 0.0047 0.6907
vn 0.7233 0.0048 0.6906
vn 0.7229 0.0049 0.6909
vn 0.7229 0.0049 0.6910
vn 0.7231 0.0050 0.6908
vn 0.7231 0.0048 0.6907
vn 0.7231 0.0049 0.6908
vn 0.7232 0.0051 0.6907
vn 0.7231 0.0053 0.6908
vn -0.7219 -0.0056 -0.6920
vn -0.7219 -0.0058 -0.6919
vn -0.7218 -0.0056 -0.6920
vn -0.7220 -0.0054 -0.6919
vn -0.7223 -0.0051 -0.6916
vn -0.7220 -0.0051 -0.6919
vn -0.7225 -0.0049 -0.6914
vn -0.7224 -0.0048 -0.6914
vn -0.7219 -0.0051 -0.6920
vn -0.7221 -0.0052 -0.6918
vn -0.7221 -0.0051 -0.6917
vn -0.7223 -0.0053 -0.6915
vn -0.7220 -0.0052 -0.6919
vn -0.7222 -0.0052 -0.6917
vn -0.7219 -0.0050 -0.6919
vn -0.7227 -0.0051 -0.6912
vn -0.7223 -0.0052 -0.6916
vn -0.7224 -0.0050 -0.6914
vn -0.7226 -0.0051 -0.6912
vn -0.7222 -0.0051 -0.6917
vn -0.7223 -0.0049 -0.6916
vn -0.7223 -0.0050 -0.6916
vn -0.7220 -0.0052 -0.6918
vn -0.7222 -0.0048 -0.6916
vn -0.7222 -0.0055 -0.6917
vn -0.7221 -0.0051 -0.6918
vn -0.7222 -0.0054 -0.6917
vn 0.2251 0.9458 -0.2341
vn 0.2254 0.9457 -0.2344
vn 0.2253 0.9457 -0.2343
vn 0.2251 0.9458 -0.2340
vn -0.1992 0.9621 0.1863
vn -0.1994 0.9621 0.1862
vn -0.1993 0.9621 0.1862
vn -0.5392 0.6574 0.5264
vn -0.5390 0.6575 0.5265
vn -0.5389 0.6576 0.5266
vn -0.6908 0.2394 0.6822
vn -0.6908 0.2396 0.6822
vn -0.6910 0.2394 0.6821
vn -0.6908 0.2394 0.6823
vn -0.6652 -0.3420 0.6637
vn -0.6653 -0.3419 0.6637
vn -0.6651 -0.3421 0.6637
vn -0.7016 0.1633 0.6936
vn -0.7016 0.1632 0.6936
vn -0.6385 -0.4301 0.6382
vn -0.6387 -0.4301 0.6380
vn -0.6386 -0.4301 0.6381
vn -0.6384 -0.4301 0.6383
vn -0.5420 0.6524 0.5297
vn -0.5418 0.6528 0.5294
vn -0.5418 0.6528 0.5295
vn -0.5421 0.6524 0.5297
vn 0.5207 0.6739 -0.5242
vn 0.5210 0.6734 -0.5244
vn 0.5212 0.6731 -0.5247
vn 0.5208 0.6737 -0.5242
vn -0.2989 0.9105 0.2857
vn -0.2989 0.9106 0.2855
vn -0.2992 0.9104 0.2858
vn -0.5635 0.6155 0.5510
vn -0.5633 0.6156 0.5510
vn -0.5633 0.6156 0.5511
vn -0.5632 0.6157 0.5512
vn -0.6493 0.4127 0.6389
vn -0.6493 0.4127 0.6388
vn -0.6271 0.4769 0.6159
vn -0.6270 0.4768 0.6160
vn -0.6271 0.4768 0.6159
vn -0.6268 0.4770 0.6161
vn -0.1964 -0.9589 0.2050
vn -0.1966 -0.9588 0.2048
vn -0.1957 -0.9589 0.2054
vn -0.1955 -0.9589 0.2055
vn 0.6388 -0.4440 -0.6283
vn 0.6388 -0.4440 -0.6284
vn 0.3610 -0.8649 -0.3488
vn 0.3608 -0.8650 -0.3488
vn 0.3607 -0.8650 -0.3488
vn 0.3609 -0.8649 -0.3488
vn 0.0130 -0.9999 -0.0036
vn 0.0125 -0.9999 -0.0035
vn 0.0128 -0.9999 -0.0035
vn 0.0133 -0.9999 -0.0036
vn -0.6766 -0.3001 0.6724
vn -0.6767 -0.2999 0.6725
vn -0.6767 -0.2998 0.6725
vn -0.6766 -0.3003 0.6723
vn -0.0030 -0.9999 0.0118
vn -0.0035 -0.9999 0.0121
vn -0.0034 -0.9999 0.0121
vn -0.0029 -0.9999 0.0118
vn 0.5587 -0.6229 -0.5476
vn 0.5584 -0.6234 -0.5473
vn 0.5586 -0.6230 -0.5475
vn 0.2989 -0.9097 -0.2882
vn 0.2985 -0.9099 -0.2881
vn 0.2987 -0.9098 -0.2882
vn 0.2992 -0.9096 -0.2882
vn 0.7094 -0.0691 -0.7014
vn 0.7095 -0.0691 -0.7013
vn 0.7093 -0.0691 -0.7015
vn 0.6770 -0.3102 -0.6674
vn 0.6772 -0.3104 -0.6671
vn 0.6770 -0.3101 -0.6675
vn 0.6660 0.3448 -0.6614
vn 0.6659 0.3446 -0.6617
vn 0.6660 0.3449 -0.6614
vn 0.0022 0.9999 -0.0102
vn 0.0026 0.9999 -0.0109
vn 0.0025 0.9999 -0.0108
vn 0.0021 0.9999 -0.0101
vn -0.0943 0.9919 0.0851
vn -0.0941 0.9920 0.0846
vn -0.0941 0.9920 0.0847
vn 0.1470 0.9771 -0.1539
vn 0.1474 0.9769 -0.1545
vn 0.1473 0.9770 -0.1544
vn 0.1470 0.9771 -0.1538
vn 0.7093 0.0589 -0.7025
vn 0.7092 0.0587 -0.7026
vn 0.7092 0.0584 -0.7026
vn 0.7093 0.0591 -0.7024
vn 0.6219 -0.4895 -0.6113
vn 0.6219 -0.4890 -0.6117
vn 0.6221 -0.4890 -0.6114
vn 0.6221 -0.4891 -0.6114
vn 0.7092 0.0579 -0.7026
vn 0.7094 0.0579 -0.7024
vn 0.7094 0.0580 -0.7024
vn 0.6610 0.3621 -0.6572
vn 0.6609 0.3622 -0.6573
vn 0.6609 0.3621 -0.6573
vn 0.5801 0.5720 -0.5799
vn 0.5806 0.5717 -0.5797
vn 0.5802 0.5721 -0.5797
vn 0.5804 0.5721 -0.5796
vn -0.6712 -0.3227 0.6674
vn -0.6711 -0.3227 0.6674
vn -0.7038 0.1457 0.6953
vn -0.7038 0.1458 0.6953
vn -0.7037 0.1457 0.6954
vn 0.2330 0.9426 -0.2393
vn 0.2328 0.9426 -0.2394
vn 0.2327 0.9427 -0.2392
vn 0.2333 0.9425 -0.2391
vn 0.6347 0.4441 -0.6324
vn 0.6348 0.4441 -0.6323
vn 0.6346 0.4442 -0.6325
vn 0.6345 0.4442 -0.6325
vn 0.7008 -0.1715 -0.6924
vn 0.7009 -0.1716 -0.6924
vn 0.7010 -0.1715 -0.6923
vn 0.7010 -0.1715 -0.6922
vn 0.5066 -0.7058 -0.4952
vn 0.5068 -0.7056 -0.4952
vn 0.5069 -0.7056 -0.4951
vn -0.0631 -0.9955 0.0711
vn -0.0632 -0.9955 0.0710
vn -0.0627 -0.9955 0.0712
vn -0.0625 -0.9955 0.0713
vn 0.4799 0.7335 -0.4813
vn 0.4797 0.7336 -0.4813
vn 0.4798 0.7335 -0.4813
vn 0.0836 0.9923 -0.0917
vn 0.0836 0.9923 -0.0918
vn 0.0836 0.9923 -0.0914
vn 0.0836 0.9923 -0.0913
vn -0.3025 0.9077 0.2909
vn -0.3026 0.9076 0.2910
vn -0.3025 0.9076 0.2910
vn -0.5569 0.6263 0.5455
vn -0.5572 0.6262 0.5454
vn -0.5571 0.6261 0.5456
vn -0.5570 0.6261 0.5456
vn -0.7092 0.0675 0.7018
vn -0.7092 0.0674 0.7018
vn -0.7093 0.0675 0.7017
vn -0.7092 0.0676 0.7017
vn -0.6388 -0.4328 0.6361
vn -0.6388 -0.4327 0.6361
vn -0.6384 -0.4329 0.6364
vn -0.6383 -0.4328 0.6365
vn -0.7103 -0.0267 0.7034
vn -0.7102 -0.0267 0.7035
vn -0.7100 -0.0265 0.7037
vn 0.0495 0.9971 -0.0585
vn 0.0498 0.9970 -0.0589
vn 0.0498 0.9970 -0.0588
vn 0.0495 0.9971 -0.0584
vn 0.2660 0.9248 -0.2721
vn 0.2661 0.9246 -0.2726
vn 0.2660 0.9247 -0.2725
vn 0.2657 0.9248 -0.2721
vn 0.6299 0.4563 -0.6285
vn 0.6299 0.4562 -0.6286
vn 0.6298 0.4563 -0.6286
vn 0.6300 0.4562 -0.6284
vn 0.3943 0.8278 -0.3991
vn 0.3947 0.8275 -0.3994
vn 0.3946 0.8276 -0.3993
vn 0.3942 0.8279 -0.3991
vn 0.2477 0.9346 -0.2552
vn 0.2479 0.9344 -0.2556
vn 0.2478 0.9345 -0.2555
vn 0.2476 0.9347 -0.2551
vn 0.6211 0.4786 -0.6206
vn 0.6213 0.4783 -0.6206
vn 0.6212 0.4785 -0.6206
vn 0.2872 0.9114 -0.2948
vn 0.2871 0.9113 -0.2952
vn 0.2872 0.9114 -0.2949
vn 0.2873 0.9114 -0.2945
vn 0.7094 -0.0581 -0.7024
vn 0.7095 -0.0581 -0.7023
vn 0.7095 -0.0582 -0.7023
vn 0.7049 0.0107 0.7092
vn 0.7048 0.0107 0.7093
vn 0.7049 0.0108 0.7092
vn 0.7050 0.0106 0.7091
vn 0.7048 0.0105 0.7093
vn 0.7050 0.0107 0.7092
vn 0.7052 0.0108 0.7089
vn 0.6246 0.4641 0.6281
vn 0.7049 0.0107 0.7093
vn 0.7052 0.0107 0.7089
vn 0.7051 0.0106 0.7090
vn 0.7051 0.0106 0.7091
vn 0.7051 0.0105 0.7090
vn 0.7051 0.0107 0.7090
vn 0.8391 0.4573 0.2946
vn 0.7507 0.4242 0.5064
vn 0.7719 0.3316 0.5424
vn 0.7041 0.3498 0.6179
vn 0.7051 0.0104 0.7091
vn 0.7052 0.0106 0.7089
vn 0.7052 0.0111 0.7089
vn 0.7050 0.0107 0.7091
vn 0.7049 0.0105 0.7092
vn 0.7053 0.0107 0.7088
vn 0.7051 0.0112 0.7091
vn 0.7046 0.0106 0.7095
vn 0.7049 0.0109 0.7092
vn 0.7048 0.0108 0.7093
vn -0.7049 -0.0107 -0.7093
vn -0.7049 -0.0107 -0.7092
vn -0.7048 -0.0107 -0.7093
vn -0.7049 -0.0108 -0.7092
vn -0.7048 -0.0106 -0.7093
vn -0.7051 -0.0107 -0.7091
vn -0.7050 -0.0107 -0.7091
vn -0.7051 -0.0106 -0.7090
vn -0.7050 -0.0106 -0.7091
vn -0.6332 0.4394 -0.6372
vn -0.7050 -0.0106 -0.7092
vn -0.7051 -0.0108 -0.7090
vn -0.3066 0.4318 -0.8483
vn -0.5140 0.3959 -0.7610
vn -0.5462 0.3046 -0.7803
vn -0.6214 0.3266 -0.7122
vn -0.7053 -0.0107 -0.7088
vn -0.7052 -0.0106 -0.7090
vn -0.7047 -0.0107 -0.7095
vn -0.7050 -0.0107 -0.7092
vn -0.7048 -0.0107 -0.7094
vn -0.7046 -0.0107 -0.7095
vn -0.7051 -0.0107 -0.7090
vn -0.7051 -0.0104 -0.7091
vn -0.7051 -0.0105 -0.7090
vn -0.7052 -0.0107 -0.7089
vn -0.7048 -0.0108 -0.7093
vn -0.7047 -0.0107 -0.7094
vn -0.7046 -0.0108 -0.7096
vn -0.7045 -0.0105 -0.7096
vn -0.7047 -0.0108 -0.7095
vt 0.015600 0.000000
vt 0.015600 1.000000
vt 0.000000 0.000000
vt 0.000000 1.000000
vt 0.031100 0.000000
vt 0.031100 1.000000
vt 0.043400 0.000000
vt 0.043400 1.000000
vt 0.056900 0.000000
vt 0.056900 1.000000
vt 0.084500 0.000000
vt 0.084500 1.000000
vt 0.104100 0.000000
vt 0.104100 1.000000
vt 0.132000 0.000000
vt 0.132000 1.000000
vt 0.142200 0.000000
vt 0.142200 1.000000
vt 0.147600 0.000000
vt 0.147600 1.000000
vt 0.157400 0.000000
vt 0.157400 1.000000
vt 0.173800 0.000000
vt 0.173800 1.000000
vt 0.197700 0.000000
vt 0.197700 1.000000
vt 0.232200 0.000000
vt 0.232200 1.000000
vt 0.317000 0.000000
vt 0.364300 1.000000
vt 0.315600 1.000000
vt 0.410400 0.000000
vt 0.410400 1.000000
vt 0.364300 0.000000
vt 0.435200 0.000000
vt 0.435200 1.000000
vt 0.461000 0.000000
vt 0.461000 1.000000
vt 0.465000 0.000000
vt 0.465000 1.000000
vt 0.472300 0.000000
vt 0.472300 1.000000
vt 0.477900 0.000000
vt 0.477900 1.000000
vt 0.502000 0.000000
vt 0.502000 1.000000
vt 0.514400 0.000000
vt 0.514400 1.000000
vt 0.523100 0.000000
vt 0.523100 1.000000
vt 0.529700 0.000000
vt 0.529700 1.000000
vt 0.539200 0.000000
vt 0.539200 1.000000
vt 0.548300 0.000000
vt 0.548300 1.000000
vt 0.556500 0.000000
vt 0.556500 1.000000
vt 0.568400 0.000000
vt 0.568400 1.000000
vt 0.581200 1.000000
vt 0.850100 0.000000
vt 0.850100 1.000000
vt 0.841800 0.000000
vt 0.858100 0.000000
vt 0.858100 1.000000
vt 0.876800 0.000000
vt 0.876800 1.000000
vt 0.898500 0.000000
vt 0.898500 1.000000
vt 0.911200 1.000000
vt 0.928100 0.000000
vt 0.928100 1.000000
vt 0.911200 0.000000
vt 0.950900 0.000000
vt 0.950900 1.000000
vt 0.984600 0.000000
vt 0.984600 1.000000
vt 1.000000 0.000000
vt 1.000000 1.000000
vt 0.420200 0.066800
vt 0.022200 0.001300
vt 0.056000 0.181300
vt 0.669800 0.242200
vt 0.632400 0.000000
vt 0.439800 0.267300
vt 0.071600 0.307600
vt 0.099700 0.389100
vt 0.726100 0.659200
vt 0.714400 0.701300
vt 0.808000 0.732700
vt 0.834000 0.645700
vt 0.084600 0.967500
vt 0.156500 0.963800
vt 0.172400 0.883700
vt 0.134100 0.423300
vt 0.155200 0.408500
vt 0.444500 0.315000
vt 0.174700 0.458000
vt 0.905800 0.370700
vt 0.873300 0.360200
vt 0.862900 0.378300
vt 0.915500 0.398000
vt 0.023900 0.923400
vt 0.000000 0.863800
vt 0.002600 0.791700
vt 0.078100 0.672900
vt 0.326900 0.858900
vt 0.401100 0.772900
vt 0.088900 0.569000
vt 0.475000 0.626900
vt 0.479000 0.765800
vt 0.534900 0.745100
vt 0.603900 0.660900
vt 0.748900 0.338100
vt 0.689800 0.650300
vt 0.852500 0.585700
vt 1.000000 0.482100
vt 0.890200 0.588700
vt 0.987800 0.546600
vt 0.928900 0.608200
vt 0.989100 0.593200
vt 0.970900 0.621800
vt 0.407500 0.000500
vt 0.427800 0.218200
vt 0.435700 0.302500
vt 0.439400 0.342600
vt 0.911200 0.072900
vt 0.488200 0.762400
vt 0.413700 0.000500
vt 0.014100 1.000000
vt 0.014100 0.000000
vt 0.036400 1.000000
vt 0.036400 0.000000
vt 0.054200 1.000000
vt 0.054200 0.000000
vt 0.084300 1.000000
vt 0.084300 0.000000
vt 0.104700 1.000000
vt 0.104700 0.000000
vt 0.126600 1.000000
vt 0.126600 0.000000
vt 0.135100 1.000000
vt 0.135100 0.000000
vt 0.161000 1.000000
vt 0.161000 0.000000
vt 0.170200 1.000000
vt 0.170200 0.000000
vt 0.201700 1.000000
vt 0.201700 0.000000
vt 0.216000 1.000000
vt 0.216000 0.000000
vt 0.222700 1.000000
vt 0.222700 0.000000
vt 0.258100 1.000000
vt 0.258100 0.000000
vt 0.265200 1.000000
vt 0.265200 0.000000
vt 0.278800 1.000000
vt 0.278800 0.000000
vt 0.311300 1.000000
vt 0.311300 0.000000
vt 0.347900 1.000000
vt 0.347900 0.000000
vt 0.362800 1.000000
vt 0.362800 0.000000
vt 0.378900 1.000000
vt 0.378900 0.000000
vt 0.392600 1.000000
vt 0.392600 0.000000
vt 0.471500 1.000000
vt 0.471500 0.000000
vt 0.523900 1.000000
vt 0.523900 0.000000
vt 0.538600 1.000000
vt 0.538600 0.000000
vt 0.598900 1.000000
vt 0.598900 0.000000
vt 0.636900 1.000000
vt 0.636900 0.000000
vt 0.731900 1.000000
vt 0.731900 0.000000
vt 0.758800 1.000000
vt 0.758800 0.000000
vt 0.793700 1.000000
vt 0.793700 0.000000
vt 0.820700 1.000000
vt 0.820700 0.000000
vt 0.842300 1.000000
vt 0.842300 0.000000
vt 0.855500 1.000000
vt 0.855500 0.000000
vt 0.908400 1.000000
vt 0.908400 0.000000
vt 0.923200 1.000000
vt 0.923200 0.000000
vt 0.932600 1.000000
vt 0.932600 0.000000
vt 0.941100 1.000000
vt 0.941100 0.000000
vt 0.959700 1.000000
vt 0.959700 0.000000
vt 0.989700 1.000000
vt 0.989700 0.000000
vt 0.268300 0.418600
vt 0.296500 0.404400
vt 0.330400 0.448400
vt 0.615000 1.000000
vt 0.532700 0.941600
vt 0.651200 0.954900
vt 0.868000 0.646300
vt 1.000000 0.817600
vt 0.816800 0.679200
vt 0.000000 0.252800
vt 0.024600 0.119000
vt 0.169600 0.243300
vt 0.094900 0.095100
vt 0.383000 0.680100
vt 0.413400 0.656900
vt 0.479100 0.723500
vt 0.601600 0.006200
vt 0.800800 0.001000
vt 0.652700 0.225400
vt 0.858700 0.348800
vt 0.689500 0.981800
vt 0.792000 0.898300
vt 0.167500 0.310700
vt 0.192100 0.291000
vt 0.317200 0.589800
vt 0.348200 0.563700
vt 0.529200 0.876100
vt 0.530700 0.001200
vt 0.596300 0.188600
vt 0.117600 0.000000
vt 0.070700 0.038300
vt 0.817600 0.443700
vt 0.691200 0.536600
vt 0.724700 0.633000
vt 0.964800 0.866400
vt 0.915900 0.869400
vt 0.429200 0.790000
vt 0.889400 0.894400
vt 0.011900 1.000000
vt 0.011900 0.000000
vt 0.025200 1.000000
vt 0.025200 0.000000
vt 0.038400 1.000000
vt 0.038400 0.000000
vt 0.044100 1.000000
vt 0.044100 0.000000
vt 0.063000 1.000000
vt 0.063000 0.000000
vt 0.075000 1.000000
vt 0.075000 0.000000
vt 0.085600 1.000000
vt 0.085600 0.000000
vt 0.104500 1.000000
vt 0.104500 0.000000
vt 0.129300 1.000000
vt 0.129300 0.000000
vt 0.151500 1.000000
vt 0.151500 0.000000
vt 0.165100 1.000000
vt 0.165100 0.000000
vt 0.187900 1.000000
vt 0.187900 0.000000
vt 0.195400 1.000000
vt 0.195400 0.000000
vt 0.212200 1.000000
vt 0.212200 0.000000
vt 0.230500 1.000000
vt 0.230500 0.000000
vt 0.240900 1.000000
vt 0.240900 0.000000
vt 0.259800 1.000000
vt 0.259800 0.000000
vt 0.277400 1.000000
vt 0.277400 0.000000
vt 0.288100 1.000000
vt 0.288100 0.000000
vt 0.330000 1.000000
vt 0.330000 0.000000
vt 0.345600 1.000000
vt 0.345600 0.000000
vt 0.363100 1.000000
vt 0.363100 0.000000
vt 0.394400 1.000000
vt 0.394400 0.000000
vt 0.403300 1.000000
vt 0.403300 0.000000
vt 0.432800 1.000000
vt 0.432800 0.000000
vt 0.443900 1.000000
vt 0.443900 0.000000
vt 0.454800 1.000000
vt 0.454800 0.000000
vt 0.478700 1.000000
vt 0.478700 0.000000
vt 0.543300 1.000000
vt 0.543300 0.000000
vt 0.551500 1.000000
vt 0.551500 0.000000
vt 0.621900 1.000000
vt 0.621900 0.000000
vt 0.637100 1.000000
vt 0.637100 0.000000
vt 0.687000 1.000000
vt 0.687000 0.000000
vt 0.720600 1.000000
vt 0.720600 0.000000
vt 0.817300 1.000000
vt 0.817300 0.000000
vt 0.864600 1.000000
vt 0.864600 0.000000
vt 0.905700 1.000000
vt 0.905700 0.000000
vt 0.926900 1.000000
vt 0.926900 0.000000
vt 0.944800 1.000000
vt 0.944800 0.000000
vt 0.967700 1.000000
vt 0.967700 0.000000
vt 0.980400 1.000000
vt 0.980400 0.000000
vt 0.000000 0.001900
vt 0.356900 0.000000
vt 0.124400 0.033800
vt 0.056600 0.283600
vt 0.149500 0.303700
vt 0.087800 0.340100
vt 0.561000 1.000000
vt 0.540700 0.904400
vt 0.639100 0.951300
vt 0.873800 0.641200
vt 0.924300 0.701400
vt 0.820000 0.714400
vt 0.063100 0.074900
vt 0.124400 0.076400
vt 0.113600 0.184000
vt 0.674600 0.984500
vt 0.710800 0.945300
vt 0.814800 0.939100
vt 0.803000 0.918400
vt 0.271100 0.440400
vt 0.067400 0.196400
vt 0.307300 0.602500
vt 0.348300 0.574000
vt 0.386900 0.646800
vt 0.932000 0.790700
vt 0.361900 0.032100
vt 0.567700 0.033600
vt 0.753200 0.028000
vt 0.600900 0.227100
vt 0.828700 0.401600
vt 0.548000 0.273100
vt 0.252200 0.480000
vt 0.344900 0.500500
vt 0.413100 0.727700
vt 0.434800 0.702800
vt 0.520400 0.774300
vt 1.000000 0.802400
vt 0.984200 0.878200
vt 0.918900 0.882900
vt 0.721600 0.569600
vt 0.875500 0.924700
vt 0.494000 0.823900
vt 0.123400 0.999500
vt 0.123400 0.000500
vt 0.077100 0.000500
vt 0.077100 0.999500
vt 0.235200 0.999500
vt 0.235200 0.000500
vt 0.331600 0.999500
vt 0.331600 0.000500
vt 0.520100 0.999500
vt 0.520100 0.000500
vt 0.687200 0.999500
vt 0.687200 0.000500
vt 0.651100 0.000500
vt 0.651100 0.999500
vt 0.664700 0.999500
vt 0.664700 0.000500
vt 0.484500 0.000500
vt 0.484500 0.999500
vt 0.734800 0.999500
vt 0.734800 0.000500
vt 0.999500 0.999500
vt 0.999500 0.000500
vt 0.868200 0.000500
vt 0.868200 0.999500
vt 0.612100 0.999500
vt 0.612100 0.000500
vt 0.320900 0.000500
vt 0.320900 0.999500
vt 0.652900 0.999500
vt 0.652900 0.000500
vt 0.955600 0.999500
vt 0.955600 0.000500
vt 0.869700 0.999500
vt 0.869700 0.000500
vt 0.071500 0.000500
vt 0.071500 0.999500
vt 0.137900 0.999500
vt 0.137900 0.000500
vt 0.015600 0.000500
vt 0.015600 0.999500
vt 0.337200 0.999500
vt 0.337200 0.000500
vt 0.924600 0.999500
vt 0.924600 0.000500
vt 0.836900 0.000500
vt 0.836900 0.999500
vt 0.391600 0.999500
vt 0.391600 0.000500
vt 0.302900 0.000500
vt 0.302900 0.999500
vt 0.932000 0.000500
vt 0.932000 0.999500
vt 0.448200 0.999500
vt 0.448200 0.000500
vt 0.397100 0.000500
vt 0.397100 0.999500
vt 0.137400 0.999500
vt 0.137400 0.000500
vt 0.015900 0.000500
vt 0.015900 0.999500
vt 0.550000 0.999500
vt 0.550000 0.000500
vt 0.513500 0.000500
vt 0.513500 0.999500
vt 0.583700 0.999500
vt 0.583700 0.000500
vt 0.177800 0.999500
vt 0.177800 0.000500
vt 0.140700 0.000500
vt 0.140700 0.999500
vt 0.631300 0.999500
vt 0.631300 0.000500
vt 0.592500 0.000500
vt 0.592500 0.999500
vt 0.399400 0.999500
vt 0.399400 0.000500
vt 0.368700 0.000500
vt 0.368700 0.999500
vt 0.290500 0.999500
vt 0.290500 0.000500
vt 0.237500 0.000500
vt 0.237500 0.999500
vt 0.489000 0.999500
vt 0.489000 0.000500
vt 0.427800 0.000500
vt 0.427800 0.999500
vt 0.371100 0.999500
vt 0.371100 0.000500
vt 0.311000 0.000500
vt 0.311000 0.999500
vt 0.506500 0.000500
vt 0.506500 0.999500
vt 0.639800 0.999500
vt 0.639800 0.000500
vt 0.747600 0.999500
vt 0.747600 0.000500
vt 0.548700 0.999500
vt 0.548700 0.000500
vt 0.513900 0.000500
vt 0.513900 0.999500
vt 0.799200 0.999500
vt 0.799200 0.000500
vt 0.764200 0.000500
vt 0.764200 0.999500
vt 0.837000 0.999500
vt 0.837000 0.000500
vt 0.889000 0.999500
vt 0.889000 0.000500
vt 0.950300 0.999500
vt 0.950300 0.000500
vt 0.975800 0.999500
vt 0.975800 0.000500
vt 0.522000 0.999500
vt 0.522000 0.000500
vt 0.488700 0.000500
vt 0.488700 0.999500
vt 0.601600 0.999500
vt 0.601600 0.000500
vt 0.654400 0.999500
vt 0.654400 0.000500
vt 0.038600 0.000500
vt 0.038600 0.999500
vt 0.925100 0.302700
vt 0.932500 0.391500
vt 0.837200 0.337000
vt 0.792200 0.631400
vt 0.762800 0.600700
vt 0.822500 0.592600
vt 1.000000 0.397000
vt 0.984600 0.448100
vt 0.863000 0.513500
vt 0.345400 0.961800
vt 0.375100 0.923300
vt 0.398300 0.992200
vt 0.870100 0.015100
vt 0.896500 0.137500
vt 0.071000 0.000000
vt 0.131400 0.735000
vt 0.000000 0.679300
vt 0.188300 0.664900
vt 0.004200 0.387800
vt 0.312600 0.484400
vt 0.044800 0.346900
vt 0.511300 0.976200
vt 0.478000 1.000000
vt 0.499200 0.950700
vt 0.027100 0.043900
vt 0.348800 0.479800
vt 0.548700 0.764500
vt 0.547900 0.799500
vt 0.514000 0.747800
vt 0.553700 0.889400
vt 0.354200 0.876900
vt 0.373000 0.765100
vt 0.569200 0.837400
vt 0.336000 0.668600
vt 0.573500 0.639900
vt 0.568800 0.592600
vt 0.629000 0.506500
vt 0.689200 0.511000
vt 0.709700 0.572300
vt 0.879600 0.550100
vt 0.859700 0.583800
vt 0.029900 1.000000
vt 0.029900 0.000000
vt 0.064300 1.000000
vt 0.064300 0.000000
vt 0.078000 1.000000
vt 0.078000 0.000000
vt 0.140200 1.000000
vt 0.140200 0.000000
vt 0.207600 1.000000
vt 0.207600 0.000000
vt 0.293900 1.000000
vt 0.293900 0.000000
vt 0.319300 1.000000
vt 0.319300 0.000000
vt 0.336800 1.000000
vt 0.336800 0.000000
vt 0.378000 1.000000
vt 0.378000 0.000000
vt 0.394300 1.000000
vt 0.394300 0.000000
vt 0.417700 1.000000
vt 0.417700 0.000000
vt 0.489500 1.000000
vt 0.489500 0.000000
vt 0.513700 1.000000
vt 0.513700 0.000000
vt 0.547600 1.000000
vt 0.547600 0.000000
vt 0.571900 1.000000
vt 0.571900 0.000000
vt 0.624300 1.000000
vt 0.624300 0.000000
vt 0.647200 1.000000
vt 0.647200 0.000000
vt 0.690300 1.000000
vt 0.690300 0.000000
vt 0.716900 1.000000
vt 0.716900 0.000000
vt 0.808500 1.000000
vt 0.808500 0.000000
vt 0.850200 1.000000
vt 0.850200 0.000000
vt 0.883000 1.000000
vt 0.883000 0.000000
vt 0.912600 1.000000
vt 0.912600 0.000000
vt 0.930300 1.000000
vt 0.930300 0.000000
vt 0.953700 1.000000
vt 0.953700 0.000000
vt 0.978700 1.000000
vt 0.978700 0.000000
vt 0.589500 0.000000
vt 0.805400 0.006000
vt 0.627000 0.079100
vt 0.811500 0.103000
vt 0.635200 0.270600
vt 0.887400 0.433400
vt 0.016400 0.327400
vt 0.000000 0.264600
vt 0.140100 0.305500
vt 0.092200 0.129800
vt 0.873000 0.737200
vt 0.922100 0.815000
vt 0.791800 0.762500
vt 1.000000 0.964600
vt 0.922100 0.967600
vt 1.000000 0.886800
vt 0.765000 0.557000
vt 0.520500 0.004300
vt 0.577900 0.082100
vt 0.160600 0.003000
vt 0.553300 0.204800
vt 0.088600 0.070200
vt 0.377000 0.569700
vt 0.713000 0.670700
vt 0.435400 0.812500
vt 0.627000 0.991500
vt 0.694900 0.983600
vt 0.865900 1.000000
vt 0.033500 1.000000
vt 0.033500 0.000000
vt 0.047200 1.000000
vt 0.047200 0.000000
vt 0.060800 1.000000
vt 0.060800 0.000000
vt 0.073700 1.000000
vt 0.073700 0.000000
vt 0.089000 1.000000
vt 0.089000 0.000000
vt 0.098900 1.000000
vt 0.098900 0.000000
vt 0.136400 1.000000
vt 0.136400 0.000000
vt 0.201100 1.000000
vt 0.201100 0.000000
vt 0.245800 1.000000
vt 0.245800 0.000000
vt 0.316300 1.000000
vt 0.316300 0.000000
vt 0.339200 1.000000
vt 0.339200 0.000000
vt 0.363600 1.000000
vt 0.363600 0.000000
vt 0.410700 1.000000
vt 0.410700 0.000000
vt 0.551900 1.000000
vt 0.551900 0.000000
vt 0.566300 1.000000
vt 0.566300 0.000000
vt 0.599400 1.000000
vt 0.599400 0.000000
vt 0.643400 1.000000
vt 0.643400 0.000000
vt 0.667400 1.000000
vt 0.667400 0.000000
vt 0.721700 1.000000
vt 0.721700 0.000000
vt 0.760100 1.000000
vt 0.760100 0.000000
vt 0.792500 1.000000
vt 0.792500 0.000000
vt 0.824100 1.000000
vt 0.824100 0.000000
vt 0.852700 1.000000
vt 0.852700 0.000000
vt 0.886700 1.000000
vt 0.886700 0.000000
vt 0.911600 1.000000
vt 0.911600 0.000000
vt 0.933200 1.000000
vt 0.933200 0.000000
vt 0.978600 1.000000
vt 0.978600 0.000000
vt 0.615900 0.006100
vt 0.592700 0.055300
vt 0.616000 0.999600
vt 0.587900 0.955400
vt 0.658600 0.963900
vt 0.067800 0.251500
vt 0.015800 0.173300
vt 0.138300 0.191400
vt 0.278400 0.422700
vt 0.655700 0.165100
vt 0.414200 0.540800
vt 0.650900 0.002800
vt 0.755600 0.006100
vt 0.796200 0.203400
vt 0.531800 0.954600
vt 0.526700 0.898300
vt 0.569400 0.891800
vt 0.848600 0.337900
vt 0.825400 0.455500
vt 0.751700 0.553900
vt 0.491800 0.770400
vt 0.767200 0.658900
vt 0.868900 0.749900
vt 0.798300 1.000000
vt 0.867900 0.947200
vt 0.960000 0.799800
vt 1.000000 0.872100
vt 0.976400 0.944800
vt 0.127100 0.999500
vt 0.127100 0.000500
vt 0.037900 0.000500
vt 0.037900 0.999500
vt 0.172100 0.999500
vt 0.172100 0.000500
vt 0.296100 0.999500
vt 0.296100 0.000500
vt 0.481500 0.999500
vt 0.481500 0.000500
vt 0.645500 0.999500
vt 0.645500 0.000500
vt 0.426800 0.999500
vt 0.426800 0.000500
vt 0.354500 0.000500
vt 0.354500 0.999500
vt 0.589600 0.999500
vt 0.589600 0.000500
vt 0.573200 0.000500
vt 0.573200 0.999500
vt 0.723700 0.999500
vt 0.723700 0.000500
vt 0.921200 0.999500
vt 0.921200 0.000500
vt 0.998400 0.999500
vt 0.998400 0.000500
vt 0.615400 0.999500
vt 0.615400 0.000500
vt 0.111700 0.000500
vt 0.111700 0.999500
vt 0.083500 0.999500
vt 0.083500 0.000500
vt 0.003500 0.000500
vt 0.003500 0.999500
vt 0.553500 0.999500
vt 0.553500 0.000500
vt 0.500300 0.000500
vt 0.500300 0.999500
vt 0.241100 0.999500
vt 0.241100 0.000500
vt 0.095500 0.000500
vt 0.095500 0.999500
vt 0.668600 0.999500
vt 0.668600 0.000500
vt 0.499500 0.000500
vt 0.499500 0.999500
vt 0.735500 0.999500
vt 0.735500 0.000500
vt 0.728400 0.000500
vt 0.728400 0.999500
vt 0.757000 0.999500
vt 0.757000 0.000500
vt 0.787700 0.999500
vt 0.787700 0.000500
vt 0.822300 0.999500
vt 0.822300 0.000500
vt 0.855300 0.999500
vt 0.855300 0.000500
vt 0.881400 0.999500
vt 0.881400 0.000500
vt 0.895400 0.999500
vt 0.895400 0.000500
vt 0.903200 0.999500
vt 0.903200 0.000500
vt 0.914300 0.999500
vt 0.914300 0.000500
vt 0.928100 0.999500
vt 0.928100 0.000500
vt 0.944100 0.999500
vt 0.944100 0.000500
vt 0.961600 0.999500
vt 0.961600 0.000500
vt 0.980300 0.999500
vt 0.980300 0.000500
vt 0.997300 0.999500
vt 0.997300 0.000500
vt 0.775100 0.000500
vt 0.775100 0.999500
vt 0.149500 0.999500
vt 0.149500 0.000500
vt 0.001800 0.000500
vt 0.001800 0.999500
vt 0.264600 0.999500
vt 0.264600 0.000500
vt 0.416500 0.999500
vt 0.416500 0.000500
vt 0.547600 0.999500
vt 0.547600 0.000500
vt 0.650100 0.999500
vt 0.650100 0.000500
vt 0.409900 0.999500
vt 0.409900 0.000500
vt 0.349900 0.000500
vt 0.349900 0.999500
vt 0.727700 0.999500
vt 0.727700 0.000500
vt 0.590100 0.000500
vt 0.590100 0.999500
vt 0.956100 0.000500
vt 0.956100 0.999500
vt 0.798400 0.999500
vt 0.798400 0.000500
vt 0.742100 0.000500
vt 0.742100 0.999500
vt 0.847900 0.999500
vt 0.847900 0.000500
vt 0.064800 0.999500
vt 0.064800 0.000500
vt 0.025500 0.000500
vt 0.025500 0.999500
vt 0.166400 0.999500
vt 0.166400 0.000500
vt 0.145100 0.000500
vt 0.145100 0.999500
vt 0.873800 0.999500
vt 0.873800 0.000500
vt 0.833600 0.000500
vt 0.833600 0.999500
vt 0.194900 0.999500
vt 0.194900 0.000500
vt 0.131300 0.000500
vt 0.131300 0.999500
vt 0.880900 0.000500
vt 0.880900 0.999500
vt 0.000500 0.000500
vt 0.000500 0.999500
vt 0.615500 0.003000
vt 0.499700 0.083100
vt 0.111300 0.001100
vt 0.446400 0.095100
vt 0.997800 0.001300
vt 0.855600 0.149200
vt 0.775400 0.000000
vt 0.766800 0.019200
vt 0.758500 0.037900
vt 0.750800 0.055500
vt 0.744000 0.071500
vt 0.738300 0.085300
vt 0.734100 0.096400
vt 0.895600 0.590200
vt 0.956500 0.727900
vt 0.793300 0.650300
vt 0.731600 0.104300
vt 0.719500 1.000000
vt 0.667000 0.962600
vt 0.805400 0.881300
vt 0.728100 0.118200
vt 0.098500 0.078400
vt 0.721300 0.144400
vt 0.577300 0.873200
vt 0.839800 0.264400
vt 0.712000 0.177400
vt 0.701200 0.212000
vt 0.689800 0.242700
vt 0.028100 0.426800
vt 0.003500 0.410300
vt 0.164300 0.354400
vt 0.000000 0.276100
vt 0.678700 0.264300
vt 0.895400 0.416400
vt 0.668700 0.271300
vt 0.756300 0.547600
vt 0.499500 0.240800
vt 0.416000 0.518500
vt 0.473300 0.704100
vt 0.491100 0.828200
vt 0.869100 0.874200
vt 0.898200 0.833900
vt 1.000000 0.742300
vt 0.998900 0.798700
vt 0.975000 0.848300
vt 0.935600 0.855200
vt 0.222900 0.999500
vt 0.222900 0.000500
vt 0.066400 0.000500
vt 0.066400 0.999500
vt 0.294100 0.999500
vt 0.294100 0.000500
vt 0.348900 0.999500
vt 0.348900 0.000500
vt 0.748600 0.999500
vt 0.748600 0.000500
vt 0.694700 0.000500
vt 0.694700 0.999500
vt 0.446900 0.999500
vt 0.446900 0.000500
vt 0.517200 0.999500
vt 0.517200 0.000500
vt 0.628400 0.999500
vt 0.628400 0.000500
vt 0.684300 0.999500
vt 0.684300 0.000500
vt 0.804600 0.999500
vt 0.804600 0.000500
vt 0.357600 0.999500
vt 0.357600 0.000500
vt 0.341100 0.999500
vt 0.341100 0.000500
vt 0.528800 0.999500
vt 0.528800 0.000500
vt 0.447100 0.000500
vt 0.447100 0.999500
vt 0.835400 0.999500
vt 0.835400 0.000500
vt 0.654100 0.000500
vt 0.654100 0.999500
vt 0.949200 0.999500
vt 0.949200 0.000500
vt 0.497300 0.999500
vt 0.497300 0.000500
vt 0.373800 0.000500
vt 0.373800 0.999500
vt 0.502700 0.000500
vt 0.502700 0.999500
vt 0.249700 0.999500
vt 0.249700 0.000500
vt 0.235800 0.999500
vt 0.235800 0.000500
vt 0.057900 0.000500
vt 0.057900 0.999500
vt 0.464600 0.999500
vt 0.464600 0.000500
vt 0.681300 0.999500
vt 0.681300 0.000500
vt 0.730500 0.999500
vt 0.730500 0.000500
vt 0.340200 0.999500
vt 0.340200 0.000500
vt 0.269500 0.000500
vt 0.269500 0.999500
vt 0.751900 0.999500
vt 0.751900 0.000500
vt 0.659800 0.000500
vt 0.659800 0.999500
vt 0.704800 0.000500
vt 0.704800 0.999500
vt 0.768000 0.999500
vt 0.768000 0.000500
vt 0.714000 0.000500
vt 0.714000 0.999500
vt 0.859600 0.999500
vt 0.859600 0.000500
vt 0.888900 0.999500
vt 0.888900 0.000500
vt 0.959700 0.999500
vt 0.959700 0.000500
vt 0.405000 0.999500
vt 0.405000 0.000500
vt 0.335900 0.000500
vt 0.335900 0.999500
vt 0.434400 0.999500
vt 0.434400 0.000500
vt 0.979600 0.999500
vt 0.979600 0.000500
vt 0.947600 0.000500
vt 0.947600 0.999500
vt 0.506400 0.999500
vt 0.506400 0.000500
vt 0.468000 0.000500
vt 0.468000 0.999500
vt 0.597000 0.999500
vt 0.597000 0.000500
vt 0.027300 0.999500
vt 0.027300 0.000500
vt 0.736300 0.999500
vt 0.736300 0.000500
vt 0.605700 0.000500
vt 0.605700 0.999500
vt 0.003700 0.000500
vt 0.003700 0.999500
vt 1.000000 0.004900
vt 0.750500 0.057400
vt 0.502700 0.005300
vt 0.626300 0.050400
vt 0.357400 0.000000
vt 0.215100 0.195100
vt 0.447000 0.340900
vt 0.239700 0.315500
vt 0.642100 0.660000
vt 0.705000 0.752200
vt 0.601000 0.730800
vt 0.649600 0.235500
vt 0.567000 0.164200
vt 0.528800 0.345800
vt 0.666800 0.464600
vt 0.757300 0.714200
vt 0.783500 0.768200
vt 0.713600 0.859900
vt 0.402900 1.000000
vt 0.394200 0.973200
vt 0.493600 0.964300
vt 0.263400 0.996800
vt 0.256300 0.934000
vt 0.364600 0.777400
vt 0.251100 0.629000
vt 0.284100 0.553200
vt 0.305100 0.651200
vt 0.550700 0.681400
vt 0.532100 0.980100
vt 0.565600 0.948000
vt 0.202300 0.371500
vt 0.238200 0.482800
vt 0.319100 0.706100
vt 0.712900 0.889300
vt 0.664300 0.960200
vt 0.595100 0.965300
vt 0.581200 0.000000
vt 0.603900 1.000000
vt 0.603900 0.000000
vt 0.614500 1.000000
vt 0.614500 0.000000
vt 0.624700 1.000000
vt 0.624700 0.000000
vt 0.644300 1.000000
vt 0.644300 0.000000
vt 0.660800 1.000000
vt 0.660800 0.000000
vt 0.679200 1.000000
vt 0.679200 0.000000
vt 0.693300 1.000000
vt 0.693300 0.000000
vt 0.708500 1.000000
vt 0.708500 0.000000
vt 0.726100 1.000000
vt 0.726100 0.000000
vt 0.751700 1.000000
vt 0.751700 0.000000
vt 0.759000 1.000000
vt 0.759000 0.000000
vt 0.776700 1.000000
vt 0.776700 0.000000
vt 0.791300 1.000000
vt 0.791300 0.000000
vt 0.807500 1.000000
vt 0.807500 0.000000
vt 0.841800 1.000000
vt 0.745600 0.905400
vt 0.797600 0.819900
vt 0.782200 0.871300
vt 0.812100 0.826200
vt 0.826500 0.982600
vt 0.796300 1.000000
vt 0.710200 0.956900
vt 0.715600 0.985000
vt 0.664900 0.933900
vt 0.671200 0.874500
vt 0.636200 0.853800
vt 0.679000 0.793600
vt 0.649200 0.785100
vt 0.723100 0.738300
vt 0.847300 0.712000
s 1
usemtl 3d66_Standardmaterial_17342430_129
f 88/131/184 87/132/185 86/3/186
f 89/4/184 88/131/184 86/3/186
f 91/133/187 90/134/188 87/132/189
f 88/131/190 91/133/187 87/132/189
f 93/135/191 92/136/191 90/134/191
f 91/133/192 93/135/191 90/134/191
f 95/137/193 94/138/194 92/136/195
f 93/135/196 95/137/193 92/136/195
f 97/139/197 96/140/198 94/138/199
f 95/137/197 97/139/197 94/138/199
f 99/141/200 98/142/201 96/140/202
f 97/139/203 99/141/200 96/140/202
f 101/143/204 100/144/205 98/142/205
f 99/141/206 101/143/204 98/142/205
f 103/145/207 102/146/208 100/144/209
f 101/143/210 103/145/207 100/144/209
f 105/147/211 104/148/212 102/146/213
f 103/145/211 105/147/211 102/146/213
f 107/149/214 106/150/215 104/148/216
f 105/147/217 107/149/214 104/148/216
f 109/151/218 108/152/219 106/150/219
f 107/149/220 109/151/218 106/150/219
f 111/153/221 110/154/222 108/152/223
f 109/151/224 111/153/221 108/152/223
f 113/155/225 112/156/226 110/154/227
f 111/153/228 113/155/225 110/154/227
f 115/157/229 114/158/230 112/156/231
f 113/155/232 115/157/229 112/156/231
f 117/159/233 116/160/234 114/158/235
f 115/157/236 117/159/233 114/158/235
f 119/161/237 118/162/238 116/160/239
f 117/159/240 119/161/237 116/160/239
f 121/163/241 120/164/241 118/162/242
f 119/161/243 121/163/241 118/162/242
f 123/165/244 122/166/245 120/164/246
f 121/163/247 123/165/244 120/164/246
f 125/167/248 124/168/249 122/166/250
f 123/165/251 125/167/248 122/166/250
f 127/169/252 126/170/253 124/168/254
f 125/167/255 127/169/252 124/168/254
f 129/171/256 128/172/257 126/170/256
f 127/169/258 129/171/256 126/170/256
f 131/173/259 130/174/260 128/172/261
f 129/171/262 131/173/259 128/172/261
f 133/175/263 132/176/264 130/174/265
f 131/173/263 133/175/263 130/174/265
f 135/177/266 134/178/267 132/176/267
f 133/175/268 135/177/266 132/176/267
f 137/179/269 136/180/270 134/178/271
f 135/177/272 137/179/269 134/178/271
f 139/181/273 138/182/273 136/180/274
f 137/179/275 139/181/273 136/180/274
f 141/183/276 140/184/277 138/182/277
f 139/181/276 141/183/276 138/182/277
f 143/185/278 142/186/279 140/184/280
f 141/183/278 143/185/278 140/184/280
f 145/187/281 144/188/282 142/186/283
f 143/185/281 145/187/281 142/186/283
f 147/189/284 146/190/285 144/188/286
f 145/187/287 147/189/284 144/188/286
f 149/191/288 148/192/289 146/190/289
f 147/189/290 149/191/288 146/190/289
f 151/193/291 150/194/292 148/192/293
f 149/191/294 151/193/291 148/192/293
f 153/195/295 152/196/295 150/194/295
f 151/193/296 153/195/295 150/194/295
f 155/197/297 154/198/298 152/196/299
f 153/195/300 155/197/297 152/196/299
f 157/199/301 156/200/302 154/198/303
f 155/197/304 157/199/301 154/198/303
f 159/201/305 158/202/306 156/200/307
f 157/199/308 159/201/305 156/200/307
f 161/203/309 160/204/310 158/202/311
f 159/201/312 161/203/309 158/202/311
f 89/80/313 86/79/314 160/204/314
f 161/203/315 89/80/313 160/204/314
f 164/243/363 163/244/364 162/3/365
f 165/4/366 164/243/363 162/3/365
f 167/245/367 166/246/368 163/244/369
f 164/243/370 167/245/367 163/244/369
f 169/247/371 168/248/372 166/246/373
f 167/245/374 169/247/371 166/246/373
f 171/249/375 170/250/376 168/248/376
f 169/247/375 171/249/375 168/248/376
f 173/251/377 172/252/378 170/250/379
f 171/249/380 173/251/377 170/250/379
f 175/253/381 174/254/381 172/252/382
f 173/251/381 175/253/381 172/252/382
f 177/255/383 176/256/384 174/254/385
f 175/253/386 177/255/383 174/254/385
f 179/257/387 178/258/388 176/256/389
f 177/255/390 179/257/387 176/256/389
f 181/259/391 180/260/392 178/258/393
f 179/257/394 181/259/391 178/258/393
f 183/261/395 182/262/396 180/260/397
f 181/259/398 183/261/395 180/260/397
f 185/263/399 184/264/400 182/262/400
f 183/261/401 185/263/399 182/262/400
f 187/265/402 186/266/403 184/264/404
f 185/263/405 187/265/402 184/264/404
f 189/267/406 188/268/407 186/266/407
f 187/265/408 189/267/406 186/266/407
f 191/269/409 190/270/410 188/268/411
f 189/267/412 191/269/409 188/268/411
f 193/271/413 192/272/414 190/270/415
f 191/269/416 193/271/413 190/270/415
f 195/273/417 194/274/418 192/272/419
f 193/271/420 195/273/417 192/272/419
f 197/275/421 196/276/421 194/274/421
f 195/273/422 197/275/421 194/274/421
f 199/277/423 198/278/424 196/276/425
f 197/275/426 199/277/423 196/276/425
f 201/279/427 200/280/428 198/278/428
f 199/277/429 201/279/427 198/278/428
f 203/281/430 202/282/431 200/280/432
f 201/279/433 203/281/430 200/280/432
f 205/283/434 204/284/435 202/282/436
f 203/281/437 205/283/434 202/282/436
f 207/285/438 206/286/439 204/284/439
f 205/283/440 207/285/438 204/284/439
f 209/287/441 208/288/442 206/286/443
f 207/285/444 209/287/441 206/286/443
f 211/289/445 210/290/446 208/288/447
f 209/287/448 211/289/445 208/288/447
f 213/291/449 212/292/450 210/290/451
f 211/289/452 213/291/449 210/290/451
f 215/293/453 214/294/454 212/292/455
f 213/291/456 215/293/453 212/292/455
f 217/295/457 216/296/458 214/294/459
f 215/293/460 217/295/457 214/294/459
f 219/297/461 218/298/462 216/296/463
f 217/295/464 219/297/461 216/296/463
f 221/299/465 220/300/466 218/298/465
f 219/297/467 221/299/465 218/298/465
f 223/301/468 222/302/469 220/300/470
f 221/299/471 223/301/468 220/300/470
f 225/303/472 224/304/473 222/302/474
f 223/301/475 225/303/472 222/302/474
f 227/305/476 226/306/477 224/304/477
f 225/303/478 227/305/476 224/304/477
f 229/307/479 228/308/480 226/306/481
f 227/305/482 229/307/479 226/306/481
f 231/309/483 230/310/484 228/308/485
f 229/307/486 231/309/483 228/308/485
f 233/311/487 232/312/488 230/310/489
f 231/309/490 233/311/487 230/310/489
f 235/313/491 234/314/492 232/312/493
f 233/311/494 235/313/491 232/312/493
f 237/315/495 236/316/496 234/314/495
f 235/313/497 237/315/495 234/314/495
f 239/317/498 238/318/499 236/316/500
f 237/315/498 239/317/498 236/316/500
f 241/319/501 240/320/502 238/318/503
f 239/317/504 241/319/501 238/318/503
f 243/321/505 242/322/506 240/320/507
f 241/319/508 243/321/505 240/320/507
f 245/323/509 244/324/510 242/322/511
f 243/321/512 245/323/509 242/322/511
f 165/80/513 162/79/514 244/324/515
f 245/323/516 165/80/513 244/324/515
f 330/2/772 329/1/773 328/3/774
f 331/4/775 330/2/772 328/3/774
f 333/530/776 332/531/777 329/1/778
f 330/2/779 333/530/776 329/1/778
f 335/532/780 334/533/781 332/531/782
f 333/530/783 335/532/780 332/531/782
f 337/534/784 336/535/785 334/533/786
f 335/532/787 337/534/784 334/533/786
f 339/536/788 338/537/789 336/535/790
f 337/534/791 339/536/788 336/535/790
f 341/538/792 340/539/793 338/537/794
f 339/536/794 341/538/792 338/537/794
f 343/540/795 342/541/796 340/539/795
f 341/538/797 343/540/795 340/539/795
f 345/542/798 344/543/799 342/541/799
f 343/540/800 345/542/798 342/541/799
f 347/544/801 346/545/802 344/543/803
f 345/542/804 347/544/801 344/543/803
f 349/546/805 348/547/806 346/545/807
f 347/544/808 349/546/805 346/545/807
f 351/548/809 350/549/810 348/547/811
f 349/546/809 351/548/809 348/547/811
f 353/550/812 352/551/813 350/549/814
f 351/548/812 353/550/812 350/549/814
f 355/552/815 354/553/816 352/551/815
f 353/550/817 355/552/815 352/551/815
f 357/554/818 356/555/819 354/553/819
f 355/552/818 357/554/818 354/553/819
f 359/556/820 358/557/821 356/555/820
f 357/554/822 359/556/820 356/555/820
f 361/558/823 360/559/824 358/557/825
f 359/556/826 361/558/823 358/557/825
f 363/560/827 362/561/828 360/559/829
f 361/558/829 363/560/827 360/559/829
f 365/562/830 364/563/831 362/561/832
f 363/560/833 365/562/830 362/561/832
f 367/564/834 366/565/835 364/563/836
f 365/562/837 367/564/834 364/563/836
f 369/566/838 368/567/839 366/565/840
f 367/564/841 369/566/838 366/565/840
f 371/568/842 370/569/843 368/567/844
f 369/566/845 371/568/842 368/567/844
f 373/570/846 372/571/847 370/569/848
f 371/568/849 373/570/846 370/569/848
f 375/572/850 374/573/851 372/571/852
f 373/570/853 375/572/850 372/571/852
f 377/574/854 376/575/855 374/573/856
f 375/572/857 377/574/854 374/573/856
f 379/576/858 378/577/859 376/575/858
f 377/574/860 379/576/858 376/575/858
f 381/578/861 380/579/862 378/577/863
f 379/576/864 381/578/861 378/577/863
f 383/580/865 382/581/866 380/579/867
f 381/578/868 383/580/865 380/579/867
f 331/80/869 328/79/870 382/581/870
f 383/580/871 331/80/869 382/581/870
f 386/610/925 385/611/926 384/3/927
f 387/4/928 386/610/925 384/3/927
f 389/612/929 388/613/930 385/611/931
f 386/610/932 389/612/929 385/611/931
f 391/614/933 390/615/934 388/613/933
f 389/612/935 391/614/933 388/613/933
f 393/616/936 392/617/937 390/615/938
f 391/614/939 393/616/936 390/615/938
f 395/618/940 394/619/941 392/617/942
f 393/616/943 395/618/940 392/617/942
f 397/620/944 396/621/945 394/619/946
f 395/618/947 397/620/944 394/619/946
f 399/622/948 398/623/949 396/621/948
f 397/620/950 399/622/948 396/621/948
f 401/624/951 400/625/952 398/623/951
f 399/622/953 401/624/951 398/623/951
f 403/626/954 402/627/955 400/625/956
f 401/624/957 403/626/954 400/625/956
f 405/628/958 404/629/959 402/627/958
f 403/626/960 405/628/958 402/627/958
f 407/630/961 406/631/962 404/629/962
f 405/628/961 407/630/961 404/629/962
f 409/632/963 408/633/964 406/631/965
f 407/630/966 409/632/963 406/631/965
f 411/634/967 410/635/968 408/633/969
f 409/632/970 411/634/967 408/633/969
f 413/636/971 412/637/972 410/635/973
f 411/634/974 413/636/971 410/635/973
f 415/638/975 414/639/976 412/637/977
f 413/636/978 415/638/975 412/637/977
f 417/640/979 416/641/980 414/639/981
f 415/638/982 417/640/979 414/639/981
f 419/642/983 418/643/984 416/641/985
f 417/640/986 419/642/983 416/641/985
f 421/644/987 420/645/988 418/643/989
f 419/642/990 421/644/987 418/643/989
f 423/646/991 422/647/992 420/645/993
f 421/644/994 423/646/991 420/645/993
f 425/648/995 424/649/996 422/647/997
f 423/646/995 425/648/995 422/647/997
f 427/650/998 426/651/999 424/649/1000
f 425/648/1001 427/650/998 424/649/1000
f 429/652/1002 428/653/1003 426/651/1003
f 427/650/1002 429/652/1002 426/651/1003
f 431/654/1004 430/655/1005 428/653/1006
f 429/652/1007 431/654/1004 428/653/1006
f 433/656/1008 432/657/1009 430/655/1010
f 431/654/1011 433/656/1008 430/655/1010
f 435/658/1012 434/659/1013 432/657/1014
f 433/656/1015 435/658/1012 432/657/1014
f 437/660/1016 436/661/1017 434/659/1018
f 435/658/1019 437/660/1016 434/659/1018
f 439/578/1020 438/579/1021 436/661/1022
f 437/660/1023 439/578/1020 436/661/1022
f 441/662/1024 440/663/1025 438/579/1026
f 439/578/1027 441/662/1024 438/579/1026
f 387/80/1028 384/79/1029 440/663/1030
f 441/662/1031 387/80/1028 440/663/1030
usemtl 3d66_Standardmaterial_17342430_128
f 108/205/316 110/206/317 106/207/318
f 87/208/319 90/209/319 86/210/319
f 148/211/320 150/212/321 146/213/322
f 118/214/323 120/215/324 116/216/325
f 120/215/324 122/217/320 116/216/325
f 98/218/326 100/219/327 96/220/328
f 134/221/329 136/222/330 132/223/326
f 136/222/330 138/224/331 132/223/326
f 160/225/332 86/210/319 158/226/333
f 112/227/334 114/228/335 110/206/317
f 102/229/320 104/230/336 100/219/327
f 90/209/319 92/231/337 86/210/319
f 128/232/338 130/233/329 126/234/339
f 126/234/339 130/233/329 124/235/325
f 124/235/325 130/233/329 122/217/320
f 122/217/320 130/233/329 116/216/325
f 116/216/325 130/233/329 114/228/335
f 114/228/335 130/233/329 110/206/317
f 130/233/329 132/223/326 110/206/317
f 110/206/317 132/223/326 106/207/318
f 132/223/326 138/224/331 106/207/318
f 138/224/331 140/236/327 106/207/318
f 140/236/327 142/237/329 106/207/318
f 106/207/318 142/237/329 104/230/336
f 104/230/336 142/237/329 100/219/327
f 142/237/329 144/238/340 100/219/327
f 100/219/327 144/238/340 96/220/328
f 86/210/319 92/231/337 158/226/333
f 150/212/321 152/239/326 146/213/322
f 152/239/326 154/240/341 146/213/322
f 94/241/327 96/220/328 92/231/337
f 96/220/328 144/238/340 92/231/337
f 92/231/337 144/238/340 158/226/333
f 144/238/340 146/213/322 158/226/333
f 146/213/322 154/240/341 158/226/333
f 158/226/333 154/240/341 156/242/321
f 111/206/342 109/205/343 107/207/344
f 91/209/345 88/208/346 89/210/347
f 151/212/348 149/211/348 147/213/349
f 121/215/350 119/214/351 117/216/352
f 123/217/353 121/215/350 117/216/352
f 101/219/354 99/218/342 97/220/346
f 137/222/345 135/221/345 133/223/355
f 139/224/356 137/222/345 133/223/355
f 89/210/347 161/225/346 159/226/349
f 115/228/357 113/227/358 111/206/342
f 105/230/346 103/229/343 101/219/354
f 93/231/359 91/209/345 89/210/347
f 131/233/358 129/232/360 127/234/361
f 131/233/358 127/234/361 125/235/356
f 131/233/358 125/235/356 123/217/353
f 131/233/358 123/217/353 117/216/352
f 131/233/358 117/216/352 115/228/357
f 131/233/358 115/228/357 111/206/342
f 133/223/355 131/233/358 111/206/342
f 133/223/355 111/206/342 107/207/344
f 139/224/356 133/223/355 107/207/344
f 141/236/357 139/224/356 107/207/344
f 143/237/343 141/236/357 107/207/344
f 143/237/343 107/207/344 105/230/346
f 143/237/343 105/230/346 101/219/354
f 145/238/342 143/237/343 101/219/354
f 145/238/342 101/219/354 97/220/346
f 93/231/359 89/210/347 159/226/349
f 153/239/362 151/212/348 147/213/349
f 155/240/362 153/239/362 147/213/349
f 97/220/346 95/241/346 93/231/359
f 145/238/342 97/220/346 93/231/359
f 145/238/342 93/231/359 159/226/349
f 147/213/349 145/238/342 159/226/349
f 155/240/362 147/213/349 159/226/349
f 155/240/362 159/226/349 157/242/357
usemtl 3d66_Standardmaterial_17342430_130
f 218/325/517 220/326/518 216/327/519
f 204/328/520 206/329/521 202/330/520
f 178/331/522 180/332/522 176/333/523
f 238/334/524 240/335/524 236/336/525
f 212/337/526 214/338/527 210/339/520
f 174/340/524 176/333/523 172/341/528
f 170/342/524 172/341/528 168/343/524
f 202/330/520 206/329/521 200/344/520
f 208/345/527 210/339/520 206/329/521
f 192/346/522 194/347/529 190/348/530
f 240/335/524 242/349/517 236/336/525
f 220/326/518 222/350/531 216/327/519
f 228/351/517 230/352/532 226/353/533
f 230/352/532 232/354/517 226/353/533
f 226/353/533 232/354/517 224/355/533
f 198/356/534 200/344/520 196/357/535
f 186/358/536 188/359/528 184/360/537
f 216/327/519 222/350/531 214/338/527
f 244/361/538 162/362/539 242/349/517
f 162/362/539 163/363/540 242/349/517
f 232/354/517 234/364/533 224/355/533
f 222/350/531 224/355/533 214/338/527
f 214/338/527 224/355/533 210/339/520
f 210/339/520 224/355/533 206/329/521
f 206/329/521 224/355/533 200/344/520
f 224/355/533 234/364/533 200/344/520
f 200/344/520 234/364/533 196/357/535
f 196/357/535 234/364/533 194/347/529
f 194/347/529 234/364/533 190/348/530
f 190/348/530 234/364/533 188/359/528
f 234/364/533 236/336/525 188/359/528
f 188/359/528 236/336/525 184/360/537
f 166/365/534 168/343/524 163/363/540
f 163/363/540 168/343/524 242/349/517
f 242/349/517 168/343/524 236/336/525
f 236/336/525 168/343/524 184/360/537
f 168/343/524 172/341/528 184/360/537
f 172/341/528 176/333/523 184/360/537
f 176/333/523 180/332/522 184/360/537
f 180/332/522 182/366/529 184/360/537
f 221/326/541 219/325/542 217/327/543
f 207/329/544 205/328/545 203/330/546
f 181/332/547 179/331/546 177/333/547
f 241/335/548 239/334/548 237/336/549
f 215/338/548 213/337/550 211/339/546
f 177/333/547 175/340/551 173/341/552
f 173/341/552 171/342/553 169/343/554
f 207/329/544 203/330/546 201/344/547
f 211/339/546 209/345/555 207/329/544
f 195/347/556 193/346/548 191/348/557
f 243/349/558 241/335/548 237/336/549
f 223/350/559 221/326/541 217/327/543
f 231/352/560 229/351/542 227/353/561
f 233/354/562 231/352/560 227/353/561
f 233/354/562 227/353/561 225/355/550
f 201/344/547 199/356/552 197/357/552
f 189/359/563 187/358/556 185/360/558
f 223/350/559 217/327/543 215/338/548
f 165/362/564 245/361/565 243/349/558
f 164/363/564 165/362/564 243/349/558
f 235/364/548 233/354/562 225/355/550
f 225/355/550 223/350/559 215/338/548
f 225/355/550 215/338/548 211/339/546
f 225/355/550 211/339/546 207/329/544
f 225/355/550 207/329/544 201/344/547
f 235/364/548 225/355/550 201/344/547
f 235/364/548 201/344/547 197/357/552
f 235/364/548 197/357/552 195/347/556
f 235/364/548 195/347/556 191/348/557
f 235/364/548 191/348/557 189/359/563
f 237/336/549 235/364/548 189/359/563
f 237/336/549 189/359/563 185/360/558
f 169/343/554 167/365/551 164/363/564
f 169/343/554 164/363/564 243/349/558
f 169/343/554 243/349/558 237/336/549
f 169/343/554 237/336/549 185/360/558
f 173/341/552 169/343/554 185/360/558
f 177/333/547 173/341/552 185/360/558
f 181/332/547 177/333/547 185/360/558
f 183/366/547 181/332/547 185/360/558
usemtl 3d66_Standardmaterial_17342430_132
f 248/367/566 247/368/567 246/369/568
f 249/370/569 248/367/566 246/369/568
f 251/371/570 250/372/571 247/368/570
f 248/367/572 251/371/570 247/368/570
f 253/373/573 252/374/574 250/372/575
f 251/371/576 253/373/573 250/372/575
f 255/375/577 254/376/578 252/374/577
f 253/373/579 255/375/577 252/374/577
f 257/377/580 256/378/581 254/379/581
f 255/380/580 257/377/580 254/379/581
f 259/381/582 258/382/583 256/383/584
f 257/384/585 259/381/582 256/383/584
f 261/385/586 260/386/587 258/382/588
f 259/381/587 261/385/586 258/382/588
f 263/387/589 262/388/590 260/389/591
f 261/390/592 263/387/589 260/389/591
f 265/391/593 264/392/594 262/393/595
f 263/394/595 265/391/593 262/393/595
f 267/395/596 266/396/597 264/392/598
f 265/391/599 267/395/596 264/392/598
f 269/397/600 268/398/600 266/396/601
f 267/395/602 269/397/600 266/396/601
f 271/387/603 270/388/604 268/398/604
f 269/397/605 271/387/603 268/398/604
f 273/399/606 272/400/607 270/401/608
f 271/402/609 273/399/606 270/401/608
f 275/403/610 274/404/611 272/405/612
f 273/406/613 275/403/610 272/405/612
f 277/407/614 276/408/615 274/404/614
f 275/403/616 277/407/614 274/404/614
f 279/409/617 278/410/618 276/411/619
f 277/412/620 279/409/617 276/411/619
f 281/413/621 280/414/622 278/415/623
f 279/416/624 281/413/621 278/415/623
f 283/387/625 282/388/626 280/417/627
f 281/418/628 283/387/625 280/417/627
f 285/419/629 284/420/630 282/421/631
f 283/422/632 285/419/629 282/421/631
f 287/423/633 286/424/634 284/425/635
f 285/426/636 287/423/633 284/425/635
f 289/427/637 288/428/638 286/429/639
f 287/430/637 289/427/637 286/429/639
f 291/431/640 290/432/641 288/428/642
f 289/427/643 291/431/640 288/428/642
f 293/433/644 292/434/645 290/435/645
f 291/436/646 293/433/644 290/435/645
f 295/437/647 294/438/648 292/439/649
f 293/440/650 295/437/647 292/439/649
f 297/441/651 296/442/652 294/443/653
f 295/444/654 297/441/651 294/443/653
f 299/445/655 298/446/656 296/447/657
f 297/448/658 299/445/655 296/447/657
f 301/449/659 300/450/660 298/451/660
f 299/452/661 301/449/659 298/451/660
f 303/453/662 302/454/663 300/455/664
f 301/456/662 303/453/662 300/455/664
f 305/440/665 304/439/666 302/457/667
f 303/458/668 305/440/665 302/457/667
f 307/459/669 306/460/670 304/439/670
f 305/440/669 307/459/669 304/439/670
f 309/461/671 308/462/672 306/460/673
f 307/459/671 309/461/671 306/460/673
f 311/463/674 310/464/675 308/465/676
f 309/466/677 311/463/674 308/465/676
f 313/467/678 312/468/679 310/469/680
f 311/470/681 313/467/678 310/469/680
f 315/471/682 314/472/683 312/468/684
f 313/467/682 315/471/682 312/468/684
f 317/473/685 316/474/686 314/472/616
f 315/471/685 317/473/685 314/472/616
f 319/475/687 318/476/688 316/474/689
f 317/473/690 319/475/687 316/474/689
f 321/477/691 320/478/692 318/476/693
f 319/475/691 321/477/691 318/476/693
f 323/479/694 322/480/694 320/481/695
f 321/482/694 323/479/694 320/481/695
f 325/483/696 324/484/697 322/480/698
f 323/479/699 325/483/696 322/480/698
f 327/485/700 326/486/701 324/484/702
f 325/483/703 327/485/700 324/484/702
f 249/370/704 246/369/705 326/487/706
f 327/488/704 249/370/704 326/487/706
f 444/692/1084 443/693/1085 442/694/1086
f 445/695/1085 444/692/1084 442/694/1086
f 447/696/1087 446/697/1088 443/693/1089
f 444/692/1090 447/696/1087 443/693/1089
f 449/698/1091 448/699/1092 446/697/1093
f 447/696/1094 449/698/1091 446/697/1093
f 451/700/1095 450/701/1096 448/699/1095
f 449/698/1097 451/700/1095 448/699/1095
f 453/702/1098 452/703/1099 450/701/1100
f 451/700/1101 453/702/1098 450/701/1100
f 455/704/1102 454/705/1103 452/706/1104
f 453/707/1105 455/704/1102 452/706/1104
f 457/708/1106 456/709/1107 454/710/1108
f 455/711/1109 457/708/1106 454/710/1108
f 459/712/1110 458/713/1111 456/709/1112
f 457/708/1113 459/712/1110 456/709/1112
f 461/714/1114 460/715/1115 458/713/1116
f 459/712/1117 461/714/1114 458/713/1116
f 463/716/1118 462/717/1118 460/715/1119
f 461/714/1118 463/716/1118 460/715/1119
f 465/718/1120 464/719/1121 462/720/1122
f 463/721/1123 465/718/1120 462/720/1122
f 467/722/1124 466/723/1125 464/724/1126
f 465/725/1127 467/722/1124 464/724/1126
f 469/726/1128 468/727/1129 466/728/1130
f 467/729/1131 469/726/1128 466/728/1130
f 471/730/1132 470/731/1133 468/732/1134
f 469/733/1133 471/730/1132 468/732/1134
f 473/734/1135 472/735/1136 470/736/1137
f 471/737/1138 473/734/1135 470/736/1137
f 475/738/1139 474/739/1140 472/740/1136
f 473/741/1135 475/738/1139 472/740/1136
f 477/742/1141 476/743/1142 474/739/1140
f 475/738/1139 477/742/1141 474/739/1140
f 479/744/1143 478/745/1144 476/743/1142
f 477/742/1141 479/744/1143 476/743/1142
f 481/746/1145 480/747/1146 478/745/1144
f 479/744/1143 481/746/1145 478/745/1144
f 483/748/1147 482/749/1148 480/747/1146
f 481/746/1145 483/748/1147 480/747/1146
f 485/750/1149 484/751/1150 482/749/1148
f 483/748/1147 485/750/1149 482/749/1148
f 487/752/1151 486/753/1152 484/751/1150
f 485/750/1149 487/752/1151 484/751/1150
f 489/754/1153 488/755/1154 486/753/1152
f 487/752/1151 489/754/1153 486/753/1152
f 491/756/1155 490/757/1156 488/755/1154
f 489/754/1153 491/756/1155 488/755/1154
f 493/758/1157 492/759/1158 490/757/1156
f 491/756/1155 493/758/1157 490/757/1156
f 495/760/1159 494/761/1160 492/759/1158
f 493/758/1157 495/760/1159 492/759/1158
f 497/762/1161 496/763/1162 494/761/1160
f 495/760/1159 497/762/1161 494/761/1160
f 499/764/1163 498/765/1164 496/763/1162
f 497/762/1161 499/764/1163 496/763/1162
f 501/387/1165 500/388/1166 498/765/1164
f 499/764/1163 501/387/1165 498/765/1164
f 503/766/1167 502/767/1168 500/768/1169
f 501/769/1170 503/766/1167 500/768/1169
f 505/770/1171 504/771/1172 502/772/1171
f 503/773/1173 505/770/1171 502/772/1171
f 507/774/1174 506/775/1175 504/771/1176
f 505/770/1174 507/774/1174 504/771/1176
f 509/776/1177 508/777/1178 506/775/1177
f 507/774/1179 509/776/1177 506/775/1177
f 511/778/1180 510/779/1181 508/777/1182
f 509/776/1183 511/778/1180 508/777/1182
f 513/780/1184 512/781/1185 510/779/1185
f 511/778/1186 513/780/1184 510/779/1185
f 515/782/1187 514/783/1188 512/784/1189
f 513/785/1190 515/782/1187 512/784/1189
f 517/786/1191 516/787/1192 514/788/1193
f 515/789/1194 517/786/1191 514/788/1193
f 519/387/1195 518/388/1196 516/790/1197
f 517/791/1198 519/387/1195 516/790/1197
f 521/792/1199 520/793/1200 518/794/1200
f 519/795/1201 521/792/1199 518/794/1200
f 523/796/1202 522/797/1203 520/793/1203
f 521/792/1204 523/796/1202 520/793/1203
f 525/798/1205 524/799/1206 522/800/1207
f 523/801/1208 525/798/1205 522/800/1207
f 527/802/1209 526/803/1210 524/804/1211
f 525/805/1212 527/802/1209 524/804/1211
f 529/806/1213 528/807/1214 526/808/1215
f 527/809/1216 529/806/1213 526/808/1215
f 531/810/1217 530/811/1218 528/812/1219
f 529/813/1220 531/810/1217 528/812/1219
f 533/387/1221 532/388/1222 530/814/1223
f 531/815/1224 533/387/1221 530/814/1223
f 445/695/1225 442/694/1226 532/816/1227
f 533/817/1228 445/695/1225 532/816/1227
f 536/864/1283 535/865/1284 534/866/1285
f 537/867/1286 536/864/1283 534/866/1285
f 539/868/1287 538/869/1288 535/865/1289
f 536/864/1290 539/868/1287 535/865/1289
f 541/870/1291 540/871/1292 538/869/1293
f 539/868/1294 541/870/1291 538/869/1293
f 543/872/1295 542/873/1296 540/874/1297
f 541/875/1298 543/872/1295 540/874/1297
f 545/876/1299 544/877/1300 542/454/1301
f 543/453/1302 545/876/1299 542/454/1301
f 547/878/1303 546/879/1304 544/877/1305
f 545/876/1306 547/878/1303 544/877/1305
f 549/880/1307 548/881/1308 546/879/1308
f 547/878/1309 549/880/1307 546/879/1308
f 551/882/1310 550/883/1311 548/881/1312
f 549/880/1313 551/882/1310 548/881/1312
f 553/884/1314 552/885/1315 550/883/1316
f 551/882/1317 553/884/1314 550/883/1316
f 555/387/1318 554/388/1319 552/885/1320
f 553/884/1321 555/387/1318 552/885/1320
f 557/886/1322 556/887/1323 554/816/1324
f 555/817/1325 557/886/1322 554/816/1324
f 559/888/1326 558/889/1327 556/816/1328
f 557/817/1329 559/888/1326 556/816/1328
f 561/890/1330 560/891/1331 558/892/1332
f 559/893/1333 561/890/1330 558/892/1332
f 563/894/1334 562/895/1335 560/896/1336
f 561/897/1337 563/894/1334 560/896/1336
f 565/898/1338 564/899/1339 562/895/1340
f 563/894/1341 565/898/1338 562/895/1340
f 567/900/1342 566/901/1343 564/902/1344
f 565/903/1345 567/900/1342 564/902/1344
f 569/387/1346 568/388/1347 566/904/1348
f 567/905/1349 569/387/1346 566/904/1348
f 571/906/1350 570/907/1351 568/816/1350
f 569/817/1352 571/906/1350 568/816/1350
f 573/908/1353 572/909/1354 570/910/1355
f 571/911/1356 573/908/1353 570/910/1355
f 575/912/1357 574/913/1358 572/909/1359
f 573/908/1360 575/912/1357 572/909/1359
f 577/914/1361 576/915/1362 574/913/1361
f 575/912/1363 577/914/1361 574/913/1361
f 579/916/1364 578/917/1365 576/915/1366
f 577/914/1367 579/916/1364 576/915/1366
f 581/918/1368 580/919/1369 578/920/1370
f 579/921/1371 581/918/1368 578/920/1370
f 583/922/1372 582/923/1373 580/924/1374
f 581/925/1375 583/922/1372 580/924/1374
f 585/742/1376 584/743/1377 582/926/1378
f 583/927/1379 585/742/1376 582/926/1378
f 587/928/1380 586/929/1381 584/930/1382
f 585/931/1383 587/928/1380 584/930/1382
f 589/932/1384 588/933/1385 586/929/1386
f 587/928/1387 589/932/1384 586/929/1386
f 591/934/1388 590/935/1389 588/933/1390
f 589/932/1390 591/934/1388 588/933/1390
f 593/936/1391 592/937/1392 590/935/1393
f 591/934/1394 593/936/1391 590/935/1393
f 595/938/1395 594/939/1396 592/940/1397
f 593/941/1395 595/938/1395 592/940/1397
f 597/942/1398 596/943/1399 594/939/1400
f 595/938/1401 597/942/1398 594/939/1400
f 599/944/1402 598/945/1403 596/946/1404
f 597/947/1405 599/944/1402 596/946/1404
f 601/948/1406 600/949/1407 598/950/1408
f 599/951/1409 601/948/1406 598/950/1408
f 603/952/1410 602/953/1411 600/949/1412
f 601/948/1413 603/952/1410 600/949/1412
f 605/954/1414 604/955/1415 602/816/1415
f 603/817/1416 605/954/1414 602/816/1415
f 607/956/1417 606/957/1418 604/958/1419
f 605/959/1420 607/956/1417 604/958/1419
f 537/867/1421 534/866/1422 606/960/1423
f 607/961/1424 537/867/1421 606/960/1423
usemtl 3d66_Standardmaterial_17342430_131
f 278/489/707 280/490/708 276/491/709
f 294/492/710 296/493/711 292/494/712
f 282/495/713 284/496/714 280/490/708
f 284/496/714 286/497/715 280/490/708
f 326/498/716 246/499/717 324/500/718
f 280/490/708 286/497/715 276/491/709
f 272/501/713 274/502/719 270/503/720
f 274/502/719 276/491/709 270/503/720
f 260/504/721 262/505/722 258/506/723
f 262/505/722 264/507/724 258/506/723
f 258/506/723 264/507/724 256/508/725
f 264/507/724 266/509/726 256/508/725
f 320/510/727 322/511/716 318/512/716
f 322/511/716 324/500/718 318/512/716
f 324/500/718 246/499/717 318/512/716
f 270/503/720 276/491/709 268/513/720
f 268/513/720 276/491/709 266/509/726
f 266/509/726 276/491/709 256/508/725
f 256/508/725 276/491/709 254/514/728
f 276/491/709 286/497/715 254/514/728
f 310/515/729 312/516/730 308/517/729
f 318/512/716 246/499/717 316/518/731
f 246/499/717 247/519/717 316/518/731
f 247/519/717 250/520/732 316/518/731
f 316/518/731 250/520/732 314/521/733
f 314/521/733 250/520/732 312/516/730
f 312/516/730 250/520/732 308/517/729
f 250/520/732 252/522/734 308/517/729
f 308/517/729 252/522/734 306/523/718
f 252/522/734 254/514/728 306/523/718
f 306/523/718 254/514/728 304/524/709
f 304/524/709 254/514/728 302/525/735
f 254/514/728 286/497/715 302/525/735
f 302/525/735 286/497/715 300/526/736
f 300/526/736 286/497/715 298/527/737
f 298/527/737 286/497/715 296/493/711
f 296/493/711 286/497/715 292/494/712
f 286/497/715 288/528/738 292/494/712
f 288/528/738 290/529/739 292/494/712
f 281/490/740 279/489/741 277/491/742
f 297/493/743 295/492/744 293/494/743
f 285/496/745 283/495/746 281/490/740
f 287/497/747 285/496/745 281/490/740
f 249/499/748 327/498/749 325/500/748
f 287/497/747 281/490/740 277/491/742
f 275/502/750 273/501/751 271/503/752
f 277/491/742 275/502/750 271/503/752
f 263/505/753 261/504/754 259/506/755
f 265/507/756 263/505/753 259/506/755
f 265/507/756 259/506/755 257/508/757
f 267/509/756 265/507/756 257/508/757
f 323/511/758 321/510/755 319/512/759
f 325/500/748 323/511/758 319/512/759
f 249/499/748 325/500/748 319/512/759
f 277/491/742 271/503/752 269/513/752
f 277/491/742 269/513/752 267/509/756
f 277/491/742 267/509/756 257/508/757
f 277/491/742 257/508/757 255/514/760
f 287/497/747 277/491/742 255/514/760
f 313/516/761 311/515/752 309/517/762
f 249/499/748 319/512/759 317/518/763
f 248/519/763 249/499/748 317/518/763
f 251/520/764 248/519/763 317/518/763
f 251/520/764 317/518/763 315/521/761
f 251/520/764 315/521/761 313/516/761
f 251/520/764 313/516/761 309/517/762
f 253/522/765 251/520/764 309/517/762
f 253/522/765 309/517/762 307/523/766
f 255/514/760 253/522/765 307/523/766
f 255/514/760 307/523/766 305/524/767
f 255/514/760 305/524/767 303/525/768
f 287/497/747 255/514/760 303/525/768
f 287/497/747 303/525/768 301/526/769
f 287/497/747 301/526/769 299/527/770
f 287/497/747 299/527/770 297/493/743
f 287/497/747 297/493/743 293/494/743
f 289/528/750 287/497/747 293/494/743
f 291/529/771 289/528/750 293/494/743
usemtl 3d66_Standardmaterial_17342430_133
f 364/582/872 366/583/873 362/584/874
f 366/583/873 368/585/875 362/584/874
f 362/584/874 368/585/875 360/586/876
f 368/585/875 370/587/877 360/586/876
f 344/588/878 346/589/879 342/590/880
f 346/589/879 348/591/881 342/590/880
f 378/592/882 380/593/883 376/594/884
f 328/595/885 329/596/886 382/597/887
f 370/587/877 372/598/888 360/586/876
f 382/597/887 329/596/886 380/593/883
f 354/599/889 356/600/890 352/601/891
f 356/600/890 358/602/892 352/601/891
f 352/601/891 358/602/892 350/603/893
f 350/603/893 358/602/892 348/591/881
f 348/591/881 358/602/892 342/590/880
f 342/590/880 358/602/892 340/604/894
f 358/602/892 360/586/876 340/604/894
f 360/586/876 372/598/888 340/604/894
f 372/598/888 374/605/895 340/604/894
f 340/604/894 374/605/895 338/606/896
f 338/606/896 374/605/895 336/607/897
f 374/605/895 376/594/884 336/607/897
f 336/607/897 376/594/884 334/608/898
f 376/594/884 380/593/883 334/608/898
f 380/593/883 329/596/886 334/608/898
f 334/608/898 329/596/886 332/609/899
f 367/583/900 365/582/901 363/584/902
f 369/585/903 367/583/900 363/584/902
f 369/585/903 363/584/902 361/586/904
f 371/587/905 369/585/903 361/586/904
f 347/589/906 345/588/907 343/590/908
f 349/591/909 347/589/906 343/590/908
f 381/593/910 379/592/911 377/594/912
f 330/596/913 331/595/914 383/597/914
f 373/598/915 371/587/905 361/586/904
f 330/596/913 383/597/914 381/593/910
f 357/600/916 355/599/917 353/601/918
f 359/602/909 357/600/916 353/601/918
f 359/602/909 353/601/918 351/603/919
f 359/602/909 351/603/919 349/591/909
f 359/602/909 349/591/909 343/590/908
f 359/602/909 343/590/908 341/604/920
f 361/586/904 359/602/909 341/604/920
f 373/598/915 361/586/904 341/604/920
f 375/605/921 373/598/915 341/604/920
f 375/605/921 341/604/920 339/606/922
f 375/605/921 339/606/922 337/607/923
f 377/594/912 375/605/921 337/607/923
f 377/594/912 337/607/923 335/608/924
f 381/593/910 377/594/912 335/608/924
f 330/596/913 381/593/910 335/608/924
f 330/596/913 335/608/924 333/609/912
usemtl 3d66_Standardmaterial_17342430_134
f 412/664/1032 414/665/1033 410/3/1034
f 388/666/1035 390/667/1036 385/668/1037
f 406/669/1038 408/670/1039 404/671/1040
f 410/3/1034 414/665/1033 408/670/1039
f 408/670/1039 414/665/1033 404/671/1040
f 404/671/1040 414/665/1033 402/672/1041
f 414/665/1033 416/673/1042 402/672/1041
f 402/672/1041 416/673/1042 400/674/1043
f 418/675/1044 420/676/1045 416/673/1042
f 420/676/1045 422/677/1046 416/673/1042
f 392/678/1047 394/679/1048 390/667/1036
f 394/679/1048 396/680/1049 390/667/1036
f 416/673/1042 422/677/1046 400/674/1043
f 422/677/1046 424/681/1050 400/674/1043
f 424/681/1050 426/682/1037 400/674/1043
f 426/682/1037 428/683/1051 400/674/1043
f 400/674/1043 428/683/1051 398/684/1052
f 428/683/1051 430/685/1053 398/684/1052
f 398/684/1052 430/685/1053 396/680/1049
f 430/685/1053 432/686/1054 396/680/1049
f 396/680/1049 432/686/1054 390/667/1036
f 390/667/1036 432/686/1054 385/668/1037
f 385/668/1037 432/686/1054 384/687/1055
f 384/687/1055 432/686/1054 440/688/1056
f 432/686/1054 434/689/1057 440/688/1056
f 434/689/1057 436/690/1058 440/688/1056
f 440/688/1056 436/690/1058 438/691/1059
f 415/665/1060 413/664/1061 411/3/1061
f 391/667/1062 389/666/1063 386/668/1064
f 409/670/1065 407/669/1066 405/671/1067
f 415/665/1060 411/3/1061 409/670/1065
f 415/665/1060 409/670/1065 405/671/1067
f 415/665/1060 405/671/1067 403/672/1068
f 417/673/1069 415/665/1060 403/672/1068
f 417/673/1069 403/672/1068 401/674/1070
f 421/676/1071 419/675/1071 417/673/1069
f 423/677/1072 421/676/1071 417/673/1069
f 395/679/1073 393/678/1074 391/667/1062
f 397/680/1071 395/679/1073 391/667/1062
f 423/677/1072 417/673/1069 401/674/1070
f 425/681/1075 423/677/1072 401/674/1070
f 427/682/1076 425/681/1075 401/674/1070
f 429/683/1077 427/682/1076 401/674/1070
f 429/683/1077 401/674/1070 399/684/1078
f 431/685/1079 429/683/1077 399/684/1078
f 431/685/1079 399/684/1078 397/680/1071
f 433/686/1080 431/685/1079 397/680/1071
f 433/686/1080 397/680/1071 391/667/1062
f 433/686/1080 391/667/1062 386/668/1064
f 433/686/1080 386/668/1064 387/687/1070
f 433/686/1080 387/687/1070 441/688/1081
f 435/689/1081 433/686/1080 441/688/1081
f 437/690/1082 435/689/1081 441/688/1081
f 437/690/1082 441/688/1081 439/691/1083
usemtl 3d66_Standardmaterial_17342430_135
f 464/818/1229 466/819/1230 462/820/1231
f 466/819/1230 468/821/1232 462/820/1231
f 502/822/1233 504/823/1234 500/824/1235
f 500/824/1235 504/823/1234 498/825/1235
f 498/825/1235 504/823/1234 496/826/1236
f 496/826/1236 504/823/1234 494/827/1237
f 494/827/1237 504/823/1234 492/828/1236
f 492/828/1236 504/823/1234 490/829/1238
f 490/829/1238 504/823/1234 488/830/1239
f 514/831/1240 516/832/1241 512/833/1242
f 488/830/1239 504/823/1234 486/834/1235
f 532/835/1243 442/836/1244 530/837/1236
f 486/834/1235 504/823/1234 484/838/1230
f 462/820/1231 468/821/1232 460/839/1230
f 484/838/1230 504/823/1234 482/840/1245
f 442/836/1244 443/841/1244 530/837/1236
f 504/823/1234 506/842/1246 482/840/1245
f 482/840/1245 506/842/1246 480/843/1245
f 480/843/1245 506/842/1246 478/844/1245
f 478/844/1245 506/842/1246 476/845/1238
f 454/846/1247 456/847/1247 452/848/1248
f 456/847/1247 458/849/1248 452/848/1248
f 476/845/1238 506/842/1246 474/850/1236
f 506/842/1246 508/851/1249 474/850/1236
f 474/850/1236 508/851/1249 472/852/1232
f 508/851/1249 510/853/1250 472/852/1232
f 460/839/1230 468/821/1232 458/849/1248
f 458/849/1248 468/821/1232 452/848/1248
f 468/821/1232 470/854/1243 452/848/1248
f 452/848/1248 470/854/1243 450/855/1243
f 470/854/1243 472/852/1232 450/855/1243
f 472/852/1232 510/853/1250 450/855/1243
f 450/855/1243 510/853/1250 448/856/1251
f 510/853/1250 512/833/1242 448/856/1251
f 448/856/1251 512/833/1242 446/857/1245
f 446/857/1245 512/833/1242 443/841/1244
f 443/841/1244 512/833/1242 530/837/1236
f 512/833/1242 516/832/1241 530/837/1236
f 530/837/1236 516/832/1241 528/858/1241
f 528/858/1241 516/832/1241 526/859/1230
f 516/832/1241 518/860/1241 526/859/1230
f 518/860/1241 520/861/1249 526/859/1230
f 520/861/1249 522/862/1241 526/859/1230
f 526/859/1230 522/862/1241 524/863/1241
f 467/819/1252 465/818/1253 463/820/1254
f 469/821/1252 467/819/1252 463/820/1254
f 505/823/1255 503/822/1256 501/824/1257
f 505/823/1255 501/824/1257 499/825/1256
f 505/823/1255 499/825/1256 497/826/1258
f 505/823/1255 497/826/1258 495/827/1259
f 505/823/1255 495/827/1259 493/828/1260
f 505/823/1255 493/828/1260 491/829/1261
f 505/823/1255 491/829/1261 489/830/1262
f 517/832/1263 515/831/1264 513/833/1265
f 505/823/1255 489/830/1262 487/834/1262
f 445/836/1265 533/835/1266 531/837/1267
f 505/823/1255 487/834/1262 485/838/1268
f 469/821/1252 463/820/1254 461/839/1268
f 505/823/1255 485/838/1268 483/840/1269
f 444/841/1270 445/836/1265 531/837/1267
f 507/842/1271 505/823/1255 483/840/1269
f 507/842/1271 483/840/1269 481/843/1272
f 507/842/1271 481/843/1272 479/844/1273
f 507/842/1271 479/844/1273 477/845/1272
f 457/847/1274 455/846/1275 453/848/1276
f 459/849/1277 457/847/1274 453/848/1276
f 507/842/1271 477/845/1272 475/850/1259
f 509/851/1278 507/842/1271 475/850/1259
f 509/851/1278 475/850/1259 473/852/1260
f 511/853/1264 509/851/1278 473/852/1260
f 469/821/1252 461/839/1268 459/849/1277
f 469/821/1252 459/849/1277 453/848/1276
f 471/854/1260 469/821/1252 453/848/1276
f 471/854/1260 453/848/1276 451/855/1260
f 473/852/1260 471/854/1260 451/855/1260
f 511/853/1264 473/852/1260 451/855/1260
f 511/853/1264 451/855/1260 449/856/1279
f 513/833/1265 511/853/1264 449/856/1279
f 513/833/1265 449/856/1279 447/857/1260
f 513/833/1265 447/857/1260 444/841/1270
f 513/833/1265 444/841/1270 531/837/1267
f 517/832/1263 513/833/1265 531/837/1267
f 517/832/1263 531/837/1267 529/858/1253
f 517/832/1263 529/858/1253 527/859/1280
f 519/860/1281 517/832/1263 527/859/1280
f 521/861/1281 519/860/1281 527/859/1280
f 523/862/1282 521/861/1281 527/859/1280
f 523/862/1282 527/859/1280 525/863/1273
usemtl 3d66_Standardmaterial_17342430_136
f 568/962/1425 570/963/1426 566/964/1427
f 566/964/1427 570/963/1426 564/965/1427
f 554/3/1428 556/966/1429 552/967/1430
f 556/966/1429 558/968/1431 552/967/1430
f 552/967/1430 558/968/1431 550/969/1432
f 580/970/1433 582/971/1434 578/972/1435
f 570/963/1426 572/973/1436 564/965/1427
f 564/965/1427 572/973/1436 562/974/1436
f 562/974/1436 572/973/1436 560/975/1437
f 572/973/1436 574/976/1438 560/975/1437
f 584/977/1439 586/978/1437 582/971/1434
f 586/978/1437 588/979/1440 582/971/1434
f 602/980/1441 604/981/1442 600/982/1428
f 606/983/1443 534/984/1444 604/981/1442
f 534/984/1444 535/985/1441 604/981/1442
f 604/981/1442 535/985/1441 600/982/1428
f 542/986/1441 544/987/1445 540/988/1446
f 582/971/1434 588/979/1440 578/972/1435
f 574/976/1438 576/989/1428 560/975/1437
f 560/975/1437 576/989/1428 558/968/1431
f 598/990/1440 600/982/1428 596/991/1440
f 600/982/1428 535/985/1441 596/991/1440
f 558/968/1431 576/989/1428 550/969/1432
f 550/969/1432 576/989/1428 548/992/1447
f 548/992/1447 576/989/1428 546/993/1448
f 546/993/1448 576/989/1428 544/987/1445
f 544/987/1445 576/989/1428 540/988/1446
f 540/988/1446 576/989/1428 538/994/1428
f 538/994/1428 576/989/1428 535/985/1441
f 535/985/1441 576/989/1428 596/991/1440
f 576/989/1428 578/972/1435 596/991/1440
f 578/972/1435 588/979/1440 596/991/1440
f 588/979/1440 590/995/1449 596/991/1440
f 590/995/1449 592/996/1428 596/991/1440
f 592/996/1428 594/997/1450 596/991/1440
f 571/963/1451 569/962/1452 567/964/1453
f 571/963/1451 567/964/1453 565/965/1454
f 557/966/1455 555/3/1456 553/967/1457
f 559/968/1458 557/966/1455 553/967/1457
f 559/968/1458 553/967/1457 551/969/1459
f 583/971/1460 581/970/1461 579/972/1462
f 573/973/1460 571/963/1451 565/965/1454
f 573/973/1460 565/965/1454 563/974/1463
f 573/973/1460 563/974/1463 561/975/1464
f 575/976/1464 573/973/1460 561/975/1464
f 587/978/1464 585/977/1464 583/971/1460
f 589/979/1465 587/978/1464 583/971/1460
f 605/981/1466 603/980/1467 601/982/1455
f 537/984/1468 607/983/1469 605/981/1466
f 536/985/1470 537/984/1468 605/981/1466
f 536/985/1470 605/981/1466 601/982/1455
f 545/987/1455 543/986/1471 541/988/1472
f 589/979/1465 583/971/1460 579/972/1462
f 577/989/1473 575/976/1464 561/975/1464
f 577/989/1473 561/975/1464 559/968/1458
f 601/982/1455 599/990/1455 597/991/1473
f 536/985/1470 601/982/1455 597/991/1473
f 577/989/1473 559/968/1458 551/969/1459
f 577/989/1473 551/969/1459 549/992/1472
f 577/989/1473 549/992/1472 547/993/1474
f 577/989/1473 547/993/1474 545/987/1455
f 577/989/1473 545/987/1455 541/988/1472
f 577/989/1473 541/988/1472 539/994/1475
f 577/989/1473 539/994/1475 536/985/1470
f 577/989/1473 536/985/1470 597/991/1473
f 579/972/1462 577/989/1473 597/991/1473
f 589/979/1465 579/972/1462 597/991/1473
f 591/995/1470 589/979/1465 597/991/1473
f 593/996/1476 591/995/1470 597/991/1473
f 595/997/1477 593/996/1476 597/991/1473
usemtl 3d66_Standardmaterial_17342430_138
f 610/2/1478 609/1/1479 608/3/1480
f 611/4/1481 610/2/1478 608/3/1480
f 613/6/1482 612/5/1483 609/1/1484
f 610/2/1482 613/6/1482 609/1/1484
f 615/8/1485 614/7/1486 612/5/1486
f 613/6/1487 615/8/1485 612/5/1486
f 617/10/1488 616/9/1489 614/7/1490
f 615/8/1491 617/10/1488 614/7/1490
f 619/12/1492 618/11/1493 616/9/1492
f 617/10/1494 619/12/1492 616/9/1492
f 621/14/1495 620/13/1495 618/11/1495
f 619/12/1496 621/14/1495 618/11/1495
f 623/16/1497 622/15/1498 620/13/1499
f 621/14/1500 623/16/1497 620/13/1499
f 625/18/1501 624/17/1502 622/15/1503
f 623/16/1504 625/18/1501 622/15/1503
f 627/20/1505 626/19/1506 624/17/1507
f 625/18/1508 627/20/1505 624/17/1507
f 629/22/1509 628/21/1510 626/19/1510
f 627/20/1511 629/22/1509 626/19/1510
f 631/24/1512 630/23/1513 628/21/1514
f 629/22/1515 631/24/1512 628/21/1514
f 633/26/1516 632/25/1517 630/23/1517
f 631/24/1516 633/26/1516 630/23/1517
f 635/28/1518 634/27/1519 632/25/1520
f 633/26/1521 635/28/1518 632/25/1520
f 637/30/1522 636/34/1523 634/27/1524
f 635/28/1525 637/30/1522 634/27/1524
f 639/33/1526 638/32/1527 636/34/1526
f 637/30/1526 639/33/1526 636/34/1526
f 641/36/1528 640/35/1529 638/32/1530
f 639/33/1531 641/36/1528 638/32/1530
f 643/38/1532 642/37/1533 640/35/1534
f 641/36/1535 643/38/1532 640/35/1534
f 645/40/1536 644/39/1537 642/37/1538
f 643/38/1539 645/40/1536 642/37/1538
f 647/42/1540 646/41/1541 644/39/1542
f 645/40/1543 647/42/1540 644/39/1542
f 649/44/1544 648/43/1545 646/41/1546
f 647/42/1544 649/44/1544 646/41/1546
f 651/46/1547 650/45/1548 648/43/1549
f 649/44/1550 651/46/1547 648/43/1549
f 653/48/1551 652/47/1552 650/45/1552
f 651/46/1553 653/48/1551 650/45/1552
f 655/50/1554 654/49/1555 652/47/1555
f 653/48/1556 655/50/1554 652/47/1555
f 657/52/1557 656/51/1558 654/49/1558
f 655/50/1559 657/52/1557 654/49/1558
f 659/54/1560 658/53/1561 656/51/1562
f 657/52/1563 659/54/1560 656/51/1562
f 661/56/1564 660/55/1565 658/53/1566
f 659/54/1564 661/56/1564 658/53/1566
f 663/58/1567 662/57/1568 660/55/1569
f 661/56/1570 663/58/1567 660/55/1569
f 665/60/1571 664/59/1572 662/57/1573
f 663/58/1574 665/60/1571 662/57/1573
f 667/61/1575 666/998/1576 664/59/1577
f 665/60/1578 667/61/1575 664/59/1577
f 669/999/1579 668/1000/1580 666/998/1581
f 667/61/1581 669/999/1579 666/998/1581
f 671/1001/1582 670/1002/1583 668/1000/1584
f 669/999/1584 671/1001/1582 668/1000/1584
f 673/1003/1585 672/1004/1586 670/1002/1587
f 671/1001/1588 673/1003/1585 670/1002/1587
f 675/1005/1589 674/1006/1589 672/1004/1590
f 673/1003/1590 675/1005/1589 672/1004/1590
f 677/1007/1591 676/1008/1592 674/1006/1593
f 675/1005/1593 677/1007/1591 674/1006/1593
f 679/1009/1594 678/1010/1595 676/1008/1596
f 677/1007/1597 679/1009/1594 676/1008/1596
f 681/1011/1598 680/1012/1599 678/1010/1600
f 679/1009/1601 681/1011/1598 678/1010/1600
f 683/1013/1602 682/1014/1603 680/1012/1604
f 681/1011/1605 683/1013/1602 680/1012/1604
f 685/1015/1606 684/1016/1607 682/1014/1608
f 683/1013/1607 685/1015/1606 682/1014/1608
f 687/1017/1609 686/1018/1610 684/1016/1611
f 685/1015/1612 687/1017/1609 684/1016/1611
f 689/1019/1613 688/1020/1613 686/1018/1614
f 687/1017/1615 689/1019/1613 686/1018/1614
f 691/1021/1616 690/1022/1617 688/1020/1618
f 689/1019/1619 691/1021/1616 688/1020/1618
f 693/1023/1620 692/1024/1620 690/1022/1621
f 691/1021/1622 693/1023/1620 690/1022/1621
f 695/1025/1623 694/1026/1624 692/1024/1625
f 693/1023/1626 695/1025/1623 692/1024/1625
f 697/187/1627 696/188/1628 694/1026/1629
f 695/1025/1630 697/187/1627 694/1026/1629
f 699/1027/1631 698/64/1632 696/188/1633
f 697/187/1634 699/1027/1631 696/188/1633
f 701/63/1635 700/62/1636 698/64/1637
f 699/1027/1635 701/63/1635 698/64/1637
f 703/66/1638 702/65/1639 700/62/1640
f 701/63/1641 703/66/1638 700/62/1640
f 705/68/1642 704/67/1643 702/65/1644
f 703/66/1645 705/68/1642 702/65/1644
f 707/70/1646 706/69/1647 704/67/1648
f 705/68/1649 707/70/1646 704/67/1648
f 709/71/1650 708/74/1651 706/69/1652
f 707/70/1653 709/71/1650 706/69/1652
f 711/73/1654 710/72/1655 708/74/1656
f 709/71/1657 711/73/1654 708/74/1656
f 713/76/1658 712/75/1659 710/72/1660
f 711/73/1660 713/76/1658 710/72/1660
f 715/78/1661 714/77/1662 712/75/1663
f 713/76/1664 715/78/1661 712/75/1663
f 611/80/1665 608/79/1666 714/77/1667
f 715/78/1665 611/80/1665 714/77/1667
usemtl 3d66_Standardmaterial_17342430_137
f 672/1028/1668 674/1029/1668 670/1030/1668
f 670/1030/1668 674/1029/1668 668/1031/1669
f 686/1032/1670 688/1033/1670 684/1034/1671
f 688/1033/1670 690/1035/1672 684/1034/1671
f 690/1035/1672 692/1036/1668 684/1034/1671
f 684/1034/1671 692/1036/1668 682/1037/1673
f 692/1036/1668 694/1038/1674 682/1037/1673
f 682/1037/1673 694/1038/1674 680/1039/1668
f 694/1038/1674 696/1040/1673 680/1039/1668
f 696/1040/1673 698/90/1675 680/1039/1668
f 680/1039/1668 698/90/1675 678/1041/1676
f 634/82/1677 636/85/1678 632/83/1678
f 636/85/1678 638/84/1679 632/83/1678
f 632/83/1678 638/84/1679 630/87/1680
f 630/87/1680 638/84/1679 628/88/1681
f 668/1031/1669 674/1029/1668 666/1042/1682
f 674/1029/1668 676/91/1683 666/1042/1682
f 666/1042/1682 676/91/1683 664/92/1684
f 678/1041/1676 698/90/1675 676/91/1683
f 698/90/1675 700/89/1685 676/91/1683
f 676/91/1683 700/89/1685 664/92/1684
f 608/94/1679 609/93/1686 714/95/1687
f 626/96/1688 628/88/1681 624/97/1670
f 628/88/1681 638/84/1679 624/97/1670
f 624/97/1670 638/84/1679 622/99/1689
f 644/101/1668 646/100/1668 642/102/1690
f 646/100/1668 648/103/1670 642/102/1690
f 609/93/1686 612/104/1680 714/95/1687
f 612/104/1680 614/105/1677 714/95/1687
f 614/105/1677 616/106/1691 714/95/1687
f 616/106/1691 618/107/1671 714/95/1687
f 714/95/1687 618/107/1671 712/108/1678
f 712/108/1678 618/107/1671 710/109/1687
f 618/107/1671 620/110/1678 710/109/1687
f 620/110/1678 622/99/1689 710/109/1687
f 622/99/1689 638/84/1679 710/109/1687
f 710/109/1687 638/84/1679 708/112/1678
f 708/112/1678 638/84/1679 706/113/1689
f 706/113/1689 638/84/1679 704/114/1677
f 638/84/1679 640/115/1669 704/114/1677
f 704/114/1677 640/115/1669 702/116/1689
f 640/115/1669 642/102/1690 702/116/1689
f 702/116/1689 642/102/1690 700/89/1685
f 700/89/1685 642/102/1690 664/92/1684
f 664/92/1684 642/102/1690 662/117/1668
f 642/102/1690 648/103/1670 662/117/1668
f 648/103/1670 650/118/1669 662/117/1668
f 662/117/1668 650/118/1669 660/119/1692
f 650/118/1669 652/120/1681 660/119/1692
f 660/119/1692 652/120/1681 658/121/1693
f 652/120/1681 654/122/1694 658/121/1693
f 658/121/1693 654/122/1694 656/123/1695
f 675/1029/1696 673/1028/1697 671/1030/1697
f 675/1029/1696 671/1030/1697 669/1031/1698
f 689/1033/1699 687/1032/1699 685/1034/1700
f 691/1035/1697 689/1033/1699 685/1034/1700
f 693/1036/1701 691/1035/1697 685/1034/1700
f 693/1036/1701 685/1034/1700 683/1037/1702
f 695/1038/1703 693/1036/1701 683/1037/1702
f 695/1038/1703 683/1037/1702 681/1039/1704
f 697/1040/1698 695/1038/1703 681/1039/1704
f 699/90/1705 697/1040/1698 681/1039/1704
f 699/90/1705 681/1039/1704 679/1041/1697
f 637/85/1706 635/82/1704 633/83/1704
f 639/84/1702 637/85/1706 633/83/1704
f 639/84/1702 633/83/1704 631/87/1703
f 639/84/1702 631/87/1703 629/88/1707
f 675/1029/1696 669/1031/1698 667/1042/1708
f 677/91/1709 675/1029/1696 667/1042/1708
f 677/91/1709 667/1042/1708 665/92/1710
f 699/90/1705 679/1041/1697 677/91/1709
f 701/89/1711 699/90/1705 677/91/1709
f 701/89/1711 677/91/1709 665/92/1710
f 610/93/1704 611/94/1712 715/95/1713
f 629/88/1707 627/96/1702 625/97/1714
f 639/84/1702 629/88/1707 625/97/1714
f 639/84/1702 625/97/1714 623/99/1715
f 647/100/1716 645/101/1698 643/102/1717
f 649/103/1717 647/100/1716 643/102/1717
f 613/104/1718 610/93/1704 715/95/1713
f 615/105/1719 613/104/1718 715/95/1713
f 617/106/1720 615/105/1719 715/95/1713
f 619/107/1703 617/106/1720 715/95/1713
f 619/107/1703 715/95/1713 713/108/1704
f 619/107/1703 713/108/1704 711/109/1701
f 621/110/1702 619/107/1703 711/109/1701
f 623/99/1715 621/110/1702 711/109/1701
f 639/84/1702 623/99/1715 711/109/1701
f 639/84/1702 711/109/1701 709/112/1702
f 639/84/1702 709/112/1702 707/113/1697
f 639/84/1702 707/113/1697 705/114/1702
f 641/115/1721 639/84/1702 705/114/1702
f 641/115/1721 705/114/1702 703/116/1697
f 643/102/1717 641/115/1721 703/116/1697
f 643/102/1717 703/116/1697 701/89/1711
f 643/102/1717 701/89/1711 665/92/1710
f 643/102/1717 665/92/1710 663/117/1698
f 649/103/1717 643/102/1717 663/117/1698
f 651/118/1698 649/103/1717 663/117/1698
f 651/118/1698 663/117/1698 661/119/1722
f 653/120/1723 651/118/1698 661/119/1722
f 653/120/1723 661/119/1722 659/121/1724
f 655/122/1725 653/120/1723 659/121/1724
f 655/122/1725 659/121/1724 657/123/1726
usemtl 3d66_Standardmaterial_17342430_127
f 3/1/1 2/2/2 1/3/1
f 2/2/2 4/4/2 1/3/1
f 6/5/3 5/6/4 3/1/3
f 5/6/4 2/2/5 3/1/3
f 8/7/6 7/8/7 6/5/6
f 7/8/7 5/6/8 6/5/6
f 10/9/9 9/10/9 8/7/9
f 9/10/9 7/8/10 8/7/9
f 12/11/11 11/12/12 10/9/11
f 11/12/12 9/10/12 10/9/11
f 14/13/13 13/14/14 12/11/13
f 13/14/14 11/12/15 12/11/13
f 16/15/16 15/16/17 14/13/18
f 15/16/17 13/14/19 14/13/18
f 18/17/20 17/18/21 16/15/20
f 17/18/21 15/16/22 16/15/20
f 20/19/23 19/20/23 18/17/23
f 19/20/23 17/18/23 18/17/23
f 22/21/24 21/22/25 20/19/26
f 21/22/25 19/20/27 20/19/26
f 24/23/28 23/24/29 22/21/28
f 23/24/29 21/22/29 22/21/28
f 26/25/30 25/26/31 24/23/32
f 25/26/31 23/24/31 24/23/32
f 28/27/33 27/28/34 26/25/33
f 27/28/34 25/26/34 26/25/33
f 30/29/35 29/30/36 28/27/36
f 29/30/36 31/31/36 28/27/36
f 34/32/37 33/33/38 32/34/39
f 33/33/38 29/30/40 32/34/39
f 36/35/41 35/36/41 34/32/41
f 35/36/41 33/33/42 34/32/41
f 38/37/43 37/38/44 36/35/43
f 37/38/44 35/36/44 36/35/43
f 40/39/45 39/40/46 38/37/47
f 39/40/46 37/38/48 38/37/47
f 42/41/49 41/42/50 40/39/51
f 41/42/50 39/40/50 40/39/51
f 44/43/52 43/44/53 42/41/54
f 43/44/53 41/42/55 42/41/54
f 46/45/56 45/46/57 44/43/58
f 45/46/57 43/44/59 44/43/58
f 48/47/60 47/48/61 46/45/62
f 47/48/61 45/46/60 46/45/62
f 50/49/63 49/50/64 48/47/65
f 49/50/64 47/48/64 48/47/65
f 52/51/66 51/52/67 50/49/66
f 51/52/67 49/50/67 50/49/66
f 54/53/68 53/54/69 52/51/68
f 53/54/69 51/52/69 52/51/68
f 56/55/70 55/56/71 54/53/72
f 55/56/71 53/54/73 54/53/72
f 58/57/74 57/58/75 56/55/74
f 57/58/75 55/56/75 56/55/74
f 60/59/76 59/60/77 58/57/78
f 59/60/77 57/58/77 58/57/78
f 61/61/79 59/60/79 60/59/79
f 64/62/80 63/63/80 62/64/80
f 66/65/81 65/66/82 64/62/81
f 65/66/82 63/63/83 64/62/81
f 68/67/84 67/68/85 66/65/84
f 67/68/85 65/66/85 66/65/84
f 70/69/86 69/70/87 68/67/86
f 69/70/87 67/68/87 68/67/86
f 71/71/88 69/70/89 70/69/90
f 74/72/91 73/73/92 72/74/93
f 76/75/94 75/76/94 74/72/94
f 75/76/94 73/73/94 74/72/94
f 78/77/95 77/78/95 76/75/95
f 77/78/95 75/76/95 76/75/95
f 1/79/96 4/80/96 78/77/97
f 4/80/96 77/78/96 78/77/97
f 72/128/90 71/71/88 70/69/90
f 73/73/92 71/71/182 72/128/93
f 32/34/36 29/30/36 30/29/35
f 31/31/36 27/28/36 28/27/36
usemtl 3d66_Standardmaterial_17342430_126
f 79/81/98 28/82/99 26/83/100
f 34/84/101 32/85/102 79/81/98
f 80/86/103 26/83/100 24/87/104
f 80/86/103 24/87/104 22/88/105
f 64/89/106 62/90/107 61/91/108
f 64/89/106 61/91/108 60/92/109
f 3/93/110 1/94/111 78/95/112
f 22/88/105 20/96/113 18/97/114
f 81/98/115 22/88/105 18/97/114
f 81/98/115 18/97/114 16/99/116
f 42/100/117 40/101/118 38/102/119
f 44/103/120 42/100/117 38/102/119
f 6/104/121 3/93/110 78/95/112
f 8/105/122 6/104/121 78/95/112
f 10/106/123 8/105/122 78/95/112
f 12/107/124 10/106/123 78/95/112
f 12/107/124 78/95/112 76/108/125
f 12/107/124 76/108/125 74/109/126
f 14/110/127 12/107/124 74/109/126
f 16/99/116 14/110/127 74/109/126
f 82/111/128 16/99/116 74/109/126
f 82/111/128 74/109/126 72/112/129
f 34/84/101 70/113/130 68/114/131
f 36/115/132 34/84/101 68/114/131
f 36/115/132 68/114/131 66/116/133
f 38/102/119 36/115/132 66/116/133
f 38/102/119 66/116/133 64/89/106
f 38/102/119 64/89/106 60/92/109
f 38/102/119 60/92/109 58/117/134
f 44/103/120 38/102/119 58/117/134
f 46/118/135 44/103/120 58/117/134
f 46/118/135 58/117/134 56/119/136
f 48/120/137 46/118/135 56/119/136
f 48/120/137 56/119/136 54/121/138
f 50/122/139 48/120/137 54/121/138
f 50/122/139 54/121/138 52/123/140
f 27/82/141 31/124/142 25/83/143
f 29/85/144 33/84/145 83/125/146
f 25/83/143 83/125/146 23/87/147
f 83/125/146 33/84/145 84/126/148
f 62/90/107 63/89/149 61/91/108
f 61/91/108 63/89/149 59/92/150
f 4/94/151 2/93/152 77/95/153
f 19/96/154 21/88/155 17/97/156
f 21/88/155 84/126/148 17/97/156
f 84/126/148 33/84/145 85/127/157
f 39/101/158 41/100/159 37/102/160
f 41/100/159 43/103/161 37/102/160
f 2/93/152 5/104/162 77/95/153
f 5/104/162 7/105/163 77/95/153
f 7/105/163 9/106/164 77/95/153
f 9/106/164 11/107/165 77/95/153
f 77/95/153 11/107/165 75/108/166
f 75/108/166 11/107/165 73/109/167
f 11/107/165 13/110/168 73/109/167
f 13/110/168 15/99/169 73/109/167
f 15/99/169 85/127/157 73/109/167
f 85/127/157 33/84/145 71/112/170
f 71/112/170 33/84/145 69/113/171
f 69/113/171 33/84/145 67/114/172
f 33/84/145 35/115/173 67/114/172
f 67/114/172 35/115/173 65/116/174
f 35/115/173 37/102/160 65/116/174
f 65/116/174 37/102/160 63/89/149
f 63/89/149 37/102/160 59/92/150
f 59/92/150 37/102/160 57/117/175
f 37/102/160 43/103/161 57/117/175
f 43/103/161 45/118/176 57/117/175
f 57/117/175 45/118/176 55/119/177
f 45/118/176 47/120/178 55/119/177
f 55/119/177 47/120/178 53/121/179
f 47/120/178 49/122/180 53/121/179
f 53/121/179 49/122/180 51/123/181
f 34/84/101 72/129/129 70/113/130
f 34/84/101 82/111/128 72/129/129
f 81/98/115 16/99/116 82/111/128
f 34/84/101 81/98/115 82/111/128
f 80/86/103 22/88/105 81/98/115
f 34/84/101 80/86/103 81/98/115
f 79/81/98 26/83/100 80/86/103
f 34/84/101 79/81/98 80/86/103
f 30/130/183 28/82/99 79/81/98
f 32/85/102 30/130/183 79/81/98
f 73/109/167 85/127/157 71/112/170
f 17/97/156 85/127/157 15/99/169
f 17/97/156 84/126/148 85/127/157
f 23/87/147 84/126/148 21/88/155
f 23/87/147 83/125/146 84/126/148
f 29/85/144 83/125/146 31/124/142
f 31/124/142 83/125/146 25/83/143
