# Blender 4.3.2
# www.blender.org
mtllib 兽8.mtl
o Obj3d66_17342430_40_666.006
v 3929.786377 827.127747 -27348.718750
v 3924.340576 827.271851 -27347.828125
v 3972.489258 827.269714 -27395.976562
v 3971.756836 827.125854 -27390.689453
v 3919.541504 825.560242 -27346.875000
v 3973.298584 825.558228 -27400.630859
v 3917.604248 823.250000 -27346.449219
v 3973.665527 823.248413 -27402.509766
v 3917.817383 820.452026 -27346.496094
v 3973.623535 820.451111 -27402.302734
v 3923.868164 815.846924 -27347.767578
v 3972.529053 815.847046 -27396.427734
v 3924.740479 811.819824 -27347.957031
v 3972.359131 811.820801 -27395.574219
v 3931.327393 807.515747 -27349.107422
v 3971.370605 807.517334 -27389.150391
v 3929.911865 805.594299 -27348.925781
v 3971.507812 805.596130 -27390.521484
v 3928.297363 806.170837 -27348.652344
v 3971.743164 806.172729 -27392.097656
v 3925.665527 804.844299 -27348.195312
v 3972.128906 804.846497 -27394.658203
v 3923.479736 801.682495 -27347.791016
v 3972.470947 801.685242 -27396.781250
v 3922.271484 796.786438 -27347.572266
v 3972.650635 796.789612 -27397.951172
v 3919.511719 789.807007 -27346.949219
v 3973.201904 789.810852 -27400.640625
v 3948.534912 789.776733 -27351.179688
v 3971.008057 789.760498 -27359.802734
v 3969.450439 789.778809 -27372.490234
v 3960.946777 789.759705 -27349.740234
v 3962.064697 799.148254 -27348.490234
v 3972.473877 799.149109 -27358.898438
v 3965.485107 802.868225 -27346.902344
v 3974.163818 802.868896 -27355.580078
v 3970.083496 804.424438 -27344.283203
v 3976.840576 804.424927 -27351.039062
v 3970.513672 803.725098 -27344.052734
v 3977.057373 803.725647 -27350.595703
v 3971.686279 804.133118 -27343.164062
v 3977.955078 804.133545 -27349.431641
v 3971.979492 805.190002 -27342.845703
v 3978.296387 805.190308 -27349.160156
v 3974.652344 808.450806 -27340.167969
v 3981.030029 808.451111 -27346.542969
v 3974.183838 810.951843 -27340.468750
v 3980.772217 810.952026 -27347.056641
v 3974.171143 812.758301 -27340.375000
v 3980.894043 812.758606 -27347.095703
v 3973.550049 813.865601 -27340.908203
v 3980.376221 813.865845 -27347.730469
v 3972.138916 813.337036 -27342.156250
v 3979.117676 813.337097 -27349.134766
v 3970.770020 812.583435 -27343.238281
v 3978.021240 812.583740 -27350.488281
v 3969.342529 812.466919 -27344.201172
v 3977.048096 812.467041 -27351.904297
v 3968.541748 814.792297 -27344.572266
v 3976.697266 814.792297 -27352.726562
v 3972.436768 816.091736 -27349.566406
v 3970.040771 816.320496 -27351.269531
v 3963.927002 815.315430 -27346.791016
v 3974.429443 815.315552 -27357.292969
v 3962.258789 814.972839 -27347.419922
v 3973.774414 814.972900 -27358.935547
v 3958.004639 815.380737 -27348.605469
v 3972.521484 815.380798 -27363.121094
v 3954.251465 818.644653 -27349.220703
v 3971.854492 818.644409 -27366.824219
v 3971.418945 819.448608 -27369.929688
v 3951.348145 819.382507 -27349.568359
v 3946.417969 819.722351 -27349.865234
v 3971.041016 819.721924 -27374.486328
v 3941.665527 823.057434 -27349.810547
v 3970.986084 823.056519 -27379.130859
v 3930.961914 824.019531 -27348.886719
v 3971.621582 824.018250 -27389.544922
v 3948.755615 792.346497 -27350.990234
v 3949.471436 800.122620 -27350.464844
v 3949.653320 801.971008 -27350.351562
v 3950.968994 814.064697 -27349.734375
v 3970.169678 798.218750 -27371.921875
v 3970.417969 801.488708 -27371.669922
v 3970.529297 803.042908 -27371.544922
v 4192.985352 754.340942 -27132.148438
v 4188.426270 755.573730 -27128.064453
v 4192.766113 755.505554 -27132.359375
v 4188.645508 754.409241 -27127.853516
v 4187.249023 754.520996 -27129.291016
v 4191.589844 754.454102 -27133.585938
v 4186.931641 753.025696 -27129.636719
v 4191.272949 752.959351 -27133.931641
v 4185.435547 751.400635 -27131.197266
v 4189.778320 751.335632 -27135.492188
v 4185.719238 749.696045 -27130.927734
v 4190.062012 749.630798 -27135.222656
v 4184.448730 749.039551 -27132.244141
v 4188.792480 748.975708 -27136.539062
v 4184.693848 748.398132 -27132.000000
v 4189.037598 748.334106 -27136.294922
v 4183.322266 747.196655 -27133.427734
v 4187.667480 747.134033 -27137.722656
v 4183.562012 746.486450 -27133.189453
v 4187.906738 746.423645 -27137.484375
v 4182.873535 743.901306 -27133.931641
v 4187.219238 743.839539 -27138.226562
v 4182.045898 743.437744 -27134.789062
v 4186.392090 743.376648 -27139.085938
v 4182.304688 743.010498 -27134.529297
v 4186.650391 742.949219 -27138.824219
v 4180.451172 741.322205 -27136.457031
v 4184.798828 741.262695 -27140.753906
v 4180.645996 740.780701 -27136.265625
v 4184.993164 740.721130 -27140.560547
v 4180.190430 739.766296 -27136.746094
v 4184.538086 739.707336 -27141.042969
v 4178.314453 740.596802 -27138.664062
v 4182.663574 740.539307 -27142.960938
v 4178.027832 737.435608 -27139.001953
v 4182.376953 737.378845 -27143.296875
v 4178.721191 736.630249 -27138.298828
v 4183.070312 736.572937 -27142.593750
v 4178.208984 735.414551 -27138.841797
v 4182.558105 735.357605 -27143.136719
v 4178.576660 734.364746 -27138.476562
v 4182.925781 734.307800 -27142.773438
v 4183.249023 732.906555 -27133.691406
v 4187.594238 732.845337 -27137.984375
v 4184.782715 736.981506 -27132.058594
v 4189.126953 736.918640 -27136.351562
v 4185.575684 737.626038 -27131.234375
v 4189.918945 737.562195 -27135.527344
v 4184.072266 732.767944 -27132.845703
v 4188.416992 732.706055 -27137.138672
v 4186.302246 731.943054 -27130.562500
v 4190.645020 731.879150 -27134.855469
v 4188.427246 739.737915 -27128.271484
v 4192.767578 739.671204 -27132.564453
v 4188.363281 742.065002 -27128.306641
v 4192.703613 741.998230 -27132.599609
v 4187.326660 744.648010 -27129.339844
v 4191.667969 744.581848 -27133.632812
v 4188.113281 746.746826 -27128.501953
v 4192.454102 746.679749 -27132.796875
v 4189.350586 747.486328 -27127.218750
v 4193.689941 747.417908 -27131.511719
v 4189.791992 746.550537 -27126.777344
v 4194.130859 746.481812 -27131.070312
v 4192.011719 750.032654 -27124.445312
v 4196.348145 749.961548 -27128.738281
v 4191.820312 751.278503 -27124.626953
v 4196.156250 751.207520 -27128.919922
v 4191.279297 751.516541 -27125.179688
v 4195.616699 751.445801 -27129.472656
v 4191.084961 752.184631 -27125.371094
v 4195.422363 752.114197 -27129.664062
v 4189.999023 752.613403 -27126.484375
v 4194.337402 752.544006 -27130.777344
v 4189.193359 754.894043 -27127.283203
v 4193.532227 754.825134 -27131.578125
v 4215.405762 746.240601 -27110.357422
v 4210.583496 746.596436 -27107.011719
v 4214.691895 746.502197 -27111.091797
v 4211.298828 746.335510 -27106.277344
v 4210.237305 747.644043 -27107.355469
v 4214.346191 747.550110 -27111.437500
v 4209.405273 747.673645 -27108.212891
v 4213.514648 747.580505 -27112.294922
v 4209.606445 748.113953 -27108.000000
v 4213.716309 748.020447 -27112.082031
v 4208.463867 748.502930 -27109.171875
v 4212.575195 748.410645 -27113.255859
v 4208.188965 749.476501 -27109.445312
v 4212.300293 749.384338 -27113.529297
v 4207.681641 748.811218 -27109.974609
v 4211.793457 748.719604 -27114.058594
v 4206.970703 750.099426 -27110.693359
v 4211.083984 750.008301 -27114.777344
v 4206.424805 747.987610 -27111.275391
v 4210.539062 747.897339 -27115.359375
v 4205.633789 746.282410 -27112.107422
v 4209.749023 746.193054 -27116.191406
v 4205.762695 745.096436 -27111.986328
v 4209.877930 745.007019 -27116.070312
v 4204.408691 744.305237 -27113.388672
v 4208.525391 744.217102 -27117.472656
v 4204.567871 743.689697 -27113.230469
v 4208.684570 743.601501 -27117.314453
v 4203.845703 742.541931 -27113.984375
v 4207.962891 742.454651 -27118.070312
v 4202.808594 741.735352 -27115.060547
v 4206.927734 741.649048 -27119.146484
v 4203.171875 740.991028 -27114.695312
v 4207.290527 740.904541 -27118.779297
v 4202.888672 739.338013 -27115.001953
v 4207.007812 739.252014 -27119.087891
v 4201.784668 739.104736 -27116.140625
v 4205.904785 739.019714 -27120.226562
v 4201.864746 738.163818 -27116.068359
v 4205.985352 738.078796 -27120.154297
v 4199.483398 736.353638 -27118.535156
v 4203.606445 736.271118 -27122.623047
v 4198.947266 735.158142 -27119.099609
v 4203.071289 735.076233 -27123.187500
v 4200.050781 735.378235 -27117.962891
v 4204.173340 735.295349 -27122.048828
v 4198.778809 733.161438 -27119.292969
v 4202.902832 733.079834 -27123.380859
v 4199.253418 732.765198 -27118.808594
v 4203.376953 732.683350 -27122.896484
v 4198.326660 730.428406 -27119.787109
v 4202.451172 730.347717 -27123.873047
v 4199.016113 730.309143 -27119.078125
v 4203.140137 730.227600 -27123.166016
v 4198.875000 729.347717 -27119.234375
v 4202.998535 729.266541 -27123.320312
v 4197.380371 728.940308 -27120.775391
v 4201.506348 728.860596 -27124.863281
v 4201.357910 728.003052 -27116.693359
v 4205.479004 727.919800 -27120.779297
v 4201.520996 728.715332 -27116.519531
v 4205.641602 728.631836 -27120.603516
v 4204.401367 733.701355 -27113.503906
v 4208.518555 733.614624 -27117.587891
v 4204.839355 732.532410 -27113.066406
v 4208.955566 732.445312 -27117.150391
v 4203.825684 728.241333 -27114.154297
v 4207.943848 728.155945 -27118.236328
v 4205.880859 727.662598 -27112.046875
v 4209.995605 727.575317 -27116.128906
v 4207.968262 735.927551 -27109.812500
v 4212.080078 735.837341 -27113.894531
v 4207.330078 739.983032 -27110.427734
v 4211.442871 739.892822 -27114.509766
v 4208.914062 743.020752 -27108.765625
v 4213.024902 742.928711 -27112.847656
v 4209.271973 741.237549 -27108.416016
v 4213.382324 741.145203 -27112.496094
v 4210.037598 742.479614 -27107.615234
v 4214.146484 742.386414 -27111.695312
v 4210.422363 744.480896 -27107.199219
v 4214.530762 744.387207 -27111.279297
v 4211.222656 744.584534 -27106.375000
v 4215.329102 744.490051 -27110.455078
v 4259.141113 735.891357 -27063.341797
v 4256.736328 735.246216 -27061.576172
v 4258.829590 735.174194 -27063.669922
v 4257.048340 735.963562 -27061.248047
v 4256.715332 733.430664 -27061.617188
v 4258.808594 733.358887 -27063.708984
v 4256.135254 731.930115 -27062.226562
v 4258.229004 731.858765 -27064.320312
v 4255.899414 728.889709 -27062.500000
v 4257.993164 728.818970 -27064.593750
v 4255.525879 729.008057 -27062.882812
v 4257.620605 728.937378 -27064.976562
v 4254.565918 732.052673 -27063.835938
v 4256.662109 731.982300 -27065.929688
v 4254.103027 733.247498 -27064.296875
v 4256.199707 733.177307 -27066.394531
v 4252.604492 732.521301 -27065.843750
v 4254.703125 732.451904 -27067.941406
v 4252.076172 727.850159 -27066.431641
v 4254.175781 727.781616 -27068.529297
v 4252.425781 727.143616 -27066.080078
v 4254.524414 727.075012 -27068.177734
v 4251.644043 722.316711 -27066.929688
v 4253.743652 722.248962 -27069.029297
v 4252.022949 721.557007 -27066.550781
v 4254.122070 721.489014 -27068.646484
v 4260.498535 720.813965 -27057.871094
v 4262.586426 720.741699 -27059.958984
v 4261.017578 722.745667 -27057.320312
v 4263.104004 722.672913 -27059.406250
v 4260.780762 726.014709 -27057.527344
v 4262.868164 725.941711 -27059.615234
v 4261.641602 725.361755 -27056.652344
v 4263.727539 725.288269 -27058.738281
v 4261.893555 726.777283 -27056.378906
v 4263.979004 726.703613 -27058.464844
v 4262.618164 726.789368 -27055.636719
v 4264.702637 726.715271 -27057.722656
v 4262.555176 727.626709 -27055.691406
v 4264.639648 727.552368 -27057.777344
v 4261.398926 728.815674 -27056.863281
v 4263.485352 728.742004 -27058.951172
v 4261.645996 729.383362 -27056.605469
v 4263.731934 729.309509 -27058.691406
v 4261.501465 729.946960 -27056.746094
v 4263.587891 729.873108 -27058.833984
v 4261.125977 730.131897 -27057.128906
v 4263.212891 730.058105 -27059.216797
v 4260.882324 730.789368 -27057.371094
v 4262.969727 730.715576 -27059.460938
v 4260.511230 730.330200 -27057.757812
v 4262.598633 730.256775 -27059.845703
v 4259.894531 729.937195 -27058.392578
v 4261.983398 729.864075 -27060.482422
v 4259.557617 728.978210 -27058.748047
v 4261.646484 728.905457 -27060.837891
v 4258.913086 728.977356 -27059.410156
v 4261.002441 728.904968 -27061.500000
v 4258.445801 730.429688 -27059.873047
v 4260.536621 730.357361 -27061.964844
v 4258.588379 731.182678 -27059.718750
v 4260.678711 731.110168 -27061.810547
v 4258.170898 732.983704 -27060.128906
v 4260.262207 732.911194 -27062.220703
v 4258.571289 733.209595 -27059.714844
v 4260.661621 733.136902 -27061.806641
v 4258.630859 733.771912 -27059.648438
v 4260.721191 733.698975 -27061.740234
v 4258.930176 734.354004 -27059.335938
v 4261.020508 734.280884 -27061.425781
v 4258.868652 735.205811 -27059.390625
v 4260.958984 735.132507 -27061.480469
v 4258.413086 736.254700 -27059.845703
v 4260.503906 736.181702 -27061.937500
v 4258.591309 736.649109 -27059.658203
v 4260.682129 736.575867 -27061.750000
v 4258.287109 737.069702 -27059.966797
v 4260.377930 736.996704 -27062.058594
v 4257.428711 737.041016 -27060.847656
v 4259.520996 736.968384 -27062.939453
v 4256.810547 736.617310 -27061.486328
v 4258.903320 736.545105 -27063.580078
v 4155.752441 762.444397 -27167.851562
v 4150.300781 762.862305 -27164.261719
v 4154.860352 762.819031 -27168.761719
v 4151.193359 762.488647 -27163.351562
v 4149.783203 763.820740 -27164.779297
v 4154.342773 763.777710 -27169.279297
v 4147.728516 764.122437 -27166.882812
v 4152.288086 764.081299 -27171.380859
v 4146.973633 764.570923 -27167.650391
v 4151.533203 764.530640 -27172.148438
v 4144.000000 761.266418 -27170.740234
v 4148.559570 761.228821 -27175.238281
v 4142.308594 755.987549 -27172.541016
v 4146.869141 755.951843 -27177.039062
v 4138.454102 750.941406 -27176.552734
v 4143.015137 750.909424 -27181.048828
v 4137.108887 751.939209 -27177.916016
v 4141.669434 751.908447 -27182.412109
v 4136.656738 750.580139 -27178.396484
v 4141.216797 750.549744 -27182.892578
v 4137.165527 747.147339 -27177.921875
v 4141.726074 747.116638 -27182.417969
v 4136.875000 745.810303 -27178.236328
v 4141.436035 745.780029 -27182.732422
v 4137.430176 743.993103 -27177.693359
v 4141.990723 743.962402 -27182.189453
v 4141.614258 742.574707 -27173.429688
v 4146.175781 742.540405 -27177.925781
v 4142.604980 744.111206 -27172.394531
v 4147.166504 744.075928 -27176.890625
v 4142.831543 746.994934 -27172.125000
v 4147.392578 746.959351 -27176.621094
v 4144.057617 748.162354 -27170.853516
v 4148.618652 748.125549 -27175.351562
v 4143.163086 743.846619 -27171.826172
v 4147.724609 743.810913 -27176.324219
v 4142.396973 742.200195 -27172.632812
v 4146.958496 742.165344 -27177.128906
v 4144.928711 741.473999 -27170.048828
v 4149.490234 741.436707 -27174.546875
v 4145.404297 743.655396 -27169.533203
v 4149.965820 743.617737 -27174.031250
v 4147.665527 750.860413 -27167.121094
v 4152.226074 750.820251 -27171.619141
v 4146.760742 754.154297 -27168.005859
v 4151.321289 754.114624 -27172.503906
v 4146.631348 756.943298 -27168.101562
v 4151.191406 756.903625 -27172.599609
v 4147.929688 758.715942 -27166.746094
v 4152.489746 758.675049 -27171.246094
v 4148.766602 757.821655 -27165.900391
v 4153.326660 757.779907 -27170.398438
v 4149.663086 759.395203 -27164.960938
v 4154.223145 759.352600 -27169.460938
v 4150.867676 760.720703 -27163.708984
v 4155.427246 760.677002 -27168.207031
v 4175.484375 759.252197 -27149.345703
v 4168.604980 759.122253 -27146.630859
v 4173.519531 759.049133 -27151.402344
v 4170.571289 759.327209 -27144.574219
v 4168.196777 760.097595 -27147.046875
v 4173.111328 760.024841 -27151.820312
v 4167.650391 759.237244 -27147.626953
v 4172.565430 759.165039 -27152.400391
v 4166.916016 759.459229 -27148.392578
v 4171.831055 759.387695 -27153.166016
v 4166.619629 758.231445 -27148.714844
v 4171.535156 758.160400 -27153.486328
v 4167.148438 757.901917 -27148.164062
v 4172.063477 757.830444 -27152.937500
v 4165.642090 755.540222 -27149.761719
v 4170.558594 755.470337 -27154.533203
v 4163.694336 750.776306 -27151.843750
v 4168.611816 750.708618 -27156.613281
v 4161.445801 748.745544 -27154.210938
v 4166.364258 748.680237 -27158.982422
v 4158.679688 744.223938 -27157.142578
v 4163.599121 744.161743 -27161.914062
v 4158.007812 745.868652 -27157.828125
v 4162.927734 745.806824 -27162.599609
v 4157.012207 744.362549 -27158.880859
v 4161.932129 744.301697 -27163.652344
v 4156.100586 740.587952 -27159.871094
v 4161.020996 740.528320 -27164.640625
v 4164.136719 738.024414 -27151.507812
v 4169.054688 737.957397 -27156.277344
v 4164.034668 739.218445 -27151.601562
v 4168.952637 739.151428 -27156.373047
v 4165.302734 741.383545 -27150.255859
v 4170.220215 741.315125 -27155.025391
v 4164.577637 737.800232 -27151.048828
v 4169.495117 737.732910 -27155.818359
v 4165.954102 737.420105 -27149.615234
v 4170.871094 737.351501 -27154.384766
v 4167.287109 741.628906 -27148.179688
v 4172.203613 741.558655 -27152.949219
v 4168.519043 744.394104 -27146.865234
v 4173.434082 744.322205 -27151.636719
v 4168.697754 747.107422 -27146.652344
v 4173.612793 747.035339 -27151.421875
v 4168.140625 749.610718 -27147.208984
v 4173.055664 749.538818 -27151.980469
v 4168.771973 751.877197 -27146.527344
v 4173.686523 751.804443 -27151.298828
v 4170.468262 753.465149 -27144.738281
v 4175.381836 753.390625 -27149.509766
v 4171.858398 754.188599 -27143.277344
v 4176.770996 754.112610 -27148.048828
v 4172.674805 755.625854 -27142.410156
v 4177.586914 755.549011 -27147.181641
v 4172.665527 757.342041 -27142.404297
v 4177.577148 757.264954 -27147.173828
v 4171.262207 757.857117 -27143.865234
v 4176.174805 757.781433 -27148.636719
v 4229.173828 746.433716 -27095.173828
v 4225.044922 744.746216 -27093.630859
v 4227.982422 744.662598 -27096.453125
v 4226.237793 746.518127 -27092.351562
v 4224.030273 743.938049 -27094.714844
v 4226.969238 743.855225 -27097.539062
v 4223.450684 741.262695 -27095.347656
v 4226.390137 741.180420 -27098.169922
v 4222.275391 737.322632 -27096.619141
v 4225.216309 737.241638 -27099.443359
v 4219.211914 734.263550 -27099.896484
v 4222.156738 734.184509 -27102.722656
v 4218.074219 736.132935 -27101.095703
v 4221.020508 736.054504 -27103.923828
v 4217.773438 735.825439 -27101.417969
v 4220.720215 735.747253 -27104.246094
v 4217.306641 732.903137 -27101.931641
v 4220.253906 732.825439 -27104.757812
v 4217.662598 728.375610 -27101.576172
v 4220.609375 728.298218 -27104.404297
v 4217.543457 726.661011 -27101.712891
v 4220.490234 726.583801 -27104.539062
v 4222.628418 725.643921 -27096.310547
v 4225.568848 725.563904 -27099.132812
v 4221.717773 727.634949 -27097.267578
v 4224.659180 727.555237 -27100.091797
v 4221.219727 728.007996 -27097.794922
v 4224.162109 727.928650 -27100.619141
v 4222.222168 731.081055 -27096.710938
v 4225.163574 731.000610 -27099.535156
v 4224.026367 731.399048 -27094.789062
v 4226.965332 731.317505 -27097.613281
v 4224.104492 731.224854 -27094.708984
v 4227.042969 731.143311 -27097.531250
v 4224.146973 730.730652 -27094.666016
v 4227.085938 730.649109 -27097.488281
v 4224.163574 730.035095 -27094.652344
v 4227.102051 729.953613 -27097.474609
v 4224.161133 729.257141 -27094.660156
v 4227.099609 729.175842 -27097.480469
v 4224.148438 728.515625 -27094.677734
v 4227.086426 728.434448 -27097.500000
v 4224.132812 727.929321 -27094.697266
v 4227.071777 727.848206 -27097.519531
v 4224.123047 727.617310 -27094.708984
v 4227.061523 727.536133 -27097.531250
v 4224.123047 727.440308 -27094.710938
v 4227.061523 727.359436 -27097.533203
v 4224.129883 727.188904 -27094.705078
v 4227.068359 727.107910 -27097.527344
v 4224.143066 726.875305 -27094.693359
v 4227.081543 726.794434 -27097.513672
v 4224.160156 726.512146 -27094.675781
v 4227.099121 726.431152 -27097.498047
v 4224.181641 726.111511 -27094.656250
v 4227.120117 726.030640 -27097.476562
v 4224.205566 725.686035 -27094.632812
v 4227.144043 725.605103 -27097.455078
v 4224.230469 725.248108 -27094.609375
v 4227.168945 725.167297 -27097.429688
v 4226.477539 724.822754 -27092.222656
v 4229.412598 724.740601 -27095.042969
v 4225.518555 728.346008 -27093.220703
v 4228.455078 728.264099 -27096.042969
v 4225.729004 730.897949 -27092.982422
v 4228.665527 730.815552 -27095.802734
v 4226.779297 734.111206 -27091.845703
v 4229.714355 734.027710 -27094.666016
v 4225.799316 737.262329 -27092.871094
v 4228.735352 737.179138 -27095.693359
v 4226.502441 739.432312 -27092.109375
v 4229.437988 739.348450 -27094.931641
v 4227.340820 737.911255 -27091.226562
v 4230.275391 737.826904 -27094.046875
v 4228.400391 740.804138 -27090.083984
v 4231.333008 740.718811 -27092.904297
v 4228.885254 741.031738 -27089.566406
v 4231.817383 740.946106 -27092.386719
v 4229.056641 742.268738 -27089.376953
v 4231.988281 742.182800 -27092.197266
v 4228.975586 743.400146 -27089.457031
v 4231.907227 743.314148 -27092.277344
v 4228.600098 743.631042 -27089.855469
v 4231.532715 743.545349 -27092.675781
v 4228.153320 743.238953 -27090.332031
v 4231.086914 743.153625 -27093.152344
v 4227.990234 744.179199 -27090.500000
v 4230.923828 744.093933 -27093.320312
v 4227.370605 744.460938 -27091.158203
v 4230.304688 744.376038 -27093.978516
v 4226.887695 747.230713 -27091.656250
v 4229.822754 747.145752 -27094.478516
v 4242.149902 738.867859 -27081.455078
v 4240.421387 736.149414 -27078.103516
v 4242.976562 736.069092 -27080.609375
v 4239.593750 738.947998 -27078.949219
v 4239.788086 735.011658 -27078.773438
v 4242.344238 734.931885 -27081.279297
v 4239.524414 734.105286 -27079.054688
v 4242.080566 734.025757 -27081.560547
v 4238.904297 733.807983 -27079.705078
v 4241.461426 733.728760 -27082.210938
v 4239.097656 732.481201 -27079.513672
v 4241.654297 732.402100 -27082.019531
v 4238.462402 731.360168 -27080.185547
v 4241.019531 731.281433 -27082.691406
v 4237.849609 729.534180 -27080.837891
v 4240.408203 729.456055 -27083.343750
v 4238.131836 728.535400 -27080.550781
v 4240.689941 728.457336 -27083.056641
v 4237.620117 726.539185 -27081.099609
v 4240.178711 726.461548 -27083.605469
v 4234.925781 723.569336 -27083.933594
v 4237.487793 723.493652 -27086.443359
v 4238.731934 723.040710 -27079.964844
v 4241.289062 722.963013 -27082.468750
v 4240.392578 728.664795 -27078.189453
v 4242.947266 728.585388 -27080.693359
v 4241.273926 728.630188 -27077.269531
v 4243.827148 728.550293 -27079.773438
v 4241.304199 725.511414 -27077.259766
v 4243.857910 725.432007 -27079.763672
v 4241.701172 723.505615 -27076.861328
v 4244.254395 723.426208 -27079.363281
v 4240.290039 722.920776 -27078.337891
v 4242.844727 722.842102 -27080.841797
v 4245.590332 722.218567 -27072.814453
v 4248.137207 722.136963 -27075.312500
v 4243.039062 723.449707 -27075.464844
v 4245.589844 723.369507 -27077.966797
v 4242.332031 726.598572 -27076.179688
v 4244.883789 726.518372 -27078.681641
v 4242.991211 730.441895 -27075.462891
v 4245.541992 730.360901 -27077.964844
v 4242.204590 734.266907 -27076.255859
v 4244.757324 734.185669 -27078.757812
v 4242.842773 735.029480 -27075.583984
v 4245.394531 734.947815 -27078.085938
v 4243.133789 733.777283 -27075.289062
v 4245.685059 733.695557 -27077.791016
v 4243.996094 735.247009 -27074.378906
v 4246.545410 735.164673 -27076.878906
v 4244.473633 734.533813 -27073.884766
v 4247.022461 734.451416 -27076.384766
v 4244.865234 735.410767 -27073.468750
v 4247.413574 735.328003 -27075.968750
v 4244.312012 737.055664 -27074.035156
v 4246.861328 736.972961 -27076.535156
v 4244.364746 737.552795 -27073.976562
v 4246.914062 737.469971 -27076.476562
v 4243.994629 738.816772 -27074.353516
v 4246.544434 738.734070 -27076.853516
v 4243.268066 738.999573 -27075.109375
v 4245.819336 738.917297 -27077.611328
v 4242.917969 738.748108 -27075.476562
v 4245.469727 738.666016 -27077.980469
v 4242.626953 739.336304 -27075.777344
v 4245.178711 739.254272 -27078.279297
v 4242.185059 739.122864 -27076.240234
v 4244.737305 739.041199 -27078.744141
v 4241.292969 739.853271 -27077.167969
v 4243.846680 739.771973 -27079.671875
v 4241.144043 739.412659 -27077.326172
v 4243.697754 739.331604 -27079.830078
v 4239.800293 739.997803 -27078.724609
v 4242.355957 739.917358 -27081.230469
v 4089.722412 816.004395 -27241.470703
v 4077.793457 817.491150 -27236.003906
v 4086.432617 817.593323 -27244.718750
v 4081.084229 815.904236 -27232.753906
v 4074.483887 816.164001 -27239.314453
v 4083.124023 816.267944 -27248.029297
v 4072.708496 813.260498 -27241.123047
v 4081.349121 813.365112 -27249.837891
v 4072.018799 809.140442 -27241.871094
v 4080.659180 809.245117 -27250.583984
v 4074.182129 800.995544 -27239.841797
v 4082.822510 801.098816 -27248.554688
v 4073.515869 794.930908 -27240.593750
v 4082.156006 795.034241 -27249.308594
v 4076.246826 787.025635 -27237.998047
v 4084.886230 787.127197 -27246.712891
v 4074.786621 784.604248 -27239.486328
v 4083.426025 784.706543 -27248.201172
v 4073.972656 785.848328 -27240.277344
v 4082.612549 785.951111 -27248.990234
v 4071.997070 784.576843 -27242.259766
v 4080.637207 784.680542 -27250.974609
v 4069.777832 780.516113 -27244.527344
v 4078.418701 780.620850 -27253.242188
v 4067.635986 773.693115 -27246.759766
v 4076.277344 773.798523 -27255.472656
v 4064.049072 764.186707 -27250.466797
v 4072.691650 764.293396 -27259.181641
v 4092.312256 752.440613 -27222.542969
v 4100.946777 752.531250 -27231.259766
v 4096.765137 765.386597 -27217.921875
v 4105.397949 765.473999 -27226.636719
v 4101.509277 769.292419 -27213.146484
v 4110.140625 769.375732 -27221.863281
v 4107.246094 769.389404 -27207.445312
v 4115.875000 769.467407 -27216.162109
v 4107.526367 768.174011 -27207.183594
v 4116.155273 768.251709 -27215.902344
v 4109.153809 768.150452 -27205.568359
v 4117.782227 768.226440 -27214.285156
v 4109.908691 769.505005 -27204.796875
v 4118.537109 769.580200 -27213.513672
v 4114.773926 772.651245 -27199.916016
v 4123.399902 772.721252 -27208.634766
v 4114.935059 776.521545 -27199.699219
v 4123.561035 776.591431 -27208.416016
v 4115.519043 779.126648 -27199.078125
v 4124.144531 779.196045 -27207.796875
v 4114.994141 781.083008 -27199.570312
v 4123.620117 781.153137 -27208.289062
v 4112.891113 781.108948 -27201.658203
v 4121.518066 781.181213 -27210.376953
v 4110.877930 780.745239 -27203.664062
v 4119.505859 780.819702 -27212.380859
v 4109.093750 781.291504 -27205.429688
v 4117.722168 781.368042 -27214.146484
v 4108.909180 785.027039 -27205.556641
v 4117.537598 785.103943 -27214.273438
v 4113.720703 788.545349 -27207.634766
v 4115.272461 788.558899 -27209.203125
v 4113.374023 795.658997 -27207.873047
v 4114.926270 795.672729 -27209.441406
v 4112.492676 798.772644 -27208.701172
v 4114.044922 798.786499 -27210.269531
v 4111.176270 801.392639 -27209.970703
v 4112.729004 801.406738 -27211.537109
v 4112.626953 795.576721 -27208.615234
v 4114.179199 795.590637 -27210.183594
v 4112.131348 790.463440 -27209.185547
v 4113.683594 790.477295 -27210.753906
v 4108.258301 792.389832 -27213.005859
v 4109.811035 792.404541 -27214.574219
v 4106.835938 796.350708 -27214.359375
v 4108.388672 796.365601 -27215.927734
v 4107.382324 801.063049 -27213.746094
v 4108.935059 801.077942 -27215.314453
v 4110.112793 804.970154 -27210.972656
v 4111.665527 804.984619 -27212.541016
v 4115.794922 804.208740 -27205.337891
v 4117.347168 804.222107 -27206.906250
v 4114.592285 805.764343 -27206.509766
v 4116.144043 805.777954 -27208.078125
v 4110.682617 806.450745 -27210.384766
v 4112.235352 806.465149 -27211.953125
v 4107.757812 804.535095 -27213.320312
v 4109.310547 804.550049 -27214.888672
v 4105.524902 800.561951 -27215.599609
v 4107.077148 800.577148 -27217.167969
v 4105.357910 796.441345 -27215.828125
v 4106.911133 796.456421 -27217.396484
v 4107.437500 790.467834 -27213.851562
v 4108.990234 790.482544 -27215.417969
v 4104.055664 787.839722 -27210.335938
v 4112.686035 787.921448 -27219.052734
v 4102.275391 788.031555 -27212.103516
v 4110.906250 788.114807 -27220.820312
v 4098.411621 790.262024 -27215.910156
v 4107.043945 790.348816 -27224.626953
v 4096.159668 796.326904 -27218.058594
v 4104.792969 796.415955 -27226.773438
v 4093.800293 798.565247 -27220.371094
v 4102.434570 798.656250 -27229.085938
v 4090.269043 800.451843 -27223.853516
v 4098.904297 800.545410 -27232.568359
v 4087.797852 806.722595 -27226.216797
v 4096.433594 806.818237 -27234.931641
v 4080.921143 811.077637 -27232.988281
v 4089.559326 811.177734 -27241.705078
vn 0.0316 0.9990 0.0316
vn 0.0316 0.9990 0.0315
vn -0.3766 0.8463 -0.3767
vn -0.6417 0.4199 -0.6417
vn -0.6417 0.4199 -0.6418
vn -0.7065 -0.0418 -0.7065
vn -0.7065 -0.0415 -0.7065
vn -0.7065 -0.0420 -0.7065
vn -0.5700 -0.5919 -0.5699
vn -0.5701 -0.5916 -0.5701
vn -0.7020 -0.1193 -0.7021
vn -0.7020 -0.1190 -0.7021
vn -0.5274 -0.6661 -0.5274
vn -0.6437 0.4141 -0.6436
vn -0.6438 0.4137 -0.6438
vn -0.6437 0.4139 -0.6437
vn -0.6437 0.4137 -0.6438
vn 0.3673 0.8545 0.3674
vn 0.3672 0.8546 0.3672
vn -0.4618 0.7572 -0.4618
vn -0.4618 0.7573 -0.4618
vn -0.6570 0.3700 -0.6569
vn -0.6569 0.3702 -0.6569
vn -0.7000 0.1415 -0.7000
vn -0.7000 0.1416 -0.7000
vn -0.6911 0.2117 -0.6911
vn -0.6911 0.2116 -0.6911
vn -0.6911 0.2117 -0.6910
vn -0.0012 -1.0000 -0.0013
vn -0.0012 -1.0000 -0.0014
vn 0.6961 -0.1757 0.6961
vn 0.6961 -0.1755 0.6962
vn 0.6961 -0.1756 0.6961
vn 0.6961 -0.1754 0.6962
vn 0.5122 -0.6895 0.5121
vn 0.5123 -0.6894 0.5121
vn 0.5121 -0.6895 0.5121
vn 0.2063 -0.9565 0.2062
vn -0.5881 -0.5550 -0.5883
vn -0.5882 -0.5550 -0.5883
vn 0.1906 -0.9630 0.1905
vn 0.1905 -0.9630 0.1906
vn 0.6543 -0.3792 0.6543
vn 0.6542 -0.3793 0.6543
vn 0.4614 -0.7575 0.4617
vn 0.4617 -0.7574 0.4617
vn 0.4616 -0.7575 0.4617
vn 0.4613 -0.7576 0.4618
vn 0.6907 0.2130 0.6911
vn 0.6911 0.2127 0.6908
vn 0.6910 0.2127 0.6908
vn 0.6908 0.2127 0.6910
vn 0.7068 -0.0324 0.7067
vn 0.7066 -0.0323 0.7068
vn 0.7066 -0.0322 0.7069
vn 0.7068 -0.0325 0.7066
vn 0.5691 0.5933 0.5693
vn 0.5692 0.5933 0.5692
vn 0.5692 0.5933 0.5693
vn -0.1913 0.9627 -0.1913
vn -0.1914 0.9627 -0.1913
vn -0.2822 0.9170 -0.2820
vn -0.2821 0.9169 -0.2822
vn -0.0487 0.9976 -0.0488
vn -0.0486 0.9976 -0.0486
vn -0.0488 0.9976 -0.0488
vn 0.6660 0.3359 0.6661
vn 0.6662 0.3356 0.6660
vn 0.6659 0.3360 0.6661
vn 0.6066 0.5137 0.6068
vn -0.4637 0.7550 -0.4637
vn -0.1458 0.9785 -0.1459
vn -0.1460 0.9785 -0.1459
vn 0.0746 0.9944 0.0746
vn 0.5135 0.6875 0.5135
vn 0.5134 0.6875 0.5136
vn 0.5137 0.6873 0.5136
vn 0.5136 0.6875 0.5134
vn 0.2162 0.9521 0.2162
vn 0.2161 0.9521 0.2161
vn 0.0545 0.9969 0.0567
vn 0.0648 0.9958 0.0647
vn 0.0642 0.9959 0.0643
vn 0.5009 0.7059 0.5009
vn 0.5010 0.7057 0.5010
vn 0.5010 0.7057 0.5009
vn 0.5009 0.7059 0.5008
vn 0.0974 0.9905 0.0974
vn 0.0975 0.9905 0.0974
vn 0.6892 0.2238 0.6892
vn 0.6891 0.2238 0.6892
vn 0.6893 0.2235 0.6892
vn 0.6892 0.2235 0.6892
vn 0.1344 0.0267 0.9906
vn -0.0007 -0.0721 0.9974
vn 0.1210 0.0196 0.9925
vn -0.1244 -0.1098 0.9861
vn -0.2008 -0.0699 0.9771
vn -0.0300 -0.0559 0.9980
vn 0.1042 0.0319 0.9940
vn 0.1131 0.0694 0.9911
vn 0.0460 0.9965 0.0691
vn -0.3380 0.3263 0.8828
vn 0.0949 0.9934 0.0648
vn -0.3185 0.5539 0.7692
vn 0.1617 0.0081 0.9868
vn 0.1765 0.0394 0.9835
vn 0.1313 0.0319 0.9908
vn 0.1688 0.0046 0.9856
vn 0.1145 0.1783 0.9773
vn -0.0439 -0.0462 0.9980
vn 0.0863 -0.0231 0.9960
vn -0.5808 -0.0917 0.8089
vn -0.5803 -0.0855 0.8099
vn -0.5343 -0.0727 0.8421
vn -0.6060 -0.0780 0.7917
vn 0.1779 0.0346 0.9834
vn 0.1790 0.0092 0.9838
vn 0.1820 -0.0127 0.9832
vn 0.1334 -0.0096 0.9910
vn 0.0791 0.0862 0.9931
vn 0.0260 0.0210 0.9994
vn 0.1050 -0.0487 0.9933
vn -0.0674 -0.0182 0.9976
vn -0.0934 -0.0216 0.9954
vn -0.1353 -0.0171 0.9907
vn -0.2283 -0.0428 0.9727
vn -0.3941 -0.0797 0.9156
vn -0.3234 -0.0237 0.9460
vn -0.5743 -0.0451 0.8174
vn -0.6380 -0.0588 0.7678
vn -0.5840 0.0580 0.8097
vn -0.6434 -0.0262 0.7651
vn -0.6382 0.0015 0.7698
vn -0.6645 -0.0338 0.7466
vn -0.6609 -0.0094 0.7504
vn 0.9972 -0.0744 -0.0037
vn 0.9909 0.0273 0.1321
vn 0.9934 0.0105 0.1141
vn 0.9710 -0.0930 -0.2204
vn 0.9823 -0.1149 -0.1482
vn 0.9961 -0.0821 -0.0310
vn 0.9957 0.0233 0.0892
vn 0.9966 -0.0629 -0.0531
vn 0.8800 0.3114 -0.3587
vn 0.7811 0.5233 -0.3407
vn 0.9876 0.0380 0.1526
vn 0.9905 0.0074 0.1374
vn 0.9937 0.0304 0.1075
vn 0.9934 0.0685 0.0923
vn 0.9890 0.0014 0.1481
vn 0.9845 0.1461 0.0974
vn 0.9966 -0.0481 -0.0671
vn 0.8067 -0.1126 -0.5802
vn 0.8057 -0.1179 -0.5805
vn 0.8371 -0.0948 -0.5388
vn 0.7885 -0.1011 -0.6067
vn 0.9875 0.0341 0.1541
vn 0.9878 0.0088 0.1552
vn 0.9873 -0.0130 0.1586
vn 0.9940 -0.0103 0.1085
vn 0.9951 0.0824 0.0544
vn 0.9999 -0.0132 0.0044
vn 0.9954 -0.0507 0.0812
vn 0.9973 -0.0258 0.0682
vn 0.9922 -0.0390 -0.1181
vn 0.9864 -0.0338 -0.1609
vn 0.9646 -0.0625 -0.2563
vn 0.9082 -0.0969 -0.4072
vn 0.9396 -0.0430 -0.3395
vn 0.8036 -0.0691 -0.5911
vn 0.7647 -0.0822 -0.6391
vn 0.8075 0.0314 -0.5890
vn 0.7626 -0.0502 -0.6449
vn 0.7683 -0.0201 -0.6397
vn 0.7450 -0.0545 -0.6648
vn 0.7494 -0.0295 -0.6615
vn 0.0529 0.9971 0.0554
vn 0.0213 -0.0757 0.9969
vn 0.6826 0.2527 0.6857
vn 0.6827 0.2523 0.6858
vn 0.6825 0.2529 0.6857
vn 0.6826 0.2525 0.6858
vn -0.3633 0.8504 -0.3805
vn -0.3635 0.8502 -0.3808
vn -0.3633 0.8504 -0.3806
vn -0.3636 0.8501 -0.3809
vn -0.6689 0.2989 -0.6806
vn -0.6687 0.2992 -0.6807
vn -0.6689 0.2990 -0.6806
vn -0.6687 0.2993 -0.6807
vn -0.4163 0.7996 -0.4327
vn -0.4161 0.7995 -0.4332
vn -0.4161 0.7995 -0.4331
vn -0.4161 0.7994 -0.4333
vn -0.6871 -0.2238 -0.6913
vn -0.6870 -0.2238 -0.6913
vn -0.6871 -0.2237 -0.6912
vn -0.6873 -0.2234 -0.6912
vn -0.2300 0.9414 -0.2467
vn -0.2303 0.9412 -0.2471
vn -0.2301 0.9414 -0.2468
vn -0.2300 0.9413 -0.2470
vn -0.6221 -0.4747 -0.6226
vn -0.6226 -0.4745 -0.6222
vn -0.6222 -0.4747 -0.6225
vn -0.3582 0.8550 -0.3750
vn -0.3582 0.8550 -0.3751
vn -0.3583 0.8550 -0.3751
vn -0.6383 -0.4288 -0.6393
vn -0.6383 -0.4292 -0.6391
vn -0.6382 -0.4289 -0.6393
vn -0.6383 -0.4291 -0.6390
vn -0.6523 0.3643 -0.6647
vn -0.6520 0.3645 -0.6649
vn -0.6521 0.3644 -0.6648
vn -0.2476 0.9322 -0.2638
vn -0.2482 0.9319 -0.2644
vn -0.2478 0.9321 -0.2640
vn -0.2483 0.9319 -0.2645
vn -0.5378 -0.6517 -0.5349
vn -0.5375 -0.6522 -0.5346
vn -0.5379 -0.6516 -0.5349
vn -0.5375 -0.6522 -0.5345
vn -0.3691 0.8458 -0.3852
vn -0.3691 0.8457 -0.3855
vn -0.3691 0.8458 -0.3853
vn -0.3691 0.8456 -0.3856
vn -0.6303 -0.4513 -0.6317
vn -0.6302 -0.4515 -0.6316
vn -0.6302 -0.4510 -0.6320
vn -0.6303 -0.4515 -0.6316
vn -0.5845 0.5475 -0.5988
vn -0.5845 0.5472 -0.5991
vn -0.5845 0.5474 -0.5989
vn 0.2148 0.9550 0.2045
vn 0.2146 0.9552 0.2041
vn 0.2147 0.9551 0.2043
vn 0.2145 0.9552 0.2039
vn -0.6952 0.1380 -0.7054
vn -0.6953 0.1382 -0.7053
vn -0.6952 0.1381 -0.7054
vn -0.6953 0.1383 -0.7053
vn -0.4495 -0.7748 -0.4446
vn -0.4494 -0.7747 -0.4448
vn -0.4494 -0.7747 -0.4449
vn -0.5952 0.5233 -0.6098
vn -0.5956 0.5229 -0.6098
vn -0.5953 0.5232 -0.6098
vn -0.5954 0.5233 -0.6097
vn -0.6331 -0.4425 -0.6351
vn -0.6331 -0.4426 -0.6351
vn -0.6330 -0.4426 -0.6351
vn -0.1571 -0.9769 -0.1451
vn -0.1567 -0.9769 -0.1451
vn -0.1567 -0.9769 -0.1452
vn -0.1563 -0.9770 -0.1452
vn 0.6123 -0.4818 0.6268
vn 0.6125 -0.4816 0.6267
vn 0.6126 -0.4816 0.6267
vn 0.6125 -0.4817 0.6268
vn 0.3385 -0.8714 0.3551
vn 0.3388 -0.8711 0.3554
vn 0.3385 -0.8714 0.3552
vn 0.3390 -0.8711 0.3555
vn -0.6371 0.4129 -0.6508
vn -0.6373 0.4129 -0.6507
vn -0.6372 0.4129 -0.6507
vn -0.6373 0.4129 -0.6506
vn -0.1834 -0.9680 -0.1713
vn -0.1833 -0.9680 -0.1712
vn -0.1833 -0.9680 -0.1713
vn -0.1832 -0.9681 -0.1712
vn 0.6500 -0.3719 0.6627
vn 0.6498 -0.3720 0.6628
vn 0.6498 -0.3720 0.6629
vn 0.6496 -0.3720 0.6631
vn 0.7031 0.0302 0.7104
vn 0.7032 0.0302 0.7103
vn 0.7032 0.0302 0.7104
vn 0.6157 0.4927 0.6150
vn 0.6159 0.4927 0.6147
vn 0.6158 0.4927 0.6148
vn 0.6158 0.4928 0.6147
vn 0.6133 -0.4798 0.6274
vn 0.6129 -0.4803 0.6275
vn 0.6132 -0.4799 0.6274
vn 0.6131 -0.4801 0.6274
vn 0.2618 -0.9238 0.2793
vn 0.2621 -0.9237 0.2794
vn 0.2619 -0.9238 0.2794
vn 0.2622 -0.9237 0.2795
vn -0.5895 -0.5550 -0.5869
vn -0.5895 -0.5551 -0.5868
vn 0.5108 -0.6789 0.5275
vn 0.5112 -0.6786 0.5274
vn 0.5108 -0.6789 0.5274
vn 0.5111 -0.6787 0.5274
vn 0.6900 0.2068 0.6936
vn 0.6901 0.2068 0.6936
vn 0.6899 0.2069 0.6937
vn 0.6900 0.2067 0.6937
vn 0.2151 0.9556 0.2014
vn 0.2150 0.9556 0.2013
vn 0.2150 0.9555 0.2017
vn 0.2146 0.9558 0.2010
vn 0.6544 0.3778 0.6549
vn 0.6545 0.3775 0.6551
vn 0.6544 0.3779 0.6550
vn 0.6544 0.3776 0.6551
vn 0.1951 0.9638 0.1818
vn 0.1951 0.9639 0.1813
vn 0.1951 0.9638 0.1816
vn 0.1950 0.9639 0.1812
vn 0.6333 0.4455 0.6328
vn 0.6337 0.4452 0.6326
vn 0.6332 0.4456 0.6328
vn 0.6333 0.4457 0.6327
vn -0.3607 0.8525 -0.3783
vn -0.3606 0.8526 -0.3782
vn -0.3610 0.8526 -0.3779
vn -0.3609 0.8525 -0.3782
vn 0.7175 0.0091 -0.6965
vn 0.7175 0.0090 -0.6965
vn 0.7176 0.0090 -0.6964
vn 0.7178 0.0090 -0.6962
vn 0.7177 0.0091 -0.6963
vn 0.7177 0.0088 -0.6963
vn 0.7180 0.0093 -0.6960
vn 0.7178 0.0092 -0.6962
vn 0.7179 0.0091 -0.6961
vn 0.7170 0.0092 -0.6970
vn 0.7172 0.0091 -0.6968
vn 0.7176 0.0092 -0.6964
vn 0.7175 0.0092 -0.6965
vn 0.7176 0.0091 -0.6964
vn 0.7174 0.0092 -0.6966
vn 0.7173 0.0092 -0.6967
vn 0.7177 0.0087 -0.6963
vn 0.7174 0.0091 -0.6966
vn 0.7174 0.0093 -0.6966
vn 0.7176 0.0089 -0.6964
vn 0.7177 0.0091 -0.6962
vn 0.7180 0.0090 -0.6960
vn 0.7181 0.0090 -0.6959
vn -0.7170 -0.0092 0.6970
vn -0.7171 -0.0091 0.6969
vn -0.7172 -0.0091 0.6968
vn -0.7172 -0.0090 0.6968
vn -0.7172 -0.0093 0.6968
vn -0.7173 -0.0091 0.6967
vn -0.7170 -0.0094 0.6970
vn -0.7169 -0.0091 0.6971
vn -0.7171 -0.0092 0.6969
vn -0.7172 -0.0089 0.6968
vn -0.7171 -0.0094 0.6969
vn -0.7171 -0.0092 0.6970
vn -0.7170 -0.0091 0.6970
vn -0.7171 -0.0090 0.6969
vn -0.7171 -0.0096 0.6969
vn -0.7169 -0.0087 0.6971
vn -0.7170 -0.0091 0.6971
vn -0.7173 -0.0094 0.6967
vn -0.7173 -0.0090 0.6967
vn 0.1856 0.9687 0.1645
vn 0.1853 0.9689 0.1640
vn 0.1856 0.9688 0.1644
vn 0.1853 0.9689 0.1639
vn 0.6436 0.4227 0.6381
vn 0.6435 0.4230 0.6380
vn 0.6436 0.4227 0.6380
vn 0.6434 0.4230 0.6380
vn 0.0296 0.9995 0.0068
vn 0.0291 0.9996 0.0064
vn 0.0295 0.9995 0.0068
vn 0.0291 0.9996 0.0063
vn 0.5806 -0.5534 0.5972
vn 0.5807 -0.5531 0.5973
vn 0.5807 -0.5532 0.5973
vn 0.1744 0.9726 0.1536
vn 0.1741 0.9727 0.1532
vn 0.1744 0.9726 0.1535
vn 0.1741 0.9728 0.1531
vn 0.6590 0.3697 0.6550
vn 0.6591 0.3697 0.6549
vn 0.6589 0.3696 0.6551
vn -0.4651 0.7406 -0.4850
vn -0.4649 0.7408 -0.4848
vn -0.4650 0.7407 -0.4849
vn -0.4651 0.7405 -0.4851
vn 0.5614 0.6168 0.5517
vn 0.5614 0.6170 0.5515
vn 0.5614 0.6169 0.5516
vn 0.5610 0.6174 0.5514
vn -0.6550 0.3536 -0.6678
vn -0.6551 0.3534 -0.6678
vn -0.6550 0.3533 -0.6679
vn -0.6552 0.3535 -0.6677
vn -0.5780 0.5585 -0.5949
vn -0.5783 0.5582 -0.5949
vn -0.5781 0.5585 -0.5949
vn -0.5783 0.5582 -0.5950
vn -0.6981 -0.1473 -0.7007
vn -0.6985 -0.1472 -0.7003
vn -0.6982 -0.1473 -0.7006
vn -0.2544 0.9267 -0.2765
vn -0.2548 0.9265 -0.2768
vn -0.2543 0.9267 -0.2766
vn -0.2550 0.9264 -0.2769
vn -0.6656 -0.3420 -0.6633
vn -0.6655 -0.3424 -0.6633
vn -0.6655 -0.3421 -0.6633
vn -0.6654 -0.3424 -0.6633
vn -0.5136 0.6733 -0.5318
vn -0.5135 0.6731 -0.5322
vn -0.5136 0.6733 -0.5319
vn -0.5135 0.6732 -0.5321
vn -0.3250 0.8801 -0.3462
vn -0.3250 0.8800 -0.3463
vn -0.3250 0.8800 -0.3465
vn -0.3252 0.8798 -0.3466
vn -0.5850 -0.5693 -0.5776
vn -0.5846 -0.5697 -0.5777
vn -0.5849 -0.5694 -0.5776
vn -0.6801 0.2451 -0.6909
vn -0.6802 0.2451 -0.6909
vn -0.6801 0.2450 -0.6909
vn -0.6802 0.2451 -0.6908
vn -0.0916 0.9894 -0.1129
vn -0.0919 0.9893 -0.1135
vn -0.0917 0.9894 -0.1130
vn -0.0919 0.9893 -0.1136
vn -0.7007 -0.1144 -0.7042
vn -0.7007 -0.1142 -0.7042
vn -0.7007 -0.1140 -0.7043
vn -0.3194 0.8845 -0.3400
vn -0.3194 0.8844 -0.3404
vn -0.3194 0.8844 -0.3402
vn -0.3194 0.8843 -0.3406
vn -0.5846 0.5457 -0.6004
vn -0.5845 0.5457 -0.6005
vn -0.5845 0.5454 -0.6007
vn -0.5845 0.5455 -0.6007
vn 0.0862 -0.9905 0.1071
vn 0.0866 -0.9904 0.1073
vn 0.0863 -0.9905 0.1071
vn 0.0867 -0.9904 0.1074
vn -0.5350 0.6390 -0.5526
vn -0.5350 0.6389 -0.5528
vn -0.5348 0.6391 -0.5528
vn -0.5352 0.6388 -0.5528
vn -0.3641 -0.8631 -0.3500
vn -0.3636 -0.8634 -0.3498
vn -0.3641 -0.8631 -0.3501
vn -0.3635 -0.8634 -0.3498
vn -0.6049 0.4994 -0.6203
vn -0.6049 0.4996 -0.6201
vn -0.6050 0.4993 -0.6203
vn -0.6048 0.4994 -0.6203
vn -0.0950 -0.9926 -0.0760
vn -0.0943 -0.9927 -0.0756
vn -0.0949 -0.9926 -0.0760
vn -0.0942 -0.9927 -0.0755
vn -0.6856 0.2130 -0.6961
vn -0.6856 0.2131 -0.6961
vn -0.1211 0.9825 -0.1414
vn -0.1214 0.9824 -0.1419
vn -0.1212 0.9825 -0.1415
vn -0.1214 0.9824 -0.1420
vn -0.1249 -0.9865 -0.1058
vn -0.1244 -0.9866 -0.1058
vn -0.1241 -0.9866 -0.1057
vn 0.6645 -0.3177 0.6764
vn 0.6641 -0.3181 0.6766
vn 0.6643 -0.3179 0.6765
vn 0.6641 -0.3182 0.6766
vn 0.5332 -0.6416 0.5513
vn 0.5334 -0.6415 0.5513
vn 0.5335 -0.6415 0.5513
vn -0.6274 -0.4680 -0.6224
vn -0.6273 -0.4681 -0.6224
vn -0.6274 -0.4679 -0.6224
vn -0.6272 -0.4683 -0.6224
vn -0.6619 0.3270 -0.6745
vn -0.6620 0.3272 -0.6744
vn -0.6619 0.3271 -0.6745
vn -0.6620 0.3272 -0.6743
vn -0.1469 -0.9809 -0.1271
vn -0.1466 -0.9810 -0.1270
vn -0.1467 -0.9810 -0.1271
vn -0.1460 -0.9811 -0.1269
vn 0.6571 -0.3467 0.6694
vn 0.6570 -0.3468 0.6694
vn 0.6569 -0.3468 0.6695
vn 0.6568 -0.3469 0.6695
vn 0.6909 0.2132 0.6908
vn 0.6905 0.2135 0.6911
vn 0.6906 0.2134 0.6910
vn 0.6905 0.2134 0.6911
vn 0.5551 -0.6030 0.5729
vn 0.5555 -0.6028 0.5728
vn 0.5553 -0.6029 0.5728
vn -0.6813 -0.2703 -0.6802
vn -0.6816 -0.2701 -0.6801
vn -0.6814 -0.2704 -0.6802
vn 0.5183 -0.6656 0.5370
vn 0.5184 -0.6655 0.5371
vn 0.5182 -0.6656 0.5370
vn 0.5183 -0.6655 0.5371
vn 0.6749 -0.2725 0.6858
vn 0.6750 -0.2722 0.6858
vn 0.6749 -0.2724 0.6858
vn 0.6748 -0.2726 0.6858
vn 0.0511 -0.9959 0.0747
vn 0.0517 -0.9959 0.0748
vn 0.0512 -0.9959 0.0748
vn 0.0515 -0.9959 0.0750
vn 0.7021 -0.0700 0.7086
vn 0.7023 -0.0698 0.7085
vn 0.7023 -0.0699 0.7085
vn 0.7176 0.0072 -0.6965
vn 0.7175 0.0072 -0.6965
vn 0.7175 0.0071 -0.6966
vn 0.7177 0.0070 -0.6963
vn 0.7176 0.0070 -0.6964
vn 0.7178 0.0071 -0.6962
vn 0.7178 0.0070 -0.6962
vn 0.7179 0.0070 -0.6961
vn 0.7176 0.0069 -0.6964
vn 0.7179 0.0071 -0.6961
vn 0.7174 0.0071 -0.6967
vn 0.7175 0.0071 -0.6965
vn 0.7182 0.0070 -0.6958
vn 0.7179 0.0072 -0.6961
vn 0.7180 0.0071 -0.6961
vn 0.7177 0.0072 -0.6963
vn 0.7179 0.0074 -0.6961
vn 0.7178 0.0074 -0.6962
vn 0.7177 0.0073 -0.6963
vn 0.7178 0.0072 -0.6963
vn 0.7178 0.0072 -0.6962
vn 0.7177 0.0071 -0.6963
vn 0.7176 0.0069 -0.6965
vn 0.7178 0.0073 -0.6962
vn 0.7181 0.0069 -0.6959
vn 0.7181 0.0071 -0.6959
vn 0.7180 0.0071 -0.6960
vn -0.7169 -0.0072 0.6972
vn -0.7170 -0.0073 0.6971
vn -0.7169 -0.0072 0.6971
vn -0.7170 -0.0070 0.6971
vn -0.7168 -0.0074 0.6973
vn -0.7170 -0.0072 0.6971
vn -0.7171 -0.0071 0.6970
vn -0.7171 -0.0071 0.6969
vn -0.7171 -0.0072 0.6969
vn -0.7172 -0.0072 0.6968
vn -0.7170 -0.0071 0.6971
vn -0.7170 -0.0071 0.6970
vn -0.7173 -0.0072 0.6967
vn -0.7171 -0.0073 0.6969
vn -0.7168 -0.0072 0.6972
vn -0.7172 -0.0075 0.6968
vn -0.7169 -0.0073 0.6972
vn -0.7169 -0.0073 0.6971
vn -0.7172 -0.0071 0.6968
vn -0.7170 -0.0072 0.6970
vn -0.7172 -0.0071 0.6969
vn -0.7171 -0.0072 0.6970
vn -0.7171 -0.0073 0.6970
vn -0.7170 -0.0070 0.6970
vn -0.7171 -0.0069 0.6970
vn -0.5889 0.5334 -0.6071
vn -0.5888 0.5337 -0.6070
vn -0.5889 0.5335 -0.6072
vn -0.7065 0.0236 -0.7073
vn -0.7065 0.0239 -0.7073
vn -0.7065 0.0237 -0.7073
vn -0.6081 0.4895 -0.6249
vn -0.6082 0.4891 -0.6252
vn -0.6080 0.4894 -0.6252
vn -0.6082 0.4894 -0.6250
vn -0.7001 0.1177 -0.7043
vn -0.7000 0.1176 -0.7044
vn -0.6999 0.1175 -0.7045
vn 0.1698 0.9759 0.1369
vn 0.1695 0.9760 0.1365
vn 0.1697 0.9759 0.1369
vn 0.1695 0.9760 0.1364
vn 0.6528 0.4060 0.6395
vn 0.6526 0.4061 0.6397
vn 0.6281 0.4804 0.6122
vn 0.6281 0.4804 0.6121
vn 0.6280 0.4804 0.6122
vn -0.2098 0.9475 -0.2413
vn -0.2098 0.9475 -0.2414
vn -0.2100 0.9474 -0.2415
vn -0.2099 0.9474 -0.2417
vn -0.6942 0.1667 -0.7002
vn -0.6946 0.1664 -0.6999
vn -0.6943 0.1667 -0.7001
vn -0.5883 -0.5738 -0.5697
vn -0.5879 -0.5742 -0.5698
vn -0.5883 -0.5738 -0.5698
vn -0.5878 -0.5742 -0.5699
vn -0.6837 0.2325 -0.6917
vn -0.6839 0.2326 -0.6915
vn -0.6838 0.2325 -0.6917
vn -0.6837 0.2326 -0.6917
vn -0.5865 -0.5771 -0.5683
vn -0.5867 -0.5768 -0.5684
vn -0.5866 -0.5773 -0.5681
vn -0.5866 -0.5770 -0.5684
vn -0.0611 -0.9978 -0.0265
vn -0.0608 -0.9978 -0.0266
vn -0.0597 -0.9978 -0.0271
vn -0.0594 -0.9979 -0.0273
vn 0.6522 -0.3650 0.6644
vn 0.6521 -0.3650 0.6645
vn 0.6521 -0.3649 0.6645
vn 0.7056 0.0956 0.7021
vn 0.7057 0.0956 0.7020
vn 0.7058 0.0956 0.7019
vn -0.3480 -0.8824 -0.3167
vn -0.3475 -0.8826 -0.3166
vn -0.3479 -0.8824 -0.3167
vn -0.3477 -0.8826 -0.3166
vn 0.6798 -0.2536 0.6881
vn 0.6797 -0.2537 0.6882
vn 0.6798 -0.2537 0.6881
vn -0.0101 -0.9996 0.0255
vn -0.0097 -0.9996 0.0256
vn -0.0100 -0.9996 0.0255
vn -0.0097 -0.9996 0.0257
vn 0.7056 0.0995 0.7016
vn 0.7056 0.0993 0.7016
vn 0.7056 0.0994 0.7016
vn 0.4287 0.8102 0.3998
vn 0.4287 0.8103 0.3996
vn 0.4287 0.8102 0.3997
vn 0.4286 0.8104 0.3994
vn 0.5889 -0.5333 0.6073
vn 0.5888 -0.5333 0.6073
vn 0.5888 -0.5334 0.6073
vn 0.6718 0.3374 0.6594
vn 0.6718 0.3375 0.6594
vn 0.6718 0.3376 0.6594
vn 0.6717 0.3373 0.6596
vn 0.2474 0.9450 0.2139
vn 0.2473 0.9451 0.2138
vn 0.2473 0.9450 0.2142
vn 0.2473 0.9451 0.2137
vn 0.6349 0.4633 0.6182
vn 0.6349 0.4635 0.6181
vn 0.6349 0.4635 0.6182
vn -0.4470 0.7591 -0.4733
vn -0.4470 0.7589 -0.4735
vn -0.4470 0.7589 -0.4736
vn -0.2702 0.9142 -0.3022
vn -0.2705 0.9140 -0.3025
vn -0.2703 0.9141 -0.3024
vn -0.2705 0.9140 -0.3024
vn -0.6218 0.4549 -0.6375
vn -0.6221 0.4545 -0.6375
vn -0.6218 0.4550 -0.6375
vn -0.6222 0.4544 -0.6375
vn 0.0171 0.9997 -0.0174
vn 0.0171 0.9997 -0.0177
vn 0.0171 0.9997 -0.0175
vn 0.0171 0.9997 -0.0178
vn 0.6512 0.4128 0.6369
vn 0.6514 0.4125 0.6368
vn 0.6513 0.4127 0.6368
vn 0.6515 0.4124 0.6368
vn 0.6766 -0.2681 0.6858
vn 0.6766 -0.2682 0.6858
vn 0.6766 -0.2682 0.6857
vn 0.6781 0.3087 0.6670
vn 0.6780 0.3091 0.6669
vn 0.6780 0.3087 0.6671
vn 0.6780 0.3088 0.6671
vn 0.2420 -0.9307 0.2743
vn 0.2423 -0.9306 0.2745
vn 0.2418 -0.9307 0.2744
vn 0.2423 -0.9305 0.2746
vn 0.6957 -0.1573 0.7009
vn 0.6958 -0.1571 0.7009
vn 0.6957 -0.1572 0.7009
vn 0.6958 -0.1569 0.7009
vn 0.5568 -0.5973 0.5773
vn 0.5567 -0.5973 0.5773
vn 0.5568 -0.5972 0.5773
vn 0.5567 -0.5974 0.5773
vn 0.7056 0.0958 0.7021
vn 0.7057 0.0958 0.7020
vn 0.6118 0.5234 0.5931
vn 0.6116 0.5235 0.5931
vn 0.6116 0.5236 0.5931
vn 0.6118 0.5235 0.5930
vn 0.5818 -0.5482 0.6008
vn 0.5820 -0.5479 0.6009
vn 0.5051 0.7172 0.4801
vn 0.5054 0.7170 0.4801
vn 0.5054 0.7171 0.4800
vn 0.0013 0.9994 -0.0334
vn 0.0012 0.9994 -0.0337
vn 0.0013 0.9994 -0.0335
vn 0.0011 0.9994 -0.0337
vn -0.2882 0.9028 -0.3192
vn -0.2884 0.9026 -0.3196
vn -0.2880 0.9029 -0.3191
vn -0.2886 0.9025 -0.3197
vn -0.6369 -0.4575 -0.6205
vn -0.6370 -0.4568 -0.6209
vn -0.6371 -0.4567 -0.6209
vn 0.7164 0.0074 -0.6976
vn 0.7165 0.0074 -0.6976
vn 0.7166 0.0074 -0.6974
vn 0.7167 0.0073 -0.6974
vn 0.7166 0.0071 -0.6974
vn 0.7166 0.0074 -0.6975
vn 0.7165 0.0074 -0.6975
vn 0.7165 0.0075 -0.6976
vn 0.7166 0.0075 -0.6974
vn 0.7168 0.0071 -0.6972
vn 0.7168 0.0073 -0.6972
vn 0.7171 0.0074 -0.6969
vn 0.7165 0.0073 -0.6975
vn 0.7167 0.0068 -0.6974
vn 0.7170 0.0067 -0.6970
vn 0.7170 0.0070 -0.6970
vn 0.7168 0.0070 -0.6972
vn 0.7167 0.0069 -0.6973
vn 0.7168 0.0072 -0.6972
vn 0.7167 0.0066 -0.6973
vn 0.7170 0.0084 -0.6970
vn 0.7168 0.0073 -0.6973
vn 0.7167 0.0074 -0.6973
vn 0.7168 0.0070 -0.6973
vn 0.7169 0.0071 -0.6972
vn 0.7168 0.0072 -0.6973
vn 0.7166 0.0072 -0.6974
vn 0.7165 0.0071 -0.6976
vn 0.7165 0.0090 -0.6976
vn 0.7166 0.0100 -0.6974
vn 0.7166 0.0073 -0.6974
vn 0.7165 0.0073 -0.6976
vn -0.7155 -0.0074 0.6986
vn -0.7155 -0.0075 0.6986
vn -0.7157 -0.0076 0.6984
vn -0.7159 -0.0076 0.6982
vn -0.7157 -0.0074 0.6984
vn -0.7158 -0.0075 0.6982
vn -0.7155 -0.0076 0.6986
vn -0.7155 -0.0075 0.6985
vn -0.7155 -0.0076 0.6985
vn -0.7161 -0.0071 0.6980
vn -0.7160 -0.0072 0.6981
vn -0.7160 -0.0073 0.6980
vn -0.7157 -0.0075 0.6984
vn -0.7158 -0.0071 0.6983
vn -0.7160 -0.0070 0.6981
vn -0.7159 -0.0072 0.6981
vn -0.7161 -0.0076 0.6980
vn -0.7158 -0.0069 0.6983
vn -0.7161 -0.0072 0.6980
vn -0.7160 -0.0071 0.6981
vn -0.7161 -0.0086 0.6979
vn -0.7159 -0.0071 0.6982
vn -0.7159 -0.0073 0.6982
vn -0.7159 -0.0072 0.6982
vn -0.7160 -0.0073 0.6981
vn -0.7159 -0.0073 0.6981
vn -0.7161 -0.0070 0.6980
vn -0.7159 -0.0074 0.6982
vn -0.7162 -0.0071 0.6979
vn -0.7156 -0.0074 0.6984
vn -0.7158 -0.0073 0.6982
vn -0.7158 -0.0094 0.6983
vn -0.7157 -0.0101 0.6983
vn -0.7155 -0.0074 0.6985
vn -0.7155 -0.0073 0.6986
vn 0.2027 0.9594 0.1962
vn 0.2023 0.9596 0.1956
vn 0.2026 0.9594 0.1960
vn 0.2022 0.9596 0.1955
vn 0.5612 0.6067 0.5629
vn 0.5612 0.6071 0.5626
vn 0.5612 0.6068 0.5629
vn 0.5612 0.6072 0.5625
vn 0.0767 0.9947 0.0686
vn 0.0765 0.9947 0.0682
vn 0.0766 0.9947 0.0685
vn 0.0765 0.9947 0.0680
vn 0.2747 0.9228 0.2702
vn 0.2744 0.9230 0.2697
vn 0.2747 0.9228 0.2701
vn 0.2741 0.9232 0.2694
vn -0.4251 0.7923 -0.4376
vn -0.4253 0.7921 -0.4378
vn -0.4250 0.7923 -0.4378
vn -0.4253 0.7920 -0.4380
vn -0.6341 0.4240 -0.6467
vn -0.6343 0.4238 -0.6465
vn -0.6343 0.4238 -0.6466
vn -0.6345 0.4237 -0.6465
vn -0.4687 0.7409 -0.4810
vn -0.4687 0.7408 -0.4811
vn -0.4688 0.7407 -0.4812
vn 0.3278 0.8866 0.3263
vn 0.3275 0.8868 0.3260
vn 0.3277 0.8867 0.3262
vn 0.3277 0.8868 0.3260
vn -0.6300 0.4370 -0.6419
vn -0.6302 0.4368 -0.6419
vn -0.6301 0.4369 -0.6419
vn -0.6303 0.4367 -0.6419
vn -0.6889 -0.1985 -0.6972
vn -0.6886 -0.1987 -0.6973
vn -0.6889 -0.1985 -0.6971
vn -0.6887 -0.1985 -0.6973
vn -0.6676 0.3048 -0.6793
vn -0.6675 0.3048 -0.6793
vn -0.6676 0.3047 -0.6793
vn -0.6676 0.3046 -0.6793
vn -0.6470 -0.3927 -0.6536
vn -0.6469 -0.3928 -0.6536
vn -0.6470 -0.3928 -0.6536
vn -0.6467 -0.3932 -0.6535
vn -0.1665 -0.9728 -0.1613
vn -0.1659 -0.9729 -0.1613
vn -0.1654 -0.9730 -0.1612
vn 0.5107 -0.6821 0.5235
vn 0.5106 -0.6821 0.5234
vn 0.5107 -0.6821 0.5234
vn 0.5109 -0.6819 0.5235
vn 0.6963 -0.1210 0.7075
vn 0.6965 -0.1209 0.7073
vn 0.6964 -0.1209 0.7074
vn 0.3834 -0.8345 0.3957
vn 0.3840 -0.8342 0.3959
vn 0.3838 -0.8343 0.3959
vn 0.3840 -0.8341 0.3959
vn -0.6700 0.2927 -0.6822
vn -0.6703 0.2926 -0.6820
vn -0.6702 0.2926 -0.6821
vn -0.6701 0.2926 -0.6822
vn -0.5794 0.5601 -0.5921
vn -0.5792 0.5599 -0.5924
vn -0.5795 0.5599 -0.5922
vn -0.5795 0.5599 -0.5923
vn -0.1426 -0.9803 -0.1367
vn -0.1423 -0.9804 -0.1365
vn -0.1425 -0.9803 -0.1366
vn -0.1418 -0.9805 -0.1363
vn 0.6672 -0.3058 0.6792
vn 0.6672 -0.3061 0.6791
vn 0.6671 -0.3061 0.6792
vn 0.6672 -0.3060 0.6791
vn 0.6365 -0.4170 0.6488
vn 0.6364 -0.4170 0.6489
vn 0.6366 -0.4171 0.6487
vn 0.6573 0.3585 0.6629
vn 0.6574 0.3585 0.6628
vn 0.6572 0.3584 0.6630
vn 0.7015 0.0570 0.7104
vn 0.7012 0.0569 0.7107
vn 0.7013 0.0570 0.7105
vn 0.7013 0.0568 0.7106
vn 0.4789 -0.7269 0.4922
vn 0.4791 -0.7269 0.4921
vn 0.4790 -0.7270 0.4921
vn -0.4257 -0.7993 -0.4242
vn -0.4258 -0.7992 -0.4243
vn -0.4258 -0.7992 -0.4242
vn 0.5385 -0.6366 0.5521
vn 0.5388 -0.6364 0.5520
vn 0.5385 -0.6365 0.5521
vn 0.5389 -0.6364 0.5519
vn 0.4218 -0.7954 0.4353
vn 0.4222 -0.7951 0.4355
vn 0.4220 -0.7952 0.4353
vn 0.4221 -0.7951 0.4354
vn 0.6763 -0.2632 0.6880
vn 0.6762 -0.2634 0.6880
vn 0.6764 -0.2630 0.6880
vn 0.6762 -0.2636 0.6880
vn 0.7154 0.0090 -0.6986
vn 0.7155 0.0092 -0.6985
vn 0.7154 0.0091 -0.6987
vn 0.7155 0.0092 -0.6986
vn 0.7156 0.0092 -0.6984
vn 0.7158 0.0091 -0.6982
vn 0.7152 0.0093 -0.6989
vn 0.7149 0.0093 -0.6991
vn 0.7152 0.0092 -0.6989
vn 0.7152 0.0090 -0.6989
vn 0.7158 0.0090 -0.6983
vn 0.7158 0.0091 -0.6983
vn 0.7159 0.0090 -0.6981
vn 0.7160 0.0092 -0.6981
vn 0.7159 0.0092 -0.6981
vn 0.7152 0.0094 -0.6989
vn 0.7154 0.0094 -0.6986
vn 0.7151 0.0094 -0.6990
vn 0.7151 0.0091 -0.6990
vn 0.7154 0.0092 -0.6987
vn 0.7158 0.0092 -0.6983
vn 0.7157 0.0092 -0.6984
vn 0.7157 0.0091 -0.6983
vn 0.7158 0.0088 -0.6983
vn -0.7156 -0.0092 0.6985
vn -0.7155 -0.0092 0.6986
vn -0.7156 -0.0093 0.6984
vn -0.7156 -0.0092 0.6984
vn -0.7155 -0.0093 0.6985
vn -0.7151 -0.0092 0.6990
vn -0.7150 -0.0094 0.6991
vn -0.7152 -0.0094 0.6989
vn -0.7152 -0.0093 0.6988
vn -0.7158 -0.0092 0.6982
vn -0.7159 -0.0091 0.6982
vn -0.7157 -0.0092 0.6983
vn -0.7158 -0.0091 0.6982
vn -0.7157 -0.0093 0.6984
vn -0.7159 -0.0089 0.6981
vn -0.7155 -0.0092 0.6985
vn -0.7154 -0.0095 0.6987
vn -0.7153 -0.0093 0.6987
vn -0.7153 -0.0096 0.6988
vn -0.7151 -0.0093 0.6990
vn -0.7150 -0.0093 0.6991
vn -0.7154 -0.0092 0.6987
vn -0.7154 -0.0091 0.6986
vn -0.7156 -0.0091 0.6984
vn -0.7159 -0.0093 0.6982
vn -0.0419 0.9974 -0.0585
vn -0.0421 0.9974 -0.0589
vn -0.0420 0.9974 -0.0586
vn -0.0422 0.9974 -0.0590
vn 0.6018 0.5135 0.6117
vn 0.6018 0.5136 0.6116
vn 0.6017 0.5135 0.6118
vn 0.6016 0.5134 0.6120
vn -0.5060 0.6796 -0.5311
vn -0.5060 0.6794 -0.5315
vn -0.5060 0.6793 -0.5315
vn -0.5060 0.6794 -0.5314
vn 0.1507 0.9786 0.1404
vn 0.1501 0.9787 0.1397
vn 0.1504 0.9786 0.1402
vn 0.1501 0.9788 0.1396
vn -0.6539 0.3353 -0.6783
vn -0.6538 0.3355 -0.6783
vn -0.6538 0.3349 -0.6785
vn -0.6537 0.3355 -0.6783
vn -0.2835 -0.9177 -0.2783
vn -0.2833 -0.9179 -0.2780
vn -0.2834 -0.9177 -0.2783
vn -0.2830 -0.9180 -0.2779
vn -0.5052 0.6806 -0.5306
vn -0.5051 0.6808 -0.5304
vn -0.5052 0.6807 -0.5305
vn -0.5051 0.6809 -0.5303
vn -0.5940 0.5133 -0.6195
vn -0.5939 0.5135 -0.6194
vn -0.5939 0.5134 -0.6194
vn -0.5938 0.5136 -0.6194
vn -0.3616 0.8495 -0.3843
vn -0.3615 0.8493 -0.3847
vn -0.3615 0.8494 -0.3845
vn -0.3618 0.8492 -0.3847
vn -0.5152 0.6656 -0.5399
vn -0.5154 0.6654 -0.5400
vn -0.5154 0.6654 -0.5401
vn 0.6046 0.5037 0.6170
vn 0.6047 0.5039 0.6167
vn 0.6046 0.5038 0.6170
vn 0.6048 0.5040 0.6167
vn -0.4969 0.6937 -0.5213
vn -0.4970 0.6934 -0.5216
vn -0.4972 0.6934 -0.5216
vn -0.4970 0.6935 -0.5216
vn -0.6539 0.3355 -0.6782
vn -0.6537 0.3357 -0.6782
vn -0.6538 0.3356 -0.6782
vn -0.6536 0.3358 -0.6782
vn -0.1576 -0.9762 -0.1488
vn -0.1572 -0.9763 -0.1489
vn -0.1568 -0.9763 -0.1490
vn -0.1563 -0.9764 -0.1491
vn 0.6924 0.1159 0.7122
vn 0.6923 0.1165 0.7121
vn 0.5244 -0.6498 0.5501
vn 0.5247 -0.6496 0.5501
vn 0.5248 -0.6496 0.5501
vn 0.5248 -0.6496 0.5502
vn -0.6648 0.2873 -0.6895
vn -0.6651 0.2872 -0.6894
vn -0.6648 0.2873 -0.6896
vn -0.6650 0.2872 -0.6894
vn -0.1382 -0.9820 -0.1285
vn -0.1378 -0.9821 -0.1282
vn -0.1381 -0.9821 -0.1284
vn 0.6282 -0.4220 0.6537
vn 0.6283 -0.4219 0.6537
vn 0.6281 -0.4220 0.6538
vn 0.6283 -0.4219 0.6536
vn 0.5797 -0.5455 0.6053
vn 0.5795 -0.5457 0.6053
vn 0.5795 -0.5457 0.6054
vn 0.6921 -0.1019 0.7146
vn 0.6923 -0.1018 0.7144
vn 0.6920 -0.1021 0.7146
vn 0.6921 -0.1019 0.7145
vn 0.6665 0.3004 0.6823
vn 0.6667 0.3003 0.6822
vn 0.6663 0.3006 0.6824
vn 0.6417 -0.3792 0.6666
vn 0.6419 -0.3793 0.6664
vn 0.6417 -0.3792 0.6667
vn 0.6418 -0.3794 0.6664
vn 0.3705 -0.8409 0.3946
vn 0.3708 -0.8407 0.3947
vn 0.3704 -0.8409 0.3947
vn 0.3710 -0.8406 0.3948
vn 0.2273 -0.9414 0.2491
vn 0.2278 -0.9413 0.2492
vn 0.2274 -0.9414 0.2492
vn 0.2279 -0.9412 0.2492
vn 0.5312 -0.6384 0.5571
vn 0.5313 -0.6383 0.5571
vn 0.5310 -0.6384 0.5572
vn 0.5314 -0.6381 0.5572
vn 0.6968 0.0011 0.7173
vn 0.6965 0.0008 0.7175
vn 0.6968 0.0012 0.7173
vn 0.1800 0.9689 0.1697
vn 0.1796 0.9690 0.1694
vn 0.1799 0.9689 0.1696
vn 0.1795 0.9691 0.1693
vn 0.5826 0.5579 0.5911
vn 0.5825 0.5582 0.5909
vn 0.5825 0.5580 0.5910
vn 0.7222 0.0067 -0.6917
vn 0.7223 0.0069 -0.6916
vn 0.7221 0.0068 -0.6917
vn 0.7227 0.0066 -0.6912
vn 0.7228 0.0067 -0.6910
vn 0.7227 0.0069 -0.6911
vn 0.7221 0.0067 -0.6918
vn 0.7222 0.0066 -0.6916
vn 0.7220 0.0064 -0.6919
vn 0.7224 0.0069 -0.6915
vn 0.7225 0.0068 -0.6914
vn 0.7227 0.0068 -0.6911
vn 0.7225 0.0068 -0.6913
vn 0.7227 0.0068 -0.6912
vn 0.7227 0.0067 -0.6912
vn 0.7227 0.0067 -0.6911
vn 0.7226 0.0069 -0.6913
vn 0.7223 0.0066 -0.6916
vn 0.7226 0.0067 -0.6912
vn 0.7224 0.0067 -0.6914
vn 0.7229 0.0067 -0.6909
vn 0.7231 0.0067 -0.6907
vn 0.7230 0.0067 -0.6908
vn -0.7221 -0.0067 0.6918
vn -0.7222 -0.0072 0.6916
vn -0.7220 -0.0066 0.6918
vn -0.7225 -0.0068 0.6914
vn -0.7225 -0.0066 0.6913
vn -0.7224 -0.0069 0.6914
vn -0.7222 -0.0064 0.6917
vn -0.7223 -0.0067 0.6915
vn -0.7222 -0.0068 0.6916
vn -0.7221 -0.0069 0.6917
vn -0.7223 -0.0068 0.6916
vn -0.7222 -0.0067 0.6917
vn -0.7224 -0.0070 0.6914
vn -0.7224 -0.0068 0.6914
vn -0.7225 -0.0067 0.6914
vn -0.7224 -0.0069 0.6915
vn -0.7228 -0.0068 0.6910
vn -0.7225 -0.0067 0.6913
vn -0.7226 -0.0068 0.6912
vn -0.7227 -0.0068 0.6911
vn -0.7226 -0.0067 0.6912
vn -0.7226 -0.0067 0.6913
vn -0.4825 0.7025 -0.5232
vn -0.4826 0.7025 -0.5231
vn -0.4826 0.7024 -0.5231
vn -0.3181 0.8784 -0.3566
vn -0.3183 0.8782 -0.3569
vn -0.3182 0.8784 -0.3567
vn -0.3180 0.8783 -0.3572
vn -0.6553 0.3052 -0.6910
vn -0.6553 0.3052 -0.6909
vn -0.6553 0.3051 -0.6910
vn -0.6554 0.3055 -0.6908
vn -0.6281 0.4025 -0.6659
vn -0.6281 0.4024 -0.6660
vn -0.6281 0.4023 -0.6661
vn -0.3786 0.8262 -0.4173
vn -0.3783 0.8262 -0.4175
vn -0.3782 0.8262 -0.4176
vn 0.5279 0.6623 0.5317
vn 0.5277 0.6626 0.5315
vn 0.5277 0.6625 0.5316
vn 0.5277 0.6625 0.5315
vn -0.3850 0.8200 -0.4236
vn -0.3849 0.8199 -0.4238
vn -0.3844 0.8201 -0.4238
vn -0.6703 0.2305 -0.7053
vn -0.6703 0.2310 -0.7052
vn -0.6703 0.2308 -0.7053
vn -0.6703 0.2313 -0.7052
vn -0.6897 -0.1100 -0.7157
vn -0.6897 -0.1102 -0.7157
vn -0.6897 -0.1103 -0.7157
vn -0.6870 0.1051 -0.7190
vn -0.6871 0.1049 -0.7189
vn -0.6869 0.1052 -0.7191
vn -0.1084 -0.9905 -0.0850
vn -0.1082 -0.9905 -0.0850
vn -0.1079 -0.9905 -0.0851
vn -0.1074 -0.9906 -0.0853
vn 0.5849 0.5526 0.5937
vn 0.5847 0.5530 0.5936
vn 0.5851 0.5528 0.5934
vn 0.5848 0.5529 0.5935
vn 0.3297 0.8888 0.3184
vn 0.3295 0.8890 0.3180
vn 0.3296 0.8889 0.3183
vn 0.3296 0.8890 0.3180
vn 0.6180 -0.4331 0.6561
vn 0.6181 -0.4331 0.6561
vn 0.6181 -0.4330 0.6561
vn 0.6178 -0.4333 0.6562
vn -0.3073 -0.9051 -0.2938
vn -0.3070 -0.9054 -0.2934
vn 0.0683 -0.9927 0.0997
vn 0.0686 -0.9926 0.0998
vn -0.6567 -0.3385 -0.6739
vn -0.6555 -0.3435 -0.6726
vn -0.6918 -0.0754 -0.7181
vn -0.6915 -0.0768 -0.7183
vn -0.6928 -0.0103 -0.7211
vn -0.6928 -0.0111 -0.7211
vn -0.6923 0.0192 -0.7214
vn -0.6923 0.0188 -0.7214
vn -0.6917 0.0357 -0.7213
vn -0.6917 0.0358 -0.7213
vn -0.6913 0.0457 -0.7211
vn -0.6913 0.0456 -0.7212
vn -0.6919 0.0283 -0.7214
vn -0.6921 0.0280 -0.7213
vn -0.6928 -0.0152 -0.7209
vn -0.6928 -0.0149 -0.7210
vn -0.6926 -0.0467 -0.7198
vn -0.6926 -0.0457 -0.7199
vn -0.6922 -0.0615 -0.7191
vn -0.6922 -0.0607 -0.7191
vn -0.6919 -0.0697 -0.7186
vn -0.6919 -0.0700 -0.7185
vn -0.6918 -0.0752 -0.7182
vn -0.6918 -0.0753 -0.7182
vn -0.6916 -0.0779 -0.7180
vn -0.6917 -0.0778 -0.7180
vn -0.6916 -0.0783 -0.7180
vn -0.6916 -0.0784 -0.7180
vn -0.1041 -0.9914 -0.0794
vn -0.1037 -0.9914 -0.0794
vn -0.1038 -0.9914 -0.0794
vn -0.1033 -0.9915 -0.0793
vn 0.6498 0.3659 0.6662
vn 0.6501 0.3657 0.6660
vn 0.6501 0.3657 0.6661
vn 0.6856 -0.1238 0.7173
vn 0.6857 -0.1238 0.7173
vn 0.6855 -0.1240 0.7174
vn 0.6856 -0.1238 0.7174
vn 0.6180 -0.4339 0.6556
vn 0.6178 -0.4339 0.6558
vn 0.6179 -0.4337 0.6558
vn 0.6381 0.4104 0.6514
vn 0.6380 0.4102 0.6517
vn 0.6379 0.4106 0.6516
vn 0.6378 0.4104 0.6517
vn 0.6189 -0.4309 0.6568
vn 0.6189 -0.4310 0.6566
vn 0.6189 -0.4308 0.6568
vn 0.6190 -0.4308 0.6567
vn -0.5504 -0.6247 -0.5539
vn -0.5503 -0.6247 -0.5540
vn -0.5502 -0.6248 -0.5540
vn -0.5500 -0.6249 -0.5541
vn 0.6029 -0.4743 0.6415
vn 0.6028 -0.4742 0.6416
vn 0.6028 -0.4742 0.6417
vn 0.6030 -0.4743 0.6414
vn 0.1970 -0.9521 0.2338
vn 0.1972 -0.9520 0.2339
vn 0.1973 -0.9521 0.2338
vn 0.1974 -0.9520 0.2341
vn 0.6756 -0.2020 0.7090
vn 0.6758 -0.2021 0.7088
vn 0.6758 -0.2020 0.7089
vn 0.6911 0.1001 0.7158
vn 0.6912 0.1001 0.7156
vn 0.6912 0.1002 0.7157
vn 0.6913 0.1002 0.7156
vn 0.2838 0.9209 0.2672
vn 0.2838 0.9210 0.2669
vn 0.2839 0.9208 0.2673
vn 0.2838 0.9210 0.2668
vn -0.3435 0.8574 -0.3833
vn -0.3436 0.8574 -0.3832
vn -0.3433 0.8575 -0.3832
vn -0.3435 0.8574 -0.3832
vn 0.6760 0.2421 0.6960
vn 0.6761 0.2417 0.6960
vn 0.6761 0.2421 0.6959
vn 0.6762 0.2417 0.6960
vn 0.2211 0.9543 0.2012
vn 0.2208 0.9544 0.2008
vn 0.2210 0.9543 0.2011
vn 0.2207 0.9545 0.2007
vn 0.6760 0.2432 0.6956
vn 0.6759 0.2429 0.6958
vn 0.6760 0.2431 0.6956
vn 0.6761 0.2430 0.6956
vn -0.4030 0.8007 -0.4433
vn -0.4031 0.8006 -0.4434
vn -0.4029 0.8007 -0.4434
vn 0.7292 0.0039 -0.6843
vn 0.7292 0.0038 -0.6843
vn 0.7294 0.0036 -0.6841
vn 0.7293 0.0038 -0.6842
vn 0.7294 0.0041 -0.6841
vn 0.7292 0.0040 -0.6843
vn 0.7291 0.0040 -0.6844
vn 0.7291 0.0041 -0.6843
vn 0.7293 0.0039 -0.6842
vn 0.7293 0.0036 -0.6841
vn 0.7293 0.0037 -0.6842
vn 0.7293 0.0038 -0.6841
vn 0.7292 0.0037 -0.6843
vn 0.7294 0.0038 -0.6840
vn 0.7293 0.0036 -0.6842
vn 0.7291 0.0036 -0.6844
vn 0.7291 0.0037 -0.6844
vn 0.7294 0.0037 -0.6841
vn 0.7291 0.0039 -0.6844
vn 0.7293 0.0040 -0.6842
vn 0.7295 0.0039 -0.6839
vn 0.7294 0.0039 -0.6841
vn -0.7285 -0.0038 0.6850
vn -0.7285 -0.0041 0.6850
vn -0.7286 -0.0037 0.6849
vn -0.7286 -0.0041 0.6849
vn -0.7284 -0.0041 0.6851
vn -0.7287 -0.0041 0.6848
vn -0.7284 -0.0041 0.6852
vn -0.7285 -0.0039 0.6850
vn -0.7285 -0.0040 0.6850
vn -0.7285 -0.0041 0.6851
vn -0.7286 -0.0039 0.6850
vn -0.7284 -0.0040 0.6851
vn -0.7284 -0.0043 0.6851
vn -0.7287 -0.0041 0.6849
vn -0.7287 -0.0038 0.6849
vn -0.7287 -0.0039 0.6848
vn -0.7285 -0.0038 0.6851
vn -0.7288 -0.0039 0.6847
vn -0.7288 -0.0038 0.6847
vn -0.7283 -0.0044 0.6852
vn -0.7288 -0.0037 0.6848
vn -0.7289 -0.0038 0.6846
vn -0.7286 -0.0039 0.6849
vn -0.7288 -0.0038 0.6848
vn -0.7287 -0.0037 0.6848
vn -0.7287 -0.0038 0.6848
vn -0.7287 -0.0040 0.6848
vn -0.7283 -0.0039 0.6852
vn -0.7286 -0.0040 0.6850
vn -0.6510 -0.3894 -0.6516
vn -0.6508 -0.3894 -0.6518
vn -0.6509 -0.3892 -0.6518
vn -0.5339 0.6294 -0.5646
vn -0.5340 0.6294 -0.5645
vn -0.5340 0.6294 -0.5646
vn -0.5338 0.6294 -0.5647
vn -0.6378 0.3917 -0.6632
vn -0.6381 0.3912 -0.6632
vn -0.6378 0.3916 -0.6632
vn -0.6378 0.3915 -0.6632
vn -0.2044 0.9494 -0.2385
vn -0.2044 0.9493 -0.2389
vn -0.2048 0.9492 -0.2388
vn -0.2046 0.9493 -0.2386
vn -0.6885 -0.2011 -0.6968
vn -0.6888 -0.2014 -0.6964
vn -0.5302 0.6361 -0.5605
vn -0.5298 0.6363 -0.5608
vn -0.5301 0.6362 -0.5606
vn -0.5297 0.6363 -0.5608
vn -0.6214 0.4403 -0.6481
vn -0.6215 0.4403 -0.6480
vn -0.6215 0.4401 -0.6481
vn -0.6548 -0.3743 -0.6566
vn -0.6547 -0.3744 -0.6567
vn -0.6548 -0.3744 -0.6565
vn -0.6547 -0.3744 -0.6566
vn -0.6497 0.3517 -0.6739
vn -0.6497 0.3519 -0.6738
vn -0.6498 0.3517 -0.6738
vn -0.4109 0.7965 -0.4436
vn -0.4104 0.7966 -0.4438
vn -0.4105 0.7965 -0.4438
vn -0.4108 0.7963 -0.4440
vn -0.0829 -0.9951 -0.0536
vn -0.0826 -0.9951 -0.0537
vn -0.0824 -0.9951 -0.0538
vn -0.0821 -0.9952 -0.0538
vn 0.6363 -0.3967 0.6617
vn 0.6362 -0.3967 0.6617
vn 0.6362 -0.3966 0.6618
vn -0.0355 -0.9994 -0.0042
vn -0.0351 -0.9994 -0.0041
vn -0.0354 -0.9994 -0.0042
vn -0.0350 -0.9994 -0.0040
vn -0.7001 -0.0090 -0.7140
vn -0.7001 -0.0090 -0.7139
vn -0.7002 -0.0088 -0.7139
vn -0.6778 -0.2705 -0.6837
vn -0.6783 -0.2703 -0.6833
vn -0.6779 -0.2703 -0.6836
vn -0.6782 -0.2703 -0.6834
vn -0.1768 0.9614 -0.2110
vn -0.1773 0.9612 -0.2113
vn -0.1770 0.9613 -0.2111
vn -0.1771 0.9613 -0.2113
vn -0.0808 -0.9955 -0.0497
vn -0.0805 -0.9955 -0.0498
vn -0.0799 -0.9955 -0.0500
vn -0.0796 -0.9956 -0.0501
vn 0.2378 0.9479 0.2121
vn 0.2377 0.9480 0.2117
vn 0.2378 0.9480 0.2114
vn 0.6719 0.3040 0.6754
vn 0.6718 0.3040 0.6754
vn 0.6721 0.3040 0.6751
vn 0.6718 0.3039 0.6755
vn 0.6748 -0.2454 0.6960
vn 0.6751 -0.2454 0.6957
vn 0.6747 -0.2454 0.6961
vn 0.6750 -0.2455 0.6958
vn 0.6768 0.2798 0.6809
vn 0.6767 0.2801 0.6809
vn 0.6767 0.2804 0.6808
vn 0.4319 -0.7723 0.4658
vn 0.4320 -0.7723 0.4657
vn 0.4321 -0.7722 0.4659
vn 0.4325 -0.7719 0.4660
vn -0.6700 -0.3138 -0.6728
vn -0.6698 -0.3141 -0.6729
vn -0.6699 -0.3139 -0.6728
vn 0.5219 -0.6492 0.5534
vn 0.5222 -0.6491 0.5532
vn 0.5218 -0.6491 0.5535
vn 0.5221 -0.6491 0.5532
vn -0.5160 -0.6933 -0.5031
vn -0.5157 -0.6937 -0.5029
vn -0.5159 -0.6934 -0.5030
vn 0.5776 -0.5458 0.6070
vn 0.5779 -0.5454 0.6070
vn 0.5778 -0.5456 0.6070
vn 0.5779 -0.5457 0.6069
vn 0.6381 0.4335 0.6364
vn 0.6382 0.4336 0.6361
vn 0.6384 0.4333 0.6361
vn 0.6382 0.4336 0.6362
vn 0.6889 -0.1571 0.7076
vn 0.6890 -0.1568 0.7076
vn 0.6890 -0.1567 0.7076
vn 0.6525 0.3856 0.6524
vn 0.6524 0.3855 0.6525
vn 0.6525 0.3854 0.6525
vn 0.1368 0.9848 0.1071
vn 0.1366 0.9848 0.1069
vn 0.1367 0.9848 0.1070
vn 0.1365 0.9849 0.1068
vn -0.2958 0.8961 -0.3308
vn -0.2960 0.8959 -0.3312
vn -0.2958 0.8960 -0.3311
vn -0.2959 0.8960 -0.3312
vn 0.5803 0.5790 0.5728
vn 0.5802 0.5792 0.5726
vn 0.5803 0.5790 0.5727
vn 0.5802 0.5793 0.5726
vn -0.2054 0.9487 -0.2402
vn -0.2057 0.9485 -0.2408
vn -0.2055 0.9487 -0.2403
vn -0.2057 0.9485 -0.2409
vn 0.3599 0.8692 0.3391
vn 0.3600 0.8693 0.3388
vn 0.3601 0.8692 0.3390
vn 0.3601 0.8693 0.3387
vn -0.6205 0.4431 -0.6470
vn -0.6206 0.4428 -0.6471
vn -0.6205 0.4431 -0.6471
vn -0.6206 0.4428 -0.6472
vn 0.2181 0.9570 0.1914
vn 0.2179 0.9571 0.1913
vn 0.2180 0.9570 0.1913
vn 0.2178 0.9571 0.1912
vn -0.6678 0.2784 -0.6903
vn -0.6679 0.2786 -0.6902
vn -0.6681 0.2783 -0.6900
vn -0.6679 0.2787 -0.6901
vn 0.7229 0.0058 -0.6910
vn 0.7228 0.0056 -0.6910
vn 0.7227 0.0057 -0.6912
vn 0.7228 0.0053 -0.6910
vn 0.7230 0.0050 -0.6908
vn 0.7229 0.0052 -0.6910
vn 0.7228 0.0051 -0.6911
vn 0.7228 0.0050 -0.6910
vn 0.7231 0.0049 -0.6907
vn 0.7231 0.0052 -0.6907
vn 0.7230 0.0051 -0.6908
vn 0.7230 0.0052 -0.6908
vn 0.7229 0.0051 -0.6909
vn 0.7231 0.0051 -0.6907
vn 0.7230 0.0053 -0.6909
vn 0.7229 0.0049 -0.6909
vn 0.7232 0.0048 -0.6906
vn 0.7232 0.0047 -0.6906
vn 0.7232 0.0049 -0.6906
vn 0.7233 0.0050 -0.6906
vn 0.7229 0.0052 -0.6909
vn 0.7231 0.0050 -0.6907
vn 0.7228 0.0049 -0.6910
vn 0.7232 0.0051 -0.6907
vn 0.7231 0.0052 -0.6908
vn -0.7219 -0.0057 0.6919
vn -0.7219 -0.0056 0.6919
vn -0.7220 -0.0053 0.6919
vn -0.7221 -0.0052 0.6918
vn -0.7220 -0.0052 0.6919
vn -0.7224 -0.0051 0.6915
vn -0.7222 -0.0051 0.6917
vn -0.7221 -0.0051 0.6917
vn -0.7222 -0.0053 0.6917
vn -0.7221 -0.0052 0.6917
vn -0.7223 -0.0051 0.6915
vn -0.7224 -0.0050 0.6915
vn -0.7223 -0.0051 0.6916
vn -0.7222 -0.0050 0.6917
vn -0.7223 -0.0050 0.6916
vn -0.7218 -0.0052 0.6921
vn -0.7222 -0.0051 0.6916
vn -0.7227 -0.0050 0.6912
vn -0.7222 -0.0052 0.6916
vn -0.7223 -0.0052 0.6916
vn -0.7222 -0.0054 0.6916
vn 0.2255 0.9456 0.2343
vn 0.2252 0.9458 0.2340
vn 0.2252 0.9457 0.2343
vn 0.2251 0.9458 0.2339
vn -0.1993 0.9621 -0.1861
vn -0.1993 0.9621 -0.1863
vn -0.1993 0.9620 -0.1864
vn -0.5389 0.6576 -0.5265
vn -0.5389 0.6575 -0.5265
vn -0.6908 0.2393 -0.6823
vn -0.6910 0.2393 -0.6821
vn -0.6908 0.2393 -0.6822
vn -0.6908 0.2395 -0.6822
vn -0.6653 -0.3420 -0.6637
vn -0.6652 -0.3420 -0.6637
vn -0.7016 0.1633 -0.6936
vn -0.7015 0.1632 -0.6938
vn -0.7016 0.1633 -0.6937
vn -0.7017 0.1632 -0.6935
vn -0.6389 -0.4299 -0.6380
vn -0.6385 -0.4301 -0.6382
vn -0.6386 -0.4300 -0.6381
vn -0.6383 -0.4302 -0.6383
vn -0.5420 0.6526 -0.5296
vn -0.5420 0.6524 -0.5297
vn -0.5419 0.6526 -0.5296
vn 0.5211 0.6733 0.5245
vn 0.5205 0.6740 0.5242
vn 0.5211 0.6734 0.5244
vn 0.5209 0.6738 0.5241
vn -0.2989 0.9105 -0.2857
vn -0.2991 0.9104 -0.2858
vn -0.2992 0.9105 -0.2856
vn -0.2990 0.9104 -0.2859
vn -0.5634 0.6156 -0.5510
vn -0.5631 0.6157 -0.5512
vn -0.5633 0.6157 -0.5511
vn -0.5631 0.6158 -0.5512
vn -0.6493 0.4127 -0.6388
vn -0.6492 0.4128 -0.6389
vn -0.6491 0.4129 -0.6389
vn -0.6269 0.4768 -0.6162
vn -0.6270 0.4769 -0.6160
vn -0.6269 0.4769 -0.6161
vn -0.1967 -0.9588 -0.2048
vn -0.1965 -0.9588 -0.2050
vn -0.1957 -0.9589 -0.2054
vn -0.1955 -0.9589 -0.2056
vn 0.6388 -0.4440 0.6283
vn 0.6390 -0.4440 0.6282
vn 0.6389 -0.4440 0.6282
vn 0.6387 -0.4441 0.6283
vn 0.3607 -0.8650 0.3488
vn 0.3608 -0.8649 0.3489
vn 0.0125 -0.9999 0.0035
vn 0.0130 -0.9999 0.0036
vn 0.0128 -0.9999 0.0035
vn 0.0133 -0.9999 0.0036
vn -0.6767 -0.2999 -0.6724
vn -0.6766 -0.3002 -0.6724
vn -0.0035 -0.9999 -0.0121
vn -0.0029 -0.9999 -0.0118
vn -0.0034 -0.9999 -0.0121
vn -0.0028 -0.9999 -0.0117
vn 0.5585 -0.6232 0.5474
vn 0.5586 -0.6230 0.5475
vn 0.5585 -0.6233 0.5474
vn 0.5587 -0.6229 0.5476
vn 0.2985 -0.9099 0.2881
vn 0.2989 -0.9097 0.2882
vn 0.2987 -0.9098 0.2882
vn 0.2992 -0.9096 0.2882
vn 0.7094 -0.0691 0.7014
vn 0.7093 -0.0690 0.7015
vn 0.7094 -0.0691 0.7015
vn 0.6769 -0.3106 0.6673
vn 0.6768 -0.3108 0.6673
vn 0.6768 -0.3108 0.6674
vn 0.6660 0.3446 0.6616
vn 0.6657 0.3453 0.6615
vn 0.6658 0.3444 0.6619
vn 0.6659 0.3449 0.6615
vn 0.0026 0.9999 0.0109
vn 0.0023 0.9999 0.0103
vn 0.0025 0.9999 0.0108
vn 0.0022 0.9999 0.0102
vn -0.0940 0.9920 -0.0846
vn -0.0943 0.9919 -0.0850
vn -0.0941 0.9920 -0.0847
vn -0.0944 0.9919 -0.0851
vn 0.1474 0.9769 0.1545
vn 0.1471 0.9771 0.1539
vn 0.1474 0.9770 0.1544
vn 0.1470 0.9771 0.1538
vn 0.7093 0.0587 0.7025
vn 0.7092 0.0589 0.7026
vn 0.7091 0.0589 0.7026
vn 0.6221 -0.4892 0.6113
vn 0.6219 -0.4894 0.6113
vn 0.6220 -0.4893 0.6113
vn 0.7094 0.0581 0.7024
vn 0.7094 0.0581 0.7025
vn 0.7093 0.0581 0.7025
vn 0.6609 0.3621 0.6574
vn 0.6611 0.3619 0.6573
vn 0.6610 0.3619 0.6573
vn 0.6609 0.3620 0.6574
vn 0.5803 0.5720 0.5797
vn 0.5803 0.5720 0.5796
vn 0.5805 0.5721 0.5795
vn -0.6709 -0.3229 -0.6675
vn -0.6711 -0.3227 -0.6674
vn -0.7040 0.1458 -0.6951
vn -0.7038 0.1458 -0.6952
vn -0.7038 0.1457 -0.6953
vn -0.7038 0.1456 -0.6953
vn 0.2330 0.9426 0.2393
vn 0.2328 0.9426 0.2392
vn 0.2328 0.9427 0.2391
vn 0.6344 0.4441 0.6327
vn 0.6346 0.4442 0.6325
vn 0.7009 -0.1715 0.6923
vn 0.7008 -0.1715 0.6924
vn 0.7010 -0.1715 0.6923
vn 0.7009 -0.1715 0.6924
vn 0.5067 -0.7057 0.4953
vn 0.5065 -0.7058 0.4953
vn 0.5068 -0.7056 0.4952
vn -0.0632 -0.9955 -0.0710
vn -0.0631 -0.9955 -0.0711
vn -0.0626 -0.9955 -0.0712
vn -0.0625 -0.9955 -0.0712
vn 0.4798 0.7335 0.4813
vn 0.4802 0.7335 0.4811
vn 0.4801 0.7335 0.4811
vn 0.4799 0.7335 0.4813
vn 0.0836 0.9923 0.0917
vn 0.0836 0.9923 0.0915
vn -0.3024 0.9077 -0.2908
vn -0.3026 0.9077 -0.2909
vn -0.3025 0.9076 -0.2910
vn -0.3025 0.9077 -0.2910
vn -0.5571 0.6262 -0.5454
vn -0.5570 0.6262 -0.5455
vn -0.5571 0.6261 -0.5456
vn -0.5572 0.6260 -0.5455
vn -0.7090 0.0674 -0.7019
vn -0.7091 0.0675 -0.7019
vn -0.7093 0.0675 -0.7016
vn -0.7093 0.0676 -0.7016
vn -0.6386 -0.4328 -0.6363
vn -0.6384 -0.4329 -0.6364
vn -0.6383 -0.4329 -0.6365
vn -0.7101 -0.0266 -0.7036
vn -0.7102 -0.0268 -0.7035
vn -0.7100 -0.0268 -0.7037
vn -0.7102 -0.0267 -0.7035
vn 0.0499 0.9970 0.0589
vn 0.0495 0.9971 0.0584
vn 0.0498 0.9970 0.0588
vn 0.0495 0.9971 0.0583
vn 0.2660 0.9246 0.2727
vn 0.2659 0.9248 0.2723
vn 0.2660 0.9247 0.2725
vn 0.2659 0.9248 0.2721
vn 0.6300 0.4560 0.6286
vn 0.6300 0.4563 0.6284
vn 0.6300 0.4562 0.6285
vn 0.6300 0.4565 0.6283
vn 0.3947 0.8275 0.3993
vn 0.3944 0.8278 0.3991
vn 0.3944 0.8276 0.3993
vn 0.3944 0.8278 0.3990
vn 0.2479 0.9344 0.2556
vn 0.2477 0.9346 0.2553
vn 0.2478 0.9345 0.2555
vn 0.2479 0.9347 0.2548
vn 0.6211 0.4785 0.6207
vn 0.6212 0.4786 0.6206
vn 0.6211 0.4786 0.6206
vn 0.6212 0.4786 0.6205
vn 0.2870 0.9113 0.2951
vn 0.2872 0.9114 0.2948
vn 0.2871 0.9114 0.2948
vn 0.2873 0.9114 0.2946
vn 0.7094 -0.0581 0.7024
vn 0.7095 -0.0581 0.7023
vn 0.7049 0.0107 -0.7093
vn 0.7049 0.0107 -0.7092
vn 0.7048 0.0111 -0.7093
vn 0.7049 0.0109 -0.7092
vn 0.7050 0.0107 -0.7092
vn 0.7049 0.0106 -0.7093
vn 0.7050 0.0107 -0.7091
vn 0.6248 0.4642 -0.6278
vn 0.7052 0.0107 -0.7090
vn 0.7051 0.0106 -0.7090
vn 0.7051 0.0107 -0.7090
vn 0.7052 0.0107 -0.7089
vn 0.8393 0.4568 -0.2946
vn 0.7509 0.4242 -0.5062
vn 0.7719 0.3316 -0.5424
vn 0.7042 0.3500 -0.6177
vn 0.7052 0.0106 -0.7089
vn 0.7053 0.0107 -0.7089
vn 0.7051 0.0107 -0.7091
vn 0.7051 0.0105 -0.7091
vn 0.7051 0.0105 -0.7090
vn 0.7053 0.0106 -0.7088
vn 0.7050 0.0106 -0.7091
vn 0.7052 0.0108 -0.7089
vn 0.7047 0.0108 -0.7094
vn 0.7049 0.0108 -0.7092
vn 0.7048 0.0109 -0.7093
vn 0.7048 0.0107 -0.7094
vn -0.7048 -0.0106 0.7093
vn -0.7048 -0.0107 0.7093
vn -0.7051 -0.0108 0.7090
vn -0.7051 -0.0108 0.7091
vn -0.7049 -0.0107 0.7092
vn -0.7052 -0.0107 0.7089
vn -0.7050 -0.0107 0.7091
vn -0.6331 0.4392 0.6374
vn -0.7050 -0.0105 0.7091
vn -0.7050 -0.0106 0.7091
vn -0.7051 -0.0106 0.7091
vn -0.7051 -0.0106 0.7090
vn -0.7051 -0.0107 0.7090
vn -0.3066 0.4317 0.8483
vn -0.5139 0.3959 0.7610
vn -0.5462 0.3045 0.7803
vn -0.6211 0.3265 0.7125
vn -0.7050 -0.0106 0.7092
vn -0.7051 -0.0105 0.7090
vn -0.7048 -0.0105 0.7093
vn -0.7050 -0.0107 0.7092
vn -0.7048 -0.0108 0.7093
vn -0.7048 -0.0104 0.7094
vn -0.7052 -0.0106 0.7090
vn -0.7052 -0.0107 0.7090
vn -0.7049 -0.0106 0.7092
vn -0.7047 -0.0107 0.7095
vn -0.7047 -0.0107 0.7094
vn -0.7049 -0.0109 0.7092
vn -0.7043 -0.0108 0.7098
vn -0.7046 -0.0109 0.7096
vn -0.7046 -0.0108 0.7095
vn -0.7047 -0.0108 0.7094
vt 0.015600 1.000000
vt 0.015600 0.000000
vt 0.000000 0.000000
vt 0.000000 1.000000
vt 0.031100 1.000000
vt 0.031100 0.000000
vt 0.043400 1.000000
vt 0.043400 0.000000
vt 0.056900 1.000000
vt 0.056900 0.000000
vt 0.084500 1.000000
vt 0.084500 0.000000
vt 0.104100 1.000000
vt 0.104100 0.000000
vt 0.132000 1.000000
vt 0.132000 0.000000
vt 0.142200 1.000000
vt 0.142200 0.000000
vt 0.147600 1.000000
vt 0.147600 0.000000
vt 0.157400 1.000000
vt 0.157400 0.000000
vt 0.173800 1.000000
vt 0.173800 0.000000
vt 0.197700 1.000000
vt 0.197700 0.000000
vt 0.232200 1.000000
vt 0.232200 0.000000
vt 0.364300 1.000000
vt 0.317000 0.000000
vt 0.315600 1.000000
vt 0.410400 1.000000
vt 0.410400 0.000000
vt 0.364300 0.000000
vt 0.435200 1.000000
vt 0.435200 0.000000
vt 0.461000 1.000000
vt 0.461000 0.000000
vt 0.465000 1.000000
vt 0.465000 0.000000
vt 0.472300 1.000000
vt 0.472300 0.000000
vt 0.477900 1.000000
vt 0.477900 0.000000
vt 0.502000 1.000000
vt 0.502000 0.000000
vt 0.514400 1.000000
vt 0.514400 0.000000
vt 0.523100 1.000000
vt 0.523100 0.000000
vt 0.529700 1.000000
vt 0.529700 0.000000
vt 0.539200 1.000000
vt 0.539200 0.000000
vt 0.548300 1.000000
vt 0.548300 0.000000
vt 0.556500 1.000000
vt 0.556500 0.000000
vt 0.568400 1.000000
vt 0.568400 0.000000
vt 0.581200 1.000000
vt 0.850100 1.000000
vt 0.850100 0.000000
vt 0.841800 0.000000
vt 0.858100 1.000000
vt 0.858100 0.000000
vt 0.876800 1.000000
vt 0.876800 0.000000
vt 0.898500 1.000000
vt 0.898500 0.000000
vt 0.911200 1.000000
vt 0.928100 1.000000
vt 0.928100 0.000000
vt 0.911200 0.000000
vt 0.950900 1.000000
vt 0.950900 0.000000
vt 0.984600 1.000000
vt 0.984600 0.000000
vt 1.000000 1.000000
vt 1.000000 0.000000
vt 0.022200 0.001300
vt 0.420200 0.066800
vt 0.056000 0.181300
vt 0.632400 0.000000
vt 0.669800 0.242200
vt 0.439800 0.267300
vt 0.071600 0.307600
vt 0.099700 0.389100
vt 0.714400 0.701300
vt 0.726100 0.659200
vt 0.808000 0.732700
vt 0.834000 0.645700
vt 0.156500 0.963800
vt 0.084600 0.967500
vt 0.172400 0.883700
vt 0.134100 0.423300
vt 0.155200 0.408500
vt 0.444500 0.315000
vt 0.174700 0.458000
vt 0.873300 0.360200
vt 0.905800 0.370700
vt 0.862900 0.378300
vt 0.915500 0.398000
vt 0.023900 0.923400
vt 0.000000 0.863800
vt 0.002600 0.791700
vt 0.078100 0.672900
vt 0.326900 0.858900
vt 0.401100 0.772900
vt 0.088900 0.569000
vt 0.475000 0.626900
vt 0.479000 0.765800
vt 0.534900 0.745100
vt 0.603900 0.660900
vt 0.748900 0.338100
vt 0.689800 0.650300
vt 0.852500 0.585700
vt 1.000000 0.482100
vt 0.890200 0.588700
vt 0.987800 0.546600
vt 0.928900 0.608200
vt 0.989100 0.593200
vt 0.970900 0.621800
vt 0.407500 0.000500
vt 0.427800 0.218200
vt 0.435700 0.302500
vt 0.439400 0.342600
vt 0.911200 0.072900
vt 0.488200 0.762400
vt 0.413700 0.000500
vt 0.014100 0.000000
vt 0.014100 1.000000
vt 0.036400 0.000000
vt 0.036400 1.000000
vt 0.054200 0.000000
vt 0.054200 1.000000
vt 0.084300 0.000000
vt 0.084300 1.000000
vt 0.104700 0.000000
vt 0.104700 1.000000
vt 0.126600 0.000000
vt 0.126600 1.000000
vt 0.135100 0.000000
vt 0.135100 1.000000
vt 0.161000 0.000000
vt 0.161000 1.000000
vt 0.170200 0.000000
vt 0.170200 1.000000
vt 0.201700 0.000000
vt 0.201700 1.000000
vt 0.216000 0.000000
vt 0.216000 1.000000
vt 0.222700 0.000000
vt 0.222700 1.000000
vt 0.258100 0.000000
vt 0.258100 1.000000
vt 0.265200 0.000000
vt 0.265200 1.000000
vt 0.278800 0.000000
vt 0.278800 1.000000
vt 0.311300 0.000000
vt 0.311300 1.000000
vt 0.347900 0.000000
vt 0.347900 1.000000
vt 0.362800 0.000000
vt 0.362800 1.000000
vt 0.378900 0.000000
vt 0.378900 1.000000
vt 0.392600 0.000000
vt 0.392600 1.000000
vt 0.471500 0.000000
vt 0.471500 1.000000
vt 0.523900 0.000000
vt 0.523900 1.000000
vt 0.538600 0.000000
vt 0.538600 1.000000
vt 0.598900 0.000000
vt 0.598900 1.000000
vt 0.636900 0.000000
vt 0.636900 1.000000
vt 0.731900 0.000000
vt 0.731900 1.000000
vt 0.758800 0.000000
vt 0.758800 1.000000
vt 0.793700 0.000000
vt 0.793700 1.000000
vt 0.820700 0.000000
vt 0.820700 1.000000
vt 0.842300 0.000000
vt 0.842300 1.000000
vt 0.855500 0.000000
vt 0.855500 1.000000
vt 0.908400 0.000000
vt 0.908400 1.000000
vt 0.923200 0.000000
vt 0.923200 1.000000
vt 0.932600 0.000000
vt 0.932600 1.000000
vt 0.941100 0.000000
vt 0.941100 1.000000
vt 0.959700 0.000000
vt 0.959700 1.000000
vt 0.989700 0.000000
vt 0.989700 1.000000
vt 0.296500 0.404400
vt 0.268300 0.418600
vt 0.330400 0.448400
vt 0.532700 0.941600
vt 0.615000 1.000000
vt 0.651200 0.954900
vt 1.000000 0.817600
vt 0.868000 0.646300
vt 0.816800 0.679200
vt 0.024600 0.119000
vt 0.000000 0.252800
vt 0.169600 0.243300
vt 0.094900 0.095100
vt 0.413400 0.656900
vt 0.383000 0.680100
vt 0.479100 0.723500
vt 0.800800 0.001000
vt 0.601600 0.006200
vt 0.652700 0.225400
vt 0.858700 0.348800
vt 0.689500 0.981800
vt 0.792000 0.898300
vt 0.192100 0.291000
vt 0.167500 0.310700
vt 0.348200 0.563700
vt 0.317200 0.589800
vt 0.529200 0.876100
vt 0.596300 0.188600
vt 0.530700 0.001200
vt 0.117600 0.000000
vt 0.070700 0.038300
vt 0.817600 0.443700
vt 0.691200 0.536600
vt 0.724700 0.633000
vt 0.964800 0.866400
vt 0.915900 0.869400
vt 0.429200 0.790000
vt 0.889400 0.894400
vt 0.011900 0.000000
vt 0.011900 1.000000
vt 0.025200 0.000000
vt 0.025200 1.000000
vt 0.038400 0.000000
vt 0.038400 1.000000
vt 0.044100 0.000000
vt 0.044100 1.000000
vt 0.063000 0.000000
vt 0.063000 1.000000
vt 0.075000 0.000000
vt 0.075000 1.000000
vt 0.085600 0.000000
vt 0.085600 1.000000
vt 0.104500 0.000000
vt 0.104500 1.000000
vt 0.129300 0.000000
vt 0.129300 1.000000
vt 0.151500 0.000000
vt 0.151500 1.000000
vt 0.165100 0.000000
vt 0.165100 1.000000
vt 0.187900 0.000000
vt 0.187900 1.000000
vt 0.195400 0.000000
vt 0.195400 1.000000
vt 0.212200 0.000000
vt 0.212200 1.000000
vt 0.230500 0.000000
vt 0.230500 1.000000
vt 0.240900 0.000000
vt 0.240900 1.000000
vt 0.259800 0.000000
vt 0.259800 1.000000
vt 0.277400 0.000000
vt 0.277400 1.000000
vt 0.288100 0.000000
vt 0.288100 1.000000
vt 0.330000 0.000000
vt 0.330000 1.000000
vt 0.345600 0.000000
vt 0.345600 1.000000
vt 0.363100 0.000000
vt 0.363100 1.000000
vt 0.394400 0.000000
vt 0.394400 1.000000
vt 0.403300 0.000000
vt 0.403300 1.000000
vt 0.432800 0.000000
vt 0.432800 1.000000
vt 0.443900 0.000000
vt 0.443900 1.000000
vt 0.454800 0.000000
vt 0.454800 1.000000
vt 0.478700 0.000000
vt 0.478700 1.000000
vt 0.543300 0.000000
vt 0.543300 1.000000
vt 0.551500 0.000000
vt 0.551500 1.000000
vt 0.621900 0.000000
vt 0.621900 1.000000
vt 0.637100 0.000000
vt 0.637100 1.000000
vt 0.687000 0.000000
vt 0.687000 1.000000
vt 0.720600 0.000000
vt 0.720600 1.000000
vt 0.817300 0.000000
vt 0.817300 1.000000
vt 0.864600 0.000000
vt 0.864600 1.000000
vt 0.905700 0.000000
vt 0.905700 1.000000
vt 0.926900 0.000000
vt 0.926900 1.000000
vt 0.944800 0.000000
vt 0.944800 1.000000
vt 0.967700 0.000000
vt 0.967700 1.000000
vt 0.980400 0.000000
vt 0.980400 1.000000
vt 0.356900 0.000000
vt 0.000000 0.001900
vt 0.124400 0.033800
vt 0.149500 0.303700
vt 0.056600 0.283600
vt 0.087800 0.340100
vt 0.540700 0.904400
vt 0.561000 1.000000
vt 0.639100 0.951300
vt 0.924300 0.701400
vt 0.873800 0.641200
vt 0.820000 0.714400
vt 0.124400 0.076400
vt 0.063100 0.074900
vt 0.113600 0.184000
vt 0.674600 0.984500
vt 0.710800 0.945300
vt 0.814800 0.939100
vt 0.803000 0.918400
vt 0.271100 0.440400
vt 0.067400 0.196400
vt 0.348300 0.574000
vt 0.307300 0.602500
vt 0.386900 0.646800
vt 0.932000 0.790700
vt 0.361900 0.032100
vt 0.753200 0.028000
vt 0.567700 0.033600
vt 0.600900 0.227100
vt 0.828700 0.401600
vt 0.548000 0.273100
vt 0.252200 0.480000
vt 0.344900 0.500500
vt 0.434800 0.702800
vt 0.413100 0.727700
vt 0.520400 0.774300
vt 0.984200 0.878200
vt 1.000000 0.802400
vt 0.918900 0.882900
vt 0.721600 0.569600
vt 0.875500 0.924700
vt 0.494000 0.823900
vt 0.123400 0.000500
vt 0.123400 0.999500
vt 0.077100 0.000500
vt 0.077100 0.999500
vt 0.235200 0.000500
vt 0.235200 0.999500
vt 0.331600 0.000500
vt 0.331600 0.999500
vt 0.520100 0.000500
vt 0.520100 0.999500
vt 0.687200 0.000500
vt 0.687200 0.999500
vt 0.651100 0.000500
vt 0.651100 0.999500
vt 0.664700 0.000500
vt 0.664700 0.999500
vt 0.484500 0.000500
vt 0.484500 0.999500
vt 0.734800 0.000500
vt 0.734800 0.999500
vt 0.999500 0.000500
vt 0.999500 0.999500
vt 0.868200 0.000500
vt 0.868200 0.999500
vt 0.612100 0.000500
vt 0.612100 0.999500
vt 0.320900 0.000500
vt 0.320900 0.999500
vt 0.652900 0.000500
vt 0.652900 0.999500
vt 0.955600 0.000500
vt 0.955600 0.999500
vt 0.869700 0.000500
vt 0.869700 0.999500
vt 0.071500 0.000500
vt 0.071500 0.999500
vt 0.137900 0.000500
vt 0.137900 0.999500
vt 0.015600 0.000500
vt 0.015600 0.999500
vt 0.337200 0.000500
vt 0.337200 0.999500
vt 0.924600 0.000500
vt 0.924600 0.999500
vt 0.836900 0.000500
vt 0.836900 0.999500
vt 0.391600 0.000500
vt 0.391600 0.999500
vt 0.302900 0.000500
vt 0.302900 0.999500
vt 0.932000 0.000500
vt 0.932000 0.999500
vt 0.448200 0.000500
vt 0.448200 0.999500
vt 0.397100 0.000500
vt 0.397100 0.999500
vt 0.137400 0.000500
vt 0.137400 0.999500
vt 0.015900 0.000500
vt 0.015900 0.999500
vt 0.550000 0.000500
vt 0.550000 0.999500
vt 0.513500 0.000500
vt 0.513500 0.999500
vt 0.583700 0.000500
vt 0.583700 0.999500
vt 0.177800 0.000500
vt 0.177800 0.999500
vt 0.140700 0.000500
vt 0.140700 0.999500
vt 0.631300 0.000500
vt 0.631300 0.999500
vt 0.592500 0.000500
vt 0.592500 0.999500
vt 0.399400 0.000500
vt 0.399400 0.999500
vt 0.368700 0.000500
vt 0.368700 0.999500
vt 0.290500 0.000500
vt 0.290500 0.999500
vt 0.237500 0.000500
vt 0.237500 0.999500
vt 0.489000 0.000500
vt 0.489000 0.999500
vt 0.427800 0.000500
vt 0.427800 0.999500
vt 0.371100 0.000500
vt 0.371100 0.999500
vt 0.311000 0.000500
vt 0.311000 0.999500
vt 0.506500 0.000500
vt 0.506500 0.999500
vt 0.639800 0.000500
vt 0.639800 0.999500
vt 0.747600 0.000500
vt 0.747600 0.999500
vt 0.548700 0.000500
vt 0.548700 0.999500
vt 0.513900 0.000500
vt 0.513900 0.999500
vt 0.799200 0.000500
vt 0.799200 0.999500
vt 0.764200 0.000500
vt 0.764200 0.999500
vt 0.837000 0.000500
vt 0.837000 0.999500
vt 0.889000 0.000500
vt 0.889000 0.999500
vt 0.950300 0.000500
vt 0.950300 0.999500
vt 0.975800 0.000500
vt 0.975800 0.999500
vt 0.522000 0.000500
vt 0.522000 0.999500
vt 0.488700 0.000500
vt 0.488700 0.999500
vt 0.601600 0.000500
vt 0.601600 0.999500
vt 0.654400 0.000500
vt 0.654400 0.999500
vt 0.038600 0.000500
vt 0.038600 0.999500
vt 0.932500 0.391500
vt 0.925100 0.302700
vt 0.837200 0.337000
vt 0.762800 0.600700
vt 0.792200 0.631400
vt 0.822500 0.592600
vt 0.984600 0.448100
vt 1.000000 0.397000
vt 0.863000 0.513500
vt 0.375100 0.923300
vt 0.345400 0.961800
vt 0.398300 0.992200
vt 0.896500 0.137500
vt 0.870100 0.015100
vt 0.071000 0.000000
vt 0.000000 0.679300
vt 0.131400 0.735000
vt 0.188300 0.664900
vt 0.004200 0.387800
vt 0.312600 0.484400
vt 0.044800 0.346900
vt 0.478000 1.000000
vt 0.511300 0.976200
vt 0.499200 0.950700
vt 0.027100 0.043900
vt 0.348800 0.479800
vt 0.547900 0.799500
vt 0.548700 0.764500
vt 0.514000 0.747800
vt 0.553700 0.889400
vt 0.354200 0.876900
vt 0.373000 0.765100
vt 0.569200 0.837400
vt 0.336000 0.668600
vt 0.573500 0.639900
vt 0.568800 0.592600
vt 0.629000 0.506500
vt 0.689200 0.511000
vt 0.709700 0.572300
vt 0.879600 0.550100
vt 0.859700 0.583800
vt 0.029900 0.000000
vt 0.029900 1.000000
vt 0.064300 0.000000
vt 0.064300 1.000000
vt 0.078000 0.000000
vt 0.078000 1.000000
vt 0.140200 0.000000
vt 0.140200 1.000000
vt 0.207600 0.000000
vt 0.207600 1.000000
vt 0.293900 0.000000
vt 0.293900 1.000000
vt 0.319300 0.000000
vt 0.319300 1.000000
vt 0.336800 0.000000
vt 0.336800 1.000000
vt 0.378000 0.000000
vt 0.378000 1.000000
vt 0.394300 0.000000
vt 0.394300 1.000000
vt 0.417700 0.000000
vt 0.417700 1.000000
vt 0.489500 0.000000
vt 0.489500 1.000000
vt 0.513700 0.000000
vt 0.513700 1.000000
vt 0.547600 0.000000
vt 0.547600 1.000000
vt 0.571900 0.000000
vt 0.571900 1.000000
vt 0.624300 0.000000
vt 0.624300 1.000000
vt 0.647200 0.000000
vt 0.647200 1.000000
vt 0.690300 0.000000
vt 0.690300 1.000000
vt 0.716900 0.000000
vt 0.716900 1.000000
vt 0.808500 0.000000
vt 0.808500 1.000000
vt 0.850200 0.000000
vt 0.850200 1.000000
vt 0.883000 0.000000
vt 0.883000 1.000000
vt 0.912600 0.000000
vt 0.912600 1.000000
vt 0.930300 0.000000
vt 0.930300 1.000000
vt 0.953700 0.000000
vt 0.953700 1.000000
vt 0.978700 0.000000
vt 0.978700 1.000000
vt 0.805400 0.006000
vt 0.589500 0.000000
vt 0.627000 0.079100
vt 0.811500 0.103000
vt 0.635200 0.270600
vt 0.887400 0.433400
vt 0.000000 0.264600
vt 0.016400 0.327400
vt 0.140100 0.305500
vt 0.092200 0.129800
vt 0.922100 0.815000
vt 0.873000 0.737200
vt 0.791800 0.762500
vt 0.922100 0.967600
vt 1.000000 0.964600
vt 1.000000 0.886800
vt 0.765000 0.557000
vt 0.577900 0.082100
vt 0.520500 0.004300
vt 0.160600 0.003000
vt 0.553300 0.204800
vt 0.088600 0.070200
vt 0.377000 0.569700
vt 0.713000 0.670700
vt 0.435400 0.812500
vt 0.627000 0.991500
vt 0.694900 0.983600
vt 0.865900 1.000000
vt 0.033500 0.000000
vt 0.033500 1.000000
vt 0.047200 0.000000
vt 0.047200 1.000000
vt 0.060800 0.000000
vt 0.060800 1.000000
vt 0.073700 0.000000
vt 0.073700 1.000000
vt 0.089000 0.000000
vt 0.089000 1.000000
vt 0.098900 0.000000
vt 0.098900 1.000000
vt 0.136400 0.000000
vt 0.136400 1.000000
vt 0.201100 0.000000
vt 0.201100 1.000000
vt 0.245800 0.000000
vt 0.245800 1.000000
vt 0.316300 0.000000
vt 0.316300 1.000000
vt 0.339200 0.000000
vt 0.339200 1.000000
vt 0.363600 0.000000
vt 0.363600 1.000000
vt 0.410700 0.000000
vt 0.410700 1.000000
vt 0.551900 0.000000
vt 0.551900 1.000000
vt 0.566300 0.000000
vt 0.566300 1.000000
vt 0.599400 0.000000
vt 0.599400 1.000000
vt 0.643400 0.000000
vt 0.643400 1.000000
vt 0.667400 0.000000
vt 0.667400 1.000000
vt 0.721700 0.000000
vt 0.721700 1.000000
vt 0.760100 0.000000
vt 0.760100 1.000000
vt 0.792500 0.000000
vt 0.792500 1.000000
vt 0.824100 0.000000
vt 0.824100 1.000000
vt 0.852700 0.000000
vt 0.852700 1.000000
vt 0.886700 0.000000
vt 0.886700 1.000000
vt 0.911600 0.000000
vt 0.911600 1.000000
vt 0.933200 0.000000
vt 0.933200 1.000000
vt 0.978600 0.000000
vt 0.978600 1.000000
vt 0.592700 0.055300
vt 0.615900 0.006100
vt 0.587900 0.955400
vt 0.616000 0.999600
vt 0.658600 0.963900
vt 0.015800 0.173300
vt 0.067800 0.251500
vt 0.138300 0.191400
vt 0.278400 0.422700
vt 0.655700 0.165100
vt 0.414200 0.540800
vt 0.755600 0.006100
vt 0.650900 0.002800
vt 0.796200 0.203400
vt 0.526700 0.898300
vt 0.531800 0.954600
vt 0.569400 0.891800
vt 0.848600 0.337900
vt 0.825400 0.455500
vt 0.751700 0.553900
vt 0.491800 0.770400
vt 0.767200 0.658900
vt 0.868900 0.749900
vt 0.798300 1.000000
vt 0.867900 0.947200
vt 0.960000 0.799800
vt 1.000000 0.872100
vt 0.976400 0.944800
vt 0.127100 0.000500
vt 0.127100 0.999500
vt 0.037900 0.000500
vt 0.037900 0.999500
vt 0.172100 0.000500
vt 0.172100 0.999500
vt 0.296100 0.000500
vt 0.296100 0.999500
vt 0.481500 0.000500
vt 0.481500 0.999500
vt 0.645500 0.000500
vt 0.645500 0.999500
vt 0.426800 0.000500
vt 0.426800 0.999500
vt 0.354500 0.000500
vt 0.354500 0.999500
vt 0.589600 0.000500
vt 0.589600 0.999500
vt 0.573200 0.000500
vt 0.573200 0.999500
vt 0.723700 0.000500
vt 0.723700 0.999500
vt 0.921200 0.000500
vt 0.921200 0.999500
vt 0.998400 0.000500
vt 0.998400 0.999500
vt 0.615400 0.000500
vt 0.615400 0.999500
vt 0.111700 0.000500
vt 0.111700 0.999500
vt 0.083500 0.000500
vt 0.083500 0.999500
vt 0.003500 0.000500
vt 0.003500 0.999500
vt 0.553500 0.000500
vt 0.553500 0.999500
vt 0.500300 0.000500
vt 0.500300 0.999500
vt 0.241100 0.000500
vt 0.241100 0.999500
vt 0.095500 0.000500
vt 0.095500 0.999500
vt 0.668600 0.000500
vt 0.668600 0.999500
vt 0.499500 0.000500
vt 0.499500 0.999500
vt 0.735500 0.000500
vt 0.735500 0.999500
vt 0.728400 0.000500
vt 0.728400 0.999500
vt 0.757000 0.000500
vt 0.757000 0.999500
vt 0.787700 0.000500
vt 0.787700 0.999500
vt 0.822300 0.000500
vt 0.822300 0.999500
vt 0.855300 0.000500
vt 0.855300 0.999500
vt 0.881400 0.000500
vt 0.881400 0.999500
vt 0.895400 0.000500
vt 0.895400 0.999500
vt 0.903200 0.000500
vt 0.903200 0.999500
vt 0.914300 0.000500
vt 0.914300 0.999500
vt 0.928100 0.000500
vt 0.928100 0.999500
vt 0.944100 0.000500
vt 0.944100 0.999500
vt 0.961600 0.000500
vt 0.961600 0.999500
vt 0.980300 0.000500
vt 0.980300 0.999500
vt 0.997300 0.000500
vt 0.997300 0.999500
vt 0.775100 0.000500
vt 0.775100 0.999500
vt 0.149500 0.000500
vt 0.149500 0.999500
vt 0.001800 0.000500
vt 0.001800 0.999500
vt 0.264600 0.000500
vt 0.264600 0.999500
vt 0.416500 0.000500
vt 0.416500 0.999500
vt 0.547600 0.000500
vt 0.547600 0.999500
vt 0.650100 0.000500
vt 0.650100 0.999500
vt 0.409900 0.000500
vt 0.409900 0.999500
vt 0.349900 0.000500
vt 0.349900 0.999500
vt 0.727700 0.000500
vt 0.727700 0.999500
vt 0.590100 0.000500
vt 0.590100 0.999500
vt 0.956100 0.000500
vt 0.956100 0.999500
vt 0.798400 0.000500
vt 0.798400 0.999500
vt 0.742100 0.000500
vt 0.742100 0.999500
vt 0.847900 0.000500
vt 0.847900 0.999500
vt 0.064800 0.000500
vt 0.064800 0.999500
vt 0.025500 0.000500
vt 0.025500 0.999500
vt 0.166400 0.000500
vt 0.166400 0.999500
vt 0.145100 0.000500
vt 0.145100 0.999500
vt 0.873800 0.000500
vt 0.873800 0.999500
vt 0.833600 0.000500
vt 0.833600 0.999500
vt 0.194900 0.000500
vt 0.194900 0.999500
vt 0.131300 0.000500
vt 0.131300 0.999500
vt 0.880900 0.000500
vt 0.880900 0.999500
vt 0.000500 0.000500
vt 0.000500 0.999500
vt 0.499700 0.083100
vt 0.615500 0.003000
vt 0.111300 0.001100
vt 0.446400 0.095100
vt 0.855600 0.149200
vt 0.997800 0.001300
vt 0.775400 0.000000
vt 0.766800 0.019200
vt 0.758500 0.037900
vt 0.750800 0.055500
vt 0.744000 0.071500
vt 0.738300 0.085300
vt 0.734100 0.096400
vt 0.956500 0.727900
vt 0.895600 0.590200
vt 0.793300 0.650300
vt 0.731600 0.104300
vt 0.667000 0.962600
vt 0.719500 1.000000
vt 0.805400 0.881300
vt 0.728100 0.118200
vt 0.098500 0.078400
vt 0.721300 0.144400
vt 0.577300 0.873200
vt 0.839800 0.264400
vt 0.712000 0.177400
vt 0.701200 0.212000
vt 0.689800 0.242700
vt 0.003500 0.410300
vt 0.028100 0.426800
vt 0.164300 0.354400
vt 0.000000 0.276100
vt 0.678700 0.264300
vt 0.895400 0.416400
vt 0.668700 0.271300
vt 0.756300 0.547600
vt 0.499500 0.240800
vt 0.416000 0.518500
vt 0.473300 0.704100
vt 0.491100 0.828200
vt 0.869100 0.874200
vt 0.898200 0.833900
vt 1.000000 0.742300
vt 0.998900 0.798700
vt 0.975000 0.848300
vt 0.935600 0.855200
vt 0.222900 0.000500
vt 0.222900 0.999500
vt 0.066400 0.000500
vt 0.066400 0.999500
vt 0.294100 0.000500
vt 0.294100 0.999500
vt 0.348900 0.000500
vt 0.348900 0.999500
vt 0.748600 0.000500
vt 0.748600 0.999500
vt 0.694700 0.000500
vt 0.694700 0.999500
vt 0.446900 0.000500
vt 0.446900 0.999500
vt 0.517200 0.000500
vt 0.517200 0.999500
vt 0.628400 0.000500
vt 0.628400 0.999500
vt 0.684300 0.000500
vt 0.684300 0.999500
vt 0.804600 0.000500
vt 0.804600 0.999500
vt 0.357600 0.000500
vt 0.357600 0.999500
vt 0.341100 0.000500
vt 0.341100 0.999500
vt 0.528800 0.000500
vt 0.528800 0.999500
vt 0.447100 0.000500
vt 0.447100 0.999500
vt 0.835400 0.000500
vt 0.835400 0.999500
vt 0.654100 0.000500
vt 0.654100 0.999500
vt 0.949200 0.000500
vt 0.949200 0.999500
vt 0.497300 0.000500
vt 0.497300 0.999500
vt 0.373800 0.000500
vt 0.373800 0.999500
vt 0.502700 0.000500
vt 0.502700 0.999500
vt 0.249700 0.000500
vt 0.249700 0.999500
vt 0.235800 0.000500
vt 0.235800 0.999500
vt 0.057900 0.000500
vt 0.057900 0.999500
vt 0.464600 0.000500
vt 0.464600 0.999500
vt 0.681300 0.000500
vt 0.681300 0.999500
vt 0.730500 0.000500
vt 0.730500 0.999500
vt 0.340200 0.000500
vt 0.340200 0.999500
vt 0.269500 0.000500
vt 0.269500 0.999500
vt 0.751900 0.000500
vt 0.751900 0.999500
vt 0.659800 0.000500
vt 0.659800 0.999500
vt 0.704800 0.000500
vt 0.704800 0.999500
vt 0.768000 0.000500
vt 0.768000 0.999500
vt 0.714000 0.000500
vt 0.714000 0.999500
vt 0.859600 0.000500
vt 0.859600 0.999500
vt 0.888900 0.000500
vt 0.888900 0.999500
vt 0.959700 0.000500
vt 0.959700 0.999500
vt 0.405000 0.000500
vt 0.405000 0.999500
vt 0.335900 0.000500
vt 0.335900 0.999500
vt 0.434400 0.000500
vt 0.434400 0.999500
vt 0.979600 0.000500
vt 0.979600 0.999500
vt 0.947600 0.000500
vt 0.947600 0.999500
vt 0.506400 0.000500
vt 0.506400 0.999500
vt 0.468000 0.000500
vt 0.468000 0.999500
vt 0.597000 0.000500
vt 0.597000 0.999500
vt 0.027300 0.000500
vt 0.027300 0.999500
vt 0.736300 0.000500
vt 0.736300 0.999500
vt 0.605700 0.000500
vt 0.605700 0.999500
vt 0.003700 0.000500
vt 0.003700 0.999500
vt 0.750500 0.057400
vt 1.000000 0.004900
vt 0.502700 0.005300
vt 0.626300 0.050400
vt 0.357400 0.000000
vt 0.215100 0.195100
vt 0.447000 0.340900
vt 0.239700 0.315500
vt 0.705000 0.752200
vt 0.642100 0.660000
vt 0.601000 0.730800
vt 0.649600 0.235500
vt 0.567000 0.164200
vt 0.528800 0.345800
vt 0.666800 0.464600
vt 0.783500 0.768200
vt 0.757300 0.714200
vt 0.713600 0.859900
vt 0.394200 0.973200
vt 0.402900 1.000000
vt 0.493600 0.964300
vt 0.256300 0.934000
vt 0.263400 0.996800
vt 0.364600 0.777400
vt 0.284100 0.553200
vt 0.251100 0.629000
vt 0.305100 0.651200
vt 0.550700 0.681400
vt 0.532100 0.980100
vt 0.565600 0.948000
vt 0.202300 0.371500
vt 0.238200 0.482800
vt 0.319100 0.706100
vt 0.712900 0.889300
vt 0.664300 0.960200
vt 0.595100 0.965300
vt 0.581200 0.000000
vt 0.603900 0.000000
vt 0.603900 1.000000
vt 0.614500 0.000000
vt 0.614500 1.000000
vt 0.624700 0.000000
vt 0.624700 1.000000
vt 0.644300 0.000000
vt 0.644300 1.000000
vt 0.660800 0.000000
vt 0.660800 1.000000
vt 0.679200 0.000000
vt 0.679200 1.000000
vt 0.693300 0.000000
vt 0.693300 1.000000
vt 0.708500 0.000000
vt 0.708500 1.000000
vt 0.726100 0.000000
vt 0.726100 1.000000
vt 0.751700 0.000000
vt 0.751700 1.000000
vt 0.759000 0.000000
vt 0.759000 1.000000
vt 0.776700 0.000000
vt 0.776700 1.000000
vt 0.791300 0.000000
vt 0.791300 1.000000
vt 0.807500 0.000000
vt 0.807500 1.000000
vt 0.841800 1.000000
vt 0.797600 0.819900
vt 0.745600 0.905400
vt 0.782200 0.871300
vt 0.812100 0.826200
vt 0.796300 1.000000
vt 0.826500 0.982600
vt 0.710200 0.956900
vt 0.715600 0.985000
vt 0.664900 0.933900
vt 0.671200 0.874500
vt 0.636200 0.853800
vt 0.679000 0.793600
vt 0.649200 0.785100
vt 0.723100 0.738300
vt 0.847300 0.712000
s 1
usemtl 3d66_Standardmaterial_17342430_129
f 88/131/180 87/132/181 86/3/182
f 87/132/181 89/4/183 86/3/182
f 91/133/184 90/134/185 88/131/186
f 90/134/185 87/132/187 88/131/186
f 93/135/188 92/136/189 91/133/190
f 92/136/189 90/134/191 91/133/190
f 95/137/192 94/138/193 93/135/194
f 94/138/193 92/136/195 93/135/194
f 97/139/196 96/140/197 95/137/198
f 96/140/197 94/138/199 95/137/198
f 99/141/200 98/142/201 97/139/202
f 98/142/201 96/140/203 97/139/202
f 101/143/204 100/144/205 99/141/206
f 100/144/205 98/142/205 99/141/206
f 103/145/207 102/146/208 101/143/207
f 102/146/208 100/144/209 101/143/207
f 105/147/210 104/148/211 103/145/212
f 104/148/211 102/146/213 103/145/212
f 107/149/214 106/150/215 105/147/216
f 106/150/215 104/148/216 105/147/216
f 109/151/217 108/152/218 107/149/219
f 108/152/218 106/150/220 107/149/219
f 111/153/221 110/154/222 109/151/223
f 110/154/222 108/152/224 109/151/223
f 113/155/225 112/156/226 111/153/227
f 112/156/226 110/154/228 111/153/227
f 115/157/229 114/158/230 113/155/231
f 114/158/230 112/156/232 113/155/231
f 117/159/233 116/160/234 115/157/235
f 116/160/234 114/158/234 115/157/235
f 119/161/236 118/162/237 117/159/238
f 118/162/237 116/160/239 117/159/238
f 121/163/240 120/164/241 119/161/242
f 120/164/241 118/162/243 119/161/242
f 123/165/244 122/166/245 121/163/244
f 122/166/245 120/164/246 121/163/244
f 125/167/247 124/168/248 123/165/249
f 124/168/248 122/166/250 123/165/249
f 127/169/251 126/170/252 125/167/251
f 126/170/252 124/168/253 125/167/251
f 129/171/254 128/172/255 127/169/256
f 128/172/255 126/170/257 127/169/256
f 131/173/258 130/174/259 129/171/260
f 130/174/259 128/172/261 129/171/260
f 133/175/262 132/176/263 131/173/264
f 132/176/263 130/174/265 131/173/264
f 135/177/266 134/178/267 133/175/268
f 134/178/267 132/176/269 133/175/268
f 137/179/270 136/180/271 135/177/272
f 136/180/271 134/178/273 135/177/272
f 139/181/274 138/182/275 137/179/276
f 138/182/275 136/180/277 137/179/276
f 141/183/278 140/184/279 139/181/280
f 140/184/279 138/182/279 139/181/280
f 143/185/281 142/186/282 141/183/283
f 142/186/282 140/184/284 141/183/283
f 145/187/285 144/188/286 143/185/287
f 144/188/286 142/186/288 143/185/287
f 147/189/289 146/190/290 145/187/291
f 146/190/290 144/188/292 145/187/291
f 149/191/293 148/192/293 147/189/294
f 148/192/293 146/190/294 147/189/294
f 151/193/295 150/194/296 149/191/297
f 150/194/296 148/192/298 149/191/297
f 153/195/299 152/196/300 151/193/301
f 152/196/300 150/194/302 151/193/301
f 155/197/303 154/198/304 153/195/305
f 154/198/304 152/196/306 153/195/305
f 157/199/307 156/200/308 155/197/309
f 156/200/308 154/198/310 155/197/309
f 159/201/311 158/202/312 157/199/313
f 158/202/312 156/200/314 157/199/313
f 161/203/315 160/204/316 159/201/317
f 160/204/316 158/202/318 159/201/317
f 86/80/319 89/79/320 161/203/321
f 89/79/320 160/204/322 161/203/321
f 164/243/365 163/244/366 162/3/367
f 163/244/366 165/4/368 162/3/367
f 167/245/369 166/246/370 164/243/371
f 166/246/370 163/244/372 164/243/371
f 169/247/373 168/248/374 167/245/375
f 168/248/374 166/246/376 167/245/375
f 171/249/377 170/250/378 169/247/377
f 170/250/378 168/248/379 169/247/377
f 173/251/380 172/252/381 171/249/382
f 172/252/381 170/250/383 171/249/382
f 175/253/384 174/254/385 173/251/384
f 174/254/385 172/252/386 173/251/384
f 177/255/387 176/256/388 175/253/389
f 176/256/388 174/254/390 175/253/389
f 179/257/391 178/258/392 177/255/393
f 178/258/392 176/256/394 177/255/393
f 181/259/395 180/260/396 179/257/397
f 180/260/396 178/258/398 179/257/397
f 183/261/399 182/262/400 181/259/401
f 182/262/400 180/260/402 181/259/401
f 185/263/403 184/264/404 183/261/405
f 184/264/404 182/262/404 183/261/405
f 187/265/406 186/266/407 185/263/408
f 186/266/407 184/264/409 185/263/408
f 189/267/410 188/268/411 187/265/412
f 188/268/411 186/266/413 187/265/412
f 191/269/414 190/270/415 189/267/416
f 190/270/415 188/268/417 189/267/416
f 193/271/418 192/272/419 191/269/420
f 192/272/419 190/270/421 191/269/420
f 195/273/422 194/274/423 193/271/424
f 194/274/423 192/272/423 193/271/424
f 197/275/425 196/276/426 195/273/427
f 196/276/426 194/274/428 195/273/427
f 199/277/429 198/278/430 197/275/431
f 198/278/430 196/276/432 197/275/431
f 201/279/433 200/280/434 199/277/434
f 200/280/434 198/278/435 199/277/434
f 203/281/436 202/282/437 201/279/438
f 202/282/437 200/280/439 201/279/438
f 205/283/440 204/284/441 203/281/442
f 204/284/441 202/282/443 203/281/442
f 207/285/444 206/286/445 205/283/446
f 206/286/445 204/284/447 205/283/446
f 209/287/448 208/288/449 207/285/450
f 208/288/449 206/286/451 207/285/450
f 211/289/452 210/290/453 209/287/454
f 210/290/453 208/288/455 209/287/454
f 213/291/456 212/292/457 211/289/458
f 212/292/457 210/290/459 211/289/458
f 215/293/460 214/294/461 213/291/462
f 214/294/461 212/292/463 213/291/462
f 217/295/464 216/296/465 215/293/464
f 216/296/465 214/294/465 215/293/464
f 219/297/466 218/298/467 217/295/468
f 218/298/467 216/296/469 217/295/468
f 221/299/470 220/300/471 219/297/471
f 220/300/471 218/298/472 219/297/471
f 223/301/473 222/302/474 221/299/475
f 222/302/474 220/300/476 221/299/475
f 225/303/477 224/304/478 223/301/478
f 224/304/478 222/302/479 223/301/478
f 227/305/480 226/306/481 225/303/482
f 226/306/481 224/304/483 225/303/482
f 229/307/484 228/308/485 227/305/486
f 228/308/485 226/306/487 227/305/486
f 231/309/488 230/310/489 229/307/490
f 230/310/489 228/308/491 229/307/490
f 233/311/492 232/312/493 231/309/494
f 232/312/493 230/310/495 231/309/494
f 235/313/496 234/314/497 233/311/498
f 234/314/497 232/312/499 233/311/498
f 237/315/500 236/316/501 235/313/500
f 236/316/501 234/314/502 235/313/500
f 239/317/503 238/318/503 237/315/504
f 238/318/503 236/316/505 237/315/504
f 241/319/506 240/320/507 239/317/508
f 240/320/507 238/318/509 239/317/508
f 243/321/510 242/322/511 241/319/512
f 242/322/511 240/320/513 241/319/512
f 245/323/514 244/324/515 243/321/516
f 244/324/515 242/322/517 243/321/516
f 162/80/518 165/79/519 245/323/518
f 165/79/519 244/324/520 245/323/518
f 330/2/783 329/1/784 328/3/785
f 329/1/784 331/4/786 328/3/785
f 333/530/787 332/531/788 330/2/789
f 332/531/788 329/1/790 330/2/789
f 335/532/791 334/533/792 333/530/793
f 334/533/792 332/531/794 333/530/793
f 337/534/795 336/535/796 335/532/797
f 336/535/796 334/533/798 335/532/797
f 339/536/799 338/537/800 337/534/801
f 338/537/800 336/535/802 337/534/801
f 341/538/803 340/539/804 339/536/805
f 340/539/804 338/537/806 339/536/805
f 343/540/807 342/541/808 341/538/808
f 342/541/808 340/539/809 341/538/808
f 345/542/810 344/543/811 343/540/812
f 344/543/811 342/541/813 343/540/812
f 347/544/814 346/545/815 345/542/816
f 346/545/815 344/543/817 345/542/816
f 349/546/818 348/547/819 347/544/820
f 348/547/819 346/545/821 347/544/820
f 351/548/822 350/549/823 349/546/824
f 350/549/823 348/547/825 349/546/824
f 353/550/826 352/551/827 351/548/828
f 352/551/827 350/549/829 351/548/828
f 355/552/830 354/553/831 353/550/831
f 354/553/831 352/551/832 353/550/831
f 357/554/833 356/555/834 355/552/835
f 356/555/834 354/553/836 355/552/835
f 359/556/837 358/557/838 357/554/839
f 358/557/838 356/555/838 357/554/839
f 361/558/840 360/559/841 359/556/842
f 360/559/841 358/557/843 359/556/842
f 363/560/844 362/561/845 361/558/846
f 362/561/845 360/559/847 361/558/846
f 365/562/848 364/563/849 363/560/850
f 364/563/849 362/561/851 363/560/850
f 367/564/852 366/565/853 365/562/854
f 366/565/853 364/563/855 365/562/854
f 369/566/856 368/567/857 367/564/858
f 368/567/857 366/565/859 367/564/858
f 371/568/860 370/569/861 369/566/861
f 370/569/861 368/567/862 369/566/861
f 373/570/863 372/571/864 371/568/863
f 372/571/864 370/569/865 371/568/863
f 375/572/866 374/573/867 373/570/868
f 374/573/867 372/571/869 373/570/868
f 377/574/870 376/575/871 375/572/872
f 376/575/871 374/573/871 375/572/872
f 379/576/873 378/577/873 377/574/874
f 378/577/873 376/575/875 377/574/874
f 381/578/876 380/579/877 379/576/878
f 380/579/877 378/577/879 379/576/878
f 383/580/880 382/581/881 381/578/882
f 382/581/881 380/579/883 381/578/882
f 328/80/884 331/79/885 383/580/886
f 331/79/885 382/581/887 383/580/886
f 386/610/937 385/611/938 384/3/939
f 385/611/938 387/4/940 384/3/939
f 389/612/941 388/613/942 386/610/943
f 388/613/942 385/611/944 386/610/943
f 391/614/945 390/615/946 389/612/947
f 390/615/946 388/613/948 389/612/947
f 393/616/949 392/617/950 391/614/951
f 392/617/950 390/615/952 391/614/951
f 395/618/953 394/619/954 393/616/955
f 394/619/954 392/617/956 393/616/955
f 397/620/957 396/621/958 395/618/959
f 396/621/958 394/619/960 395/618/959
f 399/622/961 398/623/962 397/620/963
f 398/623/962 396/621/964 397/620/963
f 401/624/965 400/625/966 399/622/967
f 400/625/966 398/623/968 399/622/967
f 403/626/969 402/627/970 401/624/971
f 402/627/970 400/625/972 401/624/971
f 405/628/973 404/629/974 403/626/974
f 404/629/974 402/627/975 403/626/974
f 407/630/976 406/631/977 405/628/978
f 406/631/977 404/629/979 405/628/978
f 409/632/980 408/633/981 407/630/982
f 408/633/981 406/631/983 407/630/982
f 411/634/984 410/635/985 409/632/986
f 410/635/985 408/633/987 409/632/986
f 413/636/988 412/637/989 411/634/990
f 412/637/989 410/635/991 411/634/990
f 415/638/992 414/639/992 413/636/993
f 414/639/992 412/637/992 413/636/993
f 417/640/994 416/641/995 415/638/996
f 416/641/995 414/639/997 415/638/996
f 419/642/998 418/643/999 417/640/1000
f 418/643/999 416/641/1001 417/640/1000
f 421/644/1002 420/645/1003 419/642/1004
f 420/645/1003 418/643/1003 419/642/1004
f 423/646/1005 422/647/1006 421/644/1007
f 422/647/1006 420/645/1008 421/644/1007
f 425/648/1009 424/649/1010 423/646/1011
f 424/649/1010 422/647/1010 423/646/1011
f 427/650/1012 426/651/1013 425/648/1014
f 426/651/1013 424/649/1015 425/648/1014
f 429/652/1016 428/653/1017 427/650/1018
f 428/653/1017 426/651/1017 427/650/1018
f 431/654/1019 430/655/1020 429/652/1021
f 430/655/1020 428/653/1022 429/652/1021
f 433/656/1023 432/657/1024 431/654/1025
f 432/657/1024 430/655/1026 431/654/1025
f 435/658/1027 434/659/1028 433/656/1029
f 434/659/1028 432/657/1030 433/656/1029
f 437/660/1031 436/661/1032 435/658/1033
f 436/661/1032 434/659/1034 435/658/1033
f 439/578/1035 438/579/1035 437/660/1036
f 438/579/1035 436/661/1037 437/660/1036
f 441/662/1038 440/663/1039 439/578/1040
f 440/663/1039 438/579/1041 439/578/1040
f 384/80/1042 387/79/1043 441/662/1044
f 387/79/1043 440/663/1043 441/662/1044
usemtl 3d66_Standardmaterial_17342430_128
f 111/205/323 109/206/324 107/207/325
f 91/208/326 88/209/327 86/210/328
f 151/211/329 149/212/330 147/213/331
f 121/214/324 119/215/332 117/216/333
f 123/217/324 121/214/324 117/216/333
f 101/218/334 99/219/335 97/220/336
f 137/221/334 135/222/337 133/223/330
f 139/224/338 137/221/334 133/223/330
f 86/210/328 161/225/339 159/226/331
f 115/227/323 113/228/340 111/205/323
f 105/229/324 103/230/324 101/218/334
f 93/231/336 91/208/326 86/210/328
f 131/232/337 129/233/323 127/234/341
f 131/232/337 127/234/341 125/235/337
f 131/232/337 125/235/337 123/217/324
f 131/232/337 123/217/324 117/216/333
f 131/232/337 117/216/333 115/227/323
f 131/232/337 115/227/323 111/205/323
f 133/223/330 131/232/337 111/205/323
f 133/223/330 111/205/323 107/207/325
f 139/224/338 133/223/330 107/207/325
f 141/236/336 139/224/338 107/207/325
f 143/237/342 141/236/336 107/207/325
f 143/237/342 107/207/325 105/229/324
f 143/237/342 105/229/324 101/218/334
f 145/238/343 143/237/342 101/218/334
f 145/238/343 101/218/334 97/220/336
f 93/231/336 86/210/328 159/226/331
f 153/239/344 151/211/329 147/213/331
f 155/240/345 153/239/344 147/213/331
f 97/220/336 95/241/336 93/231/336
f 145/238/343 97/220/336 93/231/336
f 145/238/343 93/231/336 159/226/331
f 147/213/331 145/238/343 159/226/331
f 155/240/345 147/213/331 159/226/331
f 155/240/345 159/226/331 157/242/330
f 108/206/346 110/205/347 106/207/348
f 87/209/349 90/208/348 89/210/349
f 148/212/350 150/211/351 146/213/352
f 118/215/353 120/214/354 116/216/355
f 120/214/354 122/217/356 116/216/355
f 98/219/347 100/218/347 96/220/348
f 134/222/354 136/221/354 132/223/357
f 136/221/354 138/224/356 132/223/357
f 160/225/347 89/210/349 158/226/348
f 112/228/358 114/227/353 110/205/347
f 102/230/347 104/229/351 100/218/347
f 90/208/348 92/231/359 89/210/349
f 128/233/360 130/232/354 126/234/346
f 126/234/346 130/232/354 124/235/361
f 124/235/361 130/232/354 122/217/356
f 122/217/356 130/232/354 116/216/355
f 116/216/355 130/232/354 114/227/353
f 114/227/353 130/232/354 110/205/347
f 130/232/354 132/223/357 110/205/347
f 110/205/347 132/223/357 106/207/348
f 132/223/357 138/224/356 106/207/348
f 138/224/356 140/236/350 106/207/348
f 140/236/350 142/237/362 106/207/348
f 106/207/348 142/237/362 104/229/351
f 104/229/351 142/237/362 100/218/347
f 142/237/362 144/238/346 100/218/347
f 100/218/347 144/238/346 96/220/348
f 89/210/349 92/231/359 158/226/348
f 150/211/351 152/239/346 146/213/352
f 152/239/346 154/240/363 146/213/352
f 94/241/348 96/220/348 92/231/359
f 96/220/348 144/238/346 92/231/359
f 92/231/359 144/238/346 158/226/348
f 144/238/346 146/213/352 158/226/348
f 146/213/352 154/240/363 158/226/348
f 158/226/348 154/240/363 156/242/364
usemtl 3d66_Standardmaterial_17342430_130
f 221/325/521 219/326/522 217/327/523
f 207/328/524 205/329/525 203/330/526
f 181/331/527 179/332/528 177/333/524
f 241/334/529 239/335/530 237/336/528
f 215/337/531 213/338/532 211/339/523
f 177/333/524 175/340/527 173/341/533
f 173/341/533 171/342/534 169/343/535
f 207/328/524 203/330/526 201/344/536
f 211/339/523 209/345/525 207/328/524
f 195/346/537 193/347/524 191/348/538
f 243/349/530 241/334/529 237/336/528
f 223/350/536 221/325/521 217/327/523
f 231/351/522 229/352/522 227/353/539
f 233/354/540 231/351/522 227/353/539
f 233/354/540 227/353/539 225/355/541
f 201/344/536 199/356/542 197/357/543
f 189/358/544 187/359/530 185/360/545
f 223/350/536 217/327/523 215/337/531
f 162/361/530 245/362/546 243/349/530
f 164/363/547 162/361/530 243/349/530
f 235/364/541 233/354/540 225/355/541
f 225/355/541 223/350/536 215/337/531
f 225/355/541 215/337/531 211/339/523
f 225/355/541 211/339/523 207/328/524
f 225/355/541 207/328/524 201/344/536
f 235/364/541 225/355/541 201/344/536
f 235/364/541 201/344/536 197/357/543
f 235/364/541 197/357/543 195/346/537
f 235/364/541 195/346/537 191/348/538
f 235/364/541 191/348/538 189/358/544
f 237/336/528 235/364/541 189/358/544
f 237/336/528 189/358/544 185/360/545
f 169/343/535 167/365/534 164/363/547
f 169/343/535 164/363/547 243/349/530
f 169/343/535 243/349/530 237/336/528
f 169/343/535 237/336/528 185/360/545
f 173/341/533 169/343/535 185/360/545
f 177/333/524 173/341/533 185/360/545
f 181/331/527 177/333/524 185/360/545
f 183/366/527 181/331/527 185/360/545
f 218/326/548 220/325/549 216/327/550
f 204/329/551 206/328/552 202/330/553
f 178/332/554 180/331/555 176/333/555
f 238/335/556 240/334/557 236/336/548
f 212/338/558 214/337/553 210/339/559
f 174/340/555 176/333/555 172/341/560
f 170/342/555 172/341/560 168/343/561
f 202/330/553 206/328/552 200/344/556
f 208/345/562 210/339/559 206/328/552
f 192/347/554 194/346/556 190/348/563
f 240/334/557 242/349/556 236/336/548
f 220/325/549 222/350/559 216/327/550
f 228/352/564 230/351/549 226/353/565
f 230/351/549 232/354/548 226/353/565
f 226/353/565 232/354/548 224/355/548
f 198/356/566 200/344/556 196/357/567
f 186/359/555 188/358/568 184/360/569
f 216/327/550 222/350/559 214/337/553
f 244/362/570 165/361/571 242/349/556
f 165/361/571 163/363/564 242/349/556
f 232/354/548 234/364/569 224/355/548
f 222/350/559 224/355/548 214/337/553
f 214/337/553 224/355/548 210/339/559
f 210/339/559 224/355/548 206/328/552
f 206/328/552 224/355/548 200/344/556
f 224/355/548 234/364/569 200/344/556
f 200/344/556 234/364/569 196/357/567
f 196/357/567 234/364/569 194/346/556
f 194/346/556 234/364/569 190/348/563
f 190/348/563 234/364/569 188/358/568
f 234/364/569 236/336/548 188/358/568
f 188/358/568 236/336/548 184/360/569
f 166/365/555 168/343/561 163/363/564
f 163/363/564 168/343/561 242/349/556
f 242/349/556 168/343/561 236/336/548
f 236/336/548 168/343/561 184/360/569
f 168/343/561 172/341/560 184/360/569
f 172/341/560 176/333/555 184/360/569
f 176/333/555 180/331/555 184/360/569
f 180/331/555 182/366/572 184/360/569
usemtl 3d66_Standardmaterial_17342430_132
f 248/367/573 247/368/574 246/369/575
f 247/368/574 249/370/575 246/369/575
f 251/371/576 250/372/576 248/367/577
f 250/372/576 247/368/578 248/367/577
f 253/373/579 252/374/580 251/371/581
f 252/374/580 250/372/582 251/371/581
f 255/375/583 254/376/584 253/373/584
f 254/376/584 252/374/585 253/373/584
f 257/377/586 256/378/587 255/379/588
f 256/378/587 254/380/589 255/379/588
f 259/381/590 258/382/590 257/383/590
f 258/382/590 256/384/591 257/383/590
f 261/385/592 260/386/593 259/381/594
f 260/386/593 258/382/593 259/381/594
f 263/387/595 262/388/596 261/389/597
f 262/388/596 260/390/598 261/389/597
f 265/391/599 264/392/599 263/393/600
f 264/392/599 262/394/601 263/393/600
f 267/395/602 266/396/603 265/391/604
f 266/396/603 264/392/605 265/391/604
f 269/397/606 268/398/607 267/395/608
f 268/398/607 266/396/609 267/395/608
f 271/387/610 270/388/611 269/397/612
f 270/388/611 268/398/613 269/397/612
f 273/399/614 272/400/615 271/401/616
f 272/400/615 270/402/617 271/401/616
f 275/403/618 274/404/619 273/405/619
f 274/404/619 272/406/620 273/405/619
f 277/407/621 276/408/622 275/403/623
f 276/408/622 274/404/621 275/403/623
f 279/409/624 278/410/625 277/411/626
f 278/410/625 276/412/627 277/411/626
f 281/413/628 280/414/629 279/415/630
f 280/414/629 278/416/630 279/415/630
f 283/387/631 282/388/632 281/417/633
f 282/388/632 280/418/634 281/417/633
f 285/419/635 284/420/636 283/421/637
f 284/420/636 282/422/636 283/421/637
f 287/423/638 286/424/639 285/425/640
f 286/424/639 284/426/641 285/425/640
f 289/427/642 288/428/643 287/429/642
f 288/428/643 286/430/644 287/429/642
f 291/431/645 290/432/646 289/427/647
f 290/432/646 288/428/648 289/427/647
f 293/433/649 292/434/650 291/435/651
f 292/434/650 290/436/652 291/435/651
f 295/437/653 294/438/654 293/439/653
f 294/438/654 292/440/655 293/439/653
f 297/441/656 296/442/657 295/443/656
f 296/442/657 294/444/658 295/443/656
f 299/445/659 298/446/660 297/447/661
f 298/446/660 296/448/662 297/447/661
f 301/449/663 300/450/664 299/451/665
f 300/450/664 298/452/666 299/451/665
f 303/453/667 302/454/668 301/455/669
f 302/454/668 300/456/670 301/455/669
f 305/439/671 304/440/672 303/457/673
f 304/440/672 302/458/674 303/457/673
f 307/459/675 306/460/676 305/439/677
f 306/460/676 304/440/676 305/439/677
f 309/461/678 308/462/679 307/459/680
f 308/462/679 306/460/681 307/459/680
f 311/463/682 310/464/683 309/465/684
f 310/464/683 308/466/685 309/465/684
f 313/467/686 312/468/687 311/469/688
f 312/468/687 310/470/689 311/469/688
f 315/471/690 314/472/691 313/467/692
f 314/472/691 312/468/693 313/467/692
f 317/473/694 316/474/695 315/471/695
f 316/474/695 314/472/622 315/471/695
f 319/475/696 318/476/697 317/473/698
f 318/476/697 316/474/699 317/473/698
f 321/477/700 320/478/701 319/475/700
f 320/478/701 318/476/701 319/475/700
f 323/479/702 322/480/703 321/481/704
f 322/480/703 320/482/703 321/481/704
f 325/483/705 324/484/706 323/479/707
f 324/484/706 322/480/708 323/479/707
f 327/485/709 326/486/710 325/483/711
f 326/486/710 324/484/712 325/483/711
f 246/369/713 249/370/714 327/487/713
f 249/370/714 326/488/715 327/487/713
f 444/692/1090 443/693/1091 442/694/1090
f 443/693/1091 445/695/1092 442/694/1090
f 447/696/1093 446/697/1094 444/692/1095
f 446/697/1094 443/693/1096 444/692/1095
f 449/698/1097 448/699/1098 447/696/1099
f 448/699/1098 446/697/1100 447/696/1099
f 451/700/1101 450/701/1102 449/698/1102
f 450/701/1102 448/699/1103 449/698/1102
f 453/702/1104 452/703/1105 451/700/1105
f 452/703/1105 450/701/1106 451/700/1105
f 455/704/1107 454/705/1108 453/706/1109
f 454/705/1108 452/707/1110 453/706/1109
f 457/708/1111 456/709/1112 455/710/1111
f 456/709/1112 454/711/1113 455/710/1111
f 459/712/1114 458/713/1115 457/708/1116
f 458/713/1115 456/709/1117 457/708/1116
f 461/714/1118 460/715/1119 459/712/1119
f 460/715/1119 458/713/1120 459/712/1119
f 463/716/1121 462/717/1122 461/714/1121
f 462/717/1122 460/715/1123 461/714/1121
f 465/718/1124 464/719/1125 463/720/1126
f 464/719/1125 462/721/1127 463/720/1126
f 467/722/1128 466/723/1129 465/724/1130
f 466/723/1129 464/725/1131 465/724/1130
f 469/726/1132 468/727/1133 467/728/1134
f 468/727/1133 466/729/1135 467/728/1134
f 471/730/1136 470/731/1137 469/732/1138
f 470/731/1137 468/733/1139 469/732/1138
f 473/734/1140 472/735/1141 471/736/1142
f 472/735/1141 470/737/1143 471/736/1142
f 475/738/1144 474/739/1145 473/740/1140
f 474/739/1145 472/741/1141 473/740/1140
f 477/742/1146 476/743/1147 475/738/1144
f 476/743/1147 474/739/1145 475/738/1144
f 479/744/1148 478/745/1149 477/742/1146
f 478/745/1149 476/743/1147 477/742/1146
f 481/746/1150 480/747/1151 479/744/1148
f 480/747/1151 478/745/1149 479/744/1148
f 483/748/1152 482/749/1153 481/746/1150
f 482/749/1153 480/747/1151 481/746/1150
f 485/750/1154 484/751/1155 483/748/1152
f 484/751/1155 482/749/1153 483/748/1152
f 487/752/1156 486/753/1157 485/750/1154
f 486/753/1157 484/751/1155 485/750/1154
f 489/754/1158 488/755/1159 487/752/1156
f 488/755/1159 486/753/1157 487/752/1156
f 491/756/1160 490/757/1161 489/754/1158
f 490/757/1161 488/755/1159 489/754/1158
f 493/758/1162 492/759/1163 491/756/1160
f 492/759/1163 490/757/1161 491/756/1160
f 495/760/1164 494/761/1165 493/758/1162
f 494/761/1165 492/759/1163 493/758/1162
f 497/762/1166 496/763/1167 495/760/1164
f 496/763/1167 494/761/1165 495/760/1164
f 499/764/1168 498/765/1169 497/762/1166
f 498/765/1169 496/763/1167 497/762/1166
f 501/387/1170 500/388/1171 499/764/1168
f 500/388/1171 498/765/1169 499/764/1168
f 503/766/1172 502/767/1173 501/768/1174
f 502/767/1173 500/769/1175 501/768/1174
f 505/770/1176 504/771/1177 503/772/1177
f 504/771/1177 502/773/1178 503/772/1177
f 507/774/1179 506/775/1180 505/770/1181
f 506/775/1180 504/771/1182 505/770/1181
f 509/776/1183 508/777/1184 507/774/1184
f 508/777/1184 506/775/1185 507/774/1184
f 511/778/1186 510/779/1187 509/776/1188
f 510/779/1187 508/777/1189 509/776/1188
f 513/780/1190 512/781/1191 511/778/1192
f 512/781/1191 510/779/1193 511/778/1192
f 515/782/1194 514/783/1195 513/784/1196
f 514/783/1195 512/785/1197 513/784/1196
f 517/786/1198 516/787/1199 515/788/1200
f 516/787/1199 514/789/1201 515/788/1200
f 519/387/1202 518/388/1203 517/790/1204
f 518/388/1203 516/791/1205 517/790/1204
f 521/792/1206 520/793/1207 519/794/1208
f 520/793/1207 518/795/1207 519/794/1208
f 523/796/1209 522/797/1210 521/792/1211
f 522/797/1210 520/793/1212 521/792/1211
f 525/798/1213 524/799/1214 523/800/1215
f 524/799/1214 522/801/1216 523/800/1215
f 527/802/1217 526/803/1218 525/804/1219
f 526/803/1218 524/805/1220 525/804/1219
f 529/806/1221 528/807/1222 527/808/1223
f 528/807/1222 526/809/1224 527/808/1223
f 531/810/1225 530/811/1226 529/812/1227
f 530/811/1226 528/813/1228 529/812/1227
f 533/387/1229 532/388/1230 531/814/1231
f 532/388/1230 530/815/1232 531/814/1231
f 442/694/1233 445/695/1234 533/816/1233
f 445/695/1234 532/817/1235 533/816/1233
f 536/864/1287 535/865/1288 534/866/1288
f 535/865/1288 537/867/1289 534/866/1288
f 539/868/1290 538/869/1291 536/864/1292
f 538/869/1291 535/865/1293 536/864/1292
f 541/870/1294 540/871/1295 539/868/1296
f 540/871/1295 538/869/1297 539/868/1296
f 543/872/1298 542/873/1299 541/874/1300
f 542/873/1299 540/875/1301 541/874/1300
f 545/876/1302 544/877/1303 543/453/1303
f 544/877/1303 542/454/1303 543/453/1303
f 547/878/1304 546/879/1305 545/876/1306
f 546/879/1305 544/877/1307 545/876/1306
f 549/880/1308 548/881/1309 547/878/1309
f 548/881/1309 546/879/1310 547/878/1309
f 551/882/1311 550/883/1312 549/880/1313
f 550/883/1312 548/881/1314 549/880/1313
f 553/884/1315 552/885/1316 551/882/1317
f 552/885/1316 550/883/1316 551/882/1317
f 555/387/1318 554/388/1319 553/884/1320
f 554/388/1319 552/885/1321 553/884/1320
f 557/886/1322 556/887/1323 555/816/1324
f 556/887/1323 554/817/1325 555/816/1324
f 559/888/1326 558/889/1327 557/816/1327
f 558/889/1327 556/817/1328 557/816/1327
f 561/890/1329 560/891/1330 559/892/1331
f 560/891/1330 558/893/1332 559/892/1331
f 563/894/1333 562/895/1333 561/896/1334
f 562/895/1333 560/897/1335 561/896/1334
f 565/898/1336 564/899/1337 563/894/1338
f 564/899/1337 562/895/1339 563/894/1338
f 567/900/1340 566/901/1341 565/902/1342
f 566/901/1341 564/903/1343 565/902/1342
f 569/387/1344 568/388/1345 567/904/1346
f 568/388/1345 566/905/1347 567/904/1346
f 571/906/1348 570/907/1349 569/816/1349
f 570/907/1349 568/817/1350 569/816/1349
f 573/908/1351 572/909/1352 571/910/1353
f 572/909/1352 570/911/1354 571/910/1353
f 575/912/1355 574/913/1356 573/908/1357
f 574/913/1356 572/909/1358 573/908/1357
f 577/914/1359 576/915/1360 575/912/1360
f 576/915/1360 574/913/1361 575/912/1360
f 579/916/1362 578/917/1363 577/914/1364
f 578/917/1363 576/915/1365 577/914/1364
f 581/918/1366 580/919/1367 579/920/1368
f 580/919/1367 578/921/1367 579/920/1368
f 583/922/1369 582/923/1370 581/924/1371
f 582/923/1370 580/925/1372 581/924/1371
f 585/742/1373 584/743/1374 583/926/1375
f 584/743/1374 582/927/1374 583/926/1375
f 587/928/1376 586/929/1377 585/930/1378
f 586/929/1377 584/931/1379 585/930/1378
f 589/932/1380 588/933/1381 587/928/1382
f 588/933/1381 586/929/1383 587/928/1382
f 591/934/1384 590/935/1385 589/932/1384
f 590/935/1385 588/933/1386 589/932/1384
f 593/936/1387 592/937/1388 591/934/1387
f 592/937/1388 590/935/1389 591/934/1387
f 595/938/1390 594/939/1391 593/940/1392
f 594/939/1391 592/941/1393 593/940/1392
f 597/942/1394 596/943/1395 595/938/1396
f 596/943/1395 594/939/1397 595/938/1396
f 599/944/1398 598/945/1399 597/946/1400
f 598/945/1399 596/947/1401 597/946/1400
f 601/948/1402 600/949/1403 599/950/1404
f 600/949/1403 598/951/1405 599/950/1404
f 603/952/1406 602/953/1407 601/948/1408
f 602/953/1407 600/949/1409 601/948/1408
f 605/954/1410 604/955/1411 603/816/1412
f 604/955/1411 602/817/1413 603/816/1412
f 607/956/1414 606/957/1415 605/958/1416
f 606/957/1415 604/959/1417 605/958/1416
f 534/866/1418 537/867/1419 607/960/1420
f 537/867/1419 606/961/1421 607/960/1420
usemtl 3d66_Standardmaterial_17342430_131
f 281/489/716 279/490/717 277/491/718
f 297/492/719 295/493/720 293/494/721
f 285/495/722 283/496/723 281/489/716
f 287/497/724 285/495/722 281/489/716
f 246/498/725 327/499/726 325/500/727
f 287/497/724 281/489/716 277/491/718
f 275/501/728 273/502/723 271/503/729
f 277/491/718 275/501/728 271/503/729
f 263/504/730 261/505/731 259/506/731
f 265/507/732 263/504/730 259/506/731
f 265/507/732 259/506/731 257/508/726
f 267/509/733 265/507/732 257/508/726
f 323/510/734 321/511/734 319/512/734
f 325/500/727 323/510/734 319/512/734
f 246/498/725 325/500/727 319/512/734
f 277/491/718 271/503/729 269/513/735
f 277/491/718 269/513/735 267/509/733
f 277/491/718 267/509/733 257/508/726
f 277/491/718 257/508/726 255/514/736
f 287/497/724 277/491/718 255/514/736
f 313/515/737 311/516/738 309/517/726
f 246/498/725 319/512/734 317/518/739
f 248/519/740 246/498/725 317/518/739
f 251/520/725 248/519/740 317/518/739
f 251/520/725 317/518/739 315/521/741
f 251/520/725 315/521/741 313/515/737
f 251/520/725 313/515/737 309/517/726
f 253/522/742 251/520/725 309/517/726
f 253/522/742 309/517/726 307/523/743
f 255/514/736 253/522/742 307/523/743
f 255/514/736 307/523/743 305/524/726
f 255/514/736 305/524/726 303/525/744
f 287/497/724 255/514/736 303/525/744
f 287/497/724 303/525/744 301/526/745
f 287/497/724 301/526/745 299/527/746
f 287/497/724 299/527/746 297/492/719
f 287/497/724 297/492/719 293/494/721
f 289/528/721 287/497/724 293/494/721
f 291/529/747 289/528/721 293/494/721
f 278/490/748 280/489/749 276/491/750
f 294/493/751 296/492/752 292/494/753
f 282/496/754 284/495/755 280/489/749
f 284/495/755 286/497/756 280/489/749
f 326/499/757 249/498/758 324/500/759
f 280/489/749 286/497/756 276/491/750
f 272/502/752 274/501/760 270/503/761
f 274/501/760 276/491/750 270/503/761
f 260/505/757 262/504/762 258/506/763
f 262/504/762 264/507/757 258/506/763
f 258/506/763 264/507/757 256/508/764
f 264/507/757 266/509/765 256/508/764
f 320/511/766 322/510/767 318/512/758
f 322/510/767 324/500/759 318/512/758
f 324/500/759 249/498/758 318/512/758
f 270/503/761 276/491/750 268/513/761
f 268/513/761 276/491/750 266/509/765
f 266/509/765 276/491/750 256/508/764
f 256/508/764 276/491/750 254/514/768
f 276/491/750 286/497/756 254/514/768
f 310/516/769 312/515/770 308/517/771
f 318/512/758 249/498/758 316/518/772
f 249/498/758 247/519/773 316/518/772
f 247/519/773 250/520/774 316/518/772
f 316/518/772 250/520/774 314/521/775
f 314/521/775 250/520/774 312/515/770
f 312/515/770 250/520/774 308/517/771
f 250/520/774 252/522/776 308/517/771
f 308/517/771 252/522/776 306/523/777
f 252/522/776 254/514/768 306/523/777
f 306/523/777 254/514/768 304/524/778
f 304/524/778 254/514/768 302/525/779
f 254/514/768 286/497/756 302/525/779
f 302/525/779 286/497/756 300/526/780
f 300/526/780 286/497/756 298/527/781
f 298/527/781 286/497/756 296/492/752
f 296/492/752 286/497/756 292/494/753
f 286/497/756 288/528/760 292/494/753
f 288/528/760 290/529/782 292/494/753
usemtl 3d66_Standardmaterial_17342430_133
f 367/582/888 365/583/889 363/584/890
f 369/585/891 367/582/888 363/584/890
f 369/585/891 363/584/890 361/586/892
f 371/587/893 369/585/891 361/586/892
f 347/588/894 345/589/895 343/590/896
f 349/591/897 347/588/894 343/590/896
f 381/592/898 379/593/899 377/594/892
f 330/595/900 328/596/901 383/597/902
f 373/598/892 371/587/893 361/586/892
f 330/595/900 383/597/902 381/592/898
f 357/599/903 355/600/904 353/601/905
f 359/602/896 357/599/903 353/601/905
f 359/602/896 353/601/905 351/603/906
f 359/602/896 351/603/906 349/591/897
f 359/602/896 349/591/897 343/590/896
f 359/602/896 343/590/896 341/604/907
f 361/586/892 359/602/896 341/604/907
f 373/598/892 361/586/892 341/604/907
f 375/605/908 373/598/892 341/604/907
f 375/605/908 341/604/907 339/606/907
f 375/605/908 339/606/907 337/607/909
f 377/594/892 375/605/908 337/607/909
f 377/594/892 337/607/909 335/608/910
f 381/592/898 377/594/892 335/608/910
f 330/595/900 381/592/898 335/608/910
f 330/595/900 335/608/910 333/609/911
f 364/583/912 366/582/913 362/584/914
f 366/582/913 368/585/915 362/584/914
f 362/584/914 368/585/915 360/586/913
f 368/585/915 370/587/916 360/586/913
f 344/589/917 346/588/918 342/590/919
f 346/588/918 348/591/920 342/590/919
f 378/593/921 380/592/922 376/594/923
f 331/596/924 329/595/925 382/597/926
f 370/587/916 372/598/927 360/586/913
f 382/597/926 329/595/925 380/592/922
f 354/600/928 356/599/929 352/601/930
f 356/599/929 358/602/931 352/601/930
f 352/601/930 358/602/931 350/603/932
f 350/603/932 358/602/931 348/591/920
f 348/591/920 358/602/931 342/590/919
f 342/590/919 358/602/931 340/604/933
f 358/602/931 360/586/913 340/604/933
f 360/586/913 372/598/927 340/604/933
f 372/598/927 374/605/934 340/604/933
f 340/604/933 374/605/934 338/606/935
f 338/606/935 374/605/934 336/607/912
f 374/605/934 376/594/923 336/607/912
f 336/607/912 376/594/923 334/608/915
f 376/594/923 380/592/922 334/608/915
f 380/592/922 329/595/925 334/608/915
f 334/608/915 329/595/925 332/609/936
usemtl 3d66_Standardmaterial_17342430_134
f 415/664/1045 413/665/1046 411/3/1047
f 391/666/1048 389/667/1049 386/668/1050
f 409/669/1051 407/670/1052 405/671/1053
f 415/664/1045 411/3/1047 409/669/1051
f 415/664/1045 409/669/1051 405/671/1053
f 415/664/1045 405/671/1053 403/672/1054
f 417/673/1050 415/664/1045 403/672/1054
f 417/673/1050 403/672/1054 401/674/1055
f 421/675/1056 419/676/1057 417/673/1050
f 423/677/1058 421/675/1056 417/673/1050
f 395/678/1059 393/679/1059 391/666/1048
f 397/680/1060 395/678/1059 391/666/1048
f 423/677/1058 417/673/1050 401/674/1055
f 425/681/1058 423/677/1058 401/674/1055
f 427/682/1061 425/681/1058 401/674/1055
f 429/683/1062 427/682/1061 401/674/1055
f 429/683/1062 401/674/1055 399/684/1063
f 431/685/1064 429/683/1062 399/684/1063
f 431/685/1064 399/684/1063 397/680/1060
f 433/686/1060 431/685/1064 397/680/1060
f 433/686/1060 397/680/1060 391/666/1048
f 433/686/1060 391/666/1048 386/668/1050
f 433/686/1060 386/668/1050 384/687/1049
f 433/686/1060 384/687/1049 441/688/1065
f 435/689/1065 433/686/1060 441/688/1065
f 437/690/1066 435/689/1065 441/688/1065
f 437/690/1066 441/688/1065 439/691/1067
f 412/665/1068 414/664/1069 410/3/1070
f 388/667/1071 390/666/1072 385/668/1073
f 406/670/1074 408/669/1075 404/671/1070
f 410/3/1070 414/664/1069 408/669/1075
f 408/669/1075 414/664/1069 404/671/1070
f 404/671/1070 414/664/1069 402/672/1076
f 414/664/1069 416/673/1077 402/672/1076
f 402/672/1076 416/673/1077 400/674/1078
f 418/676/1079 420/675/1077 416/673/1077
f 420/675/1077 422/677/1080 416/673/1077
f 392/679/1072 394/678/1081 390/666/1072
f 394/678/1081 396/680/1081 390/666/1072
f 416/673/1077 422/677/1080 400/674/1078
f 422/677/1080 424/681/1082 400/674/1078
f 424/681/1082 426/682/1083 400/674/1078
f 426/682/1083 428/683/1071 400/674/1078
f 400/674/1078 428/683/1071 398/684/1072
f 428/683/1071 430/685/1084 398/684/1072
f 398/684/1072 430/685/1084 396/680/1081
f 430/685/1084 432/686/1085 396/680/1081
f 396/680/1081 432/686/1085 390/666/1072
f 390/666/1072 432/686/1085 385/668/1073
f 385/668/1073 432/686/1085 387/687/1086
f 387/687/1086 432/686/1085 440/688/1086
f 432/686/1085 434/689/1087 440/688/1086
f 434/689/1087 436/690/1088 440/688/1086
f 440/688/1086 436/690/1088 438/691/1089
usemtl 3d66_Standardmaterial_17342430_135
f 467/818/1236 465/819/1237 463/820/1238
f 469/821/1239 467/818/1236 463/820/1238
f 505/822/1240 503/823/1241 501/824/1242
f 505/822/1240 501/824/1242 499/825/1242
f 505/822/1240 499/825/1242 497/826/1239
f 505/822/1240 497/826/1239 495/827/1236
f 505/822/1240 495/827/1236 493/828/1239
f 505/822/1240 493/828/1239 491/829/1241
f 505/822/1240 491/829/1241 489/830/1243
f 517/831/1244 515/832/1244 513/833/1239
f 505/822/1240 489/830/1243 487/834/1241
f 442/835/1245 533/836/1246 531/837/1247
f 505/822/1240 487/834/1241 485/838/1236
f 469/821/1239 463/820/1238 461/839/1248
f 505/822/1240 485/838/1236 483/840/1236
f 444/841/1249 442/835/1245 531/837/1247
f 507/842/1237 505/822/1240 483/840/1236
f 507/842/1237 483/840/1236 481/843/1236
f 507/842/1237 481/843/1236 479/844/1237
f 507/842/1237 479/844/1237 477/845/1237
f 457/846/1238 455/847/1250 453/848/1246
f 459/849/1251 457/846/1238 453/848/1246
f 507/842/1237 477/845/1237 475/850/1246
f 509/851/1252 507/842/1237 475/850/1246
f 509/851/1252 475/850/1246 473/852/1253
f 511/853/1254 509/851/1252 473/852/1253
f 469/821/1239 461/839/1248 459/849/1251
f 469/821/1239 459/849/1251 453/848/1246
f 471/854/1249 469/821/1239 453/848/1246
f 471/854/1249 453/848/1246 451/855/1255
f 473/852/1253 471/854/1249 451/855/1255
f 511/853/1254 473/852/1253 451/855/1255
f 511/853/1254 451/855/1255 449/856/1252
f 513/833/1239 511/853/1254 449/856/1252
f 513/833/1239 449/856/1252 447/857/1256
f 513/833/1239 447/857/1256 444/841/1249
f 513/833/1239 444/841/1249 531/837/1247
f 517/831/1244 513/833/1239 531/837/1247
f 517/831/1244 531/837/1247 529/858/1254
f 517/831/1244 529/858/1254 527/859/1244
f 519/860/1257 517/831/1244 527/859/1244
f 521/861/1239 519/860/1257 527/859/1244
f 523/862/1255 521/861/1239 527/859/1244
f 523/862/1255 527/859/1244 525/863/1255
f 464/819/1258 466/818/1259 462/820/1260
f 466/818/1259 468/821/1261 462/820/1260
f 502/823/1262 504/822/1263 500/824/1262
f 500/824/1262 504/822/1263 498/825/1262
f 498/825/1262 504/822/1263 496/826/1264
f 496/826/1264 504/822/1263 494/827/1265
f 494/827/1265 504/822/1263 492/828/1266
f 492/828/1266 504/822/1263 490/829/1262
f 490/829/1262 504/822/1263 488/830/1267
f 514/832/1268 516/831/1268 512/833/1269
f 488/830/1267 504/822/1263 486/834/1270
f 532/836/1271 445/835/1272 530/837/1273
f 486/834/1270 504/822/1263 484/838/1260
f 462/820/1260 468/821/1261 460/839/1273
f 484/838/1260 504/822/1263 482/840/1274
f 445/835/1272 443/841/1275 530/837/1273
f 504/822/1263 506/842/1276 482/840/1274
f 482/840/1274 506/842/1276 480/843/1269
f 480/843/1269 506/842/1276 478/844/1277
f 478/844/1277 506/842/1276 476/845/1266
f 454/847/1276 456/846/1278 452/848/1279
f 456/846/1278 458/849/1279 452/848/1279
f 476/845/1266 506/842/1276 474/850/1266
f 506/842/1276 508/851/1272 474/850/1266
f 474/850/1266 508/851/1272 472/852/1268
f 508/851/1272 510/853/1280 472/852/1268
f 460/839/1273 468/821/1261 458/849/1279
f 458/849/1279 468/821/1261 452/848/1279
f 468/821/1261 470/854/1281 452/848/1279
f 452/848/1279 470/854/1281 450/855/1282
f 470/854/1281 472/852/1268 450/855/1282
f 472/852/1268 510/853/1280 450/855/1282
f 450/855/1282 510/853/1280 448/856/1283
f 510/853/1280 512/833/1269 448/856/1283
f 448/856/1283 512/833/1269 446/857/1280
f 446/857/1280 512/833/1269 443/841/1275
f 443/841/1275 512/833/1269 530/837/1273
f 512/833/1269 516/831/1268 530/837/1273
f 530/837/1273 516/831/1268 528/858/1284
f 528/858/1284 516/831/1268 526/859/1285
f 516/831/1268 518/860/1265 526/859/1285
f 518/860/1265 520/861/1286 526/859/1285
f 520/861/1286 522/862/1266 526/859/1285
f 526/859/1285 522/862/1266 524/863/1268
usemtl 3d66_Standardmaterial_17342430_136
f 571/962/1422 569/963/1423 567/964/1424
f 571/962/1422 567/964/1424 565/965/1425
f 557/966/1426 555/3/1427 553/967/1428
f 559/968/1429 557/966/1426 553/967/1428
f 559/968/1429 553/967/1428 551/969/1430
f 583/970/1431 581/971/1432 579/972/1432
f 573/973/1433 571/962/1422 565/965/1425
f 573/973/1433 565/965/1425 563/974/1434
f 573/973/1433 563/974/1434 561/975/1432
f 575/976/1435 573/973/1433 561/975/1432
f 587/977/1434 585/978/1436 583/970/1431
f 589/979/1435 587/977/1434 583/970/1431
f 605/980/1437 603/981/1430 601/982/1435
f 534/983/1438 607/984/1439 605/980/1437
f 536/985/1440 534/983/1438 605/980/1437
f 536/985/1440 605/980/1437 601/982/1435
f 545/986/1441 543/987/1438 541/988/1442
f 589/979/1435 583/970/1431 579/972/1432
f 577/989/1443 575/976/1435 561/975/1432
f 577/989/1443 561/975/1432 559/968/1429
f 601/982/1435 599/990/1443 597/991/1443
f 536/985/1440 601/982/1435 597/991/1443
f 577/989/1443 559/968/1429 551/969/1430
f 577/989/1443 551/969/1430 549/992/1430
f 577/989/1443 549/992/1430 547/993/1444
f 577/989/1443 547/993/1444 545/986/1441
f 577/989/1443 545/986/1441 541/988/1442
f 577/989/1443 541/988/1442 539/994/1443
f 577/989/1443 539/994/1443 536/985/1440
f 577/989/1443 536/985/1440 597/991/1443
f 579/972/1432 577/989/1443 597/991/1443
f 589/979/1435 579/972/1432 597/991/1443
f 591/995/1445 589/979/1435 597/991/1443
f 593/996/1426 591/995/1445 597/991/1443
f 595/997/1446 593/996/1426 597/991/1443
f 568/963/1447 570/962/1448 566/964/1448
f 566/964/1448 570/962/1448 564/965/1449
f 554/3/1449 556/966/1450 552/967/1451
f 556/966/1450 558/968/1451 552/967/1451
f 552/967/1451 558/968/1451 550/969/1452
f 580/971/1453 582/970/1450 578/972/1454
f 570/962/1448 572/973/1450 564/965/1449
f 564/965/1449 572/973/1450 562/974/1451
f 562/974/1451 572/973/1450 560/975/1450
f 572/973/1450 574/976/1453 560/975/1450
f 584/978/1455 586/977/1456 582/970/1450
f 586/977/1456 588/979/1455 582/970/1450
f 602/981/1457 604/980/1458 600/982/1459
f 606/984/1458 537/983/1458 604/980/1458
f 537/983/1458 535/985/1460 604/980/1458
f 604/980/1458 535/985/1460 600/982/1459
f 542/987/1458 544/986/1461 540/988/1457
f 582/970/1450 588/979/1455 578/972/1454
f 574/976/1453 576/989/1462 560/975/1450
f 560/975/1450 576/989/1462 558/968/1451
f 598/990/1463 600/982/1459 596/991/1464
f 600/982/1459 535/985/1460 596/991/1464
f 558/968/1451 576/989/1462 550/969/1452
f 550/969/1452 576/989/1462 548/992/1461
f 548/992/1461 576/989/1462 546/993/1460
f 546/993/1460 576/989/1462 544/986/1461
f 544/986/1461 576/989/1462 540/988/1457
f 540/988/1457 576/989/1462 538/994/1465
f 538/994/1465 576/989/1462 535/985/1460
f 535/985/1460 576/989/1462 596/991/1464
f 576/989/1462 578/972/1454 596/991/1464
f 578/972/1454 588/979/1455 596/991/1464
f 588/979/1455 590/995/1466 596/991/1464
f 590/995/1466 592/996/1465 596/991/1464
f 592/996/1465 594/997/1467 596/991/1464
usemtl 3d66_Standardmaterial_17342430_138
f 610/2/1468 609/1/1469 608/3/1470
f 609/1/1469 611/4/1471 608/3/1470
f 613/6/1472 612/5/1473 610/2/1472
f 612/5/1473 609/1/1474 610/2/1472
f 615/8/1475 614/7/1475 613/6/1475
f 614/7/1475 612/5/1476 613/6/1475
f 617/10/1477 616/9/1478 615/8/1479
f 616/9/1478 614/7/1480 615/8/1479
f 619/12/1481 618/11/1481 617/10/1481
f 618/11/1481 616/9/1482 617/10/1481
f 621/14/1483 620/13/1484 619/12/1485
f 620/13/1484 618/11/1486 619/12/1485
f 623/16/1487 622/15/1488 621/14/1489
f 622/15/1488 620/13/1490 621/14/1489
f 625/18/1491 624/17/1492 623/16/1493
f 624/17/1492 622/15/1492 623/16/1493
f 627/20/1494 626/19/1495 625/18/1496
f 626/19/1495 624/17/1497 625/18/1496
f 629/22/1498 628/21/1499 627/20/1500
f 628/21/1499 626/19/1501 627/20/1500
f 631/24/1502 630/23/1503 629/22/1504
f 630/23/1503 628/21/1505 629/22/1504
f 633/26/1506 632/25/1507 631/24/1507
f 632/25/1507 630/23/1508 631/24/1507
f 635/28/1509 634/27/1510 633/26/1510
f 634/27/1510 632/25/1511 633/26/1510
f 637/34/1512 636/29/1513 635/28/1514
f 636/29/1513 634/27/1515 635/28/1514
f 639/33/1516 638/32/1517 637/34/1518
f 638/32/1517 636/29/1519 637/34/1518
f 641/36/1520 640/35/1520 639/33/1520
f 640/35/1520 638/32/1521 639/33/1520
f 643/38/1522 642/37/1523 641/36/1524
f 642/37/1523 640/35/1525 641/36/1524
f 645/40/1526 644/39/1527 643/38/1526
f 644/39/1527 642/37/1527 643/38/1526
f 647/42/1528 646/41/1529 645/40/1530
f 646/41/1529 644/39/1531 645/40/1530
f 649/44/1532 648/43/1533 647/42/1534
f 648/43/1533 646/41/1535 647/42/1534
f 651/46/1536 650/45/1537 649/44/1538
f 650/45/1537 648/43/1539 649/44/1538
f 653/48/1540 652/47/1541 651/46/1542
f 652/47/1541 650/45/1541 651/46/1542
f 655/50/1543 654/49/1544 653/48/1543
f 654/49/1544 652/47/1545 653/48/1543
f 657/52/1546 656/51/1547 655/50/1548
f 656/51/1547 654/49/1549 655/50/1548
f 659/54/1550 658/53/1551 657/52/1552
f 658/53/1551 656/51/1553 657/52/1552
f 661/56/1554 660/55/1555 659/54/1556
f 660/55/1555 658/53/1557 659/54/1556
f 663/58/1558 662/57/1559 661/56/1560
f 662/57/1559 660/55/1561 661/56/1560
f 665/60/1562 664/59/1563 663/58/1562
f 664/59/1563 662/57/1564 663/58/1562
f 667/998/1565 666/61/1566 665/60/1566
f 666/61/1566 664/59/1567 665/60/1566
f 669/999/1568 668/1000/1569 667/998/1570
f 668/1000/1569 666/61/1570 667/998/1570
f 671/1001/1571 670/1002/1572 669/999/1573
f 670/1002/1572 668/1000/1574 669/999/1573
f 673/1003/1575 672/1004/1575 671/1001/1576
f 672/1004/1575 670/1002/1577 671/1001/1576
f 675/1005/1578 674/1006/1579 673/1003/1579
f 674/1006/1579 672/1004/1579 673/1003/1579
f 677/1007/1580 676/1008/1581 675/1005/1582
f 676/1008/1581 674/1006/1583 675/1005/1582
f 679/1009/1584 678/1010/1584 677/1007/1585
f 678/1010/1584 676/1008/1586 677/1007/1585
f 681/1011/1587 680/1012/1588 679/1009/1588
f 680/1012/1588 678/1010/1588 679/1009/1588
f 683/1013/1589 682/1014/1590 681/1011/1591
f 682/1014/1590 680/1012/1592 681/1011/1591
f 685/1015/1593 684/1016/1594 683/1013/1595
f 684/1016/1594 682/1014/1595 683/1013/1595
f 687/1017/1596 686/1018/1597 685/1015/1598
f 686/1018/1597 684/1016/1599 685/1015/1598
f 689/1019/1600 688/1020/1601 687/1017/1602
f 688/1020/1601 686/1018/1603 687/1017/1602
f 691/1021/1604 690/1022/1604 689/1019/1605
f 690/1022/1604 688/1020/1605 689/1019/1605
f 693/1023/1606 692/1024/1607 691/1021/1608
f 692/1024/1607 690/1022/1609 691/1021/1608
f 695/1025/1610 694/1026/1611 693/1023/1612
f 694/1026/1611 692/1024/1613 693/1023/1612
f 697/187/1614 696/188/1615 695/1025/1616
f 696/188/1615 694/1026/1617 695/1025/1616
f 699/64/1618 698/1027/1619 697/187/1618
f 698/1027/1619 696/188/1620 697/187/1618
f 701/63/1621 700/62/1622 699/64/1623
f 700/62/1622 698/1027/1624 699/64/1623
f 703/66/1625 702/65/1626 701/63/1627
f 702/65/1626 700/62/1628 701/63/1627
f 705/68/1629 704/67/1630 703/66/1631
f 704/67/1630 702/65/1632 703/66/1631
f 707/70/1633 706/69/1634 705/68/1635
f 706/69/1634 704/67/1636 705/68/1635
f 709/74/1637 708/71/1638 707/70/1639
f 708/71/1638 706/69/1640 707/70/1639
f 711/73/1641 710/72/1642 709/74/1643
f 710/72/1642 708/71/1644 709/74/1643
f 713/76/1645 712/75/1646 711/73/1647
f 712/75/1646 710/72/1648 711/73/1647
f 715/78/1649 714/77/1650 713/76/1651
f 714/77/1650 712/75/1652 713/76/1651
f 608/80/1653 611/79/1654 715/78/1653
f 611/79/1654 714/77/1654 715/78/1653
usemtl 3d66_Standardmaterial_17342430_137
f 675/1028/1655 673/1029/1655 671/1030/1655
f 675/1028/1655 671/1030/1655 669/1031/1656
f 689/1032/1657 687/1033/1658 685/1034/1659
f 691/1035/1658 689/1032/1657 685/1034/1659
f 693/1036/1660 691/1035/1658 685/1034/1659
f 693/1036/1660 685/1034/1659 683/1037/1661
f 695/1038/1661 693/1036/1660 683/1037/1661
f 695/1038/1661 683/1037/1661 681/1039/1656
f 697/1040/1656 695/1038/1661 681/1039/1656
f 699/89/1662 697/1040/1656 681/1039/1656
f 699/89/1662 681/1039/1656 679/1041/1656
f 637/84/1663 635/81/1661 633/83/1664
f 639/85/1665 637/84/1663 633/83/1664
f 639/85/1665 633/83/1664 631/87/1664
f 639/85/1665 631/87/1664 629/88/1666
f 675/1028/1655 669/1031/1656 667/1042/1667
f 677/91/1668 675/1028/1655 667/1042/1667
f 677/91/1668 667/1042/1667 665/92/1669
f 699/89/1662 679/1041/1656 677/91/1668
f 701/90/1670 699/89/1662 677/91/1668
f 701/90/1670 677/91/1668 665/92/1669
f 610/94/1671 608/93/1671 715/95/1672
f 629/88/1666 627/96/1664 625/97/1664
f 639/85/1665 629/88/1666 625/97/1664
f 639/85/1665 625/97/1664 623/99/1673
f 647/101/1656 645/100/1659 643/102/1661
f 649/103/1656 647/101/1656 643/102/1661
f 613/104/1674 610/94/1671 715/95/1672
f 615/105/1674 613/104/1674 715/95/1672
f 617/106/1675 615/105/1674 715/95/1672
f 619/107/1664 617/106/1675 715/95/1672
f 619/107/1664 715/95/1672 713/108/1664
f 619/107/1664 713/108/1664 711/109/1661
f 621/110/1665 619/107/1664 711/109/1661
f 623/99/1673 621/110/1665 711/109/1661
f 639/85/1665 623/99/1673 711/109/1661
f 639/85/1665 711/109/1661 709/112/1661
f 639/85/1665 709/112/1661 707/113/1676
f 639/85/1665 707/113/1676 705/114/1677
f 641/115/1678 639/85/1665 705/114/1677
f 641/115/1678 705/114/1677 703/116/1656
f 643/102/1661 641/115/1678 703/116/1656
f 643/102/1661 703/116/1656 701/90/1670
f 643/102/1661 701/90/1670 665/92/1669
f 643/102/1661 665/92/1669 663/117/1659
f 649/103/1656 643/102/1661 663/117/1659
f 651/118/1679 649/103/1656 663/117/1659
f 651/118/1679 663/117/1659 661/119/1680
f 653/120/1679 651/118/1679 661/119/1680
f 653/120/1679 661/119/1680 659/121/1681
f 655/122/1682 653/120/1679 659/121/1681
f 655/122/1682 659/121/1681 657/123/1681
f 672/1029/1683 674/1028/1684 670/1030/1683
f 670/1030/1683 674/1028/1684 668/1031/1684
f 686/1033/1685 688/1032/1686 684/1034/1687
f 688/1032/1686 690/1035/1687 684/1034/1687
f 690/1035/1687 692/1036/1684 684/1034/1687
f 684/1034/1687 692/1036/1684 682/1037/1688
f 692/1036/1684 694/1038/1689 682/1037/1688
f 682/1037/1688 694/1038/1689 680/1039/1685
f 694/1038/1689 696/1040/1687 680/1039/1685
f 696/1040/1687 698/89/1690 680/1039/1685
f 680/1039/1685 698/89/1690 678/1041/1689
f 634/81/1691 636/84/1692 632/83/1693
f 636/84/1692 638/85/1694 632/83/1693
f 632/83/1693 638/85/1694 630/87/1695
f 630/87/1695 638/85/1694 628/88/1692
f 668/1031/1684 674/1028/1684 666/1042/1696
f 674/1028/1684 676/91/1697 666/1042/1696
f 666/1042/1696 676/91/1697 664/92/1698
f 678/1041/1689 698/89/1690 676/91/1697
f 698/89/1690 700/90/1699 676/91/1697
f 676/91/1697 700/90/1699 664/92/1698
f 611/93/1700 609/94/1701 714/95/1689
f 626/96/1692 628/88/1692 624/97/1702
f 628/88/1692 638/85/1694 624/97/1702
f 624/97/1702 638/85/1694 622/99/1703
f 644/100/1684 646/101/1704 642/102/1705
f 646/101/1704 648/103/1684 642/102/1705
f 609/94/1701 612/104/1706 714/95/1689
f 612/104/1706 614/105/1693 714/95/1689
f 614/105/1693 616/106/1707 714/95/1689
f 616/106/1707 618/107/1706 714/95/1689
f 714/95/1689 618/107/1706 712/108/1689
f 712/108/1689 618/107/1706 710/109/1692
f 618/107/1706 620/110/1694 710/109/1692
f 620/110/1694 622/99/1703 710/109/1692
f 622/99/1703 638/85/1694 710/109/1692
f 710/109/1692 638/85/1694 708/112/1708
f 708/112/1708 638/85/1694 706/113/1695
f 706/113/1695 638/85/1694 704/114/1703
f 638/85/1694 640/115/1689 704/114/1703
f 704/114/1703 640/115/1689 702/116/1709
f 640/115/1689 642/102/1705 702/116/1709
f 702/116/1709 642/102/1705 700/90/1699
f 700/90/1699 642/102/1705 664/92/1698
f 664/92/1698 642/102/1705 662/117/1710
f 642/102/1705 648/103/1684 662/117/1710
f 648/103/1684 650/118/1709 662/117/1710
f 662/117/1710 650/118/1709 660/119/1711
f 650/118/1709 652/120/1712 660/119/1711
f 660/119/1711 652/120/1712 658/121/1713
f 652/120/1712 654/122/1714 658/121/1713
f 658/121/1713 654/122/1714 656/123/1715
usemtl 3d66_Standardmaterial_17342430_127
f 3/1/1 2/2/2 1/3/2
f 4/4/1 3/1/1 1/3/2
f 6/5/3 5/6/3 2/2/3
f 3/1/3 6/5/3 2/2/3
f 8/7/4 7/8/5 5/6/5
f 6/5/4 8/7/4 5/6/5
f 10/9/6 9/10/7 7/8/8
f 8/7/6 10/9/6 7/8/8
f 12/11/9 11/12/10 9/10/10
f 10/9/9 12/11/9 9/10/10
f 14/13/11 13/14/12 11/12/12
f 12/11/11 14/13/11 11/12/12
f 16/15/13 15/16/13 13/14/13
f 14/13/13 16/15/13 13/14/13
f 18/17/14 17/18/15 15/16/16
f 16/15/17 18/17/14 15/16/16
f 20/19/18 19/20/19 17/18/19
f 18/17/18 20/19/18 17/18/19
f 22/21/20 21/22/21 19/20/21
f 20/19/20 22/21/20 19/20/21
f 24/23/22 23/24/23 21/22/23
f 22/21/22 24/23/22 21/22/23
f 26/25/24 25/26/24 23/24/24
f 24/23/25 26/25/24 23/24/24
f 28/27/26 27/28/27 25/26/27
f 26/25/28 28/27/26 25/26/27
f 30/29/29 29/30/30 27/28/29
f 31/31/29 30/29/29 27/28/29
f 34/32/31 33/33/32 32/34/33
f 30/29/34 34/32/31 32/34/33
f 36/35/35 35/36/36 33/33/36
f 34/32/37 36/35/35 33/33/36
f 38/37/38 37/38/38 35/36/38
f 36/35/38 38/37/38 35/36/38
f 40/39/39 39/40/40 37/38/40
f 38/37/39 40/39/39 37/38/40
f 42/41/41 41/42/42 39/40/42
f 40/39/41 42/41/41 39/40/42
f 44/43/43 43/44/44 41/42/44
f 42/41/43 44/43/43 41/42/44
f 46/45/45 45/46/46 43/44/47
f 44/43/48 46/45/45 43/44/47
f 48/47/49 47/48/50 45/46/51
f 46/45/52 48/47/49 45/46/51
f 50/49/53 49/50/54 47/48/55
f 48/47/56 50/49/53 47/48/55
f 52/51/57 51/52/58 49/50/59
f 50/49/57 52/51/57 49/50/59
f 54/53/60 53/54/61 51/52/61
f 52/51/60 54/53/60 51/52/61
f 56/55/62 55/56/63 53/54/63
f 54/53/62 56/55/62 53/54/63
f 58/57/64 57/58/65 55/56/65
f 56/55/66 58/57/64 55/56/65
f 60/59/67 59/60/68 57/58/68
f 58/57/69 60/59/67 57/58/68
f 60/59/70 61/61/70 59/60/70
f 64/62/71 63/63/71 62/64/71
f 66/65/72 65/66/73 63/63/73
f 64/62/72 66/65/72 63/63/73
f 68/67/74 67/68/74 65/66/74
f 66/65/74 68/67/74 65/66/74
f 70/69/75 69/70/76 67/68/77
f 68/67/78 70/69/75 67/68/77
f 70/69/79 71/71/79 69/70/80
f 74/72/81 73/73/82 72/74/83
f 76/75/84 75/76/85 73/73/86
f 74/72/87 76/75/84 73/73/86
f 78/77/88 77/78/88 75/76/88
f 76/75/89 78/77/88 75/76/88
f 4/79/90 1/80/91 77/78/92
f 78/77/93 4/79/90 77/78/92
f 71/71/79 72/128/80 69/70/80
f 71/71/178 74/72/81 72/128/83
f 30/29/29 32/34/29 29/30/30
f 28/27/29 31/31/29 27/28/29
usemtl 3d66_Standardmaterial_17342430_126
f 27/81/94 79/82/95 25/83/96
f 32/84/97 33/85/98 79/82/95
f 25/83/96 80/86/99 23/87/100
f 23/87/100 80/86/99 21/88/101
f 62/89/102 63/90/103 61/91/104
f 61/91/104 63/90/103 59/92/105
f 1/93/106 2/94/107 77/95/108
f 19/96/109 21/88/101 17/97/110
f 21/88/101 81/98/111 17/97/110
f 17/97/110 81/98/111 15/99/112
f 39/100/113 41/101/114 37/102/115
f 41/101/114 43/103/116 37/102/115
f 2/94/107 5/104/117 77/95/108
f 5/104/117 7/105/118 77/95/108
f 7/105/118 9/106/119 77/95/108
f 9/106/119 11/107/120 77/95/108
f 77/95/108 11/107/120 75/108/121
f 75/108/121 11/107/120 73/109/122
f 11/107/120 13/110/123 73/109/122
f 13/110/123 15/99/112 73/109/122
f 15/99/112 82/111/124 73/109/122
f 73/109/122 82/111/124 72/112/125
f 69/113/126 33/85/98 67/114/127
f 33/85/98 35/115/128 67/114/127
f 67/114/127 35/115/128 65/116/129
f 35/115/128 37/102/115 65/116/129
f 65/116/129 37/102/115 63/90/103
f 63/90/103 37/102/115 59/92/105
f 59/92/105 37/102/115 57/117/130
f 37/102/115 43/103/116 57/117/130
f 43/103/116 45/118/131 57/117/130
f 57/117/130 45/118/131 55/119/132
f 45/118/131 47/120/133 55/119/132
f 55/119/132 47/120/133 53/121/134
f 47/120/133 49/122/135 53/121/134
f 53/121/134 49/122/135 51/123/136
f 31/124/137 28/81/138 26/83/139
f 34/85/140 30/84/141 83/125/142
f 83/125/142 26/83/139 24/87/143
f 34/85/140 83/125/142 84/126/144
f 64/90/145 62/89/102 61/91/104
f 64/90/145 61/91/104 60/92/146
f 3/94/147 4/93/148 78/95/149
f 22/88/150 20/96/151 18/97/152
f 84/126/144 22/88/150 18/97/152
f 34/85/140 84/126/144 85/127/153
f 42/101/154 40/100/155 38/102/156
f 44/103/157 42/101/154 38/102/156
f 6/104/158 3/94/147 78/95/149
f 8/105/159 6/104/158 78/95/149
f 10/106/160 8/105/159 78/95/149
f 12/107/161 10/106/160 78/95/149
f 12/107/161 78/95/149 76/108/162
f 12/107/161 76/108/162 74/109/163
f 14/110/164 12/107/161 74/109/163
f 16/99/165 14/110/164 74/109/163
f 85/127/153 16/99/165 74/109/163
f 34/85/140 85/127/153 71/112/166
f 34/85/140 71/112/166 70/113/167
f 34/85/140 70/113/167 68/114/168
f 36/115/169 34/85/140 68/114/168
f 36/115/169 68/114/168 66/116/170
f 38/102/156 36/115/169 66/116/170
f 38/102/156 66/116/170 64/90/145
f 38/102/156 64/90/145 60/92/146
f 38/102/156 60/92/146 58/117/171
f 44/103/157 38/102/156 58/117/171
f 46/118/172 44/103/157 58/117/171
f 46/118/172 58/117/171 56/119/173
f 48/120/174 46/118/172 56/119/173
f 48/120/174 56/119/173 54/121/175
f 50/122/176 48/120/174 54/121/175
f 50/122/176 54/121/175 52/123/177
f 72/129/125 33/85/98 69/113/126
f 82/111/124 33/85/98 72/129/125
f 15/99/112 81/98/111 82/111/124
f 81/98/111 33/85/98 82/111/124
f 21/88/101 80/86/99 81/98/111
f 80/86/99 33/85/98 81/98/111
f 25/83/96 79/82/95 80/86/99
f 79/82/95 33/85/98 80/86/99
f 27/81/94 29/130/179 79/82/95
f 29/130/179 32/84/97 79/82/95
f 85/127/153 74/109/163 71/112/166
f 85/127/153 18/97/152 16/99/165
f 84/126/144 18/97/152 85/127/153
f 84/126/144 24/87/143 22/88/150
f 83/125/142 24/87/143 84/126/144
f 83/125/142 30/84/141 31/124/137
f 83/125/142 31/124/137 26/83/139
