# Blender 4.3.2
# www.blender.org
mtllib 牌匾.mtl
o Obj3d66_17342430_18_700
v 2989.816650 889.610840 -27302.769531
v 2990.973389 889.458496 -27301.849609
v 2987.449463 887.815125 -27298.324219
v 2986.292725 887.967346 -27299.246094
v 2991.930420 889.159546 -27301.167969
v 2988.406494 887.516113 -27297.644531
v 2992.932129 888.962036 -27300.400391
v 2989.408203 887.318604 -27296.876953
v 2994.222900 889.114441 -27299.222656
v 2990.698975 887.470947 -27295.699219
v 2995.716797 890.143005 -27297.462891
v 2992.192627 888.499695 -27293.939453
v 2997.333496 891.762207 -27295.322266
v 2993.809326 890.118835 -27291.798828
v 2999.327393 893.001709 -27293.035156
v 2995.803467 891.358337 -27289.511719
v 3001.952881 892.891541 -27290.835938
v 2998.428955 891.248047 -27287.310547
v 3004.638428 891.369995 -27289.242188
v 3001.114258 889.726624 -27285.718750
v 3006.640625 889.203796 -27288.537109
v 3003.116699 887.560425 -27285.011719
v 3007.956543 886.664429 -27288.591797
v 3004.432617 885.020996 -27285.068359
v 3008.583008 884.023438 -27289.287109
v 3005.059082 882.380005 -27285.763672
v 3008.455566 881.984924 -27290.347656
v 3004.931396 880.341553 -27286.822266
v 3007.805420 880.737549 -27291.486328
v 3004.281250 879.094116 -27287.960938
v 3007.073486 879.779053 -27292.560547
v 3003.549561 878.135742 -27289.037109
v 3006.700928 878.607422 -27293.425781
v 3003.177002 876.964050 -27289.902344
v 3007.248291 876.759338 -27293.818359
v 3003.724365 875.115906 -27290.294922
v 3008.535400 874.256714 -27293.882812
v 3005.011475 872.613342 -27290.357422
v 3009.891357 871.325806 -27294.085938
v 3006.367188 869.682434 -27290.562500
v 3010.644531 868.192810 -27294.902344
v 3007.120605 866.549438 -27291.376953
v 3010.319336 864.842712 -27296.742188
v 3006.795410 863.199341 -27293.218750
v 3009.232910 862.368713 -27298.828125
v 3005.708740 860.725342 -27295.302734
v 3008.051514 860.609009 -27300.662109
v 3004.527588 858.965637 -27297.136719
v 3007.442139 859.401794 -27301.746094
v 3003.918213 857.758301 -27298.222656
v 3007.703369 858.250122 -27302.060547
v 3004.179443 856.606750 -27298.535156
v 3008.390137 856.830444 -27302.132812
v 3004.865967 855.187012 -27298.609375
v 3009.052734 855.241028 -27302.306641
v 3005.528809 853.597595 -27298.781250
v 3009.242432 853.580139 -27302.917969
v 3005.718506 851.936646 -27299.394531
v 3008.785400 852.127808 -27303.986328
v 3005.261475 850.484497 -27300.462891
v 3008.036133 851.023499 -27305.144531
v 3004.511963 849.380127 -27301.619141
v 3007.337158 850.153748 -27306.148438
v 3003.813232 848.510254 -27302.625000
v 3007.031738 849.404846 -27306.759766
v 3003.507812 847.761414 -27303.236328
v 3007.229004 848.687012 -27306.925781
v 3003.704834 847.043701 -27303.402344
v 3007.657715 847.929504 -27306.912109
v 3004.133789 846.286133 -27303.386719
v 3008.090332 847.046936 -27306.951172
v 3004.566162 845.403503 -27303.427734
v 3008.298340 845.954102 -27307.283203
v 3004.774414 844.310730 -27303.759766
v 3008.220215 844.853699 -27307.863281
v 3004.696289 843.210205 -27304.339844
v 3008.039795 843.935547 -27308.445312
v 3004.515869 842.292114 -27304.921875
v 3007.897949 843.095032 -27308.958984
v 3004.374023 841.451599 -27305.435547
v 3007.934814 842.227844 -27309.332031
v 3004.410889 840.584351 -27305.808594
v 3009.025391 840.003113 -27309.435547
v 3005.501221 838.359741 -27305.910156
v 3011.199219 835.407898 -27309.714844
v 3007.675293 833.764648 -27306.189453
v 3013.330078 828.814331 -27310.962891
v 3009.805908 827.170898 -27307.437500
v 3014.290527 820.594238 -27313.972656
v 3010.766602 818.950806 -27310.447266
v 3013.330078 813.004944 -27318.333984
v 3009.805908 811.361450 -27314.810547
v 3011.199219 807.810547 -27322.583984
v 3007.675293 806.167053 -27319.058594
v 3009.025391 804.643005 -27325.923828
v 3005.501221 802.999512 -27322.400391
v 3007.934814 803.134399 -27327.562500
v 3004.410889 801.491028 -27324.037109
v 3007.897949 802.291443 -27327.986328
v 3004.374023 800.648010 -27324.462891
v 3008.039795 801.357727 -27328.300781
v 3004.515869 799.714294 -27324.775391
v 3008.220215 800.321106 -27328.628906
v 3004.696289 798.677734 -27325.105469
v 3008.298340 799.169434 -27329.099609
v 3004.774414 797.526001 -27325.574219
v 3008.090332 798.213196 -27329.724609
v 3004.566162 796.569824 -27326.199219
v 3007.657715 797.614624 -27330.373047
v 3004.133789 795.971252 -27326.849609
v 3007.229004 797.138733 -27330.962891
v 3003.704834 795.495300 -27327.439453
v 3007.031738 796.550537 -27331.406250
v 3003.507812 794.907104 -27327.882812
v 3007.337402 795.600952 -27331.587891
v 3003.813232 793.957520 -27328.062500
v 3008.036133 794.272095 -27331.607422
v 3004.512207 792.628845 -27328.083984
v 3008.785400 792.675842 -27331.708984
v 3005.261475 791.032410 -27328.185547
v 3009.242432 790.923401 -27332.134766
v 3005.718506 789.280151 -27328.611328
v 3009.052734 789.387146 -27333.013672
v 3005.528809 787.743652 -27329.490234
v 3008.390137 788.232849 -27334.121094
v 3004.865967 786.589539 -27330.595703
v 3007.703369 787.264038 -27335.160156
v 3004.179443 785.620605 -27331.636719
v 3007.442139 786.283936 -27335.841797
v 3003.918213 784.640503 -27332.318359
v 3008.051514 784.676514 -27336.068359
v 3004.527588 783.033142 -27332.544922
v 3009.232910 782.141113 -27336.238281
v 3005.708740 780.497742 -27332.714844
v 3010.319336 778.953613 -27336.792969
v 3006.795410 777.310242 -27333.269531
v 3010.644531 775.389954 -27338.175781
v 3007.120605 773.746643 -27334.652344
v 3009.891357 772.751648 -27340.052734
v 3006.367188 771.108154 -27336.529297
v 3008.535400 770.710999 -27342.166016
v 3005.011475 769.067627 -27338.642578
v 3007.248291 769.053711 -27344.042969
v 3003.724365 767.410339 -27340.517578
v 3006.700928 767.565002 -27345.207031
v 3003.177002 765.921753 -27341.681641
v 3007.073486 766.148743 -27345.546875
v 3003.549561 764.505310 -27342.023438
v 3007.805420 764.709717 -27345.591797
v 3004.281494 763.066345 -27342.066406
v 3008.455566 763.035339 -27345.814453
v 3004.931641 761.391907 -27342.289062
v 3008.583008 760.913147 -27346.695312
v 3005.059082 759.269714 -27343.169922
v 3007.956543 758.683411 -27348.271484
v 3004.432617 757.040039 -27344.746094
v 3006.640625 757.008240 -27350.179688
v 3003.116699 755.364807 -27346.656250
v 3004.638428 756.157043 -27352.294922
v 3001.114502 754.513550 -27348.769531
v 3001.952881 756.399109 -27354.482422
v 2998.428955 754.755737 -27350.958984
v 2999.327393 758.013000 -27355.980469
v 2995.803467 756.369507 -27352.457031
v 2997.333496 760.561951 -27356.501953
v 2993.809326 758.918518 -27352.978516
v 2995.716797 763.242798 -27356.638672
v 2992.192871 761.599304 -27353.113281
v 2994.222900 765.252441 -27356.980469
v 2990.698975 763.609009 -27353.457031
v 2992.932129 766.252502 -27357.621094
v 2989.408203 764.609131 -27354.097656
v 2991.930420 766.712830 -27358.265625
v 2988.406494 765.069397 -27354.742188
v 2990.973389 767.042236 -27358.931641
v 2987.449463 765.398804 -27355.408203
v 2989.816650 767.649719 -27359.640625
v 2986.292725 766.006348 -27356.117188
v 2905.836670 795.693237 -27345.691406
v 2905.661377 795.536743 -27341.375000
v 2905.661377 794.632446 -27345.363281
v 2905.836670 796.597534 -27341.705078
v 2905.649902 794.659241 -27341.103516
v 2905.649658 793.754822 -27345.089844
v 2905.548584 793.740601 -27340.818359
v 2905.548584 792.836243 -27344.804688
v 2905.104980 792.556824 -27340.449219
v 2905.104980 791.652405 -27344.437500
v 2903.935303 791.187012 -27340.025391
v 2903.935303 790.282715 -27344.011719
v 2902.280029 789.704529 -27339.564453
v 2902.280029 788.800232 -27343.550781
v 2900.821777 787.876099 -27338.996094
v 2900.821777 786.971741 -27342.984375
v 2900.242920 785.468506 -27338.248047
v 2900.242920 784.564148 -27342.236328
v 2900.735352 783.005798 -27337.484375
v 2900.735352 782.101501 -27341.470703
v 2901.896973 781.169739 -27336.914062
v 2901.896973 780.265442 -27340.900391
v 2903.519287 779.962952 -27336.539062
v 2903.519287 779.058655 -27340.527344
v 2905.394287 779.388550 -27336.361328
v 2905.394287 778.484131 -27340.347656
v 2906.996094 779.505554 -27336.396484
v 2906.996094 778.601135 -27340.384766
v 2908.120605 780.101746 -27336.582031
v 2908.120605 779.197327 -27340.570312
v 2909.043701 780.772705 -27336.791016
v 2909.043701 779.868408 -27340.777344
v 2910.039795 781.114502 -27336.896484
v 2910.039795 780.210144 -27340.884766
v 2911.324463 780.612549 -27336.740234
v 2911.324463 779.708130 -27340.728516
v 2912.925781 779.432129 -27336.375000
v 2912.925781 778.527710 -27340.361328
v 2914.839355 778.188904 -27335.988281
v 2914.839355 777.284546 -27339.974609
v 2917.061279 777.498108 -27335.773438
v 2917.061279 776.593811 -27339.761719
v 2919.722656 777.796326 -27335.867188
v 2919.722656 776.892029 -27339.853516
v 2921.902100 778.792725 -27336.175781
v 2921.902100 777.888306 -27340.162109
v 2923.555420 779.875916 -27336.511719
v 2923.555420 778.971497 -27340.500000
v 2924.638916 780.434753 -27336.685547
v 2924.638916 779.530334 -27340.673828
v 2925.459473 780.195129 -27336.611328
v 2925.459473 779.290710 -27340.597656
v 2926.378906 779.565552 -27336.416016
v 2926.378906 778.661255 -27340.402344
v 2927.435059 778.957825 -27336.226562
v 2927.435059 778.053406 -27340.214844
v 2928.666016 778.783936 -27336.173828
v 2928.666016 777.879639 -27340.160156
v 2929.899414 779.203003 -27336.302734
v 2929.899414 778.298645 -27340.291016
v 2930.939209 779.890137 -27336.517578
v 2930.939209 778.985840 -27340.503906
v 2931.785400 780.530945 -27336.714844
v 2931.785400 779.626648 -27340.703125
v 2932.439209 780.811096 -27336.802734
v 2932.439209 779.906738 -27340.789062
v 2932.942139 780.630310 -27336.746094
v 2932.942139 779.725952 -27340.734375
v 2933.416748 780.237000 -27336.625000
v 2933.416748 779.332703 -27340.611328
v 2933.987061 779.840454 -27336.501953
v 2933.987061 778.936096 -27340.488281
v 2934.775879 779.649597 -27336.441406
v 2934.775879 778.745300 -27340.429688
v 2935.642822 779.721252 -27336.464844
v 2935.642822 778.816895 -27340.451172
v 2936.395264 779.886597 -27336.515625
v 2936.395264 778.982239 -27340.501953
v 2937.078125 780.016846 -27336.556641
v 2937.078125 779.112427 -27340.542969
v 2937.736572 779.982910 -27336.544922
v 2937.736572 779.078613 -27340.533203
v 2939.173584 778.982910 -27336.234375
v 2939.173584 778.078613 -27340.222656
v 2942.161865 776.989441 -27335.615234
v 2942.161865 776.085144 -27339.603516
v 2946.699707 775.035645 -27335.009766
v 2946.699707 774.131226 -27338.996094
v 2952.785400 774.154602 -27334.736328
v 2952.785400 773.250305 -27338.722656
v 2958.871338 775.035645 -27335.009766
v 2958.871338 774.131226 -27338.996094
v 2963.409180 776.989441 -27335.615234
v 2963.409180 776.085144 -27339.603516
v 2966.397461 778.982910 -27336.234375
v 2966.397461 778.078613 -27340.222656
v 2967.834473 779.982910 -27336.544922
v 2967.834473 779.078613 -27340.533203
v 2968.492920 780.016846 -27336.556641
v 2968.492920 779.112427 -27340.542969
v 2969.175781 779.886597 -27336.515625
v 2969.175781 778.982239 -27340.501953
v 2969.928223 779.721252 -27336.464844
v 2969.928223 778.816895 -27340.451172
v 2970.795166 779.649597 -27336.441406
v 2970.795166 778.745300 -27340.429688
v 2971.583984 779.840454 -27336.501953
v 2971.583984 778.936096 -27340.488281
v 2972.154297 780.237000 -27336.625000
v 2972.154297 779.332642 -27340.611328
v 2972.628906 780.630310 -27336.746094
v 2972.628906 779.725952 -27340.734375
v 2973.131836 780.811096 -27336.802734
v 2973.131836 779.906738 -27340.789062
v 2973.785645 780.530945 -27336.714844
v 2973.785645 779.626648 -27340.703125
v 2974.631836 779.890137 -27336.517578
v 2974.631836 778.985840 -27340.503906
v 2975.671631 779.203003 -27336.302734
v 2975.671631 778.298645 -27340.291016
v 2976.905029 778.783813 -27336.173828
v 2976.905029 777.879639 -27340.160156
v 2978.135986 778.957825 -27336.226562
v 2978.135986 778.053406 -27340.214844
v 2979.192139 779.565552 -27336.416016
v 2979.192139 778.661255 -27340.402344
v 2980.111572 780.195129 -27336.611328
v 2980.111572 779.290710 -27340.597656
v 2980.932129 780.434753 -27336.685547
v 2980.932129 779.530334 -27340.673828
v 2982.015625 779.875916 -27336.511719
v 2982.015625 778.971497 -27340.500000
v 2983.668945 778.792603 -27336.175781
v 2983.668945 777.888306 -27340.162109
v 2985.848389 777.796326 -27335.867188
v 2985.848389 776.892029 -27339.853516
v 2988.509766 777.498108 -27335.773438
v 2988.509766 776.593811 -27339.761719
v 2990.731689 778.188904 -27335.988281
v 2990.731689 777.284546 -27339.974609
v 2992.645264 779.432129 -27336.375000
v 2992.645264 778.527710 -27340.361328
v 2994.246582 780.612549 -27336.740234
v 2994.246582 779.708130 -27340.728516
v 2995.531250 781.114502 -27336.896484
v 2995.531250 780.210144 -27340.884766
v 2996.527344 780.772705 -27336.791016
v 2996.527344 779.868408 -27340.777344
v 2997.450195 780.101746 -27336.582031
v 2997.450195 779.197327 -27340.570312
v 2998.574951 779.505554 -27336.396484
v 2998.574951 778.601135 -27340.384766
v 3000.176758 779.388550 -27336.361328
v 3000.176758 778.484131 -27340.347656
v 3002.051758 779.962952 -27336.539062
v 3002.051758 779.058655 -27340.527344
v 3003.674072 781.169739 -27336.914062
v 3003.674072 780.265320 -27340.900391
v 3004.835693 783.005798 -27337.484375
v 3004.835693 782.101501 -27341.470703
v 3005.328125 785.468506 -27338.248047
v 3005.328125 784.564148 -27342.236328
v 3004.749268 787.876099 -27338.996094
v 3004.749268 786.971741 -27342.984375
v 3003.291016 789.704529 -27339.564453
v 3003.291016 788.800232 -27343.550781
v 3001.635742 791.187012 -27340.025391
v 3001.635742 790.282715 -27344.011719
v 3000.466064 792.556824 -27340.449219
v 3000.466064 791.652405 -27344.437500
v 3000.022461 793.740601 -27340.818359
v 3000.022461 792.836243 -27344.804688
v 2999.921143 794.659119 -27341.103516
v 2999.921143 793.754822 -27345.089844
v 2999.909424 795.536743 -27341.375000
v 2999.909424 794.632446 -27345.363281
v 2999.734375 796.597534 -27341.705078
v 2999.734375 795.693237 -27345.691406
v 2914.212402 889.610718 -27302.769531
v 2916.579590 887.815002 -27298.324219
v 2913.055664 889.458496 -27301.849609
v 2917.736328 887.967346 -27299.246094
v 2915.622559 887.516052 -27297.644531
v 2912.098633 889.159546 -27301.167969
v 2914.620850 887.318542 -27296.876953
v 2911.096924 888.962036 -27300.400391
v 2913.330078 887.470947 -27295.699219
v 2909.805908 889.114319 -27299.222656
v 2911.836182 888.499634 -27293.939453
v 2908.312256 890.143005 -27297.462891
v 2910.219482 890.118835 -27291.798828
v 2906.695557 891.762207 -27295.322266
v 2908.225586 891.358337 -27289.511719
v 2904.701660 893.001709 -27293.035156
v 2905.600098 891.248047 -27287.310547
v 2902.076172 892.891418 -27290.835938
v 2902.914551 889.726501 -27285.718750
v 2899.390625 891.369995 -27289.242188
v 2900.912354 887.560303 -27285.011719
v 2897.388184 889.203796 -27288.537109
v 2899.596436 885.020996 -27285.068359
v 2896.072266 886.664429 -27288.591797
v 2898.969971 882.379944 -27285.763672
v 2895.445801 884.023438 -27289.287109
v 2899.097412 880.341553 -27286.822266
v 2895.573486 881.984802 -27290.347656
v 2899.747559 879.094116 -27287.960938
v 2896.223633 880.737549 -27291.486328
v 2900.479492 878.135620 -27289.037109
v 2896.955566 879.779053 -27292.560547
v 2900.852051 876.964050 -27289.902344
v 2897.328125 878.607422 -27293.425781
v 2900.304688 875.115845 -27290.294922
v 2896.780762 876.759338 -27293.818359
v 2899.017578 872.613342 -27290.357422
v 2895.493408 874.256714 -27293.882812
v 2897.661621 869.682434 -27290.562500
v 2894.137695 871.325806 -27294.085938
v 2896.908447 866.549316 -27291.376953
v 2893.384521 868.192749 -27294.902344
v 2897.233643 863.199219 -27293.218750
v 2893.709717 864.842651 -27296.742188
v 2898.320068 860.725342 -27295.302734
v 2894.796143 862.368652 -27298.828125
v 2899.501465 858.965637 -27297.136719
v 2895.977539 860.608948 -27300.662109
v 2900.110840 857.758301 -27298.222656
v 2896.586670 859.401733 -27301.746094
v 2899.849609 856.606628 -27298.535156
v 2896.325439 858.250000 -27302.060547
v 2899.162842 855.186951 -27298.609375
v 2895.638916 856.830444 -27302.132812
v 2898.500244 853.597595 -27298.781250
v 2894.976318 855.240906 -27302.306641
v 2898.310547 851.936646 -27299.394531
v 2894.786621 853.580017 -27302.917969
v 2898.767578 850.484436 -27300.462891
v 2895.243652 852.127808 -27303.986328
v 2899.516846 849.380127 -27301.619141
v 2895.992920 851.023499 -27305.144531
v 2900.215820 848.510254 -27302.625000
v 2896.691650 850.153625 -27306.148438
v 2900.521240 847.761353 -27303.236328
v 2896.997314 849.404846 -27306.759766
v 2900.323975 847.043640 -27303.402344
v 2896.800049 848.687012 -27306.925781
v 2899.895264 846.286011 -27303.386719
v 2896.371338 847.929504 -27306.912109
v 2899.462646 845.403503 -27303.427734
v 2895.938721 847.046936 -27306.951172
v 2899.254639 844.310608 -27303.759766
v 2895.730713 845.954102 -27307.283203
v 2899.332764 843.210205 -27304.339844
v 2895.808838 844.853638 -27307.863281
v 2899.513184 842.292053 -27304.921875
v 2895.989014 843.935547 -27308.445312
v 2899.655029 841.451599 -27305.435547
v 2896.131104 843.094910 -27308.958984
v 2899.618164 840.584351 -27305.808594
v 2896.094238 842.227722 -27309.332031
v 2898.527832 838.359741 -27305.910156
v 2895.003662 840.003052 -27309.435547
v 2896.353760 833.764526 -27306.189453
v 2892.829834 835.407898 -27309.714844
v 2894.223145 827.170898 -27307.437500
v 2890.698975 828.814331 -27310.962891
v 2893.262451 818.950745 -27310.447266
v 2889.738525 820.594238 -27313.972656
v 2894.223145 811.361450 -27314.810547
v 2890.698975 813.004822 -27318.333984
v 2896.353760 806.167053 -27319.058594
v 2892.829834 807.810425 -27322.583984
v 2898.527832 802.999512 -27322.400391
v 2895.003662 804.643005 -27325.923828
v 2899.618164 801.491028 -27324.037109
v 2896.094238 803.134399 -27327.562500
v 2899.655029 800.648010 -27324.462891
v 2896.131104 802.291443 -27327.986328
v 2899.513184 799.714294 -27324.775391
v 2895.989014 801.357605 -27328.300781
v 2899.332764 798.677612 -27325.105469
v 2895.808838 800.321106 -27328.628906
v 2899.254639 797.526001 -27325.574219
v 2895.730713 799.169312 -27329.099609
v 2899.462646 796.569702 -27326.199219
v 2895.938721 798.213196 -27329.724609
v 2899.895264 795.971252 -27326.849609
v 2896.371338 797.614624 -27330.373047
v 2900.324219 795.495300 -27327.439453
v 2896.800049 797.138611 -27330.962891
v 2900.521240 794.907043 -27327.882812
v 2896.997314 796.550537 -27331.406250
v 2900.215820 793.957520 -27328.062500
v 2896.691650 795.600952 -27331.587891
v 2899.516846 792.628723 -27328.083984
v 2895.992920 794.272095 -27331.607422
v 2898.767578 791.032410 -27328.185547
v 2895.243652 792.675842 -27331.708984
v 2898.310547 789.280029 -27328.611328
v 2894.786621 790.923401 -27332.134766
v 2898.500244 787.743652 -27329.490234
v 2894.976318 789.387024 -27333.013672
v 2899.163086 786.589417 -27330.595703
v 2895.638916 788.232849 -27334.121094
v 2899.849609 785.620605 -27331.636719
v 2896.325684 787.264038 -27335.160156
v 2900.110840 784.640503 -27332.318359
v 2896.586914 786.283936 -27335.841797
v 2899.501465 783.033142 -27332.544922
v 2895.977539 784.676514 -27336.068359
v 2898.320312 780.497742 -27332.714844
v 2894.796143 782.141113 -27336.238281
v 2897.233643 777.310242 -27333.269531
v 2893.709717 778.953613 -27336.792969
v 2896.908447 773.746643 -27334.652344
v 2893.384521 775.389954 -27338.175781
v 2897.661865 771.108154 -27336.529297
v 2894.137695 772.751526 -27340.052734
v 2899.017578 769.067505 -27338.642578
v 2895.493652 770.710999 -27342.166016
v 2900.304688 767.410339 -27340.517578
v 2896.780762 769.053711 -27344.042969
v 2900.852051 765.921753 -27341.681641
v 2897.328125 767.565002 -27345.207031
v 2900.479492 764.505310 -27342.023438
v 2896.955566 766.148743 -27345.546875
v 2899.747559 763.066345 -27342.066406
v 2896.223633 764.709717 -27345.591797
v 2899.097412 761.391907 -27342.289062
v 2895.573486 763.035339 -27345.814453
v 2898.969971 759.269714 -27343.169922
v 2895.446045 760.913147 -27346.695312
v 2899.596436 757.040039 -27344.746094
v 2896.072266 758.683411 -27348.271484
v 2900.912354 755.364807 -27346.656250
v 2897.388428 757.008240 -27350.179688
v 2902.914551 754.513550 -27348.769531
v 2899.390625 756.157043 -27352.294922
v 2905.600098 754.755737 -27350.958984
v 2902.076172 756.399109 -27354.482422
v 2908.225586 756.369507 -27352.457031
v 2904.701660 758.013000 -27355.982422
v 2910.219727 758.918518 -27352.978516
v 2906.695557 760.561951 -27356.501953
v 2911.836182 761.599304 -27353.113281
v 2908.312256 763.242798 -27356.638672
v 2913.330078 763.609009 -27353.457031
v 2909.806152 765.252441 -27356.980469
v 2914.620850 764.609131 -27354.097656
v 2911.096924 766.252502 -27357.621094
v 2915.622559 765.069397 -27354.742188
v 2912.098633 766.712830 -27358.265625
v 2916.579590 765.398804 -27355.408203
v 2913.055664 767.042236 -27358.931641
v 2917.736328 766.006348 -27356.117188
v 2914.212402 767.649719 -27359.640625
v 2878.109375 883.765930 -27305.867188
v 2877.838623 884.308350 -27304.496094
v 2877.838623 879.498047 -27301.900391
v 2878.109375 878.955505 -27303.271484
v 2877.820312 884.757141 -27303.361328
v 2877.820312 879.946838 -27300.765625
v 2877.664062 885.226807 -27302.173828
v 2877.664062 880.416504 -27299.578125
v 2876.978516 885.832153 -27300.644531
v 2876.978516 881.021851 -27298.048828
v 2875.170898 886.532654 -27298.873047
v 2875.170898 881.722351 -27296.279297
v 2872.612549 887.290710 -27296.957031
v 2872.612549 882.480408 -27294.361328
v 2870.358643 888.225708 -27294.593750
v 2870.358643 883.415405 -27291.998047
v 2869.464111 889.456909 -27291.482422
v 2869.464111 884.646606 -27288.886719
v 2870.225342 890.716248 -27288.298828
v 2870.225342 885.905945 -27285.703125
v 2872.020508 891.655212 -27285.925781
v 2872.020508 886.844910 -27283.330078
v 2874.527832 892.272339 -27284.365234
v 2874.527832 887.462036 -27281.769531
v 2877.425537 892.566040 -27283.623047
v 2877.425537 887.755737 -27281.027344
v 2879.900879 892.506226 -27283.773438
v 2879.900879 887.695923 -27281.179688
v 2881.639160 892.201355 -27284.544922
v 2881.639160 887.391052 -27281.949219
v 2883.065674 891.858154 -27285.412109
v 2883.065674 887.047852 -27282.816406
v 2884.605225 891.683411 -27285.853516
v 2884.605225 886.873108 -27283.259766
v 2886.590332 891.940247 -27285.205078
v 2886.590332 887.129822 -27282.609375
v 2889.065186 892.543701 -27283.679688
v 2889.065186 887.733398 -27281.083984
v 2892.022949 893.179504 -27282.072266
v 2892.022949 888.369141 -27279.476562
v 2895.456543 893.532715 -27281.179688
v 2895.456543 888.722412 -27278.583984
v 2899.569824 893.380249 -27281.564453
v 2899.569824 888.569946 -27278.970703
v 2902.937988 892.870728 -27282.853516
v 2902.937988 888.060425 -27280.257812
v 2905.493408 892.316833 -27284.251953
v 2905.493408 887.506531 -27281.658203
v 2907.167969 892.031006 -27284.974609
v 2907.167969 887.220703 -27282.380859
v 2908.436279 892.153503 -27284.666016
v 2908.436279 887.343201 -27282.070312
v 2909.857178 892.475525 -27283.851562
v 2909.857178 887.665222 -27281.255859
v 2911.489502 892.786316 -27283.066406
v 2911.489502 887.976013 -27280.470703
v 2913.391602 892.875244 -27282.841797
v 2913.391602 888.064941 -27280.246094
v 2915.298096 892.660950 -27283.382812
v 2915.298096 887.850647 -27280.789062
v 2916.905029 892.309509 -27284.271484
v 2916.905029 887.499207 -27281.675781
v 2918.212891 891.981812 -27285.099609
v 2918.212891 887.171509 -27282.503906
v 2919.223389 891.838501 -27285.460938
v 2919.223389 887.028198 -27282.867188
v 2920.000488 891.931030 -27285.228516
v 2920.000488 887.120728 -27282.632812
v 2920.734131 892.132141 -27284.718750
v 2920.734131 887.321838 -27282.125000
v 2921.615479 892.334900 -27284.207031
v 2921.615479 887.524597 -27281.611328
v 2922.834473 892.432495 -27283.960938
v 2922.834473 887.622253 -27281.365234
v 2924.174316 892.395813 -27284.052734
v 2924.174316 887.585510 -27281.458984
v 2925.337402 892.311340 -27284.267578
v 2925.337402 887.501038 -27281.671875
v 2926.392822 892.244751 -27284.435547
v 2926.392822 887.434448 -27281.839844
v 2927.410400 892.262146 -27284.390625
v 2927.410400 887.451843 -27281.796875
v 2929.631348 892.773438 -27283.099609
v 2929.631348 887.963135 -27280.503906
v 2934.249512 893.792847 -27280.521484
v 2934.249512 888.982544 -27277.927734
v 2941.262695 894.792053 -27277.996094
v 2941.262695 889.981750 -27275.402344
v 2950.668457 895.242554 -27276.857422
v 2950.668457 890.432129 -27274.263672
v 2960.073975 894.792053 -27277.996094
v 2960.073975 889.981750 -27275.402344
v 2967.087158 893.792847 -27280.521484
v 2967.087158 888.982544 -27277.927734
v 2971.705322 892.773438 -27283.099609
v 2971.705322 887.963135 -27280.503906
v 2973.926270 892.262146 -27284.390625
v 2973.926270 887.451843 -27281.796875
v 2974.943848 892.244751 -27284.435547
v 2974.943848 887.434448 -27281.839844
v 2975.999268 892.311340 -27284.267578
v 2975.999268 887.501038 -27281.671875
v 2977.162354 892.395813 -27284.052734
v 2977.162354 887.585510 -27281.457031
v 2978.502197 892.432495 -27283.960938
v 2978.502197 887.622253 -27281.365234
v 2979.721191 892.334900 -27284.207031
v 2979.721191 887.524597 -27281.611328
v 2980.602539 892.132141 -27284.718750
v 2980.602539 887.321838 -27282.125000
v 2981.336426 891.931030 -27285.228516
v 2981.336426 887.120728 -27282.632812
v 2982.113281 891.838501 -27285.460938
v 2982.113281 887.028198 -27282.867188
v 2983.123779 891.981812 -27285.099609
v 2983.123779 887.171509 -27282.503906
v 2984.431641 892.309509 -27284.271484
v 2984.431641 887.499207 -27281.675781
v 2986.038574 892.660950 -27283.382812
v 2986.038574 887.850647 -27280.789062
v 2987.945068 892.875244 -27282.841797
v 2987.945068 888.064941 -27280.246094
v 2989.847168 892.786316 -27283.066406
v 2989.847168 887.976013 -27280.470703
v 2991.479492 892.475525 -27283.851562
v 2991.479492 887.665222 -27281.255859
v 2992.900391 892.153503 -27284.666016
v 2992.900391 887.343201 -27282.070312
v 2994.168701 892.031006 -27284.974609
v 2994.168701 887.220703 -27282.380859
v 2995.843262 892.316833 -27284.251953
v 2995.843262 887.506409 -27281.658203
v 2998.398682 892.870728 -27282.853516
v 2998.398682 888.060425 -27280.257812
v 3001.766846 893.380249 -27281.564453
v 3001.766846 888.569946 -27278.970703
v 3005.880127 893.532715 -27281.179688
v 3005.880127 888.722412 -27278.583984
v 3009.313721 893.179504 -27282.072266
v 3009.313721 888.369141 -27279.476562
v 3012.271484 892.543701 -27283.679688
v 3012.271484 887.733398 -27281.083984
v 3014.746338 891.940247 -27285.205078
v 3014.746338 887.129822 -27282.609375
v 3016.731445 891.683411 -27285.853516
v 3016.731445 886.873108 -27283.259766
v 3018.270996 891.858215 -27285.412109
v 3018.270996 887.047852 -27282.816406
v 3019.697510 892.201355 -27284.544922
v 3019.697510 887.391052 -27281.949219
v 3021.435791 892.506226 -27283.773438
v 3021.435791 887.695923 -27281.179688
v 3023.911133 892.566040 -27283.623047
v 3023.911133 887.755737 -27281.027344
v 3026.808838 892.272339 -27284.365234
v 3026.808838 887.462036 -27281.769531
v 3029.316162 891.655212 -27285.925781
v 3029.316162 886.844910 -27283.330078
v 3031.111328 890.716248 -27288.298828
v 3031.111328 885.905945 -27285.703125
v 3031.872559 889.456909 -27291.482422
v 3031.872559 884.646606 -27288.886719
v 3030.978027 888.225708 -27294.593750
v 3030.978027 883.415405 -27291.998047
v 3028.724121 887.290710 -27296.957031
v 3028.724121 882.480408 -27294.361328
v 3026.165771 886.532654 -27298.873047
v 3026.165771 881.722351 -27296.279297
v 3024.358154 885.832153 -27300.644531
v 3024.358154 881.021851 -27298.048828
v 3023.672607 885.226807 -27302.173828
v 3023.672607 880.416504 -27299.578125
v 3023.516357 884.757141 -27303.361328
v 3023.516357 879.946838 -27300.765625
v 3023.498047 884.308350 -27304.496094
v 3023.498047 879.498047 -27301.900391
v 3023.227295 883.765808 -27305.867188
v 3023.227295 878.955505 -27303.271484
v 2914.711670 795.973328 -27345.667969
v 2986.625000 881.133118 -27305.957031
v 2914.711670 881.133118 -27305.957031
v 2986.625000 795.973328 -27345.667969
v 2986.625000 794.543152 -27342.601562
v 2914.711670 794.543152 -27342.601562
v 2986.625000 879.702942 -27302.890625
v 2914.711670 879.702942 -27302.890625
vn -0.0696 0.9257 0.3719
vn -0.1284 0.9364 0.3266
vn -0.0484 0.9205 0.3877
vn -0.1828 0.9417 0.2824
vn -0.4003 0.9127 0.0824
vn -0.5510 0.8301 -0.0853
vn -0.5415 0.8375 -0.0737
vn -0.3461 0.9283 0.1361
vn -0.0152 0.9111 0.4118
vn 0.2928 0.7455 0.5987
vn 0.5362 0.4892 0.6879
vn 0.5362 0.4892 0.6878
vn 0.7043 0.1787 0.6871
vn 0.7847 -0.1560 0.6000
vn 0.7587 -0.5003 0.4172
vn 0.6694 -0.7006 0.2472
vn 0.7002 -0.6489 0.2977
vn 0.7895 -0.2401 0.5648
vn 0.6911 0.2115 0.6911
vn 0.6487 0.3038 0.6978
vn 0.7145 0.1512 0.6831
vn 0.7861 -0.1720 0.5937
vn 0.7609 -0.4923 0.4227
vn 0.6909 -0.6657 0.2819
vn 0.6817 -0.6813 0.2667
vn 0.7860 -0.3452 0.5129
vn 0.7134 0.1544 0.6835
vn 0.6680 0.2639 0.6958
vn 0.7466 0.0502 0.6634
vn 0.7862 -0.3430 0.5140
vn 0.7087 -0.6324 0.3127
vn 0.6440 -0.7360 0.2089
vn 0.6823 -0.6803 0.2677
vn 0.7893 -0.2862 0.5432
vn 0.6855 0.2249 0.6925
vn 0.6282 0.3429 0.6984
vn 0.7199 0.1360 0.6806
vn 0.7873 -0.1882 0.5871
vn 0.7808 -0.3916 0.4868
vn 0.7735 -0.4365 0.4595
vn 0.7878 -0.3209 0.5257
vn 0.7470 0.0486 0.6630
vn 0.6521 0.2971 0.6975
vn 0.6936 0.2056 0.6904
vn 0.7598 -0.0027 0.6501
vn 0.7897 -0.2593 0.5560
vn 0.7598 -0.4963 0.4199
vn 0.6936 -0.6610 0.2863
vn 0.6521 -0.7253 0.2208
vn 0.7470 -0.5392 0.3889
vn 0.7878 -0.1965 0.5837
vn 0.7735 -0.0714 0.6298
vn 0.7808 -0.1212 0.6129
vn 0.7873 -0.3288 0.5216
vn 0.7199 -0.6088 0.3333
vn 0.6282 -0.7554 0.1863
vn 0.6855 -0.6750 0.2729
vn 0.7893 -0.2321 0.5684
vn 0.6823 0.2322 0.6932
vn 0.6440 0.3131 0.6980
vn 0.7087 0.1670 0.6855
vn 0.7862 -0.1733 0.5932
vn 0.7466 -0.5405 0.3880
vn 0.7465 -0.5405 0.3880
vn 0.6680 -0.7026 0.2451
vn 0.7134 -0.6228 0.3211
vn 0.7860 -0.1710 0.5941
vn 0.6817 0.2337 0.6933
vn 0.6909 0.2120 0.6911
vn 0.7609 -0.0074 0.6488
vn 0.7861 -0.3442 0.5134
vn 0.7146 -0.6204 0.3233
vn 0.6487 -0.7298 0.2158
vn 0.6911 -0.6653 0.2822
vn 0.7895 -0.2784 0.5470
vn 0.7002 0.1890 0.6884
vn 0.7002 0.1890 0.6885
vn 0.6694 0.2610 0.6956
vn 0.7587 0.0020 0.6514
vn 0.7847 -0.3593 0.5051
vn 0.7043 -0.6412 0.3048
vn 0.5362 -0.8414 0.0674
vn 0.2928 -0.9379 -0.1863
vn 0.2928 -0.9378 -0.1863
vn -0.0152 -0.9012 -0.4332
vn -0.3461 -0.7010 -0.6236
vn -0.5415 -0.4819 -0.6889
vn -0.5510 -0.4682 -0.6908
vn -0.4003 -0.6498 -0.6462
vn -0.1828 -0.8217 -0.5398
vn -0.0484 -0.8887 -0.4559
vn -0.0696 -0.8799 -0.4700
vn -0.1284 -0.8521 -0.5074
vn -0.7897 0.2593 -0.5560
vn 0.6715 0.3132 -0.6716
vn 0.6714 0.3141 -0.6712
vn 0.6714 0.3132 -0.6716
vn -0.6715 -0.3132 0.6716
vn -0.6715 -0.3142 0.6712
vn -0.6714 -0.3132 0.6716
vn -0.9966 0.0824 -0.0085
vn -0.9976 0.0686 -0.0063
vn -0.9897 0.1417 -0.0184
vn -0.9897 0.1416 -0.0184
vn -0.9989 0.0473 -0.0027
vn -0.9984 0.0561 -0.0042
vn -0.9809 0.1928 -0.0268
vn -0.9762 0.2148 -0.0305
vn -0.8917 0.4473 -0.0693
vn -0.8779 0.4732 -0.0736
vn -0.7569 0.6454 -0.1027
vn -0.7502 0.6530 -0.1040
vn -0.7601 0.6417 -0.1021
vn -0.7684 0.6320 -0.1004
vn -0.9087 0.4127 -0.0635
vn -0.9239 0.3783 -0.0577
vn -0.9994 0.0342 -0.0006
vn -1.0000 -0.0051 0.0060
vn -0.9457 -0.3200 0.0577
vn -0.9347 -0.3500 0.0626
vn -0.7773 -0.6201 0.1063
vn -0.7594 -0.6412 0.1098
vn -0.5009 -0.8535 0.1435
vn -0.4855 -0.8622 0.1448
vn -0.1309 -0.9780 0.1622
vn -0.1259 -0.9787 0.1622
vn 0.3083 -0.9389 0.1534
vn 0.2951 -0.9429 0.1542
vn 0.5748 -0.8078 0.1305
vn 0.5678 -0.8126 0.1312
vn 0.4932 -0.8587 0.1392
vn 0.5070 -0.8508 0.1379
vn -0.0263 -0.9863 0.1629
vn -0.0280 -0.9862 0.1629
vn -0.5198 -0.8424 0.1418
vn -0.5321 -0.8349 0.1406
vn -0.6151 -0.7774 0.1315
vn -0.6121 -0.7797 0.1319
vn -0.4722 -0.8693 0.1459
vn -0.4602 -0.8756 0.1469
vn -0.1116 -0.9804 0.1624
vn -0.1069 -0.9809 0.1625
vn 0.2968 -0.9424 0.1540
vn 0.2871 -0.9454 0.1546
vn 0.5273 -0.8387 0.1358
vn 0.5201 -0.8431 0.1366
vn 0.5426 -0.8292 0.1341
vn 0.5476 -0.8260 0.1336
vn 0.0970 -0.9821 0.1617
vn 0.1055 -0.9812 0.1615
vn -0.4622 -0.8746 0.1468
vn -0.4760 -0.8673 0.1456
vn -0.5787 -0.8042 0.1357
vn -0.5749 -0.8068 0.1362
vn -0.3674 -0.9174 0.1533
vn -0.3537 -0.9226 0.1541
vn 0.1024 -0.9815 0.1615
vn 0.0971 -0.9821 0.1617
vn 0.4840 -0.8638 0.1402
vn 0.4724 -0.8700 0.1413
vn 0.6219 -0.7732 0.1245
vn 0.6186 -0.7757 0.1249
vn 0.5371 -0.8327 0.1347
vn 0.5489 -0.8251 0.1335
vn 0.0274 -0.9863 0.1627
vn 0.0300 -0.9862 0.1627
vn -0.5300 -0.8362 0.1408
vn -0.5465 -0.8259 0.1392
vn -0.6506 -0.7487 0.1269
vn -0.6463 -0.7523 0.1275
vn -0.4579 -0.8768 0.1471
vn -0.4422 -0.8846 0.1483
vn -0.0917 -0.9824 0.1627
vn -0.0886 -0.9827 0.1627
vn 0.1634 -0.9735 0.1599
vn 0.1610 -0.9739 0.1600
vn 0.2199 -0.9627 0.1578
vn 0.2206 -0.9625 0.1578
vn 0.0715 -0.9842 0.1621
vn 0.0735 -0.9840 0.1621
vn -0.3472 -0.9250 0.1545
vn -0.3669 -0.9176 0.1533
vn -0.6080 -0.7828 0.1323
vn -0.6070 -0.7836 0.1324
vn -0.5249 -0.8393 0.1412
vn -0.5164 -0.8445 0.1421
vn -0.3080 -0.9384 0.1565
vn -0.2997 -0.9410 0.1569
vn -0.0040 -0.9866 0.1629
vn -0.0039 -0.9866 0.1629
vn 0.3017 -0.9409 0.1538
vn 0.2934 -0.9435 0.1543
vn 0.5216 -0.8422 0.1364
vn 0.5130 -0.8473 0.1373
vn 0.6060 -0.7853 0.1266
vn 0.6050 -0.7861 0.1267
vn 0.3414 -0.9276 0.1515
vn 0.3613 -0.9203 0.1501
vn -0.0793 -0.9835 0.1627
vn -0.0814 -0.9833 0.1627
vn -0.2270 -0.9607 0.1598
vn -0.2277 -0.9605 0.1597
vn -0.1709 -0.9720 0.1614
vn -0.1685 -0.9724 0.1614
vn 0.0838 -0.9832 0.1619
vn 0.0807 -0.9835 0.1620
vn 0.4535 -0.8797 0.1430
vn 0.4376 -0.8875 0.1443
vn 0.6493 -0.7509 0.1207
vn 0.6450 -0.7545 0.1213
vn 0.5268 -0.8390 0.1358
vn 0.5434 -0.8287 0.1341
vn -0.0353 -0.9860 0.1629
vn -0.0380 -0.9859 0.1630
vn -0.5403 -0.8298 0.1397
vn -0.5519 -0.8223 0.1386
vn -0.6236 -0.7708 0.1304
vn -0.6204 -0.7733 0.1308
vn -0.4880 -0.8608 0.1446
vn -0.4765 -0.8670 0.1456
vn -0.1102 -0.9805 0.1624
vn -0.1049 -0.9811 0.1626
vn 0.3617 -0.9201 0.1500
vn 0.3478 -0.9253 0.1510
vn 0.5762 -0.8068 0.1303
vn 0.5723 -0.8096 0.1307
vn 0.4579 -0.8775 0.1425
vn 0.4719 -0.8702 0.1413
vn -0.1048 -0.9811 0.1626
vn -0.1133 -0.9802 0.1624
vn -0.5457 -0.8264 0.1391
vn -0.5506 -0.8232 0.1387
vn -0.5306 -0.8359 0.1407
vn -0.5235 -0.8402 0.1414
vn -0.3032 -0.9399 0.1567
vn -0.2935 -0.9429 0.1572
vn 0.1038 -0.9814 0.1615
vn 0.0991 -0.9819 0.1616
vn 0.4680 -0.8723 0.1417
vn 0.4559 -0.8785 0.1427
vn 0.6132 -0.7799 0.1256
vn 0.6102 -0.7822 0.1260
vn 0.5164 -0.8453 0.1370
vn 0.5289 -0.8378 0.1356
vn 0.0183 -0.9865 0.1628
vn 0.0201 -0.9865 0.1628
vn -0.4970 -0.8558 0.1438
vn -0.5106 -0.8479 0.1426
vn -0.5773 -0.8052 0.1358
vn -0.5704 -0.8099 0.1366
vn -0.3146 -0.9363 0.1561
vn -0.3015 -0.9405 0.1568
vn 0.1232 -0.9792 0.1611
vn 0.1181 -0.9798 0.1612
vn 0.4972 -0.8564 0.1389
vn 0.4815 -0.8651 0.1404
vn 0.7779 -0.6206 0.0985
vn 0.7598 -0.6420 0.1022
vn 0.9474 -0.3166 0.0474
vn 0.9364 -0.3470 0.0525
vn 0.9992 0.0392 -0.0116
vn 1.0000 -0.0000 -0.0051
vn 0.9069 0.4150 -0.0732
vn 0.9221 0.3810 -0.0676
vn 0.7597 0.6409 -0.1097
vn 0.7679 0.6314 -0.1081
vn 0.7565 0.6446 -0.1103
vn 0.7499 0.6521 -0.1115
vn 0.8900 0.4491 -0.0786
vn 0.8762 0.4747 -0.0828
vn 0.9796 0.1973 -0.0376
vn 0.9749 0.2190 -0.0411
vn 0.9985 0.0524 -0.0137
vn 0.9980 0.0611 -0.0151
vn 0.9960 0.0873 -0.0195
vn 0.9971 0.0738 -0.0173
vn 0.9888 0.1464 -0.0292
vn 0.9888 0.1465 -0.0292
vn 0.0039 0.9866 -0.1629
vn 0.0040 0.9866 -0.1629
vn 0.0049 -0.3555 -0.9347
vn 0.0049 -0.3555 -0.9346
vn 0.0049 -0.3556 -0.9346
vn -0.0049 0.3555 0.9346
vn -0.0049 0.3555 0.9347
vn -0.0049 0.3556 0.9346
vn -0.0049 0.3554 0.9347
vn -0.0050 0.3554 0.9347
vn 0.0704 0.9259 0.3712
vn 0.0704 0.9259 0.3711
vn 0.1297 0.9368 0.3251
vn 0.0490 0.9207 0.3871
vn 0.0490 0.9207 0.3872
vn 0.1847 0.9420 0.2802
vn 0.4035 0.9117 0.0778
vn 0.4035 0.9117 0.0777
vn 0.5537 0.8278 -0.0908
vn 0.5442 0.8352 -0.0792
vn 0.3491 0.9278 0.1319
vn 0.3491 0.9277 0.1320
vn 0.0154 0.9112 0.4117
vn -0.2956 0.7427 0.6009
vn -0.5390 0.4835 0.6897
vn -0.7049 0.1732 0.6879
vn -0.7049 0.1732 0.6878
vn -0.7834 -0.1580 0.6011
vn -0.7582 -0.4983 0.4206
vn -0.6706 -0.6976 0.2523
vn -0.7009 -0.6460 0.3024
vn -0.7009 -0.6460 0.3025
vn -0.7881 -0.2411 0.5663
vn -0.6920 0.2059 0.6920
vn -0.6502 0.2979 0.6989
vn -0.7149 0.1459 0.6838
vn -0.7848 -0.1739 0.5948
vn -0.7848 -0.1739 0.5949
vn -0.7602 -0.4904 0.4261
vn -0.6917 -0.6628 0.2868
vn -0.6826 -0.6784 0.2716
vn -0.6827 -0.6784 0.2716
vn -0.7847 -0.3448 0.5151
vn -0.7138 0.1491 0.6843
vn -0.6693 0.2581 0.6968
vn -0.7462 0.0459 0.6641
vn -0.7849 -0.3427 0.5162
vn -0.7849 -0.3427 0.5163
vn -0.7092 -0.6296 0.3172
vn -0.6456 -0.7330 0.2142
vn -0.6833 -0.6773 0.2727
vn -0.7880 -0.2866 0.5449
vn -0.6864 0.2192 0.6934
vn -0.6300 0.3368 0.6997
vn -0.7202 0.1308 0.6813
vn -0.7859 -0.1899 0.5884
vn -0.7797 -0.3907 0.4893
vn -0.7797 -0.3907 0.4894
vn -0.7726 -0.4351 0.4624
vn -0.7865 -0.3209 0.5277
vn -0.7467 0.0443 0.6637
vn -0.6535 0.2911 0.6987
vn -0.6944 0.2000 0.6912
vn -0.6944 0.2000 0.6913
vn -0.7592 -0.0065 0.6508
vn -0.7883 -0.2601 0.5576
vn -0.7592 -0.4943 0.4234
vn -0.6944 -0.6581 0.2911
vn -0.6535 -0.7224 0.2260
vn -0.6536 -0.7223 0.2260
vn -0.7467 -0.5369 0.3927
vn -0.7467 -0.5368 0.3927
vn -0.7865 -0.1981 0.5850
vn -0.7725 -0.0745 0.6306
vn -0.7797 -0.1238 0.6138
vn -0.7860 -0.3287 0.5237
vn -0.7860 -0.3287 0.5236
vn -0.7202 -0.6060 0.3377
vn -0.6300 -0.7526 0.1917
vn -0.6300 -0.7525 0.1916
vn -0.6864 -0.6721 0.2778
vn -0.7880 -0.2332 0.5699
vn -0.7879 -0.2332 0.5699
vn -0.6833 0.2265 0.6941
vn -0.6456 0.3071 0.6992
vn -0.7092 0.1616 0.6862
vn -0.7849 -0.1751 0.5944
vn -0.7462 -0.5382 0.3917
vn -0.6693 -0.6996 0.2502
vn -0.7138 -0.6200 0.3256
vn -0.7847 -0.1729 0.5953
vn -0.7847 -0.1729 0.5952
vn -0.6827 0.2279 0.6943
vn -0.6918 0.2064 0.6920
vn -0.7602 -0.0112 0.6496
vn -0.7848 -0.3439 0.5156
vn -0.7150 -0.6176 0.3278
vn -0.6502 -0.7269 0.2211
vn -0.6920 -0.6624 0.2871
vn -0.7881 -0.2789 0.5487
vn -0.7881 -0.2788 0.5488
vn -0.7009 0.1835 0.6892
vn -0.6706 0.2551 0.6966
vn -0.7582 -0.0019 0.6521
vn -0.7582 -0.0019 0.6520
vn -0.7834 -0.3589 0.5074
vn -0.7049 -0.6383 0.3094
vn -0.5390 -0.8391 0.0729
vn -0.2956 -0.9377 -0.1827
vn 0.0154 -0.9011 -0.4334
vn 0.3491 -0.6975 -0.6258
vn 0.5442 -0.4762 -0.6907
vn 0.5537 -0.4625 -0.6925
vn 0.5537 -0.4625 -0.6924
vn 0.4034 -0.6455 -0.6485
vn 0.1847 -0.8201 -0.5416
vn 0.1847 -0.8201 -0.5415
vn 0.0490 -0.8884 -0.4564
vn 0.0490 -0.8884 -0.4565
vn 0.0704 -0.8794 -0.4708
vn 0.1298 -0.8511 -0.5087
vn 0.1298 -0.8511 -0.5086
vn 0.7883 0.2600 -0.5577
vn 0.7883 0.2601 -0.5576
vn 0.7883 0.2601 -0.5577
vn -0.6698 0.3138 -0.6730
vn -0.6698 0.3129 -0.6734
vn -0.6697 0.3138 -0.6730
vn -0.6699 0.3138 -0.6729
vn 0.6698 -0.3138 0.6730
vn 0.6697 -0.3139 0.6731
vn -0.9969 -0.0459 -0.0646
vn -0.9951 -0.0564 -0.0816
vn -0.9859 -0.0922 -0.1397
vn -0.9977 -0.0398 -0.0548
vn -0.9985 -0.0330 -0.0437
vn -0.9671 -0.1378 -0.2137
vn -0.9748 -0.1214 -0.1871
vn -0.8428 -0.2864 -0.4556
vn -0.8630 -0.2693 -0.4276
vn -0.6952 -0.3808 -0.6097
vn -0.7036 -0.3764 -0.6027
vn -0.7168 -0.3696 -0.5913
vn -0.7062 -0.3751 -0.6005
vn -0.9039 -0.2287 -0.3616
vn -0.8810 -0.2525 -0.4002
vn -0.9999 0.0020 0.0129
vn -0.9990 -0.0282 -0.0360
vn -0.9136 0.2097 0.3485
vn -0.9306 0.1883 0.3139
vn -0.7082 0.3679 0.6025
vn -0.7312 0.3554 0.5823
vn -0.4311 0.4723 0.7688
vn -0.4473 0.4681 0.7621
vn -0.1091 0.5219 0.8460
vn -0.1137 0.5216 0.8456
vn 0.2571 0.5090 0.8215
vn 0.2699 0.5072 0.8185
vn 0.5071 0.4551 0.7319
vn 0.5148 0.4528 0.7280
vn 0.4514 0.4709 0.7579
vn 0.4369 0.4746 0.7641
vn -0.0253 0.5252 0.8506
vn -0.0236 0.5253 0.8506
vn -0.4757 0.4602 0.7496
vn -0.4627 0.4640 0.7554
vn -0.5517 0.4359 0.7110
vn -0.5550 0.4348 0.7092
vn -0.4065 0.4784 0.7784
vn -0.4188 0.4754 0.7737
vn -0.0928 0.5229 0.8473
vn -0.0973 0.5227 0.8470
vn 0.2488 0.5101 0.8234
vn 0.2582 0.5088 0.8212
vn 0.4610 0.4684 0.7537
vn 0.4687 0.4662 0.7503
vn 0.4879 0.4608 0.7413
vn 0.4824 0.4624 0.7439
vn 0.0940 0.5237 0.8467
vn 0.0857 0.5240 0.8474
vn -0.4233 0.4743 0.7719
vn -0.4089 0.4778 0.7775
vn -0.5147 0.4484 0.7307
vn -0.5189 0.4470 0.7286
vn -0.3101 0.4982 0.8097
vn -0.3236 0.4959 0.8059
vn 0.0838 0.5241 0.8475
vn 0.0888 0.5239 0.8471
vn 0.4168 0.4796 0.7722
vn 0.4289 0.4766 0.7674
vn 0.5573 0.4388 0.7049
vn 0.5610 0.4375 0.7028
vn 0.4909 0.4600 0.7399
vn 0.4782 0.4636 0.7459
vn 0.0265 0.5254 0.8504
vn 0.0239 0.5255 0.8505
vn -0.4913 0.4556 0.7423
vn -0.4736 0.4608 0.7506
vn -0.5864 0.4232 0.6907
vn -0.5912 0.4213 0.6877
vn -0.3911 0.4820 0.7841
vn -0.4072 0.4782 0.7781
vn -0.0767 0.5236 0.8485
vn -0.0795 0.5235 0.8483
vn 0.1376 0.5211 0.8423
vn 0.1399 0.5210 0.8420
vn 0.1891 0.5169 0.8349
vn 0.1885 0.5170 0.8350
vn 0.0627 0.5248 0.8489
vn 0.0608 0.5248 0.8491
vn -0.3270 0.4952 0.8049
vn -0.3073 0.4988 0.8104
vn -0.5466 0.4377 0.7139
vn -0.5477 0.4374 0.7133
vn -0.4587 0.4650 0.7572
vn -0.4677 0.4625 0.7532
vn -0.2605 0.5063 0.8221
vn -0.2683 0.5051 0.8203
vn -0.0038 0.5255 0.8508
vn 0.2539 0.5094 0.8222
vn 0.2619 0.5084 0.8204
vn 0.4545 0.4701 0.7566
vn 0.4636 0.4677 0.7525
vn 0.5437 0.4434 0.7126
vn 0.5448 0.4430 0.7120
vn 0.3211 0.4992 0.8048
vn 0.3012 0.5024 0.8105
vn -0.0704 0.5240 0.8488
vn -0.0685 0.5240 0.8490
vn -0.1962 0.5145 0.8348
vn -0.1956 0.5146 0.8348
vn -0.1450 0.5194 0.8421
vn -0.1473 0.5192 0.8419
vn 0.0690 0.5246 0.8486
vn 0.0718 0.5245 0.8484
vn 0.3858 0.4865 0.7839
vn 0.4022 0.4829 0.7778
vn 0.5840 0.4291 0.6890
vn 0.5891 0.4273 0.6859
vn 0.4876 0.4610 0.7415
vn 0.4696 0.4660 0.7499
vn -0.0342 0.5251 0.8504
vn -0.0317 0.5251 0.8504
vn -0.4946 0.4546 0.7407
vn -0.4821 0.4583 0.7467
vn -0.5599 0.4330 0.7064
vn -0.5636 0.4317 0.7043
vn -0.4216 0.4747 0.7726
vn -0.4334 0.4717 0.7679
vn -0.0914 0.5229 0.8475
vn -0.0963 0.5227 0.8471
vn 0.3040 0.5020 0.8097
vn 0.3177 0.4997 0.8058
vn 0.5113 0.4539 0.7298
vn 0.5156 0.4526 0.7275
vn 0.4184 0.4791 0.7716
vn 0.4039 0.4825 0.7772
vn -0.1017 0.5224 0.8466
vn -0.0933 0.5228 0.8473
vn -0.4916 0.4555 0.7422
vn -0.4863 0.4571 0.7447
vn -0.4652 0.4632 0.7544
vn -0.4728 0.4610 0.7510
vn -0.2555 0.5070 0.8232
vn -0.2649 0.5056 0.8211
vn 0.0851 0.5240 0.8475
vn 0.0896 0.5238 0.8471
vn 0.4016 0.4830 0.7781
vn 0.4141 0.4801 0.7733
vn 0.5489 0.4417 0.7097
vn 0.5522 0.4405 0.7078
vn 0.4718 0.4654 0.7489
vn 0.4585 0.4690 0.7549
vn 0.0175 0.5255 0.8506
vn 0.0158 0.5255 0.8506
vn -0.4557 0.4658 0.7585
vn -0.4414 0.4697 0.7646
vn -0.5106 0.4496 0.7329
vn -0.5182 0.4472 0.7290
vn -0.2638 0.5058 0.8214
vn -0.2763 0.5039 0.8184
vn 0.1014 0.5233 0.8461
vn 0.1062 0.5230 0.8457
vn 0.4265 0.4772 0.7684
vn 0.4429 0.4731 0.7616
vn 0.7079 0.3743 0.5990
vn 0.7312 0.3617 0.5784
vn 0.9153 0.2156 0.3402
vn 0.9323 0.1940 0.3051
vn 1.0000 0.0071 0.0019
vn 0.9986 -0.0230 -0.0470
vn 0.9021 -0.2228 -0.3695
vn 0.8794 -0.2465 -0.4074
vn 0.7171 -0.3632 -0.5949
vn 0.7066 -0.3688 -0.6039
vn 0.6958 -0.3745 -0.6129
vn 0.7041 -0.3701 -0.6060
vn 0.8415 -0.2803 -0.4618
vn 0.8615 -0.2632 -0.4343
vn 0.9657 -0.1324 -0.2236
vn 0.9735 -0.1160 -0.1972
vn 0.9972 -0.0346 -0.0656
vn 0.9981 -0.0278 -0.0547
vn 0.9963 -0.0407 -0.0755
vn 0.9944 -0.0511 -0.0925
vn 0.9848 -0.0868 -0.1502
vn 0.0038 -0.5256 -0.8507
vn 0.0048 0.9510 -0.3091
vn 0.0048 0.9510 -0.3092
vn 0.0048 0.9510 -0.3093
vn 0.0049 0.9510 -0.3091
vn -0.0048 -0.9510 0.3091
vn -0.0048 -0.9510 0.3092
vn -0.0049 -0.9510 0.3091
vn -0.0049 -0.9510 0.3092
vn 0.0070 0.4226 -0.9063
vn 0.0071 0.4226 -0.9063
vn -0.0000 -0.9063 -0.4227
vn 1.0000 0.0026 -0.0055
vn -0.0000 0.9063 0.4227
vn -1.0000 -0.0026 0.0055
vn -0.0071 -0.4226 0.9063
vn -0.0070 -0.4226 0.9063
vt 6547.573242 -1039.322266
vt 6533.956055 -1121.958618
vt 6548.482910 -970.961914
vt 6556.343750 -899.408997
vt 6590.816406 -807.195618
vt 6681.699219 -700.493225
vt 6810.321777 -585.008484
vt 6923.641602 -442.575104
vt 6968.617188 -255.026901
vt 6930.349609 -63.191898
vt 6840.090820 79.840599
vt 6714.024414 173.844498
vt 6568.332031 218.593597
vt 6443.876953 209.479004
vt 6356.480957 163.037399
vt 6284.766602 110.760803
vt 6207.355469 84.141602
vt 6107.545898 123.247902
vt 5983.115723 215.193802
vt 5834.410156 312.039886
vt 5661.773438 365.847198
vt 5454.969238 342.617889
vt 5285.622559 265.004303
vt 5157.146973 180.624695
vt 5072.955566 137.097305
vt 5009.188477 155.757706
vt 4937.745117 204.802597
vt 4855.677734 252.142899
vt 4760.038086 265.688995
vt 4664.184082 233.041794
vt 4583.400879 179.517807
vt 4517.634766 129.600693
vt 4466.832031 107.774300
vt 4427.769043 121.859596
vt 4390.873535 152.494400
vt 4346.568359 183.387894
vt 4285.277344 198.249603
vt 4217.911621 192.670105
vt 4159.439941 179.791901
vt 4106.370605 169.651505
vt 4055.212891 172.285294
vt 3943.544434 250.181000
vt 3711.349121 405.475403
vt 3358.745605 557.677979
vt 2885.851562 626.299011
vt 2412.957520 557.677979
vt 2060.354004 405.475311
vt 1828.158813 250.181107
vt 1716.490234 172.285294
vt 1665.332397 169.651505
vt 1612.263184 179.792007
vt 1553.791504 192.670197
vt 1486.425781 198.249603
vt 1425.134766 183.388000
vt 1380.829712 152.494400
vt 1343.934082 121.859596
vt 1304.871216 107.774399
vt 1254.068359 129.600693
vt 1188.302246 179.517807
vt 1107.519043 233.041901
vt 1011.664917 265.688995
vt 916.025879 252.142899
vt 833.958313 204.802704
vt 762.514526 155.757706
vt 698.747375 137.097397
vt 614.556213 180.624695
vt 486.080597 265.004395
vt 316.734100 342.618011
vt 109.929802 365.847198
vt -62.707298 312.040009
vt -211.413101 215.193802
vt -335.842987 123.247902
vt -435.652588 84.141602
vt -513.063171 110.760902
vt -584.777710 163.037399
vt -672.173828 209.479004
vt -796.628906 218.593597
vt -942.321228 173.844604
vt -1068.388184 79.840897
vt -1158.646729 -63.191502
vt -1196.914062 -255.026901
vt -1151.938477 -442.575104
vt -1038.618530 -585.008423
vt -909.995972 -700.493225
vt -819.112976 -807.195496
vt -784.640015 -899.408875
vt -776.779175 -970.961670
vt -775.870300 -1039.322266
vt -762.252930 -1121.958618
vt 890.825989 -4591.242676
vt 1026.626221 -4468.488770
vt 935.405701 -4612.269531
vt 1071.205933 -4489.515137
vt 853.947815 -4568.262695
vt 989.747986 -4445.508301
vt 815.347290 -4547.936035
vt 951.147522 -4425.181641
vt 765.601074 -4534.872070
vt 901.401306 -4412.117676
vt 708.038574 -4547.264648
vt 843.838806 -4424.510254
vt 645.738220 -4577.001465
vt 781.538513 -4454.247070
vt 568.900024 -4589.230469
vt 704.700195 -4466.476074
vt 467.723694 -4549.099609
vt 603.523926 -4426.345215
vt 364.234802 -4462.590332
vt 500.035095 -4339.835938
vt 287.073395 -4364.789062
vt 422.873596 -4242.034668
vt 236.361298 -4264.504395
vt 372.161499 -4141.750488
vt 212.220505 -4170.543945
vt 348.020813 -4047.789551
vt 217.137604 -4106.533691
vt 352.937805 -3983.779541
vt 242.191299 -4075.331787
vt 377.991486 -3952.577637
vt 270.392914 -4054.593018
vt 406.193115 -3931.838867
vt 284.753113 -4021.971924
vt 420.553314 -3899.217529
vt 263.656494 -3954.700928
vt 399.456696 -3831.946533
vt 214.054596 -3856.005615
vt 349.854797 -3733.251465
vt 161.809204 -3742.532227
vt 297.609406 -3619.778076
vt 132.781906 -3630.926025
vt 268.582092 -3508.171631
vt 145.313293 -3527.337402
vt 281.113495 -3404.583008
vt 187.183304 -3462.628418
vt 322.983612 -3339.874023
vt 232.703400 -3422.291016
vt 368.503693 -3299.536865
vt 256.185089 -3391.817383
vt 391.985291 -3269.062988
vt 246.118393 -3351.010254
vt 381.918610 -3228.255859
vt 219.660202 -3295.629395
vt 355.460388 -3172.875244
vt 194.121597 -3235.102783
vt 329.921814 -3112.348389
vt 186.813904 -3178.857178
vt 322.614197 -3056.103027
vt 204.425995 -3138.356201
vt 340.226288 -3015.602051
vt 233.300598 -3113.153564
vt 369.100800 -2990.399170
vt 260.229187 -3094.813477
vt 396.029388 -2972.059326
vt 272.003815 -3074.901123
vt 407.804108 -2952.146729
vt 264.405304 -3048.991699
vt 400.205505 -2926.237305
vt 247.878799 -3018.569580
vt 383.678986 -2895.815186
vt 231.212708 -2984.061035
vt 367.012909 -2861.306885
vt 223.195297 -2945.894043
vt 358.995514 -2823.139648
vt 226.205200 -2911.468018
vt 362.005493 -2788.713623
vt 233.152603 -2884.345947
vt 368.952911 -2761.591797
vt 238.623093 -2859.198486
vt 374.423309 -2736.444092
vt 237.202194 -2830.696289
vt 373.002411 -2707.941895
vt 195.179901 -2743.709717
vt 330.980103 -2620.955322
vt 111.403603 -2565.128418
vt 247.203796 -2442.374023
vt 29.295099 -2322.652100
vt 165.095306 -2199.897949
vt -7.723800 -2043.980469
vt 128.076401 -1921.226074
vt 29.295000 -1812.429810
vt 165.095200 -1689.675537
vt 111.403503 -1674.469360
vt 247.203705 -1551.715088
vt 195.179794 -1602.526855
vt 330.980011 -1479.772461
vt 237.201996 -1569.030151
vt 373.002197 -1446.275879
vt 238.622894 -1542.336548
vt 374.423096 -1419.582153
vt 233.152405 -1510.225708
vt 368.952606 -1387.471313
vt 226.205002 -1474.260376
vt 362.005188 -1351.506104
vt 223.195099 -1436.003052
vt 358.995300 -1313.248779
vt 231.212494 -1408.041260
vt 367.012695 -1285.286865
vt 247.878601 -1394.747192
vt 383.678802 -1271.992920
vt 264.405090 -1385.361450
vt 400.205292 -1262.607178
vt 272.003601 -1369.124390
vt 407.803802 -1246.369995
vt 260.229004 -1334.223877
vt 396.029205 -1211.469604
vt 233.300293 -1281.606445
vt 369.100494 -1158.852173
vt 204.425797 -1219.649292
vt 340.226013 -1096.895020
vt 186.813705 -1156.729858
vt 322.613892 -1033.975586
vt 194.121307 -1109.786621
vt 329.921509 -987.032288
vt 219.659897 -1081.767822
vt 355.460114 -959.013489
vt 246.118103 -1060.065430
vt 381.918304 -937.311218
vt 256.184692 -1032.072144
vt 391.984985 -909.317810
vt 232.703094 -971.708679
vt 368.503296 -848.954529
vt 187.182999 -873.429077
vt 322.983185 -750.674805
vt 145.312897 -755.423889
vt 281.113098 -632.669617
vt 132.781403 -635.883972
vt 268.581696 -513.129578
vt 161.808701 -561.226196
vt 297.608887 -438.471893
vt 214.054199 -514.255676
vt 349.854401 -391.501404
vt 263.656006 -478.698792
vt 399.456207 -355.944489
vt 284.752594 -438.281586
vt 420.552795 -315.527313
vt 270.392395 -387.381500
vt 406.192596 -264.627197
vt 242.190796 -330.744995
vt 377.990997 -207.990707
vt 217.136993 -267.652191
vt 352.937286 -144.897903
vt 212.220001 -197.383194
vt 348.020203 -74.628899
vt 236.360596 -134.151199
vt 372.160889 -11.396900
vt 287.072601 -98.417702
vt 422.872803 24.336700
vt 364.234100 -98.835403
vt 500.034302 23.918900
vt 467.723114 -144.056900
vt 603.523376 -21.302601
vt 568.899414 -232.713303
vt 704.699585 -109.959000
vt 645.737671 -342.749390
vt 781.537903 -219.995102
vt 708.038025 -451.788086
vt 843.838196 -329.033813
vt 765.600525 -537.452087
vt 901.400818 -414.697815
vt 815.346680 -587.710083
vt 951.146973 -464.955811
vt 853.947205 -616.518005
vt 989.747375 -493.763702
vt 890.825500 -640.479492
vt 1026.625732 -517.725220
vt 935.405212 -676.198303
vt 1071.205444 -553.443970
vt 6547.571777 -4305.543945
vt 6547.571777 -4010.101807
vt 6533.954590 -4291.194336
vt 6533.954590 -3995.752197
vt 6548.481445 -4317.414551
vt 6548.481445 -4021.972412
vt 6556.342285 -4329.839844
vt 6556.342285 -4034.397461
vt 6590.814941 -4345.852539
vt 6590.814941 -4050.410156
vt 6681.697754 -4364.380859
vt 6681.697754 -4068.938721
vt 6810.320312 -4384.434570
vt 6810.320312 -4088.992432
vt 6923.640137 -4409.167969
vt 6923.640137 -4113.725586
vt 6968.615723 -4441.735352
vt 6968.615723 -4146.292969
vt 6930.348145 -4475.047363
vt 6930.348145 -4179.604980
vt 6840.089355 -4499.884277
vt 6840.089355 -4204.441895
vt 6714.022949 -4516.208008
vt 6714.022949 -4220.765625
vt 6568.330566 -4523.978516
vt 6568.330566 -4228.536133
vt 6443.875488 -4522.395996
vt 6443.875488 -4226.953613
vt 6356.479492 -4514.331543
vt 6356.479492 -4218.889160
vt 6284.765137 -4505.253906
vt 6284.765137 -4209.811523
vt 6207.354004 -4500.631348
vt 6207.354004 -4205.188965
vt 6107.544434 -4507.421875
vt 6107.544434 -4211.979492
vt 5983.114258 -4523.388184
vt 5983.114258 -4227.945801
vt 5834.408691 -4540.205566
vt 5834.408691 -4244.763184
vt 5661.771973 -4549.548828
vt 5661.771973 -4254.106445
vt 5454.967773 -4545.515137
vt 5454.967773 -4250.072754
vt 5285.621094 -4532.037598
vt 5285.621094 -4236.595215
vt 5157.145508 -4517.385254
vt 5157.145508 -4221.942871
vt 5072.954102 -4509.827148
vt 5072.954102 -4214.384766
vt 5009.187012 -4513.067383
vt 5009.187012 -4217.625000
vt 4937.743652 -4521.583984
vt 4937.743652 -4226.141602
vt 4855.676270 -4529.804688
vt 4855.676270 -4234.362305
vt 4760.036621 -4532.156738
vt 4760.036621 -4236.714355
vt 4664.183105 -4526.487793
vt 4664.182617 -4231.045410
vt 4583.399902 -4517.193359
vt 4583.399414 -4221.750977
vt 4517.633789 -4508.525391
vt 4517.633301 -4213.083008
vt 4466.831055 -4504.735352
vt 4466.830566 -4209.292969
vt 4427.768066 -4507.181152
vt 4427.767578 -4211.738770
vt 4390.872559 -4512.500488
vt 4390.872070 -4217.058105
vt 4346.567383 -4517.865234
vt 4346.566895 -4222.422852
vt 4285.276367 -4520.445801
vt 4285.275879 -4225.003418
vt 4217.910645 -4519.477051
vt 4217.910645 -4224.034668
vt 4159.438965 -4517.240723
vt 4159.438965 -4221.798340
vt 4106.369629 -4515.479980
vt 4106.369629 -4220.037598
vt 4055.211914 -4515.937500
vt 4055.211670 -4220.495117
vt 3943.543457 -4529.463867
vt 3943.543213 -4234.021484
vt 3711.348145 -4556.430176
vt 3711.347900 -4260.987793
vt 3358.744629 -4582.859863
vt 3358.744385 -4287.417480
vt 2885.850586 -4594.775879
vt 2885.850586 -4299.333496
vt 2412.956543 -4582.859863
vt 2412.956543 -4287.417480
vt 2060.353271 -4556.430176
vt 2060.353027 -4260.987793
vt 1828.158081 -4529.463867
vt 1828.157959 -4234.021484
vt 1716.489502 -4515.937500
vt 1716.489502 -4220.495117
vt 1665.331787 -4515.479980
vt 1665.331665 -4220.037598
vt 1612.262573 -4517.240723
vt 1612.262451 -4221.798828
vt 1553.790894 -4519.477051
vt 1553.790771 -4224.034668
vt 1486.425171 -4520.446289
vt 1486.425049 -4225.003906
vt 1425.134155 -4517.865234
vt 1425.134033 -4222.422852
vt 1380.829102 -4512.500977
vt 1380.828979 -4217.058594
vt 1343.933472 -4507.181152
vt 1343.933350 -4211.738770
vt 1304.870605 -4504.735352
vt 1304.870483 -4209.292969
vt 1254.067749 -4508.525391
vt 1254.067627 -4213.083008
vt 1188.301636 -4517.193359
vt 1188.301514 -4221.750977
vt 1107.518433 -4526.487793
vt 1107.518433 -4231.045410
vt 1011.664429 -4532.156738
vt 1011.664185 -4236.714355
vt 916.025330 -4529.804688
vt 916.025330 -4234.362305
vt 833.957703 -4521.583984
vt 833.957581 -4226.141602
vt 762.513977 -4513.067383
vt 762.513916 -4217.625000
vt 698.746887 -4509.827148
vt 698.746887 -4214.384766
vt 614.555725 -4517.385742
vt 614.555603 -4221.943359
vt 486.080109 -4532.038086
vt 486.080109 -4236.595703
vt 316.733612 -4545.515625
vt 316.733612 -4250.073242
vt 109.929398 -4549.549316
vt 109.929298 -4254.106934
vt -62.707699 -4540.205566
vt -62.707802 -4244.763184
vt -211.413406 -4523.388672
vt -211.413498 -4227.946289
vt -335.843292 -4507.422363
vt -335.843414 -4211.979980
vt -435.652893 -4500.631348
vt -435.653015 -4205.188965
vt -513.063477 -4505.253906
vt -513.063599 -4209.811523
vt -584.778015 -4514.331543
vt -584.778076 -4218.889160
vt -672.174011 -4522.395996
vt -672.174072 -4226.953613
vt -796.629211 -4523.979004
vt -796.629211 -4228.536621
vt -942.321411 -4516.208496
vt -942.321472 -4220.766113
vt -1068.388306 -4499.884766
vt -1068.388428 -4204.442383
vt -1158.646851 -4475.047363
vt -1158.646973 -4179.604980
vt -1196.914185 -4441.735840
vt -1196.914185 -4146.293457
vt -1151.938477 -4409.168457
vt -1151.938599 -4113.726074
vt -1038.618530 -4384.435059
vt -1038.618652 -4088.992676
vt -909.996094 -4364.381348
vt -909.996216 -4068.938965
vt -819.113098 -4345.852539
vt -819.113220 -4050.410400
vt -784.640076 -4329.839844
vt -784.640076 -4034.397705
vt -776.779175 -4317.415039
vt -776.779297 -4021.972656
vt -775.870300 -4305.544434
vt -775.870422 -4010.102051
vt -762.252930 -4291.194824
vt -762.253113 -3995.752441
vt 6056.937012 -5623.673340
vt 6233.851074 -5790.241699
vt 6175.774902 -5817.388184
vt 5998.860840 -5650.819824
vt 6104.979980 -5592.583008
vt 6281.894043 -5759.151367
vt 6155.267090 -5565.801270
vt 6332.181152 -5732.369629
vt 6220.074219 -5551.581055
vt 6396.987793 -5718.149414
vt 6295.063477 -5577.642090
vt 6471.977539 -5744.210449
vt 6376.225586 -5631.077148
vt 6553.139648 -5797.645508
vt 6476.326660 -5659.198242
vt 6653.240723 -5825.766602
vt 6608.134277 -5609.318848
vt 6785.048340 -5775.887695
vt 6742.954590 -5488.039062
vt 6919.868652 -5654.607910
vt 6843.476562 -5346.148926
vt 7020.390625 -5512.717285
vt 6909.541992 -5197.246094
vt 7086.456055 -5363.814453
vt 6940.991211 -5054.927734
vt 7117.905273 -5221.496094
vt 6934.585449 -4955.410645
vt 7111.499512 -5121.979004
vt 6901.946777 -4904.181641
vt 7078.860840 -5070.750000
vt 6865.207031 -4868.745117
vt 7042.121094 -5035.313965
vt 6846.499512 -4816.605957
vt 7023.413086 -4983.174316
vt 6873.982910 -4715.170898
vt 7050.896973 -4881.739258
vt 6938.602051 -4568.591309
vt 7115.515625 -4735.159668
vt 7006.664551 -4399.489258
vt 7183.578613 -4566.057617
vt 7044.479980 -4230.485840
vt 7221.394043 -4397.054199
vt 7028.154785 -4068.886475
vt 7205.068359 -4235.455078
vt 6973.608398 -3963.854492
vt 7150.522461 -4130.422852
vt 6914.307129 -3896.050537
vt 7091.220703 -4062.618896
vt 6883.716309 -3846.135498
vt 7060.630371 -4012.703857
vt 6896.830566 -3784.276367
vt 7073.744629 -3950.844727
vt 6931.298828 -3701.861328
vt 7108.212891 -3868.429688
vt 6964.569336 -3611.382568
vt 7141.483398 -3777.950928
vt 6974.089355 -3525.332520
vt 7151.003418 -3691.901123
vt 6951.145020 -3460.625000
vt 7128.059082 -3627.193359
vt 6913.528809 -3418.208984
vt 7090.442871 -3584.777344
vt 6878.447754 -3386.632812
vt 7055.361328 -3553.201172
vt 6863.107910 -3354.445068
vt 7040.021973 -3521.013428
vt 6873.007324 -3315.314453
vt 7049.920898 -3481.882812
vt 6894.537109 -3270.280518
vt 7071.451172 -3436.848877
vt 6916.249023 -3218.948242
vt 7093.162598 -3385.516602
vt 6926.693359 -3160.923340
vt 7103.607422 -3327.491699
vt 6922.772461 -3107.356934
vt 7099.686035 -3273.925293
vt 6913.721680 -3064.606445
vt 7090.635742 -3231.174805
vt 6906.594727 -3025.084473
vt 7083.508789 -3191.653076
vt 6908.445801 -2981.205078
vt 7085.359863 -3147.773438
vt 6963.190430 -2851.811279
vt 7140.104492 -3018.379639
vt 7072.330078 -2585.869385
vt 7249.244141 -2752.437744
vt 7179.297363 -2220.978516
vt 7356.210938 -2387.546875
vt 7227.523438 -1794.735962
vt 7404.437500 -1961.304443
vt 7179.296875 -1432.433472
vt 7356.210938 -1599.001953
vt 7072.330078 -1209.362549
vt 7249.244141 -1375.931030
vt 6963.190430 -1088.121582
vt 7140.104492 -1254.690063
vt 6908.445801 -1031.309692
vt 7085.359863 -1197.878052
vt 6906.594727 -989.884216
vt 7083.508789 -1156.452637
vt 6913.721680 -940.913696
vt 7090.635254 -1107.482178
vt 6922.771973 -886.163513
vt 7099.686035 -1052.731934
vt 6926.693359 -827.398315
vt 7103.607422 -993.966675
vt 6916.248535 -783.221191
vt 7093.162598 -949.789673
vt 6894.537109 -760.675171
vt 7071.450684 -927.243713
vt 6873.006836 -744.186218
vt 7049.920898 -910.754578
vt 6863.107910 -718.179993
vt 7040.021973 -884.748474
vt 6878.447266 -665.654724
vt 7055.361328 -832.223083
vt 6913.528809 -587.566711
vt 7090.442871 -754.135071
vt 6951.145020 -495.277710
vt 7128.059082 -661.846191
vt 6974.089355 -400.149902
vt 7151.003418 -566.718323
vt 6964.569336 -326.722504
vt 7141.482910 -493.290894
vt 6931.298828 -280.354492
vt 7108.212891 -446.922913
vt 6896.830078 -243.638397
vt 7073.744141 -410.206909
vt 6883.715820 -199.166702
vt 7060.629883 -365.735199
vt 6914.306641 -108.693703
vt 7091.220703 -275.262207
vt 6973.607910 37.733700
vt 7150.521973 -128.834702
vt 7028.154297 215.084900
vt 7205.068359 48.516499
vt 7044.479492 398.329010
vt 7221.393555 231.760605
vt 7006.664062 517.195679
vt 7183.578125 350.627289
vt 6938.601562 596.058289
vt 7115.515625 429.489990
vt 6873.982422 656.964172
vt 7050.896484 490.395813
vt 6846.499023 721.960510
vt 7023.413086 555.392090
vt 6865.206543 798.902771
vt 7042.120605 632.334412
vt 6901.946289 883.049622
vt 7078.860352 716.481079
vt 6934.584961 977.552307
vt 7111.499023 810.983826
vt 6940.990723 1085.562378
vt 7117.904785 918.994019
vt 6909.541504 1186.184204
vt 7086.455566 1019.615784
vt 6843.476562 1247.496216
vt 7020.390625 1080.927734
vt 6742.954102 1256.110962
vt 6919.868164 1089.542603
vt 6608.133789 1198.641602
vt 6785.047852 1032.073120
vt 6476.326172 1073.766235
vt 6653.240234 907.197815
vt 6376.225098 912.927917
vt 6553.139160 746.359497
vt 6295.062988 751.886292
vt 6471.977051 585.317871
vt 6220.073730 626.401428
vt 6396.987793 459.832886
vt 6155.266602 554.698181
vt 6332.180664 388.129791
vt 6104.979980 514.808411
vt 6281.894043 348.239990
vt 6056.936523 482.201996
vt 6233.850586 315.633514
vt 5998.860352 432.348999
vt 6175.774414 265.780487
vt 1.000000 0.000000
vt 0.000000 0.000000
vt 1.000000 1.000000
vt 0.000000 1.000000
s 1
usemtl wire_224143087
f 3/1/1 2/1/1 1/2/2
f 4/2/2 3/1/1 1/2/2
f 6/3/3 5/3/3 2/1/1
f 3/1/1 6/3/3 2/1/1
f 8/4/4 7/4/4 5/3/3
f 6/3/3 8/4/4 5/3/3
f 10/5/5 9/5/5 7/4/4
f 8/4/4 10/5/5 7/4/4
f 12/6/6 11/6/6 9/5/5
f 10/5/5 12/6/6 9/5/5
f 14/7/7 13/7/7 11/6/6
f 12/6/6 14/7/7 11/6/6
f 16/8/8 15/8/8 13/7/7
f 14/7/7 16/8/8 13/7/7
f 18/9/9 17/9/9 15/8/8
f 16/8/8 18/9/9 15/8/8
f 20/10/10 19/10/10 17/9/9
f 18/9/9 20/10/10 17/9/9
f 22/11/11 21/11/12 19/10/10
f 20/10/10 22/11/11 19/10/10
f 24/12/13 23/12/13 21/11/12
f 22/11/11 24/12/13 21/11/12
f 26/13/14 25/13/14 23/12/13
f 24/12/13 26/13/14 23/12/13
f 28/14/15 27/14/15 25/13/14
f 26/13/14 28/14/15 25/13/14
f 30/15/16 29/15/16 27/14/15
f 28/14/15 30/15/16 27/14/15
f 32/16/17 31/16/17 29/15/16
f 30/15/16 32/16/17 29/15/16
f 34/17/18 33/17/18 31/16/17
f 32/16/17 34/17/18 31/16/17
f 36/18/19 35/18/19 33/17/18
f 34/17/18 36/18/19 33/17/18
f 38/19/20 37/19/20 35/18/19
f 36/18/19 38/19/20 35/18/19
f 40/20/21 39/20/21 37/19/20
f 38/19/20 40/20/21 37/19/20
f 42/21/22 41/21/22 39/20/21
f 40/20/21 42/21/22 39/20/21
f 44/22/23 43/22/23 41/21/22
f 42/21/22 44/22/23 41/21/22
f 46/23/24 45/23/24 43/22/23
f 44/22/23 46/23/24 43/22/23
f 48/24/25 47/24/25 45/23/24
f 46/23/24 48/24/25 45/23/24
f 50/25/26 49/25/26 47/24/25
f 48/24/25 50/25/26 47/24/25
f 52/26/27 51/26/27 49/25/26
f 50/25/26 52/26/27 49/25/26
f 54/27/28 53/27/28 51/26/27
f 52/26/27 54/27/28 51/26/27
f 56/28/29 55/28/29 53/27/28
f 54/27/28 56/28/29 53/27/28
f 58/29/30 57/29/30 55/28/29
f 56/28/29 58/29/30 55/28/29
f 60/30/31 59/30/31 57/29/30
f 58/29/30 60/30/31 57/29/30
f 62/31/32 61/31/32 59/30/31
f 60/30/31 62/31/32 59/30/31
f 64/32/33 63/32/33 61/31/32
f 62/31/32 64/32/33 61/31/32
f 66/33/34 65/33/34 63/32/33
f 64/32/33 66/33/34 63/32/33
f 68/34/35 67/34/35 65/33/34
f 66/33/34 68/34/35 65/33/34
f 70/35/36 69/35/36 67/34/35
f 68/34/35 70/35/36 67/34/35
f 72/36/37 71/36/37 69/35/36
f 70/35/36 72/36/37 69/35/36
f 74/37/38 73/37/38 71/36/37
f 72/36/37 74/37/38 71/36/37
f 76/38/39 75/38/39 73/37/38
f 74/37/38 76/38/39 73/37/38
f 78/39/40 77/39/40 75/38/39
f 76/38/39 78/39/40 75/38/39
f 80/40/41 79/40/41 77/39/40
f 78/39/40 80/40/41 77/39/40
f 82/41/42 81/41/42 79/40/41
f 80/40/41 82/41/42 79/40/41
f 84/42/43 83/42/43 81/41/42
f 82/41/42 84/42/43 81/41/42
f 86/43/44 85/43/44 83/42/43
f 84/42/43 86/43/44 83/42/43
f 88/44/45 87/44/45 85/43/44
f 86/43/44 88/44/45 85/43/44
f 90/45/46 89/45/46 87/44/45
f 88/44/45 90/45/46 87/44/45
f 92/46/47 91/46/47 89/45/46
f 90/45/46 92/46/47 89/45/46
f 94/47/48 93/47/48 91/46/47
f 92/46/47 94/47/48 91/46/47
f 96/48/49 95/48/49 93/47/48
f 94/47/48 96/48/49 93/47/48
f 98/49/50 97/49/50 95/48/49
f 96/48/49 98/49/50 95/48/49
f 100/50/51 99/50/51 97/49/50
f 98/49/50 100/50/51 97/49/50
f 102/51/52 101/51/52 99/50/51
f 100/50/51 102/51/52 99/50/51
f 104/52/53 103/52/53 101/51/52
f 102/51/52 104/52/53 101/51/52
f 106/53/54 105/53/54 103/52/53
f 104/52/53 106/53/54 103/52/53
f 108/54/55 107/54/55 105/53/54
f 106/53/54 108/54/55 105/53/54
f 110/55/56 109/55/56 107/54/55
f 108/54/55 110/55/56 107/54/55
f 112/56/57 111/56/57 109/55/56
f 110/55/56 112/56/57 109/55/56
f 114/57/58 113/57/58 111/56/57
f 112/56/57 114/57/58 111/56/57
f 116/58/59 115/58/59 113/57/58
f 114/57/58 116/58/59 113/57/58
f 118/59/60 117/59/60 115/58/59
f 116/58/59 118/59/60 115/58/59
f 120/60/61 119/60/61 117/59/60
f 118/59/60 120/60/61 117/59/60
f 122/61/62 121/61/62 119/60/61
f 120/60/61 122/61/62 119/60/61
f 124/62/63 123/62/64 121/61/62
f 122/61/62 124/62/63 121/61/62
f 126/63/65 125/63/65 123/62/64
f 124/62/63 126/63/65 123/62/64
f 128/64/66 127/64/66 125/63/65
f 126/63/65 128/64/66 125/63/65
f 130/65/67 129/65/67 127/64/66
f 128/64/66 130/65/67 127/64/66
f 132/66/68 131/66/68 129/65/67
f 130/65/67 132/66/68 129/65/67
f 134/67/69 133/67/69 131/66/68
f 132/66/68 134/67/69 131/66/68
f 136/68/70 135/68/70 133/67/69
f 134/67/69 136/68/70 133/67/69
f 138/69/71 137/69/71 135/68/70
f 136/68/70 138/69/71 135/68/70
f 140/70/72 139/70/72 137/69/71
f 138/69/71 140/70/72 137/69/71
f 142/71/73 141/71/73 139/70/72
f 140/70/72 142/71/73 139/70/72
f 144/72/74 143/72/74 141/71/73
f 142/71/73 144/72/74 141/71/73
f 146/73/75 145/73/75 143/72/74
f 144/72/74 146/73/75 143/72/74
f 148/74/76 147/74/77 145/73/75
f 146/73/75 148/74/76 145/73/75
f 150/75/78 149/75/78 147/74/77
f 148/74/76 150/75/78 147/74/77
f 152/76/79 151/76/79 149/75/78
f 150/75/78 152/76/79 149/75/78
f 154/77/80 153/77/80 151/76/79
f 152/76/79 154/77/80 151/76/79
f 156/78/81 155/78/81 153/77/80
f 154/77/80 156/78/81 153/77/80
f 158/79/82 157/79/82 155/78/81
f 156/78/81 158/79/82 155/78/81
f 160/80/83 159/80/84 157/79/82
f 158/79/82 160/80/83 157/79/82
f 162/81/85 161/81/85 159/80/84
f 160/80/83 162/81/85 159/80/84
f 164/82/86 163/82/86 161/81/85
f 162/81/85 164/82/86 161/81/85
f 166/83/87 165/83/87 163/82/86
f 164/82/86 166/83/87 163/82/86
f 168/84/88 167/84/88 165/83/87
f 166/83/87 168/84/88 165/83/87
f 170/85/89 169/85/89 167/84/88
f 168/84/88 170/85/89 167/84/88
f 172/86/90 171/86/90 169/85/89
f 170/85/89 172/86/90 169/85/89
f 174/87/91 173/87/91 171/86/90
f 172/86/90 174/87/91 171/86/90
f 176/88/92 175/88/92 173/87/91
f 174/87/91 176/88/92 173/87/91
f 178/89/93 177/89/93 175/88/92
f 176/88/92 178/89/93 175/88/92
f 4/2/94 1/2/94 177/89/94
f 178/89/94 4/2/94 177/89/94
f 1/2/95 2/1/96 177/89/95
f 2/1/96 5/3/95 177/89/95
f 5/3/95 7/4/95 177/89/95
f 177/89/95 7/4/95 175/88/95
f 175/88/95 7/4/95 173/87/95
f 173/87/95 7/4/95 171/86/95
f 7/4/95 9/5/95 171/86/95
f 171/86/95 9/5/95 169/85/95
f 9/5/95 11/6/95 169/85/95
f 169/85/95 11/6/95 167/84/95
f 167/84/95 11/6/95 165/83/95
f 165/83/95 11/6/95 163/82/95
f 163/82/95 11/6/95 161/81/95
f 161/81/95 11/6/95 159/80/95
f 159/80/95 11/6/95 157/79/95
f 11/6/95 13/7/95 157/79/95
f 13/7/95 15/8/95 157/79/95
f 15/8/95 17/9/95 157/79/95
f 17/9/95 19/10/95 157/79/95
f 19/10/95 21/11/95 157/79/95
f 121/61/95 123/62/95 119/60/95
f 123/62/95 125/63/95 119/60/95
f 119/60/95 125/63/95 117/59/95
f 125/63/95 127/64/95 117/59/95
f 117/59/95 127/64/95 115/58/95
f 57/29/95 59/30/95 55/28/95
f 55/28/95 59/30/95 53/27/95
f 59/30/95 61/31/95 53/27/95
f 53/27/95 61/31/95 51/26/95
f 61/31/95 63/32/95 51/26/95
f 27/14/95 29/15/95 25/13/95
f 25/13/95 29/15/95 23/12/95
f 23/12/95 29/15/95 21/11/95
f 29/15/95 31/16/95 21/11/95
f 151/76/95 153/77/95 149/75/95
f 153/77/95 155/78/95 149/75/95
f 155/78/95 157/79/95 149/75/95
f 149/75/95 157/79/95 147/74/95
f 41/21/95 43/22/95 39/20/95
f 43/22/95 45/23/95 39/20/95
f 39/20/95 45/23/95 37/19/95
f 45/23/95 47/24/95 37/19/95
f 37/19/95 47/24/95 35/18/95
f 47/24/95 49/25/95 35/18/95
f 137/69/95 139/70/95 135/68/95
f 135/68/95 139/70/95 133/67/95
f 139/70/95 141/71/95 133/67/95
f 133/67/95 141/71/95 131/66/95
f 141/71/95 143/72/95 131/66/95
f 131/66/95 143/72/95 129/65/95
f 147/74/95 157/79/95 145/73/95
f 157/79/95 21/11/95 145/73/95
f 31/16/95 33/17/95 21/11/95
f 21/11/95 33/17/95 145/73/95
f 107/54/95 109/55/95 105/53/95
f 105/53/95 109/55/95 103/52/95
f 109/55/95 111/56/97 103/52/95
f 103/52/95 111/56/97 101/51/95
f 101/51/95 111/56/97 99/50/95
f 71/36/95 73/37/97 69/35/95
f 73/37/97 75/38/95 69/35/95
f 69/35/95 75/38/95 67/34/95
f 75/38/95 77/39/95 67/34/95
f 77/39/95 79/40/95 67/34/95
f 35/18/95 49/25/95 33/17/95
f 143/72/95 145/73/95 129/65/95
f 63/32/95 65/33/95 51/26/95
f 51/26/95 65/33/95 49/25/95
f 115/58/95 127/64/95 113/57/95
f 127/64/95 129/65/95 113/57/95
f 89/45/95 91/46/95 87/44/95
f 87/44/95 91/46/95 85/43/95
f 91/46/95 93/47/95 85/43/95
f 85/43/95 93/47/95 83/42/95
f 93/47/95 95/48/95 83/42/95
f 83/42/95 95/48/95 81/41/95
f 95/48/95 97/49/95 81/41/95
f 111/56/97 113/57/95 99/50/95
f 67/34/95 79/40/95 65/33/95
f 79/40/95 81/41/95 65/33/95
f 81/41/95 97/49/95 65/33/95
f 99/50/95 113/57/95 97/49/95
f 97/49/95 113/57/95 65/33/95
f 49/25/95 65/33/95 33/17/95
f 33/17/95 65/33/95 145/73/95
f 65/33/95 113/57/95 145/73/95
f 145/73/95 113/57/95 129/65/95
f 3/1/98 4/2/98 178/89/98
f 6/3/99 3/1/98 178/89/98
f 8/4/98 6/3/99 178/89/98
f 8/4/98 178/89/98 176/88/98
f 8/4/98 176/88/98 174/87/98
f 8/4/98 174/87/98 172/86/98
f 10/5/98 8/4/98 172/86/98
f 10/5/98 172/86/98 170/85/98
f 12/6/98 10/5/98 170/85/98
f 12/6/98 170/85/98 168/84/98
f 12/6/98 168/84/98 166/83/98
f 12/6/98 166/83/98 164/82/98
f 12/6/98 164/82/98 162/81/98
f 12/6/98 162/81/98 160/80/98
f 12/6/98 160/80/98 158/79/98
f 14/7/98 12/6/98 158/79/98
f 16/8/98 14/7/98 158/79/98
f 18/9/98 16/8/98 158/79/98
f 20/10/98 18/9/98 158/79/98
f 22/11/100 20/10/98 158/79/98
f 124/62/98 122/61/98 120/60/98
f 126/63/98 124/62/98 120/60/98
f 126/63/98 120/60/98 118/59/98
f 128/64/98 126/63/98 118/59/98
f 128/64/98 118/59/98 116/58/98
f 60/30/98 58/29/98 56/28/98
f 60/30/98 56/28/98 54/27/98
f 62/31/98 60/30/98 54/27/98
f 62/31/98 54/27/98 52/26/98
f 64/32/98 62/31/98 52/26/98
f 30/15/98 28/14/98 26/13/100
f 30/15/98 26/13/100 24/12/98
f 30/15/98 24/12/98 22/11/100
f 32/16/98 30/15/98 22/11/100
f 154/77/98 152/76/98 150/75/98
f 156/78/98 154/77/98 150/75/98
f 158/79/98 156/78/98 150/75/98
f 158/79/98 150/75/98 148/74/98
f 44/22/98 42/21/98 40/20/98
f 46/23/98 44/22/98 40/20/98
f 46/23/98 40/20/98 38/19/98
f 48/24/98 46/23/98 38/19/98
f 48/24/98 38/19/98 36/18/98
f 50/25/98 48/24/98 36/18/98
f 140/70/98 138/69/98 136/68/98
f 140/70/98 136/68/98 134/67/98
f 142/71/98 140/70/98 134/67/98
f 142/71/98 134/67/98 132/66/98
f 144/72/98 142/71/98 132/66/98
f 144/72/98 132/66/98 130/65/98
f 158/79/98 148/74/98 146/73/98
f 22/11/100 158/79/98 146/73/98
f 34/17/98 32/16/98 22/11/100
f 34/17/98 22/11/100 146/73/98
f 110/55/98 108/54/98 106/53/98
f 110/55/98 106/53/98 104/52/98
f 112/56/98 110/55/98 104/52/98
f 112/56/98 104/52/98 102/51/98
f 112/56/98 102/51/98 100/50/98
f 74/37/98 72/36/98 70/35/98
f 76/38/98 74/37/98 70/35/98
f 76/38/98 70/35/98 68/34/98
f 78/39/98 76/38/98 68/34/98
f 80/40/98 78/39/98 68/34/98
f 50/25/98 36/18/98 34/17/98
f 146/73/98 144/72/98 130/65/98
f 66/33/98 64/32/98 52/26/98
f 66/33/98 52/26/98 50/25/98
f 128/64/98 116/58/98 114/57/98
f 130/65/98 128/64/98 114/57/98
f 92/46/98 90/45/98 88/44/98
f 92/46/98 88/44/98 86/43/98
f 94/47/98 92/46/98 86/43/98
f 94/47/98 86/43/98 84/42/98
f 96/48/98 94/47/98 84/42/98
f 96/48/98 84/42/98 82/41/98
f 98/49/98 96/48/98 82/41/98
f 114/57/98 112/56/98 100/50/98
f 80/40/98 68/34/98 66/33/98
f 82/41/98 80/40/98 66/33/98
f 98/49/98 82/41/98 66/33/98
f 114/57/98 100/50/98 98/49/98
f 114/57/98 98/49/98 66/33/98
f 66/33/98 50/25/98 34/17/98
f 66/33/98 34/17/98 146/73/98
f 114/57/98 66/33/98 146/73/98
f 114/57/98 146/73/98 130/65/98
f 181/90/101 180/91/102 179/92/103
f 180/91/102 182/93/104 179/92/103
f 184/94/105 183/95/106 181/90/101
f 183/95/106 180/91/102 181/90/101
f 186/96/107 185/97/108 184/94/105
f 185/97/108 183/95/106 184/94/105
f 188/98/109 187/99/110 186/96/107
f 187/99/110 185/97/108 186/96/107
f 190/100/111 189/101/112 188/98/109
f 189/101/112 187/99/110 188/98/109
f 192/102/113 191/103/114 190/100/111
f 191/103/114 189/101/112 190/100/111
f 194/104/115 193/105/116 192/102/113
f 193/105/116 191/103/114 192/102/113
f 196/106/117 195/107/118 194/104/115
f 195/107/118 193/105/116 194/104/115
f 198/108/119 197/109/120 196/106/117
f 197/109/120 195/107/118 196/106/117
f 200/110/121 199/111/122 198/108/119
f 199/111/122 197/109/120 198/108/119
f 202/112/123 201/113/124 200/110/121
f 201/113/124 199/111/122 200/110/121
f 204/114/125 203/115/126 202/112/123
f 203/115/126 201/113/124 202/112/123
f 206/116/127 205/117/128 204/114/125
f 205/117/128 203/115/126 204/114/125
f 208/118/129 207/119/130 206/116/127
f 207/119/130 205/117/128 206/116/127
f 210/120/131 209/121/132 208/118/129
f 209/121/132 207/119/130 208/118/129
f 212/122/133 211/123/134 210/120/131
f 211/123/134 209/121/132 210/120/131
f 214/124/135 213/125/136 212/122/133
f 213/125/136 211/123/134 212/122/133
f 216/126/137 215/127/138 214/124/135
f 215/127/138 213/125/136 214/124/135
f 218/128/139 217/129/140 216/126/137
f 217/129/140 215/127/138 216/126/137
f 220/130/141 219/131/142 218/128/139
f 219/131/142 217/129/140 218/128/139
f 222/132/143 221/133/144 220/130/141
f 221/133/144 219/131/142 220/130/141
f 224/134/145 223/135/146 222/132/143
f 223/135/146 221/133/144 222/132/143
f 226/136/147 225/137/148 224/134/145
f 225/137/148 223/135/146 224/134/145
f 228/138/149 227/139/150 226/136/147
f 227/139/150 225/137/148 226/136/147
f 230/140/151 229/141/152 228/138/149
f 229/141/152 227/139/150 228/138/149
f 232/142/153 231/143/154 230/140/151
f 231/143/154 229/141/152 230/140/151
f 234/144/155 233/145/156 232/142/153
f 233/145/156 231/143/154 232/142/153
f 236/146/157 235/147/158 234/144/155
f 235/147/158 233/145/156 234/144/155
f 238/148/159 237/149/160 236/146/157
f 237/149/160 235/147/158 236/146/157
f 240/150/161 239/151/162 238/148/159
f 239/151/162 237/149/160 238/148/159
f 242/152/163 241/153/164 240/150/161
f 241/153/164 239/151/162 240/150/161
f 244/154/165 243/155/166 242/152/163
f 243/155/166 241/153/164 242/152/163
f 246/156/167 245/157/168 244/154/165
f 245/157/168 243/155/166 244/154/165
f 248/158/169 247/159/170 246/156/167
f 247/159/170 245/157/168 246/156/167
f 250/160/171 249/161/172 248/158/169
f 249/161/172 247/159/170 248/158/169
f 252/162/173 251/163/174 250/160/171
f 251/163/174 249/161/172 250/160/171
f 254/164/175 253/165/176 252/162/173
f 253/165/176 251/163/174 252/162/173
f 256/166/177 255/167/178 254/164/175
f 255/167/178 253/165/176 254/164/175
f 258/168/179 257/169/180 256/166/177
f 257/169/180 255/167/178 256/166/177
f 260/170/181 259/171/182 258/168/179
f 259/171/182 257/169/180 258/168/179
f 262/172/183 261/173/184 260/170/181
f 261/173/184 259/171/182 260/170/181
f 264/174/185 263/175/186 262/172/183
f 263/175/186 261/173/184 262/172/183
f 266/176/187 265/177/188 264/174/185
f 265/177/188 263/175/186 264/174/185
f 268/178/189 267/179/190 266/176/187
f 267/179/190 265/177/188 266/176/187
f 270/180/191 269/181/192 268/178/189
f 269/181/192 267/179/190 268/178/189
f 272/182/193 271/183/194 270/180/191
f 271/183/194 269/181/192 270/180/191
f 274/184/195 273/185/196 272/182/193
f 273/185/196 271/183/194 272/182/193
f 276/186/197 275/187/198 274/184/195
f 275/187/198 273/185/196 274/184/195
f 278/188/199 277/189/200 276/186/197
f 277/189/200 275/187/198 276/186/197
f 280/190/201 279/191/202 278/188/199
f 279/191/202 277/189/200 278/188/199
f 282/192/203 281/193/204 280/190/201
f 281/193/204 279/191/202 280/190/201
f 284/194/205 283/195/206 282/192/203
f 283/195/206 281/193/204 282/192/203
f 286/196/207 285/197/208 284/194/205
f 285/197/208 283/195/206 284/194/205
f 288/198/209 287/199/210 286/196/207
f 287/199/210 285/197/208 286/196/207
f 290/200/211 289/201/212 288/198/209
f 289/201/212 287/199/210 288/198/209
f 292/202/213 291/203/214 290/200/211
f 291/203/214 289/201/212 290/200/211
f 294/204/215 293/205/216 292/202/213
f 293/205/216 291/203/214 292/202/213
f 296/206/217 295/207/218 294/204/215
f 295/207/218 293/205/216 294/204/215
f 298/208/219 297/209/220 296/206/217
f 297/209/220 295/207/218 296/206/217
f 300/210/221 299/211/222 298/208/219
f 299/211/222 297/209/220 298/208/219
f 302/212/223 301/213/224 300/210/221
f 301/213/224 299/211/222 300/210/221
f 304/214/225 303/215/226 302/212/223
f 303/215/226 301/213/224 302/212/223
f 306/216/227 305/217/228 304/214/225
f 305/217/228 303/215/226 304/214/225
f 308/218/229 307/219/230 306/216/227
f 307/219/230 305/217/228 306/216/227
f 310/220/231 309/221/232 308/218/229
f 309/221/232 307/219/230 308/218/229
f 312/222/233 311/223/234 310/220/231
f 311/223/234 309/221/232 310/220/231
f 314/224/235 313/225/236 312/222/233
f 313/225/236 311/223/234 312/222/233
f 316/226/237 315/227/238 314/224/235
f 315/227/238 313/225/236 314/224/235
f 318/228/239 317/229/240 316/226/237
f 317/229/240 315/227/238 316/226/237
f 320/230/241 319/231/242 318/228/239
f 319/231/242 317/229/240 318/228/239
f 322/232/243 321/233/244 320/230/241
f 321/233/244 319/231/242 320/230/241
f 324/234/245 323/235/246 322/232/243
f 323/235/246 321/233/244 322/232/243
f 326/236/247 325/237/248 324/234/245
f 325/237/248 323/235/246 324/234/245
f 328/238/249 327/239/250 326/236/247
f 327/239/250 325/237/248 326/236/247
f 330/240/251 329/241/252 328/238/249
f 329/241/252 327/239/250 328/238/249
f 332/242/253 331/243/254 330/240/251
f 331/243/254 329/241/252 330/240/251
f 334/244/255 333/245/256 332/242/253
f 333/245/256 331/243/254 332/242/253
f 336/246/257 335/247/258 334/244/255
f 335/247/258 333/245/256 334/244/255
f 338/248/259 337/249/260 336/246/257
f 337/249/260 335/247/258 336/246/257
f 340/250/261 339/251/262 338/248/259
f 339/251/262 337/249/260 338/248/259
f 342/252/263 341/253/264 340/250/261
f 341/253/264 339/251/262 340/250/261
f 344/254/265 343/255/266 342/252/263
f 343/255/266 341/253/264 342/252/263
f 346/256/267 345/257/268 344/254/265
f 345/257/268 343/255/266 344/254/265
f 348/258/269 347/259/270 346/256/267
f 347/259/270 345/257/268 346/256/267
f 350/260/271 349/261/272 348/258/269
f 349/261/272 347/259/270 348/258/269
f 352/262/273 351/263/274 350/260/271
f 351/263/274 349/261/272 350/260/271
f 354/264/275 353/265/276 352/262/273
f 353/265/276 351/263/274 352/262/273
f 356/266/277 355/267/278 354/264/275
f 355/267/278 353/265/276 354/264/275
f 179/92/279 182/93/279 356/266/279
f 182/93/279 355/267/280 356/266/279
f 181/90/281 179/92/282 356/266/282
f 184/94/281 181/90/281 356/266/282
f 186/96/281 184/94/281 356/266/282
f 186/96/281 356/266/282 354/264/281
f 186/96/281 354/264/281 352/262/282
f 186/96/281 352/262/282 350/260/281
f 188/98/281 186/96/281 350/260/281
f 188/98/281 350/260/281 348/258/282
f 190/100/281 188/98/281 348/258/282
f 190/100/281 348/258/282 346/256/281
f 190/100/281 346/256/281 344/254/281
f 190/100/281 344/254/281 342/252/282
f 190/100/281 342/252/282 340/250/281
f 190/100/281 340/250/281 338/248/281
f 190/100/281 338/248/281 336/246/282
f 192/102/282 190/100/281 336/246/282
f 194/104/281 192/102/282 336/246/282
f 196/106/283 194/104/281 336/246/282
f 198/108/283 196/106/283 336/246/282
f 200/110/282 198/108/283 336/246/282
f 302/212/282 300/210/281 298/208/282
f 304/214/282 302/212/282 298/208/282
f 304/214/282 298/208/282 296/206/281
f 306/216/281 304/214/282 296/206/281
f 306/216/281 296/206/281 294/204/281
f 238/148/282 236/146/281 234/144/281
f 238/148/282 234/144/281 232/142/281
f 240/150/281 238/148/282 232/142/281
f 240/150/281 232/142/281 230/140/282
f 242/152/282 240/150/281 230/140/282
f 208/118/281 206/116/281 204/114/281
f 208/118/281 204/114/281 202/112/282
f 208/118/281 202/112/282 200/110/282
f 210/120/283 208/118/281 200/110/282
f 332/242/281 330/240/281 328/238/283
f 334/244/281 332/242/281 328/238/283
f 336/246/282 334/244/281 328/238/283
f 336/246/282 328/238/283 326/236/282
f 222/132/282 220/130/281 218/128/282
f 224/134/282 222/132/282 218/128/282
f 224/134/282 218/128/282 216/126/282
f 226/136/281 224/134/282 216/126/282
f 226/136/281 216/126/282 214/124/281
f 228/138/281 226/136/281 214/124/281
f 318/228/281 316/226/282 314/224/283
f 318/228/281 314/224/283 312/222/281
f 320/230/281 318/228/281 312/222/281
f 320/230/281 312/222/281 310/220/282
f 322/232/281 320/230/281 310/220/282
f 322/232/281 310/220/282 308/218/282
f 336/246/282 326/236/282 324/234/281
f 200/110/282 336/246/282 324/234/281
f 212/122/281 210/120/283 200/110/282
f 212/122/281 200/110/282 324/234/281
f 288/198/281 286/196/281 284/194/281
f 288/198/281 284/194/281 282/192/282
f 290/200/282 288/198/281 282/192/282
f 290/200/282 282/192/282 280/190/282
f 290/200/282 280/190/282 278/188/281
f 252/162/282 250/160/281 248/158/281
f 254/164/282 252/162/282 248/158/281
f 254/164/282 248/158/281 246/156/281
f 256/166/282 254/164/282 246/156/281
f 258/168/281 256/166/282 246/156/281
f 228/138/281 214/124/281 212/122/281
f 324/234/281 322/232/281 308/218/282
f 244/154/282 242/152/282 230/140/282
f 244/154/282 230/140/282 228/138/281
f 306/216/281 294/204/281 292/202/281
f 308/218/282 306/216/281 292/202/281
f 270/180/282 268/178/282 266/176/281
f 270/180/282 266/176/281 264/174/282
f 272/182/283 270/180/282 264/174/282
f 272/182/283 264/174/282 262/172/281
f 274/184/281 272/182/283 262/172/281
f 274/184/281 262/172/281 260/170/283
f 276/186/282 274/184/281 260/170/283
f 292/202/281 290/200/282 278/188/281
f 258/168/281 246/156/281 244/154/282
f 260/170/283 258/168/281 244/154/282
f 276/186/282 260/170/283 244/154/282
f 292/202/281 278/188/281 276/186/282
f 292/202/281 276/186/282 244/154/282
f 244/154/282 228/138/281 212/122/281
f 244/154/282 212/122/281 324/234/281
f 292/202/281 244/154/282 324/234/281
f 292/202/281 324/234/281 308/218/282
f 182/93/284 180/91/285 355/267/286
f 180/91/285 183/95/284 355/267/286
f 183/95/284 185/97/285 355/267/286
f 355/267/286 185/97/285 353/265/285
f 353/265/285 185/97/285 351/263/285
f 351/263/285 185/97/285 349/261/284
f 185/97/285 187/99/284 349/261/284
f 349/261/284 187/99/284 347/259/285
f 187/99/284 189/101/285 347/259/285
f 347/259/285 189/101/285 345/257/284
f 345/257/284 189/101/285 343/255/286
f 343/255/286 189/101/285 341/253/284
f 341/253/284 189/101/285 339/251/285
f 339/251/285 189/101/285 337/249/285
f 337/249/285 189/101/285 335/247/285
f 189/101/285 191/103/285 335/247/285
f 191/103/285 193/105/284 335/247/285
f 193/105/284 195/107/284 335/247/285
f 195/107/284 197/109/285 335/247/285
f 197/109/285 199/111/286 335/247/285
f 299/211/285 301/213/285 297/209/284
f 301/213/285 303/215/285 297/209/284
f 297/209/284 303/215/285 295/207/284
f 303/215/285 305/217/286 295/207/284
f 295/207/284 305/217/286 293/205/285
f 235/147/285 237/149/286 233/145/284
f 233/145/284 237/149/286 231/143/285
f 237/149/286 239/151/285 231/143/285
f 231/143/285 239/151/285 229/141/285
f 239/151/285 241/153/284 229/141/285
f 205/117/284 207/119/285 203/115/285
f 203/115/285 207/119/285 201/113/284
f 201/113/284 207/119/285 199/111/286
f 207/119/285 209/121/285 199/111/286
f 329/241/285 331/243/284 327/239/285
f 331/243/284 333/245/286 327/239/285
f 333/245/286 335/247/285 327/239/285
f 327/239/285 335/247/285 325/237/284
f 219/131/284 221/133/285 217/129/285
f 221/133/285 223/135/284 217/129/285
f 217/129/285 223/135/284 215/127/284
f 223/135/284 225/137/286 215/127/284
f 215/127/284 225/137/286 213/125/284
f 225/137/286 227/139/284 213/125/284
f 315/227/285 317/229/286 313/225/285
f 313/225/285 317/229/286 311/223/284
f 317/229/286 319/231/284 311/223/284
f 311/223/284 319/231/284 309/221/285
f 319/231/284 321/233/284 309/221/285
f 309/221/285 321/233/284 307/219/285
f 325/237/284 335/247/285 323/235/287
f 335/247/285 199/111/286 323/235/287
f 209/121/285 211/123/287 199/111/286
f 199/111/286 211/123/287 323/235/287
f 285/197/284 287/199/285 283/195/284
f 283/195/284 287/199/285 281/193/286
f 287/199/285 289/201/286 281/193/286
f 281/193/286 289/201/286 279/191/285
f 279/191/285 289/201/286 277/189/284
f 249/161/284 251/163/285 247/159/285
f 251/163/285 253/165/285 247/159/285
f 247/159/285 253/165/285 245/157/284
f 253/165/285 255/167/285 245/157/284
f 255/167/285 257/169/288 245/157/284
f 213/125/284 227/139/284 211/123/287
f 321/233/284 323/235/287 307/219/285
f 241/153/284 243/155/284 229/141/285
f 229/141/285 243/155/284 227/139/284
f 293/205/285 305/217/286 291/203/285
f 305/217/286 307/219/285 291/203/285
f 267/179/285 269/181/285 265/177/284
f 265/177/284 269/181/285 263/175/284
f 269/181/285 271/183/285 263/175/284
f 263/175/284 271/183/285 261/173/285
f 271/183/285 273/185/285 261/173/285
f 261/173/285 273/185/285 259/171/286
f 273/185/285 275/187/286 259/171/286
f 289/201/286 291/203/285 277/189/284
f 245/157/284 257/169/288 243/155/284
f 257/169/288 259/171/286 243/155/284
f 259/171/286 275/187/286 243/155/284
f 277/189/284 291/203/285 275/187/286
f 275/187/286 291/203/285 243/155/284
f 227/139/284 243/155/284 211/123/287
f 211/123/287 243/155/284 323/235/287
f 243/155/284 291/203/285 323/235/287
f 323/235/287 291/203/285 307/219/285
f 359/268/289 358/269/290 357/270/291
f 358/269/290 360/271/291 357/270/291
f 362/272/292 361/273/293 359/268/289
f 361/273/293 358/269/290 359/268/289
f 364/274/294 363/275/294 362/272/292
f 363/275/294 361/273/293 362/272/292
f 366/276/295 365/277/296 364/274/294
f 365/277/296 363/275/294 364/274/294
f 368/278/297 367/279/297 366/276/295
f 367/279/297 365/277/296 366/276/295
f 370/280/298 369/281/298 368/278/297
f 369/281/298 367/279/297 368/278/297
f 372/282/299 371/283/300 370/280/298
f 371/283/300 369/281/298 370/280/298
f 374/284/301 373/285/301 372/282/299
f 373/285/301 371/283/300 372/282/299
f 376/286/302 375/287/302 374/284/301
f 375/287/302 373/285/301 374/284/301
f 378/288/303 377/289/303 376/286/302
f 377/289/303 375/287/302 376/286/302
f 380/290/304 379/291/305 378/288/303
f 379/291/305 377/289/303 378/288/303
f 382/292/306 381/293/306 380/290/304
f 381/293/306 379/291/305 380/290/304
f 384/294/307 383/295/307 382/292/306
f 383/295/307 381/293/306 382/292/306
f 386/296/308 385/297/308 384/294/307
f 385/297/308 383/295/307 384/294/307
f 388/298/309 387/299/310 386/296/308
f 387/299/310 385/297/308 386/296/308
f 390/300/311 389/301/311 388/298/309
f 389/301/311 387/299/310 388/298/309
f 392/302/312 391/303/312 390/300/311
f 391/303/312 389/301/311 390/300/311
f 394/304/313 393/305/313 392/302/312
f 393/305/313 391/303/312 392/302/312
f 396/306/314 395/307/314 394/304/313
f 395/307/314 393/305/313 394/304/313
f 398/308/315 397/309/316 396/306/314
f 397/309/316 395/307/314 396/306/314
f 400/310/317 399/311/317 398/308/315
f 399/311/317 397/309/316 398/308/315
f 402/312/318 401/313/318 400/310/317
f 401/313/318 399/311/317 400/310/317
f 404/314/319 403/315/320 402/312/318
f 403/315/320 401/313/318 402/312/318
f 406/316/321 405/317/321 404/314/319
f 405/317/321 403/315/320 404/314/319
f 408/318/322 407/319/322 406/316/321
f 407/319/322 405/317/321 406/316/321
f 410/320/323 409/321/323 408/318/322
f 409/321/323 407/319/322 408/318/322
f 412/322/324 411/323/324 410/320/323
f 411/323/324 409/321/323 410/320/323
f 414/324/325 413/325/326 412/322/324
f 413/325/326 411/323/324 412/322/324
f 416/326/327 415/327/327 414/324/325
f 415/327/327 413/325/326 414/324/325
f 418/328/328 417/329/328 416/326/327
f 417/329/328 415/327/327 416/326/327
f 420/330/329 419/331/329 418/328/328
f 419/331/329 417/329/328 418/328/328
f 422/332/330 421/333/330 420/330/329
f 421/333/330 419/331/329 420/330/329
f 424/334/331 423/335/331 422/332/330
f 423/335/331 421/333/330 422/332/330
f 426/336/332 425/337/332 424/334/331
f 425/337/332 423/335/331 424/334/331
f 428/338/333 427/339/333 426/336/332
f 427/339/333 425/337/332 426/336/332
f 430/340/334 429/341/334 428/338/333
f 429/341/334 427/339/333 428/338/333
f 432/342/335 431/343/336 430/340/334
f 431/343/336 429/341/334 430/340/334
f 434/344/337 433/345/337 432/342/335
f 433/345/337 431/343/336 432/342/335
f 436/346/338 435/347/338 434/344/337
f 435/347/338 433/345/337 434/344/337
f 438/348/339 437/349/339 436/346/338
f 437/349/339 435/347/338 436/346/338
f 440/350/340 439/351/340 438/348/339
f 439/351/340 437/349/339 438/348/339
f 442/352/341 441/353/342 440/350/340
f 441/353/342 439/351/340 440/350/340
f 444/354/343 443/355/343 442/352/341
f 443/355/343 441/353/342 442/352/341
f 446/356/344 445/357/344 444/354/343
f 445/357/344 443/355/343 444/354/343
f 448/358/345 447/359/345 446/356/344
f 447/359/345 445/357/344 446/356/344
f 450/360/346 449/361/346 448/358/345
f 449/361/346 447/359/345 448/358/345
f 452/362/347 451/363/348 450/360/346
f 451/363/348 449/361/346 450/360/346
f 454/364/349 453/365/350 452/362/347
f 453/365/350 451/363/348 452/362/347
f 456/366/351 455/367/351 454/364/349
f 455/367/351 453/365/350 454/364/349
f 458/368/352 457/369/352 456/366/351
f 457/369/352 455/367/351 456/366/351
f 460/370/353 459/371/353 458/368/352
f 459/371/353 457/369/352 458/368/352
f 462/372/354 461/373/355 460/370/353
f 461/373/355 459/371/353 460/370/353
f 464/374/356 463/375/356 462/372/354
f 463/375/356 461/373/355 462/372/354
f 466/376/357 465/377/358 464/374/356
f 465/377/358 463/375/356 464/374/356
f 468/378/359 467/379/359 466/376/357
f 467/379/359 465/377/358 466/376/357
f 470/380/360 469/381/361 468/378/359
f 469/381/361 467/379/359 468/378/359
f 472/382/362 471/383/362 470/380/360
f 471/383/362 469/381/361 470/380/360
f 474/384/363 473/385/363 472/382/362
f 473/385/363 471/383/362 472/382/362
f 476/386/364 475/387/364 474/384/363
f 475/387/364 473/385/363 474/384/363
f 478/388/365 477/389/365 476/386/364
f 477/389/365 475/387/364 476/386/364
f 480/390/366 479/391/366 478/388/365
f 479/391/366 477/389/365 478/388/365
f 482/392/367 481/393/367 480/390/366
f 481/393/367 479/391/366 480/390/366
f 484/394/368 483/395/368 482/392/367
f 483/395/368 481/393/367 482/392/367
f 486/396/369 485/397/370 484/394/368
f 485/397/370 483/395/368 484/394/368
f 488/398/371 487/399/371 486/396/369
f 487/399/371 485/397/370 486/396/369
f 490/400/372 489/401/372 488/398/371
f 489/401/372 487/399/371 488/398/371
f 492/402/373 491/403/373 490/400/372
f 491/403/373 489/401/372 490/400/372
f 494/404/374 493/405/374 492/402/373
f 493/405/374 491/403/373 492/402/373
f 496/406/375 495/407/375 494/404/374
f 495/407/375 493/405/374 494/404/374
f 498/408/376 497/409/376 496/406/375
f 497/409/376 495/407/375 496/406/375
f 500/410/377 499/411/377 498/408/376
f 499/411/377 497/409/376 498/408/376
f 502/412/378 501/413/379 500/410/377
f 501/413/379 499/411/377 500/410/377
f 504/414/380 503/415/380 502/412/378
f 503/415/380 501/413/379 502/412/378
f 506/416/381 505/417/381 504/414/380
f 505/417/381 503/415/380 504/414/380
f 508/418/382 507/419/383 506/416/381
f 507/419/383 505/417/381 506/416/381
f 510/420/384 509/421/384 508/418/382
f 509/421/384 507/419/383 508/418/382
f 512/422/385 511/423/385 510/420/384
f 511/423/385 509/421/384 510/420/384
f 514/424/386 513/425/386 512/422/385
f 513/425/386 511/423/385 512/422/385
f 516/426/387 515/427/387 514/424/386
f 515/427/387 513/425/386 514/424/386
f 518/428/388 517/429/388 516/426/387
f 517/429/388 515/427/387 516/426/387
f 520/430/389 519/431/389 518/428/388
f 519/431/389 517/429/388 518/428/388
f 522/432/390 521/433/390 520/430/389
f 521/433/390 519/431/389 520/430/389
f 524/434/391 523/435/392 522/432/390
f 523/435/392 521/433/390 522/432/390
f 526/436/393 525/437/393 524/434/391
f 525/437/393 523/435/392 524/434/391
f 528/438/394 527/439/395 526/436/393
f 527/439/395 525/437/393 526/436/393
f 530/440/396 529/441/397 528/438/394
f 529/441/397 527/439/395 528/438/394
f 532/442/398 531/443/398 530/440/396
f 531/443/398 529/441/397 530/440/396
f 534/444/399 533/445/400 532/442/398
f 533/445/400 531/443/398 532/442/398
f 357/270/401 360/271/402 534/444/402
f 360/271/402 533/445/403 534/444/402
f 359/268/404 357/270/404 534/444/404
f 362/272/404 359/268/404 534/444/404
f 364/274/404 362/272/404 534/444/404
f 364/274/404 534/444/404 532/442/405
f 364/274/404 532/442/405 530/440/404
f 364/274/404 530/440/404 528/438/404
f 366/276/404 364/274/404 528/438/404
f 366/276/404 528/438/404 526/436/404
f 368/278/404 366/276/404 526/436/404
f 368/278/404 526/436/404 524/434/404
f 368/278/404 524/434/404 522/432/404
f 368/278/404 522/432/404 520/430/404
f 368/278/404 520/430/404 518/428/404
f 368/278/404 518/428/404 516/426/404
f 368/278/404 516/426/404 514/424/404
f 370/280/404 368/278/404 514/424/404
f 372/282/404 370/280/404 514/424/404
f 374/284/404 372/282/404 514/424/404
f 376/286/404 374/284/404 514/424/404
f 378/288/404 376/286/404 514/424/404
f 480/390/404 478/388/404 476/386/404
f 482/392/404 480/390/404 476/386/404
f 482/392/404 476/386/404 474/384/404
f 484/394/404 482/392/404 474/384/404
f 484/394/404 474/384/404 472/382/404
f 416/326/404 414/324/404 412/322/404
f 416/326/404 412/322/404 410/320/404
f 418/328/404 416/326/404 410/320/404
f 418/328/404 410/320/404 408/318/404
f 420/330/404 418/328/404 408/318/404
f 386/296/404 384/294/404 382/292/404
f 386/296/404 382/292/404 380/290/404
f 386/296/404 380/290/404 378/288/404
f 388/298/404 386/296/404 378/288/404
f 510/420/404 508/418/404 506/416/404
f 512/422/404 510/420/404 506/416/404
f 514/424/404 512/422/404 506/416/404
f 514/424/404 506/416/404 504/414/404
f 400/310/404 398/308/404 396/306/404
f 402/312/404 400/310/404 396/306/404
f 402/312/404 396/306/404 394/304/404
f 404/314/404 402/312/404 394/304/404
f 404/314/404 394/304/404 392/302/404
f 406/316/404 404/314/404 392/302/404
f 496/406/404 494/404/404 492/402/404
f 496/406/404 492/402/404 490/400/404
f 498/408/404 496/406/404 490/400/404
f 498/408/404 490/400/404 488/398/404
f 500/410/404 498/408/404 488/398/404
f 500/410/404 488/398/404 486/396/404
f 514/424/404 504/414/404 502/412/404
f 378/288/404 514/424/404 502/412/404
f 390/300/406 388/298/404 378/288/404
f 390/300/406 378/288/404 502/412/404
f 466/376/404 464/374/404 462/372/404
f 466/376/404 462/372/404 460/370/404
f 468/378/404 466/376/404 460/370/404
f 468/378/404 460/370/404 458/368/404
f 468/378/404 458/368/404 456/366/407
f 430/340/404 428/338/404 426/336/404
f 432/342/404 430/340/404 426/336/404
f 432/342/404 426/336/404 424/334/404
f 434/344/404 432/342/404 424/334/404
f 436/346/407 434/344/404 424/334/404
f 406/316/404 392/302/404 390/300/406
f 502/412/404 500/410/404 486/396/404
f 422/332/404 420/330/404 408/318/404
f 422/332/404 408/318/404 406/316/404
f 484/394/404 472/382/404 470/380/404
f 486/396/404 484/394/404 470/380/404
f 448/358/404 446/356/404 444/354/404
f 448/358/404 444/354/404 442/352/404
f 450/360/404 448/358/404 442/352/404
f 450/360/404 442/352/404 440/350/404
f 452/362/404 450/360/404 440/350/404
f 452/362/404 440/350/404 438/348/404
f 454/364/404 452/362/404 438/348/404
f 470/380/404 468/378/404 456/366/407
f 436/346/407 424/334/404 422/332/404
f 438/348/404 436/346/407 422/332/404
f 454/364/404 438/348/404 422/332/404
f 470/380/404 456/366/407 454/364/404
f 470/380/404 454/364/404 422/332/404
f 422/332/404 406/316/404 390/300/406
f 422/332/404 390/300/406 502/412/404
f 470/380/404 422/332/404 502/412/404
f 470/380/404 502/412/404 486/396/404
f 360/271/408 358/269/408 533/445/408
f 358/269/408 361/273/408 533/445/408
f 361/273/408 363/275/408 533/445/408
f 533/445/408 363/275/408 531/443/408
f 531/443/408 363/275/408 529/441/408
f 529/441/408 363/275/408 527/439/408
f 363/275/408 365/277/408 527/439/408
f 527/439/408 365/277/408 525/437/408
f 365/277/408 367/279/408 525/437/408
f 525/437/408 367/279/408 523/435/408
f 523/435/408 367/279/408 521/433/408
f 521/433/408 367/279/408 519/431/408
f 519/431/408 367/279/408 517/429/408
f 517/429/408 367/279/408 515/427/408
f 515/427/408 367/279/408 513/425/408
f 367/279/408 369/281/408 513/425/408
f 369/281/408 371/283/408 513/425/408
f 371/283/408 373/285/408 513/425/408
f 373/285/408 375/287/408 513/425/408
f 375/287/408 377/289/408 513/425/408
f 477/389/408 479/391/408 475/387/408
f 479/391/408 481/393/408 475/387/408
f 475/387/408 481/393/408 473/385/408
f 481/393/408 483/395/408 473/385/408
f 473/385/408 483/395/408 471/383/408
f 413/325/408 415/327/408 411/323/408
f 411/323/408 415/327/408 409/321/408
f 415/327/408 417/329/408 409/321/408
f 409/321/408 417/329/408 407/319/408
f 417/329/408 419/331/408 407/319/408
f 383/295/408 385/297/408 381/293/408
f 381/293/408 385/297/408 379/291/408
f 379/291/408 385/297/408 377/289/408
f 385/297/408 387/299/408 377/289/408
f 507/419/408 509/421/408 505/417/408
f 509/421/408 511/423/408 505/417/408
f 511/423/408 513/425/408 505/417/408
f 505/417/408 513/425/408 503/415/408
f 397/309/408 399/311/408 395/307/408
f 399/311/408 401/313/408 395/307/408
f 395/307/408 401/313/408 393/305/408
f 401/313/408 403/315/408 393/305/408
f 393/305/408 403/315/408 391/303/408
f 403/315/408 405/317/408 391/303/408
f 493/405/408 495/407/408 491/403/408
f 491/403/408 495/407/408 489/401/408
f 495/407/408 497/409/408 489/401/408
f 489/401/408 497/409/408 487/399/408
f 497/409/408 499/411/408 487/399/408
f 487/399/408 499/411/408 485/397/408
f 503/415/408 513/425/408 501/413/408
f 513/425/408 377/289/408 501/413/408
f 387/299/408 389/301/409 377/289/408
f 377/289/408 389/301/409 501/413/408
f 463/375/408 465/377/408 461/373/408
f 461/373/408 465/377/408 459/371/408
f 465/377/408 467/379/408 459/371/408
f 459/371/408 467/379/408 457/369/408
f 457/369/408 467/379/408 455/367/408
f 427/339/408 429/341/408 425/337/408
f 429/341/408 431/343/408 425/337/408
f 425/337/408 431/343/408 423/335/408
f 431/343/408 433/345/408 423/335/408
f 433/345/408 435/347/408 423/335/408
f 391/303/408 405/317/408 389/301/409
f 499/411/408 501/413/408 485/397/408
f 419/331/408 421/333/408 407/319/408
f 407/319/408 421/333/408 405/317/408
f 471/383/408 483/395/408 469/381/408
f 483/395/408 485/397/408 469/381/408
f 445/357/408 447/359/408 443/355/408
f 443/355/408 447/359/408 441/353/408
f 447/359/408 449/361/408 441/353/408
f 441/353/408 449/361/408 439/351/408
f 449/361/408 451/363/408 439/351/408
f 439/351/408 451/363/408 437/349/408
f 451/363/408 453/365/408 437/349/408
f 467/379/408 469/381/408 455/367/408
f 423/335/408 435/347/408 421/333/408
f 435/347/408 437/349/408 421/333/408
f 437/349/408 453/365/408 421/333/408
f 455/367/408 469/381/408 453/365/408
f 453/365/408 469/381/408 421/333/408
f 405/317/408 421/333/408 389/301/409
f 389/301/409 421/333/408 501/413/408
f 421/333/408 469/381/408 501/413/408
f 501/413/408 469/381/408 485/397/408
f 537/446/410 536/447/411 535/448/412
f 538/449/412 537/446/410 535/448/412
f 540/450/413 539/451/414 536/447/411
f 537/446/410 540/450/413 536/447/411
f 542/452/415 541/453/416 539/451/414
f 540/450/413 542/452/415 539/451/414
f 544/454/417 543/455/418 541/453/416
f 542/452/415 544/454/417 541/453/416
f 546/456/419 545/457/420 543/455/418
f 544/454/417 546/456/419 543/455/418
f 548/458/421 547/459/422 545/457/420
f 546/456/419 548/458/421 545/457/420
f 550/460/423 549/461/424 547/459/422
f 548/458/421 550/460/423 547/459/422
f 552/462/425 551/463/426 549/461/424
f 550/460/423 552/462/425 549/461/424
f 554/464/427 553/465/428 551/463/426
f 552/462/425 554/464/427 551/463/426
f 556/466/429 555/467/430 553/465/428
f 554/464/427 556/466/429 553/465/428
f 558/468/431 557/469/432 555/467/430
f 556/466/429 558/468/431 555/467/430
f 560/470/433 559/471/434 557/469/432
f 558/468/431 560/470/433 557/469/432
f 562/472/435 561/473/436 559/471/434
f 560/470/433 562/472/435 559/471/434
f 564/474/437 563/475/438 561/473/436
f 562/472/435 564/474/437 561/473/436
f 566/476/439 565/477/440 563/475/438
f 564/474/437 566/476/439 563/475/438
f 568/478/441 567/479/442 565/477/440
f 566/476/439 568/478/441 565/477/440
f 570/480/443 569/481/444 567/479/442
f 568/478/441 570/480/443 567/479/442
f 572/482/445 571/483/446 569/481/444
f 570/480/443 572/482/445 569/481/444
f 574/484/447 573/485/448 571/483/446
f 572/482/445 574/484/447 571/483/446
f 576/486/449 575/487/450 573/485/448
f 574/484/447 576/486/449 573/485/448
f 578/488/451 577/489/452 575/487/450
f 576/486/449 578/488/451 575/487/450
f 580/490/453 579/491/454 577/489/452
f 578/488/451 580/490/453 577/489/452
f 582/492/455 581/493/456 579/491/454
f 580/490/453 582/492/455 579/491/454
f 584/494/457 583/495/458 581/493/456
f 582/492/455 584/494/457 581/493/456
f 586/496/459 585/497/460 583/495/458
f 584/494/457 586/496/459 583/495/458
f 588/498/461 587/499/462 585/497/460
f 586/496/459 588/498/461 585/497/460
f 590/500/463 589/501/464 587/499/462
f 588/498/461 590/500/463 587/499/462
f 592/502/465 591/503/466 589/501/464
f 590/500/463 592/502/465 589/501/464
f 594/504/467 593/505/468 591/503/466
f 592/502/465 594/504/467 591/503/466
f 596/506/469 595/507/470 593/505/468
f 594/504/467 596/506/469 593/505/468
f 598/508/471 597/509/472 595/507/470
f 596/506/469 598/508/471 595/507/470
f 600/510/473 599/511/474 597/509/472
f 598/508/471 600/510/473 597/509/472
f 602/512/475 601/513/476 599/511/474
f 600/510/473 602/512/475 599/511/474
f 604/514/477 603/515/478 601/513/476
f 602/512/475 604/514/477 601/513/476
f 606/516/479 605/517/480 603/515/478
f 604/514/477 606/516/479 603/515/478
f 608/518/481 607/519/482 605/517/480
f 606/516/479 608/518/481 605/517/480
f 610/520/483 609/521/484 607/519/482
f 608/518/481 610/520/483 607/519/482
f 612/522/485 611/523/486 609/521/484
f 610/520/483 612/522/485 609/521/484
f 614/524/487 613/525/488 611/523/486
f 612/522/485 614/524/487 611/523/486
f 616/526/489 615/527/490 613/525/488
f 614/524/487 616/526/489 613/525/488
f 618/528/491 617/529/492 615/527/490
f 616/526/489 618/528/491 615/527/490
f 620/530/493 619/531/494 617/529/492
f 618/528/491 620/530/493 617/529/492
f 622/532/495 621/533/496 619/531/494
f 620/530/493 622/532/495 619/531/494
f 624/534/497 623/535/497 621/533/496
f 622/532/495 624/534/497 621/533/496
f 626/536/498 625/537/499 623/535/497
f 624/534/497 626/536/498 623/535/497
f 628/538/500 627/539/501 625/537/499
f 626/536/498 628/538/500 625/537/499
f 630/540/502 629/541/503 627/539/501
f 628/538/500 630/540/502 627/539/501
f 632/542/504 631/543/505 629/541/503
f 630/540/502 632/542/504 629/541/503
f 634/544/506 633/545/507 631/543/505
f 632/542/504 634/544/506 631/543/505
f 636/546/508 635/547/509 633/545/507
f 634/544/506 636/546/508 633/545/507
f 638/548/510 637/549/511 635/547/509
f 636/546/508 638/548/510 635/547/509
f 640/550/512 639/551/513 637/549/511
f 638/548/510 640/550/512 637/549/511
f 642/552/514 641/553/515 639/551/513
f 640/550/512 642/552/514 639/551/513
f 644/554/516 643/555/517 641/553/515
f 642/552/514 644/554/516 641/553/515
f 646/556/518 645/557/519 643/555/517
f 644/554/516 646/556/518 643/555/517
f 648/558/520 647/559/521 645/557/519
f 646/556/518 648/558/520 645/557/519
f 650/560/522 649/561/523 647/559/521
f 648/558/520 650/560/522 647/559/521
f 652/562/524 651/563/525 649/561/523
f 650/560/522 652/562/524 649/561/523
f 654/564/526 653/565/527 651/563/525
f 652/562/524 654/564/526 651/563/525
f 656/566/528 655/567/529 653/565/527
f 654/564/526 656/566/528 653/565/527
f 658/568/530 657/569/531 655/567/529
f 656/566/528 658/568/530 655/567/529
f 660/570/532 659/571/533 657/569/531
f 658/568/530 660/570/532 657/569/531
f 662/572/534 661/573/535 659/571/533
f 660/570/532 662/572/534 659/571/533
f 664/574/536 663/575/537 661/573/535
f 662/572/534 664/574/536 661/573/535
f 666/576/538 665/577/539 663/575/537
f 664/574/536 666/576/538 663/575/537
f 668/578/540 667/579/541 665/577/539
f 666/576/538 668/578/540 665/577/539
f 670/580/542 669/581/543 667/579/541
f 668/578/540 670/580/542 667/579/541
f 672/582/544 671/583/545 669/581/543
f 670/580/542 672/582/544 669/581/543
f 674/584/546 673/585/547 671/583/545
f 672/582/544 674/584/546 671/583/545
f 676/586/548 675/587/549 673/585/547
f 674/584/546 676/586/548 673/585/547
f 678/588/550 677/589/551 675/587/549
f 676/586/548 678/588/550 675/587/549
f 680/590/552 679/591/553 677/589/551
f 678/588/550 680/590/552 677/589/551
f 682/592/554 681/593/555 679/591/553
f 680/590/552 682/592/554 679/591/553
f 684/594/556 683/595/557 681/593/555
f 682/592/554 684/594/556 681/593/555
f 686/596/558 685/597/559 683/595/557
f 684/594/556 686/596/558 683/595/557
f 688/598/560 687/599/561 685/597/559
f 686/596/558 688/598/560 685/597/559
f 690/600/562 689/601/563 687/599/561
f 688/598/560 690/600/562 687/599/561
f 692/602/564 691/603/565 689/601/563
f 690/600/562 692/602/564 689/601/563
f 694/604/566 693/605/567 691/603/565
f 692/602/564 694/604/566 691/603/565
f 696/606/568 695/607/569 693/605/567
f 694/604/566 696/606/568 693/605/567
f 698/608/570 697/609/571 695/607/569
f 696/606/568 698/608/570 695/607/569
f 700/610/572 699/611/573 697/609/571
f 698/608/570 700/610/572 697/609/571
f 702/612/574 701/613/575 699/611/573
f 700/610/572 702/612/574 699/611/573
f 704/614/576 703/615/577 701/613/575
f 702/612/574 704/614/576 701/613/575
f 706/616/578 705/617/579 703/615/577
f 704/614/576 706/616/578 703/615/577
f 708/618/580 707/619/581 705/617/579
f 706/616/578 708/618/580 705/617/579
f 710/620/582 709/621/583 707/619/581
f 708/618/580 710/620/582 707/619/581
f 712/622/584 711/623/584 709/621/583
f 710/620/582 712/622/584 709/621/583
f 538/449/585 535/448/585 711/623/585
f 712/622/585 538/449/585 711/623/585
f 535/448/586 536/447/587 711/623/586
f 536/447/587 539/451/586 711/623/586
f 539/451/586 541/453/586 711/623/586
f 711/623/586 541/453/586 709/621/586
f 709/621/586 541/453/586 707/619/587
f 707/619/587 541/453/586 705/617/587
f 541/453/586 543/455/587 705/617/587
f 705/617/587 543/455/587 703/615/586
f 543/455/587 545/457/586 703/615/586
f 703/615/586 545/457/586 701/613/586
f 701/613/586 545/457/586 699/611/586
f 699/611/586 545/457/586 697/609/586
f 697/609/586 545/457/586 695/607/587
f 695/607/587 545/457/586 693/605/586
f 693/605/586 545/457/586 691/603/587
f 545/457/586 547/459/586 691/603/587
f 547/459/586 549/461/586 691/603/587
f 549/461/586 551/463/586 691/603/587
f 551/463/586 553/465/586 691/603/587
f 553/465/586 555/467/586 691/603/587
f 655/567/587 657/569/586 653/565/586
f 657/569/586 659/571/587 653/565/586
f 653/565/586 659/571/587 651/563/586
f 659/571/587 661/573/586 651/563/586
f 651/563/586 661/573/586 649/561/586
f 591/503/586 593/505/587 589/501/587
f 589/501/587 593/505/587 587/499/587
f 593/505/587 595/507/586 587/499/587
f 587/499/587 595/507/586 585/497/587
f 595/507/586 597/509/587 585/497/587
f 561/473/586 563/475/587 559/471/586
f 559/471/586 563/475/587 557/469/586
f 557/469/586 563/475/587 555/467/586
f 563/475/587 565/477/586 555/467/586
f 685/597/587 687/599/586 683/595/586
f 687/599/586 689/601/586 683/595/586
f 689/601/586 691/603/587 683/595/586
f 683/595/586 691/603/587 681/593/586
f 575/487/587 577/489/586 573/485/586
f 577/489/586 579/491/587 573/485/586
f 573/485/586 579/491/587 571/483/587
f 579/491/587 581/493/586 571/483/587
f 571/483/587 581/493/586 569/481/586
f 581/493/586 583/495/586 569/481/586
f 671/583/586 673/585/587 669/581/586
f 669/581/586 673/585/587 667/579/586
f 673/585/587 675/587/586 667/579/586
f 667/579/586 675/587/586 665/577/587
f 675/587/586 677/589/586 665/577/587
f 665/577/587 677/589/586 663/575/586
f 681/593/586 691/603/587 679/591/586
f 691/603/587 555/467/586 679/591/586
f 565/477/586 567/479/587 555/467/586
f 555/467/586 567/479/587 679/591/586
f 641/553/588 643/555/586 639/551/586
f 639/551/586 643/555/586 637/549/586
f 643/555/586 645/557/587 637/549/586
f 637/549/586 645/557/587 635/547/586
f 635/547/586 645/557/587 633/545/586
f 605/517/589 607/519/587 603/515/587
f 607/519/587 609/521/586 603/515/587
f 603/515/587 609/521/586 601/513/586
f 609/521/586 611/523/586 601/513/586
f 611/523/586 613/525/586 601/513/586
f 569/481/586 583/495/586 567/479/587
f 677/589/586 679/591/586 663/575/586
f 597/509/587 599/511/586 585/497/587
f 585/497/587 599/511/586 583/495/586
f 649/561/586 661/573/586 647/559/586
f 661/573/586 663/575/586 647/559/586
f 623/535/586 625/537/586 621/533/587
f 621/533/587 625/537/586 619/531/586
f 625/537/586 627/539/586 619/531/586
f 619/531/586 627/539/586 617/529/586
f 627/539/586 629/541/587 617/529/586
f 617/529/586 629/541/587 615/527/587
f 629/541/587 631/543/586 615/527/587
f 645/557/587 647/559/586 633/545/586
f 601/513/586 613/525/586 599/511/586
f 613/525/586 615/527/587 599/511/586
f 615/527/587 631/543/586 599/511/586
f 633/545/586 647/559/586 631/543/586
f 631/543/586 647/559/586 599/511/586
f 583/495/586 599/511/586 567/479/587
f 567/479/587 599/511/586 679/591/586
f 599/511/586 647/559/586 679/591/586
f 679/591/586 647/559/586 663/575/586
f 537/446/590 538/449/591 712/622/590
f 540/450/590 537/446/590 712/622/590
f 542/452/590 540/450/590 712/622/590
f 542/452/590 712/622/590 710/620/590
f 542/452/590 710/620/590 708/618/590
f 542/452/590 708/618/590 706/616/590
f 544/454/590 542/452/590 706/616/590
f 544/454/590 706/616/590 704/614/590
f 546/456/590 544/454/590 704/614/590
f 546/456/590 704/614/590 702/612/590
f 546/456/590 702/612/590 700/610/591
f 546/456/590 700/610/591 698/608/591
f 546/456/590 698/608/591 696/606/590
f 546/456/590 696/606/590 694/604/590
f 546/456/590 694/604/590 692/602/590
f 548/458/590 546/456/590 692/602/590
f 550/460/591 548/458/590 692/602/590
f 552/462/590 550/460/591 692/602/590
f 554/464/590 552/462/590 692/602/590
f 556/466/590 554/464/590 692/602/590
f 658/568/591 656/566/590 654/564/590
f 660/570/590 658/568/591 654/564/590
f 660/570/590 654/564/590 652/562/591
f 662/572/590 660/570/590 652/562/591
f 662/572/590 652/562/591 650/560/591
f 594/504/591 592/502/591 590/500/590
f 594/504/591 590/500/590 588/498/591
f 596/506/590 594/504/591 588/498/591
f 596/506/590 588/498/591 586/496/590
f 598/508/590 596/506/590 586/496/590
f 564/474/590 562/472/590 560/470/590
f 564/474/590 560/470/590 558/468/590
f 564/474/590 558/468/590 556/466/590
f 566/476/590 564/474/590 556/466/590
f 688/598/590 686/596/590 684/594/590
f 690/600/590 688/598/590 684/594/590
f 692/602/590 690/600/590 684/594/590
f 692/602/590 684/594/590 682/592/590
f 578/488/591 576/486/590 574/484/590
f 580/490/591 578/488/591 574/484/590
f 580/490/591 574/484/590 572/482/590
f 582/492/590 580/490/591 572/482/590
f 582/492/590 572/482/590 570/480/590
f 584/494/591 582/492/590 570/480/590
f 674/584/591 672/582/591 670/580/590
f 674/584/591 670/580/590 668/578/590
f 676/586/590 674/584/591 668/578/590
f 676/586/590 668/578/590 666/576/590
f 678/588/590 676/586/590 666/576/590
f 678/588/590 666/576/590 664/574/590
f 692/602/590 682/592/590 680/590/590
f 556/466/590 692/602/590 680/590/590
f 568/478/591 566/476/590 556/466/590
f 568/478/591 556/466/590 680/590/590
f 644/554/591 642/552/592 640/550/591
f 644/554/591 640/550/591 638/548/590
f 646/556/591 644/554/591 638/548/590
f 646/556/591 638/548/590 636/546/591
f 646/556/591 636/546/591 634/544/591
f 608/518/590 606/516/590 604/514/591
f 610/520/590 608/518/590 604/514/591
f 610/520/590 604/514/591 602/512/593
f 612/522/590 610/520/590 602/512/593
f 614/524/590 612/522/590 602/512/593
f 584/494/591 570/480/590 568/478/591
f 680/590/590 678/588/590 664/574/590
f 600/510/590 598/508/590 586/496/590
f 600/510/590 586/496/590 584/494/591
f 662/572/590 650/560/591 648/558/590
f 664/574/590 662/572/590 648/558/590
f 626/536/590 624/534/591 622/532/591
f 626/536/590 622/532/591 620/530/590
f 628/538/590 626/536/590 620/530/590
f 628/538/590 620/530/590 618/528/591
f 630/540/590 628/538/590 618/528/591
f 630/540/590 618/528/591 616/526/590
f 632/542/590 630/540/590 616/526/590
f 648/558/590 646/556/591 634/544/591
f 614/524/590 602/512/593 600/510/590
f 616/526/590 614/524/590 600/510/590
f 632/542/590 616/526/590 600/510/590
f 648/558/590 634/544/591 632/542/590
f 648/558/590 632/542/590 600/510/590
f 600/510/590 584/494/591 568/478/591
f 600/510/590 568/478/591 680/590/590
f 648/558/590 600/510/590 680/590/590
f 648/558/590 680/590/590 664/574/590
usemtl 3d66_Standardmaterial_17342430_094
f 715/624/594 714/625/594 713/626/594
f 716/627/595 713/626/594 714/625/594
f 716/627/596 717/627/596 713/626/596
f 718/626/596 713/626/596 717/627/596
f 714/625/597 719/625/597 716/627/597
f 717/627/597 716/627/597 719/625/597
f 715/624/598 720/624/598 714/625/598
f 719/625/598 714/625/598 720/624/598
f 713/626/599 718/626/599 715/624/599
f 720/624/599 715/624/599 718/626/599
f 717/627/600 719/625/601 718/626/601
f 720/624/600 718/626/601 719/625/601
